id,x0,y0,x1,y1,f0,f1,f2,f3,f4,f5,f6,f7,f8,f9,f10,f11,f12,f13,f14,f15,f16,f17,f18,f19,f20,f21,f22,f23,f24,f25,f26,f27,f28,f29,f30,f31,f32,f33,f34,f35,f36,f37,f38,f39,f40,f41,f42,f43,f44,f45,f46,f47,f48,f49,f50,f51,f52,f53,f54,f55,f56,f57,f58,f59,f60,f61,f62,f63,f64,f65,f66,f67,f68,f69,f70,f71,f72,f73,f74,f75,f76,f77,f78,f79,f80,f81,f82,f83,f84,f85,f86,f87,f88,f89,f90,f91,f92,f93,f94,f95,f96,f97,f98,f99,f100,f101,f102,f103,f104,f105,f106,f107,f108,f109,f110,f111,f112,f113,f114,f115,f116,f117,f118,f119,f120,f121,f122,f123,f124,f125,f126,f127
0,758,401,800,442,0.3743394613265991,-0.19755671918392181,0.3714226186275482,0.9485747814178467,-0.16217823326587677,-0.09356689453125,0.15750040113925934,-0.20418600738048553,-0.17664648592472076,-0.25414177775382996,0.33739569783210754,-0.19465947151184082,-0.06783121079206467,0.3096323311328888,0.24337351322174072,-0.2085537314414978,-0.20700310170650482,-0.22988831996917725,0.10684925317764282,-0.050479818135499954,-0.14011690020561218,-0.013926010578870773,0.4644300043582916,0.06939899921417236,0.2745305001735687,0.28215932846069336,-0.1262049376964569,-0.16107043623924255,0.12173009663820267,0.2652740776538849,-0.16640280187129974,-0.22187002003192902,0.06467026472091675,0.1778562217950821,-0.16334876418113708,-0.1340455263853073,-0.2546423673629761,0.2446032017469406,-0.2604294717311859,0.05072057247161865,-0.2500593662261963,-0.22519801557064056,0.08764544129371643,0.09984606504440308,0.07363349944353104,-0.1737077236175537,-0.18746118247509003,0.5379396080970764,0.18007324635982513,0.3777318000793457,0.40250471234321594,0.011938497424125671,0.4827108383178711,-0.22277913987636566,0.9241981506347656,-0.13725532591342926,0.019434591755270958,-0.0844864621758461,0.7374763488769531,-0.24892385303974152,0.3071570098400116,0.3132726848125458,-0.08068998903036118,-0.12439017742872238,0.12087544053792953,-0.196608304977417,0.17587225139141083,0.15932780504226685,-0.10788442939519882,0.4738353490829468,0.49389663338661194,-0.21222634613513947,-0.12972508370876312,0.029246529564261436,-0.09936755895614624,-0.15035009384155273,0.19030065834522247,-0.2219047099351883,-0.19380925595760345,-0.21164970099925995,0.14825057983398438,-0.23292255401611328,-0.2618129551410675,0.658498227596283,-0.03921660780906677,0.20078350603580475,-0.21894852817058563,-0.1492334008216858,0.2801015079021454,-0.19774961471557617,-0.20397384464740753,0.15604908764362335,0.03964746370911598,-0.23277081549167633,0.7135576605796814,-0.18100588023662567,-0.23300190269947052,-0.1726188063621521,-0.2253626137971878,0.27431437373161316,0.33090442419052124,-0.04147299751639366,0.03517775610089302,0.5040380954742432,-0.13901974260807037,0.2248992919921875,-0.03913718834519386,0.6054434180259705,-0.04834556579589844,-0.15526600182056427,0.26318609714508057,-0.23573024570941925,0.15120060741901398,0.11716268211603165,0.497697114944458,-0.22804152965545654,0.555040180683136,-0.1693030446767807,-0.2451835423707962,-0.01670018769800663,-0.12257929891347885,0.2333848476409912,0.5682793855667114,0.6683880686759949,-0.18295733630657196,0.8271484375,-0.15465040504932404,-0.22596319019794464
1,362,392,407,436,0.6693009734153748,-0.167726069688797,0.17967694997787476,1.0026051998138428,-0.2439262568950653,-0.17007209360599518,0.19318649172782898,-0.16978579759597778,-0.2388642132282257,-0.2366144359111786,0.2834492027759552,-0.2037205994129181,0.04122162610292435,0.2154112458229065,0.2634260356426239,-0.20224422216415405,0.012523776851594448,-0.19695650041103363,0.12789484858512878,-0.1250247210264206,0.022322382777929306,0.04235062003135681,0.4430767297744751,0.1380506306886673,-0.014107431285083294,0.2600003778934479,-0.14134421944618225,-0.18653060495853424,0.5793132781982422,0.41881221532821655,-0.07529368996620178,-0.14747272431850433,-0.07636267691850662,0.2524496614933014,-0.12890192866325378,-0.10649963468313217,-0.22931572794914246,0.1943276971578598,-0.21022537350654602,0.09098280966281891,-0.254312664270401,-0.19538964331150055,0.01428025308996439,0.16732223331928253,0.3627224862575531,-0.21330292522907257,-0.1728993058204651,0.4006810188293457,0.14886146783828735,0.22326350212097168,0.4056054651737213,0.21586832404136658,0.4323461949825287,-0.22015687823295593,0.7947970628738403,-0.17240004241466522,-0.0781085342168808,0.056997522711753845,0.5788690447807312,-0.19048535823822021,0.10960838943719864,0.6916242241859436,-0.17954911291599274,-0.11766041815280914,0.4232357442378998,-0.03872852027416229,0.15949374437332153,0.2524973452091217,-0.023229088634252548,0.635722815990448,0.6149974465370178,-0.20814482867717743,-0.08391264826059341,0.1278533637523651,-0.1542844921350479,-0.11816045641899109,0.42248329520225525,-0.14098969101905823,-0.11707819998264313,-0.2377551943063736,0.05012087523937225,-0.2234533131122589,-0.2771625816822052,0.27744850516319275,0.17530983686447144,0.2854496240615845,-0.18190313875675201,-0.20716245472431183,0.1328182816505432,-0.1996677964925766,-0.20894411206245422,0.1333523392677307,0.2370326817035675,-0.25648465752601624,0.08773981034755707,-0.141543909907341,-0.22911565005779266,0.16470816731452942,-0.2321414202451706,0.21586625277996063,0.17243772745132446,0.1804828643798828,0.017731931060552597,0.5585094690322876,0.09114424884319305,0.20553773641586304,0.07790400087833405,0.07907092571258545,-0.14423757791519165,-0.02660263516008854,0.3301049470901489,-0.20481173694133759,0.05095608904957771,-0.1045919880270958,0.4857579469680786,-0.1939230114221573,0.7242630124092102,-0.25864556431770325,-0.24421776831150055,-0.05223757401108742,-0.1402323842048645,0.23519690334796906,0.13808001577854156,0.5199000239372253,-0.11439011991024017,0.8130509257316589,-0.03534380719065666,-0.21263186633586884
2,562,182,613,232,0.5674353837966919,-0.14711211621761322,0.3448311388492584,1.036814570426941,-0.24070657789707184,-0.17789581418037415,0.34637436270713806,-0.19316503405570984,-0.19951270520687103,-0.1961541771888733,0.2752643823623657,0.08650725334882736,-0.03365495428442955,0.2811304032802582,0.2931230962276459,-0.17063117027282715,-0.1224026307463646,-0.03554077818989754,0.5713611841201782,-0.06707463413476944,-0.0557718351483345,0.12178760021924973,0.4275347888469696,0.15704375505447388,0.11788879334926605,0.3368983268737793,-0.1771186739206314,-0.13026459515094757,0.5066986680030823,0.2593977153301239,-0.17618508636951447,-0.14947287738323212,-0.05819892883300781,0.2098628431558609,-0.12073344737291336,-0.1444188505411148,-0.22571617364883423,0.2722039818763733,-0.2523239254951477,0.2238520234823227,-0.22246533632278442,-0.17764204740524292,0.25204798579216003,0.23069269955158234,0.08471278101205826,-0.19245515763759613,-0.23011623322963715,0.5666212439537048,0.4057024419307709,0.45688146352767944,0.281896710395813,0.23419015109539032,0.5255472660064697,-0.21091918647289276,0.5559597015380859,-0.10171493887901306,0.03192392364144325,0.19560131430625916,0.47648632526397705,-0.16345234215259552,0.4410403072834015,0.6496098041534424,-0.1136946827173233,0.20015949010849,0.39337843656539917,-0.11448473483324051,0.13741084933280945,0.24814864993095398,0.11613930761814117,0.7126104831695557,0.6064961552619934,-0.1809760481119156,-0.08766064792871475,0.1924312263727188,-0.20417343080043793,-0.0805274099111557,0.2787843942642212,-0.20594869554042816,-0.14579293131828308,-0.2265477180480957,0.21881920099258423,-0.22614844143390656,-0.27259933948516846,0.5432485342025757,0.028821729123592377,0.08389974385499954,-0.2400657832622528,-0.20760565996170044,0.15620484948158264,-0.23140880465507507,-0.1989855170249939,0.2263025939464569,0.2027985155582428,-0.26159223914146423,0.1734759509563446,-0.17481152713298798,-0.24457134306430817,0.029836071655154228,-0.2070196121931076,0.16961176693439484,-0.03776605799794197,-0.005708217620849609,0.14275717735290527,0.5332667827606201,-0.0023948715534061193,0.3729608654975891,0.05951448902487755,0.4486638307571411,-0.1570400446653366,-0.10814003646373749,0.4497114419937134,-0.20710331201553345,0.30364444851875305,-0.046138420701026917,0.4872969090938568,-0.16032177209854126,0.6218016743659973,-0.22004546225070953,-0.2341567426919937,0.06822982430458069,-0.14739912748336792,0.2066679447889328,0.2770300507545471,0.7929466962814331,-0.10651678591966629,0.7993954420089722,0.018189363181591034,-0.21611431241035461
3,421,181,473,233,0.7945731282234192,-0.19545406103134155,0.5091450214385986,1.0533418655395508,-0.17481470108032227,-0.11945585161447525,0.3357299268245697,-0.2349989116191864,-0.2348349690437317,-0.2472718358039856,0.41015496850013733,0.2681129276752472,-0.0036847293376922607,0.572738528251648,0.3647438585758209,-0.1772606521844864,-0.18203020095825195,0.047024548053741455,0.8061849474906921,0.1877976506948471,0.08141300082206726,-0.046589504927396774,0.4291785955429077,0.22571441531181335,0.10586032271385193,0.9036940336227417,-0.10656404495239258,-0.25052767992019653,0.8358983993530273,0.5218255519866943,-0.09193544089794159,0.1043476015329361,0.005426360294222832,0.5022991895675659,-0.14063027501106262,0.25407832860946655,-0.17379996180534363,0.41146183013916016,-0.08556181937456131,0.0949200987815857,-0.07166525721549988,-0.11767111718654633,0.40595895051956177,0.9248446226119995,0.5419881343841553,-0.15107043087482452,-0.1827821433544159,0.6951249241828918,0.6431930065155029,0.6209138035774231,0.6375667452812195,0.5098022222518921,0.48239147663116455,-0.21331161260604858,0.36994341015815735,-0.07822248339653015,0.6218512058258057,0.5687005519866943,0.6476129293441772,-0.23878510296344757,0.2628166973590851,0.7065612077713013,-0.08818300068378448,0.5797362923622131,0.5952881574630737,0.11765555292367935,0.1872800588607788,0.3983977138996124,0.12083595246076584,0.7404788732528687,0.5824077129364014,0.01006587315350771,-0.10069477558135986,0.42097193002700806,-0.21161618828773499,0.07505122572183609,0.6496866345405579,-0.062382929027080536,-0.06077183783054352,-0.2026958167552948,-0.021235739812254906,-0.22070759534835815,-0.2730318605899811,0.4532739222049713,-0.02252388745546341,-0.1359439492225647,-0.21929892897605896,-0.20894959568977356,0.2273092269897461,-0.23943789303302765,0.15768292546272278,0.13008689880371094,0.23825910687446594,-0.20456933975219727,0.19953179359436035,-0.13777685165405273,-0.2509290277957916,0.1929989606142044,-0.20176275074481964,0.042944543063640594,0.3658963739871979,0.12691780924797058,0.3043636083602905,0.7663824558258057,0.5546264052391052,0.3790082037448883,0.006702745798975229,0.08942162990570068,-0.04452170431613922,-0.1341027170419693,0.7965251207351685,-0.04591180384159088,0.17972134053707123,-0.022313475608825684,0.44254371523857117,-0.04618356004357338,0.8442942500114441,-0.1376962810754776,-0.17086677253246307,-0.03571409732103348,-0.1542370617389679,0.227192223072052,0.03525126725435257,0.7178691029548645,0.003783583641052246,0.7627381086349487,0.09523869305849075,-0.20765787363052368
4,868,538,916,589,0.45361581444740295,-0.15351642668247223,0.43673041462898254,1.031706690788269,-0.20050698518753052,-0.19984658062458038,0.2733062207698822,-0.1467466801404953,-0.15574748814105988,-0.22396019101142883,0.30738791823387146,-0.08959819376468658,0.09861376136541367,0.18692004680633545,0.28527989983558655,-0.16637302935123444,-0.19376534223556519,-0.15109692513942719,0.39713597297668457,-0.0120963454246521,0.01673801802098751,0.08882588893175125,0.4021783471107483,0.3444317579269409,0.15689989924430847,0.24819639325141907,-0.13667580485343933,-0.11481271684169769,0.4348292946815491,0.08362089842557907,-0.1474585235118866,-0.16622720658779144,0.05431224778294563,0.4256246089935303,-0.138746440410614,-0.1212523877620697,-0.23387426137924194,0.290770947933197,-0.2546290457248688,0.5190926194190979,-0.20366109907627106,-0.17976664006710052,0.32521164417266846,0.36712804436683655,0.23039060831069946,-0.18982335925102234,-0.20061811804771423,0.6609836220741272,0.23108474910259247,0.30405113101005554,0.43809065222740173,0.0457046777009964,0.47726884484291077,-0.20938211679458618,0.5416368842124939,-0.09652271866798401,-0.06811734288930893,0.061833057552576065,0.514342725276947,-0.16099461913108826,0.3729565441608429,0.8153727054595947,-0.1012432873249054,0.08701854199171066,0.32360541820526123,-0.18081122636795044,0.13991914689540863,0.09466589242219925,0.1308002769947052,0.6150001883506775,0.7990326285362244,-0.11839696764945984,-0.12762828171253204,0.25821542739868164,-0.21490755677223206,-0.08102074265480042,0.29660674929618835,-0.1712118685245514,-0.1315457820892334,-0.23790185153484344,0.0718199834227562,-0.18124103546142578,-0.2776390314102173,0.4770021438598633,-0.10552176833152771,0.13034436106681824,-0.2620294690132141,-0.21003034710884094,0.34759947657585144,-0.22247958183288574,-0.11613782495260239,0.06435082107782364,0.1517951935529709,-0.25449180603027344,0.37873730063438416,-0.2004714161157608,-0.24845817685127258,0.09740422666072845,-0.19240182638168335,0.19388264417648315,0.20539794862270355,0.0729036033153534,0.2648411691188812,0.5461997985839844,-0.14700692892074585,0.3312639892101288,0.16391324996948242,0.4478164315223694,-0.11728550493717194,-0.057194896042346954,0.1652659773826599,-0.1753358393907547,0.30460599064826965,-0.06029786542057991,0.4367634057998657,-0.14682020246982574,0.7277491092681885,-0.17524731159210205,-0.22878479957580566,-0.08994372934103012,-0.14249485731124878,0.1900947391986847,0.26357656717300415,0.683918297290802,-0.09438367187976837,0.8701261878013611,-0.046148400753736496,-0.19934436678886414
5,302,724,353,772,0.5802695155143738,-0.16190803050994873,0.37835678458213806,1.0381284952163696,-0.2224542647600174,-0.17436981201171875,0.3542909622192383,-0.21974067389965057,-0.17915493249893188,-0.21067170798778534,0.2538529932498932,0.26418617367744446,-0.12654165923595428,0.204325869679451,0.37391364574432373,-0.18298105895519257,-0.02073131501674652,0.09187391400337219,0.5661411881446838,-0.14468835294246674,-0.15374746918678284,0.1125415787100792,0.5006228089332581,0.11208057403564453,0.10462818294763565,0.4409312903881073,-0.18808181583881378,-0.19430863857269287,0.7208864688873291,0.3480015695095062,-0.14634700119495392,-0.2022518664598465,-0.034025888890028,0.21880030632019043,-0.13238118588924408,-0.15899793803691864,-0.22827307879924774,0.5306952595710754,-0.20616452395915985,0.35736966133117676,-0.16092775762081146,-0.17122797667980194,-0.017412617802619934,0.2676449120044708,-0.0015356814255937934,-0.147598996758461,-0.23021800816059113,0.583204448223114,0.18416158854961395,0.4373501241207123,0.249285027384758,0.2394728660583496,0.4748145043849945,-0.22086696326732635,1.0183758735656738,-0.03559913486242294,0.13655300438404083,-0.044602204114198685,0.40555763244628906,-0.21588945388793945,0.36273470520973206,0.37919721007347107,-0.16521959006786346,0.03158213570713997,0.22315216064453125,-0.09839049726724625,0.04828919470310211,0.1826038360595703,0.15575192868709564,0.6610932946205139,0.4589674472808838,-0.16826064884662628,-0.013205070979893208,0.16565579175949097,-0.21085596084594727,-0.06209927797317505,0.3613246977329254,-0.21749480068683624,-0.07746866345405579,-0.21086882054805756,0.1195487454533577,-0.2439223974943161,-0.27141761779785156,0.5442054271697998,0.21380901336669922,0.019653350114822388,-0.18479084968566895,-0.19508898258209229,0.33800849318504333,-0.24290449917316437,-0.1901220828294754,0.12684179842472076,0.21043795347213745,-0.2685840129852295,0.20879745483398438,-0.1750953048467636,-0.2333936095237732,-0.10087526589632034,-0.20879028737545013,0.1817166805267334,0.1450382024049759,-0.006724894046783447,0.08303406089544296,0.46897587180137634,0.22294104099273682,0.22908706963062286,0.10378384590148926,0.3605881631374359,-0.13268446922302246,-0.1553649604320526,0.4073140621185303,-0.2172326296567917,0.3656136989593506,0.06815320998430252,0.472186803817749,-0.11634262651205063,0.877997100353241,-0.17932049930095673,-0.1587686538696289,0.0593697726726532,-0.1319497674703598,0.28353777527809143,0.17586256563663483,0.6420743465423584,-0.12558124959468842,0.9013411402702332,-0.02580880932509899,-0.20592939853668213
6,700,309,737,345,0.5440406203269958,-0.21943990886211395,0.20946459472179413,0.8997328877449036,-0.1816548854112625,0.07306291908025742,0.043487548828125,-0.2138255387544632,-0.1765882968902588,-0.24340403079986572,0.4502795934677124,-0.22760123014450073,-0.14568637311458588,0.5624904036521912,0.09615930169820786,-0.21580977737903595,-0.1256721168756485,-0.17906267940998077,-0.08576560765504837,-0.2162063717842102,-0.17073893547058105,0.3085125982761383,0.40250566601753235,0.12806664407253265,-0.07560199499130249,-0.07046521455049515,-0.11446518450975418,-0.09542418271303177,0.379619836807251,0.2685486674308777,-0.2404140681028366,-0.20284102857112885,-0.07782486826181412,0.24796903133392334,-0.16395100951194763,-0.1433887928724289,-0.24229569733142853,0.12973861396312714,-0.2654159963130951,-0.061726585030555725,-0.2602270841598511,-0.23017282783985138,-0.010355840437114239,0.10780638456344604,-0.06947774440050125,-0.20258355140686035,-0.18961292505264282,0.3728303909301758,0.15884415805339813,0.1829613298177719,0.510278046131134,0.10147538781166077,0.11624280363321304,-0.22309410572052002,1.2088791131973267,-0.169563427567482,0.008375436067581177,-0.03487388417124748,0.6980306506156921,-0.15725457668304443,0.09995653480291367,0.4958580732345581,-0.1247374415397644,-0.15868975222110748,0.5315665006637573,-0.16153480112552643,0.3587007522583008,0.3609582185745239,-0.18255150318145752,0.5183750987052917,0.5934625267982483,-0.21358120441436768,-0.09998611360788345,0.03519241139292717,-0.086109958589077,-0.1562163084745407,0.32913675904273987,-0.21245594322681427,-0.148357555270195,-0.1618431657552719,0.13926170766353607,-0.23982656002044678,-0.2608485519886017,0.22382862865924835,0.0645734891295433,0.2066308856010437,-0.09079387038946152,-0.15177327394485474,0.21423578262329102,-0.1644054800271988,-0.22365571558475494,0.11550752073526382,0.08470723778009415,-0.22531922161579132,0.7241364121437073,-0.15409556031227112,-0.21758650243282318,-0.13174696266651154,-0.23824827373027802,0.3061070144176483,0.407613068819046,-0.05201597139239311,0.03861067071557045,0.3946465253829956,-0.09841946512460709,0.16191649436950684,-0.02902432717382908,0.5184911489486694,-0.1952560395002365,-0.08730585128068924,0.2719862163066864,-0.23371028900146484,0.1166815534234047,0.008012642152607441,0.47181323170661926,-0.25953245162963867,0.20942097902297974,-0.18422548472881317,-0.23061375319957733,0.0728728398680687,-0.1305636316537857,0.15661494433879852,0.6505208611488342,0.47309696674346924,-0.16457481682300568,0.44076991081237793,-0.07802647352218628,-0.23529301583766937
7,449,675,487,712,0.6460549831390381,-0.1913975179195404,0.12648145854473114,0.927035927772522,-0.19626832008361816,0.021924644708633423,0.19201891124248505,-0.2181861400604248,0.2074647694826126,-0.22506007552146912,0.2955036163330078,-0.1882554143667221,-0.16227099299430847,0.5760346055030823,0.25415483117103577,-0.24663735926151276,-0.1687336415052414,-0.1619742065668106,-0.011547472327947617,0.05845236778259277,-0.18915370106697083,0.2624281048774719,0.43577536940574646,0.18177452683448792,0.10054831206798553,0.6852168440818787,-0.07984265685081482,-0.16328072547912598,-0.04939302057027817,0.34272444248199463,-0.20155790448188782,-0.1510629653930664,-0.02604147046804428,0.36277854442596436,-0.15713977813720703,-0.05703802406787872,-0.24952161312103271,0.235857754945755,-0.24485547840595245,0.01192186027765274,-0.12860940396785736,-0.22203101217746735,-0.10176199674606323,-0.04922047629952431,0.06827756017446518,0.11545571684837341,-0.21449440717697144,1.035316824913025,0.2573274075984955,0.3306422531604767,0.5429306626319885,0.20418059825897217,0.7615581154823303,-0.1945400983095169,1.3849859237670898,-0.18465028703212738,0.1502271592617035,-0.1441154181957245,1.3128485679626465,-0.19450798630714417,0.4625375270843506,0.0770786702632904,-0.11874338239431381,-0.047442153096199036,0.20000886917114258,-0.2533756196498871,0.6408242583274841,-0.0027395114302635193,-0.061011310666799545,-0.01277565211057663,0.5697426795959473,-0.18546269834041595,-0.18004465103149414,0.22275128960609436,-0.055311378091573715,-0.23754987120628357,0.22186191380023956,-0.2514832317829132,-0.09443307667970657,-0.16877961158752441,0.24065852165222168,-0.22512516379356384,-0.2623097002506256,0.433236300945282,0.39748039841651917,-0.08930757641792297,-0.14184696972370148,-0.11387237906455994,0.5035495758056641,-0.2000710666179657,-0.15902337431907654,0.11433519423007965,0.11173231154680252,-0.24505913257598877,0.8121386766433716,-0.1634879857301712,-0.23976187407970428,-0.18180258572101593,-0.24664875864982605,0.2799757719039917,0.014588918536901474,-0.17158493399620056,-0.014174818992614746,0.5652428865432739,-0.005708746612071991,0.5918704271316528,-0.1251354217529297,1.0638699531555176,-0.25599658489227295,-0.25414252281188965,0.8012332916259766,-0.20879580080509186,0.40707457065582275,-0.07611297070980072,0.3304280936717987,-0.19656097888946533,0.42316263914108276,-0.08637398481369019,-0.23474599421024323,0.17553254961967468,-0.10916870832443237,0.3779880702495575,0.44625377655029297,0.5508269667625427,-0.2064586579799652,1.0171180963516235,-0.14432506263256073,-0.2328074425458908
8,246,324,289,365,0.4941701889038086,-0.2277100682258606,0.3911910355091095,0.9668911099433899,-0.21146070957183838,-0.10526785254478455,0.32898828387260437,-0.21332669258117676,-0.23754669725894928,-0.2584458887577057,0.2760908007621765,-0.18460702896118164,-0.16746115684509277,0.5049364566802979,0.197731614112854,-0.17872613668441772,-0.13342417776584625,-0.07668384909629822,0.15812191367149353,-0.11830568313598633,-0.1427830308675766,0.18719147145748138,0.33619260787963867,0.18856559693813324,-0.006777664180845022,0.06766999512910843,-0.12736903131008148,-0.17089450359344482,0.2134164571762085,-0.029837975278496742,-0.17691020667552948,-0.20787954330444336,0.04867151379585266,0.603230893611908,-0.08948958665132523,-0.18647058308124542,-0.23028601706027985,0.37130630016326904,-0.21629969775676727,0.1473415046930313,-0.17208731174468994,-0.20763878524303436,0.1917436271905899,0.2760455310344696,0.0014449084410443902,-0.12409359216690063,-0.15330135822296143,0.698774516582489,0.38652360439300537,0.32164785265922546,0.44947800040245056,0.01913793943822384,0.46949639916419983,-0.23424716293811798,1.2583469152450562,-0.11420341581106186,0.24987395107746124,-0.07934761792421341,0.7095000147819519,-0.19932396709918976,0.45732414722442627,0.4802895486354828,-0.13901884853839874,-0.03684711828827858,0.38136348128318787,-0.17529301345348358,0.19628667831420898,0.20388241112232208,-0.09622403234243393,0.27564549446105957,0.5935401916503906,-0.19657254219055176,-0.17729802429676056,0.2602020800113678,-0.1623561531305313,-0.13468940556049347,0.48566362261772156,-0.22407186031341553,-0.11190582066774368,-0.2364238053560257,0.03460216894745827,-0.22092823684215546,-0.26674017310142517,0.28014764189720154,0.04756006971001625,0.0009509424562565982,-0.11045225709676743,-0.17716358602046967,0.5297148823738098,-0.19995595514774323,-0.20502954721450806,0.056805651634931564,0.2065407782793045,-0.24499304592609406,0.9401467442512512,-0.18188102543354034,-0.239510178565979,-0.08697745203971863,-0.2063862532377243,0.18113593757152557,0.34539535641670227,-0.08450615406036377,0.06124633550643921,0.6821613907814026,-0.1783139556646347,0.41751137375831604,-0.06725955754518509,0.6123599410057068,-0.11640799790620804,-0.18523789942264557,0.6804082989692688,-0.22165453433990479,0.665296196937561,-0.03080030530691147,0.44678959250450134,-0.19810117781162262,0.49276116490364075,-0.1929396241903305,-0.22309590876102448,0.06665588170289993,-0.12453776597976685,0.2904188930988312,0.6941741108894348,0.5785714983940125,-0.16158877313137054,0.9695191383361816,-0.1362144947052002,-0.23294669389724731
9,572,316,604,350,0.36033666133880615,-0.22700156271457672,0.047475360333919525,1.0191631317138672,-0.225666806101799,-0.11907726526260376,0.2633914351463318,-0.2240016907453537,0.3609141707420349,-0.2644825577735901,0.24753107130527496,-0.23977231979370117,-0.009909741580486298,0.09322405606508255,0.905083954334259,-0.23027271032333374,0.4074476361274719,-0.2339000105857849,-0.1734807789325714,0.03705170005559921,0.08683979511260986,0.6398869156837463,0.49398189783096313,0.7513535022735596,0.19376489520072937,-0.1567966789007187,-0.17507663369178772,-0.1690337061882019,0.04508370906114578,0.3024076223373413,-0.2033841758966446,-0.06810364872217178,-0.06538791954517365,0.08995392918586731,-0.1919214129447937,-0.06503896415233612,-0.22472652792930603,0.13407599925994873,-0.10162709653377533,0.10963034629821777,-0.23407313227653503,-0.20781484246253967,0.04010966420173645,0.3272498846054077,-0.07810899615287781,-0.1448913812637329,-0.2475702315568924,0.4935337007045746,-0.11112986505031586,0.5172789096832275,0.7250145077705383,0.18689045310020447,0.4854966104030609,-0.24203762412071228,1.327897071838379,-0.22007057070732117,-0.08663539588451385,0.5535708665847778,1.2019078731536865,-0.21352368593215942,0.6901410222053528,0.4059041738510132,-0.16709494590759277,-0.13185271620750427,0.355250746011734,-0.046544164419174194,-0.17426016926765442,0.39340198040008545,-0.09425736963748932,0.22808507084846497,0.5452337265014648,-0.25688135623931885,-0.014044556766748428,0.2491634488105774,0.025985166430473328,-0.1735449582338333,-0.0031502731144428253,-0.18068867921829224,-0.23864367604255676,-0.1837160736322403,0.4272910952568054,-0.26387134194374084,-0.2333773970603943,0.26670899987220764,0.42577672004699707,0.01557321846485138,-0.18029262125492096,-0.1419474333524704,0.5021197199821472,-0.2123645842075348,-0.12797869741916656,0.3163301348686218,0.08720317482948303,-0.24468743801116943,-0.039096422493457794,-0.08616508543491364,-0.16294372081756592,0.06829515099525452,-0.26896432042121887,0.30709442496299744,0.6145246028900146,0.07735125720500946,-0.06030520796775818,0.7398967146873474,-0.1488187611103058,0.19927847385406494,-0.0557137206196785,0.43872806429862976,-0.11670949310064316,-0.07740119844675064,0.2668515145778656,-0.1717544049024582,0.38644248247146606,0.5628297328948975,0.26268094778060913,-0.18773643672466278,0.23226480185985565,-0.21737074851989746,-0.24364666640758514,0.013355940580368042,-0.03467462956905365,0.24573741853237152,0.29506805539131165,0.6897261738777161,-0.14208745956420898,0.17078277468681335,-0.09199140965938568,-0.1706046760082245
10,224,360,265,400,0.6061986088752747,-0.18481804430484772,-0.0021943103056401014,0.9704375267028809,-0.18441057205200195,-0.20220351219177246,0.47497203946113586,-0.18862174451351166,-0.22463269531726837,-0.2216777801513672,0.11928486078977585,-0.2429252415895462,-0.12772275507450104,0.11759019643068314,0.3080625832080841,-0.22088932991027832,-0.21227367222309113,-0.12053656578063965,0.10041552037000656,-0.05887782573699951,-0.18094877898693085,0.26445329189300537,0.19966280460357666,0.5025138854980469,-0.03204996511340141,0.36455973982810974,-0.16442982852458954,-0.14855994284152985,0.570315420627594,0.13551224768161774,-0.06762906908988953,-0.056540172547101974,-0.012263732962310314,0.10752923041582108,-0.16552938520908356,-0.1458248496055603,-0.23005904257297516,0.23119215667247772,-0.18029679358005524,0.27012670040130615,-0.24405039846897125,-0.20311810076236725,-0.01816990226507187,0.053189028054475784,0.053075071424245834,-0.1471908837556839,-0.16197246313095093,0.5316295027732849,0.23469679057598114,0.12169843912124634,0.48921993374824524,0.10389503091573715,0.24075032770633698,-0.21477186679840088,1.2911514043807983,-0.19280357658863068,0.11828815191984177,-0.19290082156658173,0.5439193844795227,-0.16113965213298798,0.25664421916007996,0.48307323455810547,-0.2164231389760971,-0.1780615597963333,0.28480637073516846,-0.21144746243953705,0.013615216128528118,0.04944251477718353,-0.019596455618739128,0.41484811902046204,0.6420686841011047,-0.22704648971557617,-0.10855921357870102,-0.10160698741674423,-0.2188313603401184,-0.1311388462781906,0.4574906826019287,-0.2090914249420166,-0.09010681509971619,-0.19485266506671906,0.22999703884124756,-0.22128696739673615,-0.27080264687538147,0.39566004276275635,0.6686877608299255,0.1485019475221634,-0.2018575668334961,-0.14139918982982635,0.18067800998687744,-0.19322429597377777,-0.15607161819934845,0.058718081563711166,0.16589795053005219,-0.23354516923427582,0.4359947443008423,-0.1873931884765625,-0.23954547941684723,0.01938910223543644,-0.25195327401161194,0.25872448086738586,0.07096514850854874,0.13617758452892303,-0.054410189390182495,0.4957866370677948,-0.05455915257334709,0.2180607169866562,-0.04026639088988304,0.5987128615379333,-0.22736859321594238,-0.11469435691833496,0.2085750550031662,-0.20115356147289276,0.20469875633716583,0.0320996530354023,0.5304133296012878,-0.1336713284254074,0.6761143207550049,-0.25000396370887756,-0.22943754494190216,0.038031402975320816,-0.10198555141687393,0.1377042531967163,0.39077436923980713,0.5048268437385559,-0.15916234254837036,1.048112392425537,-0.0658925250172615,-0.21518690884113312
11,204,406,246,447,0.6097002029418945,-0.21249127388000488,0.32980379462242126,0.9587502479553223,-0.1942339390516281,-0.18731670081615448,0.13655264675617218,-0.21644604206085205,-0.2515051066875458,-0.25435301661491394,0.5458900332450867,-0.20816941559314728,-0.08094959706068039,0.25815898180007935,0.16710008680820465,-0.20989163219928741,-0.030058404430747032,-0.06787103414535522,-0.1716444492340088,-0.17306964099407196,-0.12835317850112915,0.1626879870891571,0.3448174297809601,0.24982686340808868,-0.04907934367656708,0.0543426088988781,-0.16697584092617035,-0.17126090824604034,0.5001378655433655,0.1485803723335266,-0.11686629801988602,-0.058387648314237595,-0.020039530470967293,0.22500579059123993,-0.1603836864233017,-0.13378691673278809,-0.23532044887542725,0.4069657623767853,-0.2608463764190674,0.2502773106098175,-0.24385897815227509,-0.21490485966205597,-0.016777724027633667,0.33481088280677795,0.036828234791755676,-0.21785931289196014,-0.23127126693725586,0.6505306959152222,0.07879993319511414,0.2399328202009201,0.4232132136821747,0.09925258159637451,0.2883964478969574,-0.21685712039470673,0.7743963599205017,-0.1811942607164383,0.10403519123792648,-0.13325537741184235,0.4618851840496063,-0.1945393830537796,0.06898530572652817,0.523868978023529,-0.18712760508060455,-0.1500425487756729,0.5305179953575134,-0.16656593978405,0.10387096554040909,0.2805462181568146,0.11235155910253525,0.4500424861907959,0.801710844039917,-0.115087129175663,-0.16372238099575043,-0.02480502426624298,-0.17764991521835327,-0.1356978863477707,0.4914473593235016,-0.22425024211406708,-0.03161058947443962,-0.21089595556259155,0.01142612099647522,-0.2513943612575531,-0.271343857049942,0.17230282723903656,-0.054296303540468216,0.059737902134656906,-0.18202251195907593,-0.18387417495250702,0.31078049540519714,-0.2319074422121048,-0.14749732613563538,0.05898356810212135,0.11230769008398056,-0.24175886809825897,0.4248368442058563,-0.1789560765028,-0.24004001915454865,0.09033242613077164,-0.24349653720855713,0.28442633152008057,0.3229852616786957,-0.0021549861412495375,0.1895134598016739,0.5486751198768616,-0.1590816080570221,0.12303521484136581,-0.02651694416999817,0.3387422561645508,-0.14685748517513275,-0.17896385490894318,0.5154241323471069,-0.2134707123041153,0.10776326805353165,-0.09113604575395584,0.3513331413269043,-0.22194425761699677,0.45968952775001526,-0.22420799732208252,-0.2601899206638336,-0.05296257510781288,-0.12548598647117615,0.2607022225856781,0.3174690902233124,0.43488869071006775,-0.12609802186489105,0.5557563304901123,0.06302458047866821,-0.21303348243236542
12,706,602,762,658,0.5675467848777771,-0.20621514320373535,0.21265418827533722,1.0374284982681274,-0.13066506385803223,-0.19355429708957672,0.16276222467422485,-0.16823898255825043,-0.21521814167499542,-0.22889463603496552,0.2300393432378769,-0.004844615701586008,0.05208943411707878,0.10158923268318176,0.28464651107788086,-0.12586268782615662,-0.20380382239818573,0.05119754746556282,0.3555012047290802,0.07787970453500748,0.053495366126298904,0.024780062958598137,0.6150363087654114,0.3402702510356903,0.16968916356563568,0.3917979300022125,-0.1790664792060852,-0.23201465606689453,0.45787155628204346,0.43700090050697327,-0.14056454598903656,-0.17176353931427002,-0.06875067204236984,0.37701764702796936,-0.16509412229061127,-0.020251920446753502,-0.21453064680099487,0.33007702231407166,-0.19069050252437592,0.2118753045797348,-0.18514446914196014,-0.17058242857456207,0.20854051411151886,0.3521289825439453,0.28184619545936584,-0.15886396169662476,-0.23453672230243683,0.46341952681541443,0.4495689570903778,0.47421392798423767,0.5804442167282104,0.122622549533844,0.3447435796260834,-0.21763461828231812,0.4502059519290924,-0.1847931295633316,0.07196783274412155,0.2551627457141876,0.46917787194252014,-0.1699429750442505,0.27588653564453125,0.7738946080207825,-0.14338982105255127,-0.02773263119161129,0.14829158782958984,-0.03521458059549332,0.007311108056455851,0.15447191894054413,0.12202612310647964,0.7217659950256348,0.5968870520591736,-0.12756340205669403,0.0005214512348175049,0.28751280903816223,-0.17943115532398224,-0.012203793041408062,0.3390079736709595,-0.128891721367836,-0.20007717609405518,-0.2353087216615677,0.11600270122289658,-0.22641076147556305,-0.27251049876213074,0.30123648047447205,0.08027208596467972,0.09613847732543945,-0.17548413574695587,-0.2011917382478714,0.20195190608501434,-0.25769057869911194,-0.03738182783126831,0.26381686329841614,0.34337007999420166,-0.2525898516178131,0.048461463302373886,-0.2088049203157425,-0.2394762635231018,0.00033530592918395996,-0.1995350569486618,0.13850420713424683,0.06422046571969986,0.1447468101978302,0.13310900330543518,0.5533223748207092,0.2521575093269348,0.42277196049690247,0.0870569720864296,0.2577105462551117,-0.11438224464654922,-0.09366947412490845,0.3788384199142456,-0.1773167848587036,0.17400772869586945,-0.10185570269823074,0.5417718887329102,-0.10611280053853989,0.8252456188201904,-0.09518486261367798,-0.21868930757045746,0.01751096360385418,-0.14434747397899628,0.28040117025375366,-0.008187830448150635,0.5445928573608398,-0.05399147793650627,0.6672990322113037,-0.11414449661970139,-0.20171505212783813
13,547,257,590,300,0.4507092535495758,-0.18508657813072205,0.19975239038467407,0.9948610663414001,-0.20278063416481018,-0.25533878803253174,0.20486411452293396,-0.21150557696819305,-0.25465646386146545,-0.2679906487464905,0.3979136645793915,-0.1740691065788269,-0.13346520066261292,0.2706308960914612,0.1073480173945427,-0.21913568675518036,-0.16894346475601196,-0.2190137356519699,0.10392738878726959,0.0016663521528244019,-0.18329107761383057,0.026615388691425323,0.21273699402809143,0.04217369854450226,0.35883480310440063,0.44463860988616943,-0.14617224037647247,-0.06591351330280304,0.1930340677499771,0.17169791460037231,-0.1489408165216446,-0.22191113233566284,0.12065397202968597,0.20672594010829926,-0.15249451994895935,-0.11478452384471893,-0.23950740694999695,0.26463210582733154,-0.2462357133626938,0.22413460910320282,-0.20840147137641907,-0.19945916533470154,-0.020259371027350426,0.13089784979820251,0.10664462298154831,-0.19915556907653809,-0.20904913544654846,0.4764873683452606,0.19572553038597107,0.17018035054206848,0.7507716417312622,-0.13455647230148315,0.28657960891723633,-0.20344287157058716,0.9109207391738892,-0.11547886580228806,0.032356634736061096,-0.042418040335178375,0.7298530340194702,-0.23687373101711273,0.06487930566072464,0.3867316246032715,-0.10517928004264832,-0.1698811650276184,-0.0002207644283771515,-0.24229273200035095,0.05694464594125748,0.13311511278152466,-0.14520540833473206,0.5156519412994385,0.4677680730819702,-0.20188632607460022,-0.2034551203250885,0.044614553451538086,-0.07720901072025299,-0.10332755744457245,0.12663891911506653,-0.260458379983902,-0.1328078806400299,-0.2578440308570862,0.023993313312530518,-0.23915420472621918,-0.26934367418289185,0.9576190710067749,-0.07252009212970734,0.15268760919570923,-0.21655350923538208,-0.17425774037837982,0.34598755836486816,-0.18791194260120392,-0.24356935918331146,0.05558648332953453,0.14616383612155914,-0.24704986810684204,0.8650768995285034,-0.17559419572353363,-0.24407918751239777,-0.03256799280643463,-0.22321289777755737,0.16603046655654907,0.38622015714645386,-0.12219405174255371,0.012794768437743187,0.4127713143825531,-0.23738953471183777,0.27668413519859314,-0.012185342609882355,0.6163334250450134,-0.059973977506160736,-0.1176140308380127,0.24169906973838806,-0.19366933405399323,0.15174144506454468,-0.1906866729259491,0.5546535849571228,-0.18762443959712982,0.4872170090675354,-0.20955729484558105,-0.22936169803142548,0.002252606675028801,-0.12675386667251587,0.21022024750709534,0.2811804413795471,0.5043215751647949,-0.19140464067459106,0.9878605604171753,-0.12484312057495117,-0.2261727899312973
14,458,312,501,353,0.5598713755607605,-0.20182569324970245,0.20974312722682953,0.992752194404602,-0.21135979890823364,-0.16991162300109863,0.44808822870254517,-0.17405623197555542,-0.10298248380422592,-0.2641955614089966,0.30197301506996155,-0.09403496980667114,-0.0026525359135121107,0.32358890771865845,0.5021691918373108,-0.18983237445354462,-0.0640391930937767,-0.00869185384362936,0.44762980937957764,-0.12540197372436523,-0.09641805291175842,0.049500711262226105,0.3719855546951294,0.22360260784626007,-0.014534668996930122,0.15561111271381378,-0.1906513124704361,-0.20801889896392822,0.7004122734069824,0.21547943353652954,-0.14355891942977905,-0.12192058563232422,-0.032356616109609604,0.2074083536863327,-0.14308400452136993,-0.1603255718946457,-0.2441018968820572,0.2890418469905853,-0.22295954823493958,0.20071887969970703,-0.24721823632717133,-0.20207184553146362,0.16380789875984192,0.12160544842481613,0.14300064742565155,-0.1439470648765564,-0.214313805103302,0.6875889897346497,0.13686861097812653,0.20879046618938446,0.3202667832374573,0.23876182734966278,0.41130977869033813,-0.23823942244052887,0.8875720500946045,-0.13348370790481567,0.07843899726867676,0.00011268589150859043,0.5525845885276794,-0.19490110874176025,0.3760373294353485,0.4931177496910095,-0.1632539927959442,0.32825013995170593,0.42774537205696106,-0.12587673962116241,0.0828828364610672,0.21748937666416168,-0.046097397804260254,0.5155630707740784,0.5887943506240845,-0.18481823801994324,-0.06541603058576584,-0.0213798675686121,-0.15947259962558746,-0.08936868607997894,0.3159014880657196,-0.19052328169345856,-0.1271982491016388,-0.23586872220039368,0.019982164725661278,-0.23276959359645844,-0.26567205786705017,0.15996654331684113,0.30822476744651794,-0.004645251668989658,-0.1544271856546402,-0.18548165261745453,0.24522638320922852,-0.24309608340263367,-0.15641573071479797,0.11269039660692215,0.10642174631357193,-0.25433552265167236,0.1624094843864441,-0.14887194335460663,-0.23516589403152466,-0.09710080176591873,-0.2190515398979187,0.20131856203079224,0.3154090642929077,0.15197570621967316,0.03171563893556595,0.448081374168396,-0.20355258882045746,0.3899765610694885,0.037314124405384064,0.3541722297668457,-0.17496603727340698,-0.11021576076745987,0.24063092470169067,-0.23791487514972687,0.1770107001066208,0.07629366964101791,0.41941580176353455,-0.17590296268463135,0.8530739545822144,-0.22591108083724976,-0.22593265771865845,0.05586117506027222,-0.12007030099630356,0.3322738707065582,0.35351473093032837,0.5214152932167053,-0.12605814635753632,0.7936961650848389,0.04878807067871094,-0.21616169810295105
15,423,440,459,475,0.6203793883323669,-0.23482218384742737,0.04580947011709213,0.9421663880348206,-0.12764334678649902,-0.2742222547531128,0.31649938225746155,-0.2113545536994934,-0.22245103120803833,-0.2652447819709778,0.4598240852355957,-0.2325393557548523,-0.12090804427862167,0.3595552146434784,0.015507608652114868,-0.22395193576812744,-0.19308355450630188,-0.2692805528640747,-0.2668856084346771,-0.25051379203796387,-0.1490376889705658,-0.08410100638866425,0.2716994285583496,0.3669053614139557,-0.05222069472074509,0.4986013174057007,-0.17698466777801514,-0.1870604157447815,0.4734044373035431,0.35146546363830566,-0.15211573243141174,-0.23986205458641052,0.049575693905353546,0.17305919528007507,-0.2185438573360443,-0.03336239606142044,-0.2469518929719925,0.3545028567314148,-0.24325309693813324,0.0038804225623607635,-0.217405304312706,-0.22755791246891022,-0.13213732838630676,0.21015764772891998,0.14365151524543762,-0.21129290759563446,-0.2346377670764923,0.4602087140083313,0.11123659461736679,0.2685900926589966,0.6431594491004944,-0.12401897460222244,0.46243178844451904,-0.24116204679012299,0.6262209415435791,-0.24889175593852997,0.04150401055812836,0.0762314647436142,0.5219326019287109,-0.2644619941711426,-0.02041345089673996,0.6506820917129517,-0.06917892396450043,-0.21719948947429657,0.6012991070747375,-0.2363492101430893,-0.1449832171201706,0.17885932326316833,-0.07545308768749237,0.5086363554000854,0.6653517484664917,-0.2025206983089447,-0.15909244120121002,-0.12399876117706299,-0.06496093422174454,-0.06572817265987396,0.15734317898750305,-0.2576940655708313,-0.20837031304836273,-0.16349294781684875,-0.10074745118618011,-0.26328158378601074,-0.25443756580352783,0.6529494524002075,0.07114557921886444,-0.0053847357630729675,-0.22240512073040009,-0.1461179256439209,0.2852768301963806,-0.21522966027259827,-0.25205790996551514,-0.023119725286960602,0.09101108461618423,-0.24052788317203522,0.9245761036872864,-0.18816155195236206,-0.23013019561767578,-0.0550786592066288,-0.2466754913330078,0.2285837084054947,0.7995516061782837,0.12338954210281372,0.04661155492067337,0.36677300930023193,-0.18952888250350952,0.09803652763366699,-0.04826859012246132,-0.07880645245313644,-0.09939812123775482,-0.12860798835754395,0.5085994601249695,-0.1538647562265396,-0.12661214172840118,-0.03632018715143204,0.6628759503364563,-0.23203569650650024,0.731544017791748,-0.20245970785617828,-0.25018012523651123,0.058679066598415375,-0.12636905908584595,0.27071958780288696,-0.15191470086574554,0.477848082780838,-0.1434108316898346,0.6079736351966858,0.03503628075122833,-0.22083838284015656
16,392,477,424,509,0.22694820165634155,-0.2564292252063751,-0.1131025180220604,0.9612706303596497,-0.12335137277841568,-0.2187008410692215,0.06769454479217529,-0.2331700325012207,-0.23304840922355652,-0.267925888299942,0.6344959735870361,-0.23515202105045319,-0.08242350071668625,0.08570171892642975,-0.13443128764629364,-0.23170879483222961,-0.08614102005958557,-0.2301393300294876,-0.24912971258163452,-0.21824929118156433,-0.14985232055187225,-0.08918951451778412,0.2885907292366028,0.6211023330688477,0.3356022834777832,0.45436984300613403,-0.10847398638725281,-0.18853500485420227,0.3117828369140625,0.2893444299697876,-0.22215738892555237,-0.2153855860233307,0.17797233164310455,0.45737916231155396,-0.21367953717708588,-0.22687798738479614,-0.2419731616973877,0.01187431812286377,-0.21277955174446106,-0.020463481545448303,-0.2407192587852478,-0.21619604527950287,-0.06531138718128204,0.09637650847434998,0.13879571855068207,-0.23746255040168762,-0.23983745276927948,0.3814815878868103,0.21940049529075623,0.229543998837471,0.8642200827598572,-0.22567985951900482,0.11394335329532623,-0.20659959316253662,0.20921587944030762,-0.18901121616363525,-0.2016337364912033,0.32594093680381775,0.7968605756759644,-0.16854405403137207,-0.17657199501991272,0.6855069398880005,-0.08989225327968597,-0.17633382976055145,-0.039936166256666183,-0.2555176615715027,0.14494585990905762,0.029409170150756836,-0.10657119005918503,0.5985338687896729,0.3856213688850403,-0.24128586053848267,-0.18682917952537537,-0.04638097062706947,-0.11442677676677704,-0.10445605963468552,0.2934175729751587,-0.2382940798997879,-0.18870176374912262,-0.14306849241256714,-0.08843675255775452,-0.27561861276626587,-0.25797271728515625,1.0863544940948486,-0.007779465056955814,0.009040489792823792,-0.1928236335515976,-0.10828443616628647,0.29755067825317383,-0.2136402726173401,-0.21604961156845093,0.06821902096271515,0.16753420233726501,-0.23647423088550568,0.42079687118530273,-0.19757109880447388,-0.19867290556430817,-0.0857066959142685,-0.26019781827926636,0.15859028697013855,0.733379065990448,-0.018393047153949738,0.08322180062532425,0.2817412316799164,-0.22203123569488525,0.031054571270942688,-0.15271490812301636,0.08565233647823334,0.03891570121049881,0.006515616551041603,-0.1711828112602234,-0.19051489233970642,-0.17551253736019135,-0.24263286590576172,0.6853913068771362,-0.24000604450702667,0.6470633745193481,-0.2707939147949219,-0.26402944326400757,-0.12215737998485565,-0.10897321999073029,0.3105708956718445,-0.2607293725013733,0.32268285751342773,-0.15574640035629272,0.5847863554954529,-0.1280800998210907,-0.20800267159938812
17,696,395,735,435,0.7365331649780273,-0.2506549656391144,0.10183515399694443,1.0399216413497925,-0.20342116057872772,0.4396696984767914,0.4340585470199585,-0.229582741856575,-0.14104630053043365,-0.24830710887908936,0.19933249056339264,-0.2615296542644501,0.04677252843976021,0.23458941280841827,0.42043039202690125,-0.20841039717197418,-0.09106788784265518,-0.19139952957630157,0.3851976692676544,-0.05047661066055298,0.03454034775495529,-0.00952641200274229,0.36159563064575195,0.254958838224411,0.027108462527394295,0.6889498829841614,0.0020304520148783922,-0.11695047467947006,0.2818637788295746,0.5142765045166016,0.17483866214752197,-0.09419551491737366,-0.0001230513007612899,0.2108948975801468,-0.16562438011169434,-0.1568421870470047,-0.08897822350263596,0.06525307148694992,0.6052915453910828,-0.038364510983228683,-0.144274041056633,-0.11945897340774536,0.04771600291132927,-0.007146450225263834,0.5096389651298523,0.0767710879445076,-0.21442516148090363,0.2921709716320038,0.23046481609344482,0.18517152965068817,0.5875675678253174,0.3962632119655609,0.2196255326271057,-0.20820800960063934,1.4102329015731812,-0.25045979022979736,0.04928236082196236,0.1519026905298233,0.7921112179756165,-0.23615004122257233,0.02737301029264927,0.48667705059051514,-0.17660017311573029,-0.102927066385746,0.18029017746448517,0.19622091948986053,0.30362749099731445,0.25267550349235535,-0.034464240074157715,0.6577025055885315,0.3176858127117157,-0.2556101083755493,-0.10395056009292603,0.047340720891952515,-0.1460360437631607,-0.08148621767759323,1.0569027662277222,-0.12281179428100586,-0.24343864619731903,-0.1596924215555191,0.1482209712266922,-0.26183825731277466,-0.2684870958328247,0.25161829590797424,0.6155608892440796,0.0656568631529808,-0.14847604930400848,-0.158171147108078,0.09070095419883728,-0.1841161698102951,-0.24887144565582275,0.12469002604484558,0.2738548517227173,-0.08894840627908707,0.1170613244175911,-0.05739721283316612,-0.09933575242757797,0.05603800341486931,-0.23812417685985565,0.10438510030508041,0.5817123055458069,0.14126969873905182,-0.07871460169553757,0.4052429497241974,0.5326072573661804,-0.021456656977534294,-0.01018059253692627,-0.09678500890731812,-0.19551177322864532,-0.09202789515256882,0.6444757580757141,-0.16562210023403168,0.28908059000968933,0.3779887855052948,0.49684643745422363,-0.0878988727927208,0.5635251998901367,-0.2296646386384964,-0.13613174855709076,-0.0019209086894989014,-0.05458732321858406,0.27400046586990356,-0.06384104490280151,0.550803005695343,-0.1488277167081833,0.973853349685669,-0.20039670169353485,-0.19286386668682098
18,628,416,661,449,0.627991259098053,-0.2046099752187729,0.039476267993450165,0.9604608416557312,-0.1860775351524353,0.21009561419487,0.1575089395046234,-0.21753564476966858,0.6652736663818359,-0.23154950141906738,0.2964898645877838,-0.15530772507190704,-0.12055450677871704,0.8867537379264832,0.23284244537353516,-0.26625996828079224,0.17325779795646667,0.24485990405082703,0.3269227147102356,-0.0800246000289917,-0.2360752522945404,-0.13338562846183777,0.33643779158592224,0.009507767856121063,0.8789547085762024,1.1721186637878418,-0.0959705039858818,-0.15566296875476837,0.06202365458011627,0.4142459034919739,-0.09689803421497345,0.014829650521278381,0.0706004947423935,0.3937225341796875,-0.21274647116661072,-0.02005382627248764,-0.22129163146018982,0.6809876561164856,0.7228584885597229,-0.19500680267810822,-0.16385290026664734,-0.20733791589736938,0.04701855033636093,-0.1304246038198471,0.5480126738548279,0.5908588767051697,-0.21086063981056213,1.25324547290802,1.1568772792816162,0.7888169884681702,0.31682220101356506,0.4934077858924866,0.7800815105438232,-0.17201927304267883,2.0966360569000244,-0.1844349205493927,-0.03380756825208664,0.1230626255273819,1.3863728046417236,-0.19396084547042847,0.928290605545044,-0.026453658938407898,-0.11169032007455826,-0.19951802492141724,0.39120402932167053,-0.2693213224411011,0.5248022675514221,-0.04459948092699051,-0.09997596591711044,-0.061450548470020294,0.22095748782157898,-0.2358769029378891,-0.2515333890914917,0.5463200807571411,0.028899550437927246,-0.25389766693115234,1.0975520610809326,-0.22803717851638794,-0.22099527716636658,-0.07598454505205154,0.5131475925445557,-0.20972205698490143,-0.25957322120666504,0.6557949185371399,1.5564734935760498,-0.041556522250175476,-0.21339771151542664,-0.05366271734237671,0.8842841386795044,-0.17164947092533112,-0.18664385378360748,0.16550423204898834,-0.003049425780773163,-0.2691664397716522,0.3350076377391815,-0.16818511486053467,-0.2306947261095047,0.10838060081005096,-0.2008938193321228,0.18386778235435486,0.09604024887084961,-0.23018401861190796,-0.021270260214805603,0.7557787895202637,0.532849907875061,0.9629098176956177,-0.14588025212287903,0.976509690284729,-0.1467835158109665,-0.2502724826335907,0.6845173239707947,-0.24266718327999115,0.5413479804992676,0.30046796798706055,0.2672569155693054,-0.10977325588464737,0.6938393115997314,0.2890028953552246,-0.23666490614414215,0.29654964804649353,0.003082895651459694,0.4324412941932678,0.09975211322307587,0.8313866257667542,-0.22029651701450348,1.4124805927276611,-0.24262040853500366,-0.24300046265125275
19,416,881,456,920,0.6467421650886536,-0.1392776519060135,0.4606136679649353,0.9417405128479004,-0.2493458241224289,-0.03252784162759781,0.21541810035705566,-0.22795547544956207,-0.17087864875793457,-0.2496190369129181,0.26493149995803833,-0.10408702492713928,-0.11780444532632828,0.556837260723114,0.21973764896392822,-0.2237277328968048,-0.18063808977603912,-0.14496192336082458,0.5357407331466675,-0.012131549417972565,-0.1900247484445572,0.4521605968475342,0.2142500877380371,-0.02494889497756958,0.452306866645813,0.6236681938171387,-0.07863199710845947,-0.1258968561887741,-0.06023441255092621,0.21687278151512146,-0.24603812396526337,-0.14727962017059326,0.0019226297736167908,0.5734724998474121,-0.13350918889045715,-0.08201498538255692,-0.23367860913276672,-0.0866236463189125,-0.22523146867752075,-0.046649444848299026,-0.13588345050811768,-0.20446017384529114,0.19778019189834595,0.15307128429412842,-0.04000158607959747,0.0017881393432617188,-0.2012726068496704,0.8643736839294434,0.5473141670227051,0.09393174201250076,0.6944388151168823,0.2335495501756668,0.18242624402046204,-0.17992664873600006,1.4390352964401245,-0.2464028000831604,0.3095729351043701,0.20095865428447723,1.4313108921051025,0.01318398118019104,0.2881540060043335,0.09307566285133362,-0.10911668837070465,-0.2011459469795227,0.1544768512248993,-0.25987139344215393,0.5342430472373962,0.07761403918266296,-0.1624889224767685,0.07072118669748306,0.6325330138206482,-0.1810707002878189,-0.21103481948375702,0.1898869425058365,-0.0573834627866745,-0.2463177591562271,0.3172689974308014,-0.22790735960006714,-0.07035008817911148,-0.20039352774620056,0.1799170970916748,-0.22653591632843018,-0.274869441986084,0.44666004180908203,0.17254966497421265,-0.016871377825737,-0.10262711346149445,-0.18081583082675934,0.05059553310275078,-0.194602370262146,-0.18737748265266418,-0.006082560867071152,-0.0829608291387558,-0.25142529606819153,0.9768863916397095,-0.13767816126346588,-0.25065457820892334,-0.06439737230539322,-0.2488732635974884,0.2053678184747696,0.006166271865367889,-0.21059897541999817,0.1161881759762764,0.609793484210968,0.07122718542814255,0.32792025804519653,-0.08436382561922073,1.336851716041565,-0.1871342957019806,-0.11653123795986176,0.4315871000289917,-0.2086266428232193,0.5343090891838074,-0.12634745240211487,0.32825416326522827,-0.1609683334827423,-0.09470710158348083,-0.14150477945804596,-0.1817517876625061,0.10816842317581177,-0.14227232336997986,0.24650202691555023,0.645764172077179,0.6264077425003052,-0.2022835612297058,1.1971936225891113,-0.11283467710018158,-0.2328270822763443
20,351,467,385,500,0.6573612093925476,-0.21528492867946625,0.29928362369537354,1.0523792505264282,-0.2249826192855835,0.4979759156703949,0.02341114729642868,-0.15123479068279266,0.16720692813396454,-0.21318016946315765,0.2917894721031189,-0.2555083930492401,-0.019191356375813484,0.6625676155090332,0.49721598625183105,-0.21090014278888702,0.22733604907989502,-0.19034624099731445,0.010230581276118755,0.10882378369569778,-0.09252756088972092,0.4991154372692108,0.44877102971076965,0.02280726097524166,0.24754033982753754,0.5261836647987366,-0.07566127926111221,-0.1104210838675499,0.07986675947904587,0.8158543109893799,-0.11736861616373062,-0.22178252041339874,-0.004771590232849121,0.19174884259700775,-0.13180813193321228,-0.07608801126480103,-0.16423048079013824,-0.007362311240285635,0.2636880576610565,-0.11664489656686783,-0.20880134403705597,-0.14728067815303802,-0.06842140108346939,0.11422815918922424,0.23601746559143066,-0.07087250798940659,-0.19275103509426117,0.5523297190666199,0.23056228458881378,0.04410555586218834,0.44860386848449707,0.610822856426239,0.31519949436187744,-0.225879967212677,1.3746312856674194,-0.2469894140958786,0.08416508883237839,0.0691322609782219,1.1132020950317383,-0.20619572699069977,0.1327584832906723,0.18921077251434326,-0.07476647943258286,-0.2242312878370285,0.12931311130523682,0.2591264545917511,0.7642422318458557,0.2540881931781769,-0.1160627231001854,0.04883674159646034,0.47982168197631836,-0.22841113805770874,-0.1279759556055069,0.10141730308532715,0.046935249119997025,-0.17994117736816406,0.721157968044281,-0.23562376201152802,-0.07532962411642075,-0.19266940653324127,0.5893417000770569,-0.222883939743042,-0.2651062607765198,0.2177012711763382,0.3071185052394867,-0.1605776846408844,-0.13668735325336456,-0.17948049306869507,0.0665212869644165,-0.20559756457805634,-0.16279438138008118,0.16266946494579315,0.11728175729513168,-0.2248745709657669,0.21808119118213654,-0.05675386264920235,-0.21158993244171143,-0.0011891946196556091,-0.2380232810974121,0.18716847896575928,0.10094425827264786,-0.049040455371141434,0.011540056206285954,0.25534573197364807,0.6670798659324646,0.23315644264221191,0.016745062544941902,0.5741872787475586,-0.15926098823547363,-0.156415194272995,0.8927980065345764,-0.14162270724773407,0.14837436378002167,0.3232313394546509,0.11277351528406143,-0.17501316964626312,0.0011054500937461853,-0.21048860251903534,-0.15652704238891602,0.13772036135196686,-0.10000566393136978,0.43391668796539307,0.25538599491119385,0.5711875557899475,-0.14706113934516907,0.46484342217445374,-0.14699852466583252,-0.18714328110218048
21,627,295,659,326,0.7617059946060181,-0.19221925735473633,-0.08062739670276642,0.9927467107772827,-0.20600809156894684,0.2478746473789215,0.5129432678222656,-0.1373913586139679,0.10015358030796051,-0.18791091442108154,0.20804595947265625,-0.19244763255119324,-0.13513723015785217,0.2919244170188904,0.1665627658367157,-0.2191278636455536,-0.24563948810100555,-0.07419262826442719,-0.2685624361038208,0.019018322229385376,-0.16264167428016663,0.35095030069351196,0.24454963207244873,0.7716066837310791,-0.08895045518875122,0.8323847651481628,-0.12961381673812866,0.020728539675474167,0.3168014883995056,0.9046699404716492,-0.15632984042167664,-0.24484169483184814,-0.03442241996526718,0.07819028943777084,-0.15596935153007507,-0.07171696424484253,-0.16382698714733124,0.16831007599830627,-0.2525775730609894,0.03516042232513428,-0.2050415724515915,-0.17686307430267334,-0.1351795643568039,0.11846251785755157,0.2361014485359192,-0.17638012766838074,-0.14004941284656525,0.5932408571243286,0.32317739725112915,0.215416818857193,0.8722687363624573,0.8088170886039734,0.28426218032836914,-0.21396000683307648,0.8981534242630005,-0.19919034838676453,0.0011000186204910278,-0.03674672544002533,1.2917969226837158,-0.1988496482372284,0.016664672642946243,0.5629743337631226,-0.22268445789813995,-0.20569738745689392,0.7371435761451721,0.09345832467079163,0.719720184803009,0.12897169589996338,-0.01193730067461729,0.08853776752948761,0.6796212792396545,-0.24347680807113647,-0.1519949734210968,0.016456831246614456,-0.18494060635566711,-0.17588591575622559,0.16590741276741028,-0.22667795419692993,-0.08010618388652802,-0.15832942724227905,0.8173167705535889,-0.16317304968833923,-0.2686564326286316,0.1234237402677536,0.4568694829940796,-0.1326780915260315,0.00869661569595337,-0.16376350820064545,0.14876694977283478,-0.1775996834039688,-0.162313774228096,0.13670781254768372,0.14115241169929504,-0.2546471953392029,0.4233032464981079,-0.023518994450569153,-0.2309095412492752,-0.06669306010007858,-0.25464874505996704,0.29819923639297485,-0.011737748980522156,0.13208933174610138,-0.06271544098854065,0.6409446001052856,0.4363268315792084,0.17047277092933655,0.049223460257053375,0.24791774153709412,-0.23767989873886108,-0.22228950262069702,0.9515342712402344,-0.10754705965518951,-0.06315693259239197,0.05206233263015747,0.11147211492061615,-0.21404996514320374,0.21758143603801727,-0.19155825674533844,-0.23870810866355896,0.21391916275024414,-0.09353862702846527,0.18273600935935974,-0.04153747856616974,0.6148896217346191,-0.08936269581317902,0.5580585598945618,0.041962966322898865,-0.19536341726779938
22,709,698,772,760,0.5227189064025879,-0.18375210464000702,0.362488716840744,1.0834686756134033,-0.24356326460838318,-0.21012835204601288,0.05404031649231911,-0.09585154056549072,-0.24817460775375366,-0.23535209894180298,0.3025631010532379,-0.05581146851181984,0.08407966047525406,0.18857315182685852,0.21119602024555206,-0.09646302461624146,-0.2098713517189026,-0.1463966965675354,0.22583964467048645,-0.036455824971199036,0.0036669960245490074,0.07701443135738373,0.6551178693771362,0.1747492551803589,0.23234692215919495,0.1356203556060791,-0.14741434156894684,-0.18877080082893372,0.41304099559783936,0.4265190064907074,-0.06984151899814606,-0.22502216696739197,-0.01687919721007347,0.36039453744888306,-0.15588261187076569,-0.09533556550741196,-0.220926895737648,0.4177444279193878,-0.22838906943798065,0.222381591796875,-0.21273458003997803,-0.1587335169315338,0.10581215471029282,0.37702006101608276,0.17846322059631348,-0.17217884957790375,-0.21392413973808289,0.4760739803314209,0.2744617462158203,0.41597020626068115,0.3933040499687195,-0.05122387409210205,0.5338289141654968,-0.2079092264175415,0.3209553062915802,-0.19436109066009521,-0.11605456471443176,0.12487810850143433,0.47035956382751465,-0.20231497287750244,0.32921287417411804,0.7638878226280212,-0.07716883718967438,-0.024648524820804596,0.20214329659938812,-0.024220053106546402,-0.06533855944871902,0.21019388735294342,0.13102836906909943,0.6215735077857971,0.7091324925422668,-0.15326732397079468,0.004486389458179474,0.2075677514076233,-0.1649951934814453,-0.07363966852426529,0.13087880611419678,-0.09554097801446915,-0.18159937858581543,-0.2556031346321106,0.14549890160560608,-0.19327688217163086,-0.27120402455329895,0.2920645773410797,-0.09096138179302216,0.08908358216285706,-0.1899765580892563,-0.22017385065555573,0.34040728211402893,-0.23997163772583008,-0.06076200678944588,0.2825285792350769,0.2929256856441498,-0.2637600898742676,-0.012405939400196075,-0.22224955260753632,-0.2306922972202301,-0.08589276671409607,-0.16679754853248596,0.14621061086654663,-0.02276507019996643,0.20798525214195251,0.20479093492031097,0.3346900939941406,0.1340138167142868,0.5216220021247864,0.1974683403968811,0.0894426703453064,-0.04394890367984772,-0.01605403423309326,0.09521207213401794,-0.2022244781255722,0.14411063492298126,-0.1494276374578476,0.46901196241378784,-0.1255297213792801,0.8071225881576538,-0.15414753556251526,-0.20723241567611694,-0.013656195253133774,-0.15387365221977234,0.386871874332428,-0.06333468109369278,0.4005291759967804,-0.06420686841011047,0.5055211186408997,-0.045518405735492706,-0.18464238941669464
23,295,490,333,526,0.3962465226650238,-0.24008898437023163,-0.03627894073724747,1.0423407554626465,-0.20252004265785217,-0.27521175146102905,0.24306540191173553,-0.1796070635318756,-0.22687095403671265,-0.26034390926361084,0.42325419187545776,-0.2775675058364868,0.06895086169242859,0.15116596221923828,0.19109994173049927,-0.1973845511674881,0.45092934370040894,-0.26427409052848816,-0.21257399022579193,-0.1253303587436676,0.15770497918128967,-0.05724578723311424,0.3034595251083374,0.6759050488471985,-0.01536196656525135,0.4341791570186615,-0.21687480807304382,-0.22402670979499817,0.5219910740852356,0.5417018532752991,-0.20010262727737427,-0.19972503185272217,0.012212678790092468,0.2737761437892914,-0.19613559544086456,-0.09424595534801483,-0.19049039483070374,0.13123472034931183,-0.23437832295894623,-0.008886449038982391,-0.16180703043937683,-0.1510879099369049,-0.08301344513893127,0.6058683395385742,0.45483508706092834,-0.23066118359565735,-0.1702996790409088,0.47512954473495483,0.19019761681556702,0.16436457633972168,0.899230420589447,0.016378134489059448,0.47689199447631836,-0.23242877423763275,0.34059035778045654,-0.27215576171875,-0.08845584839582443,0.7332316637039185,0.8513137102127075,-0.2532373070716858,0.0224788598716259,0.7692071199417114,-0.16014735400676727,0.11999262124300003,0.2106846570968628,0.2556305229663849,0.17533466219902039,0.19039857387542725,-0.07313941419124603,0.38870930671691895,0.4773242473602295,-0.20457535982131958,-0.195950448513031,0.40243592858314514,-0.07446537911891937,0.011943541467189789,0.2137235403060913,-0.2383037507534027,-0.16093450784683228,-0.2321864813566208,-0.07808256894350052,-0.2563468813896179,-0.2676606774330139,0.29563596844673157,0.01348611805588007,-0.18103289604187012,-0.12371531128883362,-0.21606501936912537,0.18480010330677032,-0.2094961702823639,-0.24282878637313843,-0.013693660497665405,0.2729087173938751,-0.23389312624931335,-0.019393756985664368,-0.051603060215711594,-0.22429406642913818,0.2834186553955078,-0.2400742471218109,0.09135903418064117,0.5373547673225403,0.08651991188526154,0.041469279676675797,0.4825252294540405,-0.24591964483261108,0.35448896884918213,-0.03240431845188141,-0.1466875970363617,0.11846769601106644,-0.08898724615573883,0.1436999887228012,-0.07205720245838165,-0.0663817748427391,-0.16836465895175934,0.4150709807872772,-0.16458144783973694,0.6669254899024963,-0.24147728085517883,-0.22433291375637054,0.021312080323696136,-0.1460503190755844,0.38979920744895935,-0.23120789229869843,0.4391607642173767,-0.0020288750529289246,0.5504510402679443,-0.057003967463970184,-0.19357813894748688
24,645,544,683,580,0.673629105091095,-0.19047671556472778,-0.08834140747785568,0.9852150082588196,-0.16011756658554077,-0.18348005414009094,0.48576194047927856,-0.17993538081645966,-0.05105368793010712,-0.21205994486808777,0.36377182602882385,-0.22032222151756287,0.006251107901334763,0.11932362616062164,0.33179786801338196,-0.20373490452766418,-0.12595926225185394,-0.19692212343215942,0.2500264346599579,0.26997652649879456,-0.11860056966543198,0.04419543594121933,0.14679263532161713,0.11140376329421997,0.7316532731056213,0.706406831741333,-0.054584745317697525,-0.10443353652954102,0.11696101725101471,0.24985729157924652,-0.2174132913351059,0.048986874520778656,0.1328575313091278,0.17021536827087402,-0.11385244131088257,-0.0302044078707695,-0.2382761836051941,0.06116537004709244,-0.25348013639450073,0.10569438338279724,-0.1631430685520172,-0.1914706528186798,0.05436461418867111,-0.0015020370483398438,0.2337530255317688,-0.1477256864309311,-0.21312977373600006,0.4926140308380127,0.6961663961410522,0.37179094552993774,0.6467716693878174,0.06507033109664917,0.24189281463623047,-0.17062708735466003,0.7137167453765869,-0.24391336739063263,0.1867663860321045,0.140171617269516,0.5852282047271729,-0.24962258338928223,0.2481672614812851,0.32200995087623596,0.11469100415706635,-0.19497504830360413,-0.022001110017299652,-0.16289356350898743,0.05370281636714935,0.011738456785678864,0.20687764883041382,0.631173312664032,0.49733325839042664,-0.22611713409423828,-0.16679510474205017,0.060812707990407944,-0.02516898512840271,-0.14931561052799225,0.13941019773483276,-0.230722114443779,-0.13339047133922577,-0.15763208270072937,0.06776333600282669,-0.2348325550556183,-0.2734507918357849,1.28609037399292,0.1768680363893509,-0.07511918991804123,-0.26236391067504883,-0.16127420961856842,0.2573472559452057,-0.20794902741909027,-0.18998783826828003,0.08095528185367584,0.020761243999004364,-0.2468131184577942,0.8203891515731812,-0.19734953343868256,-0.25249147415161133,-0.07380414009094238,-0.22411832213401794,0.11200554668903351,0.5828575491905212,0.1433437317609787,0.11259040236473083,0.27229976654052734,-0.2583513855934143,0.2714962363243103,0.12333019077777863,0.8948050737380981,-0.2219182252883911,-0.153142511844635,0.34508854150772095,-0.22557134926319122,-0.020840588957071304,-0.10032467544078827,0.5148652791976929,-0.17126518487930298,0.42108210921287537,-0.11913414299488068,-0.1626841425895691,0.10587774217128754,-0.1028946191072464,0.3555692434310913,0.30563873052597046,0.8285524845123291,-0.13212281465530396,0.9356010556221008,-0.15638694167137146,-0.21831443905830383
25,535,308,572,343,0.7248419523239136,-0.249442458152771,0.060176700353622437,0.9652616381645203,-0.1554921716451645,-0.24347040057182312,0.25377583503723145,-0.1960614025592804,-0.21329617500305176,-0.2352420538663864,0.4065988063812256,-0.23616275191307068,-0.0914786234498024,0.40217453241348267,0.15460890531539917,-0.21907499432563782,-0.19732439517974854,-0.2457786351442337,-0.02787204086780548,-0.04089677333831787,-0.13047370314598083,-0.000860750675201416,0.34082016348838806,0.1527220606803894,0.08903039991855621,0.5676527619361877,-0.10645070672035217,-0.1796853244304657,0.18405047059059143,0.2859349846839905,-0.19532334804534912,-0.14848437905311584,0.14660708606243134,0.19972044229507446,-0.16535943746566772,0.1563623994588852,-0.2506468892097473,0.2621188759803772,-0.27186399698257446,0.05175923556089401,-0.10791853070259094,-0.21906974911689758,-0.14089708030223846,-0.06884635984897614,0.13982443511486053,-0.17173203825950623,-0.24752181768417358,0.4766615927219391,0.28860050439834595,0.2778100371360779,0.6033056378364563,-0.05998578667640686,0.2935659885406494,-0.21820113062858582,0.8415219187736511,-0.20193889737129211,0.2574078440666199,0.11513936519622803,0.7033482193946838,-0.2569780945777893,0.04187881946563721,0.32259082794189453,0.09240474551916122,-0.24326081573963165,0.1448161005973816,-0.22709855437278748,0.06294625997543335,0.09053467214107513,0.03955361992120743,0.37517786026000977,0.4927605390548706,-0.23059503734111786,-0.1335015594959259,-0.004687793552875519,0.011633872985839844,-0.11155465990304947,0.11436541378498077,-0.2540980875492096,-0.19576653838157654,-0.17403337359428406,-0.03984721004962921,-0.25812557339668274,-0.26990845799446106,0.8415863513946533,0.07472746074199677,-0.06382942199707031,-0.21773628890514374,-0.13957612216472626,0.33906713128089905,-0.21335016191005707,-0.26152417063713074,0.020405322313308716,0.10032882541418076,-0.25308263301849365,1.0018407106399536,-0.16438081860542297,-0.23726493120193481,-0.14231590926647186,-0.2534483075141907,0.20219941437244415,0.7534909248352051,0.062224455177783966,-0.02639615908265114,0.2513219118118286,-0.23748354613780975,0.12929317355155945,-0.06544442474842072,0.6162673234939575,-0.19107264280319214,-0.1629742980003357,0.805366575717926,-0.10354023426771164,-0.1369052529335022,-0.08100536465644836,0.5227069854736328,-0.20564040541648865,0.4298827052116394,-0.2076941430568695,-0.18511824309825897,0.06303735822439194,-0.11519399285316467,0.4042212963104248,0.1247689351439476,0.4059244692325592,-0.18041005730628967,0.8068368434906006,-0.14499002695083618,-0.22630128264427185
26,229,554,265,591,0.33272066712379456,-0.2069094479084015,-0.05812053382396698,1.0254292488098145,-0.21610027551651,-0.24331682920455933,0.28842106461524963,-0.17924946546554565,-0.2640644311904907,-0.26087686419487,0.4130881130695343,-0.24573543667793274,-0.09166416525840759,0.11262352764606476,0.1870412975549698,-0.20361918210983276,-0.07339973747730255,-0.27397966384887695,-0.09349845349788666,-0.13253836333751678,-0.09288250654935837,0.011562541127204895,0.20029659569263458,0.8246975541114807,0.08667400479316711,0.6143712401390076,-0.2050580084323883,-0.10214109718799591,0.3682329058647156,0.5246555805206299,-0.15779176354408264,-0.1436137855052948,-0.02675258368253708,0.25354325771331787,-0.13805463910102844,-0.17426744103431702,-0.21797814965248108,0.10259892046451569,-0.2414444386959076,0.1668577492237091,-0.21085718274116516,-0.18281011283397675,0.06808781623840332,0.2998969256877899,0.2908666431903839,-0.22233930230140686,-0.18383434414863586,0.4622948169708252,0.5563147068023682,0.2968248724937439,0.9501022100448608,0.11909365653991699,0.4122459888458252,-0.2230200171470642,0.3699420988559723,-0.2142946422100067,0.0502626895904541,0.5633968114852905,0.8272752165794373,-0.23186664283275604,0.15038706362247467,0.6493317484855652,-0.1683712750673294,-0.040227942168712616,0.3084022104740143,-0.21089273691177368,0.23945003747940063,0.24391305446624756,-0.01076294481754303,0.41845250129699707,0.5233711004257202,-0.2416485697031021,-0.15450868010520935,0.2762486934661865,-0.15797267854213715,-0.13803499937057495,0.08864040672779083,-0.1610509753227234,-0.08892236649990082,-0.22915571928024292,0.27918386459350586,-0.2294602245092392,-0.2732415199279785,0.5949771404266357,0.09882882982492447,-0.1560215801000595,-0.148860901594162,-0.20549988746643066,0.2044891119003296,-0.2086494266986847,-0.27409040927886963,0.08271311223506927,0.12946206331253052,-0.272652804851532,-0.05258708819746971,-0.13636910915374756,-0.24095283448696136,0.3245435655117035,-0.2323770523071289,0.17133378982543945,0.277900755405426,0.10616599768400192,0.08648063242435455,0.6203310489654541,-0.1644986867904663,0.511969268321991,0.026824630796909332,0.4905552864074707,-0.16728119552135468,-0.12508192658424377,0.18969783186912537,-0.15151865780353546,0.07644450664520264,-0.1368846446275711,0.3440890312194824,-0.18594799935817719,0.615162193775177,-0.22918738424777985,-0.23343881964683533,0.07467485219240189,-0.1170135959982872,0.252662718296051,-0.025051675736904144,0.6511595845222473,-0.056114163249731064,0.52318274974823,0.07238854467868805,-0.21945920586585999
27,788,300,828,340,0.5342808961868286,-0.19885332882404327,0.11378947645425797,1.0047428607940674,-0.17904148995876312,-0.25586023926734924,0.4345329701900482,-0.17945842444896698,-0.2691746950149536,-0.2210514396429062,0.2918732762336731,-0.25220251083374023,0.038178931921720505,0.24513083696365356,0.3076627552509308,-0.19662070274353027,-0.13924503326416016,-0.17740565538406372,0.6214028596878052,0.10193133354187012,0.00321003794670105,0.025222351774573326,0.23097510635852814,0.5502815246582031,0.13531708717346191,0.49828338623046875,-0.15089626610279083,-0.12976041436195374,0.38053250312805176,0.2981390953063965,-0.15804743766784668,-0.04254232347011566,0.051524948328733444,0.19616979360580444,-0.13067671656608582,-0.19595426321029663,-0.23097443580627441,0.252105712890625,-0.2563692331314087,0.23042599856853485,-0.20484809577465057,-0.19256114959716797,0.11258205026388168,0.046680551022291183,0.1920222043991089,-0.19417375326156616,-0.2030622512102127,0.5504187941551208,0.5302108526229858,0.30060988664627075,0.5567814111709595,0.0017383346566930413,0.27777424454689026,-0.19602477550506592,0.7042961120605469,-0.22823746502399445,0.10501184314489365,0.20254643261432648,0.6384410858154297,-0.19665856659412384,0.3963852822780609,0.5266991257667542,-0.07018252462148666,0.08265002816915512,0.24608375132083893,-0.200444757938385,-0.09901309013366699,0.14576224982738495,0.13678638637065887,0.5898224711418152,0.5471012592315674,-0.22180314362049103,-0.1462312489748001,0.20517903566360474,-0.18347527086734772,-0.08451980352401733,0.16824482381343842,-0.20331405103206635,-0.14693158864974976,-0.2175145000219345,0.11878211051225662,-0.23050940036773682,-0.2724485397338867,0.4507288932800293,0.15770621597766876,0.05700039491057396,-0.24608348309993744,-0.1888010948896408,0.2623627483844757,-0.21746639907360077,-0.18876433372497559,0.10972081869840622,0.0806179866194725,-0.2517870366573334,0.3102949559688568,-0.17599253356456757,-0.24392785131931305,0.09369403123855591,-0.21571020781993866,0.1615999937057495,0.2813688814640045,0.14716821908950806,-0.021198103204369545,0.45107877254486084,-0.20515859127044678,0.4345218241214752,0.02473560906946659,0.5321363806724548,-0.18728892505168915,-0.09713920205831528,0.09332850575447083,-0.19429318606853485,0.1689010113477707,-0.12481715530157089,0.49086880683898926,-0.15003818273544312,0.7846242785453796,-0.16754333674907684,-0.2181081771850586,-0.0011686583748087287,-0.12015017122030258,0.2414950579404831,0.17579250037670135,0.7032173275947571,-0.07152760773897171,0.9754877090454102,-0.09659098833799362,-0.20704548060894012
28,637,377,666,406,0.4862849712371826,-0.23093768954277039,-0.1282217651605606,0.9900487661361694,-0.17308321595191956,-0.23234811425209045,0.453391969203949,-0.23125162720680237,-0.18422183394432068,-0.23876073956489563,0.34135475754737854,-0.25719302892684937,-0.020091090351343155,0.10174814611673355,0.21040859818458557,-0.21204441785812378,0.3058038353919983,-0.25150567293167114,-0.2561841607093811,-0.22392746806144714,-0.06493021547794342,0.28272396326065063,0.40176844596862793,0.5628337264060974,-0.057897455990314484,-0.16526393592357635,-0.14372041821479797,-0.17223533987998962,0.20024888217449188,0.3251435160636902,-0.1700977087020874,-0.21663938462734222,-0.13424009084701538,0.3591717779636383,-0.2119515836238861,0.01536870002746582,-0.16881735622882843,0.14448854327201843,-0.2655967175960541,-0.07864416390657425,-0.24531665444374084,-0.1919535994529724,-0.23512646555900574,0.21856257319450378,0.06619994342327118,-0.2358788251876831,-0.2552928924560547,0.3153684139251709,0.03181049972772598,0.20477540791034698,0.8773831725120544,-0.02535790391266346,0.31931793689727783,-0.20523425936698914,0.6849188804626465,-0.2607278823852539,-0.05592713505029678,0.26528945565223694,0.8457182049751282,-0.23521597683429718,-0.15731936693191528,0.6837213635444641,-0.19897031784057617,-0.2669437527656555,0.4489426016807556,-0.14085562527179718,-0.1744919717311859,0.2433699071407318,-0.08780771493911743,0.39714664220809937,0.8397886157035828,-0.2220323234796524,-0.14258719980716705,-0.05195944756269455,-0.060586899518966675,-0.13204503059387207,0.12130363285541534,-0.25316351652145386,-0.2281094193458557,-0.20048679411411285,-0.11724874377250671,-0.2712440490722656,-0.2699429392814636,0.05146782845258713,0.16506578028202057,0.05126525089144707,-0.20924735069274902,-0.19217056035995483,0.16913636028766632,-0.21550844609737396,-0.2146468609571457,0.28372061252593994,0.06959083676338196,-0.21456608176231384,0.13362830877304077,-0.028157711029052734,-0.15438711643218994,0.035693682730197906,-0.2641852796077728,0.23605354130268097,1.0278241634368896,0.23156383633613586,-0.09902983903884888,0.3755757808685303,-0.14900320768356323,0.00921570509672165,-0.061686184257268906,-0.2475118637084961,-0.10645721107721329,-0.044341087341308594,0.6563429236412048,-0.019730418920516968,-0.18245504796504974,-0.15548449754714966,0.39177316427230835,-0.23305737972259521,0.33632227778434753,-0.24660208821296692,-0.24563968181610107,0.02993743121623993,-0.10501566529273987,0.26160359382629395,-0.27321216464042664,0.4784087836742401,-0.1562379002571106,0.23195329308509827,0.09743887931108475,-0.16402745246887207
29,448,585,476,612,0.3513985276222229,-0.24199624359607697,-0.10405875742435455,1.1273826360702515,-0.24900835752487183,-0.24804049730300903,0.3198327422142029,-0.25273236632347107,0.16306030750274658,-0.2547207474708557,0.11267566680908203,-0.2404749095439911,-0.2705819010734558,0.02467312663793564,0.7467024326324463,-0.2674461007118225,0.41837334632873535,-0.020836077630519867,-0.2145695686340332,0.040094487369060516,0.16211402416229248,1.4498354196548462,0.46456557512283325,1.2626410722732544,-0.1862182468175888,-0.17114859819412231,-0.21357661485671997,-0.24184831976890564,-0.24024783074855804,-0.2622346580028534,-0.22794565558433533,-0.15907663106918335,-0.21686917543411255,1.8728129863739014,-0.12203171104192734,0.44507116079330444,0.07750735431909561,0.20591704547405243,-0.2653331160545349,-0.20776110887527466,-0.1606622338294983,-0.005058713257312775,-0.13375665247440338,0.8962351083755493,0.051466770470142365,0.3589772582054138,0.09437199681997299,1.6999664306640625,0.27234524488449097,0.6102540493011475,0.5777120590209961,0.5716168284416199,1.5083963871002197,-0.2593194246292114,1.540406584739685,-0.22141790390014648,0.1393904685974121,1.1862081289291382,2.0116662979125977,-0.2705357074737549,0.029622752219438553,0.7261887788772583,-0.2153126299381256,-0.21910950541496277,0.28728216886520386,0.6599359512329102,-0.2273709774017334,-0.1814260184764862,-0.06209985166788101,-0.2154068946838379,1.7636823654174805,-0.25618094205856323,-0.2605327367782593,0.48299723863601685,-0.21959707140922546,-0.09527850151062012,-0.13640205562114716,-0.2556702196598053,-0.2034073770046234,-0.1824531853199005,0.1433173567056656,-0.26104313135147095,-0.2762870192527771,-0.24653896689414978,0.23342996835708618,-0.23812736570835114,-0.1283334642648697,-0.17439574003219604,0.5462695360183716,-0.27158212661743164,-0.1773815155029297,0.45330387353897095,-0.12221696972846985,0.09861133992671967,-0.17831167578697205,0.23607923090457916,-0.14445681869983673,-0.1733306646347046,-0.27491241693496704,0.05741693824529648,0.5591334104537964,-0.19030576944351196,-0.009839020669460297,0.6715847849845886,-0.2323985993862152,0.8610110282897949,-0.24588066339492798,-0.26976126432418823,-0.06863544881343842,-0.27463096380233765,1.4933403730392456,0.35125088691711426,0.6956011652946472,-0.24025872349739075,0.09139323234558105,-0.21826931834220886,0.5227603912353516,-0.05445147305727005,-0.2665182948112488,0.09669454395771027,-0.11820279061794281,0.8199002146720886,-0.2420881986618042,0.3586026728153229,-0.07182066887617111,0.40766391158103943,-0.10429764539003372,-0.0674038827419281
30,482,584,510,612,0.7021491527557373,-0.2502375841140747,-0.20696379244327545,1.1751974821090698,-0.1486600637435913,-0.12418209761381149,0.44572216272354126,-0.2260688990354538,-0.2081887423992157,-0.22968171536922455,0.2947461009025574,-0.16299018263816833,-0.21124723553657532,0.23092690110206604,0.2774692475795746,-0.21955162286758423,-0.2089024782180786,-0.2601543664932251,-0.25722381472587585,0.1445603370666504,-0.07862110435962677,1.4097638130187988,0.09424827247858047,0.7208065390586853,-0.11025723814964294,-0.265764445066452,-0.16016963124275208,-0.11765445023775101,0.18386013805866241,-0.06181919574737549,-0.24787795543670654,-0.23406027257442474,-0.2329605519771576,0.2579706609249115,-0.060880400240421295,0.2504589557647705,-0.036606937646865845,-0.0241033174097538,-0.24993762373924255,-0.06029267609119415,-0.2459423840045929,-0.03607925772666931,0.13079723715782166,0.39583420753479004,0.11625097692012787,-0.2537193298339844,-0.2526385188102722,0.3963252604007721,0.8283796310424805,0.11783827841281891,1.0411694049835205,0.42136186361312866,0.1459687501192093,-0.2554866671562195,1.1415271759033203,-0.260342538356781,-0.023383140563964844,1.1195117235183716,1.1243255138397217,-0.2147265374660492,0.02227359265089035,0.7333944439888,-0.21173033118247986,-0.1603395938873291,0.5122107267379761,0.1209268644452095,-0.2718889117240906,0.18425455689430237,-0.09924464672803879,0.24650883674621582,0.844737708568573,-0.26863592863082886,-0.032303787767887115,0.5830416679382324,-0.18358772993087769,-0.05533108115196228,0.07091601192951202,-0.25667816400527954,-0.1256210207939148,-0.19624920189380646,0.7932686805725098,-0.2568322718143463,-0.26524388790130615,0.16646119952201843,0.45075416564941406,-0.1907050609588623,-0.13544747233390808,-0.22912615537643433,0.017913818359375,-0.2481037676334381,-0.2635032534599304,0.792163610458374,-0.01624901592731476,-0.13966071605682373,-0.05082308501005173,0.11969368904829025,-0.235423281788826,-0.21113014221191406,-0.23083412647247314,0.04095948487520218,-0.1512894332408905,0.15993961691856384,-0.11071910709142685,0.3924403190612793,-0.2576258182525635,0.5332938432693481,0.0375652089715004,-0.1273505985736847,-0.23788779973983765,-0.11146961152553558,0.9942605495452881,-0.0026193559169769287,0.09028005599975586,-0.2460629642009735,0.08279425650835037,-0.20972488820552826,0.2921154201030731,-0.24533212184906006,-0.22220194339752197,0.08039858937263489,-0.10433058440685272,0.16992968320846558,-0.11991740018129349,0.23398129642009735,0.027992652729153633,-0.06162051856517792,-0.07007911056280136,-0.15845035016536713
31,171,369,207,404,0.5783597230911255,-0.27437666058540344,0.19837594032287598,1.1913752555847168,-0.2125168889760971,-0.24091991782188416,0.37735268473625183,-0.25373294949531555,-0.18763303756713867,-0.25204625725746155,0.07704208791255951,-0.21513184905052185,-0.159705251455307,1.2842479944229126,1.5452942848205566,-0.20130905508995056,0.12183792889118195,1.2101342678070068,0.29170385003089905,0.0008066967129707336,-0.17636552453041077,1.103168249130249,0.09527575969696045,0.22650209069252014,1.058802604675293,0.0749371349811554,0.13167303800582886,-0.16006162762641907,0.3568033277988434,-0.14275839924812317,-0.23757663369178772,0.1557217240333557,-0.05605090409517288,0.929854154586792,-0.08502182364463806,0.2049018144607544,-0.035346727818250656,-0.12261392921209335,0.15511344373226166,0.3308504819869995,-0.04072099179029465,-0.01906091347336769,0.7566840648651123,0.8710736036300659,0.23773162066936493,0.28535059094429016,-0.21935200691223145,0.9494909048080444,-0.026321206241846085,0.09018507599830627,1.2253727912902832,0.552562952041626,0.5329011678695679,-0.16672123968601227,1.5783729553222656,-0.18716955184936523,0.8713213205337524,0.20803861320018768,1.4058724641799927,-0.23452046513557434,0.1050635501742363,0.2179322987794876,0.0020814016461372375,0.13894310593605042,0.505020022392273,-0.21524818241596222,-0.17959746718406677,0.16687530279159546,0.0849187970161438,0.07791969180107117,0.7452857494354248,-0.16369138658046722,-0.17317333817481995,0.22323204576969147,0.17687451839447021,-0.08113230764865875,0.7795624732971191,-0.19579541683197021,0.03810504078865051,-0.15369746088981628,0.1395346075296402,-0.2173849493265152,-0.2616014778614044,-0.054692111909389496,0.012857284396886826,-0.14880982041358948,-0.17654895782470703,-0.2080201804637909,0.5913246870040894,-0.2539411187171936,0.032640181481838226,-0.11491730809211731,-0.17723441123962402,-0.04381118714809418,0.29232898354530334,-0.008627552539110184,-0.17693836987018585,-0.11570195853710175,-0.16727766394615173,-0.06134656071662903,1.8113689422607422,-0.07362783700227737,0.43604129552841187,0.6102975606918335,-0.16761595010757446,0.0055565983057022095,0.6483984589576721,0.3501763939857483,-0.19489794969558716,-0.17961770296096802,0.7334598302841187,0.033131953328847885,0.9173331260681152,0.6074095368385315,0.08681780099868774,0.0556870736181736,-0.06477657705545425,0.027386628091335297,0.4890761077404022,-0.11265625059604645,0.005108954384922981,0.5179001092910767,-0.023819800466299057,0.8006184697151184,-0.09433748573064804,0.4271332919597626,-0.22437649965286255,-0.07546019554138184
32,569,583,599,614,0.9487874507904053,-0.25308144092559814,0.04017438739538193,0.9951915740966797,-0.15212658047676086,-0.260589063167572,0.16776949167251587,-0.24321430921554565,-0.15305042266845703,-0.24877852201461792,0.39633262157440186,-0.2182876020669937,-0.1578541100025177,0.5840914249420166,0.11909918487071991,-0.2325378954410553,-0.14493009448051453,-0.14871753752231598,-0.23402759432792664,-0.2563527226448059,-0.10498816519975662,-0.01765608787536621,0.28660327196121216,0.2233763337135315,-0.04508083313703537,0.9404103755950928,-0.16547510027885437,-0.2005547434091568,0.4642929434776306,0.49866652488708496,-0.1337534487247467,-0.14651136100292206,0.005994975566864014,0.19672664999961853,-0.20555517077445984,0.18289028108119965,-0.11548345535993576,0.32492613792419434,-0.20908591151237488,0.16276922821998596,-0.10840914398431778,-0.1640128493309021,0.012261301279067993,0.5714738965034485,0.6917692422866821,-0.20613718032836914,-0.2607746720314026,0.29822292923927307,0.1260358989238739,0.3991953730583191,0.9427501559257507,0.18288302421569824,0.37588322162628174,-0.24503415822982788,1.051503300666809,-0.19705644249916077,0.3853893280029297,0.3374825119972229,0.8944143056869507,-0.2636691629886627,-0.04858499392867088,0.6770625114440918,-0.15800923109054565,-0.19100216031074524,0.90455561876297,-0.08740183711051941,0.06993548572063446,0.40978848934173584,-0.0650174468755722,0.4047768712043762,0.5645268559455872,-0.2422836422920227,-0.05671791732311249,-0.06367921084165573,-0.08365960419178009,0.0723407119512558,0.6062203049659729,-0.2601483464241028,-0.2311910092830658,-0.12491582334041595,-0.10112981498241425,-0.2761024236679077,-0.25521889328956604,0.17420326173305511,0.07746326178312302,-0.13593018054962158,-0.22869394719600677,-0.15977086126804352,0.2679097056388855,-0.2052529752254486,-0.2360125482082367,-0.00410415418446064,0.016511226072907448,-0.2097451090812683,0.598615288734436,-0.05233938992023468,-0.20601487159729004,-0.06864718347787857,-0.23892347514629364,0.18204501271247864,1.0607271194458008,0.15727169811725616,0.06238928809762001,0.7254506349563599,-0.21788761019706726,0.029374919831752777,-0.04342366009950638,-0.20078010857105255,-0.21127241849899292,-0.1988130360841751,1.0563384294509888,-0.008681483566761017,-0.0723714828491211,0.04811915010213852,0.3507888913154602,-0.18673020601272583,0.7857338786125183,-0.16520467400550842,-0.2413572371006012,0.053180575370788574,-0.07449619472026825,0.2070874571800232,-0.2687816619873047,0.45645779371261597,-0.12437590956687927,0.6289251446723938,-0.010577782988548279,-0.21162055432796478
33,594,518,630,552,0.491895854473114,-0.1684909462928772,-0.031382106244564056,0.9324936866760254,-0.19833526015281677,-0.09251781553030014,0.14679545164108276,-0.20076745748519897,-0.14756350219249725,-0.22087934613227844,0.3438955843448639,-0.16254237294197083,-0.164808988571167,0.3503345251083374,0.0698913037776947,-0.24651959538459778,-0.24978449940681458,-0.16676202416419983,-0.2576921284198761,-0.13642211258411407,-0.2378513216972351,0.2813665270805359,0.18154707551002502,0.5076673030853271,0.01148714404553175,0.4638643264770508,-0.08319300413131714,-0.08420465886592865,0.13007411360740662,0.29798319935798645,-0.1840403527021408,-0.21822333335876465,-0.028344426304101944,0.1758137196302414,-0.18499800562858582,0.07199828326702118,-0.24159133434295654,0.012033455073833466,-0.24443143606185913,0.03906923532485962,-0.24128660559654236,-0.2193373441696167,-0.1053815707564354,-0.007674317806959152,0.08063483238220215,-0.1725534200668335,-0.2022417187690735,0.6717861890792847,0.27874934673309326,0.19436289370059967,0.6510235667228699,0.1388550102710724,0.23328128457069397,-0.1850152462720871,0.7384510040283203,-0.17007321119308472,-0.0010536015033721924,-0.16716493666172028,1.1100451946258545,-0.1883217990398407,-0.08310753107070923,0.4184707701206207,-0.18402358889579773,-0.21890749037265778,0.5741240382194519,-0.23923853039741516,0.564854621887207,0.08760379254817963,-0.0911027193069458,0.1571761816740036,0.8002930879592896,-0.21374459564685822,-0.17778828740119934,-0.09898830205202103,-0.14540760219097137,-0.20066726207733154,-0.06235186383128166,-0.22484228014945984,-0.1265377700328827,-0.1613720953464508,0.25295302271842957,-0.22304727137088776,-0.2735298275947571,0.21009764075279236,0.17271161079406738,0.08282740414142609,0.06499676406383514,-0.13517504930496216,0.061420802026987076,-0.20982344448566437,-0.2117280215024948,0.14644624292850494,-0.07012026011943817,-0.23677322268486023,0.7140995264053345,-0.13134512305259705,-0.23658622801303864,-0.13050681352615356,-0.2526216506958008,0.384524405002594,-0.003756389021873474,-0.07244467735290527,0.09965084493160248,0.30308741331100464,-0.12268038094043732,0.09474597871303558,0.05430739372968674,0.797794759273529,-0.21312454342842102,-0.20539404451847076,0.2761094570159912,-0.2184070348739624,-0.038917943835258484,-0.07457734644412994,0.20771874487400055,-0.2354326844215393,0.24539420008659363,-0.18648600578308105,-0.24565590918064117,0.16308745741844177,-0.13166606426239014,0.1495417356491089,0.41717225313186646,0.615999162197113,-0.15298068523406982,0.5834182500839233,0.027534738183021545,-0.20934787392616272
34,289,532,318,561,0.46432575583457947,-0.22072096168994904,-0.04952855408191681,1.1757292747497559,-0.13771554827690125,-0.14363320171833038,0.17474821209907532,-0.25178468227386475,-0.22357016801834106,-0.20980848371982574,0.3229980766773224,-0.25896984338760376,-0.24630622565746307,1.2508732080459595,1.1189069747924805,-0.25472480058670044,0.3150404393672943,0.04831934720277786,-0.22468462586402893,0.5275164842605591,-0.19179180264472961,2.179692029953003,0.006229586899280548,-0.0407155379652977,0.23426693677902222,-0.2439514547586441,-0.18491396307945251,-0.04097425192594528,0.0714404284954071,-0.24187855422496796,-0.27016910910606384,-0.2408885955810547,-0.2696152627468109,0.2040325552225113,0.002973383292555809,0.2658136487007141,-0.03152060508728027,-0.19906102120876312,0.5997574329376221,-0.2296101152896881,-0.2588883638381958,0.01420147716999054,0.22858265042304993,0.01444733701646328,-0.026796206831932068,-0.13307714462280273,-0.27412915229797363,0.6050828695297241,0.7860429286956787,-0.09520864486694336,0.6511754393577576,1.0508288145065308,-0.06505654752254486,-0.23621658980846405,1.965374231338501,-0.23663607239723206,0.05820462852716446,0.5307654738426208,1.0696485042572021,-0.26017647981643677,0.1951172947883606,-0.03897717595100403,-0.23088955879211426,-0.14712101221084595,0.4328801929950714,-0.07812653481960297,-0.23460428416728973,0.00245463103055954,-0.2097102701663971,-0.11963654309511185,0.4211335778236389,-0.23900219798088074,-0.12180911004543304,0.04378486052155495,0.10333359241485596,-0.19950470328330994,1.3737939596176147,-0.25112974643707275,0.28936997056007385,-0.1640228033065796,0.5745077133178711,-0.22298921644687653,-0.261884480714798,0.19976453483104706,1.1439374685287476,-0.23981782793998718,-0.19079157710075378,-0.20037569105625153,-0.08761665970087051,-0.2723909914493561,-0.19145825505256653,0.5189327001571655,0.1425616592168808,-0.09651601314544678,-0.1964980661869049,0.11886433511972427,-0.21645568311214447,-0.2764722406864166,-0.22481057047843933,0.10468007624149323,0.01912040263414383,-0.2627323865890503,-0.135435551404953,0.35802966356277466,-0.2666904330253601,0.3566577136516571,0.03825578838586807,1.0032408237457275,-0.27632784843444824,-0.2006373405456543,1.433485984802246,-0.048771344125270844,0.11294734477996826,-0.05874083563685417,-0.0974368155002594,-0.19405750930309296,-0.15961292386054993,-0.26034075021743774,-0.06259743869304657,0.44735920429229736,0.012150553986430168,0.5040247440338135,0.12847638130187988,0.29785123467445374,-0.1139456033706665,0.04998738318681717,-0.18888601660728455,-0.1419084668159485
35,595,573,626,605,0.27843695878982544,-0.26002779603004456,-0.07635147869586945,1.1374104022979736,-0.19788005948066711,0.1665329933166504,0.41465499997138977,-0.19501882791519165,-0.2728041410446167,-0.2648131847381592,0.27866971492767334,-0.17627215385437012,0.032390668988227844,-0.02885061874985695,0.09451663494110107,-0.1676979959011078,0.43193599581718445,-0.24186545610427856,-0.2590481638908386,0.059398770332336426,-0.057124484330415726,0.32065123319625854,0.27704745531082153,0.8111864924430847,0.6028781533241272,0.832575798034668,-0.19424447417259216,-0.24646136164665222,0.11448148638010025,0.9339280128479004,0.058494582772254944,-0.2502347528934479,-0.027487218379974365,0.21093159914016724,-0.1779268980026245,-0.23183248937129974,-0.03969106823205948,0.04299261420965195,-0.24784204363822937,0.08156146109104156,-0.22602936625480652,-0.09346158057451248,0.0007594674825668335,0.9821881055831909,0.0883246511220932,-0.21461600065231323,-0.2299732267856598,0.46139949560165405,0.5198885202407837,0.16094809770584106,1.056105375289917,0.31985801458358765,0.2395397126674652,-0.20078416168689728,0.31763002276420593,-0.2543961703777313,-0.1718178540468216,0.4861874282360077,1.3009215593338013,-0.1985745131969452,-0.017569508403539658,0.769771933555603,-0.2060803472995758,0.0981074869632721,-0.020116254687309265,0.4344516694545746,0.6332876682281494,0.1634310632944107,0.035986125469207764,0.37829601764678955,0.42250680923461914,-0.2652915418148041,-0.06877414882183075,0.1282162070274353,-0.1673782467842102,0.09813069552183151,-0.0532197430729866,-0.2196773886680603,-0.1528632938861847,-0.14926746487617493,0.6454988121986389,-0.24724286794662476,-0.2584838271141052,0.06163536757230759,0.02006102353334427,-0.16806432604789734,-0.15169906616210938,-0.15312974154949188,0.12595129013061523,-0.22384729981422424,-0.2290434092283249,0.29607462882995605,0.08419352024793625,-0.09277737140655518,-0.07310076802968979,-0.04279510676860809,-0.15862426161766052,0.018128808587789536,-0.24507398903369904,0.04937943443655968,0.01129159890115261,0.12060073018074036,0.11449620127677917,0.44240981340408325,0.7088073492050171,0.4399656653404236,-0.0708184465765953,-0.25675031542778015,0.25353607535362244,-0.1654013991355896,-0.09421729296445847,-0.07792828232049942,0.23436221480369568,-0.13437221944332123,0.21688491106033325,-0.11324694752693176,0.2029065489768982,-0.2335289865732193,-0.24381297826766968,0.15092873573303223,-0.10577374696731567,0.221952885389328,-0.2091219127178192,0.39313697814941406,-0.03423478454351425,0.18682940304279327,-0.1568707972764969,-0.13860192894935608
36,385,889,421,927,0.5962004065513611,-0.16053585708141327,-0.09968535602092743,1.0217965841293335,-0.22810810804367065,-0.19139441847801208,0.5921394228935242,-0.20826877653598785,-0.22032460570335388,-0.23117130994796753,0.149054616689682,-0.1765783131122589,-0.12650062143802643,0.0326584130525589,0.3354683220386505,-0.21604910492897034,-0.12826082110404968,-0.19059160351753235,-0.03772098571062088,-0.08536606281995773,-0.1636795997619629,0.4403579831123352,0.26072269678115845,0.9998046159744263,-0.07904765009880066,0.6064394116401672,-0.19837406277656555,-0.037968870252370834,0.309714138507843,0.41092848777770996,0.031369373202323914,-0.03473389148712158,0.02183292806148529,0.222846120595932,-0.14226341247558594,-0.07937026023864746,-0.21612849831581116,0.0962073802947998,-0.24190492928028107,0.18643568456172943,-0.18653947114944458,-0.17342549562454224,-0.034162551164627075,0.24514158070087433,0.20689865946769714,-0.14214111864566803,-0.1971658170223236,0.7042446732521057,0.25480544567108154,0.1252872794866562,0.8607974052429199,0.5337266325950623,0.41491568088531494,-0.2095072716474533,0.49549856781959534,-0.15947067737579346,0.31425732374191284,0.0017654439434409142,0.8645268082618713,-0.13255846500396729,0.17459318041801453,0.7030238509178162,-0.17819160223007202,-0.09837725013494492,0.4851377606391907,-0.20415496826171875,0.24369235336780548,0.17174306511878967,-0.036323413252830505,0.3070937991142273,0.8389025330543518,-0.23026062548160553,-0.17056794464588165,-0.009227033704519272,-0.20442473888397217,-0.1605926901102066,0.14718563854694366,-0.09232473373413086,-0.09744025021791458,-0.19600442051887512,0.5093975067138672,-0.24248850345611572,-0.27611243724823,0.03698347881436348,0.3707962930202484,-0.049812331795692444,-0.009251724928617477,-0.19878023862838745,0.09427160024642944,-0.21189075708389282,-0.24984858930110931,0.03131219744682312,0.14707429707050323,-0.2661055028438568,0.3258013129234314,-0.11622470617294312,-0.23944665491580963,0.39518430829048157,-0.26432061195373535,0.2151881754398346,0.10371014475822449,0.3050321042537689,0.08303824067115784,0.7642514705657959,0.09664609283208847,0.3380559980869293,-0.0293903648853302,0.7540742754936218,-0.1988377571105957,-0.11681245267391205,0.5644027590751648,-0.13511665165424347,0.2594674825668335,-0.01765105128288269,0.2742290198802948,-0.15946689248085022,0.2773321866989136,-0.23443935811519623,-0.22337757050991058,0.11454895883798599,-0.13123729825019836,0.26253998279571533,0.26285120844841003,0.8524200916290283,-0.099387988448143,0.5321421027183533,0.05217443406581879,-0.17840781807899475
37,254,541,286,575,0.517300546169281,-0.20767053961753845,0.08296915143728256,1.0976383686065674,-0.23017355799674988,-0.2688232362270355,0.3383021354675293,-0.0852954089641571,-0.2616751194000244,-0.2701677978038788,0.3549509048461914,-0.257710337638855,0.104633629322052,0.15213051438331604,0.614914059638977,-0.13894733786582947,0.033826857805252075,-0.12460537999868393,-0.2576400637626648,0.17196209728717804,0.05003126710653305,0.5370457768440247,0.3465614914894104,0.3629293739795685,0.379514217376709,-0.09691555052995682,-0.18834330141544342,-0.11212387681007385,0.5002252459526062,0.3002627491950989,-0.170612633228302,-0.17244592308998108,-0.1353386491537094,0.3316578269004822,-0.16372300684452057,-0.21334409713745117,-0.19129163026809692,0.15825632214546204,-0.21738937497138977,0.08195818960666656,-0.24169687926769257,-0.12677118182182312,-0.06621783971786499,0.5528780221939087,0.043041668832302094,-0.19771994650363922,-0.11599144339561462,0.48438185453414917,0.052109748125076294,0.17093950510025024,0.6027404069900513,0.18742787837982178,0.6156773567199707,-0.22290639579296112,0.26735252141952515,-0.23450836539268494,-0.16637597978115082,0.44754594564437866,0.7318698763847351,-0.2371368557214737,0.15349379181861877,0.8478755354881287,-0.1649695336818695,0.08691288530826569,0.3604169189929962,-0.06602122634649277,-0.22543632984161377,0.39912745356559753,0.0567769780755043,0.3617493510246277,0.8419260382652283,-0.21229398250579834,-0.09669415652751923,0.1386115849018097,-0.015561111271381378,-0.07613521814346313,0.2210243046283722,-0.11221769452095032,-0.11992256343364716,-0.2418004274368286,0.07270312309265137,-0.2059209644794464,-0.27402713894844055,0.1295635998249054,-0.045382119715213776,-0.12015724182128906,-0.05522886663675308,-0.26342469453811646,0.19592975080013275,-0.21157819032669067,-0.2114625871181488,0.0592755451798439,0.2517576813697815,-0.26656854152679443,-0.15564817190170288,-0.10486795008182526,-0.19916652143001556,0.03426876664161682,-0.2432423233985901,0.08430631458759308,0.3426651656627655,0.2587137520313263,0.13342398405075073,0.47648951411247253,-0.18270647525787354,0.5052613019943237,0.06646811217069626,-0.03880036622285843,-0.08428971469402313,-0.06268310546875,-0.09879188239574432,-0.11525484919548035,0.029381215572357178,-0.1150631532073021,0.3150060772895813,-0.16905324161052704,0.4745161533355713,-0.22281287610530853,-0.21053636074066162,0.09683701395988464,-0.12449148297309875,0.43611156940460205,-0.16055315732955933,0.4279900789260864,0.016228031367063522,0.13473331928253174,0.10236426442861557,-0.1533348560333252
38,374,586,400,611,0.1403963267803192,-0.2601052224636078,0.1660875827074051,1.2450611591339111,-0.13800564408302307,0.37625476717948914,-0.021534081548452377,-0.2645629048347473,-0.25330936908721924,-0.2321627289056778,0.623358964920044,-0.1387619972229004,-0.1464417576789856,-0.17730462551116943,0.03362827003002167,-0.22536978125572205,-0.1907034069299698,0.1783742904663086,-0.24753069877624512,-0.1299217939376831,-0.12350058555603027,0.7762282490730286,0.1861424744129181,1.923245906829834,0.7205311059951782,1.2895913124084473,-0.21219372749328613,-0.16204163432121277,0.2538767158985138,1.2272193431854248,0.4425848424434662,0.0507991760969162,-0.15724064409732819,0.09082481265068054,-0.21108020842075348,-0.1466575264930725,0.34906452894210815,0.2197137475013733,-0.21852123737335205,-0.2296006679534912,0.01595699042081833,0.2680346965789795,0.32071033120155334,0.7677922248840332,-0.05137793719768524,-0.013277433812618256,-0.25071829557418823,1.142645239830017,1.6298506259918213,0.36553850769996643,1.1965978145599365,0.9476026892662048,-0.025958407670259476,-0.0043447986245155334,0.3296298086643219,-0.20223215222358704,0.4531790614128113,0.9347274899482727,1.4684466123580933,-0.2657507061958313,0.24015244841575623,0.21337470412254333,-0.1279391199350357,0.023639023303985596,-0.21401581168174744,0.25787192583084106,-0.23989997804164886,-0.11455659568309784,0.10719430446624756,0.4171237349510193,0.3089776635169983,-0.17652949690818787,-0.24196895956993103,0.3522624969482422,-0.254977822303772,0.1200195923447609,-0.17175021767616272,-0.23499585688114166,0.04474671930074692,-0.16286340355873108,1.1192634105682373,-0.21871541440486908,-0.2588164806365967,-0.02288638800382614,0.17676056921482086,-0.21085992455482483,-0.2175760269165039,-0.16555505990982056,-0.09914364665746689,-0.24784636497497559,-0.26009297370910645,0.5360095500946045,-0.0904436707496643,0.32383179664611816,-0.05872422456741333,0.24752451479434967,-0.05600316822528839,0.0542195588350296,-0.23630677163600922,-0.1487942934036255,0.033151157200336456,-0.2500309944152832,0.4398735463619232,0.3660939931869507,0.9243524074554443,0.3685697913169861,-0.18359465897083282,-0.2185765653848648,-0.036113057285547256,-0.19397874176502228,0.7131235003471375,0.5002321004867554,-0.04635903239250183,0.2707171142101288,-0.10146762430667877,0.06666838377714157,0.19735613465309143,-0.05442489683628082,-0.189915269613266,0.018863944336771965,-0.06326304376125336,0.160959392786026,-0.24299660325050354,0.6543289422988892,0.1330862045288086,-0.2258397340774536,-0.0982591062784195,-0.028442632406949997
39,455,554,482,580,0.17934316396713257,-0.25977110862731934,0.10207049548625946,1.0529038906097412,-0.10094873607158661,0.12302947044372559,0.6775637269020081,-0.25789254903793335,0.33156678080558777,-0.15084712207317352,0.6527152061462402,-0.2531430721282959,-0.20330148935317993,0.19795693457126617,0.32552459836006165,-0.2570838928222656,-0.046662457287311554,0.0512564480304718,-0.24925345182418823,-0.21338582038879395,-0.14726395905017853,0.07826653867959976,0.2521474361419678,1.3248485326766968,-0.04906674474477768,1.384717583656311,-0.19411000609397888,-0.23213371634483337,1.0816453695297241,1.0651466846466064,0.2276579737663269,-0.0007511526346206665,-0.09001748263835907,0.12070120126008987,-0.198634535074234,-0.0334114134311676,0.010012045502662659,0.48775407671928406,-0.26549121737480164,0.3872872591018677,-0.03943123668432236,-0.06864514201879501,-0.12409926950931549,0.2357197403907776,0.3630577325820923,0.03876478970050812,-0.1590372920036316,1.4506938457489014,0.7814470529556274,0.6943386197090149,0.863782525062561,0.9185804724693298,-0.03271670639514923,-0.20132631063461304,0.3363409638404846,-0.22451147437095642,0.24278253316879272,0.08897052705287933,1.0802724361419678,-0.23591755330562592,0.5551271438598633,0.09184081107378006,-0.2402532696723938,-0.0088343545794487,-0.07366043329238892,0.5216469168663025,0.4518011808395386,-0.21501360833644867,0.8808342218399048,0.44465190172195435,0.056111790239810944,-0.24208757281303406,-0.0482509471476078,-0.056810323148965836,-0.23619617521762848,0.02269826829433441,0.4158457815647125,-0.26887547969818115,0.44419363141059875,-0.11061878502368927,0.42510613799095154,-0.24589671194553375,-0.2414519339799881,0.18099498748779297,0.8226093053817749,-0.23323914408683777,-0.2692745625972748,-0.066436767578125,0.16480684280395508,-0.22337593138217926,-0.2123725861310959,0.0007250234484672546,0.45411545038223267,0.06653697788715363,-0.0025891661643981934,0.0834469199180603,-0.07368487864732742,-0.07154763489961624,-0.24574920535087585,0.13648562133312225,0.3980541229248047,-0.25086838006973267,-0.06451895833015442,0.6124165058135986,0.6109301447868347,0.1654912233352661,-0.04925624281167984,0.4365431070327759,-0.18160533905029297,-0.2028103768825531,0.645607054233551,0.1174054741859436,-0.15142837166786194,0.8411700129508972,0.0651206523180008,-0.07250561565160751,1.0853378772735596,-0.0660339891910553,-0.17661310732364655,0.5216151475906372,0.029222115874290466,0.5650286674499512,-0.06215512752532959,0.37750330567359924,-0.15869104862213135,0.7018855810165405,0.14184677600860596,-0.12270905822515488
40,678,190,713,223,0.10191022604703903,-0.23970887064933777,-0.11902401596307755,1.0407600402832031,-0.15476420521736145,-0.18237188458442688,0.35664457082748413,-0.14418601989746094,-0.25166356563568115,-0.2106926441192627,0.4587309956550598,-0.25034451484680176,0.03707648068666458,0.26541805267333984,0.1641366183757782,-0.12573257088661194,-0.21222342550754547,-0.06041271984577179,-0.14819130301475525,0.09835255891084671,-0.15933746099472046,0.171952486038208,0.24934732913970947,0.37340834736824036,1.243901014328003,0.44411394000053406,-0.029567256569862366,0.06980813294649124,0.16613568365573883,0.19601020216941833,-0.24882414937019348,-0.22636687755584717,0.17191669344902039,0.2474176287651062,-0.2010161280632019,-0.2723555564880371,-0.21900561451911926,0.2690449059009552,-0.20635606348514557,0.1802126169204712,-0.21956507861614227,-0.17779305577278137,0.10818074643611908,0.06353563070297241,-0.20619457960128784,-0.10888688266277313,-0.16120624542236328,0.6092185974121094,0.8272737860679626,0.343715637922287,0.6557480096817017,-0.06862279772758484,0.47120147943496704,-0.18216410279273987,-0.09942209720611572,-0.224579855799675,-0.09189091622829437,0.3170979619026184,0.6515073180198669,-0.21935045719146729,0.09554869681596756,0.551489531993866,0.021337244659662247,-0.14634528756141663,0.12110702693462372,-0.18822458386421204,0.22785672545433044,0.04131762683391571,0.22504332661628723,0.2358541190624237,0.6735225319862366,-0.2088278830051422,-0.13905632495880127,0.058078356087207794,-0.11432142555713654,-0.16881227493286133,-0.146466463804245,-0.22114422917366028,-0.11109628528356552,-0.16594406962394714,0.3246668577194214,-0.21040385961532593,-0.26275238394737244,1.4848934412002563,0.017676718533039093,-0.24981969594955444,-0.2385004460811615,-0.15997670590877533,0.5956237316131592,-0.21902960538864136,-0.21615391969680786,0.31782808899879456,0.03241322934627533,-0.2534463107585907,0.02560391277074814,-0.2237553894519806,-0.2541491389274597,0.04824680835008621,-0.19826868176460266,0.16208131611347198,0.41285476088523865,0.11332175880670547,0.3965810537338257,0.24501001834869385,-0.15200981497764587,0.41007545590400696,0.21168026328086853,0.9028336405754089,-0.1721663475036621,-0.08995728194713593,-0.09728619456291199,-0.23560118675231934,0.07784555852413177,-0.14230453968048096,0.4254796504974365,-0.19109249114990234,0.4857487082481384,-0.055035702884197235,-0.11314068734645844,0.05057855322957039,-0.051468536257743835,0.38890784978866577,0.12461858987808228,0.9387921690940857,-0.08174233138561249,0.30114874243736267,-0.17045128345489502,-0.21550528705120087
41,325,871,363,908,0.32759416103363037,-0.22721950709819794,-0.08674171566963196,0.9780811071395874,-0.15226072072982788,-0.25802117586135864,0.40907108783721924,-0.22101816534996033,-0.2567998766899109,-0.2713557183742523,0.34624308347702026,-0.2313026785850525,-0.17880338430404663,0.30482497811317444,0.133783221244812,-0.2117445468902588,-0.2727147936820984,-0.16596461832523346,-0.1823205053806305,-0.05935218185186386,-0.18104735016822815,0.2255258709192276,0.16504894196987152,0.6013849377632141,0.2360062301158905,0.465329647064209,-0.06938815861940384,-0.11223535239696503,0.18266955018043518,0.21708205342292786,-0.1982439160346985,-0.24630936980247498,0.028134401887655258,0.39922282099723816,-0.16524997353553772,-0.17452974617481232,-0.235299214720726,0.11449110507965088,-0.23076514899730682,0.2995092570781708,-0.1760927140712738,-0.211583212018013,0.03313888609409332,0.07472429424524307,-0.05599305033683777,-0.12649022042751312,-0.23065409064292908,0.5173931121826172,0.39105889201164246,0.22432690858840942,1.1961722373962402,-0.12193138897418976,0.2976484000682831,-0.22369064390659332,0.7329005599021912,-0.2605776786804199,0.24551719427108765,-0.0034174416214227676,0.740776538848877,-0.20824876427650452,-0.04550305753946304,0.4970053732395172,-0.09684963524341583,-0.11706184595823288,0.3147205114364624,-0.2059495747089386,-0.08008990436792374,0.19116176664829254,-0.021928291767835617,0.5140281915664673,0.5498684048652649,-0.22809478640556335,-0.1319689154624939,-0.07086282968521118,-0.13254275918006897,-0.13145747780799866,-0.03767260164022446,-0.25913605093955994,-0.12746170163154602,-0.19940850138664246,0.11838669329881668,-0.23529687523841858,-0.27143552899360657,0.8550046682357788,0.09092748165130615,0.10913652926683426,-0.2265794724225998,-0.15989533066749573,0.4308568239212036,-0.2094639539718628,-0.20295314490795135,0.10706356912851334,-0.0048532187938690186,-0.2398114800453186,1.0779144763946533,-0.20532897114753723,-0.24195513129234314,-0.11776142567396164,-0.24697944521903992,0.12727834284305573,0.5327830910682678,-0.024669406935572624,0.04439375549554825,0.4245520234107971,-0.2594735026359558,0.30746710300445557,0.11202791333198547,0.8129164576530457,-0.18647347390651703,-0.06259624660015106,0.3884003162384033,-0.1549738645553589,0.31613314151763916,-0.11044727265834808,0.6268001794815063,-0.18176376819610596,0.4169314503669739,-0.18427039682865143,-0.22081172466278076,0.11849308013916016,-0.12818770110607147,0.12720927596092224,0.0902765691280365,0.570899248123169,-0.18371734023094177,0.6292438507080078,-0.014554467052221298,-0.21606279909610748
42,284,258,326,299,0.4328824281692505,-0.21080555021762848,0.3019408881664276,0.948962390422821,-0.21424157917499542,-0.17563654482364655,0.34592726826667786,-0.19516675174236298,-0.2425241321325302,-0.24641764163970947,0.48662126064300537,-0.25247645378112793,-0.04949076101183891,0.31462451815605164,0.2559073865413666,-0.19333641231060028,-0.1466756910085678,0.17382673919200897,-0.011242955923080444,-0.10500530153512955,-0.16397333145141602,0.20907382667064667,0.38958215713500977,0.0802217423915863,0.280069500207901,0.06831575185060501,-0.07860039919614792,-0.07000400871038437,0.3138556480407715,0.14396901428699493,-0.22916309535503387,-0.13922710716724396,-0.04562797024846077,0.2906776964664459,-0.1762363463640213,-0.10584402829408646,-0.23311448097229004,0.14608488976955414,-0.23163431882858276,0.1442064493894577,-0.19924689829349518,-0.2110835760831833,0.07716399431228638,0.28382083773612976,0.009022329933941364,-0.1819905787706375,-0.2179224044084549,0.7929159998893738,0.06836970150470734,0.16425466537475586,0.6025282740592957,0.12941302359104156,0.15759819746017456,-0.22271858155727386,0.7757904529571533,-0.2390318661928177,0.2572811245918274,-0.08493810892105103,0.593029797077179,-0.15774023532867432,0.007383063435554504,0.24681425094604492,-0.12520422041416168,-0.1527848094701767,0.14311890304088593,-0.2053966075181961,0.2186797708272934,0.21470968425273895,0.05929853022098541,0.30653437972068787,0.6213553547859192,-0.11553442478179932,-0.14860156178474426,-0.04762047529220581,-0.12053189426660538,-0.09302777051925659,0.368754506111145,-0.23418085277080536,-0.06486179679632187,-0.1876346468925476,0.0015635365853086114,-0.2449643760919571,-0.27099162340164185,0.17093734443187714,-0.08992879837751389,0.0565854050219059,-0.20560984313488007,-0.15541408956050873,0.291829377412796,-0.19818870723247528,-0.09986808151006699,0.037192847579717636,0.0369189977645874,-0.24287782609462738,0.508860170841217,-0.16137661039829254,-0.2272568941116333,-0.0008419379591941833,-0.2363818734884262,0.2188931107521057,0.4173366129398346,-0.08446148782968521,0.3090868294239044,0.3647579252719879,-0.1501181274652481,-0.017944127321243286,0.012624221853911877,0.5647774338722229,-0.14029069244861603,-0.11259540170431137,0.42897725105285645,-0.21165649592876434,0.07146868854761124,0.07406545430421829,0.3184196949005127,-0.21719007194042206,0.1753595471382141,-0.20154400169849396,-0.21211783587932587,-0.03528192639350891,-0.12414710968732834,0.27862221002578735,0.3362842798233032,0.5896773934364319,-0.15370188653469086,0.5107888579368591,-0.12015322595834732,-0.21961311995983124
43,590,872,626,908,0.48940837383270264,-0.2056882381439209,0.08385314792394638,1.0000419616699219,-0.2112789899110794,-0.060342300683259964,0.2167193442583084,-0.1496754139661789,-0.2558864653110504,-0.2579459846019745,0.37735235691070557,-0.258617639541626,0.014220647513866425,0.25113368034362793,0.3149503171443939,-0.1503337025642395,0.030449777841567993,-0.03598729893565178,-0.11786069720983505,-0.06604897230863571,-0.08491738885641098,0.312764436006546,0.352924108505249,0.29799461364746094,0.0345495380461216,0.20603914558887482,-0.17873643338680267,-0.06676258891820908,0.4194144308567047,0.2991414964199066,-0.20253829658031464,-0.14594684541225433,-0.01775413192808628,0.2633000314235687,-0.12310973554849625,-0.12174778431653976,-0.22654902935028076,0.1288481056690216,-0.2546994686126709,0.02110385149717331,-0.19349563121795654,-0.18030333518981934,0.03522060438990593,0.22199797630310059,0.0583171546459198,-0.2150648981332779,-0.17104701697826385,0.4905673563480377,0.17510385811328888,0.1526462584733963,0.7329613566398621,0.17993563413619995,0.36300531029701233,-0.21164347231388092,0.5827473998069763,-0.1878294199705124,0.042653005570173264,0.1180758848786354,0.8585270047187805,-0.21691711246967316,0.24840442836284637,0.6144850254058838,-0.04543537274003029,-0.12268061190843582,0.3091188371181488,-0.24887967109680176,0.3323388397693634,0.29458776116371155,-0.047799002379179,0.3613077700138092,0.765632152557373,-0.1817547082901001,-0.14130465686321259,0.014857381582260132,-0.05055637285113335,-0.14724718034267426,0.11627844721078873,-0.22082018852233887,-0.11948884278535843,-0.22351741790771484,0.20107470452785492,-0.2219841331243515,-0.27400049567222595,0.16587772965431213,-0.027094850316643715,-0.05068551376461983,-0.10508928447961807,-0.19941699504852295,0.2540334165096283,-0.1953919380903244,-0.11839959025382996,0.06886595487594604,0.19522178173065186,-0.2604546844959259,0.35460448265075684,-0.14204783737659454,-0.2410641461610794,0.045807916671037674,-0.24106259644031525,0.21389515697956085,0.20132769644260406,0.029498687013983727,0.10826488584280014,0.38411271572113037,-0.11502206325531006,0.38370171189308167,0.01484320592135191,0.7200246453285217,-0.16553731262683868,0.036167457699775696,0.17651350796222687,-0.13740217685699463,0.1344584971666336,-0.14541949331760406,0.29747486114501953,-0.18495194613933563,0.3524632453918457,-0.24006150662899017,-0.19510777294635773,0.004361152648925781,-0.14117659628391266,0.21843723952770233,0.4287838041782379,0.5551703572273254,-0.11984145641326904,0.34319162368774414,-0.053414732217788696,-0.21090511977672577
44,481,732,525,775,0.4362013339996338,-0.17097662389278412,0.2325686663389206,1.0434447526931763,-0.2351510375738144,-0.24268680810928345,0.19648157060146332,-0.18574409186840057,-0.22332888841629028,-0.26310619711875916,0.25519880652427673,-0.17207090556621552,0.030926203355193138,0.21271085739135742,0.20995540916919708,-0.17456626892089844,-0.08561322838068008,-0.14917832612991333,0.5929901599884033,-0.01831556297838688,-0.10075775533914566,0.07768577337265015,0.27742257714271545,0.3249838650226593,0.13820402324199677,0.4507587254047394,-0.17992503941059113,-0.08768870681524277,0.26361867785453796,0.27603164315223694,-0.173778235912323,-0.10308748483657837,0.05858446657657623,0.25585582852363586,-0.155239537358284,-0.12811465561389923,-0.22958754003047943,0.3068038523197174,-0.2490585595369339,0.18819721043109894,-0.12700937688350677,-0.16341018676757812,0.20352208614349365,0.09364315122365952,0.12873069941997528,-0.17091655731201172,-0.1857711225748062,0.6363974213600159,0.2941136360168457,0.0728359967470169,0.52001953125,-0.013530577532947063,0.25642845034599304,-0.2133309692144394,0.5564088821411133,-0.05378139019012451,0.0776749849319458,0.26832637190818787,0.7821025848388672,-0.17100481688976288,0.32752683758735657,0.614799439907074,-0.1064099445939064,0.15147937834262848,0.08035971969366074,-0.1782882958650589,0.030118031427264214,0.09513861685991287,-0.06090475991368294,0.4382476806640625,0.6338515281677246,-0.16258376836776733,-0.16988098621368408,0.2671525478363037,-0.1636238545179367,-0.07137357443571091,-0.0028430272359400988,-0.22744663059711456,-0.19729237258434296,-0.24060027301311493,0.12179284542798996,-0.2459094524383545,-0.27476003766059875,0.426741361618042,-0.0010051131248474121,0.1279972940683365,-0.046428222209215164,-0.212918221950531,0.2124509960412979,-0.2042560577392578,-0.17801453173160553,0.07575210183858871,0.1308327466249466,-0.25373148918151855,0.21330668032169342,-0.16711878776550293,-0.2370457798242569,0.13703472912311554,-0.22912637889385223,0.1260901540517807,0.10519081354141235,-0.018980035558342934,0.09464245289564133,0.15525628626346588,-0.06639160960912704,0.4771418273448944,-0.022023549303412437,0.48292800784111023,-0.12533468008041382,-0.0331881009042263,0.0004247079195920378,-0.1530097872018814,0.1853349208831787,-0.19629450142383575,0.44913625717163086,-0.11557159572839737,0.5940566658973694,-0.19020326435565948,-0.12183552235364914,-0.015202340669929981,-0.16336391866207123,0.33516809344291687,0.15930874645709991,0.527603268623352,-0.11505389958620071,0.7805317044258118,-0.16598255932331085,-0.2028569132089615
45,590,756,660,823,0.5207064747810364,-0.15188607573509216,0.3435077667236328,1.0891298055648804,-0.243056058883667,-0.2078363001346588,0.006577659398317337,-0.054763685911893845,-0.23751553893089294,-0.19741886854171753,0.25395065546035767,-0.11462525278329849,0.10278123617172241,0.14168892800807953,0.14015264809131622,-0.08108576387166977,-0.21077533066272736,-0.19565194845199585,0.09606107324361801,-0.1270977258682251,-0.12466292083263397,0.09376225620508194,0.6161715984344482,0.08756978809833527,0.18822482228279114,0.050090182572603226,-0.11527464538812637,-0.18364623188972473,0.38321536779403687,0.3138764798641205,-0.043619729578495026,-0.23187871277332306,-0.037261027842760086,0.282949835062027,-0.14610867202281952,-0.10988156497478485,-0.21729497611522675,0.4491901993751526,-0.24450945854187012,0.2597888112068176,-0.23838844895362854,-0.14918532967567444,0.06500554084777832,0.16171768307685852,0.07264186441898346,-0.16861005127429962,-0.1500486582517624,0.4782099723815918,0.2443838119506836,0.32768771052360535,0.2861930727958679,-0.11801066249608994,0.38289326429367065,-0.19719955325126648,0.330331951379776,-0.1624757945537567,-0.19185730814933777,0.023455876857042313,0.4162949025630951,-0.2056293934583664,0.2732144296169281,0.768369734287262,-0.06990263611078262,-0.16618357598781586,0.2464486062526703,-0.08062106370925903,-0.07113481312990189,0.18317508697509766,0.12028763443231583,0.6639984250068665,0.7658655643463135,-0.1676911562681198,-0.018109532073140144,0.17388324439525604,-0.17140519618988037,-0.09886312484741211,0.13018479943275452,-0.18082073330879211,-0.19113758206367493,-0.23737773299217224,0.1495743840932846,-0.17332281172275543,-0.27191823720932007,0.251518189907074,-0.11684493720531464,0.14127372205257416,-0.15972860157489777,-0.23964491486549377,0.3396607041358948,-0.24456271529197693,-0.08193520456552505,0.27244865894317627,0.3177679479122162,-0.2688489854335785,0.024184448644518852,-0.22953052818775177,-0.21779689192771912,-0.00906945951282978,-0.1403319537639618,0.16958442330360413,-0.012335683219134808,0.24111974239349365,0.16568483412265778,0.2354104071855545,-0.06625115126371384,0.43433085083961487,0.24403147399425507,0.1292969286441803,-0.07430918514728546,-0.022702733054757118,0.09080471843481064,-0.20157957077026367,0.16784386336803436,-0.18496307730674744,0.46084147691726685,-0.179780513048172,0.6814668774604797,-0.2022887021303177,-0.22819063067436218,0.014837311580777168,-0.14781148731708527,0.40658822655677795,-0.10352246463298798,0.3659536838531494,-0.07016052305698395,0.39590176939964294,-0.08473554253578186,-0.18039469420909882
46,498,664,529,694,0.9178046584129333,-0.2555103600025177,-0.17708322405815125,1.1826372146606445,-0.1932317018508911,0.4372466504573822,0.16337233781814575,-0.21167457103729248,-0.11923753470182419,-0.2733317017555237,0.08559052646160126,-0.24658061563968658,-0.16620886325836182,0.022538065910339355,1.1080199480056763,-0.24242082238197327,0.1283605843782425,-0.03080734610557556,-0.08499111235141754,0.2143881767988205,-0.029572024941444397,1.0859365463256836,0.17476020753383636,1.317570447921753,-0.17450249195098877,0.800717830657959,-0.2193087339401245,-0.14018842577934265,0.1561475396156311,0.8815730214118958,-0.16618290543556213,-0.07751627266407013,-0.12326524406671524,0.29002612829208374,-0.019872955977916718,0.12486204504966736,0.2263951599597931,-0.13147296011447906,1.044071078300476,-0.02585666999220848,-0.012553751468658447,0.13609738647937775,-0.0393001027405262,0.4123299717903137,0.6020974516868591,-0.0007002651691436768,-0.19701772928237915,0.8651362657546997,0.3113856911659241,-0.0970783680677414,1.0208745002746582,1.340404748916626,0.24496154487133026,-0.1273920089006424,2.0477960109710693,-0.2392549216747284,0.6483480930328369,0.6739634275436401,1.2993957996368408,-0.24121052026748657,0.3736063539981842,0.2413550168275833,-0.2096441090106964,-0.05470115691423416,0.26148682832717896,0.3454121947288513,0.9454318284988403,-0.01719968020915985,0.07836965471506119,-0.06699442863464355,0.6752472519874573,-0.24561390280723572,-0.22086107730865479,0.053234826773405075,-0.2191411405801773,-0.10689461976289749,1.853455901145935,-0.17716820538043976,0.8700826168060303,-0.12797439098358154,1.0962495803833008,-0.22190655767917633,-0.24545982480049133,-0.10656890273094177,1.136529803276062,-0.1854163110256195,-0.1588478982448578,-0.1605936586856842,-0.11043763160705566,-0.22779525816440582,-0.08542712777853012,0.09281384944915771,0.34927207231521606,0.085807666182518,0.32556480169296265,0.3685314953327179,-0.03392041474580765,-0.14144015312194824,-0.26712143421173096,0.03352527692914009,0.8704338669776917,-0.05583030730485916,-0.07624725997447968,0.5277552008628845,0.9140194654464722,0.3197808861732483,-0.1460869014263153,0.22860103845596313,-0.15388548374176025,-0.17067360877990723,2.5891170501708984,0.22148558497428894,0.3956575095653534,0.11745935678482056,-0.08584949374198914,-0.04116999730467796,0.12114441394805908,-0.21996068954467773,-0.13904644548892975,0.04918952286243439,0.014974862337112427,0.4147185683250427,-0.0009973496198654175,0.5968190431594849,0.03156618773937225,0.48917433619499207,-0.09721890091896057,-0.12913137674331665
47,772,341,813,378,0.13468706607818604,-0.25508350133895874,0.2297760397195816,1.130577802658081,-0.2320859432220459,0.18476717174053192,0.4460138976573944,-0.23807349801063538,0.10370777547359467,-0.19872818887233734,0.3855020999908447,0.7839056849479675,-0.2403179109096527,-0.032913096249103546,0.8277568221092224,-0.2668754458427429,0.3796517550945282,0.41165652871131897,0.5314792394638062,-0.1186334565281868,0.2534603476524353,0.5820432901382446,0.5177808403968811,2.0659589767456055,0.1275142878293991,0.9890905022621155,-0.1034029871225357,-0.16481751203536987,0.18660928308963776,1.3960871696472168,-0.006171122193336487,-0.08038339763879776,-0.018098413944244385,0.22118119895458221,-0.20683294534683228,0.36906737089157104,0.09842854738235474,0.49212849140167236,-0.19299498200416565,0.017748422920703888,0.2454996407032013,0.012132793664932251,0.4217953085899353,1.2678687572479248,0.15525595843791962,0.10578863322734833,-0.18814462423324585,1.7836449146270752,0.40621259808540344,0.24814128875732422,0.8078311085700989,0.5155216455459595,0.47291839122772217,-0.19449156522750854,0.9556803703308105,-0.21698155999183655,0.8156675696372986,1.3789405822753906,1.7680771350860596,-0.2116239070892334,0.3682408332824707,-0.1016472578048706,-0.028878994286060333,0.16717621684074402,-0.17285987734794617,0.4442360997200012,0.22249336540699005,-0.1511744111776352,0.12192849814891815,0.11115763336420059,0.5109293460845947,-0.1328338086605072,-0.15622198581695557,0.7016155123710632,-0.2315388023853302,0.28876250982284546,-0.22430351376533508,-0.12816046178340912,0.33192476630210876,-0.18780601024627686,0.8795077800750732,-0.19565466046333313,-0.23722530901432037,0.8115552663803101,0.0533762127161026,-0.21017535030841827,-0.24255025386810303,-0.1566515564918518,0.22790509462356567,-0.22901050746440887,-0.20006632804870605,-0.18077963590621948,-0.19453075528144836,0.0858885645866394,0.5246495008468628,0.281156986951828,-0.09213775396347046,0.20500390231609344,-0.23844268918037415,-0.06973690539598465,0.9061603546142578,-0.12504801154136658,0.3835139870643616,0.4081021845340729,1.77394437789917,0.04392436146736145,-0.07450727373361588,0.47045379877090454,0.4264996647834778,-0.21162593364715576,1.0703628063201904,0.5061661601066589,0.15750578045845032,0.8328288793563843,0.059960268437862396,0.15615960955619812,-0.15373799204826355,0.13429397344589233,-0.10674180090427399,-0.03982500731945038,-0.09420623630285263,0.3355744481086731,0.10933929681777954,0.6290468573570251,-0.05519188940525055,0.3443993628025055,-0.12986475229263306,-0.06433720141649246
48,606,448,634,475,0.7107521295547485,-0.24864229559898376,-0.16346728801727295,1.1747853755950928,-0.10332219302654266,-0.27776384353637695,0.2979319393634796,-0.2630383372306824,-0.24230250716209412,-0.19880834221839905,0.7878994941711426,-0.26132190227508545,-0.1824580281972885,0.6128009557723999,0.4591503143310547,-0.23538878560066223,1.313761830329895,-0.18535777926445007,-0.2180270552635193,-0.04328474402427673,-0.17113584280014038,1.3704265356063843,-0.06575952470302582,0.012348860502243042,1.8550302982330322,-0.18615016341209412,-0.0903644859790802,-0.2498965561389923,0.375127911567688,0.03994598984718323,-0.19015420973300934,-0.25533854961395264,-0.0524296872317791,0.5147895812988281,-0.21776951849460602,-0.2690814137458801,0.03549652546644211,0.13286824524402618,-0.1666177213191986,0.07179507613182068,-0.20858941972255707,-0.055075131356716156,-0.10792282223701477,1.6213167905807495,0.2614598870277405,-0.2615754008293152,-0.23692241311073303,0.2510480284690857,-0.14667052030563354,0.0371338427066803,0.9528341293334961,0.3892885446548462,0.11778273433446884,-0.19566233456134796,0.26127350330352783,-0.1949501633644104,-0.22182749211788177,1.347822904586792,1.3546476364135742,-0.24204792082309723,-0.043946415185928345,0.6555853486061096,-0.19723770022392273,0.565234899520874,0.8890817761421204,0.4339176118373871,-0.20287951827049255,1.1255977153778076,-0.1676328033208847,0.1103375256061554,1.2242059707641602,-0.2646028995513916,-0.13537751138210297,0.08408748358488083,0.08732888847589493,0.0529676154255867,0.14934220910072327,-0.17587809264659882,-0.23096641898155212,-0.07321277260780334,-0.21098224818706512,-0.25752267241477966,-0.2749667763710022,0.1649344563484192,-0.0393616259098053,-0.10762576758861542,-0.22217941284179688,-0.19878160953521729,0.09669449180364609,-0.26928526163101196,-0.23812708258628845,-0.021088287234306335,-0.02746194414794445,-0.01360342651605606,-0.2658156454563141,0.42873749136924744,-0.14638826251029968,-0.004045851528644562,-0.2664263844490051,-0.008641578257083893,0.895923376083374,0.5849263668060303,0.3875448703765869,0.2291589379310608,-0.20059174299240112,-0.05539994686841965,-0.010589376091957092,-0.25356581807136536,0.7173595428466797,-0.10180392861366272,-0.21294662356376648,-0.13116365671157837,0.008780397474765778,-0.17061123251914978,0.02344188094139099,-0.09199076145887375,0.24620676040649414,-0.22053784132003784,-0.18981274962425232,-0.04539649188518524,-0.08064916729927063,0.15265807509422302,-0.2774312496185303,0.42477911710739136,-0.017016001045703888,0.16352835297584534,0.28685808181762695,-0.11706391721963882
49,448,525,477,552,0.12881097197532654,-0.27499282360076904,-0.0866517722606659,1.173823595046997,-0.1540898084640503,-0.22898925840854645,0.012142715975642204,-0.23473933339118958,-0.1046372503042221,-0.22800469398498535,0.3706497550010681,-0.26718688011169434,-0.05320075899362564,-0.04881458356976509,0.43412771821022034,-0.2329786717891693,1.5145822763442993,-0.1911490112543106,-0.26131671667099,-0.055292997509241104,0.022885534912347794,1.3323124647140503,0.15723095834255219,0.891442060470581,0.5759572982788086,-0.22078931331634521,-0.2563665807247162,-0.2640169858932495,0.39547261595726013,0.10610267519950867,-0.1961701214313507,-0.2542911171913147,-0.13480986654758453,0.3132200241088867,-0.23987025022506714,0.017333760857582092,-0.005966775119304657,0.019021596759557724,-0.19848234951496124,-0.22492188215255737,-0.24330319464206696,-0.021614018827676773,-0.11052606999874115,1.13555908203125,0.06424908339977264,-0.2599894404411316,-0.20391350984573364,0.6049187779426575,-0.06424910575151443,-0.042378149926662445,1.2430552244186401,0.30362290143966675,0.2592404782772064,-0.23180601000785828,0.727791965007782,-0.2275482416152954,-0.21659308671951294,1.2768770456314087,1.6750445365905762,-0.25002211332321167,-0.09852783381938934,0.49652761220932007,-0.15632876753807068,0.17065376043319702,-0.15533974766731262,0.3854252099990845,-0.05136202275753021,0.06693023443222046,-0.13591407239437103,0.2205047905445099,0.8645732402801514,-0.24438774585723877,-0.23388177156448364,0.311416894197464,0.12759827077388763,-0.04972627013921738,0.056769177317619324,-0.2691219449043274,-0.2218438982963562,-0.18617379665374756,0.2361152321100235,-0.2729884386062622,-0.256595253944397,0.012298855930566788,-0.10825109481811523,-0.22382941842079163,0.16616030037403107,-0.1704312264919281,-0.04981335997581482,-0.19523778557777405,-0.1911972314119339,0.06396980583667755,0.14218249917030334,-0.0559774711728096,-0.1735227108001709,0.18552082777023315,-0.1573409140110016,0.23902156949043274,-0.2606476843357086,0.014734569936990738,0.214645653963089,-0.09261509031057358,0.0307859405875206,0.10689249634742737,-0.2744915783405304,0.3623095154762268,-0.19641143083572388,-0.18707212805747986,0.6620920896530151,-0.14260931313037872,-0.15851378440856934,0.13195183873176575,-0.028267264366149902,-0.24690300226211548,0.20752204954624176,-0.12977296113967896,0.06813433766365051,-0.2730042338371277,-0.23502498865127563,-0.10916318744421005,-0.12876489758491516,0.3495371341705322,-0.25660616159439087,0.16946189105510712,-0.05545753985643387,0.05629508197307587,-0.11781225353479385,-0.07762625813484192
50,540,373,567,399,0.6329246759414673,-0.2591794431209564,-0.12441979348659515,1.17026948928833,-0.14839714765548706,0.08039943873882294,-0.261305034160614,-0.26167863607406616,-0.24496057629585266,-0.2563571333885193,0.23717427253723145,-0.19775599241256714,-0.26153862476348877,1.6614633798599243,0.8975033164024353,-0.2671084403991699,-0.20727786421775818,0.6404751539230347,-0.17636238038539886,0.008080616593360901,-0.1697874516248703,0.8096247911453247,-0.04947185516357422,1.597035527229309,0.07508286833763123,2.450348377227783,0.3115845322608948,-0.24000337719917297,-0.029873527586460114,1.5023446083068848,0.7277594208717346,0.6210886836051941,0.10641315579414368,1.1586954593658447,-0.17998093366622925,0.192620649933815,0.37523919343948364,-0.1767360270023346,0.3187561631202698,-0.18979810178279877,0.25445759296417236,0.06665786355733871,0.6167853474617004,0.9142716526985168,1.5109472274780273,0.3604947328567505,0.30160683393478394,0.9296326637268066,-0.06495551764965057,-0.14559808373451233,2.297236680984497,2.183603286743164,-0.1483023315668106,-0.25968068838119507,1.4612975120544434,-0.20616772770881653,1.5177825689315796,0.35589542984962463,2.8803951740264893,-0.2578274607658386,-0.21169528365135193,0.15614217519760132,-0.18806324899196625,-0.15473304688930511,0.4147212505340576,0.9288314580917358,0.0352906808257103,-0.14765258133411407,-0.25946182012557983,-0.276325523853302,0.31125977635383606,-0.2495829313993454,-0.259381502866745,-0.13997092843055725,0.34673768281936646,0.31051304936408997,0.22166961431503296,-0.23897579312324524,-0.1461588442325592,-0.11341898143291473,0.624019205570221,-0.24379152059555054,-0.25514113903045654,-0.12259529531002045,0.17971548438072205,-0.21077752113342285,-0.22590702772140503,-0.17915520071983337,-0.09026405960321426,-0.23303651809692383,-0.25210896134376526,-0.1848580241203308,-0.24636144936084747,0.4115046262741089,0.7575750946998596,0.2693817615509033,-0.04413732886314392,0.14100566506385803,-0.25611528754234314,-0.11260542273521423,2.1627578735351562,-0.1863166093826294,-0.019298706203699112,0.4937915503978729,-0.049939949065446854,-0.15386518836021423,-0.18529684841632843,0.3671635687351227,-0.2661078870296478,-0.23446166515350342,2.2420828342437744,0.622096836566925,0.3510899841785431,0.25863415002822876,-0.08825591951608658,0.01351901888847351,-0.23612038791179657,-0.2314947545528412,-0.11652787029743195,-0.0323944166302681,0.026728661730885506,0.23628950119018555,-0.24840402603149414,0.3048248887062073,-0.1670919507741928,0.4968065321445465,-0.22694724798202515,-0.046738237142562866
51,382,509,408,534,0.25321757793426514,-0.23835885524749756,0.29457390308380127,1.052156925201416,-0.14027446508407593,-0.2507905066013336,0.27523916959762573,-0.23643174767494202,-0.2254163920879364,-0.2149909883737564,0.8812317848205566,-0.24557891488075256,-0.04431387037038803,0.04525085538625717,0.5733241438865662,-0.23450486361980438,-0.23882432281970978,-0.276252806186676,-0.24709397554397583,-0.18901365995407104,0.10929197818040848,0.5681796669960022,0.5807431936264038,0.6793985962867737,0.3412784934043884,-0.08362571895122528,-0.1779865324497223,-0.2193850874900818,0.7513908743858337,0.3000025153160095,-0.17157059907913208,-0.09861962497234344,-0.15100038051605225,0.3357419967651367,-0.2400946319103241,-0.028680607676506042,-0.08878350257873535,0.38824915885925293,-0.21652577817440033,0.1048974096775055,-0.25808051228523254,-0.12917537987232208,-0.043109044432640076,1.1992647647857666,0.013147015124559402,-0.25789958238601685,-0.2529650926589966,0.8374221324920654,0.062057144939899445,0.47620919346809387,0.8163631558418274,0.26029327511787415,0.24131296575069427,-0.2043333798646927,0.4389020502567291,-0.20648042857646942,-0.1643477827310562,0.7292304635047913,0.9716812968254089,-0.21198685467243195,-0.1489497423171997,0.34333592653274536,-0.20190992951393127,-0.05073042958974838,-0.007786799222230911,0.2589070200920105,-0.22396977245807648,0.14431878924369812,0.25298210978507996,0.5941113829612732,0.6568053960800171,-0.1847897171974182,-0.1709546148777008,0.12204841524362564,-0.08866217732429504,-0.060041654855012894,0.06940548121929169,-0.24085494875907898,-0.0052204430103302,-0.1158580631017685,-0.15131589770317078,-0.27249181270599365,-0.2476402372121811,0.14749953150749207,-0.08778101205825806,-0.1013248935341835,-0.2209770530462265,-0.14723755419254303,0.15577556192874908,-0.2734681963920593,-0.23618799448013306,0.014774903655052185,0.13756810128688812,-0.07544925808906555,-0.20014816522598267,0.11413809657096863,-0.12037412822246552,0.03438573703169823,-0.2526465654373169,0.13701248168945312,0.942641019821167,0.1285024881362915,0.4163775146007538,0.48710933327674866,-0.12876856327056885,-0.10677121579647064,-0.04588896781206131,-0.2430332750082016,0.09607048332691193,-0.23152409493923187,-0.1330803632736206,-0.001651480793952942,-0.18886804580688477,-0.09228688478469849,0.25924617052078247,-0.15465211868286133,0.2493017017841339,-0.1966511607170105,-0.2474539577960968,0.025795722380280495,-0.09649494290351868,0.4239022731781006,-0.23385712504386902,0.16449666023254395,-0.06464377045631409,0.17500200867652893,0.03090781718492508,-0.13644082844257355
52,395,608,421,634,0.03959186375141144,-0.2547144591808319,0.9443267583847046,1.1817924976348877,-0.10617556422948837,-0.2599787712097168,0.2716972231864929,-0.27018630504608154,-0.12172622233629227,-0.1892750859260559,1.7327396869659424,-0.24695813655853271,-0.2367713749408722,0.7053804993629456,0.3941711187362671,-0.2616646885871887,0.30409401655197144,-0.2666964530944824,-0.2749282121658325,-0.1411428600549698,-0.23088482022285461,0.041549913585186005,0.296748548746109,-0.05399780720472336,1.821984052658081,0.9111863970756531,-0.10869620740413666,-0.23050899803638458,1.466888427734375,-0.16709861159324646,-0.2642064094543457,-0.1540401726961136,-0.012768115848302841,0.11118017882108688,-0.26924586296081543,-0.2064811885356903,0.21915465593338013,0.36398136615753174,-0.19307708740234375,0.07102680951356888,-0.1896701455116272,0.061586327850818634,0.6256763935089111,2.52885103225708,0.05373486876487732,-0.25475603342056274,-0.2530381679534912,1.564588189125061,0.22456197440624237,0.7333241701126099,0.7225967645645142,0.5550330877304077,0.03168664872646332,-0.09494256973266602,0.3040059506893158,-0.2158304750919342,-0.07482097297906876,1.3489184379577637,1.7521966695785522,-0.20826855301856995,-0.06712409108877182,0.014585524797439575,-0.15912824869155884,0.18959471583366394,0.14258061349391937,0.2807883620262146,-0.13053515553474426,0.2333548367023468,0.3163941502571106,0.5554510951042175,0.2203240990638733,-0.1287069469690323,-0.2675124704837799,-0.10899901390075684,0.0735422670841217,0.4434606432914734,-0.105613574385643,-0.2247176170349121,0.6281337738037109,-0.0794556513428688,-0.27728667855262756,-0.26358914375305176,-0.24032196402549744,0.3796924352645874,-0.1920027881860733,-0.10491195321083069,-0.20424529910087585,-0.11713237315416336,0.07131822407245636,-0.19661906361579895,-0.2289646863937378,-0.2632744312286377,-0.12410002946853638,0.2723388075828552,-0.2144785076379776,0.39112427830696106,-0.02644526958465576,-0.08084431290626526,-0.18769311904907227,-0.04140269011259079,2.0123848915100098,-0.21792475879192352,1.3814103603363037,0.3133959174156189,-0.173732727766037,-0.2611849308013916,0.03981040418148041,-0.19041204452514648,0.4891773760318756,-0.2612249255180359,-0.2724994421005249,0.08618810772895813,-0.20706450939178467,0.12278082966804504,0.06305995583534241,-0.11388685554265976,0.3739606738090515,-0.24598965048789978,-0.22163496911525726,-0.12068195641040802,0.025769568979740143,0.468487948179245,-0.2156267613172531,0.11899587512016296,-0.029045283794403076,-0.04969976097345352,0.35786598920822144,-0.12494489550590515
53,440,619,468,647,0.2540024220943451,-0.25294727087020874,0.45963409543037415,1.1651004552841187,-0.1382787525653839,0.023140281438827515,0.1751941442489624,-0.2647724151611328,0.18383952975273132,-0.03910993039608002,0.4122289717197418,-0.22750818729400635,-0.24363836646080017,0.9133570194244385,-0.04515939950942993,-0.26855772733688354,-0.20303913950920105,0.23241651058197021,-0.22829945385456085,-0.12434515357017517,-0.07280644029378891,-0.09301872551441193,0.49302294850349426,0.9752885699272156,0.6298195719718933,2.1245462894439697,-0.15273943543434143,-0.23494811356067657,1.169534683227539,1.363204002380371,-0.021468710154294968,-0.1526530385017395,-0.06537356227636337,-0.15809881687164307,-0.2621561884880066,-0.10600537061691284,0.23678886890411377,0.854976236820221,-0.18995514512062073,0.3774711787700653,0.030478227883577347,0.07233268022537231,0.08421078324317932,1.3224363327026367,0.7077556848526001,0.1214262843132019,-0.11972513049840927,1.2631971836090088,-0.09419025480747223,0.4790053963661194,0.8907127976417542,0.42411816120147705,0.035445310175418854,-0.11278936266899109,0.355682373046875,-0.1760808378458023,0.26485058665275574,0.39266902208328247,1.3156747817993164,-0.20790721476078033,-0.11162930727005005,-0.04329591244459152,0.21289433538913727,0.2213999629020691,0.13319572806358337,0.6504055857658386,-0.17026430368423462,0.4719161093235016,0.9262593984603882,0.19842529296875,0.04850396513938904,-0.04781559109687805,-0.10787210613489151,-0.01463383436203003,-0.24257072806358337,0.6771942973136902,0.4557631313800812,-0.1807122826576233,0.3269583582878113,-0.05990983918309212,0.1701711267232895,-0.2618545889854431,-0.2447161227464676,-0.21804043650627136,-0.1962059587240219,-0.18388040363788605,-0.16778796911239624,-0.12588678300380707,0.40148094296455383,-0.20974376797676086,-0.14766204357147217,-0.18993264436721802,0.9412623643875122,0.15813574194908142,0.0873403549194336,0.07949093729257584,0.16809292137622833,-0.012274965643882751,-0.08355063199996948,-0.018449746072292328,1.1352685689926147,-0.16656911373138428,0.4660201966762543,0.49429333209991455,0.827572226524353,-0.1762576401233673,-0.1473046988248825,0.1919349879026413,0.16789984703063965,-0.21785090863704681,0.6879215836524963,0.14647331833839417,-0.11375466734170914,1.3025413751602173,-0.13383740186691284,-0.07723595201969147,-0.02766275405883789,-0.04438048601150513,-0.2216424196958542,0.25921905040740967,0.06299879401922226,0.4573037624359131,-0.21711450815200806,0.2586081027984619,0.14085781574249268,-0.050277918577194214,0.2535930275917053,-0.05197685956954956
54,426,570,452,596,0.4754822254180908,-0.2461678385734558,-0.20712262392044067,1.0463776588439941,-0.07443936914205551,-0.2606232166290283,0.29338914155960083,-0.2564820647239685,-0.23699679970741272,-0.24954836070537567,0.5082409381866455,-0.2230701744556427,-0.1529560387134552,0.0746234804391861,0.2326832115650177,-0.1909516453742981,-0.23183660209178925,-0.1736728847026825,-0.24638694524765015,-0.22271573543548584,0.04346620291471481,-0.08933800458908081,0.27880987524986267,1.1515328884124756,-0.009026221930980682,0.8435235619544983,-0.16173022985458374,-0.20235684514045715,0.24716028571128845,0.6659404039382935,-0.06518407166004181,0.039504051208496094,-0.1531321108341217,0.033991895616054535,-0.21038518846035004,0.02659602463245392,0.0577225387096405,-0.02241833508014679,-0.2528150677680969,0.057871345430612564,-0.17909884452819824,-0.0569300577044487,0.05250689387321472,0.4439510107040405,0.8605453372001648,-0.22553449869155884,-0.02589304745197296,0.2677137553691864,0.07422535121440887,0.3502786457538605,1.385641098022461,0.5181342363357544,-0.003459647297859192,-0.25832366943359375,0.4770503342151642,-0.19686287641525269,0.21092812716960907,0.42859727144241333,1.2254819869995117,-0.22822892665863037,0.015807583928108215,0.7033495903015137,-0.1457078605890274,-0.08203686773777008,0.19458451867103577,0.41515398025512695,-0.22198599576950073,0.2594943940639496,-0.00013199448585510254,0.8610093593597412,0.3894825875759125,-0.24950259923934937,0.06666585803031921,0.004979826509952545,-0.11545619368553162,0.16909843683242798,-0.106412872672081,-0.24165740609169006,-0.2533993124961853,-0.09580463916063309,-0.038975007832050323,-0.2582871615886688,-0.252082884311676,0.08944758027791977,0.1814700812101364,-0.10307523608207703,-0.23869441449642181,-0.16191372275352478,0.07929573208093643,-0.23134462535381317,-0.22104419767856598,0.1795906126499176,-0.048066332936286926,0.0962468683719635,-0.01825474202632904,0.1463763415813446,-0.0434870645403862,-0.05950076878070831,-0.2589912414550781,0.16493883728981018,1.132139801979065,0.1311604082584381,-0.09079623967409134,0.46726080775260925,-0.19228729605674744,-0.05637246370315552,-0.1081203818321228,-0.2205420434474945,-0.2257097065448761,-0.14888256788253784,0.7208433151245117,0.1793212890625,-0.19323725998401642,-0.17997904121875763,0.37195712327957153,-0.17082661390304565,0.6588393449783325,-0.24610450863838196,-0.2576754689216614,0.018055886030197144,-0.05888436734676361,0.1739417016506195,-0.2254219353199005,0.4013632833957672,0.002693355083465576,0.23884044587612152,-0.07845601439476013,-0.09518507122993469
55,776,657,831,700,0.2918948233127594,-0.21065378189086914,0.6652299165725708,1.0434688329696655,-0.21892505884170532,-0.1452149748802185,0.19547583162784576,-0.16792471706867218,-0.26316511631011963,-0.23520655930042267,0.32806307077407837,0.6301833987236023,0.023304814472794533,0.566400408744812,0.21209900081157684,-0.11251471191644669,-0.22210253775119781,0.3778243064880371,0.850159227848053,0.01572885364294052,-0.04796518012881279,-0.0511985719203949,0.4585437774658203,0.04812579229474068,0.3128250539302826,0.39919841289520264,-0.14113157987594604,-0.18911361694335938,0.3969336748123169,0.4104398488998413,-0.19541914761066437,-0.20140604674816132,0.07771775871515274,0.2712443172931671,-0.17982280254364014,-0.13947947323322296,-0.24128873646259308,0.585506021976471,-0.2588183879852295,0.2030014544725418,-0.1840076893568039,-0.18462271988391876,0.2926481068134308,0.3673645555973053,-0.04233106970787048,-0.18343134224414825,-0.221244215965271,0.480718731880188,0.3296999931335449,0.3879927098751068,0.2589133381843567,-0.05802472308278084,0.3918072283267975,-0.2249101996421814,0.3780957758426666,0.05168530344963074,-0.007276465650647879,0.26863178610801697,0.5372505187988281,-0.24365107715129852,0.31446993350982666,0.518555223941803,-0.053514014929533005,0.2658638060092926,0.3746761083602905,-0.039646223187446594,0.11609673500061035,0.2154105305671692,0.0052343406714499,0.6053413152694702,0.9213576316833496,-0.11384060233831406,-0.06129233539104462,0.1984165459871292,-0.15391941368579865,-0.020135393366217613,-0.08725180476903915,-0.19261802732944489,-0.16574513912200928,-0.2625766098499298,0.2240089327096939,-0.19753848016262054,-0.2742729187011719,1.2524365186691284,-0.1790338158607483,-0.04362546280026436,-0.20983733236789703,-0.1995728611946106,0.39041122794151306,-0.21559663116931915,-0.06206100061535835,0.40603843331336975,-0.004088138695806265,-0.254067599773407,0.5657687187194824,-0.21478883922100067,-0.2371276617050171,-0.1346166431903839,-0.11884313821792603,0.16284209489822388,0.1504610776901245,0.0353335440158844,0.18669714033603668,0.1211235299706459,0.2540096938610077,0.4016960561275482,0.00497836759313941,0.6678381562232971,-0.04828788340091705,0.028629126027226448,-0.0879359245300293,-0.22467893362045288,0.10057821124792099,-0.16936445236206055,0.5650791525840759,-0.17459255456924438,0.9009429812431335,-0.03870078921318054,-0.08758284896612167,-0.043900419026613235,-0.1681966781616211,0.3670080602169037,0.19999492168426514,0.6491164565086365,-0.0669308751821518,0.8303864002227783,-0.12420660257339478,-0.19126689434051514
56,266,615,306,656,0.47724682092666626,-0.24420589208602905,-0.027075117453932762,1.0229066610336304,-0.1821945607662201,-0.044226113706827164,0.14465683698654175,-0.19868700206279755,-0.25824934244155884,-0.26485148072242737,0.15543566644191742,-0.061938345432281494,-0.07889315485954285,0.11032357811927795,0.4945020079612732,-0.1857336312532425,-0.04991503432393074,-0.003645082237198949,0.033306241035461426,-0.15616805851459503,-0.08154716342687607,0.16778551042079926,0.23541995882987976,0.41215980052948,-0.05680963769555092,0.19708490371704102,-0.2227804958820343,-0.14309044182300568,0.3843720257282257,0.14791947603225708,-0.13714267313480377,-0.10095396637916565,-0.0533490851521492,0.28669273853302,-0.14133697748184204,-0.2019677609205246,-0.19735530018806458,0.07195395231246948,-0.24037545919418335,0.06524799764156342,-0.15614691376686096,-0.16061457991600037,0.031771790236234665,-0.10438819974660873,0.03372562676668167,-0.15094918012619019,-0.22096969187259674,0.5549752116203308,0.4849489629268646,0.30231720209121704,0.3083089590072632,0.364820271730423,0.34206652641296387,-0.20931488275527954,0.7852474451065063,-0.21115492284297943,0.19187363982200623,0.2798931896686554,0.4194827079772949,-0.24132531881332397,0.6089169979095459,0.6061531901359558,-0.10173419117927551,-0.11153215914964676,0.09415170550346375,-0.22875536978244781,0.08290639519691467,0.11138743907213211,0.1748666763305664,0.4801274836063385,0.5732746124267578,-0.20326857268810272,-0.09560097008943558,0.18422123789787292,-0.1131274402141571,-0.12227921932935715,0.36785000562667847,-0.16058772802352905,-0.14209984242916107,-0.18061846494674683,0.03958107531070709,-0.2516241669654846,-0.2506793737411499,0.08408059924840927,0.5412769317626953,-0.09798534214496613,-0.17484809458255768,-0.15200547873973846,0.06084512174129486,-0.20065943896770477,-0.20023250579833984,0.23345351219177246,0.1615605503320694,-0.26037299633026123,0.06963998824357986,-0.08348889648914337,-0.24093563854694366,0.07584919780492783,-0.24622541666030884,0.12265369296073914,0.32416829466819763,-0.06751228868961334,-0.025615569204092026,0.47285619378089905,-0.09869135916233063,0.39885491132736206,-0.10512283444404602,0.23016947507858276,-0.2265515923500061,-0.13095146417617798,0.6956781148910522,-0.21206802129745483,0.20332901179790497,0.11843506246805191,0.32278192043304443,-0.04631197080016136,0.7224946618080139,-0.09848582744598389,-0.1701396405696869,0.15338028967380524,-0.11522448062896729,0.3418167531490326,0.2707512378692627,0.8196378946304321,-0.06338736414909363,0.4944271445274353,-0.1429165005683899,-0.2170938104391098
57,735,272,774,311,0.6295590996742249,-0.14824001491069794,0.20490193367004395,1.0253674983978271,-0.25220969319343567,-0.017599930986762047,0.0660204365849495,-0.18773013353347778,-0.23309780657291412,-0.2517874538898468,0.2173050194978714,-0.18102698028087616,-0.019837690517306328,0.1197483167052269,0.3428744077682495,-0.17239947617053986,-0.07048790901899338,-0.12159177660942078,0.060171421617269516,0.039535317569971085,-0.08663713932037354,0.4331413209438324,0.3715653419494629,0.3052500784397125,0.28075873851776123,0.36698994040489197,-0.12607435882091522,-0.07337476313114166,0.14910925924777985,0.4150618016719818,-0.14014118909835815,-0.19498591125011444,-0.020416492596268654,0.2682901620864868,-0.11927197128534317,-0.06635093688964844,-0.2177640199661255,-0.001050864695571363,-0.1983107328414917,0.1411285400390625,-0.09252161532640457,-0.17386700212955475,-0.03148587793111801,0.12342092394828796,0.057127296924591064,-0.15680868923664093,-0.20828939974308014,0.5033734440803528,0.17473024129867554,0.1732768565416336,0.6897478699684143,0.2732391655445099,0.36852121353149414,-0.20246708393096924,1.1497043371200562,-0.24735987186431885,0.15846417844295502,0.07648074626922607,0.9634668231010437,-0.0429207980632782,0.2533421516418457,0.2926689386367798,-0.034970324486494064,-0.2222447395324707,0.015087882988154888,-0.19366435706615448,0.40889081358909607,0.20249731838703156,-0.0021267931442707777,0.24378061294555664,0.6554599404335022,-0.18495595455169678,-0.1134854331612587,0.07789870351552963,-0.09347448498010635,-0.157725527882576,0.3395359516143799,-0.21635490655899048,-0.15099146962165833,-0.25346580147743225,0.3109165132045746,-0.2391752451658249,-0.27643051743507385,0.13117752969264984,0.07539334148168564,0.11175411194562912,-0.18833108246326447,-0.18717630207538605,0.16210323572158813,-0.19159972667694092,-0.1792488843202591,0.10610777139663696,0.0964541956782341,-0.2705296576023102,0.45557093620300293,-0.11853381246328354,-0.24177221953868866,0.04526809975504875,-0.2405293732881546,0.19517862796783447,0.1399010419845581,-0.09405682235956192,0.08818548917770386,0.4124840199947357,0.22085453569889069,0.34037384390830994,0.019562354311347008,0.7820298671722412,-0.1827879697084427,-0.11940418928861618,0.5617969632148743,-0.1144050732254982,0.2591027021408081,-0.07787614315748215,0.2635399103164673,-0.12479694932699203,0.18751291930675507,-0.1759425848722458,-0.13185137510299683,-0.013022403232753277,-0.14596381783485413,0.22586588561534882,0.2694016396999359,0.5476961731910706,-0.14991337060928345,0.5080946087837219,-0.12827475368976593,-0.19340026378631592
58,873,468,917,513,0.6441792845726013,-0.17460578680038452,0.1767687201499939,1.0776886940002441,-0.21942920982837677,-0.19791309535503387,0.2995817959308624,-0.2090773582458496,-0.26248180866241455,-0.24344724416732788,0.17118212580680847,-0.13518264889717102,-0.08972586691379547,0.5695774555206299,0.5308921337127686,-0.1436895728111267,-0.06719045341014862,0.044454142451286316,0.5469473600387573,0.1404964178800583,-0.1395738124847412,0.302587628364563,0.2517634630203247,0.1627911925315857,0.17904788255691528,0.33174145221710205,-0.1537485420703888,-0.21952234208583832,0.6195595264434814,0.062133438885211945,-0.1532127857208252,-0.14944110810756683,-0.01620861515402794,0.5141756534576416,-0.09078086912631989,0.17973725497722626,-0.18948987126350403,0.11764410138130188,-0.21724198758602142,0.40219321846961975,-0.08348400890827179,-0.12030312418937683,0.2316371649503708,0.42321112751960754,0.13279159367084503,-0.06029443442821503,-0.23988205194473267,0.6632805466651917,0.48631492257118225,0.22688892483711243,0.6987777948379517,0.4000484049320221,0.2835642099380493,-0.1963401585817337,1.008065104484558,-0.15089228749275208,0.5927839279174805,0.19320225715637207,0.5333601236343384,-0.08915993571281433,0.31245580315589905,0.3650108873844147,-0.11381765455007553,0.28647688031196594,0.31265392899513245,-0.11967834830284119,0.1265011429786682,0.3386722803115845,0.11418262869119644,0.5231947302818298,0.4908870458602905,-0.062249939888715744,-0.1054057776927948,0.222563236951828,-0.16981758177280426,-0.06516409665346146,0.7985578775405884,-0.17867299914360046,0.027097059413790703,-0.1697073131799698,-0.03930686041712761,-0.19726048409938812,-0.2722190320491791,0.04755082353949547,0.34122657775878906,0.077786386013031,-0.2304067313671112,-0.18414932489395142,0.24862204492092133,-0.25131016969680786,0.11802751570940018,0.015766523778438568,0.3018946349620819,-0.2526293396949768,0.4729911983013153,-0.15791931748390198,-0.24545595049858093,0.06535285711288452,-0.18980289995670319,0.05010737106204033,0.407943993806839,-0.027281496673822403,0.15568703413009644,0.7083948850631714,-0.0502578429877758,0.4289572834968567,0.06248752400279045,0.4438103437423706,-0.18900322914123535,-0.07968184351921082,0.7980844974517822,-0.15513011813163757,0.5490813851356506,0.0015287481946870685,0.3241983950138092,-0.04695441946387291,0.6556379795074463,-0.12977828085422516,-0.130565345287323,0.07157830148935318,-0.12195730209350586,0.26946747303009033,0.17770889401435852,0.6323153972625732,-0.09687387943267822,0.8411452174186707,-0.039781998842954636,-0.20753799378871918
59,535,882,574,921,0.5641478896141052,-0.2154342383146286,0.14244022965431213,1.0450870990753174,-0.18924400210380554,-0.27269381284713745,0.3914492130279541,-0.23512032628059387,-0.25333839654922485,-0.2762504816055298,0.43763670325279236,-0.16060397028923035,-0.11548010259866714,0.2548937499523163,0.3796430230140686,-0.16502636671066284,0.17582346498966217,-0.11222315579652786,0.581265389919281,0.0696692019701004,-0.10388488322496414,-0.07755965739488602,0.1619463860988617,0.10027207434177399,0.4186585247516632,0.637624979019165,-0.12842410802841187,-0.19208958745002747,0.15950779616832733,0.10114561021327972,-0.22985458374023438,-0.15202558040618896,0.0276506170630455,0.3044882118701935,-0.11082390695810318,0.16190198063850403,-0.23308756947517395,0.16527362167835236,-0.2455623298883438,0.003499499522149563,-0.031289562582969666,-0.15231169760227203,0.26496726274490356,0.14267580211162567,0.28769007325172424,-0.18746128678321838,-0.2673998475074768,0.6101858615875244,0.2682846188545227,0.20643383264541626,0.5628478527069092,0.1062873974442482,0.2546088993549347,-0.2287071943283081,0.5753389596939087,-0.20093238353729248,0.43701133131980896,0.628823459148407,0.7074165940284729,-0.25187063217163086,0.40028682351112366,0.37468191981315613,0.005548633635044098,-0.07758395373821259,-0.023194244131445885,-0.1971781998872757,-0.018084213137626648,0.1519729048013687,-0.054958440363407135,0.34141817688941956,0.5166620016098022,-0.10397999733686447,-0.1675611436367035,0.476911723613739,-0.06502100825309753,-0.023781850934028625,0.25397351384162903,-0.26212891936302185,-0.22312027215957642,-0.24755434691905975,-0.13598506152629852,-0.2470257431268692,-0.2704925537109375,0.45451146364212036,-0.018690936267375946,-0.1164172887802124,-0.21391290426254272,-0.21492311358451843,0.3391868472099304,-0.23379389941692352,-0.19538947939872742,-0.004532607272267342,-0.02797902375459671,-0.2542921304702759,0.30078989267349243,-0.14615193009376526,-0.2429148256778717,-0.018850836902856827,-0.22099418938159943,0.07522840052843094,0.8508873581886292,-0.05657661333680153,0.05260094255208969,0.20508065819740295,-0.27552998065948486,0.23329326510429382,-0.08527886122465134,0.4533526599407196,-0.09781007468700409,-0.09866273403167725,0.6930293440818787,-0.102788545191288,0.024166643619537354,-0.18163317441940308,0.4730450510978699,-0.13348181545734406,0.6847710609436035,-0.166386216878891,-0.16384030878543854,-0.03938549757003784,-0.1363440603017807,0.5136576890945435,0.025589004158973694,0.5292263031005859,-0.08506835997104645,0.8585171103477478,-0.1965886354446411,-0.20650693774223328
60,346,623,375,655,0.6780987977981567,-0.26231998205184937,-0.17669105529785156,1.0904614925384521,-0.1630243957042694,-0.0054548680782318115,0.46206605434417725,-0.25668174028396606,-0.24423174560070038,-0.2422448694705963,0.13539288938045502,-0.21813979744911194,-0.10211700201034546,0.03864465653896332,0.6287877559661865,-0.20896847546100616,-0.16474351286888123,0.24907286465168,-0.08137598633766174,-0.11203619837760925,-0.03289445862174034,0.3246642053127289,0.3418184518814087,1.318206787109375,0.5698475241661072,1.0167840719223022,0.3885936737060547,-0.17521290481090546,-0.045728422701358795,0.7656968235969543,0.24976980686187744,0.07331924885511398,-0.0563475601375103,1.4122852087020874,-0.17624549567699432,-0.1293853223323822,0.14135873317718506,-0.11504919826984406,-0.11933987587690353,-0.12613123655319214,0.18525874614715576,-0.0877661481499672,0.2120916247367859,1.0208550691604614,0.7348117828369141,0.13617219030857086,0.20881211757659912,0.700194776058197,-0.03112214058637619,0.21674776077270508,1.7069815397262573,0.8595180511474609,0.5060690641403198,-0.2344430536031723,1.0594329833984375,-0.2071528434753418,0.7002878189086914,0.46301865577697754,2.0034055709838867,-0.21445122361183167,-0.09161828458309174,0.8598742485046387,0.008673861622810364,-0.1859787404537201,0.2998337149620056,0.40669918060302734,-0.010905973613262177,0.060766950249671936,-0.0027762502431869507,0.06298716366291046,0.8404110670089722,-0.23559391498565674,-0.16128627955913544,0.2570880055427551,0.07935601472854614,0.05309424549341202,-0.01184157282114029,-0.21065348386764526,-0.26356053352355957,-0.178140789270401,0.36667680740356445,-0.26875853538513184,-0.25675028562545776,-0.17029300332069397,0.13593412935733795,0.0255693718791008,-0.19912326335906982,-0.2257407009601593,0.39055004715919495,-0.20202216506004333,-0.24304187297821045,0.2862488925457001,-0.12173429131507874,0.04647721350193024,0.36896049976348877,0.09032590687274933,-0.07158823311328888,0.24985827505588531,-0.2651236653327942,-0.036398641765117645,1.5674365758895874,0.11303508281707764,0.0581795834004879,0.7566884160041809,-0.08130668848752975,-0.05925978347659111,-0.08079010248184204,-0.17076802253723145,-0.22748185694217682,-0.1709975302219391,1.244457721710205,0.20138803124427795,0.5349697470664978,-0.004991710186004639,0.3024323582649231,-0.10106754302978516,0.08713626861572266,-0.11655962467193604,-0.19999730587005615,-0.1599733978509903,-0.02128627337515354,0.40682750940322876,-0.23376190662384033,0.6079214811325073,-0.08720660209655762,0.31254255771636963,-0.18957817554473877,-0.1176365315914154
61,579,380,607,406,0.13922181725502014,-0.2571866810321808,-0.1112678050994873,1.2090106010437012,-0.1589789241552353,-0.07460446655750275,-0.10357114672660828,-0.20133116841316223,-0.2763880789279938,-0.24615947902202606,0.24256591498851776,-0.26694053411483765,-0.09531297534704208,-0.11737563461065292,0.12904688715934753,-0.21165969967842102,-0.22559143602848053,-0.17756447196006775,-0.2324170470237732,-0.05130981653928757,-0.15699662268161774,1.1304583549499512,0.16072624921798706,0.9516612887382507,0.442405641078949,-0.21229057013988495,-0.2581195831298828,-0.24777387082576752,0.17012715339660645,0.11707216501235962,-0.13392364978790283,-0.2154056429862976,-0.20034776628017426,0.15199235081672668,-0.1862931251525879,-0.21487386524677277,0.06032060086727142,0.11047924309968948,-0.25345444679260254,-0.20335233211517334,-0.24294450879096985,0.08846577256917953,0.31997090578079224,0.4038204252719879,-0.1598968505859375,-0.24679695069789886,-0.25186842679977417,0.6836238503456116,0.9957016706466675,-0.06031990051269531,1.117880940437317,-0.08169960975646973,0.18441645801067352,-0.20065084099769592,0.6990566253662109,-0.2499569058418274,-0.15196695923805237,0.8881219625473022,1.3825408220291138,-0.2583219110965729,-0.21884900331497192,0.3891942501068115,-0.18264901638031006,-0.14014212787151337,-0.16648317873477936,-0.19493411481380463,-0.2688547670841217,0.13892433047294617,-0.132440447807312,0.16390454769134521,0.6997414827346802,-0.25389841198921204,-0.17700731754302979,0.05227959156036377,-0.13518057763576508,0.037739358842372894,-0.005974657833576202,-0.24541987478733063,-0.22221507132053375,-0.19114777445793152,0.7565940618515015,-0.20844388008117676,-0.27725252509117126,-0.12097761034965515,0.02371963858604431,-0.10145837068557739,-0.240536630153656,-0.1937430202960968,-0.04548075050115585,-0.22821098566055298,-0.2596534192562103,0.6175307035446167,0.1190819963812828,-0.033399321138858795,-0.06884019076824188,0.19361725449562073,-0.2384425401687622,-0.13621652126312256,-0.24968932569026947,-0.027572795748710632,-0.17076128721237183,0.09034611284732819,-0.057474300265312195,0.31740158796310425,-0.2120898962020874,0.8067532777786255,-0.20136073231697083,-0.2559312880039215,-0.12640447914600372,-0.165113627910614,-0.13608402013778687,0.06411979347467422,0.046859197318553925,-0.2349456250667572,0.10656240582466125,-0.09257283806800842,0.05814798176288605,-0.20944605767726898,-0.24541662633419037,-0.04771368205547333,-0.13409607112407684,0.1935797482728958,-0.265373557806015,0.2586233615875244,0.00012965500354766846,-0.083598293364048,-0.1415015608072281,-0.12983766198158264
62,646,249,684,278,0.4716433584690094,-0.22485125064849854,-0.12075959891080856,1.0454790592193604,-0.15609681606292725,-0.1535882204771042,0.4079631567001343,-0.20818661153316498,0.10679097473621368,-0.2544671893119812,0.36758196353912354,0.2666095495223999,-0.09346127510070801,0.045920174568891525,0.06148203834891319,-0.19039404392242432,-0.24536122381687164,-0.2528274953365326,-0.08622931689023972,-0.12800484895706177,-0.1950431615114212,0.025080278515815735,0.12512937188148499,0.866203248500824,0.012574892491102219,0.7293863892555237,-0.14330697059631348,-0.20140290260314941,0.2888754904270172,0.7118070721626282,-0.24465879797935486,-0.2426641285419464,-0.0035244375467300415,0.2372957468032837,-0.1546887308359146,0.034568652510643005,-0.19093376398086548,0.06913740187883377,-0.25505930185317993,0.14513984322547913,-0.12766331434249878,-0.1438380777835846,-0.03148586302995682,0.07805994898080826,0.3138251304626465,-0.21995234489440918,-0.2465437948703766,0.55152428150177,0.6273828744888306,0.25813284516334534,0.9020556211471558,-0.10976390540599823,0.2713928818702698,-0.225352942943573,0.547816812992096,-0.22745904326438904,0.25337809324264526,0.6933265328407288,0.7785288095474243,-0.23753242194652557,0.3040997385978699,0.6747433543205261,-0.07282963395118713,-0.16809724271297455,0.33419522643089294,-0.03972578048706055,0.2952417731285095,0.044357940554618835,0.05121982842683792,0.47877073287963867,0.7834280729293823,-0.24706792831420898,-0.16220271587371826,0.48071423172950745,-0.13210120797157288,-0.0351361408829689,0.06391832232475281,-0.25499391555786133,-0.15496289730072021,-0.2284834384918213,0.10277769714593887,-0.24888499081134796,-0.27333521842956543,1.1604889631271362,0.11919631063938141,-0.13832607865333557,-0.19975003600120544,-0.1931125819683075,0.2028387188911438,-0.20700418949127197,-0.26882678270339966,0.13113418221473694,0.10087556391954422,-0.24052606523036957,0.6402222514152527,-0.12655766308307648,-0.23950646817684174,-0.0853414461016655,-0.24266892671585083,0.106905996799469,0.4337519407272339,0.22254551947116852,0.07885190844535828,0.35956376791000366,-0.0362233966588974,0.5556308627128601,-0.06547513604164124,0.1779710352420807,-0.21806569397449493,-0.10026761144399643,0.6290079355239868,-0.025821559131145477,0.1766255497932434,-0.11423982679843903,0.3837747573852539,-0.15413564443588257,0.453025221824646,-0.15229615569114685,-0.20512913167476654,0.13927669823169708,-0.13984505832195282,0.37821459770202637,-0.2240561991930008,0.7631089687347412,-0.006793837994337082,0.5763871669769287,0.0033471062779426575,-0.2008565068244934
63,300,566,326,591,0.054357051849365234,-0.26263147592544556,-0.1238798126578331,1.0615681409835815,-0.17553488910198212,-0.25233757495880127,0.16940975189208984,-0.24533586204051971,-0.18611063063144684,-0.27172237634658813,1.1609110832214355,-0.22599749267101288,0.02519872784614563,1.8778012990951538,0.3332817852497101,-0.2140677273273468,-0.23095306754112244,-0.10735564678907394,-0.24962525069713593,0.13963429629802704,-0.04483881592750549,0.7692843675613403,0.30792197585105896,-0.1822788119316101,0.6629652976989746,-0.14917491376399994,0.6150160431861877,-0.08940931409597397,0.6297217607498169,0.03206692636013031,-0.20799902081489563,-0.21786892414093018,-0.22977256774902344,0.321790486574173,-0.21111956238746643,-0.2731190323829651,-0.18737177550792694,-0.20612850785255432,-0.1725546270608902,-0.10037855058908463,-0.2520865201950073,-0.17104001343250275,-0.014810066670179367,0.9995598196983337,-0.05999154597520828,-0.17001599073410034,-0.25991180539131165,0.2932773530483246,0.07847298681735992,0.24909068644046783,0.7086576223373413,0.7576808929443359,0.18128955364227295,-0.17440852522850037,-0.14170119166374207,-0.2553713023662567,-0.24768945574760437,0.6074565649032593,0.7548955082893372,-0.19529005885124207,-0.2579551041126251,0.7069517374038696,-0.04826558381319046,0.08058193325996399,1.3001384735107422,-0.04461304098367691,-0.24922296404838562,1.4035686254501343,-0.089774951338768,0.7604424357414246,0.7484119534492493,-0.24430182576179504,-0.12167274951934814,0.01503228209912777,0.057975731790065765,-0.12195326387882233,-0.22558750212192535,-0.24632373452186584,-0.07769087702035904,-0.13064685463905334,-0.13980329036712646,-0.24958527088165283,-0.2707776427268982,0.9233992099761963,-0.20258265733718872,-0.05006492882966995,-0.19385883212089539,-0.26987725496292114,0.11473089456558228,-0.21394436061382294,-0.20160549879074097,0.14177824556827545,-0.148243710398674,-0.24739377200603485,-0.2430262267589569,-0.0011220872402191162,-0.14585751295089722,-0.012588411569595337,-0.21466565132141113,0.02494686096906662,0.745263397693634,0.03093096613883972,0.7177513837814331,0.32160893082618713,-0.2421277016401291,-0.22366884350776672,0.22820420563220978,-0.1348467469215393,-0.2547597587108612,-0.11887594312429428,-0.18513435125350952,-0.23992571234703064,-0.149392232298851,-0.05569789558649063,0.2418612241744995,-0.26804718375205994,-0.03917732834815979,-0.16686491668224335,-0.037062402814626694,-0.030067818239331245,-0.06781172752380371,0.08937306702136993,-0.27426043152809143,0.9168142080307007,-0.1349407136440277,-0.24721992015838623,-0.22917556762695312,-0.22250688076019287
64,477,335,511,367,0.4153311848640442,-0.23762507736682892,0.21636196970939636,0.9424418807029724,-0.20426931977272034,-0.03627757728099823,0.6138240694999695,-0.22525954246520996,0.11537346243858337,-0.26766303181648254,-0.05933021008968353,0.08559867739677429,-0.036697372794151306,0.3103940188884735,1.188244342803955,-0.2412935197353363,0.1613026261329651,0.3133092522621155,1.336596131324768,-0.034525252878665924,-0.01261092722415924,0.16100843250751495,0.2187686562538147,0.6804200410842896,-0.03863666206598282,0.5139667391777039,-0.2302827686071396,-0.21084755659103394,0.7483475804328918,-0.034074943512678146,-0.16301988065242767,0.016681551933288574,0.04597979784011841,0.0686674416065216,-0.1189233660697937,-0.026977278292179108,-0.26330962777137756,0.07334188371896744,-0.17600475251674652,0.39817747473716736,-0.23058485984802246,-0.21608634293079376,0.6412188410758972,-0.01109408587217331,0.3236285150051117,-0.06459563970565796,-0.20225830376148224,1.0523841381072998,0.18115925788879395,-0.108722984790802,0.4258699119091034,0.8010690808296204,-0.024756047874689102,-0.2604161500930786,1.5505380630493164,-0.02950958162546158,0.4854453206062317,0.09919899702072144,0.7553130388259888,-0.1495593786239624,0.7630214691162109,-0.07076819241046906,-0.1679651290178299,0.8169978260993958,0.05199849605560303,-0.14445634186267853,0.3964354991912842,-0.0320030152797699,-0.10336722433567047,0.3068345785140991,0.4046444296836853,-0.15711566805839539,-0.05303879454731941,-0.020487911999225616,-0.18451055884361267,-0.040846310555934906,0.3889853358268738,-0.25148075819015503,-0.056261830031871796,-0.19978973269462585,0.11826790869235992,-0.24233189225196838,-0.2561572194099426,0.2742406129837036,0.8251097798347473,0.07826423645019531,-0.07501836121082306,-0.11855447292327881,0.13797369599342346,-0.22257807850837708,-0.06513893604278564,0.022050440311431885,-0.05861276388168335,-0.24491888284683228,0.5109963417053223,-0.10874488949775696,-0.2392607182264328,-0.04563604295253754,-0.21969838440418243,0.19462227821350098,0.6857736110687256,-0.09067966043949127,-0.09882572293281555,0.46138128638267517,-0.2639954090118408,0.48339682817459106,-0.06910918653011322,1.1169368028640747,-0.18915840983390808,-0.20373481512069702,0.6779510378837585,-0.2232879400253296,0.20019659399986267,0.35179585218429565,0.46084848046302795,-0.1238008439540863,0.7363979816436768,-0.21194426715373993,-0.21927040815353394,-0.038566574454307556,-0.0807514488697052,0.28790390491485596,1.0875474214553833,0.5815967321395874,-0.18873167037963867,1.4586224555969238,-0.050777025520801544,-0.21775434911251068
65,572,647,600,674,1.1313486099243164,-0.2725337743759155,-0.11624658107757568,1.1582410335540771,-0.16403578221797943,-0.22571919858455658,0.439231812953949,-0.2652815580368042,-0.22630608081817627,-0.2286270558834076,0.3313353657722473,-0.2344304323196411,-0.009914800524711609,0.490919828414917,1.22063148021698,-0.24108752608299255,-0.165045827627182,0.32313311100006104,-0.06887152045965195,-0.22006219625473022,0.21156777441501617,0.3555794358253479,0.15975166857242584,0.1816527247428894,-0.11048239469528198,0.37442222237586975,0.20418018102645874,-0.2247975766658783,0.6633615493774414,-0.12683704495429993,-0.08013725280761719,0.08543741703033447,-0.19313016533851624,1.0546566247940063,-0.10216723382472992,0.23946122825145721,0.4092106521129608,0.05698884278535843,1.335149884223938,-0.12080284208059311,0.2811409831047058,0.21573686599731445,0.037637099623680115,0.6837658882141113,1.1334588527679443,0.31085115671157837,0.15977391600608826,0.8106133937835693,0.11519601941108704,0.2389567643404007,1.070227026939392,0.8087899684906006,0.2504282593727112,-0.193773090839386,2.4489145278930664,-0.2171003520488739,0.9529606103897095,0.798580527305603,1.3102679252624512,-0.22626984119415283,-0.1426078826189041,0.660146951675415,-0.006772056221961975,-0.09260378777980804,0.6132792830467224,0.04918143153190613,-0.2341957688331604,0.04437393322587013,-0.006004393100738525,0.059503521770238876,0.5618464946746826,-0.10375894606113434,-0.2089175283908844,0.32334282994270325,-0.07926392555236816,-0.04983866214752197,2.2598652839660645,-0.23205366730690002,0.2842266857624054,-0.1587177962064743,-0.2165030837059021,-0.2762492299079895,-0.2435053139925003,-0.0808645710349083,0.868591845035553,-0.15891385078430176,-0.20763707160949707,-0.2673349678516388,0.12817469239234924,-0.2638954818248749,-0.23348256945610046,-0.04836145415902138,0.36863619089126587,0.3478665351867676,0.19054198265075684,0.6134282350540161,0.08932165801525116,0.12371915578842163,-0.25649163126945496,-0.09604647755622864,2.60336971282959,-0.07168006151914597,0.021573834121227264,0.5997628569602966,-0.07547461986541748,-0.18037068843841553,0.1393609642982483,-0.027623429894447327,-0.21962955594062805,-0.20192477107048035,2.2467117309570312,0.49852344393730164,0.5988377928733826,0.5738487839698792,0.05088359862565994,0.0327078178524971,0.06824970245361328,-0.17981478571891785,0.053435806185007095,-0.08985944092273712,0.07569760829210281,0.577014148235321,-0.2483699470758438,0.24750560522079468,-0.0007042661309242249,0.23787592351436615,-0.07926271110773087,-0.1246923878788948
66,633,613,658,638,0.47671884298324585,-0.24931764602661133,0.4481813311576843,1.0659123659133911,-0.18840116262435913,0.005946487188339233,1.020569920539856,-0.2647905945777893,-0.23784448206424713,0.34916549921035767,0.1421172320842743,-0.2552516758441925,-0.2539491057395935,1.1589077711105347,0.5881767868995667,-0.20957782864570618,-0.15092800557613373,-0.18134742975234985,0.35604673624038696,-0.15420252084732056,-0.2536112666130066,0.5181586146354675,0.44192853569984436,-0.22820156812667847,-0.2493312954902649,0.4281182885169983,-0.26392480731010437,-0.22384750843048096,2.0146608352661133,-0.22545000910758972,0.007992610335350037,-0.12490306794643402,-0.2262413501739502,0.18243122100830078,-0.049516499042510986,-0.2578866183757782,-0.14126572012901306,0.6378355026245117,-0.211870476603508,0.4151485860347748,-0.03680402785539627,-0.009439653716981411,-0.09881141781806946,-0.2409168928861618,-0.17780977487564087,0.46343278884887695,-0.27359867095947266,2.306577682495117,0.8279117941856384,0.4990783929824829,-0.14695681631565094,0.18298663198947906,0.03401996195316315,0.06338682770729065,0.522800862789154,-0.20553995668888092,0.09831694513559341,-0.22243016958236694,-0.001670941710472107,-0.11355176568031311,1.190904974937439,0.2534177303314209,0.2329443097114563,1.324186086654663,1.1561778783798218,-0.21324214339256287,-0.20415684580802917,-0.11587150394916534,1.4574000835418701,0.4224330484867096,0.4278925657272339,0.2622719407081604,-0.12163069099187851,0.28356456756591797,-0.1973303109407425,-0.20677348971366882,2.3619608879089355,-0.1278689205646515,1.3378698825836182,-0.17027677595615387,-0.1649959534406662,-0.2719535529613495,-0.26587381958961487,-0.2138810157775879,0.9740395545959473,-0.16033902764320374,-0.24052885174751282,-0.13967429101467133,0.22346726059913635,-0.257927268743515,-0.23148512840270996,0.10642854124307632,2.028810501098633,-0.27160391211509705,-0.15927362442016602,-0.2115328311920166,-0.08775855600833893,-0.2450655996799469,-0.15930727124214172,0.04146904870867729,0.2280885875225067,-0.039943162351846695,0.10955677926540375,1.146335244178772,-0.1876404881477356,0.7991893887519836,0.0009887292981147766,1.488298773765564,-0.24794192612171173,-0.2743091285228729,0.7797878384590149,-0.24809713661670685,0.6493473052978516,1.6059421300888062,-0.05618568882346153,-0.008331529796123505,0.3620980381965637,-0.25686392188072205,-0.1672235131263733,1.1327550411224365,0.06930910795927048,0.9162766933441162,0.01594381406903267,0.2272946536540985,-0.026719510555267334,0.2876806855201721,0.4601842164993286,-0.2525523900985718
67,535,543,563,570,0.0128946453332901,-0.23498773574829102,-0.07366455346345901,1.1212116479873657,-0.18555738031864166,-0.08544463664293289,0.10442908853292465,-0.22557008266448975,-0.21124893426895142,-0.20627564191818237,0.4091360569000244,-0.26024383306503296,-0.055921755731105804,0.30479657649993896,0.04405004903674126,-0.17433038353919983,0.15301623940467834,-0.2530554234981537,-0.24857492744922638,-0.1732587367296219,-0.09677483141422272,-0.07797136902809143,0.3509315848350525,0.3212115168571472,1.1488795280456543,1.0322060585021973,-0.12855161726474762,-0.18490943312644958,0.008994072675704956,0.8553324937820435,-0.15959030389785767,-0.2304995059967041,-0.0037123486399650574,0.682430624961853,-0.20996135473251343,-0.23129917681217194,0.02963554859161377,-0.031185738742351532,-0.23288215696811676,-0.15106302499771118,-0.033297501504421234,-0.02258031815290451,-0.01854822039604187,0.9187885522842407,-0.02524714358150959,0.15557904541492462,-0.17617683112621307,1.1062843799591064,0.7801149487495422,0.6117818355560303,0.6752504110336304,0.33604446053504944,1.0351197719573975,-0.20975881814956665,0.03447310999035835,-0.22868919372558594,-0.005586937069892883,0.6116284132003784,1.7504795789718628,-0.16778919100761414,0.4704076647758484,0.6160733699798584,0.05948414281010628,0.3910108208656311,0.011934630572795868,0.166474387049675,0.17071473598480225,0.3522297143936157,-0.034755490720272064,0.21527443826198578,0.5032826662063599,-0.2215002477169037,-0.06198452413082123,0.29050880670547485,-0.01663072779774666,0.21291452646255493,-0.1125733032822609,-0.22070032358169556,-0.24561187624931335,-0.16493724286556244,0.1805844008922577,-0.2571128010749817,-0.26149997115135193,-0.0005218461155891418,0.20441901683807373,-0.02585338056087494,-0.13961359858512878,-0.14859524369239807,0.38875532150268555,-0.1317582130432129,-0.21490538120269775,0.36650457978248596,0.09273500740528107,0.020925313234329224,-0.2538943290710449,0.02447732537984848,-0.14434024691581726,-0.1405612677335739,-0.21029765903949738,-0.00037741661071777344,0.3276343047618866,0.12919282913208008,0.10238032788038254,0.3925588130950928,0.023979634046554565,0.840532660484314,-0.017519235610961914,0.02266332507133484,0.4338713586330414,-0.14602047204971313,-0.19800902903079987,0.003658287227153778,0.525908350944519,-0.18346823751926422,0.20029477775096893,-0.05249033495783806,0.7499488592147827,0.3508342504501343,-0.15841132402420044,0.10421031713485718,-0.05313645303249359,0.34524863958358765,-0.2507362961769104,0.7028721570968628,-0.05157020688056946,0.007394798099994659,-0.1744244396686554,-0.1599999964237213
68,488,506,513,532,0.6496346592903137,-0.23752635717391968,-0.11477833986282349,1.0668065547943115,-0.12712717056274414,-0.044467657804489136,0.2834263741970062,-0.2291630655527115,-0.18028195202350616,-0.22325734794139862,0.3614712655544281,-0.2312929928302765,-0.11914398521184921,-0.05205020308494568,0.17113052308559418,-0.18420757353305817,-0.17526711523532867,-0.11700090020895004,-0.24367432296276093,-0.26632291078567505,-0.06457216292619705,-0.04987537860870361,0.1786021590232849,1.2924376726150513,-0.04538271203637123,1.2057019472122192,-0.22120092809200287,-0.22165334224700928,0.34188276529312134,1.0676155090332031,0.40338993072509766,0.028383933007717133,0.047844238579273224,0.16773726046085358,-0.1725599467754364,-0.08450265228748322,0.05425569415092468,-0.06698621064424515,-0.22440940141677856,0.01915236935019493,-0.0799785777926445,-0.09130784869194031,0.02733635902404785,0.49407148361206055,0.6919981241226196,-0.11567215621471405,-0.1609627902507782,0.5758913159370422,0.5379109382629395,0.4389909505844116,1.1388523578643799,0.7303985357284546,0.1518133580684662,-0.21581169962882996,0.6898287534713745,-0.20748144388198853,0.2927679419517517,0.07376214116811752,1.2297347784042358,-0.21519747376441956,0.519536018371582,0.6628299355506897,-0.20865145325660706,-0.1169135719537735,0.19544218480587006,0.4923974871635437,0.24372124671936035,0.038421012461185455,0.09018131345510483,0.5149602890014648,0.4601655602455139,-0.23610609769821167,-0.13086920976638794,0.08651387691497803,-0.1509755253791809,0.09539470076560974,0.34246379137039185,-0.26926490664482117,-0.13367344439029694,-0.135446697473526,0.5271302461624146,-0.2658902108669281,-0.2555736303329468,-0.0656903088092804,0.28891950845718384,-0.18346330523490906,-0.22395485639572144,-0.15156914293766022,-0.003438137471675873,-0.22236235439777374,-0.25592875480651855,0.002128399908542633,0.2075379490852356,0.0530804842710495,0.20627979934215546,0.04270576685667038,-0.11693446338176727,0.010407019406557083,-0.23931050300598145,0.09271645545959473,0.6394582986831665,0.15705737471580505,-0.0385902039706707,0.7078992128372192,0.19561682641506195,0.22987495362758636,-0.10461170226335526,-0.22572731971740723,-0.21665731072425842,-0.16449612379074097,1.0462021827697754,0.12284699827432632,0.18961100280284882,0.0710696280002594,0.2924255132675171,-0.11965031176805496,0.8730417490005493,-0.1831090897321701,-0.23947757482528687,0.06656137108802795,-0.07869695127010345,0.2600747048854828,-0.231526717543602,0.538862943649292,-0.05704230070114136,0.2819270193576813,-0.11275829374790192,-0.09619992971420288
69,566,918,597,946,0.6555923223495483,-0.23180152475833893,-0.18860650062561035,1.1037752628326416,-0.19864511489868164,0.40721049904823303,0.45118075609207153,-0.22742240130901337,0.5625625252723694,-0.14132201671600342,0.10482156276702881,-0.19254092872142792,-0.19378569722175598,0.2656257748603821,0.2591470181941986,-0.23530694842338562,-0.03621560335159302,0.36716827750205994,-0.033884741365909576,-0.041862405836582184,-0.10041851550340652,-0.02978149801492691,0.3884325921535492,0.6129531860351562,0.16414152085781097,1.4206598997116089,-0.08008686453104019,-0.09675274044275284,0.18716153502464294,1.2735260725021362,-0.13738273084163666,-0.1394769251346588,-0.07482396066188812,0.1110430359840393,-0.19237008690834045,0.15192744135856628,0.05341169238090515,0.42820292711257935,0.31541207432746887,-0.04184670373797417,0.07105948776006699,-0.05141710489988327,-0.13072125613689423,-0.12061692774295807,0.5623148679733276,0.2074706107378006,-0.2769661843776703,0.7468575239181519,0.9686003923416138,0.7161682844161987,0.6173747777938843,1.2356361150741577,0.5139644145965576,-0.20759521424770355,0.7459388375282288,-0.2541966438293457,0.30832964181900024,0.1910855621099472,1.007901906967163,-0.26576992869377136,0.17247718572616577,0.16479894518852234,-0.13030844926834106,-0.2035411298274994,0.15578357875347137,0.6240012645721436,0.7151683568954468,0.05004279315471649,0.44240084290504456,-0.0037544630467891693,0.35069555044174194,-0.24476131796836853,-0.037723541259765625,-0.08363063633441925,-0.08413829654455185,0.057537198066711426,0.4903181493282318,-0.20537297427654266,-0.21967682242393494,-0.15949490666389465,0.4784166216850281,-0.22684034705162048,-0.24776582419872284,0.28473591804504395,0.9990180730819702,-0.26043492555618286,-0.2536073625087738,-0.11893460154533386,0.276441752910614,-0.21106314659118652,-0.21710994839668274,0.24781037867069244,0.16277776658535004,0.030502811074256897,0.058042436838150024,0.07862311601638794,-0.18965111672878265,-0.21858036518096924,-0.26082783937454224,0.057225894182920456,0.40767234563827515,0.10795605182647705,-0.1076398491859436,0.5096867680549622,1.1245317459106445,0.216009721159935,-0.06559555232524872,-0.015505351126194,-0.2613372206687927,-0.22436708211898804,1.6043293476104736,-0.062047079205513,-0.14982648193836212,0.300862193107605,0.024908114224672318,0.019896455109119415,0.36468473076820374,0.11792632937431335,-0.1748824566602707,0.227757066488266,-0.006843659095466137,0.29926249384880066,-0.22576430439949036,0.9267093539237976,-0.09878762066364288,0.7271565198898315,-0.14449197053909302,-0.1637626588344574
70,840,672,894,732,0.6301501393318176,-0.16620534658432007,0.23837797343730927,1.123085856437683,-0.19776363670825958,-0.17213109135627747,0.20033754408359528,-0.16741400957107544,-0.26380589604377747,-0.24599425494670868,0.3522896468639374,0.13092802464962006,-0.02784768119454384,0.4661228358745575,0.55915766954422,-0.1294049471616745,-0.09242641925811768,0.031345196068286896,0.5846796035766602,0.4577760696411133,0.22829359769821167,0.13738380372524261,0.46868765354156494,0.17576269805431366,0.4219580888748169,0.5918686985969543,-0.1678171157836914,-0.19788889586925507,0.5832698345184326,0.39981067180633545,-0.17470566928386688,-0.012794341892004013,0.03045286424458027,0.6909973621368408,-0.10692470520734787,0.25520074367523193,-0.17129775881767273,0.31031641364097595,-0.09169084578752518,0.21984046697616577,-0.013814058154821396,-0.07540718466043472,0.3050585985183716,0.9593327641487122,0.35242462158203125,-0.06829585880041122,-0.1437998116016388,0.5954777598381042,0.4812268018722534,0.4471772015094757,0.8637335300445557,0.2683412730693817,0.6746924519538879,-0.2004917562007904,0.46217262744903564,-0.1727772057056427,0.48108038306236267,0.7193825840950012,0.7066959738731384,-0.2204318344593048,0.3548981845378876,0.6576956510543823,-0.08184471726417542,0.7139614820480347,0.19859209656715393,-0.014150585979223251,-0.0028075906448066235,0.5003371834754944,0.16269099712371826,0.45976999402046204,0.5166900157928467,-0.047166720032691956,-0.04396362602710724,0.5002366900444031,-0.1668478101491928,0.017949556931853294,0.4649350941181183,0.06605381518602371,0.007805926725268364,-0.2283211499452591,-0.03975551575422287,-0.11063184589147568,-0.26948392391204834,0.35870349407196045,0.036571159958839417,-0.034265775233507156,-0.18705368041992188,-0.21753989160060883,0.38965344429016113,-0.24313177168369293,0.4647957384586334,0.14605778455734253,0.4025070071220398,-0.22064103186130524,0.0037552581634372473,-0.1294848620891571,-0.25171247124671936,0.034398358315229416,-0.19973553717136383,-0.014315147884190083,0.25798776745796204,0.04132932797074318,0.26495498418807983,0.6674565672874451,0.5178210735321045,0.6951237916946411,0.19986575841903687,0.15634256601333618,-0.007677432615309954,-0.06534642726182938,0.4020248055458069,-0.05131575092673302,0.28232112526893616,-0.10356076061725616,0.42415714263916016,0.1021161898970604,0.772775411605835,0.0029372689314186573,-0.004470891319215298,-0.013223927468061447,-0.159348264336586,0.3235570192337036,-0.04488833621144295,0.5368565320968628,-0.005691352766007185,0.6371333003044128,0.17907191812992096,-0.19185063242912292
71,418,593,442,615,-0.2757481038570404,-0.2658052146434784,-0.057437870651483536,1.3502233028411865,-0.07375936955213547,0.19138656556606293,-0.2625027298927307,-0.2770601511001587,-0.26938489079475403,-0.21904096007347107,0.4646144211292267,-0.22636905312538147,-0.25465822219848633,0.9691348671913147,0.3259495794773102,-0.27444133162498474,1.1060316562652588,-0.27674809098243713,-0.19760872423648834,0.37024062871932983,-0.2783840000629425,2.8727304935455322,-0.27757251262664795,0.06455951929092407,2.967040777206421,-0.27729007601737976,-0.26854056119918823,-0.2162303626537323,-0.24088247120380402,-0.2774859070777893,-0.15801051259040833,-0.26370880007743835,-0.25890472531318665,0.08700946718454361,-0.2626674175262451,-0.17856919765472412,0.21547050774097443,-0.11365189403295517,-0.15737245976924896,-0.21174000203609467,-0.26521337032318115,0.09385677427053452,0.7750194072723389,1.8257641792297363,-0.26024219393730164,-0.277934730052948,-0.27717456221580505,0.5934308767318726,0.8323487043380737,-0.26309990882873535,2.159860610961914,0.8721937537193298,-0.2729121446609497,-0.2422555834054947,0.949022114276886,-0.22126266360282898,-0.24209080636501312,1.45204758644104,2.962393045425415,-0.278305321931839,-0.27832135558128357,-0.26893213391304016,-0.2701505422592163,0.18624308705329895,-0.27090293169021606,-0.012295770458877087,-0.10128851234912872,-0.0772533193230629,-0.2760891318321228,-0.27282941341400146,0.5439277291297913,-0.2568718194961548,-0.2363223433494568,-0.11935790628194809,0.280191570520401,0.166305273771286,-0.19622862339019775,-0.19396328926086426,-0.2227357029914856,-0.06050403416156769,1.0563595294952393,-0.2783348560333252,-0.26714393496513367,0.10113561898469925,-0.15970797836780548,-0.2357335090637207,-0.16064243018627167,-0.06636854261159897,-0.21096576750278473,-0.2685205638408661,-0.20447316765785217,0.3521251380443573,-0.20181599259376526,0.08476344496011734,-0.1763850599527359,0.40603119134902954,-0.26466330885887146,-0.23770037293434143,-0.186842679977417,-0.09630043059587479,-0.2067512571811676,-0.18523259460926056,0.17185336351394653,0.02889547497034073,-0.22753523290157318,0.30089709162712097,-0.23937299847602844,-0.0023803107906132936,1.0064387321472168,-0.22799082100391388,-0.27780210971832275,-0.06459484249353409,-0.045856911689043045,-0.2762911021709442,-0.27666282653808594,-0.1398790329694748,-0.16744586825370789,-0.2781476080417633,-0.23853501677513123,-0.14640627801418304,-0.04671499505639076,-0.019352508708834648,-0.16418933868408203,-0.03760363906621933,-0.18625688552856445,-0.2777724862098694,-0.0793643519282341,-0.10073012113571167
72,328,617,353,645,0.5738357305526733,-0.23038795590400696,-0.23713624477386475,1.1561585664749146,-0.18159157037734985,-0.042236097157001495,0.2051234245300293,-0.26349741220474243,-0.09579341113567352,-0.26510581374168396,-0.08659105002880096,-0.15555883944034576,-0.16313621401786804,-0.11674711108207703,0.521709144115448,-0.23010949790477753,-0.1895066201686859,1.1785491704940796,-0.24261827766895294,-0.2248881757259369,-0.0935826376080513,0.3276691436767578,0.7403632402420044,2.099708080291748,-0.11804909259080887,1.039306640625,0.1279052197933197,-0.2537168562412262,-0.1550225466489792,1.2731634378433228,0.2190769612789154,0.1615394502878189,-0.10877500474452972,1.207276463508606,-0.1939050257205963,-0.07583270221948624,0.47064048051834106,0.86597740650177,-0.028704121708869934,-0.17600294947624207,0.5980781316757202,0.11165446043014526,0.009054135531187057,0.746082067489624,0.8076772093772888,0.7983030080795288,0.32649314403533936,1.148173213005066,0.004525959491729736,0.7881857752799988,1.4554686546325684,1.215257167816162,1.431743860244751,-0.24156028032302856,1.3819588422775269,-0.20065680146217346,1.140537142753601,0.27516138553619385,1.8455610275268555,-0.18057572841644287,-0.06044391542673111,0.7095707058906555,0.05932721123099327,-0.16714835166931152,0.3372381329536438,0.3568083643913269,0.04458112269639969,-0.17857247591018677,0.19213300943374634,-0.2199096977710724,0.8357548713684082,-0.25449317693710327,-0.22627174854278564,0.291759729385376,-0.23271320760250092,0.16555020213127136,0.10293442010879517,-0.20074355602264404,-0.19711953401565552,-0.12785114347934723,0.8640177845954895,-0.24547497928142548,-0.23527498543262482,-0.24051427841186523,1.0392017364501953,-0.15199902653694153,-0.21272143721580505,-0.14101383090019226,1.142783761024475,-0.21703752875328064,-0.17775249481201172,0.55844646692276,-0.2335042506456375,0.32922685146331787,0.44154980778694153,0.36393964290618896,0.009275984019041061,-0.006469853222370148,-0.2567361295223236,-0.0884658545255661,1.330024003982544,-0.09732290357351303,-0.019669026136398315,0.7172353863716125,1.72498619556427,-0.0839921161532402,-0.16017121076583862,-0.19881364703178406,-0.2581073045730591,-0.2137654423713684,2.361487865447998,0.5840011835098267,0.47956496477127075,0.384596586227417,-0.010107830166816711,0.17662952840328217,0.05354203283786774,0.5561783313751221,-0.055958278477191925,-0.1789192408323288,0.05324476957321167,0.2583138048648834,-0.24220803380012512,1.0865840911865234,-0.049492839723825455,0.14690271019935608,-0.1473674178123474,-0.03306351229548454
73,424,656,454,688,0.7502151727676392,-0.25311100482940674,0.37384191155433655,0.998873233795166,-0.17048822343349457,-0.06484353542327881,0.7624790668487549,-0.24435539543628693,0.48948121070861816,-0.17474377155303955,0.3028595447540283,0.056555286049842834,-0.12380430847406387,0.5868204236030579,0.6633154153823853,-0.25921106338500977,-0.15985918045043945,1.3992377519607544,0.32348310947418213,0.07119257748126984,-0.17812463641166687,-0.11280044913291931,0.7607883214950562,-0.07751503586769104,0.7525891065597534,1.4807002544403076,0.09074242413043976,-0.08136239647865295,1.181320071220398,0.48591116070747375,-0.1337413787841797,0.12203926593065262,0.04326917231082916,-0.03358875960111618,-0.18047815561294556,0.09500668942928314,-0.15460991859436035,1.2570915222167969,0.39012598991394043,0.13312555849552155,0.1550697386264801,-0.10538551956415176,0.12421099096536636,0.06504921615123749,0.6044051051139832,0.45651429891586304,-0.2579496204853058,1.8194351196289062,0.08588127046823502,0.6837531328201294,0.5449656248092651,0.5025199055671692,0.2727484107017517,-0.13567732274532318,1.5419169664382935,-0.2394191324710846,0.4393106997013092,0.07725432515144348,0.7952544689178467,-0.19297896325588226,0.44232624769210815,-0.20002444088459015,0.1942283660173416,-0.12490981072187424,0.16226038336753845,-0.26096630096435547,0.0908612459897995,-0.1272091269493103,0.4563367962837219,-0.10797667503356934,0.007645934820175171,-0.15956543385982513,-0.08447197824716568,0.10268544405698776,0.024327129125595093,-0.06475427746772766,1.3503928184509277,-0.23030804097652435,0.21853674948215485,-0.10594993829727173,0.045571111142635345,-0.243050217628479,-0.20937827229499817,0.41844290494918823,1.1278560161590576,-0.16987760365009308,-0.2242041826248169,-0.08048126846551895,1.124067783355713,-0.1907416731119156,-0.2072172611951828,-0.1802462637424469,0.5697975158691406,-0.24115274846553802,0.3473428785800934,-0.12351523339748383,-0.09205698221921921,-0.02482643723487854,-0.2540394365787506,0.1165112555027008,1.3083980083465576,-0.23862653970718384,0.1465754508972168,0.5077194571495056,1.0709354877471924,0.003454044461250305,-0.10515585541725159,0.9408360719680786,0.005591928958892822,-0.20709770917892456,0.9274425506591797,-0.1666475236415863,-0.01041332632303238,1.533698558807373,0.10832540690898895,0.032481513917446136,0.3378887176513672,0.12160778045654297,-0.11088705062866211,0.276030957698822,0.10091441124677658,0.7198712825775146,-0.06876972317695618,0.6902759075164795,-0.20913395285606384,0.9175122976303101,-0.25052306056022644,-0.210909903049469
74,395,652,427,684,0.1262664645910263,-0.24968862533569336,-0.0823221355676651,1.0847268104553223,-0.15214323997497559,-0.21652446687221527,0.05164980888366699,-0.21439480781555176,-0.2734485864639282,-0.20232826471328735,0.5321059226989746,-0.25612521171569824,-0.12063167989253998,-0.018037697300314903,0.5207785367965698,-0.19615215063095093,-0.06478426605463028,-0.19572484493255615,-0.2308889627456665,-0.1779148280620575,0.06735982745885849,0.08792533725500107,0.28642553091049194,0.8583490252494812,0.3226606249809265,0.029263757169246674,-0.17676976323127747,-0.21003693342208862,0.13801392912864685,0.12641668319702148,-0.14567050337791443,-0.2072356939315796,-0.08795630931854248,0.36535578966140747,-0.22035890817642212,-0.19997195899486542,-0.1011078804731369,0.1855040341615677,-0.20677506923675537,0.008434334769845009,-0.2140732705593109,-0.08778619766235352,0.14204996824264526,0.7360448837280273,-0.06854409724473953,-0.23640413582324982,-0.2453930824995041,0.5641906261444092,0.8166415095329285,0.3343302607536316,0.859453022480011,0.09570099413394928,0.1057763546705246,-0.20546787977218628,0.5756017565727234,-0.19953307509422302,-0.05640455335378647,1.0581061840057373,1.0895532369613647,-0.20827069878578186,0.3347337245941162,0.7567659616470337,-0.1779540777206421,1.0314384698867798,-0.10369011759757996,0.16129225492477417,-0.13157254457473755,0.2946464419364929,-0.023880571126937866,0.6321836709976196,0.40817660093307495,-0.22614917159080505,-0.06726150214672089,0.406529039144516,-0.09638243913650513,-0.05449754372239113,0.10896408557891846,-0.2194388210773468,-0.2331959307193756,-0.1281605064868927,-0.12761610746383667,-0.2511109411716461,-0.2600708603858948,-0.04075932502746582,0.16470867395401,-0.057768315076828,-0.15161609649658203,-0.16318975389003754,0.10771888494491577,-0.24534757435321808,-0.25767192244529724,0.24503695964813232,0.20193234086036682,-0.14619000256061554,-0.11799680441617966,0.23154130578041077,-0.1363278329372406,0.05715790018439293,-0.23802301287651062,0.0010876469314098358,0.9909161925315857,-0.03512921556830406,-0.013410618528723717,0.4778115153312683,-0.07993818074464798,0.4811819791793823,-0.1295757293701172,-0.2559055685997009,0.09168591350317001,-0.04094696417450905,-0.10356798768043518,-0.10033746063709259,0.03298536688089371,-0.16279952228069305,0.18046694993972778,-0.044168341904878616,0.9655951261520386,-0.02784484624862671,-0.2193709909915924,0.042622312903404236,-0.12162093073129654,0.40968430042266846,-0.24726273119449615,0.4468350410461426,0.028142014518380165,0.12544015049934387,-0.17308847606182098,-0.1592959612607956
75,615,336,642,364,-0.19327574968338013,-0.23675976693630219,0.377147376537323,1.1942427158355713,-0.10138275474309921,0.03743647038936615,0.5446904301643372,-0.2564448416233063,-0.20028996467590332,-0.23953363299369812,0.7428855299949646,-0.27088218927383423,-0.22587281465530396,1.2903947830200195,0.6370245814323425,-0.2344822883605957,0.5815722346305847,2.012040615081787,0.30259373784065247,0.25625890493392944,-0.029594741761684418,-0.1515282690525055,-0.11068281531333923,0.39005446434020996,1.1160359382629395,1.4985586404800415,-0.16676963865756989,-0.2510811686515808,0.21325664222240448,0.9633959531784058,0.22600670158863068,-0.04332093521952629,0.22042635083198547,0.20215636491775513,-0.20740780234336853,-0.27655738592147827,-0.008206523954868317,0.354640930891037,-0.2389524281024933,-0.18205620348453522,-0.024781234562397003,0.014762751758098602,0.5331370830535889,1.6572891473770142,-0.18722102046012878,0.23591475188732147,-0.23632986843585968,0.6300636529922485,1.2288415431976318,0.4315260648727417,0.710151195526123,0.5850939750671387,0.21699196100234985,-0.2573605179786682,0.19718456268310547,0.2424621284008026,0.5806270837783813,0.5858641862869263,1.5580650568008423,-0.2507903575897217,0.6022348999977112,0.5145151615142822,-0.12729790806770325,2.227299213409424,0.23268073797225952,0.4565829038619995,0.37705424427986145,0.6848495006561279,-0.18605884909629822,0.8644586205482483,0.27434954047203064,-0.21491776406764984,-0.023396790027618408,0.3037523627281189,-0.18222934007644653,0.38557887077331543,-0.13204160332679749,-0.2687746584415436,-0.12568725645542145,-0.1105530709028244,0.5189223289489746,-0.25361767411231995,-0.27619558572769165,0.133405402302742,-0.12449920922517776,-0.2090149223804474,-0.2181929498910904,-0.17065083980560303,-0.07494904100894928,-0.24016016721725464,-0.06463642418384552,-0.0033574700355529785,-0.2179643213748932,0.07764799892902374,-0.09730153530836105,0.0851362943649292,-0.1892833709716797,-0.20373764634132385,-0.02810743823647499,-0.1317024827003479,0.3154955804347992,-0.1400185078382492,-0.07662130892276764,0.49418529868125916,1.1475876569747925,0.542294979095459,-0.02034633979201317,-0.10363733768463135,0.34715139865875244,0.019859030842781067,-0.14921629428863525,0.0347285121679306,0.5426888465881348,0.7880674600601196,-0.004822269082069397,0.03569997102022171,1.2251886129379272,0.09705176949501038,0.054969534277915955,-0.0962984710931778,-0.06385878473520279,0.08988089859485626,-0.1098659560084343,0.742529034614563,0.07525177299976349,0.04195085167884827,-0.09243857860565186,0.020268887281417847
76,381,168,414,194,0.2520892322063446,-0.22421035170555115,0.03661343455314636,1.1306557655334473,-0.1992863118648529,-0.2511022090911865,0.3401002585887909,-0.22148685157299042,-0.14532549679279327,-0.18306639790534973,0.3885705769062042,1.1958529949188232,-0.14124807715415955,0.0728563591837883,0.8085683584213257,-0.1920253038406372,0.06631796061992645,-0.16779494285583496,0.026365652680397034,-0.16913625597953796,-0.14387430250644684,0.6074728965759277,0.27217966318130493,0.7371315360069275,0.4552004933357239,-0.09424200654029846,-0.051284488290548325,-0.04199471324682236,0.5070950388908386,0.0522148460149765,-0.19685733318328857,-0.1420198678970337,-0.0828590840101242,0.4519772529602051,-0.18116268515586853,0.20481418073177338,-0.08766987919807434,0.1194428950548172,-0.2359963208436966,0.030081801116466522,-0.12543106079101562,0.010709613561630249,-0.018078044056892395,0.07331674546003342,-0.05411702021956444,-0.1022580936551094,-0.19412007927894592,1.0789086818695068,0.27950310707092285,0.24870184063911438,0.4600103795528412,0.4396149218082428,0.22856011986732483,-0.15287667512893677,0.5663890242576599,-0.26709091663360596,0.2227303683757782,0.8988499641418457,0.6632594466209412,-0.20458361506462097,0.12478184700012207,0.3137509822845459,-0.04109443724155426,-0.19918714463710785,-0.03568405285477638,0.06669515371322632,-0.09775041788816452,-0.0056068263947963715,0.3746681809425354,0.19720882177352905,0.9832524061203003,-0.14099599421024323,-0.20511381328105927,0.5515298843383789,-0.06540040671825409,-0.18592458963394165,0.10771426558494568,-0.21579435467720032,-0.09042482823133469,-0.18869522213935852,-0.0474773533642292,-0.23959088325500488,-0.27005961537361145,0.41202646493911743,0.12201687693595886,-0.20468516647815704,-0.16057558357715607,-0.10440527647733688,0.2795841693878174,-0.22898495197296143,-0.2657983899116516,-0.06975287199020386,0.22312000393867493,-0.07374271005392075,-0.03572923690080643,0.1758684664964676,-0.1318480670452118,0.38204002380371094,-0.2546340525150299,0.010036252439022064,1.2754508256912231,0.06431540101766586,0.30506324768066406,0.20332267880439758,-0.1694631427526474,0.15238575637340546,0.06054466962814331,0.1749742478132248,-0.14060187339782715,-0.16263581812381744,0.654568076133728,0.11429758369922638,0.023104017600417137,-0.03054620884358883,0.1971716582775116,-0.08880780637264252,0.18697679042816162,-0.007945429533720016,0.07658939063549042,0.2230222225189209,-0.11328532546758652,0.8885294198989868,-0.17171011865139008,0.7299466729164124,0.018725965172052383,-0.026970837265253067,-0.09907577931880951,-0.11477989703416824
77,561,400,583,421,-0.27104663848876953,-0.22859594225883484,-0.2556767165660858,1.4240570068359375,-0.09792119264602661,-0.23823510110378265,-0.2322784811258316,-0.2713853716850281,-0.2771354615688324,-0.1519499272108078,0.04988795146346092,-0.12184839695692062,-0.2784055471420288,0.4276692271232605,1.2588164806365967,-0.25797852873802185,0.9689688086509705,-0.23952694237232208,-0.1420835256576538,0.40340620279312134,-0.16405776143074036,2.9752883911132812,-0.27755942940711975,1.3765312433242798,2.9198620319366455,-0.26077577471733093,-0.2682148814201355,-0.10118067264556885,-0.18211838603019714,-0.2767937481403351,-0.18452730774879456,-0.26795926690101624,-0.24275889992713928,0.42607980966567993,-0.26985299587249756,-0.21940977871418,0.45753931999206543,-0.06639650464057922,-0.14494705200195312,-0.25223714113235474,-0.2610519230365753,0.15722788870334625,0.35338935256004333,2.550020217895508,-0.15914595127105713,-0.261859267950058,-0.25622639060020447,0.5592110753059387,-0.16958464682102203,-0.1901855617761612,2.483898401260376,1.2112739086151123,-0.12284157425165176,-0.27843719720840454,1.0519263744354248,-0.1852460354566574,-0.20987378060817719,2.461296558380127,3.642331600189209,-0.22711323201656342,-0.2724403738975525,-0.27593448758125305,-0.26524168252944946,-0.02759382873773575,-0.276503324508667,0.22382646799087524,-0.17127147316932678,-0.1052173525094986,-0.2680312991142273,-0.19603323936462402,1.2144174575805664,-0.2596396803855896,-0.27727028727531433,-0.26052239537239075,0.44248437881469727,0.44721606373786926,-0.10023494809865952,-0.1880681961774826,-0.2782275676727295,-0.041392598301172256,0.8785160779953003,-0.27791935205459595,-0.25481748580932617,-0.11448504030704498,-0.24122881889343262,-0.21501946449279785,-0.23539166152477264,-0.13076399266719818,-0.23643778264522552,-0.27728161215782166,-0.110565185546875,-0.041330736130476,-0.09772391617298126,0.45474711060523987,-0.2757946848869324,0.6156668066978455,-0.06980311125516891,-0.24047237634658813,-0.24613580107688904,-0.11132977157831192,0.8008914589881897,-0.19347107410430908,0.13096018135547638,-0.14476323127746582,-0.2207738161087036,0.18206267058849335,-0.24710199236869812,-0.2681894302368164,0.6096200942993164,-0.18956099450588226,-0.27763259410858154,0.34909355640411377,0.15594413876533508,-0.2774266004562378,-0.24256505072116852,-0.1498183012008667,-0.1493222862482071,-0.2701491415500641,-0.2630307972431183,-0.27474579215049744,0.037884220480918884,-0.026785586029291153,-0.27710941433906555,-0.043005309998989105,-0.055417049676179886,-0.27202507853507996,-0.04547540843486786,0.11227962374687195
78,501,608,525,634,-0.26790452003479004,-0.24072664976119995,0.5465505123138428,1.3148709535598755,-0.033049795776605606,0.08237551152706146,-0.22871658205986023,-0.24457374215126038,-0.23332902789115906,-0.15974360704421997,3.9307780265808105,-0.22832483053207397,-0.17355896532535553,1.1022863388061523,-0.2143942266702652,-0.27756768465042114,-0.07724537700414658,-0.0035386739764362574,-0.2773341238498688,-0.23966048657894135,-0.2425466626882553,1.050955057144165,-0.1777237206697464,-0.22996598482131958,0.7434234023094177,-0.20686645805835724,-0.22011500597000122,-0.2507060170173645,0.8696097731590271,-0.14832209050655365,-0.07960205525159836,-0.13819843530654907,-0.2783423066139221,0.5704940557479858,-0.20320665836334229,-0.2522445619106293,0.25829651951789856,-0.0386229008436203,-0.09750927984714508,-0.2641112208366394,-0.2294262945652008,0.5676479339599609,1.92781662940979,2.197706699371338,-0.12267667800188065,-0.2566876709461212,-0.2059684544801712,3.5298407077789307,3.3687970638275146,0.2906610667705536,-0.2776566743850708,-0.19606812298297882,-0.09958729892969131,0.2445582151412964,-0.2778319716453552,-0.1576511114835739,0.02496410720050335,2.4032392501831055,0.6541828513145447,-0.16285616159439087,-0.01571047306060791,0.05325428768992424,0.8231515884399414,3.76560115814209,-0.13560399413108826,-0.22339507937431335,-0.2531627416610718,1.1225661039352417,-0.0227583646774292,0.6288431882858276,0.49524441361427307,-0.12275044620037079,-0.2696174383163452,0.0969749316573143,-0.24781790375709534,-0.20610442757606506,-0.16464443504810333,-0.1727658361196518,1.362741470336914,-0.020046032965183258,-0.2774113416671753,-0.2518389821052551,-0.053819965571165085,-0.2703671455383301,-0.09551218152046204,-0.0071875909343361855,-0.061400480568408966,-0.09874393790960312,-0.23363296687602997,-0.23852212727069855,-0.27190855145454407,-0.15190628170967102,-0.11249073594808578,0.1916540116071701,-0.16049852967262268,1.0205637216567993,-0.25023671984672546,-0.26115626096725464,0.1658613383769989,-0.27382025122642517,-0.27298468351364136,-0.04816821217536926,1.7086513042449951,0.2977229654788971,-0.03708261251449585,1.3439611196517944,-0.27687615156173706,-0.16329644620418549,0.8492419719696045,-0.19907203316688538,-0.19739452004432678,-0.010997512377798557,0.21513712406158447,-0.27739977836608887,-0.253589928150177,-0.045692089945077896,0.014899871312081814,-0.19098609685897827,0.011376073583960533,-0.05140376836061478,-0.20114926993846893,0.19875381886959076,-0.2655111849308014,-0.05615677684545517,-0.04352995753288269,-0.11516174674034119,-0.13839758932590485,-0.2761036157608032
79,506,370,534,398,0.013905763626098633,-0.257325142621994,0.031166017055511475,1.0582234859466553,-0.16349704563617706,-0.2595687508583069,0.4775508642196655,-0.2464570552110672,-0.1852385550737381,-0.21790814399719238,0.16084524989128113,-0.2680230736732483,-0.12382009625434875,1.4229905605316162,0.9219025373458862,-0.15177708864212036,-0.2748592495918274,2.175699472427368,-0.13233211636543274,0.5167505145072937,-0.14076726138591766,0.12847894430160522,0.23178672790527344,0.03050086833536625,0.9308856129646301,0.6538773775100708,0.18918749690055847,0.04534301906824112,0.09129265695810318,0.250668466091156,-0.25388363003730774,-0.018059350550174713,-0.1416763961315155,-0.03901410847902298,-0.17680393159389496,-0.2494659423828125,-0.20281581580638885,0.33409062027931213,-0.20907416939735413,0.1412011831998825,-0.19627994298934937,-0.15463696420192719,0.12339244782924652,0.41010475158691406,-0.26668834686279297,0.12711644172668457,-0.2728886902332306,0.17485424876213074,-0.0627201721072197,0.2277151346206665,0.7766960859298706,0.6248524188995361,0.4463196098804474,-0.23166507482528687,-0.038278959691524506,-0.12226894497871399,0.13505631685256958,-0.14634180068969727,1.042710781097412,-0.2754059135913849,-0.22634968161582947,0.5180283784866333,-0.11374790966510773,-0.0796905905008316,0.6416642665863037,-0.2203950583934784,-0.2746325433254242,0.6764968037605286,-0.031606025993824005,0.31365665793418884,0.2504686713218689,-0.2521771788597107,0.028072519227862358,-0.10517139732837677,0.0697835385799408,0.008297689259052277,-0.24309691786766052,-0.26377901434898376,-0.27637815475463867,-0.13254283368587494,0.26483622193336487,-0.2340027391910553,-0.2733449935913086,0.12078806012868881,0.06329678744077682,-0.19619989395141602,-0.2412925660610199,-0.2193126380443573,0.7557255029678345,-0.25844594836235046,5.59389591217041e-05,0.14383061230182648,-0.19379647076129913,-0.22603839635849,-0.21970954537391663,-0.20719194412231445,-0.16659346222877502,-0.16409702599048615,-0.1988537311553955,0.15561388432979584,1.2987792491912842,0.054433196783065796,-0.04213366657495499,0.5825020670890808,-0.24846510589122772,-0.14915777742862701,0.12810906767845154,0.17829127609729767,-0.2616543769836426,-0.1173698753118515,-0.1790252923965454,-0.20020006597042084,-0.15907666087150574,0.9472880363464355,0.20481200516223907,-0.20353031158447266,0.4042402505874634,-0.10177265107631683,-0.0544857531785965,0.15599611401557922,0.056357644498348236,0.3486267924308777,-0.11523483693599701,1.2529197931289673,-0.11554572731256485,0.07586979866027832,-0.23882372677326202,-0.08646011352539062
80,650,275,681,298,0.16512568295001984,-0.2586217522621155,0.814909815788269,1.2134281396865845,-0.14756351709365845,-0.27560821175575256,0.5041777491569519,-0.2047094702720642,-0.23529312014579773,-0.1951756328344345,1.9491889476776123,2.8983521461486816,-0.11920210719108582,2.0156259536743164,0.3140382170677185,-0.1952843964099884,-0.1695903241634369,0.001682780683040619,0.6013221740722656,-0.13317178189754486,-0.2543398439884186,0.036183249205350876,0.20103494822978973,-0.2380143105983734,0.861250638961792,1.2535524368286133,-0.12153351306915283,-0.24189189076423645,0.8951988220214844,0.02287083864212036,-0.18009670078754425,-0.15667882561683655,-0.21561534702777863,-0.04263222962617874,-0.2449808418750763,-0.17840689420700073,0.06626957654953003,0.15277041494846344,-0.13423188030719757,0.0877932757139206,-0.20259985327720642,0.2010214924812317,0.7271899580955505,1.174557089805603,-0.1369190663099289,-0.16138581931591034,-0.18483366072177887,2.0005383491516113,0.18243372440338135,0.19929969310760498,-0.006445258855819702,1.0318007469177246,0.3376613259315491,0.1102876365184784,-0.010552570223808289,-0.0596332922577858,0.06304958462715149,1.5929025411605835,0.5882430076599121,-0.15382137894630432,-0.050029218196868896,0.42749106884002686,0.10340035706758499,1.2361520528793335,0.08408816158771515,-0.08248250186443329,-0.25825929641723633,0.33557435870170593,-0.044660672545433044,0.17839415371418,0.09344156086444855,-0.017530448734760284,-0.1433858424425125,0.24451908469200134,-0.19548755884170532,0.5909340977668762,0.023316022008657455,-0.20753611624240875,0.9225385189056396,-0.08023695647716522,-0.052777551114559174,-0.2781344950199127,-0.2721266746520996,2.4416873455047607,0.0190783329308033,-0.13991527259349823,-0.10827259719371796,-0.1649881899356842,0.16696566343307495,-0.18616874516010284,-0.2718890309333801,-0.05554169788956642,0.11461640894412994,0.422199547290802,-0.21503683924674988,0.6709722280502319,-0.12506185472011566,-0.14141316711902618,-0.114211805164814,-0.011369645595550537,1.8736851215362549,0.11073236167430878,1.0659289360046387,0.3867247700691223,-0.20679086446762085,0.08921992033720016,-0.14425955712795258,-0.20444469153881073,0.527292013168335,-0.2301994264125824,-0.11215977370738983,0.09321320056915283,0.030663762241601944,0.06331384181976318,0.027864322066307068,-0.12879304587841034,0.4714561104774475,0.9012282490730286,0.057170234620571136,0.10690724849700928,-0.07375158369541168,0.5910862684249878,-0.21731877326965332,0.3806813359260559,0.06543578207492828,0.07161039113998413,-0.1870848536491394,-0.21752052009105682
81,313,679,358,726,0.817327618598938,-0.14828981459140778,0.27449458837509155,1.036234736442566,-0.24405643343925476,-0.14290818572044373,0.24267975986003876,-0.18030817806720734,-0.24094955623149872,-0.20417973399162292,0.0904160737991333,0.024269433692097664,0.004986895248293877,0.2857532799243927,0.4570430517196655,-0.11098245531320572,-0.04764903709292412,0.07294527441263199,0.5255448818206787,-0.0621570348739624,-0.01996118575334549,0.12348776310682297,0.4519878923892975,0.3399832546710968,-0.03137205168604851,0.5212151408195496,-0.1561482697725296,-0.13455918431282043,0.5703845620155334,0.4231599271297455,-0.1349804401397705,-0.0535358265042305,0.03799734264612198,0.4037637710571289,-0.10586562752723694,0.09263160824775696,-0.21535652875900269,0.39091581106185913,-0.2553842067718506,0.2691897749900818,-0.04117046296596527,-0.14945435523986816,-0.023258427157998085,0.22611699998378754,0.14032405614852905,-0.10245012491941452,-0.18104547262191772,0.594289243221283,0.21709799766540527,0.24315956234931946,0.5440089106559753,0.5528073310852051,0.6405785083770752,-0.22758108377456665,0.8450199365615845,-0.06290803104639053,0.5436743497848511,0.14029444754123688,0.6089641451835632,-0.17347922921180725,0.3276784121990204,0.6256313323974609,-0.026508165523409843,0.07300712168216705,0.4055018723011017,-0.13753098249435425,0.2829800248146057,0.2687191367149353,0.11612740159034729,0.3301905691623688,0.685919463634491,-0.18930770456790924,-0.09022384136915207,0.18184517323970795,-0.1768694519996643,-0.11504839360713959,0.30463463068008423,-0.1744217574596405,-0.18887487053871155,-0.1791616976261139,0.14045174419879913,-0.23117977380752563,-0.2724965512752533,0.09982280433177948,0.17711816728115082,0.014869974926114082,-0.1580982208251953,-0.1948874294757843,0.2840580642223358,-0.24624234437942505,-0.17203092575073242,0.027480747550725937,0.3190267086029053,-0.26804566383361816,0.5443251729011536,-0.15523022413253784,-0.23268063366413116,0.37907952070236206,-0.2219744175672531,0.14432549476623535,0.29378730058670044,0.1609133929014206,0.10680226981639862,0.505181610584259,0.30524909496307373,0.39254093170166016,0.0822172686457634,0.7057576179504395,-0.1678239107131958,-0.030608858913183212,0.730323076248169,-0.1224355697631836,0.39175716042518616,-0.006533192470669746,0.40244877338409424,-0.08228141069412231,0.6634179949760437,-0.19180309772491455,-0.08919831365346909,0.05362745746970177,-0.14713995158672333,0.3426809310913086,0.312383770942688,0.7681353092193604,-0.06719601154327393,0.8436360955238342,-0.03765874356031418,-0.19597217440605164
82,399,529,425,554,-0.17700247466564178,-0.1644519418478012,0.8668062090873718,1.3669911623001099,-0.06043870002031326,-0.26034876704216003,-0.13041207194328308,-0.19218787550926208,-0.1727665215730667,-0.10973067581653595,1.7702305316925049,-0.1221107766032219,-0.06768089532852173,2.8637149333953857,1.579893708229065,-0.1960580199956894,-0.014547638595104218,0.23508599400520325,-0.05034826323390007,-0.16133368015289307,-0.22558806836605072,2.816105842590332,-0.26984715461730957,-0.06975884735584259,1.3370548486709595,-0.19277024269104004,-0.05305870622396469,-0.22573886811733246,-0.0009581781923770905,-0.1008431613445282,-0.07215374708175659,-0.20868214964866638,-0.21729952096939087,0.7618058323860168,-0.2744128406047821,-0.27107691764831543,0.41903507709503174,-0.034100741147994995,-0.07223350554704666,-0.19322147965431213,-0.0006557852029800415,0.5142863392829895,2.022346019744873,1.4169764518737793,-0.07959260791540146,0.07841839641332626,-0.15670010447502136,4.3606438636779785,0.02923322096467018,-0.24856987595558167,-0.26773250102996826,1.3401893377304077,-0.06390921026468277,-0.15473586320877075,-0.05005120486021042,-0.2667292058467865,0.45918887853622437,1.1999506950378418,2.0983242988586426,-0.19615493714809418,-0.11007910221815109,-0.22905175387859344,0.43169620633125305,1.9780642986297607,0.04592433571815491,-0.2727745771408081,-0.16725805401802063,-0.05769340693950653,-0.25286903977394104,-0.16491112112998962,0.9094953536987305,0.37462353706359863,-0.20020471513271332,0.0880487933754921,0.12469008564949036,0.09687245637178421,-0.11943535506725311,-0.13220272958278656,1.3526545763015747,-0.040592342615127563,-0.2764583230018616,-0.2641982436180115,-0.2293417751789093,0.6322804689407349,-0.16060757637023926,-0.009273889474570751,-0.06791519373655319,-0.10030049085617065,-0.262580931186676,-0.20474626123905182,-0.20538052916526794,-0.2726718783378601,-0.047775886952877045,0.7084888815879822,-0.12417522817850113,1.018843650817871,-0.08480963110923767,-0.1321508139371872,-0.10525407642126083,-0.27608567476272583,0.9600926041603088,-0.010366816073656082,0.8312304019927979,-0.07333571463823318,-0.052553705871105194,0.5742486119270325,-0.18262356519699097,-0.23787449300289154,1.314794659614563,-0.21721883118152618,-0.1491575688123703,0.3920806646347046,-0.004827849566936493,0.08673590421676636,-0.26606571674346924,-0.086219422519207,-0.27071908116340637,0.16159111261367798,0.06261865794658661,-0.17634165287017822,0.04159869998693466,0.5801110863685608,-0.1815180480480194,-0.13233813643455505,-0.24921096861362457,-0.2084188610315323,-0.24659878015518188,-0.04234348237514496
83,677,860,713,891,0.275567889213562,-0.21769505739212036,-0.024214304983615875,1.051228642463684,-0.1684442162513733,0.04970066249370575,0.37272366881370544,-0.1609804630279541,0.04193402826786041,-0.25717923045158386,0.3636346757411957,0.34435054659843445,-0.023191869258880615,0.05742693692445755,0.043717265129089355,-0.189994215965271,-0.24022142589092255,-0.22122451663017273,-0.14145135879516602,-0.10561670362949371,-0.1363515555858612,0.047274149954319,0.1756284534931183,0.8895792365074158,0.14063698053359985,0.684005081653595,-0.14802688360214233,-0.034526534378528595,0.2646810710430145,0.7396083474159241,-0.24354954063892365,-0.25541532039642334,0.10938394069671631,0.16084830462932587,-0.1672065556049347,-0.1285126954317093,-0.22290639579296112,0.10610957443714142,-0.21029703319072723,0.003017168492078781,-0.18043836951255798,-0.1526225209236145,-0.05549999326467514,0.08947601914405823,-0.09271644055843353,-0.22715502977371216,-0.21462970972061157,0.5363374948501587,0.6132265329360962,0.21674811840057373,0.5512354373931885,-0.19700422883033752,0.3076936602592468,-0.23027054965496063,0.1524633765220642,-0.2749733626842499,-0.10258188098669052,0.6192635297775269,0.6811246871948242,-0.2157265692949295,0.2371969372034073,0.4580327868461609,-0.033855266869068146,-0.07479032129049301,0.17320279777050018,-0.22134560346603394,0.4200631380081177,0.008135281503200531,0.052429329603910446,0.44658613204956055,0.8956676721572876,-0.20073501765727997,-0.13476701080799103,0.09379809349775314,-0.13411733508110046,-0.029752090573310852,0.0083165243268013,-0.2120988667011261,-0.12017175555229187,-0.21210899949073792,0.12534280121326447,-0.21442756056785583,-0.26400333642959595,2.114208936691284,-0.03532121703028679,-0.16200688481330872,-0.1641649603843689,-0.17319416999816895,0.17345306277275085,-0.20727625489234924,-0.26703310012817383,0.3116990625858307,0.08567138761281967,-0.2646418511867523,1.0058481693267822,-0.1627357453107834,-0.23544499278068542,-0.14075346291065216,-0.23447443544864655,0.09160147607326508,0.20222201943397522,0.16484153270721436,0.21756449341773987,0.11460632085800171,0.16997766494750977,0.5361942052841187,-0.06257634609937668,0.22967401146888733,0.057206183671951294,0.1322479546070099,-0.1611221730709076,-0.09764084219932556,0.07800993323326111,-0.17720633745193481,0.49824485182762146,-0.17623840272426605,0.37647297978401184,-0.14265884459018707,-0.17750316858291626,0.13406288623809814,-0.16352565586566925,0.37370285391807556,-0.18519726395606995,0.5976272821426392,-0.04571623355150223,0.31446751952171326,-0.0024624913930892944,-0.20149165391921997
84,237,269,265,296,-0.05481885373592377,-0.18819056451320648,-0.11968576163053513,1.2697317600250244,-0.20339080691337585,-0.25662094354629517,0.16279442608356476,-0.20247820019721985,-0.22455689311027527,-0.2152756303548813,0.07721389830112457,0.22704492509365082,-0.10638882219791412,0.20894977450370789,1.5735942125320435,-0.17474141716957092,0.45224833488464355,0.262834370136261,-0.09515777975320816,0.2143249213695526,-0.05917031317949295,1.3843637704849243,-0.14239364862442017,1.3981125354766846,1.6638472080230713,0.2661222219467163,-0.14218246936798096,-0.09755171835422516,0.02520407736301422,0.12439420819282532,-0.18565985560417175,0.18010389804840088,-0.11251702904701233,1.3003582954406738,-0.20914489030838013,-0.15716445446014404,0.10264847427606583,-0.15215139091014862,-0.22801156342029572,-0.17350777983665466,0.23805378377437592,0.19186803698539734,1.019001841545105,0.9625136256217957,-0.12546810507774353,0.06937652826309204,-0.14964649081230164,1.8630720376968384,0.5450180768966675,-0.1094120442867279,1.1935739517211914,0.9603920578956604,0.18926651775836945,-0.16207537055015564,0.11121635138988495,-0.23241591453552246,0.8660570979118347,1.3679279088974,1.8610759973526,-0.2243124544620514,0.26257389783859253,0.1401398926973343,0.0014206133782863617,1.5058672428131104,-0.11607669293880463,-0.21090629696846008,-0.14311450719833374,0.0098813995718956,0.052930332720279694,-0.01817169040441513,1.380899429321289,0.0557648241519928,-0.17316344380378723,0.09275054186582565,0.05451388284564018,-8.853524923324585e-05,-0.15808625519275665,-0.20075610280036926,-0.14546632766723633,-0.18095353245735168,0.23775041103363037,-0.1668437421321869,-0.2641003131866455,0.041956085711717606,0.020950309932231903,-0.13450102508068085,-0.21319793164730072,-0.21110180020332336,-0.129373237490654,-0.2351389229297638,-0.113335981965065,-0.12472816556692123,-0.15022626519203186,0.19872313737869263,-0.12065810710191727,0.38612377643585205,-0.23186282813549042,-0.03644067049026489,-0.24922193586826324,-0.2254505306482315,1.0121653079986572,0.012067675590515137,0.2830989360809326,0.1377265900373459,-0.04724041745066643,0.7950629591941833,0.1583811640739441,-0.1627575308084488,0.5784043073654175,-0.07450597733259201,-0.2042611986398697,0.43543967604637146,0.5097746849060059,0.043167732656002045,-0.07099737226963043,0.24032928049564362,0.13589996099472046,0.4510183334350586,0.3657190501689911,-0.032085031270980835,-0.08795145153999329,0.47573310136795044,-0.24777576327323914,0.9547553062438965,0.05141130089759827,-0.1958191692829132,-0.20125940442085266,-0.015012774616479874
85,586,458,609,479,1.0106201171875,-0.24400052428245544,1.0416837930679321,0.9671081304550171,-0.0902373343706131,-0.2660007178783417,0.8951148390769958,-0.2683561444282532,-0.22671294212341309,-0.25774064660072327,1.2997939586639404,-0.2566837668418884,-0.12771128118038177,0.28701189160346985,-0.013813681900501251,-0.23659130930900574,-0.2250300645828247,-0.07197641581296921,-0.21924203634262085,-0.24970212578773499,-0.1677292287349701,0.33762744069099426,0.5273541212081909,-0.22890254855155945,0.08259616792201996,-0.09561975300312042,-0.015016335994005203,-0.16907575726509094,1.928015947341919,0.040647074580192566,-0.2728639841079712,-0.13468843698501587,0.0063005657866597176,0.35999584197998047,-0.18419593572616577,-0.2595694661140442,-0.17585931718349457,0.3360104560852051,-0.266943097114563,0.24885967373847961,-0.10016588866710663,-0.1630982756614685,-0.07747656106948853,1.2016868591308594,0.39145728945732117,-0.25643885135650635,-0.24043157696723938,1.5981837511062622,0.010227902792394161,0.5369760990142822,0.08161932975053787,0.03792717307806015,0.16769735515117645,0.007419154047966003,-0.03312690556049347,-0.18178758025169373,-0.25045132637023926,-0.05242700129747391,0.1987762451171875,-0.26888036727905273,0.12066920101642609,0.7814871668815613,-0.14236143231391907,0.004783540964126587,0.9180273413658142,-0.1482265442609787,-0.2655804455280304,0.23703999817371368,0.8402843475341797,0.7163476347923279,0.8247829079627991,0.0004811584949493408,-0.1378156542778015,0.05338756740093231,-0.20032480359077454,-0.10668838769197464,0.497376948595047,-0.20073530077934265,0.9822072386741638,-0.14465734362602234,-0.199623242020607,-0.2741190195083618,-0.26500076055526733,-0.17044514417648315,-0.02538491040468216,-0.10465377569198608,-0.254907488822937,-0.16880235075950623,0.36616480350494385,-0.2774662673473358,-0.22382551431655884,-0.1250837743282318,0.18140611052513123,-0.27071815729141235,-0.05121629685163498,-0.11826536059379578,-0.2029252052307129,0.13966649770736694,-0.24969443678855896,0.1246427372097969,0.4300834536552429,0.518326997756958,0.9871339797973633,0.7540524005889893,-0.2718379497528076,-0.05625394731760025,0.2671695947647095,-0.26268190145492554,0.0671185702085495,-0.13198082149028778,-0.17471134662628174,-0.26048463582992554,-0.01469350978732109,0.5812910795211792,0.10130904614925385,-0.18936112523078918,0.2720363140106201,-0.23832646012306213,-0.222104012966156,0.1063983291387558,-0.057935114949941635,0.6114821434020996,-0.21777603030204773,0.17475071549415588,-0.029480885714292526,0.1873045563697815,0.6853806972503662,-0.2370079755783081
86,636,161,663,185,-0.022048957645893097,-0.26258885860443115,-0.17831896245479584,1.2082651853561401,-0.15608878433704376,-0.20348700881004333,0.5573478937149048,-0.25394123792648315,-0.06981049478054047,-0.17387603223323822,0.24563631415367126,-0.2562832236289978,-0.26653236150741577,0.6798793077468872,0.6669399738311768,-0.2654576599597931,1.2297197580337524,0.146499902009964,-0.21544496715068817,-0.1471899151802063,-0.11219663918018341,0.4479926824569702,0.33725786209106445,0.5865564346313477,1.3051583766937256,0.00020088255405426025,0.026805855333805084,-0.2703038454055786,-0.22680312395095825,-0.2758473753929138,-0.17583192884922028,-0.15102338790893555,-0.04027538374066353,1.467501163482666,-0.25336217880249023,-0.23210309445858002,0.10571382194757462,0.24332280457019806,-0.16817374527454376,-0.24015235900878906,0.012715460732579231,0.02506203204393387,0.04950474202632904,1.1958035230636597,-0.2644684910774231,0.5704241394996643,-0.0556822344660759,1.4912922382354736,-0.04811561107635498,0.22094786167144775,0.731095016002655,0.11138631403446198,0.966352105140686,-0.20482297241687775,0.6472650766372681,-0.18644705414772034,-0.09048998355865479,1.4584875106811523,2.0491833686828613,-0.19910326600074768,0.04542647302150726,0.41879239678382874,0.07301967591047287,0.7499656677246094,0.01777978241443634,0.42309415340423584,-0.03187703341245651,0.44805753231048584,0.2071164846420288,-0.2184566855430603,1.1514569520950317,-0.2691168785095215,-0.2747983932495117,0.1277267336845398,0.060504138469696045,0.0013739466667175293,-0.032864272594451904,-0.20882639288902283,-0.2720923125743866,-0.09506124258041382,-0.15979987382888794,-0.2671877145767212,-0.2686762809753418,0.013826236128807068,0.8577513694763184,-0.10915058851242065,-0.1627368927001953,-0.17477181553840637,0.9232631325721741,-0.2474021315574646,-0.1895906627178192,0.15413764119148254,0.11989262700080872,0.22862282395362854,-0.241996169090271,0.45041948556900024,0.01227065920829773,-0.25910213589668274,-0.24367564916610718,-0.039299093186855316,2.225858211517334,-0.06027936935424805,-0.0228271484375,0.30648159980773926,-0.1466551572084427,0.4168769419193268,-0.22374537587165833,0.06626494973897934,0.7764487862586975,-0.06248795986175537,0.16253963112831116,0.007861755788326263,0.5523351430892944,-0.08763095736503601,-0.0303446426987648,-0.0043899789452552795,0.4742649793624878,0.47443318367004395,0.006798498332500458,0.15503722429275513,-0.049481626600027084,0.8382395505905151,-0.2332272231578827,0.6817176342010498,-0.10155574977397919,0.4374694228172302,-0.18350327014923096,-0.05500718578696251
87,553,470,574,492,0.17940369248390198,-0.267537385225296,-0.2658465504646301,0.9241052865982056,-0.06802434474229813,-0.24684828519821167,0.9648776054382324,-0.2759087085723877,-0.2012011557817459,-0.27433693408966064,1.6639126539230347,-0.2524655759334564,0.7897456884384155,0.42939406633377075,-0.17362438142299652,-0.14573945105075836,-0.20980094373226166,-0.2452733814716339,-0.2199629694223404,-0.2418002337217331,-0.0040344856679439545,-0.13070055842399597,0.6607877016067505,-0.030913345515727997,0.602712869644165,-0.05384521931409836,0.8710164427757263,-0.19046853482723236,0.4815676510334015,0.13362696766853333,-0.2544804811477661,-0.1965758055448532,-0.1886586993932724,0.46929287910461426,-0.2749292850494385,-0.20993372797966003,-0.21358302235603333,0.37287619709968567,-0.17971035838127136,-0.13717803359031677,-0.22244486212730408,-0.23482975363731384,-0.2535174787044525,1.2545690536499023,-0.20360532402992249,-0.2761825621128082,-0.27337202429771423,0.130681574344635,0.532962441444397,1.380989670753479,0.4751472771167755,0.26447567343711853,1.1101887226104736,-0.1357177346944809,-0.23309782147407532,-0.20820854604244232,-0.2764703333377838,0.6169257164001465,0.48787713050842285,-0.21366877853870392,0.07027845829725266,1.3303604125976562,0.0002592691744212061,0.00695629371330142,1.2409968376159668,-0.0913362205028534,-0.24717135727405548,1.4692507982254028,0.050469640642404556,1.2700061798095703,0.6044234037399292,-0.20409362018108368,-0.2621740996837616,0.15934611856937408,-0.15615151822566986,-0.18623434007167816,-0.26293841004371643,-0.2763640582561493,-0.2251122146844864,-0.10190913826227188,-0.14936527609825134,-0.2738584280014038,-0.24445557594299316,0.763437807559967,-0.27479884028434753,-0.1914243996143341,-0.19512002170085907,-0.21767520904541016,0.10355838388204575,-0.2767251133918762,-0.2448362559080124,0.4709113836288452,-0.27212151885032654,-0.2743578255176544,-0.2784564793109894,-0.12253374606370926,-0.2252761721611023,0.2930831015110016,-0.2356601357460022,0.198207288980484,0.15538832545280457,-0.09535229951143265,1.413947582244873,0.7736865282058716,-0.27469825744628906,-0.27288833260536194,0.3720923364162445,-0.27591925859451294,-0.27288252115249634,-0.2529693841934204,-0.2763182520866394,-0.2725234925746918,0.0031463608611375093,-0.1650596410036087,0.5998710989952087,-0.2776159346103668,1.0053685903549194,-0.1827758252620697,-0.054158709943294525,-0.22782981395721436,-0.08447583764791489,0.06115076318383217,-0.24135273694992065,2.0894947052001953,-0.08259105682373047,-0.25019019842147827,-0.2753264009952545,-0.2751736044883728
88,284,695,324,737,0.7369785308837891,-0.15240901708602905,0.20889945328235626,1.0564099550247192,-0.23997943103313446,-0.16928522288799286,0.2233649641275406,-0.15782473981380463,-0.20136506855487823,-0.24617889523506165,0.230392724275589,-0.20863570272922516,0.03261842206120491,0.2427266389131546,0.4015446901321411,-0.12993447482585907,0.04755793511867523,-0.06246182695031166,0.2570015490055084,-0.08533917367458344,-0.11645495891571045,0.13785292208194733,0.4956314265727997,0.08187893778085709,0.012205160222947598,0.45410218834877014,-0.1522139459848404,-0.1327315717935562,0.6402373313903809,0.41774892807006836,-0.1319282054901123,-0.10116514563560486,0.015646053478121758,0.32782182097435,-0.10279522836208344,-0.0742436870932579,-0.22462160885334015,0.22249847650527954,-0.209221750497818,0.10968373715877533,-0.10388538241386414,-0.14682844281196594,-0.06936909258365631,0.09122240543365479,0.20157916843891144,-0.13546104729175568,-0.21717748045921326,0.5678881406784058,0.20338188111782074,0.24367372691631317,0.4294396936893463,0.45446640253067017,0.5320844054222107,-0.21767467260360718,0.8157009482383728,-0.11874357610940933,0.3345797061920166,0.08779259771108627,0.5383010506629944,-0.22185035049915314,0.23157231509685516,0.5388263463973999,-0.05482153594493866,-0.07138577103614807,0.26238107681274414,-0.17406539618968964,0.23792880773544312,0.14768725633621216,0.05250753462314606,0.4674464464187622,0.5632807612419128,-0.18529193103313446,-0.09001797437667847,0.07228721678256989,-0.12599995732307434,-0.15695820748806,0.45207732915878296,-0.17595946788787842,-0.1502809226512909,-0.194973886013031,0.03768356144428253,-0.2240704894065857,-0.26964831352233887,0.014554006978869438,0.2552293539047241,-0.059941571205854416,-0.09956703335046768,-0.19128544628620148,0.20786869525909424,-0.24064190685749054,-0.13845878839492798,0.12701807916164398,0.4401725232601166,-0.2710028886795044,0.15094225108623505,-0.16315215826034546,-0.23232810199260712,0.2051350474357605,-0.22438107430934906,0.1594110131263733,0.21616758406162262,0.1090574637055397,0.1317068189382553,0.30297625064849854,0.11671504378318787,0.42359602451324463,0.1253192126750946,0.35448509454727173,-0.15611883997917175,-0.060029804706573486,0.44170188903808594,-0.1774832010269165,0.3093605041503906,-0.027037348598241806,0.37957847118377686,-0.1304936408996582,0.6634044647216797,-0.22947174310684204,-0.09596892446279526,0.10083430260419846,-0.14432993531227112,0.4982261657714844,0.1441529095172882,0.5562140345573425,-0.10404668748378754,0.5371358394622803,0.0019156808266416192,-0.212017223238945
89,331,506,357,532,0.395388662815094,-0.23413576185703278,-0.05819873511791229,1.0688660144805908,-0.13918393850326538,-0.13175486028194427,0.7057054042816162,-0.2517569661140442,-0.05327277630567551,-0.25266706943511963,0.17243064939975739,-0.2485245019197464,-0.17398642003536224,0.17231036722660065,1.271242380142212,-0.2505228519439697,-0.18718400597572327,-0.028523124754428864,-0.26195138692855835,-0.2359621226787567,0.05680723488330841,0.4777020812034607,0.22370509803295135,1.4681904315948486,-0.1745755821466446,0.21471653878688812,-0.20503482222557068,-0.22611311078071594,0.7014148235321045,0.11033108085393906,-0.2248266041278839,0.11168798804283142,-0.1449960172176361,0.09465041011571884,-0.17993715405464172,0.0453580766916275,0.00887821614742279,-0.14091190695762634,-0.1981668472290039,0.09548737108707428,-0.13737449049949646,-0.041452616453170776,0.06396035104990005,0.3663790225982666,0.537950336933136,-0.05443877726793289,-0.024410419166088104,1.0378468036651611,0.21744835376739502,0.5828680992126465,0.9220438003540039,0.360371470451355,0.1609693169593811,-0.22366102039813995,1.7653224468231201,-0.1953577697277069,0.38898327946662903,0.339094877243042,1.1891545057296753,-0.23184740543365479,1.1402883529663086,0.19617712497711182,-0.14072690904140472,0.6347613334655762,0.4805123805999756,0.08851262927055359,-0.20975077152252197,0.09139770269393921,0.20674946904182434,0.12843137979507446,0.5707254409790039,-0.21756517887115479,0.033920176327228546,-0.020399712026119232,-0.15243177115917206,-0.056275174021720886,0.5156396627426147,-0.2451392263174057,0.016789324581623077,-0.12457498908042908,0.3556240499019623,-0.2589748501777649,-0.24010011553764343,-0.16831234097480774,0.988510012626648,-0.1842614710330963,-0.2737169563770294,-0.10840336978435516,0.2324194610118866,-0.2575041651725769,-0.19843147695064545,-0.020190395414829254,0.2843700647354126,0.05705367028713226,0.03069257363677025,0.1670236587524414,-0.10455205291509628,0.023455768823623657,-0.2478494942188263,0.1350259631872177,1.223349690437317,-0.00217244029045105,-0.14457687735557556,0.9933639764785767,-0.20732545852661133,0.6122991442680359,-0.18190497159957886,0.5833166241645813,-0.26332271099090576,-0.2241252064704895,1.1236553192138672,0.16670238971710205,0.8678550720214844,1.084412932395935,-0.027470652014017105,-0.08193720132112503,0.4224361777305603,-0.22971713542938232,-0.23769499361515045,0.35711848735809326,0.03646916151046753,0.27681612968444824,0.21352116763591766,0.6163370013237,-0.011559829115867615,0.14888790249824524,0.05806818604469299,-0.10006722062826157
90,517,703,559,742,0.7043243050575256,-0.17760641872882843,0.6156722903251648,1.0350053310394287,-0.18888378143310547,-0.18217726051807404,0.31563329696655273,-0.21150191128253937,-0.0338914580643177,-0.26120275259017944,0.748131513595581,-0.19091267883777618,-0.08964329957962036,0.22674430906772614,0.24398958683013916,-0.16621872782707214,-0.2244625836610794,0.40886780619621277,0.3531276285648346,0.055692728608846664,-0.12545455992221832,0.07255830615758896,0.3763308823108673,0.053787995129823685,0.269143670797348,0.4900604486465454,-0.17631901800632477,-0.17109297215938568,0.9133396148681641,0.1710009127855301,-0.17795437574386597,-0.11367533355951309,0.05134105309844017,0.23937924206256866,-0.1223052367568016,-0.14566189050674438,-0.22669349610805511,0.6643887758255005,-0.185038760304451,0.4031478464603424,-0.08181209862232208,-0.16817064583301544,0.2103482037782669,0.4322984218597412,0.1286039501428604,-0.17975692451000214,-0.2223656326532364,0.9634408354759216,0.4702657163143158,0.42626336216926575,0.5368302464485168,-0.016978034749627113,0.28047141432762146,-0.17735962569713593,0.9304457306861877,-0.12872785329818726,0.37051329016685486,0.13576209545135498,0.667365550994873,-0.21034573018550873,0.514579713344574,0.44193539023399353,-0.10088648647069931,0.06884765625,0.1872653365135193,-0.20063458383083344,-0.1243857815861702,0.11526558548212051,0.2337632030248642,0.6162503361701965,0.5230929255485535,-0.11598322540521622,-0.1216721162199974,0.26183661818504333,-0.1448589712381363,0.01801825501024723,0.3937439024448395,-0.23583608865737915,0.16908901929855347,-0.24505209922790527,0.05564475432038307,-0.23172859847545624,-0.2671186029911041,0.40497711300849915,-0.06378210335969925,-0.04195629432797432,-0.19976414740085602,-0.173717200756073,0.4551719129085541,-0.22014778852462769,-0.16176055371761322,0.03393620625138283,0.21462106704711914,-0.26756325364112854,0.5508661866188049,-0.18740499019622803,-0.25223612785339355,-0.09726539254188538,-0.19036482274532318,0.11041427403688431,0.2539517879486084,-0.03505302593111992,0.21495980024337769,0.4932583272457123,0.12517379224300385,0.4725405275821686,-0.00976883340626955,0.5675080418586731,-0.04513098672032356,-0.13449789583683014,0.4731222093105316,-0.17021675407886505,0.5338701605796814,0.03728294372558594,0.4136291444301605,-0.07760975509881973,0.6898568272590637,-0.19864046573638916,-0.13065879046916962,0.06057437136769295,-0.12987953424453735,0.34984493255615234,0.1574983298778534,0.411260724067688,-0.12292756885290146,0.7575873732566833,0.11946455389261246,-0.2215721160173416
91,766,330,797,357,0.46165668964385986,-0.22769108414649963,0.01717779040336609,1.0734968185424805,-0.2207041084766388,-0.26649489998817444,0.036017466336488724,-0.21348442137241364,-0.20936226844787598,-0.2196049839258194,0.40785178542137146,-0.08113942295312881,-0.06364060193300247,0.007029257714748383,0.6390732526779175,-0.21374386548995972,-0.05804426223039627,-0.25028908252716064,-0.2676105499267578,-0.1644577980041504,0.18764013051986694,0.5432289838790894,0.3481111526489258,0.6594257354736328,-0.022844037041068077,-0.15120753645896912,-0.18569886684417725,-0.23173275589942932,0.3385539650917053,0.1846650242805481,-0.17419421672821045,-0.09782618284225464,-0.10223860293626785,0.3820209801197052,-0.18862850964069366,0.1612412929534912,-0.09035654366016388,0.14314648509025574,-0.2642975151538849,0.0010326206684112549,-0.2231709361076355,-0.09411625564098358,-0.09754198044538498,0.6195695400238037,0.31018611788749695,-0.2391425371170044,-0.112360879778862,0.48284563422203064,0.01318797841668129,0.10321307182312012,0.9737111330032349,0.18515585362911224,0.1917598694562912,-0.22622449696063995,0.9916195869445801,-0.2594592869281769,0.012141555547714233,0.8095700740814209,1.0646030902862549,-0.22383692860603333,0.021842096000909805,0.6546133160591125,-0.20112669467926025,-0.09712867438793182,0.06025201827287674,0.2743510603904724,-0.14398148655891418,0.3336080014705658,-0.10068076848983765,0.3789292573928833,0.7019747495651245,-0.2431245744228363,-0.150565505027771,0.5408750772476196,-0.040587492287158966,-0.11104291677474976,0.09995414316654205,-0.25871217250823975,-0.1511477380990982,-0.2035638689994812,-0.06668924540281296,-0.26196908950805664,-0.27136290073394775,0.07416419684886932,0.05900682881474495,0.0880500003695488,0.023997750133275986,-0.21741798520088196,0.16365216672420502,-0.18212845921516418,-0.24881649017333984,0.023405946791172028,0.33015772700309753,-0.08066465705633163,-0.028452090919017792,0.19752317667007446,-0.16924747824668884,0.3126877248287201,-0.25753968954086304,0.0906839594244957,0.8545246124267578,-0.05489664152264595,-0.035495638847351074,0.5178530216217041,-0.23345457017421722,0.2312348484992981,-0.057231299579143524,-0.2068188190460205,-0.1003764346241951,-0.133318692445755,0.30576789379119873,0.08405685424804688,-0.02691459283232689,-0.15769529342651367,0.34764784574508667,-0.09813575446605682,0.24613896012306213,-0.21825794875621796,-0.19437886774539948,0.06583203375339508,-0.13561776280403137,0.43054598569869995,-0.24832391738891602,0.21738551557064056,-0.05934590846300125,0.2326519787311554,-0.09946504235267639,-0.13809263706207275
92,676,370,702,398,-0.1009439006447792,-0.2783425748348236,2.638453483581543,1.305012822151184,-0.15341179072856903,-0.0023715610150247812,-0.12402012944221497,-0.23326440155506134,-0.09228764474391937,-0.27613139152526855,1.6079304218292236,3.959770441055298,-0.27747058868408203,3.078451156616211,0.14548160135746002,-0.20551523566246033,-0.16158390045166016,4.136106491088867,0.8117137551307678,-0.16773927211761475,-0.25254037976264954,-0.2614656090736389,-0.2709900438785553,-0.27699917554855347,3.16402268409729,5.200043678283691,0.15884047746658325,0.30005452036857605,1.160299301147461,2.6582553386688232,-0.2763853669166565,-0.24386227130889893,-0.034188833087682724,-0.19883869588375092,-0.24715924263000488,-0.26271167397499084,0.23330673575401306,1.2927947044372559,-0.019302967935800552,-0.11944842338562012,0.49754858016967773,0.4889065623283386,0.4298146367073059,1.2540405988693237,-0.015484514646232128,1.0051236152648926,-0.0939117968082428,3.971242904663086,-0.26039794087409973,-0.268856942653656,-0.229922816157341,3.5343265533447266,-0.2780764102935791,0.5590061545372009,-0.02193906344473362,0.060156866908073425,0.5722061991691589,-0.2730417251586914,0.5813020467758179,-0.1283620446920395,-0.11390819400548935,-0.14683547616004944,0.22020570933818817,-0.26697608828544617,-0.277866929769516,-0.2781546413898468,-0.0946839228272438,-0.18007324635982513,-0.07659909129142761,-0.27656611800193787,-0.2757889926433563,1.2381185293197632,-0.19933348894119263,-0.14485928416252136,-0.25247302651405334,1.3342821598052979,-0.03748311102390289,-0.2158956527709961,0.36144334077835083,-0.12406488507986069,-0.07204418629407883,-0.25515222549438477,-0.22959549725055695,1.7754024267196655,-0.06344669312238693,-0.004424454644322395,-0.030684128403663635,-0.05223984271287918,0.24977290630340576,-0.09508948028087616,-0.20194798707962036,-0.17874778807163239,-0.053626712411642075,0.8432973027229309,-0.24629777669906616,0.06873142719268799,-0.059118859469890594,-0.22393253445625305,-0.14950646460056305,-0.2510814368724823,2.210811138153076,-0.14613308012485504,2.3127808570861816,-0.26694002747535706,2.240257501602173,-0.21020632982254028,-0.004897440783679485,-0.2758631408214569,0.8191292881965637,-0.20957539975643158,-0.04968653619289398,0.8616252541542053,-0.08191213756799698,2.8436145782470703,-0.2775391936302185,0.04163554310798645,-0.18490634858608246,1.4305537939071655,0.7308668494224548,-0.21213299036026,0.20642076432704926,0.6917406320571899,-0.27831247448921204,0.9408679604530334,-0.0439378097653389,-0.10235117375850677,-0.278105229139328,0.047999873757362366
93,505,918,545,951,0.2605895698070526,-0.1589992791414261,0.07840128988027573,1.0570300817489624,-0.23358272016048431,0.07305523008108139,0.6384919285774231,-0.22632700204849243,-0.042377036064863205,-0.2602764368057251,0.2399137020111084,0.7712764143943787,-0.05134120583534241,0.2785765826702118,0.5646737217903137,-0.16861610114574432,0.07634229212999344,-0.10198190808296204,0.6240207552909851,0.032865483313798904,-0.14389635622501373,0.04057258740067482,0.3513902425765991,0.7272548675537109,0.26721620559692383,0.5534440875053406,-0.05087420716881752,-0.1581556349992752,0.15657883882522583,0.5560696721076965,-0.2448185235261917,-0.17847411334514618,0.06087622046470642,0.3144795000553131,-0.1763586550951004,0.03624395653605461,-0.2009112387895584,0.10654523223638535,-0.2688440978527069,0.08499735593795776,0.06577220559120178,-0.13907502591609955,0.14158910512924194,0.4609535038471222,0.22544296085834503,-0.14633768796920776,-0.24198688566684723,0.6282584071159363,0.3433290719985962,0.49818888306617737,0.7171218991279602,0.5007559657096863,0.6594665050506592,-0.22866301238536835,0.30723267793655396,0.025233665481209755,0.45091772079467773,0.49421370029449463,0.9380266070365906,-0.23819763958454132,0.4464195668697357,0.4864679276943207,-0.05517745390534401,0.2696457505226135,0.2579035758972168,-0.006920208688825369,0.5299821496009827,0.2560935616493225,-0.021191803738474846,0.32879891991615295,0.7427482604980469,-0.12804721295833588,-0.15349207818508148,0.28240981698036194,-0.11587536334991455,-0.02341337315738201,-0.1737341284751892,-0.22905385494232178,-0.2300734519958496,-0.23909099400043488,0.17937211692333221,-0.24125200510025024,-0.2624296247959137,0.6936008334159851,0.04343172907829285,-0.18279647827148438,-0.24750567972660065,-0.21817143261432648,0.3561786115169525,-0.21388298273086548,-0.2059650421142578,0.14504478871822357,-0.1988697499036789,-0.22815893590450287,0.49516141414642334,-0.05369074270129204,-0.22745352983474731,0.10904284566640854,-0.24786798655986786,0.10215889662504196,0.6863288879394531,-0.004882434848695993,0.12611806392669678,0.2832767963409424,-0.0048955581150949,0.36405622959136963,-0.00569424033164978,0.2892177999019623,-0.0901830866932869,-0.032580818980932236,0.5154808163642883,-0.0984695553779602,0.4465467929840088,0.13889144361019135,0.2659089267253876,-0.10446145385503769,0.7671744227409363,-0.08490192890167236,-0.09072909504175186,0.0018860796699300408,-0.13966992497444153,0.35744357109069824,0.1444004625082016,1.321846604347229,-0.03967819735407829,0.7167149186134338,-0.10887870192527771,-0.16657482087612152
94,731,223,758,250,0.0897950530052185,-0.22870919108390808,0.011237122118473053,1.3023455142974854,-0.2212364375591278,-0.2188989222049713,0.20175090432167053,-0.22678595781326294,-0.2170480191707611,-0.09007644653320312,0.20048248767852783,0.8482685089111328,-0.20330238342285156,0.772139310836792,2.074234962463379,-0.21921172738075256,-0.20528259873390198,0.0850253701210022,0.07657760381698608,0.25198617577552795,0.1267891824245453,0.872882604598999,-0.12186938524246216,0.7045825719833374,0.9890331029891968,0.10629119724035263,0.11301293969154358,-0.23462098836898804,-0.06463775038719177,-0.1223011240363121,-0.18365263938903809,0.03933310508728027,-0.12424184381961823,1.2256436347961426,-0.1671551764011383,-0.004206791520118713,0.2575281858444214,-0.07553203403949738,0.36487776041030884,-0.20172426104545593,0.8039824962615967,0.31671497225761414,0.8948787450790405,1.1653454303741455,0.0983063280582428,0.4654334485530853,-0.10776551067829132,2.5704526901245117,-0.038856521248817444,-0.16172203421592712,0.13329173624515533,0.735702633857727,0.013188857585191727,-0.1764257848262787,0.21791797876358032,-0.25571370124816895,1.1582515239715576,1.2092359066009521,1.363175630569458,-0.1659875363111496,0.5638980865478516,-0.017319440841674805,0.7178364992141724,1.0163935422897339,-0.10401841253042221,-0.03093607723712921,-0.22748981416225433,0.11596810817718506,0.5359290838241577,-0.2176772654056549,1.4519407749176025,0.18723291158676147,-0.21937008202075958,0.2698272168636322,-0.016170263290405273,0.16589853167533875,0.6188693642616272,-0.21565835177898407,0.4634079337120056,-0.14847341179847717,-0.14062918722629547,-0.19355638325214386,-0.2600964307785034,0.49039116501808167,0.7695592641830444,-0.03811280429363251,-0.12272126972675323,-0.2760733962059021,0.14359554648399353,-0.2388445883989334,0.030659880489110947,-0.18405544757843018,0.07843051105737686,0.3715502917766571,-0.20788347721099854,0.6576242446899414,-0.07907097041606903,-0.17767223715782166,-0.23455402255058289,-0.2337816208600998,2.763392925262451,0.02821394056081772,0.14583036303520203,0.0169824231415987,-0.12294413149356842,0.05787454545497894,-0.09376665204763412,0.12032017111778259,0.6518088579177856,-0.22766143083572388,1.115936279296875,0.5643371343612671,0.16930383443832397,0.18303559720516205,-0.14994600415229797,0.17975004017353058,-0.146781325340271,0.8655734062194824,0.4062854051589966,-0.06692676246166229,0.006666082888841629,1.1721491813659668,-0.2583315968513489,0.7414792776107788,0.2456803321838379,0.14211469888687134,-0.24738886952400208,-0.01002739928662777
95,484,546,512,573,-0.07295487821102142,-0.2151220440864563,0.37745869159698486,1.2625362873077393,0.11381760239601135,0.31633931398391724,-0.15693989396095276,-0.2408745288848877,-0.21381498873233795,-0.26347190141677856,0.6930125951766968,-0.27729707956314087,-0.05935126543045044,2.148667097091675,0.188749760389328,-0.23765210807323456,1.2821393013000488,-0.19421064853668213,-0.20912957191467285,0.18929752707481384,-0.21475563943386078,0.12307442724704742,-0.16974857449531555,-0.20734629034996033,1.7396119832992554,1.6746375560760498,-0.19482582807540894,-0.269650936126709,0.1969398707151413,1.302803874015808,-0.02771158516407013,-0.23283028602600098,0.11639897525310516,0.09699152410030365,-0.21057531237602234,-0.2638239562511444,0.0011232048273086548,-0.17278265953063965,-0.1910885125398636,-0.10062488913536072,-0.2255176305770874,0.030443765223026276,0.29068997502326965,1.2897766828536987,-0.26658540964126587,-0.08585098385810852,-0.23566174507141113,0.40564316511154175,1.0598070621490479,0.009834416210651398,0.7089262008666992,0.46502232551574707,-0.1692308634519577,-0.20184680819511414,0.0848255306482315,-0.13849039375782013,-0.22209584712982178,0.8120942115783691,1.7475011348724365,-0.24771638214588165,-0.08572545647621155,0.4484894275665283,-0.09504394233226776,1.3756157159805298,0.32366323471069336,0.7410932183265686,1.4157273769378662,0.962476372718811,-0.2664864957332611,0.4920932948589325,0.15676671266555786,-0.22042793035507202,-0.03818605840206146,0.1652320921421051,0.05067115277051926,0.3642950654029846,-0.1441098302602768,-0.23945170640945435,-0.08472940325737,-0.05328219011425972,0.38835689425468445,-0.26844388246536255,-0.2593901455402374,0.3998108506202698,-0.17667947709560394,-0.19665227830410004,-0.2312362790107727,-0.09766959398984909,-0.18582510948181152,-0.21980009973049164,0.06009618937969208,0.06805354356765747,-0.22013920545578003,0.027353912591934204,-0.27551528811454773,0.14375777542591095,-0.14783526957035065,-0.27676135301589966,-0.05309505760669708,-0.09899844974279404,0.13709688186645508,-0.27044668793678284,0.04156816378235817,0.12663447856903076,1.2629172801971436,0.5278383493423462,-0.1376313865184784,-0.21144476532936096,0.9751145839691162,-0.0846729427576065,-0.26932188868522644,-0.16007861495018005,0.00349995493888855,0.15317311882972717,-0.13968171179294586,-0.09800257533788681,0.28131920099258423,0.05937904864549637,-0.12254441529512405,0.10457015037536621,-0.0595269501209259,0.12677712738513947,-0.27439096570014954,0.37744343280792236,-0.07500086724758148,0.10401622205972672,-0.13025647401809692,-0.06951011717319489
96,453,424,480,451,0.8206812143325806,-0.2637638449668884,-0.06579265743494034,1.1793874502182007,-0.18146732449531555,0.47327297925949097,0.28168782591819763,-0.24506890773773193,-0.21301662921905518,-0.2580188512802124,0.4237109124660492,-0.18371230363845825,-0.21908682584762573,0.16448284685611725,0.3079686164855957,-0.18170130252838135,-0.23044051229953766,0.6371861696243286,-0.2338932752609253,-0.08764626085758209,-0.02423803135752678,0.21234244108200073,0.06170809268951416,0.9488604068756104,0.040624797344207764,1.2893553972244263,-0.23058980703353882,-0.22391843795776367,0.21136660873889923,1.1976318359375,0.40707898139953613,0.22183777391910553,-0.10812924802303314,0.38388994336128235,-0.11878049373626709,-0.10709325969219208,0.21990984678268433,0.17429682612419128,0.2226395308971405,-0.17077794671058655,0.10936692357063293,0.09857121855020523,0.059564296156167984,0.6806432008743286,0.004715666174888611,0.103465735912323,-0.1460401713848114,0.7416098117828369,1.4182534217834473,0.5031116604804993,0.9850326180458069,0.7831834554672241,0.4455265402793884,-0.1929367482662201,1.0973305702209473,-0.24512000381946564,0.7931177616119385,0.8409451246261597,1.3415764570236206,-0.2631297707557678,0.9092749357223511,0.8326411843299866,-0.16676530241966248,0.6105390787124634,0.17522768676280975,0.2014414221048355,-0.22946584224700928,0.22175803780555725,-0.03144501894712448,0.5196206569671631,0.3564525246620178,-0.2393864542245865,-0.12450242042541504,0.6309511661529541,-0.18806925415992737,0.038832053542137146,0.3318861126899719,-0.19031035900115967,-0.03529351204633713,-0.13613802194595337,0.8192968368530273,-0.19304955005645752,-0.25362908840179443,-0.0010884255170822144,0.48316583037376404,-0.22191226482391357,-0.2141895592212677,-0.13940101861953735,-0.04496535658836365,-0.2119639664888382,-0.25991174578666687,0.4218798279762268,0.0855984091758728,0.1525183618068695,0.0819670706987381,0.06860989332199097,-0.20761488378047943,-0.17996381223201752,-0.20935487747192383,-0.13287152349948883,0.024373792111873627,-0.0952874943614006,-0.060763049870729446,0.9798030853271484,1.1554081439971924,0.9875158071517944,-0.15603521466255188,-0.16370317339897156,-0.2359163612127304,-0.13048389554023743,1.561151385307312,0.3829808235168457,0.6524117588996887,0.6356492042541504,-0.0006288513541221619,0.2032417207956314,0.8169288039207458,-0.005994804203510284,-0.1476987600326538,0.2920682430267334,-0.0965433418750763,0.1309802085161209,-0.23384833335876465,0.794548511505127,0.03051771968603134,0.05644829571247101,-0.18808458745479584,-0.1262827217578888
97,210,304,241,336,0.8360710740089417,-0.21744154393672943,-0.05025479942560196,1.1172467470169067,-0.22487546503543854,0.532879650592804,0.3312974274158478,-0.25092852115631104,0.07684668898582458,-0.021763183176517487,-0.03040885180234909,-0.17213119566440582,-0.11775755137205124,0.24509449303150177,0.690565288066864,-0.22335338592529297,-0.11241191625595093,0.498562216758728,0.2080613225698471,-0.021785415709018707,-0.24565231800079346,0.46075010299682617,0.13021209836006165,0.8375594615936279,0.6300475597381592,0.943458080291748,0.027881085872650146,0.010033980011940002,-0.14959686994552612,0.442710816860199,-0.13173973560333252,-0.027261793613433838,0.0899062305688858,0.638622522354126,-0.2110665738582611,-0.11493492871522903,0.03563039004802704,0.0040992796421051025,1.0514731407165527,-0.14830735325813293,0.39491862058639526,0.02507663331925869,0.06940323859453201,-0.230529323220253,0.20794269442558289,1.0969066619873047,-0.18961355090141296,1.9596080780029297,0.9183205366134644,0.024424131959676743,0.6014236211776733,0.7507951259613037,0.45906829833984375,-0.1821494698524475,1.845217227935791,-0.19138997793197632,1.0729880332946777,-0.09119352698326111,1.0284738540649414,-0.18407222628593445,1.0077159404754639,-0.22393858432769775,0.09353609383106232,-0.22586968541145325,0.00984511524438858,-0.08443610370159149,0.6051393747329712,-0.026385195553302765,0.496748685836792,-0.18316984176635742,0.8255156874656677,0.17907045781612396,-0.2193036824464798,-0.01930183172225952,-0.04292400926351547,-0.1999356895685196,1.6463037729263306,-0.24428173899650574,-0.06650783121585846,-0.1643763780593872,0.603958249092102,-0.24657821655273438,-0.27116769552230835,0.14543205499649048,1.8379137516021729,-0.1370980143547058,-0.20903748273849487,-0.1260278820991516,0.44718611240386963,-0.21888187527656555,-0.22996686398983002,0.13871681690216064,0.2582816481590271,-0.0936933159828186,0.5790265202522278,-0.08485661447048187,-0.22600571811199188,-0.026454836130142212,-0.2661905288696289,-0.06341851502656937,0.3431633412837982,-0.2374202013015747,0.06828346103429794,0.962026834487915,0.42602330446243286,0.8603782653808594,0.023239552974700928,1.2276825904846191,-0.2452792525291443,-0.2069120556116104,2.165426254272461,0.015666428953409195,1.8749643564224243,1.1553171873092651,-0.07071904093027115,0.1575847864151001,-0.1226075291633606,0.11604385077953339,0.2926080822944641,0.15835954248905182,0.015311800874769688,0.6260004043579102,0.026670977473258972,1.3149926662445068,-0.08510608971118927,0.5727159976959229,-0.2395397424697876,-0.14823845028877258
98,526,561,548,583,-0.2757209539413452,-0.2130891978740692,-0.012980349361896515,1.366743564605713,-0.17143462598323822,-0.13973620533943176,0.613758385181427,-0.24362900853157043,-0.126897931098938,-0.1254870891571045,-0.19767281413078308,-0.2091888189315796,-0.20902350544929504,0.774070680141449,1.9928317070007324,-0.23476263880729675,-0.18449173867702484,2.8169963359832764,-0.2702646851539612,-0.021936267614364624,-0.2528013288974762,1.8449782133102417,-0.2727496922016144,1.4489076137542725,2.2665634155273438,0.17699550092220306,0.5253448486328125,-0.12040608376264572,-0.22961866855621338,-0.17132744193077087,-0.16811583936214447,-0.24206002056598663,-0.20510154962539673,1.1103709936141968,-0.264161616563797,-0.2551788091659546,0.67331463098526,-0.10737534612417221,-0.18004237115383148,0.30012625455856323,0.3872007727622986,0.3333328664302826,1.0122158527374268,1.3356660604476929,-0.2722579538822174,0.8088578581809998,-0.27557963132858276,1.3641334772109985,-0.2731367349624634,-0.16830946505069733,1.1889480352401733,1.179335355758667,-0.22207431495189667,-0.1161227822303772,0.3316602110862732,-0.22723978757858276,1.0959362983703613,0.23111367225646973,1.7986500263214111,-0.2533486485481262,-0.24858155846595764,-0.12910282611846924,-0.23858709633350372,-0.16336198151111603,-0.11453966796398163,-0.26299557089805603,-0.19306650757789612,-0.17729055881500244,0.7530477046966553,-0.19927197694778442,1.1262394189834595,-0.08408413827419281,-0.22098447382450104,-0.198076993227005,0.1448340117931366,0.3683144748210907,-0.18027962744235992,-0.1497177630662918,-0.18696215748786926,-0.12009694427251816,-0.27560025453567505,-0.25470101833343506,-0.2762826085090637,-0.2772170305252075,0.4599986672401428,-0.03364856541156769,-0.10962196439504623,-0.27645719051361084,0.8794402480125427,-0.23044148087501526,-0.25080835819244385,-0.27263784408569336,-0.14153872430324554,0.6017494201660156,-0.12072891741991043,0.6544440984725952,0.19483020901679993,-0.24957485496997833,-0.2745356559753418,-0.25910842418670654,3.8332695960998535,0.07448357343673706,0.41856783628463745,0.10155947506427765,-0.030456412583589554,-0.23684659600257874,0.047548577189445496,-0.17224881052970886,-0.20910724997520447,-0.2575140595436096,-0.048769041895866394,0.4198518693447113,-0.1551039218902588,1.045982837677002,-0.24331453442573547,0.0993836522102356,-0.2256225198507309,-0.01668836921453476,0.23129700124263763,-0.09663567692041397,0.3228262662887573,0.5075246691703796,-0.24536587297916412,1.087839961051941,0.1698203682899475,-0.2641121745109558,-0.11069077253341675,0.23956285417079926
99,650,880,686,921,0.39325278997421265,-0.17904441058635712,0.48143550753593445,0.999782919883728,-0.17055800557136536,-0.25200510025024414,0.6396719217300415,-0.21937507390975952,-0.262978732585907,-0.24349544942378998,0.46822088956832886,-0.18824663758277893,-0.057727061212062836,0.42698976397514343,0.5098323822021484,-0.21190521121025085,-0.20832452178001404,0.11844930052757263,0.5420910716056824,0.24361315369606018,-0.04583733156323433,-0.01381903886795044,0.22486668825149536,0.003982137888669968,0.516103208065033,0.35509181022644043,-0.09667999297380447,-0.07335521280765533,0.5480015277862549,0.06285007297992706,-0.21974942088127136,0.014757558703422546,0.015228934586048126,0.3572010397911072,-0.17205104231834412,-0.11134153604507446,-0.23984239995479584,0.07829630374908447,-0.25767621397972107,0.11025004088878632,-0.13450175523757935,-0.18701672554016113,0.4256722033023834,0.5702968835830688,-0.015973586589097977,-0.2021694928407669,-0.2253672182559967,0.6393994092941284,0.10878147929906845,0.21548116207122803,0.6825393438339233,0.14157238602638245,0.21775376796722412,-0.23458269238471985,0.6573494076728821,-0.20393595099449158,0.430698424577713,0.3538684844970703,0.7713212966918945,-0.24998313188552856,0.08978912234306335,0.3916478157043457,-0.12315285205841064,0.5218884348869324,0.1515745222568512,-0.23322002589702606,-0.15795347094535828,0.34455710649490356,-0.06913215667009354,0.5791195034980774,0.4632227122783661,-0.028643380850553513,-0.13503098487854004,0.08389142155647278,-0.03598788380622864,0.0036020390689373016,0.10867837816476822,-0.2480103224515915,-0.18612122535705566,-0.2031954824924469,-0.13880473375320435,-0.21676675975322723,-0.2749165892601013,0.32949525117874146,-0.08282505720853806,-0.06684879958629608,-0.21367184817790985,-0.1822649985551834,0.3123624622821808,-0.22517403960227966,-0.042799919843673706,-0.038049355149269104,-0.03309708088636398,-0.24988096952438354,0.5904733538627625,-0.09960706532001495,-0.2499493658542633,-0.04153820872306824,-0.24042393267154694,0.06428647041320801,1.1482434272766113,-0.010562513023614883,0.20493169128894806,0.34475719928741455,-0.22989679872989655,0.08364799618721008,-0.02383970469236374,0.020883984863758087,-0.08328371495008469,-0.09837587177753448,-0.005667932331562042,-0.16411758959293365,0.12529882788658142,-0.0642242431640625,0.5086548328399658,-0.1422272026538849,0.784088671207428,-0.12475905567407608,-0.14837366342544556,-0.07908972352743149,-0.13862618803977966,0.3384322226047516,-0.056017324328422546,0.5167306661605835,-0.14193440973758698,0.6147260069847107,-0.18672247231006622,-0.1987120807170868
100,519,361,545,389,0.8372235298156738,-0.24461936950683594,-0.017522022128105164,1.1276373863220215,-0.15438252687454224,-0.12496595084667206,0.3199813961982727,-0.2516859769821167,-0.21934592723846436,-0.2443598210811615,0.23540164530277252,-0.21927133202552795,-0.21460950374603271,0.8674994707107544,0.5835087299346924,-0.1978243589401245,-0.23831722140312195,0.9991673827171326,-0.2000848948955536,0.12177783250808716,-0.15590567886829376,-0.00619090162217617,-0.021306216716766357,0.7854931950569153,0.32609063386917114,1.6039278507232666,-0.03179093450307846,-0.1251792013645172,0.4112239480018616,0.9246606826782227,0.1983637809753418,0.29603826999664307,0.0360184945166111,0.02851106971502304,-0.18074415624141693,-0.04017448425292969,0.09748399257659912,0.13526099920272827,0.017992764711380005,0.03346586227416992,0.02176670730113983,-0.04278605431318283,0.24306464195251465,0.8533070087432861,0.8708412051200867,0.07490970194339752,0.013903722167015076,0.4156038761138916,-0.030362889170646667,0.0645933747291565,1.3974288702011108,1.0214239358901978,0.060084886848926544,-0.2371012270450592,0.9454800486564636,-0.16002629697322845,0.7249756455421448,0.1843007206916809,1.4750295877456665,-0.2562631368637085,0.029804810881614685,0.5209763646125793,-0.16602905094623566,0.21734032034873962,0.840874433517456,0.5070950388908386,-0.13979654014110565,0.549807071685791,-0.13971750438213348,0.3660629093647003,0.42700594663619995,-0.23750939965248108,-0.033066362142562866,0.020361170172691345,-0.07606010884046555,0.24915117025375366,0.32690370082855225,-0.24396711587905884,-0.21724265813827515,-0.12421856820583344,0.4162367582321167,-0.24926044046878815,-0.26230114698410034,-0.12155362218618393,0.12042898684740067,-0.10985243320465088,-0.19896748661994934,-0.20488479733467102,0.3194466829299927,-0.2435622215270996,-0.1327555775642395,-0.1137816458940506,-0.09612442553043365,0.09791161119937897,0.26677680015563965,0.058241236954927444,-0.13025245070457458,-0.011025972664356232,-0.22893445193767548,0.008890680968761444,1.4099501371383667,0.20696917176246643,-0.06442089378833771,0.6976392269134521,-0.19025805592536926,0.026025891304016113,-0.033031195402145386,-0.02587856352329254,-0.24035567045211792,-0.10120920836925507,1.044741153717041,0.18739590048789978,0.18027837574481964,0.6005242466926575,0.10465995967388153,-0.05813104286789894,0.35759055614471436,-0.18173453211784363,-0.18043017387390137,0.10082975029945374,-0.0023914240300655365,0.21858513355255127,-0.17979460954666138,0.5765756368637085,-0.00421418622136116,0.3289030194282532,0.0194413885474205,-0.07019603252410889
101,593,153,629,180,0.3272635042667389,-0.24184367060661316,0.3722325563430786,1.1817866563796997,-0.14163099229335785,0.33522140979766846,0.3649625778198242,-0.22331851720809937,-0.15723751485347748,-0.2311176359653473,0.5160748958587646,2.036865711212158,-0.13640838861465454,0.2722935080528259,0.39163416624069214,-0.20566758513450623,0.08005523681640625,-0.1808542013168335,0.28759557008743286,-0.06159024313092232,-0.1299346685409546,0.7722514867782593,0.2953610420227051,1.1880912780761719,0.30696600675582886,1.1162787675857544,-0.08218489587306976,-0.07541777193546295,0.6435599327087402,1.400234341621399,-0.15405479073524475,-0.20638063549995422,-0.12957161664962769,0.22740375995635986,-0.19756421446800232,0.1955244094133377,0.018572501838207245,0.1740124225616455,-0.24049976468086243,-0.13108378648757935,0.013892576098442078,0.06379441916942596,-0.10144700109958649,1.1086125373840332,-0.028898291289806366,-0.1175260990858078,-0.2434273362159729,1.0584495067596436,0.6305969953536987,0.3574775159358978,0.7777090072631836,1.0983033180236816,0.46307572722435,-0.16427408158779144,0.32441791892051697,-0.1241232305765152,0.5712316632270813,1.1451548337936401,1.1302815675735474,-0.2433285117149353,0.11459724605083466,0.2559835910797119,-0.08286519348621368,-0.029882848262786865,0.2941909432411194,0.6213611960411072,0.6005019545555115,0.07389478385448456,0.20749220252037048,0.21952781081199646,1.112938642501831,-0.10730843991041183,-0.23128962516784668,0.18562662601470947,-0.20007145404815674,0.05570104718208313,-0.16259810328483582,-0.23429030179977417,0.04260789602994919,-0.2682521939277649,0.555121123790741,-0.21472208201885223,-0.26792648434638977,0.8384971618652344,-0.06225346028804779,-0.18450383841991425,-0.2042170614004135,-0.20224493741989136,0.05703289806842804,-0.18380922079086304,-0.216477170586586,0.25265833735466003,-0.18521110713481903,0.09017844498157501,0.030140623450279236,0.07641050219535828,-0.22075216472148895,0.06638311594724655,-0.2587844133377075,-0.0018461011350154877,0.1228104755282402,-0.17275546491146088,0.7064284682273865,0.18963810801506042,1.5977630615234375,0.47036412358283997,-0.025545865297317505,-0.1604529619216919,-0.0028020069003105164,-0.21841982007026672,0.47766605019569397,0.2959657907485962,0.377730131149292,-0.018852174282073975,0.10689465701580048,0.04665791988372803,0.030991211533546448,0.20115157961845398,0.1705973893404007,0.1843539923429489,-0.1601448655128479,0.44679754972457886,-0.23974786698818207,0.9542748928070068,0.05830400809645653,-0.020072396844625473,0.11977473646402359,-0.10497023910284042
102,703,231,736,262,0.5198771953582764,-0.266059547662735,-0.11784466356039047,1.1000720262527466,-0.17646701633930206,0.15695811808109283,0.3522609770298004,-0.22732919454574585,-0.18937285244464874,-0.26948750019073486,0.22547022998332977,0.1071350947022438,-0.06340587139129639,0.061493098735809326,0.870826244354248,-0.2119709998369217,0.14170263707637787,0.08651122450828552,-0.002428809879347682,-0.036897122859954834,0.02337387204170227,0.3751288652420044,0.3989669978618622,0.9158684611320496,0.026901036500930786,0.5042479634284973,-0.1253092736005783,-0.17525823414325714,0.07222568243741989,0.6151129603385925,-0.16738726198673248,-0.052480269223451614,-0.07547349482774734,0.4090697765350342,-0.1662144511938095,0.08466345816850662,-0.03576080873608589,0.06578632444143295,0.10897091776132584,-0.041857410222291946,0.20011506974697113,-0.008198310621082783,-0.016871703788638115,0.27583572268486023,0.1987505406141281,0.06635325402021408,-0.16321921348571777,0.9550075531005859,0.05843113735318184,0.07226573675870895,0.7080230712890625,0.6646971702575684,0.25528815388679504,-0.20970392227172852,0.6832675933837891,-0.2604735195636749,0.6625233292579651,0.5302937626838684,0.9143851399421692,-0.21014441549777985,0.32846686244010925,0.3615608215332031,-0.07960245758295059,-0.10059261322021484,0.08730566501617432,0.134539395570755,0.37957847118377686,0.14992448687553406,0.1995144635438919,0.10107027739286423,0.7320403456687927,-0.1085963025689125,-0.21397311985492706,0.21018485724925995,-0.15304780006408691,-0.09022750705480576,0.48524489998817444,-0.2675876319408417,0.18100373446941376,-0.18814367055892944,0.4247167110443115,-0.2318878322839737,-0.2581700086593628,0.03312842920422554,0.5471203923225403,-0.09298356622457504,-0.15461087226867676,-0.17706827819347382,0.15843908488750458,-0.2556695342063904,-0.09126285463571548,0.055695440620183945,-0.02771979384124279,-0.04999528452754021,0.07236070185899734,0.11969557404518127,-0.17986519634723663,0.11315357685089111,-0.2637796998023987,0.048255473375320435,1.110031247138977,-0.028296208009123802,0.05324031040072441,0.29415497183799744,0.45970413088798523,0.0499282069504261,-0.12290609627962112,0.0878816470503807,-0.16598980128765106,-0.17103956639766693,1.4611011743545532,0.14345955848693848,0.49457645416259766,0.34576180577278137,0.12495998293161392,-0.0535627044737339,0.12442823499441147,-0.06237291172146797,0.015644589439034462,-0.07805000990629196,-0.08273500949144363,0.5916925072669983,-0.13163530826568604,0.9166707992553711,0.011191979050636292,0.20773029327392578,-0.13417069613933563,-0.13933537900447845
103,608,422,630,448,0.5681725740432739,-0.18473967909812927,-0.00889701209962368,1.186767339706421,-0.12970353662967682,-0.2501658499240875,-0.1784190833568573,-0.27444660663604736,-0.24083274602890015,-0.22087377309799194,0.40272313356399536,-0.19684147834777832,-0.1808430254459381,1.747321605682373,1.4527063369750977,-0.22008931636810303,-0.20471808314323425,0.1640470325946808,-0.20660462975502014,-0.04665003716945648,-0.273335337638855,2.2105324268341064,-0.08533930778503418,0.1854277104139328,0.07193470001220703,-0.12034401297569275,0.07482874393463135,-0.1922767460346222,-0.05616385117173195,-0.13253387808799744,-0.16212990880012512,-0.27616655826568604,-0.26454201340675354,2.3240835666656494,-0.06981109082698822,-0.27170392870903015,0.40065091848373413,-0.14475195109844208,1.2944906949996948,-0.1442115753889084,0.23735016584396362,0.21691285073757172,0.4440910518169403,0.04563494771718979,-0.1930456906557083,1.0959382057189941,-0.06834561377763748,2.0117199420928955,0.6101083755493164,-0.027879297733306885,0.6401385068893433,0.13196061551570892,0.6464859843254089,-0.2559690773487091,2.04004168510437,-0.15798866748809814,1.5911784172058105,0.5005720257759094,1.605680227279663,-0.21967092156410217,0.8337332010269165,0.4811556339263916,-0.11706949770450592,-0.043000783771276474,0.9673734903335571,-0.24900153279304504,-0.21455904841423035,0.19885341823101044,-0.2712262272834778,-0.19908030331134796,1.3857433795928955,-0.11283120512962341,-0.20941659808158875,-0.2095906287431717,0.03433883190155029,-0.2763857841491699,1.5857677459716797,-0.18064886331558228,0.2170843780040741,-0.17929455637931824,-0.16404446959495544,-0.2479127049446106,-0.2710912227630615,0.06441262364387512,0.9110984802246094,-0.09775363653898239,-0.20259419083595276,-0.2651621401309967,0.12706752121448517,-0.2750760614871979,-0.22256198525428772,0.22210967540740967,-0.21955737471580505,0.4564257264137268,0.12576240301132202,0.1460660994052887,-0.2299828827381134,-0.255993127822876,-0.19769886136054993,-0.12363430857658386,0.5679978728294373,-0.18379250168800354,-0.0010391250252723694,1.0957106351852417,-0.06508733332157135,0.6929773092269897,-0.07353302836418152,0.11422756314277649,-0.24108554422855377,-0.16449543833732605,2.274184226989746,0.39113619923591614,2.1190872192382812,0.12573260068893433,-0.12318318337202072,0.02744200825691223,-0.1783618927001953,-0.19960620999336243,0.15380340814590454,0.2546643614768982,0.08045946806669235,0.7208319306373596,-0.1765947937965393,0.4040675759315491,-0.1658838391304016,-0.04972393065690994,-0.1216629147529602,-0.10550912469625473
104,388,574,411,594,-0.22341984510421753,-0.27790558338165283,-0.18621402978897095,1.4138374328613281,-0.1587865799665451,0.049409061670303345,-0.21044108271598816,-0.2766711115837097,-0.24191448092460632,-0.25659850239753723,0.6616583466529846,-0.11853762716054916,-0.2263098657131195,-0.010323584079742432,0.7615138292312622,-0.2664557099342346,-0.0996934026479721,-0.03427280858159065,0.06273357570171356,-0.03657911717891693,-0.2577194273471832,1.9084104299545288,-0.23581108450889587,0.9801939129829407,1.9849274158477783,-0.23455440998077393,-0.2631676197052002,-0.2655488848686218,-0.030278518795967102,-0.22324025630950928,-0.12266404181718826,-0.2245805561542511,-0.27748334407806396,0.02757377363741398,-0.24248728156089783,-0.22601675987243652,0.33770838379859924,-0.03500067815184593,-0.1648062765598297,-0.1783130168914795,0.10266005992889404,0.728980541229248,2.08089017868042,-0.18286868929862976,-0.16705159842967987,-0.07713136076927185,-0.204559788107872,3.0107598304748535,2.538379192352295,-0.25271421670913696,0.5617075562477112,0.3224068880081177,-0.23573990166187286,0.20262952148914337,-0.20933450758457184,-0.20055101811885834,0.7813824415206909,2.1294949054718018,0.8501903414726257,-0.18033966422080994,0.6112642288208008,-0.21282093226909637,0.37553972005844116,1.814892292022705,-0.2624078392982483,-0.20290812849998474,-0.23701627552509308,-0.08806975185871124,0.16609027981758118,-0.26037949323654175,0.8247878551483154,0.22009345889091492,-0.259474515914917,-0.05397823825478554,-0.19259586930274963,-0.14788731932640076,-0.09544147551059723,-0.12554733455181122,0.3189370632171631,-0.22977979481220245,0.6310645341873169,-0.21948027610778809,-0.259937584400177,0.012697488069534302,0.028087198734283447,-0.0609174445271492,-0.1630362868309021,-0.12176775932312012,-0.2620834708213806,-0.22854679822921753,-0.2650067210197449,0.7609147429466248,-0.19413729012012482,0.47654491662979126,-0.23470032215118408,0.5177602767944336,-0.24519656598567963,-0.26894864439964294,-0.16492527723312378,-0.2709248661994934,-0.26310116052627563,-0.16226890683174133,0.11868280172348022,-0.12190871685743332,-0.06034335494041443,1.5917589664459229,-0.2617095708847046,-0.08247930556535721,0.4249529540538788,-0.14855292439460754,-0.22297492623329163,0.4407753348350525,0.13840144872665405,-0.027979150414466858,-0.277366042137146,0.1185724139213562,-0.12980735301971436,0.2095433473587036,-0.027886809781193733,-0.0489499568939209,-0.03110969252884388,0.3758530020713806,-0.2361000031232834,0.7798318862915039,0.07999449223279953,-0.15531621873378754,-0.14604517817497253,-0.12279755622148514
105,422,627,446,651,-0.2750053107738495,-0.14841675758361816,-0.05989193171262741,1.0970007181167603,-0.023112716153264046,-0.27590879797935486,-0.25499293208122253,-0.2181275188922882,-0.21955794095993042,-0.1839456707239151,2.941978693008423,-0.04924027994275093,-0.14149178564548492,1.3669636249542236,-0.11641784757375717,-0.27796339988708496,-0.028355084359645844,-0.019393829628825188,-0.27618882060050964,-0.17793260514736176,-0.1280723512172699,-0.22817550599575043,-0.2728860378265381,-0.25631585717201233,-0.16005933284759521,-0.06353811919689178,-0.2740699350833893,-0.2718082666397095,0.12220466136932373,-0.17404574155807495,-0.1278587281703949,-0.11498326063156128,-0.2747909128665924,1.890723466873169,-0.13552840054035187,-0.1890874207019806,-0.04837413504719734,-0.1612865924835205,-0.2673870027065277,-0.1879042685031891,-0.25740355253219604,0.09590854495763779,0.3765122592449188,0.46205466985702515,-0.17630499601364136,-0.21209749579429626,-0.27114513516426086,3.3126089572906494,3.7996771335601807,1.1868826150894165,-0.2544977366924286,-0.2034377157688141,1.3794300556182861,-0.24908548593521118,0.2866016924381256,-0.06103332340717316,-0.2633726894855499,1.4254578351974487,1.778244972229004,-0.09380634129047394,2.005568265914917,0.5887075066566467,0.8694377541542053,3.569974660873413,0.2888760268688202,-0.1265934854745865,-0.17035169899463654,-0.08681879192590714,-0.16031992435455322,-0.17663529515266418,0.7538271546363831,-0.17395780980587006,-0.27608540654182434,0.6659172177314758,0.0522056482732296,-0.27824723720550537,-0.277333527803421,-0.1533183604478836,0.1661732792854309,-0.028998930007219315,-0.2730242908000946,-0.27838680148124695,-0.23717035353183746,-0.20571491122245789,-0.19812656939029694,-0.02263742685317993,-0.18535269796848297,-0.028462274000048637,-0.24255917966365814,-0.2739335298538208,-0.15201912820339203,0.2706491947174072,-0.2779039144515991,-0.23717890679836273,-0.2340388298034668,0.45354461669921875,-0.2590760290622711,-0.20931607484817505,0.3503478467464447,-0.25097063183784485,-0.23323115706443787,-0.06212731823325157,-0.1719067394733429,0.5304240584373474,-0.054372020065784454,3.092207193374634,-0.27091923356056213,-0.2643432915210724,0.2066938579082489,-0.22291171550750732,-0.2783714830875397,-0.20253591239452362,0.6694596409797668,-0.27704960107803345,-0.2674749791622162,-0.13898174464702606,2.918877124786377,0.44571682810783386,-0.12221654504537582,-0.015933003276586533,-0.11415649950504303,0.8054905533790588,-0.26893696188926697,-0.027864955365657806,-0.04243665933609009,-0.2766178548336029,-0.25612565875053406,-0.27497243881225586
106,140,489,174,520,0.22294855117797852,-0.2592565417289734,0.36997392773628235,1.1883959770202637,-0.20685315132141113,-0.21823877096176147,0.8205388784408569,-0.2694881558418274,-0.2137647271156311,-0.23299439251422882,0.3594590127468109,0.0658281147480011,-0.22149986028671265,1.2365803718566895,0.9852101802825928,-0.2544034719467163,-0.14093637466430664,1.6474647521972656,-0.0725587010383606,-0.06266136467456818,-0.02607487142086029,0.34376177191734314,0.013412900269031525,0.9227914214134216,0.43431907892227173,0.6267918348312378,0.3004339337348938,-0.21851389110088348,0.8266721367835999,-0.09406456351280212,-0.145041823387146,-0.15072527527809143,-0.08915941417217255,0.9344992637634277,-0.24364642798900604,-0.1083424761891365,0.11993592977523804,0.2883104085922241,-0.21077369153499603,-0.05193515121936798,0.1324041485786438,0.040823161602020264,0.3675200939178467,1.7950949668884277,0.27166298031806946,0.33043521642684937,-0.15851357579231262,1.5727096796035767,-0.008914437144994736,0.14750835299491882,1.024463415145874,0.8932780027389526,0.5156582593917847,-0.11396357417106628,0.41997694969177246,-0.2338573932647705,1.110453724861145,0.417720764875412,1.4199503660202026,-0.24481576681137085,-0.14688226580619812,0.48170381784439087,-0.06068207696080208,1.1163129806518555,1.0647644996643066,0.1573580652475357,-0.21698737144470215,0.22658002376556396,0.16808852553367615,-0.11913305521011353,1.0352163314819336,0.017510145902633667,-0.26365089416503906,-0.017514027655124664,-0.22736437618732452,0.1252754181623459,0.3781237006187439,-0.2016386091709137,0.36743518710136414,-0.10023880749940872,-0.15402717888355255,-0.2687680721282959,-0.26340505480766296,-0.016582071781158447,-0.13067077100276947,-0.09115594625473022,-0.17708083987236023,-0.20509299635887146,0.3893415331840515,-0.2402743101119995,-0.16224907338619232,-0.13107874989509583,-0.0660952627658844,0.12804198265075684,0.17723201215267181,0.2413197159767151,-0.10735376179218292,-0.0061307139694690704,-0.22463354468345642,-0.10901470482349396,2.149838924407959,-0.1615242063999176,0.7723414897918701,0.6094977259635925,-0.08900213241577148,-0.14363065361976624,0.19723786413669586,-0.19731765985488892,-0.1524496078491211,-0.20617228746414185,0.6553614139556885,0.19230470061302185,0.6389905214309692,0.8227880001068115,-0.0587763674557209,0.015505284070968628,0.129121333360672,0.13379952311515808,0.4066814184188843,0.001061815768480301,-0.02293773554265499,0.5438000559806824,-0.24672234058380127,0.8407206535339355,0.12319894134998322,-0.09319919347763062,-0.019681256264448166,-0.08516020327806473
107,247,793,287,832,0.40005984902381897,-0.2670772969722748,0.22107742726802826,1.0749915838241577,-0.19111163914203644,-0.11016074568033218,0.9544210433959961,-0.2613566815853119,-0.019800564274191856,-0.16409629583358765,0.09649229794740677,0.9309260249137878,-0.20156963169574738,0.4854464530944824,0.5466669201850891,-0.22699761390686035,-0.11045920848846436,1.8752212524414062,0.20409424602985382,-0.0010778456926345825,-0.06321179121732712,-0.12202445417642593,0.9944052696228027,0.6574760675430298,0.37220025062561035,1.1906975507736206,-0.189452663064003,-0.1996316909790039,0.8651831746101379,1.1918078660964966,-0.2206922322511673,-0.12791293859481812,-0.16597126424312592,0.44722893834114075,-0.21153120696544647,-0.13054190576076508,-0.01615878753364086,1.2597904205322266,-0.15348510444164276,0.20196056365966797,0.4812074601650238,-0.011404618620872498,-0.11665263026952744,0.8204435706138611,0.04247041419148445,0.6846389174461365,-0.09340887516736984,2.0504796504974365,0.18919964134693146,0.5636937022209167,0.44612738490104675,0.7152525782585144,0.7966570854187012,-0.21692579984664917,0.46429216861724854,-0.23942704498767853,0.9072592854499817,0.16673226654529572,1.0175299644470215,-0.18958605825901031,0.1659267395734787,0.1335998773574829,0.10359259694814682,0.14287841320037842,0.23889213800430298,-0.0967734083533287,-0.17760224640369415,-0.08694592863321304,0.4539736807346344,-0.23344652354717255,0.49561193585395813,-0.05701540783047676,-0.19748127460479736,0.4103371202945709,-0.21128986775875092,0.31367525458335876,0.3855185806751251,-0.14458830654621124,-0.004981955047696829,-0.17815399169921875,0.2706250846385956,-0.2627265155315399,-0.25608518719673157,0.0889785885810852,0.7782089710235596,-0.15578307211399078,-0.20126283168792725,-0.161164328455925,1.001173496246338,-0.2495221644639969,-0.24327921867370605,-0.0922354981303215,0.37436696887016296,-0.0434020459651947,-0.11280855536460876,-0.12264280766248703,-0.1314382553100586,-0.03985581919550896,-0.24158678948879242,-0.04011518880724907,0.6460927724838257,0.021195625886321068,0.08995145559310913,0.4470468759536743,1.9206753969192505,0.188462033867836,-0.06432434171438217,0.8730825781822205,0.29841625690460205,-0.2317373901605606,0.6059058308601379,0.19478996098041534,0.12230699509382248,1.1935094594955444,0.07858525961637497,0.12928414344787598,0.43514275550842285,0.7766880393028259,0.09626910090446472,0.16657041013240814,-0.029976440593600273,0.677371084690094,-0.1809340864419937,0.7528230547904968,0.03950223699212074,0.49512767791748047,-0.14893369376659393,-0.1394302248954773
108,643,642,666,664,-0.23580457270145416,-0.2743927538394928,-0.2782573997974396,1.4056708812713623,-0.14075738191604614,-0.24796541035175323,-0.2741362452507019,-0.2760062515735626,-0.10729794949293137,-0.17105230689048767,1.2331740856170654,-0.19184084236621857,-0.2658018171787262,2.437570095062256,-0.0542263388633728,-0.23211030662059784,-0.264422744512558,-0.033852469176054,-0.2581588923931122,-0.1657872349023819,-0.2085822969675064,1.5835188627243042,-0.22303128242492676,-0.15311209857463837,1.7869385480880737,-0.2241927534341812,0.2723839282989502,-0.27802199125289917,-0.27188169956207275,-0.22743350267410278,-0.05373668298125267,-0.25141894817352295,-0.2676737606525421,0.9126396775245667,-0.24395102262496948,-0.2296317219734192,0.35205280780792236,-0.031097160652279854,-0.10243234038352966,-0.2244313508272171,-0.1711425483226776,0.3508479595184326,1.526924967765808,1.189744234085083,-0.19932903349399567,-0.2742063105106354,-0.27845561504364014,0.6451833248138428,2.4700350761413574,-0.242250457406044,1.5571813583374023,-0.009675256907939911,-0.019558748230338097,-0.08033791929483414,-0.22169893980026245,-0.19681787490844727,-0.05451522767543793,2.4940590858459473,2.329106569290161,-0.17823445796966553,-0.27739810943603516,0.3511470854282379,0.6521733999252319,2.0926570892333984,0.15462476015090942,-0.26613494753837585,-0.2556212842464447,1.5867587327957153,-0.2704312801361084,0.021346336230635643,0.9176008701324463,-0.2711109220981598,-0.2763311564922333,-0.18908637762069702,0.20173557102680206,-0.13438649475574493,-0.08090157806873322,-0.20004723966121674,-0.2545582354068756,-0.07177224010229111,-0.045428238809108734,-0.15765170753002167,-0.14703431725502014,-0.22110363841056824,-0.25957903265953064,-0.04607589170336723,-0.10827231407165527,-0.27776551246643066,-0.2761578857898712,-0.2779310643672943,-0.2560350000858307,1.004770278930664,-0.08337648957967758,0.249232217669487,-0.24824373424053192,0.8293284773826599,-0.27340900897979736,-0.2654547691345215,0.1209840178489685,-0.2749137282371521,-0.23073002696037292,-0.13446620106697083,0.39552128314971924,-0.16741852462291718,-0.05744948610663414,0.6310387849807739,-0.1537509262561798,-0.24120530486106873,0.40308135747909546,0.7062885165214539,-0.2220197170972824,0.031940411776304245,-0.08453424274921417,-0.26185348629951477,-0.2742403745651245,-0.059851013123989105,-0.27610886096954346,-0.03050130233168602,0.46602532267570496,-0.2207333743572235,-0.13632969558238983,-0.16587282717227936,-0.25675955414772034,0.9057924747467041,-0.122128427028656,-0.15774792432785034,-0.1898040473461151,-0.1975097805261612
109,726,860,762,893,0.3822992444038391,-0.2756068706512451,-0.05816972628235817,1.051653504371643,-0.1446285843849182,-0.1878882348537445,0.2555558383464813,-0.1660710871219635,-0.18335720896720886,-0.2624790668487549,0.5503517985343933,-0.22708162665367126,0.005581654608249664,0.19090263545513153,-0.03809651732444763,-0.17166975140571594,-0.02094927430152893,-0.23710858821868896,-0.20432406663894653,-0.13782480359077454,-0.1622639000415802,-0.0250861793756485,0.3095850944519043,0.6964623332023621,0.33938008546829224,0.39242950081825256,-0.14260515570640564,-0.18660637736320496,0.35249730944633484,0.3540544807910919,-0.21040727198123932,-0.23673036694526672,0.1942041516304016,0.17701327800750732,-0.22380764782428741,-0.18088501691818237,-0.232776939868927,0.2883419394493103,-0.2213374376296997,0.2222139835357666,-0.20597276091575623,-0.18677346408367157,-0.03340435028076172,0.30430349707603455,-0.005010057240724564,-0.22238977253437042,-0.258253812789917,0.4439164102077484,0.12455493211746216,0.1810353398323059,0.7405416965484619,-0.21068260073661804,0.320109486579895,-0.2310957908630371,0.06833900511264801,-0.2352060079574585,-0.16553443670272827,0.5365572571754456,0.7634904384613037,-0.20159368216991425,0.08772891759872437,0.7515811920166016,-0.11099572479724884,0.23730653524398804,0.3107225000858307,-0.12191753834486008,0.26022952795028687,0.19508889317512512,0.0018677040934562683,0.5028420686721802,0.7709857225418091,-0.2195919305086136,-0.12594391405582428,0.19339345395565033,-0.14560770988464355,-0.02482270821928978,0.05939207226037979,-0.24086859822273254,-0.20875804126262665,-0.15160399675369263,0.07585480809211731,-0.2693311870098114,-0.265455424785614,1.2284680604934692,-0.14417299628257751,-0.17174503207206726,-0.23480597138404846,-0.13413742184638977,0.3969806432723999,-0.2363613396883011,-0.2554188668727875,0.11941911280155182,0.05327710509300232,-0.25463274121284485,0.4372812509536743,-0.18328098952770233,-0.22850915789604187,-0.03711624816060066,-0.23648741841316223,0.12239784747362137,0.4935731291770935,0.18227414786815643,0.22650271654129028,0.08887778222560883,-0.22683115303516388,0.2973167896270752,-0.07380660623311996,-0.002004861831665039,0.1635797917842865,0.11568401753902435,-0.1683683693408966,-0.1508389115333557,-0.08624134957790375,-0.22031615674495697,0.5073418617248535,-0.18333813548088074,0.6037544012069702,-0.22513380646705627,-0.21365711092948914,-0.055820513516664505,-0.14023667573928833,0.34139779210090637,-0.2299717366695404,0.42233461141586304,-0.09442248940467834,0.4080818295478821,-0.10371389985084534,-0.19746887683868408
110,296,223,324,258,0.6678343415260315,-0.24941150844097137,0.002198239089921117,1.0936518907546997,-0.18702580034732819,-0.15112796425819397,0.5462941527366638,-0.15600937604904175,-0.09799706935882568,-0.20762135088443756,0.251339316368103,-0.2062154859304428,-0.03971407189965248,0.33055007457733154,0.6966421008110046,-0.15896964073181152,-0.24556829035282135,0.7832486033439636,0.1417238712310791,0.18477213382720947,-0.018164826557040215,0.1824137419462204,0.16676785051822662,0.5051678419113159,0.607029914855957,0.9486263394355774,-0.00948470551520586,-0.15333901345729828,0.6277987360954285,0.22309033572673798,-0.20339535176753998,-0.12321636080741882,-0.021311739459633827,0.7960479259490967,-0.16060853004455566,0.00047212839126586914,-0.1483510583639145,0.3544497787952423,0.15970279276371002,0.5075289607048035,-0.015564954839646816,-0.09115863591432571,0.4760620892047882,0.5222247242927551,0.51070636510849,0.09424421936273575,-0.1703711748123169,1.0438838005065918,0.5674993991851807,0.36807355284690857,0.7971704602241516,0.6750746369361877,0.37770044803619385,-0.21308667957782745,0.8423053622245789,-0.2566319704055786,0.5062699913978577,0.20570886135101318,0.9301540851593018,-0.2394881695508957,0.1530359536409378,0.5266327857971191,-0.07911370694637299,0.11760244518518448,0.22234244644641876,-0.21724355220794678,0.018622875213623047,0.027949631214141846,0.5175179243087769,0.09730124473571777,0.5039692521095276,-0.132489874958992,-0.08178053051233292,0.22199022769927979,-0.13714784383773804,-0.01276231836527586,0.8549807667732239,-0.20333540439605713,-0.04629739001393318,-0.1365365833044052,0.04448585584759712,-0.15356339514255524,-0.25643929839134216,-0.010329388082027435,0.559739887714386,-0.23461385071277618,-0.25080081820487976,-0.1707831174135208,0.5540383458137512,-0.20046384632587433,0.012127965688705444,-0.043162912130355835,0.21601907908916473,-0.24294693768024445,0.10912153869867325,-0.05449419841170311,-0.24463216960430145,0.060960013419389725,-0.22096538543701172,0.007712945342063904,0.8909019827842712,0.2793430685997009,0.25600308179855347,0.6214122772216797,0.03196879103779793,0.4204571545124054,0.32977935671806335,0.1819974035024643,-0.1509074866771698,-0.20076662302017212,0.4608059823513031,-0.12006107717752457,0.4099918305873871,0.3486701250076294,0.17360161244869232,0.05310654640197754,0.680884063243866,0.10942507535219193,0.0363423228263855,0.10592212527990341,-0.06379679590463638,0.5186464786529541,-0.16670946776866913,0.6576387286186218,-0.010242422111332417,0.6606247425079346,-0.18060314655303955,-0.18632693588733673
111,469,455,493,478,-0.04917287454009056,-0.27399325370788574,0.08304817229509354,1.0104148387908936,-0.026370177045464516,-0.19511885941028595,1.8675312995910645,-0.27214178442955017,-0.16474056243896484,-0.25261569023132324,2.8948769569396973,-0.2040124237537384,-0.2529071867465973,0.12805786728858948,-0.25427886843681335,-0.27655526995658875,-0.09081186354160309,-0.200869619846344,-0.24071787297725677,-0.22224321961402893,-0.2774336040019989,0.4623284935951233,-0.02054545469582081,-0.008875163272023201,0.42158859968185425,-0.2784302234649658,-0.09952163696289062,0.16827785968780518,1.9405089616775513,-0.27759188413619995,-0.17721761763095856,-0.03318691998720169,-0.23678387701511383,0.23810864984989166,-0.26973408460617065,-0.19291451573371887,-0.17636843025684357,-0.27669447660446167,-0.0790930986404419,0.5142452120780945,-0.2743835747241974,-0.133225679397583,-0.2530227601528168,0.9979286789894104,-0.19851763546466827,-0.27833351492881775,-0.1617216020822525,2.838243246078491,2.6030161380767822,1.9067773818969727,-0.2741408348083496,-0.12051782757043839,0.28415772318840027,0.11660682410001755,-0.15384720265865326,-0.15386962890625,-0.22501279413700104,0.2217354029417038,-0.2345433086156845,-0.25590023398399353,0.557979941368103,-0.008464778773486614,-0.1610274314880371,-0.15426237881183624,0.6236423850059509,-0.14809951186180115,-0.2757478356361389,-0.12617820501327515,1.9189659357070923,1.2742788791656494,1.0602502822875977,-0.10779450088739395,-0.24212831258773804,-0.2661994695663452,-0.2738652229309082,-0.2748059034347534,-0.27618682384490967,-0.2630560100078583,1.320844054222107,-0.09176242351531982,-0.21121743321418762,-0.27761393785476685,-0.24535386264324188,0.3217824697494507,-0.23432211577892303,-0.04972480982542038,-0.12065639346837997,-0.045973826199769974,-0.24034768342971802,-0.19106663763523102,-0.19517752528190613,0.004314434248954058,-0.2761727273464203,-0.27805960178375244,-0.25352898240089417,-0.08411995321512222,-0.2765650153160095,-0.247554749250412,-0.26852157711982727,0.05823507159948349,-0.27142393589019775,-0.24591952562332153,2.184556484222412,0.7214236259460449,-0.23009832203388214,-0.10307897627353668,0.4348808825016022,-0.23457911610603333,-0.21477864682674408,-0.25409120321273804,-0.24999481439590454,-0.27706149220466614,0.05043354630470276,0.30451396107673645,-0.09646624326705933,-0.20267197489738464,0.26585835218429565,-0.25529295206069946,-0.16690205037593842,0.35050952434539795,-0.06184957176446915,0.26100999116897583,-0.27846381068229675,1.5345714092254639,-0.07803773880004883,-0.27374428510665894,0.4956718683242798,-0.2745225727558136
112,135,513,169,541,0.3029077351093292,-0.2653544545173645,1.1799678802490234,1.1980291604995728,-0.2417275607585907,-0.07214754819869995,0.10626024007797241,-0.2331760823726654,-0.2009238451719284,0.03751535713672638,0.471504271030426,1.5038871765136719,-0.20800277590751648,1.3032630681991577,0.6202260255813599,-0.20324787497520447,-0.19103728234767914,2.133263111114502,-0.07485886663198471,0.04828604310750961,-0.2665693759918213,0.2009730339050293,0.16729594767093658,-0.06632528454065323,1.283769965171814,2.9937868118286133,0.024504348635673523,-0.2745998203754425,1.3622006177902222,0.4653477668762207,0.043892115354537964,-0.2227625846862793,-0.12067387998104095,0.11191744357347488,-0.25236940383911133,-0.23090846836566925,0.08690030872821808,0.9407980442047119,-0.04971269518136978,0.17030519247055054,0.3112301528453827,0.20609775185585022,0.2803075313568115,1.3581441640853882,-0.19259878993034363,0.5273428559303284,-0.1850888729095459,2.440990924835205,0.3208799362182617,0.15759146213531494,-0.14240893721580505,2.3282582759857178,-0.10213164240121841,0.29907840490341187,0.031065993010997772,-0.10933662950992584,1.2579171657562256,-0.017549268901348114,0.355190634727478,-0.18708384037017822,0.1475238800048828,-0.2024284452199936,8.468329906463623e-05,0.46201765537261963,-0.18223068118095398,0.24123451113700867,-0.2565656304359436,0.11997543275356293,1.603699803352356,-0.16438542306423187,0.1293133646249771,0.6279369592666626,-0.1512761265039444,0.001010805368423462,-0.25390446186065674,0.4696434736251831,2.3064815998077393,-0.09795566648244858,1.330220103263855,-0.0418115071952343,-0.26107603311538696,-0.2523742914199829,-0.2432093471288681,0.9652324318885803,0.6159533262252808,-0.023860221728682518,-0.09045669436454773,-0.1730964034795761,0.2444424331188202,-0.17307060956954956,0.08112300932407379,-0.2653522491455078,1.6821513175964355,0.1866910457611084,-0.11427655071020126,0.12158679962158203,-0.14915373921394348,-0.2053484171628952,-0.2378006875514984,-0.1574457585811615,2.004021644592285,0.03906434774398804,1.2758393287658691,0.6940717101097107,0.4937082529067993,0.1013382077217102,-0.159780815243721,0.16437098383903503,0.3956611156463623,-0.1956762671470642,1.7625353336334229,0.06365672498941422,0.5714395046234131,2.020338296890259,-0.2150256633758545,0.13482996821403503,0.11280112713575363,0.3019786775112152,0.31765714287757874,0.2565193772315979,0.04202461987733841,1.213731050491333,-0.2770070433616638,0.775021493434906,0.30818021297454834,-0.23137244582176208,0.035858750343322754,-0.18410740792751312
113,408,636,434,661,-0.11821744590997696,-0.23845766484737396,-0.18566381931304932,1.2232422828674316,-0.13696737587451935,-0.04737488180398941,-0.07034619897603989,-0.25145047903060913,0.014114513993263245,-0.12666478753089905,0.8768476843833923,-0.2032337188720703,-0.21937671303749084,0.2011774182319641,0.34314677119255066,-0.22402608394622803,-0.13257397711277008,0.09287098795175552,-0.06330525130033493,-0.24025261402130127,-0.1301967203617096,-0.06712603569030762,-0.24797965586185455,1.172119379043579,0.209503173828125,1.7502343654632568,-0.2505057156085968,-0.20561063289642334,0.5225324630737305,0.8543527126312256,0.40381112694740295,0.00336281955242157,-0.14103785157203674,0.698798656463623,-0.11816585808992386,0.08299565315246582,0.3221099376678467,-0.1815161108970642,0.3657705783843994,-0.14893612265586853,-0.06708189845085144,0.2517263889312744,0.16540811955928802,0.6473885774612427,0.2055629938840866,0.15958169102668762,-0.25128012895584106,1.7259860038757324,1.6532042026519775,0.4448724389076233,0.7888442277908325,1.3116202354431152,0.1924116313457489,0.2782769203186035,0.7023983001708984,-0.15656226873397827,0.43978947401046753,0.7704091668128967,1.5666085481643677,-0.2066023051738739,0.8487778902053833,0.4808482229709625,0.0731453001499176,1.6837036609649658,-0.1223834753036499,0.017565220594406128,-0.05661100894212723,-0.10635120421648026,0.5079585909843445,0.35063472390174866,0.14800560474395752,-0.22635437548160553,-0.15674534440040588,0.47358274459838867,-0.19095557928085327,0.0927858054637909,1.4635138511657715,-0.151502788066864,0.7659417390823364,-0.0939202755689621,0.32375669479370117,-0.23803643882274628,-0.22486630082130432,-0.06594939529895782,0.7431505918502808,-0.15245914459228516,-0.19422481954097748,-0.1005391925573349,-0.20047405362129211,-0.23069357872009277,-0.2406030148267746,0.1782452017068863,0.6113678216934204,0.17623412609100342,-0.12483923882246017,0.4778820276260376,0.28817641735076904,-0.21581622958183289,-0.08365515619516373,-0.22253352403640747,1.2865424156188965,-0.0742267593741417,-0.02844589203596115,0.4101940393447876,0.2717437744140625,1.039524793624878,-0.2278139442205429,-0.2073148488998413,0.041810132563114166,-0.01661819964647293,0.5904944539070129,0.3161134719848633,0.1353551745414734,0.10963998734951019,-0.1070639044046402,0.1802939623594284,1.4372127056121826,0.13350066542625427,-0.18843400478363037,0.20065118372440338,0.07907983660697937,0.646296501159668,-0.22513312101364136,0.4493773579597473,0.09353062510490417,0.6845442056655884,-0.08842688798904419,-0.1048547774553299
114,303,616,328,640,0.4524310827255249,-0.2449665367603302,-0.23366384208202362,1.2031896114349365,-0.16978706419467926,0.6339755058288574,-0.23944851756095886,-0.2319021075963974,-0.27792108058929443,0.0875016450881958,-0.14890891313552856,0.14720501005649567,-0.2212229073047638,-0.27199986577033997,1.2484722137451172,-0.20174413919448853,-0.0534038171172142,0.4585587680339813,-0.10150493681430817,-0.24289748072624207,0.02571890875697136,1.0393866300582886,-0.11662320792675018,1.63565993309021,-0.2780734896659851,1.5203018188476562,-0.2360260933637619,-0.22793783247470856,-0.23682883381843567,0.6636318564414978,0.5480520129203796,0.28302037715911865,-0.036470942199230194,0.8530738353729248,-0.13024327158927917,0.1724340170621872,0.408792108297348,0.3456868529319763,0.5555576682090759,-0.08048959821462631,0.6172342896461487,0.3500785827636719,0.07596172392368317,-0.15961936116218567,0.012600906193256378,0.7134107351303101,-0.16369953751564026,1.0307890176773071,0.9476402997970581,0.4831289052963257,0.7054632306098938,1.7076560258865356,-0.03786472976207733,0.0713486522436142,1.3765350580215454,-0.18590101599693298,1.482529640197754,1.1737147569656372,0.3014306426048279,-0.22042764723300934,1.2311781644821167,0.3640320301055908,0.04570729285478592,-0.16580605506896973,-0.25072139501571655,-0.1610465794801712,0.2726151645183563,-0.24490466713905334,0.7446703314781189,0.3886280655860901,0.7885750532150269,0.01602688431739807,-0.15275803208351135,0.37008070945739746,-0.2456750124692917,-0.06552601605653763,1.554764986038208,-0.055320367217063904,-0.057550035417079926,-0.10800047963857651,0.1996707022190094,-0.24336913228034973,-0.21727164089679718,-0.14199498295783997,2.287775993347168,-0.1633813977241516,-0.1913568675518036,-0.08635202795267105,-0.15347392857074738,-0.20862023532390594,-0.2311118245124817,0.5543501377105713,0.8676940202713013,0.4590107500553131,0.2692665457725525,0.43925410509109497,0.05511779338121414,-0.12978625297546387,-0.2566049098968506,-0.1302385926246643,1.331015944480896,0.07793714106082916,-0.1142243891954422,0.6938319206237793,0.7591153383255005,0.435676634311676,-0.2658524513244629,0.5811293125152588,-0.25444138050079346,-0.2021057903766632,3.8080711364746094,0.6141653060913086,0.403892457485199,1.165208339691162,-0.1318800449371338,0.3769907057285309,0.30256783962249756,0.16668790578842163,0.1418362557888031,0.2540242671966553,0.09070543944835663,0.5829236507415771,0.4945751130580902,1.1913552284240723,0.2235931009054184,0.22096681594848633,-0.12259431928396225,-0.031526777893304825
115,658,309,685,330,-0.2784644067287445,-0.140679731965065,-0.26237595081329346,1.2872514724731445,-0.04372560977935791,-0.2303227335214615,-0.17644456028938293,-0.22817948460578918,-0.23485858738422394,-0.07356709986925125,1.5717988014221191,-0.1793450564146042,-0.1264331042766571,2.7365806102752686,-0.15728816390037537,-0.27035000920295715,-0.094542495906353,-0.04511142149567604,-0.2503226101398468,-0.2236415445804596,-0.27398499846458435,1.1037721633911133,-0.21830256283283234,-0.21430043876171112,0.1787571907043457,-0.043708350509405136,0.19817325472831726,-0.18061847984790802,-0.27422231435775757,-0.07641527056694031,-0.0293717198073864,-0.22702427208423615,-0.2732870876789093,3.6955487728118896,-0.195595845580101,-0.25894105434417725,0.25655511021614075,-0.026413122192025185,-0.166566401720047,-0.2046404778957367,-0.16781607270240784,0.21489393711090088,1.0625923871994019,0.6502787470817566,-0.2231488674879074,-0.03853959962725639,-0.2745499014854431,1.6889190673828125,2.3182032108306885,-0.09885071963071823,0.6496338844299316,-0.2708919644355774,0.10288068652153015,-0.25315091013908386,0.24484503269195557,-0.13617172837257385,-0.11064468324184418,2.076629161834717,2.907431125640869,-0.18705980479717255,-0.24458235502243042,1.7157059907913208,0.058649662882089615,2.9705893993377686,0.4128205180168152,-0.24282212555408478,-0.19368289411067963,0.05388005077838898,-0.24060237407684326,-0.27406325936317444,1.1555743217468262,-0.2784237861633301,-0.2761654555797577,0.5144009590148926,0.026993678882718086,-0.27449238300323486,-0.22796043753623962,-0.2055356651544571,-0.26983407139778137,-0.014768151566386223,-0.25643205642700195,-0.2486323118209839,-0.18888433277606964,-0.24668310582637787,-0.2687097191810608,-0.043140094727277756,-0.27167949080467224,-0.10764051228761673,-0.2408551424741745,-0.27165713906288147,-0.22336088120937347,0.45704877376556396,-0.11583702266216278,-0.05760827660560608,-0.2734316885471344,0.6071069240570068,-0.2775823473930359,-0.1947970986366272,0.044298820197582245,-0.2784636318683624,-0.0891125276684761,-0.07773713022470474,0.04092087969183922,-0.1586153209209442,-0.011268051341176033,1.719319462776184,-0.27682995796203613,-0.13657146692276,-0.18680167198181152,0.14640140533447266,-0.24532362818717957,-0.028869666159152985,-0.04775935411453247,-0.20294827222824097,-0.2731606066226959,0.03188342973589897,0.703109085559845,0.3713974356651306,0.10646840184926987,-0.11768830567598343,-0.18027213215827942,0.20440545678138733,-0.21364980936050415,0.10667910426855087,-0.19431155920028687,-0.27363866567611694,-0.2593395709991455,-0.19456900656223297
116,627,589,651,617,0.32947978377342224,-0.25133615732192993,-0.11536887288093567,1.159323811531067,-0.11592268943786621,-0.24281875789165497,0.01572803407907486,-0.24970322847366333,-0.23081417381763458,-0.20846325159072876,0.5125056505203247,-0.1631678342819214,-0.13258445262908936,0.05756517872214317,0.20982758700847626,-0.2319042682647705,-0.2653992176055908,-0.2097514271736145,-0.24586445093154907,0.14048919081687927,0.14139986038208008,1.2047673463821411,0.33891797065734863,0.8177580237388611,0.42903053760528564,-0.26583391427993774,0.0468682125210762,-0.24969689548015594,0.15569089353084564,-0.22332486510276794,-0.22384876012802124,-0.25321000814437866,-0.19366911053657532,1.4783244132995605,-0.10558710992336273,-0.2721489667892456,0.09647628664970398,-0.12250536680221558,-0.19545616209506989,-0.15361784398555756,-0.05413903295993805,0.016218669712543488,0.4949112832546234,1.3813936710357666,0.5654383301734924,-0.23163756728172302,-0.0492146760225296,0.5821037292480469,0.6619449853897095,0.10634329915046692,1.4706346988677979,0.042590875178575516,0.1668170839548111,-0.2341366708278656,0.9652681946754456,-0.1807534545660019,-0.01987248659133911,1.3690677881240845,1.794519305229187,-0.17193655669689178,-0.238822340965271,0.8614516258239746,-0.0403173491358757,1.160616159439087,-0.04567880183458328,-0.19244632124900818,-0.26876020431518555,0.24052707850933075,-0.1411663293838501,0.18687641620635986,0.7292389869689941,-0.27197134494781494,-0.22154109179973602,0.0972955971956253,-0.005374785512685776,0.060708463191986084,0.2091783881187439,-0.232567697763443,-0.2479853332042694,-0.13332056999206543,-0.0010514184832572937,-0.26731961965560913,-0.21597909927368164,-0.2515298128128052,-0.09615932404994965,-0.04426925629377365,0.08058442175388336,-0.22769348323345184,-0.025601796805858612,-0.20063817501068115,-0.25228890776634216,0.2762856185436249,0.16427424550056458,-0.02751299738883972,-0.12664048373699188,0.3940219581127167,-0.23558193445205688,0.03751176595687866,-0.23794910311698914,-0.05559968948364258,0.018112771213054657,-0.05822104215621948,0.13597404956817627,0.5346712470054626,-0.14321188628673553,0.6026740670204163,-0.07528325915336609,-0.24473409354686737,0.04562251269817352,-0.09341037273406982,-0.030177554115653038,0.02506212145090103,0.8260195255279541,-0.25608885288238525,0.2812379002571106,-0.11718026548624039,-0.07859522104263306,-0.2726336121559143,-0.16602185368537903,-0.0566188208758831,-0.14783045649528503,0.25942477583885193,-0.244375079870224,-0.04736858606338501,-0.01225331425666809,0.18578225374221802,-0.15261854231357574,-0.17708656191825867
117,428,922,465,948,0.2556843161582947,-0.24743103981018066,-0.008633430115878582,1.0818071365356445,-0.14935638010501862,0.23013663291931152,0.7736092209815979,-0.2690945863723755,0.003973528742790222,-0.21601402759552002,0.4160287380218506,1.1087861061096191,-0.17602725327014923,-0.02990962564945221,0.5572460293769836,-0.24248115718364716,-0.1081717237830162,-0.020501768216490746,0.15663449466228485,-0.1450556069612503,-0.0826643705368042,0.11205945163965225,0.6186484694480896,1.1682488918304443,-0.002826583804562688,0.5964877605438232,-0.17897279560565948,-0.22258572280406952,0.5191699266433716,0.8705768585205078,-0.2503194510936737,-0.13851483166217804,-0.04491829499602318,0.5835937261581421,-0.1972048282623291,-0.0747101902961731,-0.1228940561413765,0.4180203974246979,-0.24292665719985962,0.1996045708656311,0.08493081480264664,-0.08374848961830139,-0.1627466231584549,0.12184205651283264,0.1302974671125412,0.08079688251018524,-0.2313174456357956,1.3724044561386108,0.40638723969459534,0.6355859041213989,0.43556705117225647,0.6465875506401062,0.8778277039527893,-0.21480612456798553,0.40831074118614197,-0.16204307973384857,0.24862058460712433,0.5349636077880859,0.7155923247337341,-0.2511604130268097,0.3112039864063263,0.30519095063209534,-0.11227311939001083,0.02244536392390728,-0.004334827419370413,0.19122414290905,0.550990641117096,-0.07487086206674576,0.6894753575325012,0.03997974470257759,0.744592010974884,-0.23417550325393677,-0.17306970059871674,0.44499850273132324,-0.2396005392074585,-0.09279549866914749,0.1568766087293625,-0.2418532818555832,-0.05932490527629852,-0.1867322474718094,0.2967643737792969,-0.26387110352516174,-0.26440539956092834,0.7351469993591309,0.5386896729469299,-0.2248278260231018,-0.25675979256629944,-0.13082487881183624,0.5108770728111267,-0.2276439666748047,-0.24907661974430084,0.19597868621349335,0.182547926902771,-0.09754353761672974,0.02019820548593998,0.00870823860168457,-0.178830087184906,-0.13100184500217438,-0.2662890553474426,0.08011948317289352,0.5675941705703735,-0.020252114161849022,0.002244846196845174,0.4181303083896637,0.8064682483673096,0.4475882053375244,0.017064563930034637,0.05594971403479576,-0.09197112917900085,-0.19940729439258575,0.6010062098503113,-0.02394309639930725,0.3530271351337433,0.3931930959224701,0.20658357441425323,-0.02388370782136917,0.670476496219635,0.2658386528491974,-0.05594024062156677,0.275095671415329,-0.10719064623117447,0.7157559394836426,-0.08659553527832031,1.078277826309204,-0.03447774797677994,0.7946743965148926,0.11401232331991196,-0.13411718606948853
118,490,455,512,476,0.9808566570281982,-0.24062958359718323,-0.24244779348373413,1.280430793762207,-0.20208343863487244,0.22338128089904785,1.1885219812393188,-0.2668249011039734,-0.2716962695121765,0.11293394863605499,-0.21266987919807434,0.5067877769470215,-0.22759653627872467,0.2889675199985504,1.1653366088867188,-0.2497817724943161,-0.09415528178215027,-0.24501487612724304,0.2159595489501953,-0.06781717389822006,-0.22659224271774292,0.760972261428833,-0.2698569893836975,-0.04044298082590103,-0.2775043547153473,1.8136684894561768,-0.2529345154762268,-0.12930354475975037,1.3057703971862793,0.16755609214305878,0.4047160744667053,-0.22417673468589783,-0.027347750961780548,0.47920680046081543,-0.06264418363571167,0.24404548108577728,0.48876917362213135,0.16839498281478882,1.1259738206863403,-0.19953343272209167,0.5154708027839661,0.5134727954864502,-0.1973572075366974,-0.22444871068000793,0.3734064996242523,1.2216253280639648,-0.26078373193740845,2.098050117492676,0.11032643169164658,-0.10684075951576233,-0.17423351109027863,1.8240702152252197,-0.2700970470905304,0.914553165435791,0.9002200365066528,-0.2780027687549591,0.5573170185089111,0.11645211279392242,-0.23610913753509521,-0.20669221878051758,1.1057151556015015,0.08368605375289917,-0.0029674693942070007,-0.211239755153656,0.30915170907974243,-0.23645058274269104,-0.22265955805778503,-0.2532745599746704,2.7658495903015137,-0.0035462453961372375,0.362604558467865,0.050787538290023804,-0.25156641006469727,0.18902544677257538,-0.23809251189231873,-0.20366384088993073,6.249783515930176,0.19372911751270294,2.6884491443634033,-0.039899855852127075,-0.18833497166633606,-0.24941560626029968,-0.19432112574577332,-0.2770788371562958,3.2647624015808105,-0.021885288879275322,-0.06839481741189957,-0.13263405859470367,0.041496939957141876,-0.20273759961128235,-0.2639455795288086,-0.15570056438446045,2.326063871383667,0.278989315032959,-0.1356702297925949,0.3080405294895172,0.19476935267448425,-0.25665801763534546,-0.2704917788505554,-0.2350994348526001,2.7250828742980957,0.349549800157547,-0.22372284531593323,0.6726348400115967,-0.06369072198867798,-0.16302303969860077,-0.24898570775985718,-0.18195445835590363,-0.23242944478988647,-0.14718091487884521,4.239636421203613,-0.13930009305477142,0.4739507734775543,2.0102365016937256,-0.20537808537483215,0.5421469211578369,-0.13336993753910065,0.011659786105155945,-0.0368998683989048,1.180955171585083,0.3885119557380676,1.6004709005355835,-0.16165325045585632,1.2090598344802856,0.4586724638938904,1.4582319259643555,0.6544070839881897,-0.15230990946292877
119,184,635,215,661,0.6076183319091797,-0.23837606608867645,-0.09711411595344543,1.286299228668213,-0.1750122308731079,-0.244678795337677,0.4572180509567261,-0.23457777500152588,-0.2331220507621765,-0.15205882489681244,-0.1058211550116539,0.2591423988342285,-0.21703661978244781,-0.10131469368934631,1.3364962339401245,-0.2491704523563385,-0.18704789876937866,0.43352943658828735,-0.0636981651186943,-0.09164543449878693,0.09179858863353729,0.5601118206977844,-0.1243395209312439,2.179572582244873,0.09601286053657532,1.5866196155548096,-0.16520197689533234,-0.2659575343132019,0.45438316464424133,0.2515287697315216,-0.1769690364599228,0.14212578535079956,-0.053701430559158325,0.8659325838088989,-0.20520392060279846,0.2856873869895935,0.41707751154899597,-0.03480084612965584,0.26391446590423584,0.2801936864852905,0.5572124719619751,0.371421754360199,0.534564733505249,1.011566400527954,0.9806721806526184,0.36738771200180054,-0.060611069202423096,2.1426477432250977,0.8100206851959229,-0.06894820928573608,1.484039306640625,1.2117769718170166,0.36424994468688965,-0.1382843255996704,0.9661195874214172,-0.2093898355960846,1.81850004196167,1.8987910747528076,1.5191948413848877,-0.16767001152038574,0.5383382439613342,-0.05061125382781029,0.16831889748573303,0.04162174463272095,-0.12799564003944397,0.39814749360084534,0.01596488617360592,-0.24732263386249542,0.44265860319137573,-0.08226294070482254,0.8846245408058167,0.02792477235198021,-0.2067079395055771,-0.05392684042453766,-0.26774972677230835,0.30469611287117004,1.0247204303741455,-0.1474616825580597,0.5526926517486572,-0.15585404634475708,-0.1502898931503296,-0.25853052735328674,-0.2523324191570282,0.3964553773403168,0.8083958625793457,-0.08044593036174774,-0.16567036509513855,-0.16218838095664978,-0.03389153629541397,-0.24506816267967224,-0.04607103765010834,0.1372935175895691,0.1983983814716339,0.49526357650756836,0.2111210972070694,0.5871908664703369,-0.10397639870643616,0.2642107307910919,-0.26242733001708984,-0.1904604285955429,2.053183078765869,-0.16692063212394714,0.1515929400920868,0.7684592008590698,-0.18818897008895874,0.7107753157615662,-0.011547282338142395,-0.0261097252368927,-0.10697459429502487,-0.20791028439998627,1.8381259441375732,0.7760249376296997,1.2705621719360352,0.17562457919120789,-0.08627214282751083,0.4149247109889984,0.07250066846609116,0.39136695861816406,0.1801777184009552,0.018396735191345215,0.012150797992944717,0.5577285289764404,-0.20969317853450775,0.9369497895240784,0.2879020571708679,0.26781171560287476,-0.10100463777780533,-0.05737507715821266
120,496,436,518,457,-0.26813235878944397,-0.13121381402015686,-0.010849934071302414,1.3865348100662231,-0.089089035987854,-0.24373607337474823,-0.1427585333585739,-0.26156526803970337,-0.0793236643075943,-0.1414564847946167,0.4101015031337738,-0.25462090969085693,-0.10698254406452179,4.1321587562561035,0.5388127565383911,-0.2773912847042084,-0.021777357906103134,0.4787099361419678,-0.27385807037353516,-0.16025733947753906,-0.22679850459098816,2.9357354640960693,-0.2754908502101898,-0.27771276235580444,1.482859492301941,-0.15438885986804962,0.336075097322464,-0.27841615676879883,-0.21717804670333862,-0.09274311363697052,-0.055084604769945145,-0.2391688972711563,-0.2225918471813202,2.7510104179382324,-0.2607032060623169,-0.25780415534973145,0.7009482979774475,-0.04213476553559303,-0.10437797009944916,-0.2727367579936981,-0.17753371596336365,0.3325809836387634,1.2482672929763794,0.9979698657989502,-0.1615976095199585,0.5052497982978821,-0.26339250802993774,1.5659838914871216,0.6042855381965637,-0.2783851623535156,0.7583864331245422,0.9411408305168152,-0.05602794513106346,-0.2581997513771057,-0.12608350813388824,-0.2148030698299408,0.30146604776382446,0.8939662575721741,2.478670358657837,-0.2754073441028595,-0.10851124674081802,-0.02833348885178566,-0.09595699608325958,0.5130812525749207,0.6550055742263794,-0.2765885591506958,-0.15063722431659698,0.0012445403262972832,-0.25655868649482727,-0.23574747145175934,0.9633285999298096,-0.19660504162311554,-0.23750068247318268,-0.20806878805160522,0.2558119297027588,0.13582253456115723,-0.2563127875328064,-0.16189295053482056,0.07509669661521912,-0.018955374136567116,-0.2649584114551544,-0.27742892503738403,-0.2516257166862488,-0.22030849754810333,-0.2607152462005615,-0.018136661499738693,-0.1276429444551468,-0.2708188593387604,-0.27788859605789185,-0.23611225187778473,-0.27752164006233215,0.17513251304626465,-0.11156094819307327,0.48501142859458923,-0.23233819007873535,0.6437621116638184,-0.09943230450153351,-0.0835144966840744,-0.07563485205173492,-0.26890772581100464,0.5751614570617676,-0.05289049074053764,0.7257103323936462,-0.0939340591430664,-0.026358438655734062,0.25171253085136414,-0.22673766314983368,-0.1621129959821701,-0.2782609462738037,-0.27066561579704285,-0.17036832869052887,0.14623428881168365,-0.2772437632083893,-0.2619245648384094,-0.27820146083831787,-0.21838705241680145,-0.21385487914085388,-0.08466976135969162,0.12296216934919357,-0.09935154020786285,0.09592122584581375,0.2114744782447815,-0.2109804004430771,-0.05277152359485626,-0.16834333539009094,-0.2771218717098236,-0.27427467703819275,-0.06672976166009903
121,471,417,495,440,-0.014206783846020699,-0.2739950716495514,-0.1505948305130005,1.0779461860656738,-0.12253900617361069,-0.20131255686283112,0.493691086769104,-0.27495312690734863,-0.27072659134864807,-0.22186614573001862,0.9843241572380066,-0.26952117681503296,-0.24227724969387054,0.5863015055656433,0.44521957635879517,-0.07710912823677063,-0.18968111276626587,-0.12161753326654434,-0.11907719820737839,0.0909678265452385,0.09414295852184296,-0.06078246235847473,-0.24300266802310944,0.03355194255709648,0.6699345111846924,-0.25589755177497864,-0.23785169422626495,-0.21383985877037048,0.27096500992774963,-0.19184787571430206,-0.23270010948181152,-0.21099482476711273,-0.24035575985908508,0.5355279445648193,-0.14149048924446106,-0.27544617652893066,-0.18666329979896545,-0.27623656392097473,-0.27498936653137207,-0.08053852617740631,-0.24551697075366974,-0.08036378771066666,0.4368663728237152,0.5797382593154907,-0.13787521421909332,-0.2560674548149109,-0.2783683240413666,0.6333271861076355,2.2067928314208984,1.3176969289779663,0.6066859364509583,-0.1808937042951584,0.1312505304813385,-0.21527427434921265,0.10477878898382187,-0.24554960429668427,-0.1373816579580307,1.377455234527588,0.6356773972511292,-0.27784889936447144,2.260467529296875,0.9921337366104126,-0.0914294645190239,2.4883458614349365,0.09027471393346786,-0.15103457868099213,-0.1262975037097931,0.762586772441864,0.06451904028654099,0.9664307236671448,0.23577381670475006,-0.276309996843338,0.05915695056319237,1.120481014251709,-0.16589456796646118,-0.22134996950626373,-0.2228776216506958,-0.27582016587257385,-0.1358589082956314,-0.058992139995098114,-0.12276612222194672,-0.2068459391593933,-0.277199923992157,0.30889758467674255,0.2588891088962555,-0.21774685382843018,-0.24979032576084137,-0.11390487849712372,-0.03429276868700981,-0.2784422039985657,-0.26968061923980713,0.2506016492843628,-0.25966086983680725,-0.2703731060028076,-0.21610653400421143,0.074050173163414,-0.2711330056190491,-0.27014055848121643,-0.09511198103427887,-0.14940038323402405,-0.2203800529241562,-0.2732072174549103,-0.005479700863361359,0.9390587210655212,-0.16937188804149628,1.6084686517715454,-0.1318458914756775,-0.05372866615653038,-0.16700433194637299,-0.052953049540519714,-0.21998949348926544,-0.25755244493484497,0.9026248455047607,-0.09993747621774673,0.09158504754304886,0.05808523669838905,2.3037242889404297,0.5318657755851746,-0.1682184636592865,0.5796693563461304,-0.16482502222061157,0.15715640783309937,-0.19631440937519073,1.335065245628357,0.03323143348097801,0.42692336440086365,-0.2169383019208908,-0.26473402976989746
122,536,477,555,495,0.47189420461654663,-0.22531405091285706,0.034582365304231644,1.0186867713928223,-0.21940618753433228,-0.27809205651283264,0.35573825240135193,-0.15871010720729828,-0.2502534091472626,-0.2563753128051758,0.6340848803520203,-0.27290084958076477,0.42628663778305054,0.24272795021533966,0.019584322348237038,-0.0838252529501915,-0.262290894985199,-0.16220635175704956,-0.23355473577976227,-0.004824263975024223,0.05723920091986656,0.08919759839773178,0.8257777094841003,-0.09170606732368469,0.46654343605041504,-0.09140711277723312,0.021648535504937172,-0.21989154815673828,0.30283018946647644,0.6235584616661072,-0.2578441798686981,-0.24435503780841827,-0.13009513914585114,0.17684176564216614,-0.21408700942993164,-0.2781296968460083,-0.2041112184524536,0.5283626914024353,-0.27558091282844543,0.1696443110704422,-0.21660588681697845,-0.19767458736896515,-0.22359339892864227,0.7502116560935974,-0.11190004646778107,-0.23363077640533447,-0.13439589738845825,0.011072340421378613,0.037131793797016144,0.6127409338951111,0.6282134056091309,0.06248481944203377,0.66895592212677,-0.22430139780044556,0.12155059725046158,-0.27385494112968445,-0.2686990201473236,0.2771722972393036,0.5807267427444458,-0.1937161386013031,0.06998264044523239,0.9813723564147949,-0.1332332193851471,-0.045249342918395996,0.26999399065971375,0.38578811287879944,-0.2661775052547455,1.2262569665908813,0.10466781258583069,0.6918702125549316,0.40919819474220276,-0.2642461657524109,0.09874068945646286,0.2806107997894287,-0.10531999915838242,-0.021062012761831284,-0.2086794525384903,-0.20154275000095367,-0.23707322776317596,-0.177010178565979,0.09308062493801117,-0.2667396664619446,-0.2769223749637604,0.13110235333442688,-0.1754760891199112,-0.10865826904773712,-0.24907274544239044,-0.2593822777271271,0.5286251902580261,-0.19761206209659576,-0.2741752862930298,0.44797325134277344,0.04299760237336159,-0.277366578578949,-0.24209828674793243,-0.184339240193367,-0.19146746397018433,0.09211175888776779,-0.20425361394882202,0.15056093037128448,-0.007655109278857708,0.3945459723472595,0.3109811842441559,0.6852849721908569,-0.21924255788326263,0.05085717514157295,0.2113467901945114,-0.27448466420173645,-0.1086306944489479,-0.11654404550790787,-0.12605582177639008,-0.24563226103782654,0.08603402972221375,-0.0962967500090599,0.36186614632606506,-0.23542168736457825,0.39290687441825867,-0.20974034070968628,-0.2046361118555069,0.12381795793771744,-0.12193313241004944,0.33339038491249084,-0.2721683382987976,0.45124152302742004,0.005596611648797989,0.022387836128473282,-0.16597668826580048,-0.22664473950862885
123,510,567,531,587,0.49580249190330505,-0.26541370153427124,-0.013615280389785767,1.2780988216400146,-0.1906152367591858,1.0015754699707031,1.4496901035308838,-0.2603057026863098,0.011342808604240417,-0.04159415513277054,-0.23118820786476135,-0.22817644476890564,-0.17292840778827667,0.23376113176345825,1.7577924728393555,-0.23824957013130188,-0.2053733766078949,2.5203521251678467,0.4092344641685486,-0.02060393989086151,-0.2321760356426239,0.34102675318717957,-0.0063254982233047485,1.2729557752609253,0.9093900322914124,1.3300342559814453,0.27993515133857727,-0.1118348017334938,0.6516344547271729,0.07561342418193817,0.7051579356193542,-0.2059466540813446,-0.15234783291816711,-0.05081111937761307,-0.2097778171300888,-0.24450239539146423,0.34950876235961914,0.08445949852466583,1.7909857034683228,0.2982511520385742,0.6213592886924744,0.36129051446914673,0.05656196177005768,-0.2464609444141388,0.09145152568817139,1.6351914405822754,-0.2521775960922241,1.3649970293045044,0.08474180102348328,-0.1343880146741867,0.4556848704814911,1.2010809183120728,-0.1890174150466919,0.026230834424495697,2.2659099102020264,-0.27674973011016846,1.3926875591278076,-0.24071261286735535,0.10772372782230377,-0.2445104420185089,0.41123858094215393,-0.14898928999900818,-0.25585058331489563,-0.19780895113945007,0.049027081578969955,-0.2189740538597107,0.05010998249053955,-0.19531333446502686,0.8663631081581116,-0.26174700260162354,0.06831100583076477,-0.1367122083902359,-0.1772032082080841,-0.23309007287025452,-0.2420032024383545,0.135896235704422,2.290295362472534,-0.22207430005073547,0.20036590099334717,-0.21479400992393494,0.2599799633026123,-0.2553699016571045,-0.24738460779190063,-0.2380889654159546,2.865262508392334,-0.11490300297737122,-0.1743641495704651,-0.2024444043636322,0.9101486802101135,-0.2686896026134491,-0.21220692992210388,-0.2637059688568115,1.3157851696014404,0.25020408630371094,-0.048762112855911255,-0.011248065158724785,0.3270411491394043,-0.2252245545387268,-0.24785542488098145,-0.20956163108348846,2.38692307472229,-0.005591526627540588,-0.09394969046115875,0.45084530115127563,0.34828799962997437,0.36329036951065063,0.10406947880983353,0.24880653619766235,-0.23890036344528198,-0.19183529913425446,1.3377324342727661,0.05296211689710617,1.0719295740127563,3.047511100769043,-0.07278911024332047,0.2312406301498413,0.1275583803653717,-0.016502194106578827,0.43325769901275635,0.7771388292312622,0.41708314418792725,0.9169692397117615,-0.15990221500396729,1.2969696521759033,0.16221442818641663,0.8726521730422974,-0.19870969653129578,0.07032649964094162
124,573,430,591,451,-0.08171524107456207,-0.2714274525642395,1.1762317419052124,1.0561901330947876,-0.1508762389421463,-0.2305062711238861,-0.20674128830432892,-0.26582425832748413,0.05308376997709274,-0.14539392292499542,0.4448133111000061,-0.24733947217464447,-0.2195320576429367,0.46230053901672363,1.175807237625122,-0.2643079161643982,-0.1980234831571579,0.9086815714836121,-0.2685766816139221,-0.04813063144683838,-0.22381724417209625,1.1214711666107178,0.691116988658905,0.327414870262146,1.835288405418396,-0.06350360810756683,-0.007425740361213684,-0.10051215440034866,0.029825538396835327,-0.25519615411758423,-0.18825596570968628,0.10551875084638596,-0.1331925094127655,1.8039805889129639,-0.27650314569473267,-0.20605744421482086,0.20974940061569214,1.2637989521026611,-0.21542194485664368,-0.2096804827451706,0.3519608974456787,0.01718974858522415,0.5478515028953552,1.6056650876998901,-0.08502714335918427,1.0539392232894897,0.019349023699760437,2.7153186798095703,-0.11494448781013489,0.3385356366634369,0.7868745923042297,1.1818197965621948,1.5756158828735352,-0.23290450870990753,0.27581703662872314,-0.1623656451702118,0.20752368867397308,0.09466582536697388,1.9309320449829102,-0.2530401647090912,-0.23222461342811584,-0.011162593960762024,-0.27243995666503906,0.014672022312879562,-0.09372589737176895,-0.12227511405944824,-0.18021118640899658,-0.20052596926689148,0.10856463015079498,-0.21140062808990479,1.1439164876937866,0.5790502429008484,-0.21064771711826324,-0.21610337495803833,0.15678471326828003,0.1433027684688568,0.09350626170635223,-0.2152155041694641,-0.074675552546978,-0.16182029247283936,-0.25752753019332886,-0.2529144287109375,-0.2724445164203644,-0.2308157980442047,-0.22418427467346191,-0.05308748409152031,-0.22967034578323364,-0.14539505541324615,1.2277942895889282,-0.24832923710346222,-0.15625424683094025,-0.0891522541642189,-0.005147561430931091,0.16140466928482056,-0.17207735776901245,0.5633338093757629,-0.03389205038547516,-0.21147911250591278,-0.2668534517288208,-0.022976107895374298,1.709050178527832,-0.16756436228752136,1.3674346208572388,1.0581544637680054,0.07238717377185822,0.5233395099639893,-0.23473821580410004,-0.1640700101852417,-0.11043070256710052,-0.23084774613380432,-0.2385607659816742,0.13882476091384888,1.3088831901550293,0.28691554069519043,0.06388076394796371,0.024474309757351875,0.20034807920455933,-0.13967405259609222,-0.17253084480762482,0.36886510252952576,-0.0027127638459205627,0.9342315196990967,-0.2708030939102173,0.3940151333808899,-0.205588698387146,0.07681472599506378,0.9176168441772461,-0.01824451982975006
125,657,590,682,616,0.3687800168991089,-0.21365465223789215,1.7565062046051025,1.078894019126892,-0.2409437596797943,0.019765466451644897,0.6818133592605591,-0.26729440689086914,-0.044867195188999176,-0.23996707797050476,0.7185127139091492,0.1662561446428299,-0.1108727902173996,1.385157823562622,0.046797994524240494,-0.24846822023391724,-0.18778638541698456,1.1578742265701294,0.16830189526081085,0.07798724621534348,-0.144556924700737,-0.053689144551754,0.9271122217178345,-0.10000491887331009,0.10357892513275146,0.7787187695503235,0.05141671746969223,-0.244656503200531,1.732036828994751,0.9573085308074951,0.014715895056724548,-0.1719178855419159,-0.17124709486961365,-0.18648308515548706,-0.2549258768558502,-0.26849889755249023,-0.012770803645253181,1.6887896060943604,0.33657264709472656,-0.1764572411775589,0.6871720552444458,0.10515531152486801,0.3051755130290985,2.0954701900482178,-0.22431904077529907,0.7151612639427185,-0.036604709923267365,2.7815065383911133,-0.13693901896476746,0.9539246559143066,-0.02225184440612793,0.1154358983039856,0.516918420791626,-0.1721675992012024,1.3740588426589966,-0.2652909755706787,1.7341046333312988,-0.2732943594455719,1.3926889896392822,-0.2103337198495865,1.3397388458251953,0.011029914021492004,0.6372824311256409,3.086148500442505,1.003600835800171,0.40098482370376587,-0.12051472067832947,1.0445667505264282,-0.09451267123222351,0.24992674589157104,0.20327721536159515,0.25115251541137695,-0.0619751513004303,0.37778788805007935,-0.145754873752594,0.37663933634757996,-0.18609361350536346,0.32400208711624146,0.17718875408172607,-0.15542441606521606,0.8768547773361206,-0.2505738437175751,-0.24953004717826843,0.04909268394112587,0.652461051940918,-0.1478516161441803,-0.05034451186656952,-0.11860109865665436,1.2116293907165527,-0.22024093568325043,0.017230316996574402,-0.22537393867969513,0.3772347867488861,-0.05678018927574158,1.175146222114563,-0.22892332077026367,-0.19798335433006287,-0.26327046751976013,-0.012645721435546875,-0.16417750716209412,0.029949069023132324,0.4170495271682739,0.7790771722793579,0.9058770537376404,1.5588520765304565,0.7794792652130127,-0.05623554065823555,1.8687962293624878,0.44263312220573425,-0.24759164452552795,1.1467617750167847,0.2744811177253723,1.6779425144195557,2.282895803451538,-0.0995011180639267,0.004735168069601059,0.29027581214904785,0.018135100603103638,0.030422084033489227,-0.07945306599140167,-0.07180793583393097,0.28982651233673096,-0.00021263957023620605,0.12122273445129395,0.12208086252212524,-0.24465599656105042,0.19725516438484192,-0.19221308827400208
126,329,553,349,570,0.5950646996498108,-0.2728775143623352,-0.27080973982810974,0.9518668055534363,-0.07580040395259857,-0.22920836508274078,0.49759620428085327,-0.2681230306625366,-0.2605912685394287,-0.2782168388366699,0.7086671590805054,-0.27801263332366943,-0.142575204372406,0.5167046785354614,0.04497826099395752,-0.21232931315898895,-0.25053539872169495,-0.2509981691837311,-0.2630873918533325,-0.236130490899086,-0.09854735434055328,0.15514101088047028,0.3814311921596527,-0.16080614924430847,-0.01573152281343937,-0.22292090952396393,0.35341909527778625,-0.19502264261245728,0.8537926077842712,0.06758902221918106,-0.246473491191864,-0.18097496032714844,-0.220541313290596,0.5041358470916748,-0.14856402575969696,-0.278427392244339,-0.22220392525196075,-0.25131842494010925,-0.2772037386894226,-0.029901156201958656,-0.2370210736989975,-0.24999873340129852,0.057179905474185944,0.21389538049697876,1.003954291343689,-0.2784457206726074,-0.27121448516845703,-0.14942854642868042,0.37790170311927795,0.2736509144306183,1.8232448101043701,0.16915088891983032,-0.16135114431381226,-0.2445695400238037,0.348798006772995,-0.21408550441265106,-0.2784343957901001,0.3969438076019287,0.840158998966217,-0.24063095450401306,-0.2595367133617401,1.7438181638717651,-0.2185308039188385,0.1911885291337967,0.6491228938102722,-0.27003929018974304,-0.2725663185119629,0.15864187479019165,-0.04147600755095482,1.9423742294311523,0.17385666072368622,-0.26779258251190186,0.14116448163986206,0.28824567794799805,-0.0688178539276123,-0.15472929179668427,0.09236996620893478,-0.23115748167037964,-0.2231060117483139,-0.17821787297725677,-0.2772807776927948,-0.27841416001319885,-0.2714864909648895,0.023531686514616013,0.3142458200454712,0.4922317862510681,-0.05939062684774399,-0.23618845641613007,0.23616808652877808,-0.18269573152065277,-0.26429829001426697,0.14757420122623444,-0.07412537932395935,-0.24403998255729675,-0.2476472556591034,-0.09798109531402588,-0.19521023333072662,-0.051902491599321365,-0.21477347612380981,0.1322922259569168,0.3077816665172577,0.3772922456264496,-0.023900488391518593,0.48917630314826965,-0.18764564394950867,-0.12761829793453217,0.3891170620918274,-0.21835565567016602,-0.25289595127105713,0.33945730328559875,-0.2243875116109848,-0.27826932072639465,-0.0650692954659462,-0.2606331706047058,0.6922335624694824,-0.2602446973323822,0.9853971600532532,-0.27617016434669495,-0.21794059872627258,-0.13476543128490448,-0.10995843261480331,-0.02816218137741089,-0.27845823764801025,0.2480665147304535,-0.14982494711875916,-0.0503646545112133,-0.024664316326379776,-0.2588067650794983
127,631,660,662,702,0.8999765515327454,-0.25976747274398804,0.521623969078064,0.9926316142082214,-0.1996898353099823,-0.19488918781280518,0.8515084981918335,-0.23227736353874207,-0.26346534490585327,-0.23980985581874847,0.15199747681617737,-0.23018032312393188,-0.20285183191299438,0.6870390176773071,0.4539860486984253,-0.21466165781021118,-0.1538258194923401,0.5721466541290283,0.14950615167617798,0.18382759392261505,-0.17290812730789185,0.3529270589351654,0.3770762085914612,0.12106220424175262,-0.10689897835254669,0.6425975561141968,-0.10876831412315369,-0.23285961151123047,0.6968339085578918,-0.13741272687911987,-0.06946291029453278,-0.21661847829818726,0.06736630201339722,1.0094164609909058,-0.09864625334739685,-0.09300019592046738,-0.17750059068202972,0.14392155408859253,-0.2446593940258026,0.2739734351634979,0.0008130818605422974,-0.16942259669303894,0.09471362829208374,0.5521460175514221,0.27806854248046875,0.14439576864242554,-0.16514334082603455,1.0966334342956543,0.5127231478691101,0.44573330879211426,0.8254233002662659,0.6976096630096436,0.5472415685653687,-0.13585537672042847,1.3855202198028564,-0.180118590593338,0.8002306818962097,-0.047605495899915695,0.6970246434211731,-0.20359808206558228,0.4455593228340149,0.5796797871589661,-0.24145358800888062,-0.02205708622932434,0.5951789021492004,-0.2483268678188324,0.15863177180290222,0.002646416425704956,0.21573340892791748,0.18081042170524597,0.306850790977478,-0.22034218907356262,-0.175755113363266,0.11857916414737701,-0.23897111415863037,-0.21963518857955933,1.6454007625579834,-0.1602421998977661,0.4658445715904236,-0.14796288311481476,-0.18242986500263214,-0.23417261242866516,-0.26848018169403076,-0.18499360978603363,0.3366827964782715,-0.16170869767665863,-0.11039528995752335,-0.16271458566188812,0.34753498435020447,-0.2078772485256195,0.0021565407514572144,-0.0847596824169159,0.6077985763549805,-0.26987209916114807,0.7381369471549988,-0.13671058416366577,-0.23430410027503967,0.27756041288375854,-0.2351306974887848,0.07801112532615662,0.7289569973945618,-0.06854630261659622,0.3454078733921051,1.4324761629104614,-0.21259313821792603,0.3190491199493408,-0.039020005613565445,0.49855419993400574,-0.24021272361278534,-0.24001911282539368,1.1178733110427856,-0.20728763937950134,1.100266933441162,0.5526806116104126,0.27845218777656555,-0.10384362936019897,0.4739640951156616,-0.1780700385570526,-0.15106990933418274,0.38884294033050537,-0.05040917545557022,0.537826418876648,0.1774827241897583,0.5129754543304443,-0.1219770759344101,1.03069007396698,0.13059791922569275,-0.24846239387989044
128,474,437,496,457,1.0334234237670898,-0.2054663747549057,0.41321367025375366,1.2776224613189697,-0.19382840394973755,1.0206705331802368,-0.2615763545036316,-0.22522790729999542,-0.10524482280015945,-0.2637287378311157,0.4836987257003784,0.01151297241449356,-0.16467219591140747,2.1706771850585938,1.1184146404266357,-0.26822006702423096,-0.14460499584674835,1.532219648361206,1.5715855360031128,-0.2685467600822449,-0.09050705283880234,-0.15348723530769348,0.05635792016983032,1.3241119384765625,-0.18181942403316498,3.461768627166748,-0.15876707434654236,-0.18826276063919067,1.393742322921753,2.4849281311035156,1.014170527458191,0.7754634022712708,-0.008604183793067932,-0.13240766525268555,-0.27421605587005615,0.009730041027069092,0.7920418977737427,0.3157607913017273,0.6550847291946411,-0.24311500787734985,0.5026465654373169,0.5031827688217163,0.5599667429924011,1.1210782527923584,0.05921739339828491,0.9223706126213074,-0.02251885086297989,2.6711909770965576,-0.1972726285457611,-0.253285676240921,1.0682876110076904,2.7951738834381104,0.3166809380054474,-0.10808948427438736,1.199082612991333,-0.034171126782894135,2.1541078090667725,-0.23571492731571198,1.9413806200027466,-0.16987168788909912,-0.14526912569999695,-0.24010513722896576,-0.1058262288570404,3.2485554218292236,0.7404797077178955,0.5968252420425415,-0.2352418452501297,-0.11918851733207703,-0.17204660177230835,-0.25824791193008423,-0.22281411290168762,0.36892688274383545,-0.20019465684890747,-0.16828788816928864,-0.23783071339130402,0.42051082849502563,0.667698860168457,-0.13285081088542938,1.5688356161117554,-0.045196354389190674,1.622780680656433,-0.2312029004096985,-0.23642879724502563,-0.16511283814907074,0.12257659435272217,-0.09896628558635712,-0.10469667613506317,-0.10477223992347717,-0.24250194430351257,-0.11785383522510529,-0.21763134002685547,-0.1751602739095688,0.10972888022661209,1.0654635429382324,0.08930838853120804,0.4588406980037689,0.22698423266410828,-0.0700301006436348,-0.013853244483470917,-0.2392304539680481,2.1419215202331543,-0.05049097165465355,0.28598710894584656,0.5013730525970459,2.562943935394287,-0.172013521194458,-0.2363891303539276,-0.21463949978351593,-0.08496387302875519,-0.18553507328033447,2.554373025894165,0.9479391574859619,0.0630311593413353,2.656527042388916,-0.2604445815086365,0.27926138043403625,0.1125846654176712,-0.12664476037025452,0.07695501297712326,-0.1292870044708252,0.26265400648117065,0.3776217997074127,-0.2776709794998169,0.23287685215473175,-0.16354095935821533,-0.23976847529411316,-0.10662123560905457,-0.0023821666836738586
129,531,491,554,513,-0.20829999446868896,-0.26262134313583374,-0.2029390037059784,1.2599378824234009,-0.08287008106708527,-0.11444959044456482,-0.0019496120512485504,-0.2774994373321533,-0.2740468382835388,-0.24512961506843567,0.016877517104148865,0.041580818593502045,-0.2243984490633011,-0.2650378942489624,0.8016443252563477,-0.20674611628055573,-0.16557520627975464,-0.07958913594484329,-0.1958237588405609,-0.15335126221179962,-0.03171788901090622,1.366248607635498,-0.23139150440692902,2.2425949573516846,-0.0015512555837631226,-0.2146795690059662,-0.2639065980911255,-0.23368600010871887,-0.2139415144920349,-0.20876817405223846,-0.15471506118774414,-0.16671767830848694,-0.2780352234840393,0.6150588989257812,-0.1347479224205017,-0.17647269368171692,0.18016427755355835,-0.08559927344322205,-0.2751452624797821,-0.2555132508277893,-0.0890042781829834,0.29799628257751465,0.2694890797138214,-0.2677481174468994,-0.2057969719171524,-0.12658894062042236,-0.2742679715156555,1.1005468368530273,2.3902454376220703,0.6938288807868958,0.8373021483421326,-0.013758204877376556,-0.21746814250946045,-0.13257956504821777,0.7932865023612976,-0.19054138660430908,0.2982049584388733,1.6421890258789062,0.1808173805475235,-0.25942012667655945,1.6411265134811401,0.45831048488616943,-0.19481757283210754,-0.22212889790534973,-0.2775135934352875,-0.2777039110660553,-0.061650607734918594,-0.23468652367591858,0.581328272819519,0.39320430159568787,0.7797455191612244,-0.2778847813606262,-0.15108603239059448,0.6344223022460938,-0.2604356110095978,-0.24720561504364014,-0.2526732385158539,-0.24665987491607666,-0.10335060209035873,-0.18622826039791107,0.01487341895699501,-0.251775324344635,-0.2647944688796997,0.056675076484680176,2.0278258323669434,-0.18775996565818787,-0.2523825764656067,-0.13947562873363495,-0.2719399929046631,-0.18330329656600952,-0.2641409933567047,1.1593222618103027,-0.2441020905971527,0.05012652277946472,-0.06935108453035355,0.5775962471961975,-0.2536548674106598,-0.27833110094070435,-0.25739967823028564,-0.23217685520648956,-0.15509571135044098,-0.23050625622272491,-0.269554078578949,0.2718261778354645,-0.08646097779273987,0.8870183229446411,-0.2191838175058365,-0.15135137736797333,-0.26851484179496765,-0.22402198612689972,0.809108316898346,0.20019693672657013,0.3297523260116577,-0.23618298768997192,-0.05093603581190109,0.2814842462539673,1.1260082721710205,0.5763769149780273,0.002199877053499222,0.16338765621185303,-0.08440709114074707,0.1465819776058197,-0.21249009668827057,1.4384129047393799,0.4327981770038605,-0.017684049904346466,-0.1709166318178177,-0.12488864362239838
130,295,598,319,621,0.2107047438621521,-0.2571690082550049,0.05060756951570511,1.1195076704025269,-0.13619795441627502,-0.22997009754180908,0.11380494385957718,-0.2626384198665619,-0.2620444893836975,-0.2147941291332245,1.4959079027175903,-0.24975770711898804,-0.26265081763267517,0.5450906157493591,0.13824312388896942,-0.07319207489490509,-0.2629913091659546,-0.07664206624031067,-0.2731713056564331,0.04447527602314949,0.05098693072795868,0.12766066193580627,-0.258523166179657,-0.06909685581922531,0.018861399963498116,-0.2763906717300415,-0.1941194385290146,-0.23016484081745148,0.802324116230011,-0.1957508623600006,-0.236872598528862,-0.2370743304491043,-0.19284461438655853,0.7738150358200073,-0.0918874517083168,-0.25687482953071594,-0.12625837326049805,-0.26071906089782715,-0.2697964012622833,-0.1112748309969902,-0.19369949400424957,-0.013880596496164799,0.12893573939800262,1.3516817092895508,-0.07633859664201736,-0.27792030572891235,-0.1273825317621231,0.6115813851356506,1.5114214420318604,0.39880743622779846,0.5779708027839661,-0.1988547295331955,0.20872756838798523,-0.2132878303527832,0.48012542724609375,-0.2773805558681488,-0.02641153894364834,1.419804334640503,0.7810069918632507,-0.2631405293941498,1.253395915031433,1.50958251953125,-0.031597163528203964,4.273704528808594,0.27296772599220276,-0.03610176220536232,-0.1927507072687149,1.5494188070297241,-0.09098448604345322,1.2824429273605347,0.5275887250900269,-0.27287352085113525,0.03731208294630051,0.8279300332069397,-0.16082192957401276,-0.1688826084136963,-0.1843814253807068,-0.2538146674633026,0.049140188843011856,-0.09732014685869217,-0.26948434114456177,-0.17351199686527252,-0.1327190101146698,-0.13665126264095306,-0.17475171387195587,-0.2501174509525299,-0.27562615275382996,-0.2376042902469635,-0.1132274940609932,-0.12945601344108582,-0.2557012438774109,0.10013967752456665,-0.25303322076797485,-0.2666287422180176,0.08513157814741135,0.31561654806137085,-0.2759576141834259,-0.07926828414201736,-0.09373318403959274,-0.21145863831043243,-0.17622286081314087,-0.27004629373550415,0.02902863919734955,0.9596470594406128,-0.1433052122592926,1.7401503324508667,-0.21244458854198456,-0.2701343894004822,0.19356215000152588,0.529855489730835,-0.23962581157684326,-0.20524074137210846,1.1165521144866943,-0.18388144671916962,-0.07152818888425827,0.029650308191776276,1.7939293384552002,-0.04637398570775986,-0.07448475807905197,0.2569071352481842,-0.21754492819309235,0.10193441063165665,-0.26005202531814575,0.3835904896259308,0.12626855075359344,-0.0171675905585289,0.05751405283808708,-0.2589714527130127
131,388,557,408,576,-0.02841300517320633,-0.24591058492660522,0.9644356369972229,1.2327134609222412,-0.19044557213783264,-0.14070694148540497,0.6072270274162292,-0.27634096145629883,-0.2599797546863556,-0.27805423736572266,0.9309112429618835,-0.22211721539497375,-0.18918927013874054,1.5782378911972046,0.8709145784378052,-0.2732582688331604,-0.10557295382022858,2.025052785873413,0.20652495324611664,-0.2612401247024536,-0.21329942345619202,0.9077877998352051,-0.13957567512989044,-0.01285216212272644,0.7594585418701172,-0.25700294971466064,-0.09489783644676208,-0.26618579030036926,1.084233283996582,-0.22265155613422394,-0.1997200846672058,-0.1664484739303589,-0.22707580029964447,0.5180387496948242,-0.26228055357933044,-0.21440467238426208,0.15158024430274963,0.1600230187177658,-0.18749763071537018,-0.06421834230422974,0.3764037787914276,0.414997935295105,1.7047597169876099,0.532855212688446,-0.14617875218391418,0.8914496302604675,-0.22643020749092102,4.277029991149902,1.1454675197601318,0.004303343594074249,-0.2562178373336792,0.008229531347751617,0.0940181165933609,-0.08807941526174545,-0.25218749046325684,-0.24517467617988586,1.1316760778427124,0.8511548638343811,0.44328686594963074,-0.1812463402748108,0.8157868981361389,-0.10576722770929337,0.35906925797462463,3.6988840103149414,1.1465544700622559,-0.20310743153095245,-0.15622448921203613,-0.02051607519388199,0.3001335859298706,-0.2776280641555786,0.9082781672477722,0.45492732524871826,-0.24904486536979675,-0.1021108478307724,-0.2198208123445511,-0.14623364806175232,0.013144493103027344,-0.1756790429353714,1.0091110467910767,-0.17652921378612518,-0.02619338035583496,-0.2292892336845398,-0.2616528868675232,-0.23725563287734985,-0.17224657535552979,-0.014512681402266026,-0.1278029978275299,-0.13727319240570068,0.6679253578186035,-0.18469539284706116,-0.24013856053352356,-0.21962609887123108,-0.26577046513557434,0.20677566528320312,-0.19148457050323486,0.004939243197441101,-0.21758697926998138,-0.2484249770641327,-0.10923261195421219,-0.23837979137897491,0.6579545140266418,-0.11342857033014297,0.88962322473526,0.3669980764389038,-0.10936224460601807,1.2096375226974487,-0.1186450868844986,-0.04573977738618851,0.38581499457359314,-0.12257882207632065,-0.23981896042823792,0.1964322328567505,0.8879732489585876,1.3220946788787842,-0.24849222600460052,0.09869380295276642,0.028085660189390182,0.1359250247478485,0.1005052924156189,0.22297702729701996,0.030792318284511566,0.8119255304336548,-0.22385263442993164,0.5167644619941711,-0.09839972108602524,-0.16703665256500244,0.021772854030132294,-0.16425231099128723
132,598,659,625,683,-0.24485564231872559,-0.20660822093486786,0.306830495595932,1.1754229068756104,-0.08984425663948059,-0.06022757291793823,0.057640306651592255,-0.205523282289505,1.67375910282135,-0.2362014204263687,-0.017572276294231415,0.09890983998775482,-0.13817420601844788,1.6215819120407104,0.005527311936020851,-0.2775697708129883,-0.16358961164951324,-0.05772664025425911,-0.23687726259231567,0.35316476225852966,-0.24286261200904846,-0.123469777405262,0.26942217350006104,0.5346757769584656,0.8420174717903137,1.8166186809539795,-0.10027407109737396,-0.227157860994339,-0.2426118552684784,1.3857783079147339,-0.18361437320709229,-0.07738213241100311,-0.14317744970321655,-0.17201238870620728,-0.27679115533828735,-0.18383938074111938,0.09174156188964844,0.33229005336761475,-0.16805759072303772,-0.20164775848388672,0.01328490674495697,0.06898351013660431,-0.04601116478443146,1.1783311367034912,-0.20413842797279358,0.5922771692276001,-0.2503429055213928,1.630621075630188,-0.056881461292505264,0.8776829838752747,-0.014996029436588287,0.5341596007347107,0.6955975294113159,-0.2330315113067627,0.7674423456192017,0.0719708651304245,-0.01970813423395157,0.00031298398971557617,2.2964353561401367,-0.24931256473064423,1.7986674308776855,-0.2643716633319855,0.34973540902137756,1.5995889902114868,0.06197519972920418,0.6474671959877014,-0.07393596321344376,0.8255710601806641,-0.12783458828926086,-0.2524873614311218,0.29211610555648804,-0.2531474530696869,-0.18627578020095825,-0.2244139015674591,-0.0684114545583725,0.5909270644187927,-0.19007942080497742,-0.1665799915790558,-0.26261377334594727,-0.02658090367913246,1.1060922145843506,-0.256237655878067,-0.2164379060268402,-0.07473128288984299,0.7434203624725342,-0.17686626315116882,-0.16538958251476288,-0.13903731107711792,1.2165652513504028,-0.11964768916368484,0.2967984974384308,0.2420770227909088,-0.19805321097373962,0.17086169123649597,-0.15904642641544342,-0.0029969215393066406,-0.0708295926451683,-0.10712741315364838,-0.08619935810565948,0.07540430128574371,0.40801674127578735,-0.11780582368373871,-0.15411171317100525,0.3349800705909729,0.9621413946151733,1.0963119268417358,-0.2590556740760803,0.907913863658905,0.4009856581687927,-0.22828570008277893,0.0308295339345932,0.030666634440422058,0.6604044437408447,0.8408014178276062,-0.18339689075946808,-0.08626248687505722,0.5069640874862671,0.21945218741893768,-0.16086876392364502,0.007913395762443542,0.0408407486975193,0.033361200243234634,-0.03215525299310684,0.3578260540962219,0.053405992686748505,-0.2268751859664917,-0.23116523027420044,-0.08568030595779419
133,285,854,317,880,-0.0016435757279396057,-0.23763155937194824,-0.25790512561798096,1.293001651763916,-0.1922798752784729,-0.23423637449741364,0.5115345120429993,-0.24655316770076752,-0.238052099943161,-0.017106443643569946,-0.2608974575996399,1.2232283353805542,-0.21460452675819397,-0.1890614926815033,2.216623306274414,-0.21928291022777557,0.2339351624250412,2.616483211517334,0.04333797097206116,0.04364340007305145,-0.09768426418304443,0.6717262268066406,-0.2179040014743805,2.3583950996398926,0.34818345308303833,0.7636033296585083,0.06359846889972687,-0.020071398466825485,-0.0716463029384613,-0.17092645168304443,-0.21262064576148987,0.11093829572200775,-0.08706596493721008,0.493943989276886,-0.20985323190689087,0.14514358341693878,0.15534836053848267,-0.16141098737716675,-0.21873310208320618,0.2985838055610657,0.9927679300308228,0.30579766631126404,0.08100151270627975,-0.11057904362678528,-0.007754489779472351,0.9413528442382812,-0.21127773821353912,1.3354853391647339,-0.22437036037445068,-0.17632772028446198,0.8968701362609863,1.4408702850341797,-0.20717135071754456,-0.11301600933074951,0.48513883352279663,-0.187221497297287,1.6579511165618896,0.5317243933677673,0.15729181468486786,-0.22818711400032043,-0.025686047971248627,0.02920377254486084,-0.17249393463134766,-0.15169058740139008,-0.1977403163909912,-0.02826017141342163,-0.16053037345409393,-0.23706117272377014,1.4680895805358887,-0.2381533533334732,0.865668535232544,0.1364368498325348,-0.1830739676952362,0.14411933720111847,-0.2359890341758728,0.14531344175338745,0.25737208127975464,-0.2256752848625183,-0.03551502525806427,-0.19931739568710327,-0.1757814735174179,-0.22240179777145386,-0.2617470622062683,-0.05370239540934563,1.9261974096298218,-0.08795039355754852,-0.18144583702087402,-0.2567145824432373,0.729604959487915,-0.27735137939453125,-0.05981934815645218,-0.1959715485572815,-0.008940830826759338,0.17377454042434692,0.04663344472646713,0.37526410818099976,-0.025715429335832596,0.09678877890110016,-0.2634175419807434,-0.22579380869865417,3.471194267272949,0.16454562544822693,-0.08421143144369125,0.12991249561309814,-0.19408050179481506,-0.2173629105091095,0.2721482813358307,0.32485175132751465,-0.20162074267864227,-0.24851484596729279,2.186948299407959,0.5208127498626709,-0.052956826984882355,1.403991460800171,-0.1294638216495514,0.4257028102874756,-0.11775631457567215,0.6594873666763306,0.840001106262207,-0.0871051698923111,0.12390769273042679,1.0281580686569214,-0.2567077875137329,1.3774272203445435,0.47386351227760315,0.16504687070846558,-0.2247314155101776,0.14593638479709625
134,254,827,284,854,0.4103955626487732,-0.25014063715934753,-0.1076006144285202,1.1123124361038208,-0.1791650652885437,-0.20539090037345886,0.8366152048110962,-0.2536076009273529,0.11370114237070084,-0.07903432846069336,0.07419252395629883,0.27471449971199036,-0.12927015125751495,0.22683800756931305,1.0630148649215698,-0.22379997372627258,-0.21799464523792267,0.6828714609146118,0.16297808289527893,-0.12692582607269287,0.012800931930541992,0.3346467614173889,0.46661877632141113,0.9495550990104675,0.22565151751041412,0.8614553809165955,-0.14543281495571136,-0.2543797492980957,0.9681603312492371,0.42022860050201416,-0.17545077204704285,-0.03388556092977524,-0.17941898107528687,0.2906520962715149,-0.23721635341644287,0.012585349380970001,-0.05568718537688255,1.2091962099075317,-0.11481939256191254,0.04671436548233032,0.09213931113481522,0.012752000242471695,0.006851911544799805,0.34454119205474854,0.13113927841186523,0.30250951647758484,-0.24410474300384521,1.5898265838623047,0.09634804725646973,0.4047304391860962,0.7508657574653625,0.6460338830947876,0.2353997826576233,-0.20738264918327332,0.8779937624931335,-0.22393639385700226,0.5469931364059448,0.84602952003479,0.717240571975708,-0.17130112648010254,0.16298866271972656,0.02634495496749878,-0.04500062018632889,0.0156170092523098,0.07784371823072433,0.1560189127922058,-0.15281739830970764,-0.0896809846162796,0.626824140548706,0.04395116865634918,0.5252360701560974,-0.059829678386449814,-0.12977474927902222,0.4942913055419922,-0.1817842721939087,0.0950029045343399,0.6799225807189941,-0.18240177631378174,0.16369734704494476,-0.10621163994073868,-0.18356576561927795,-0.26920729875564575,-0.24173793196678162,0.33140233159065247,1.1356945037841797,-0.14134880900382996,-0.2098890244960785,-0.14803722500801086,0.673564076423645,-0.2380780428647995,-0.2527008056640625,-0.13089460134506226,0.7209416031837463,-0.012364499270915985,-0.17099888622760773,0.19489379227161407,-0.06052098795771599,-0.1378793716430664,-0.24348077178001404,-0.009043550118803978,1.5304105281829834,-0.06359217315912247,0.017755277454853058,0.3072777986526489,0.6127365231513977,0.05251426249742508,0.013743795454502106,0.8489089608192444,-0.1263037621974945,-0.21730197966098785,0.6226099729537964,0.057042449712753296,0.13751499354839325,0.8903806805610657,0.10087396204471588,0.06325993686914444,0.6276614665985107,0.5514311790466309,0.01343422383069992,0.2815311849117279,-0.028144963085651398,0.8411904573440552,-0.22789335250854492,0.5746915340423584,0.0421302430331707,0.42565491795539856,-0.11740734428167343,-0.12499551475048065
135,569,693,601,720,0.666305661201477,-0.27623093128204346,-0.2130008339881897,1.131591796875,-0.12043023109436035,-0.2434624880552292,0.38224372267723083,-0.2566196322441101,-0.162314310669899,0.0033704787492752075,0.13340620696544647,0.9637214541435242,-0.17760227620601654,-0.1060786098241806,0.5647563338279724,-0.22483472526073456,0.284620076417923,-0.04122503101825714,0.06202393025159836,-0.2096228450536728,-0.12176316976547241,-0.06252528727054596,0.05522584542632103,0.6137148141860962,-0.19372645020484924,1.3221238851547241,-0.21117432415485382,-0.2623409032821655,0.3773125112056732,0.17543062567710876,-0.21715575456619263,-0.038094714283943176,-0.031621936708688736,0.29787400364875793,-0.19248495995998383,0.5467244386672974,0.08744417130947113,-0.0960608571767807,0.057462215423583984,0.055878736078739166,0.5230720043182373,0.19767317175865173,-0.23236288130283356,-0.053138233721256256,0.3715048134326935,0.19078263640403748,-0.22339840233325958,0.9888702630996704,0.33009135723114014,0.35657256841659546,0.49710607528686523,1.1974382400512695,0.00942307710647583,-0.014420121908187866,0.6736106872558594,-0.18411429226398468,0.42855048179626465,0.9020916223526001,0.23108536005020142,-0.16124746203422546,0.06869900226593018,0.4498138129711151,-0.08075734227895737,-0.08026961237192154,-0.057415448129177094,0.12596412003040314,0.1007896363735199,-0.12331865727901459,1.3364931344985962,0.5067756175994873,0.408038854598999,0.15985828638076782,-0.1556451916694641,0.38616490364074707,-0.25415652990341187,-0.06036701425909996,1.853804111480713,-0.2536012828350067,0.20321455597877502,-0.16434185206890106,-0.1916969120502472,-0.2623233497142792,-0.2426026463508606,0.21622174978256226,1.3265705108642578,-0.0875299721956253,-0.1757863163948059,-0.19040104746818542,0.15828529000282288,-0.22802716493606567,-0.2447715848684311,0.003561452031135559,0.6614527106285095,0.13858646154403687,-0.011942092329263687,0.31658604741096497,-0.08406525105237961,0.06806430220603943,-0.25319355726242065,-0.004653569310903549,2.071606159210205,-0.021870076656341553,-0.14598482847213745,0.4021863341331482,-0.24753446877002716,-0.05761567875742912,-0.15722408890724182,-0.20645342767238617,-0.22000370919704437,-0.18455713987350464,2.7270846366882324,0.25416553020477295,-0.03588898107409477,0.3435802757740021,0.18882593512535095,0.08980390429496765,0.6212745904922485,0.005783312022686005,0.05466068536043167,0.05361493304371834,0.04515373706817627,0.9999496936798096,-0.21756380796432495,0.7248722910881042,0.2709892690181732,0.9615029692649841,-0.010078057646751404,-0.11878234893083572
136,536,444,557,463,-0.27825915813446045,-0.21903546154499054,-0.27744734287261963,1.3618879318237305,-0.08012312650680542,-0.27410706877708435,0.40922877192497253,-0.23347608745098114,-0.2135131061077118,-0.278371661901474,0.00342285493388772,-0.26097309589385986,-0.25968894362449646,-0.2502259314060211,1.3555347919464111,-0.2781781852245331,-0.10078726708889008,0.07337942719459534,-0.2700875401496887,-0.17989744246006012,-0.25925636291503906,3.2560548782348633,-0.274410605430603,1.797242522239685,2.378715991973877,-0.2430112361907959,-0.14617344737052917,0.10217777639627457,-0.25832870602607727,-0.15113608539104462,-0.18849287927150726,-0.2714667320251465,-0.27789080142974854,0.7402061223983765,-0.21700803935527802,-0.269542932510376,0.41078004240989685,-0.05064279958605766,-0.23425865173339844,-0.2698592245578766,-0.09256024658679962,0.5384219884872437,1.4094641208648682,0.014108157716691494,-0.27747225761413574,0.043884169310331345,-0.25752735137939453,2.4161367416381836,0.9869781136512756,-0.26949700713157654,0.5547087788581848,1.4109516143798828,-0.25273755192756653,-0.041807349771261215,-0.19298629462718964,-0.1233854591846466,0.26952362060546875,0.5307764410972595,0.18054012954235077,-0.2768068313598633,-0.2777978181838989,-0.1927928626537323,-0.2475859373807907,-0.18053102493286133,-0.2490479052066803,-0.2340458780527115,-0.2389848530292511,-0.277416467666626,0.832874596118927,-0.277066707611084,1.3931909799575806,0.1433231681585312,-0.2520492672920227,-0.2052285373210907,-0.25050225853919983,-0.04987146705389023,-0.18724709749221802,-0.1187620759010315,0.5830140709877014,-0.21484732627868652,0.10959842056035995,-0.2522542476654053,-0.27600687742233276,-0.1338248997926712,0.16114541888237,-0.047551658004522324,-0.12320087105035782,-0.24408835172653198,-0.27659085392951965,-0.27829688787460327,-0.2783277928829193,0.2779063582420349,-0.21948254108428955,0.3466735780239105,-0.2678847312927246,0.5668973326683044,-0.11943592131137848,-0.27733778953552246,-0.2712481915950775,-0.24180176854133606,0.2798621654510498,-0.27054479718208313,0.6087961792945862,-0.024638373404741287,-0.05591006949543953,-0.20309706032276154,0.2711598575115204,-0.2778753936290741,-0.2552935779094696,-0.27734193205833435,-0.23748770356178284,0.4955769181251526,0.04517652839422226,-0.07425302267074585,-0.24750931560993195,-0.09613151848316193,-0.17784970998764038,-0.23900818824768066,0.37367913126945496,-0.14413969218730927,0.16767221689224243,0.5376518964767456,-0.2693970799446106,0.9417123198509216,0.2734834849834442,-0.22092729806900024,-0.14105528593063354,0.03143005818128586
137,510,503,527,527,1.247854232788086,-0.1511581838130951,-0.12299004197120667,1.0299204587936401,-0.1463255137205124,-0.2772979140281677,0.7441825866699219,-0.2472076714038849,-0.27786627411842346,-0.1479698270559311,0.15968714654445648,-0.2755488455295563,-0.16254250705242157,0.004528784193098545,0.5735234022140503,-0.10387717187404633,-0.26883697509765625,-0.278373122215271,-0.27791059017181396,-0.24887023866176605,-0.20354634523391724,0.3347189426422119,0.015453813597559929,-0.03524073585867882,-0.13015663623809814,-0.12758886814117432,-0.1767241209745407,-0.16128043830394745,0.9768537878990173,-0.11597359925508499,-0.22165992856025696,-0.2716078460216522,-0.03909914195537567,0.208811953663826,-0.010779689066112041,-0.25578755140304565,-0.1950129121541977,-0.10166429728269577,-0.16880866885185242,0.17555713653564453,-0.23685811460018158,-0.15107452869415283,-0.23305553197860718,-0.04663228243589401,0.45000699162483215,-0.19977517426013947,-0.18443110585212708,0.5515099763870239,0.27955275774002075,0.2910025119781494,0.3198208808898926,0.25926318764686584,0.15370135009288788,-0.1266762912273407,0.6914273500442505,-0.27401337027549744,-0.2304076850414276,0.3137618601322174,-0.06591633707284927,-0.2774030268192291,0.8636564612388611,1.0573992729187012,-0.21058611571788788,-0.27593544125556946,1.153677225112915,-0.275808721780777,-0.2665024995803833,0.2540426254272461,0.5182018876075745,0.5374661684036255,1.322475552558899,-0.24601297080516815,-0.047447510063648224,0.28247106075286865,-0.14354106783866882,-0.23559518158435822,1.5811588764190674,-0.25708234310150146,0.14201003313064575,-0.20569078624248505,-0.12404090166091919,-0.2775304615497589,-0.2686428427696228,-0.13680417835712433,0.6962078809738159,-0.2776232063770294,-0.2781839668750763,-0.2660714387893677,0.25652092695236206,-0.2623760402202606,-0.2617298662662506,-0.10562577843666077,0.6900672316551208,-0.2773333787918091,-0.0992506742477417,-0.0941152572631836,-0.23440565168857574,0.14447693526744843,-0.2744785249233246,0.16297560930252075,0.5198965072631836,0.8780441880226135,-0.031366992741823196,0.8488624095916748,-0.240143284201622,0.36630985140800476,0.12276721745729446,-0.23254179954528809,-0.2732478082180023,-0.21877425909042358,0.5701825022697449,-0.25026458501815796,0.18152745068073273,0.08320793509483337,0.24321040511131287,-0.12090642750263214,0.20959004759788513,-0.27039361000061035,-0.2454739511013031,0.5613898634910583,-0.03108086623251438,0.4904407858848572,-0.23720195889472961,0.7977040410041809,0.09517212957143784,0.340789258480072,0.246364563703537,-0.21374468505382538
138,644,582,667,608,0.7916326522827148,-0.22509822249412537,-0.11040659248828888,1.1800296306610107,-0.08496808260679245,0.02727051079273224,0.5609291791915894,-0.2575712203979492,-0.2344520092010498,-0.22811588644981384,0.6902819275856018,-0.2535499036312103,-0.23520269989967346,1.0534231662750244,0.5064328908920288,-0.19226013123989105,-0.09972906857728958,0.37886372208595276,-0.2308274805545807,0.10274238139390945,-0.24012985825538635,0.9129047989845276,-0.06222786009311676,1.3145551681518555,-0.12087000906467438,-0.15126831829547882,-0.1831139624118805,-0.2476470023393631,0.22563298046588898,0.0020184963941574097,-0.17905715107917786,-0.1968199610710144,-0.22301283478736877,0.3215430676937103,-0.18835382163524628,-0.2751084566116333,0.10452371090650558,0.12935110926628113,0.2313978224992752,-0.18567761778831482,0.055581942200660706,0.06573463976383209,0.16762074828147888,0.8625543713569641,-0.27282029390335083,0.3591694235801697,-0.2741924226284027,1.502762794494629,1.7965490818023682,0.5179591774940491,0.6878156661987305,-0.1468048244714737,0.5539754033088684,-0.18412645161151886,1.3306159973144531,-0.2080163061618805,1.1251071691513062,1.112962245941162,1.2877458333969116,-0.21437767148017883,2.8489809036254883,0.6370477676391602,0.06068763509392738,1.9081783294677734,1.0821385383605957,-0.15509897470474243,-0.17003074288368225,0.8550787568092346,-0.09615232050418854,0.5572658181190491,0.6112614870071411,-0.2120477855205536,-0.17090541124343872,0.24103492498397827,-0.21007519960403442,-0.17449593544006348,0.35469919443130493,-0.2722918689250946,0.15651848912239075,-0.040037572383880615,1.0344483852386475,-0.21227973699569702,-0.17517246305942535,-0.1430930197238922,1.0484939813613892,-0.10622218996286392,-0.16065844893455505,-0.10066165775060654,0.408414363861084,-0.22900688648223877,-0.22512474656105042,0.4594287872314453,-0.17431212961673737,-0.010907270014286041,0.30598610639572144,0.07656942307949066,-0.2771475315093994,-0.2520641088485718,-0.0996893048286438,-0.12799949944019318,-0.25223618745803833,-0.26726943254470825,0.043948233127593994,1.6274936199188232,0.6089568138122559,1.868584394454956,-0.25825265049934387,0.9048640727996826,-0.1979248821735382,0.10095246136188507,1.6014467477798462,0.038975782692432404,2.8636937141418457,1.1225988864898682,-0.20969446003437042,0.18845561146736145,0.4157310128211975,0.01137268915772438,-0.12015119194984436,0.24084162712097168,-0.07367649674415588,-0.03310661390423775,0.08013781905174255,1.2245720624923706,0.0564165860414505,-0.26653948426246643,0.09955226629972458,-0.2053513377904892
139,356,536,376,557,0.5857985019683838,-0.2566151022911072,0.029228612780570984,1.0476874113082886,-0.028039244934916496,-0.2781999409198761,0.2537243366241455,-0.27435043454170227,-0.2691196799278259,-0.27066707611083984,2.3587112426757812,-0.27838781476020813,-0.26496270298957825,1.9694006443023682,-0.13056741654872894,-0.252141535282135,-0.06324576586484909,-0.23898428678512573,-0.27237391471862793,-0.2779684364795685,-0.2464079111814499,0.005660728085786104,-0.21609145402908325,-0.27811741828918457,-0.19159278273582458,-0.23666325211524963,-0.17667296528816223,-0.15173093974590302,1.5403040647506714,-0.278447687625885,-0.19737568497657776,-0.13063326478004456,-0.23089945316314697,0.9461211562156677,-0.07002206891775131,-0.26296916604042053,-0.1683429628610611,-0.18569667637348175,-0.22948868572711945,-0.05105142295360565,-0.27379781007766724,-0.12197278439998627,-0.12664279341697693,0.988172173500061,-0.2635672390460968,-0.2363235503435135,-0.26790139079093933,1.2783005237579346,2.1155972480773926,0.7631328105926514,-0.2204519361257553,-0.2645650804042816,0.6374670267105103,-0.22905674576759338,-0.05078825727105141,-0.25894537568092346,-0.27764448523521423,0.9497365951538086,0.48558899760246277,-0.2084682285785675,0.6517593264579773,1.5598117113113403,-0.06292451918125153,1.4816902875900269,2.5227818489074707,-0.26024436950683594,-0.2329176515340805,0.7975230813026428,-0.10622449219226837,0.6527820229530334,1.280088186264038,-0.18211160600185394,-0.2387162446975708,0.6934671998023987,-0.2204614281654358,-0.19996288418769836,0.2904767692089081,-0.2679566442966461,0.4051761329174042,-0.07174217700958252,-0.24910612404346466,-0.2692570686340332,-0.2545916736125946,0.061334699392318726,-0.24248653650283813,-0.1419728696346283,-0.2519065737724304,-0.24689294397830963,0.10745193064212799,-0.2718634009361267,-0.25792932510375977,-0.026140976697206497,-0.15871526300907135,-0.2772640287876129,-0.27809181809425354,-0.025550559163093567,-0.2784636318683624,-0.2745654284954071,0.001934231841005385,-0.0865083634853363,-0.19216899573802948,-0.20180019736289978,0.280301034450531,0.9680290222167969,-0.1584954410791397,1.584460973739624,-0.08288058638572693,-0.27342936396598816,-0.2574540674686432,-0.02728520892560482,-0.274209588766098,-0.273348331451416,0.4725137948989868,-0.20338259637355804,-0.01435147225856781,-0.22834108769893646,1.602485179901123,-0.1505712866783142,-0.15316979587078094,0.3079167306423187,-0.09682581573724747,0.25939440727233887,-0.2699994444847107,0.16419577598571777,0.11676020175218582,-0.1706998348236084,0.6337711811065674,-0.26557308435440063
140,198,725,238,767,0.6233659386634827,-0.2611062228679657,0.5718621611595154,1.1000820398330688,-0.21457985043525696,-0.10547367483377457,0.9162412881851196,-0.27413734793663025,-0.18266281485557556,-0.24355192482471466,-0.03278510272502899,0.6871407628059387,-0.2274279147386551,0.29644882678985596,1.352980375289917,-0.1602153480052948,0.10951745510101318,1.9561785459518433,1.3619956970214844,-0.11760064214468002,-0.11081726849079132,0.1693900227546692,0.23576536774635315,0.7153308987617493,0.06557057797908783,1.0960190296173096,-0.19793343544006348,-0.2277057021856308,0.5607292652130127,0.17917481064796448,-0.2705245912075043,-0.2434127926826477,0.11157529801130295,0.5029323101043701,-0.1996360719203949,0.04815073311328888,-0.11140483617782593,0.4662624001502991,-0.25181421637535095,0.23633109033107758,0.8813176155090332,0.0160689614713192,0.6855844259262085,0.6458572149276733,0.015294507145881653,0.44542717933654785,-0.2316339910030365,2.161881446838379,0.24034686386585236,0.02074427157640457,0.5028713941574097,1.0546482801437378,0.3415130078792572,-0.25167131423950195,0.37613779306411743,-0.01683725416660309,2.2425131797790527,0.3801143169403076,0.7126896381378174,-0.24765773117542267,1.1211662292480469,-0.0837126150727272,-0.011626552790403366,1.3510277271270752,0.10018771886825562,-0.15794438123703003,0.3199513256549835,-0.06243862956762314,0.4986659586429596,-0.15100735425949097,0.9089881181716919,0.43624746799468994,-0.24985545873641968,0.33389025926589966,-0.18642398715019226,0.135179802775383,0.2359527200460434,-0.2540232241153717,0.06489365547895432,-0.2503792643547058,0.007770180702209473,-0.2580256462097168,-0.27274253964424133,0.14225763082504272,0.42857617139816284,-0.12333982437849045,-0.2339359074831009,-0.17995086312294006,0.5047090649604797,-0.21435579657554626,-0.22282472252845764,-0.22723430395126343,-0.14090277254581451,-0.15167249739170074,0.7515867352485657,-0.07996651530265808,-0.2596655786037445,0.09896975755691528,-0.22253939509391785,-0.13294915854930878,1.0818040370941162,-0.19111208617687225,0.2611224949359894,0.5962584018707275,0.40118420124053955,0.7659264206886292,-0.05535328760743141,1.5590686798095703,-0.06402532756328583,-0.2543718218803406,1.7200164794921875,0.15856221318244934,0.9445682764053345,0.8510773181915283,0.10494733601808548,0.3273378312587738,0.46947339177131653,0.19807440042495728,0.45717814564704895,-0.09472841024398804,-0.08004056662321091,0.7322192788124084,0.1799875795841217,0.9430500268936157,0.022720858454704285,0.6525017023086548,-0.25199729204177856,-0.13644780218601227
141,359,559,377,578,-0.07851386070251465,-0.1226317435503006,-0.08799315243959427,1.4412755966186523,-0.06111977994441986,-0.12813904881477356,-0.03380393981933594,-0.22514799237251282,-0.18832939863204956,-0.21285004913806915,-0.21170714497566223,-0.06289494037628174,-0.1568959504365921,-0.25100383162498474,0.5868794322013855,-0.2237493395805359,-0.07468792051076889,1.077092170715332,-0.12008847296237946,-0.12291911989450455,-0.24766314029693604,1.25885009765625,-0.21248497068881989,3.9601478576660156,-0.23114004731178284,-0.08871330320835114,-0.008180148899555206,-0.1513988971710205,-0.16957585513591766,-0.1523415893316269,-0.15488453209400177,-0.2729139029979706,-0.2663278579711914,1.8584812879562378,-0.23553402721881866,-0.23441867530345917,0.961277425289154,-0.14528854191303253,0.5286295413970947,0.7034251689910889,0.8632086515426636,0.7809448838233948,-0.23904219269752502,-0.21063469350337982,-0.18542678654193878,1.6181540489196777,-0.2725844383239746,1.981351375579834,1.880958080291748,0.07120381295681,0.9693500399589539,-0.16208401322364807,0.5917503237724304,-0.00839070975780487,1.6051656007766724,-0.1437828242778778,0.6970602869987488,1.0784255266189575,0.11515872180461884,-0.17875638604164124,0.3889009356498718,0.2830413579940796,0.00573141872882843,-0.09410034120082855,-0.15368974208831787,-0.15958108007907867,-0.07776559889316559,-0.22304785251617432,1.3792359828948975,-0.19949357211589813,1.4308661222457886,-0.1847349852323532,-0.1253150850534439,-0.2238500416278839,-0.2447274923324585,0.04821735620498657,0.45613598823547363,-0.1655108481645584,-0.26183801889419556,-0.12881045043468475,-0.18862441182136536,-0.25705888867378235,-0.2764315605163574,-0.14342327415943146,2.89300537109375,-0.04978650063276291,-0.06350468099117279,0.017749661579728127,1.2205877304077148,-0.21029630303382874,-0.13954755663871765,1.129309892654419,-0.27605336904525757,0.8370121717453003,-0.12429267168045044,0.19556781649589539,0.47902941703796387,-0.17669978737831116,-0.2424812912940979,-0.235082745552063,2.213225841522217,0.22548389434814453,-0.2680032253265381,0.8003418445587158,-0.02238646149635315,1.3528274297714233,-0.09320922195911407,-0.16532427072525024,-0.11191219091415405,-0.0862572118639946,2.803436756134033,0.4715340733528137,1.6186285018920898,0.5188791751861572,-0.2640412449836731,0.5339024066925049,-0.256624311208725,0.4938240945339203,0.4133005738258362,-0.0037366077303886414,0.3394349217414856,0.6537683606147766,-0.11998721957206726,1.441525936126709,0.5990982055664062,-0.2746890187263489,-0.11927562952041626,0.21777330338954926
142,570,677,595,698,0.06679020822048187,-0.24694618582725525,0.3475438952445984,1.101049542427063,-0.14604982733726501,-0.2754283547401428,0.7492702007293701,-0.2293376326560974,-0.18394805490970612,-0.265669047832489,1.3065382242202759,0.009976685047149658,-0.12044273316860199,0.8906863927841187,0.3581109046936035,-0.20246553421020508,-0.27079665660858154,0.6998466849327087,-0.21617303788661957,0.8266874551773071,-0.20296606421470642,0.4820549786090851,0.026344455778598785,0.07521466910839081,1.5963789224624634,0.24306133389472961,0.2916237413883209,-0.26151350140571594,0.5353353023529053,0.028578728437423706,-0.2420196235179901,-0.22906237840652466,-0.09086239337921143,0.439849853515625,-0.22807329893112183,-0.2345343977212906,-0.16413778066635132,-0.09166496992111206,-0.16124971210956573,0.07369496673345566,-0.0419062003493309,-0.05996638163924217,0.4602944552898407,1.8361868858337402,-0.23172156512737274,-0.17843633890151978,-0.21073223650455475,1.0238947868347168,0.43389737606048584,0.4723730683326721,0.29383525252342224,0.4182022511959076,0.539993941783905,-0.15944722294807434,0.04266531765460968,-0.15205341577529907,0.3454485833644867,0.1842368096113205,0.5554672479629517,-0.24297332763671875,0.4088863432407379,0.34909743070602417,0.035935282707214355,2.1825504302978516,0.3264751434326172,-0.19588923454284668,-0.2150772213935852,1.0697399377822876,0.2620171010494232,0.5913567543029785,0.7277617454528809,-0.07807593047618866,-0.184688001871109,-0.1885593831539154,-0.1632121503353119,0.025893867015838623,-0.019550006836652756,-0.26958465576171875,-0.07061634957790375,-0.08609919250011444,-0.10029362142086029,-0.1252485066652298,-0.2441064715385437,0.6601632237434387,-0.11555656790733337,-0.06495395302772522,-0.10463322699069977,-0.21989011764526367,0.08480241894721985,-0.2130913883447647,0.18277639150619507,-0.038419440388679504,-0.05705176293849945,-0.13819041848182678,-0.071164071559906,0.04271462559700012,-0.27209413051605225,-0.2390049397945404,-0.19837573170661926,-0.028183825314044952,0.48273220658302307,-0.20705530047416687,1.061245322227478,0.3663537800312042,-0.26762449741363525,0.13806867599487305,0.23900042474269867,-0.1739220917224884,0.030722565948963165,-0.12280334532260895,-0.19808819890022278,-0.15803439915180206,0.23619817197322845,0.44992882013320923,0.047997087240219116,-0.11295615881681442,0.6803657412528992,0.19670812785625458,0.4266767203807831,0.0190002229064703,-0.14435258507728577,0.27779799699783325,-0.2015160620212555,1.3011144399642944,0.03657718747854233,0.07814531028270721,-0.0721597820520401,-0.18721580505371094
143,595,678,626,708,0.7359985113143921,-0.2390975058078766,-0.09087614715099335,1.23027765750885,-0.09363432228565216,0.752066433429718,0.22829569876194,-0.25567206740379333,0.06843892484903336,0.07272657752037048,-0.09708775579929352,0.6074784994125366,-0.22606591880321503,-0.1951831877231598,0.46642136573791504,-0.25383514165878296,0.19752873480319977,0.9105048179626465,0.39683103561401367,-0.227606400847435,-0.19121325016021729,-0.020806819200515747,-0.04008864611387253,1.7107830047607422,0.36965253949165344,2.609043598175049,-0.19499719142913818,-0.14135566353797913,0.4056497812271118,1.6347445249557495,0.31466415524482727,-0.2139185667037964,-0.06774043291807175,0.4984433054924011,-0.1975221186876297,0.08841606974601746,0.32590171694755554,0.5424526333808899,0.45685383677482605,-0.19278615713119507,1.0713839530944824,0.2821507751941681,-0.20464445650577545,0.13456350564956665,0.32459068298339844,1.056203842163086,-0.19241586327552795,1.9022958278656006,0.5164024829864502,0.1183992326259613,0.7446637749671936,1.4486606121063232,0.3861236572265625,0.0918046087026596,0.8672528266906738,-0.20112405717372894,1.286008596420288,0.32649925351142883,1.0095497369766235,-0.18816818296909332,0.6240010261535645,0.037870317697525024,0.2113521844148636,-0.22822432219982147,-0.2009996622800827,0.6203067302703857,0.7005552053451538,-0.24789372086524963,0.9538905024528503,-0.24537549912929535,0.4147570729255676,-0.03850109875202179,-0.25398266315460205,0.3305363357067108,-0.27062857151031494,0.3578872084617615,1.4854350090026855,-0.23257213830947876,0.46970346570014954,-0.17111214995384216,0.6216679215431213,-0.25329509377479553,-0.2438684105873108,-0.06378036737442017,1.716790795326233,-0.11184598505496979,-0.20569679141044617,-0.0759240984916687,0.8656901121139526,-0.22491486370563507,-0.21078169345855713,0.16830742359161377,0.9599024057388306,0.31234097480773926,0.11895996332168579,0.08476198464632034,-0.021879062056541443,-0.1909390538930893,-0.2748481035232544,-0.19303494691848755,1.0025608539581299,0.1274973750114441,-0.027856789529323578,0.5325533747673035,1.323365569114685,0.3387739062309265,-0.20283684134483337,0.4367155432701111,-0.24340739846229553,-0.2185318022966385,2.4632773399353027,0.3971441388130188,0.4469420909881592,1.2754954099655151,-0.15134312212467194,0.4268687665462494,-0.024449024349451065,0.5544978976249695,0.16549019515514374,0.30807462334632874,0.12458082288503647,0.7208895087242126,-0.2288961261510849,1.005469799041748,0.12384214997291565,0.5999345183372498,-0.027033567428588867,-0.04614698141813278
144,517,601,537,620,0.7315154671669006,-0.2784159481525421,-0.25608307123184204,1.0220756530761719,-0.02535300701856613,-0.23669397830963135,0.2113964557647705,-0.27342426776885986,-0.14435091614723206,-0.2370300143957138,0.8221635818481445,-0.2576456367969513,-0.2725348174571991,1.0050679445266724,-0.011335804127156734,-0.1519901305437088,-0.0818159356713295,-0.10381000488996506,-0.2632853090763092,-0.27128154039382935,-0.26500049233436584,0.31171754002571106,-0.182094007730484,-0.19093117117881775,-0.10403373092412949,-0.27431929111480713,0.2871907353401184,-0.2596223056316376,0.9545127153396606,-0.21433910727500916,-0.12249799817800522,-0.22067616879940033,-0.24708324670791626,0.7590514421463013,-0.14305245876312256,-0.27711722254753113,-0.1367930918931961,-0.18042629957199097,-0.2720005512237549,-0.2696579098701477,-0.24955862760543823,-0.19878219068050385,-0.022914372384548187,0.045848190784454346,0.5191953182220459,-0.2744472026824951,-0.2784566879272461,-0.1936941146850586,1.3575950860977173,0.19528689980506897,2.08899188041687,0.14680686593055725,-0.1892944723367691,-0.152118980884552,0.0960552915930748,-0.12671464681625366,-0.2570584714412689,1.6560724973678589,0.9848039746284485,-0.2741398811340332,-0.09180887788534164,2.5389246940612793,-0.06177026033401489,1.404856562614441,1.7986119985580444,-0.18098895251750946,-0.21559622883796692,0.35401973128318787,-0.2376391440629959,2.549621820449829,0.8127126693725586,-0.2733685374259949,-0.1208198070526123,-0.1261059045791626,0.06359440833330154,-0.24675235152244568,-0.04939645901322365,-0.27749955654144287,-0.23799540102481842,-0.15274465084075928,-0.27790695428848267,-0.2680319845676422,-0.2764783799648285,-0.2671484351158142,0.21572449803352356,0.01000414788722992,-0.16527168452739716,-0.18546561896800995,-0.1961335986852646,-0.14809595048427582,-0.20275436341762543,0.6308169960975647,-0.26000720262527466,-0.268403023481369,-0.20407390594482422,0.07084330171346664,-0.2612352967262268,-0.2274135798215866,-0.2014431208372116,-0.0655096173286438,-0.053913138806819916,0.1560017317533493,-0.0038785943761467934,0.3469545543193817,-0.052472978830337524,0.6115469336509705,0.03748863562941551,-0.1293497383594513,-0.25840622186660767,0.8053674697875977,-0.2736491560935974,-0.2779597342014313,0.5247026681900024,-0.27068933844566345,0.42530110478401184,-0.23873387277126312,0.8801566958427429,-0.2784602642059326,-0.19550539553165436,-0.1512502133846283,-0.10001169145107269,-0.2466939091682434,-0.248907208442688,0.5440797805786133,-0.09510722756385803,-0.2766183018684387,0.2175988107919693,-0.26871609687805176
145,155,693,181,722,0.9279088377952576,-0.259428471326828,0.06364469975233078,1.1670780181884766,-0.19602732360363007,-0.2376575917005539,0.18878720700740814,-0.22907567024230957,-0.198885977268219,-0.22497379779815674,0.08599156886339188,-0.20675477385520935,-0.1693141758441925,0.8383361101150513,1.1183174848556519,-0.1540365219116211,-0.032196104526519775,0.36265772581100464,-0.015115819871425629,0.08539444953203201,-0.03990388661623001,0.7649173140525818,0.12555280327796936,0.23760986328125,0.09186646342277527,0.36397436261177063,-0.0353245884180069,-0.24952945113182068,0.4047115445137024,-0.18470501899719238,-0.08604365587234497,0.0335899218916893,-0.09050720930099487,1.0181357860565186,-0.1379397213459015,0.2541554272174835,0.09993396699428558,-0.08708883821964264,0.5260648727416992,0.24227190017700195,-0.002198629081249237,0.06427976489067078,-0.043396878987550735,0.5806710720062256,0.6698893308639526,0.2170557677745819,0.1915608048439026,0.77972412109375,0.10563850402832031,0.010552924126386642,1.132126808166504,0.8649786114692688,0.41002508997917175,-0.2100001573562622,1.6581909656524658,-0.2201048582792282,0.9168815016746521,0.3229590952396393,1.2063955068588257,-0.19308766722679138,-0.14349615573883057,0.4504842758178711,-0.11818165332078934,0.13946321606636047,0.3076780438423157,-0.1487676501274109,0.06652777642011642,0.13430236279964447,0.29159945249557495,0.05016809701919556,0.5226836204528809,-0.18138661980628967,-0.13011670112609863,0.0459894984960556,-0.040395587682724,-0.1315186470746994,1.716030478477478,-0.25100797414779663,0.1945401132106781,-0.15147967636585236,-0.15200626850128174,-0.25022685527801514,-0.2612035274505615,-0.011240802705287933,0.3039834499359131,-0.1841091811656952,-0.24210003018379211,-0.25838297605514526,0.49063214659690857,-0.27230262756347656,-0.17238406836986542,-0.09891447424888611,0.32558590173721313,0.030972734093666077,0.187223881483078,0.22535023093223572,-0.14235378801822662,0.31294524669647217,-0.24212494492530823,-0.06914214789867401,1.8032034635543823,-0.08730641007423401,0.0806824341416359,0.7735148668289185,-0.2316160351037979,0.2321878969669342,0.0022696033120155334,0.12949995696544647,-0.24029715359210968,-0.19728349149227142,1.848790168762207,0.21092602610588074,0.5266162157058716,0.12957291305065155,0.03048705868422985,0.06819550693035126,0.0146027822047472,-0.10347442328929901,0.13838744163513184,0.18379110097885132,-0.03533069044351578,0.6618273258209229,-0.2198277711868286,0.34691089391708374,-0.09377460181713104,0.40213334560394287,-0.1915694773197174,-0.14433786273002625
146,324,520,344,540,0.3044830560684204,-0.25548094511032104,0.08021846413612366,1.0337194204330444,-0.05912591144442558,-0.03604225441813469,2.0818145275115967,-0.2554292678833008,0.43674248456954956,-0.27840498089790344,0.41422587633132935,-0.18997822701931,-0.07454702258110046,0.7161999344825745,1.1607431173324585,-0.27085694670677185,-0.08802051097154617,-0.2314336895942688,-0.26607275009155273,-0.27111297845840454,-0.2570933699607849,0.283927321434021,0.3122531473636627,-0.22220659255981445,-0.27584025263786316,-0.2748578190803528,-0.1776769608259201,-0.16588757932186127,2.314689874649048,-0.2730969190597534,-0.20137308537960052,-0.061207812279462814,-0.24662834405899048,-0.09143161028623581,-0.21380166709423065,-0.2113577127456665,-0.19285738468170166,-0.17177292704582214,-0.06036781519651413,0.2993122935295105,-0.257248193025589,-0.13259699940681458,-0.08187218755483627,-0.25272056460380554,-0.228842094540596,0.2532469630241394,-0.2714339792728424,2.275712251663208,1.119593620300293,0.9326926469802856,-0.2752990424633026,-0.20131057500839233,0.6738049387931824,-0.18960104882717133,2.437661647796631,-0.1403292417526245,-0.17169532179832458,-0.23530738055706024,0.05337813124060631,-0.2771902084350586,2.3212602138519287,0.0324760340154171,-0.23455658555030823,3.098113536834717,0.8684872984886169,-0.2326173037290573,-0.1787918657064438,0.2387029081583023,0.8123202323913574,-0.09369564801454544,-0.07071725279092789,-0.2769612669944763,0.09535297751426697,-0.2736814022064209,-0.20543350279331207,-0.27796095609664917,1.867875576019287,-0.2578161060810089,0.7532991170883179,-0.033416058868169785,0.19575895369052887,-0.26138928532600403,-0.24276281893253326,-0.27843284606933594,2.2299115657806396,-0.23329104483127594,-0.27306032180786133,-0.02425309456884861,0.32193711400032043,-0.2580597400665283,-0.1544400155544281,-0.07774034887552261,1.3528422117233276,-0.2775392234325409,-0.1739402860403061,-0.217203289270401,-0.23359085619449615,-0.11453311890363693,-0.16766974329948425,0.0036070330534130335,-0.21240463852882385,-0.18431144952774048,-0.27305522561073303,1.6520122289657593,-0.2256634384393692,2.446380138397217,-0.2643160820007324,0.4123042821884155,-0.2677929997444153,-0.2757289707660675,0.35431164503097534,-0.27187326550483704,2.1849277019500732,2.156346082687378,-0.12468186020851135,-0.025110287591814995,1.9196679592132568,-0.1836264431476593,-0.24491019546985626,1.2912790775299072,0.11069326102733612,0.466020792722702,-0.15544408559799194,0.09309618920087814,-0.22476986050605774,0.3212307393550873,-0.015547302551567554,-0.2697966694831848
147,384,531,403,550,-0.09014496207237244,-0.12148001044988632,1.141890287399292,1.4417221546173096,-0.0671798437833786,-0.26328909397125244,-0.07026993483304977,-0.21836012601852417,-0.14961819350719452,-0.11505858600139618,1.5910298824310303,-0.0020888589788228273,-0.06700337678194046,5.150679588317871,1.916944146156311,-0.1858980357646942,-0.009858783334493637,0.4822833836078644,0.1061209961771965,-0.14502659440040588,-0.26878270506858826,3.274251937866211,-0.2696757912635803,-0.23198799788951874,1.5524911880493164,-0.20806193351745605,0.14671675860881805,-0.24174727499485016,0.08680133521556854,-0.07236868888139725,-0.0701955184340477,-0.1430736929178238,-0.17824582755565643,0.5849130153656006,-0.27670174837112427,-0.2778002619743347,0.5330012440681458,-0.03745366260409355,-0.03826473653316498,-0.2113286703824997,-0.24447773396968842,0.514469563961029,1.7876198291778564,0.9884646534919739,-0.022101113572716713,0.3220447301864624,-0.06559836864471436,3.4297361373901367,0.005694607738405466,-0.26648929715156555,-0.27316346764564514,2.380060911178589,-0.2618016004562378,-0.14007127285003662,-0.22597892582416534,-0.27844518423080444,-0.23459851741790771,0.3153753876686096,1.5758824348449707,-0.27709075808525085,-0.2459406852722168,-0.19208365678787231,-0.27725082635879517,0.08560032397508621,0.34739959239959717,-0.2706865966320038,-0.10507456958293915,-0.21856281161308289,-0.23481038212776184,-0.20455873012542725,0.286171019077301,0.36253806948661804,-0.185878187417984,-0.18984411656856537,0.07812059670686722,0.40070104598999023,-0.1544162482023239,-0.18189553916454315,2.291259288787842,-0.018918082118034363,-0.2760709822177887,-0.2784639298915863,-0.27602019906044006,1.5049023628234863,-0.13296037912368774,-0.004167002160102129,-0.035190727561712265,-0.09777414798736572,-0.24937191605567932,-0.1524532437324524,-0.20596453547477722,-0.27062538266181946,-0.025672730058431625,0.7762386798858643,-0.11428987979888916,1.191316843032837,0.10829297453165054,-0.023550264537334442,0.008073733188211918,-0.2740699350833893,1.7333167791366577,-0.010417705401778221,1.3576545715332031,-0.26741090416908264,-0.04754010960459709,-0.13568581640720367,-0.09747360646724701,-0.22169893980026245,-0.26617294549942017,-0.19041936099529266,-0.020017674192786217,0.1294853836297989,-0.11218788474798203,0.40137869119644165,-0.2764122486114502,-0.24689550697803497,-0.2630528509616852,0.3941684365272522,0.23267494142055511,-0.08040186762809753,0.24004434049129486,0.40726640820503235,-0.239017054438591,-0.04989629611372948,-0.22755154967308044,-0.18043753504753113,-0.2320820540189743,0.07441508769989014
148,534,415,549,434,0.08978115022182465,-0.2078721523284912,-0.2606181800365448,1.1807260513305664,-0.12938717007637024,-0.22282491624355316,0.2714736759662628,-0.2147713303565979,-0.2264368236064911,-0.1960499882698059,0.13863295316696167,-0.1879025399684906,0.10166102647781372,-0.12749376893043518,0.0365142896771431,-0.17104502022266388,-0.11763053387403488,-0.19912923872470856,-0.24157115817070007,-0.18600744009017944,-0.05086171254515648,0.3854237198829651,0.18364126980304718,1.6116358041763306,0.7694120407104492,-0.13943317532539368,-0.0763438269495964,-0.20944800972938538,-0.07126252353191376,0.17799000442028046,-0.24268147349357605,-0.2004694640636444,-0.18318387866020203,1.259036660194397,-0.1953636109828949,-0.2124384343624115,0.18632879853248596,-0.05486476048827171,-0.2563234567642212,-0.1440703421831131,0.01843007653951645,0.08065389096736908,0.5249388217926025,0.7442390322685242,-0.044520556926727295,0.5415623784065247,-0.21465608477592468,1.62970769405365,1.9396289587020874,0.4380176365375519,1.5002843141555786,-0.15147630870342255,1.5954680442810059,-0.22213734686374664,1.2260160446166992,-0.15533779561519623,0.8228091597557068,0.9036461710929871,2.190007448196411,-0.19650188088417053,1.1080266237258911,0.5489814281463623,-0.10783831775188446,0.39449918270111084,0.022246498614549637,-0.07919660210609436,-0.20259204506874084,0.28997570276260376,-0.019801974296569824,0.35876816511154175,0.7544552683830261,-0.18895526230335236,-0.018436137586832047,0.08318156003952026,-0.19782404601573944,-0.1517929881811142,-0.18972253799438477,-0.1386881172657013,-0.27568894624710083,-0.1836140751838684,0.8128238916397095,-0.2684999108314514,-0.2552012801170349,0.012668896466493607,0.08621207624673843,0.015718478709459305,-0.17221283912658691,-0.18569351732730865,0.3402789533138275,-0.20342287421226501,-0.22775813937187195,0.5356147289276123,-0.11924922466278076,0.19455701112747192,0.2240031212568283,-0.08002673834562302,-0.21219009160995483,-0.13191375136375427,-0.23455628752708435,-0.074637271463871,-0.08359231054782867,0.3193421959877014,0.1932821124792099,1.7036621570587158,-0.17290335893630981,2.1208295822143555,-0.0781903937458992,-0.15267886221408844,-0.19518724083900452,-0.05875527113676071,0.019348831847310066,0.07818016409873962,3.365780830383301,-0.19819006323814392,0.17849646508693695,0.14384248852729797,0.3052985668182373,0.10922376811504364,-0.15159571170806885,-0.03228883445262909,-0.08098852634429932,0.06690730899572372,-0.2781459093093872,0.9350254535675049,-0.059509098529815674,-0.07570967823266983,-0.19818225502967834,-0.19563411176204681
149,522,619,544,640,-0.0855620875954628,-0.2716030478477478,0.23114734888076782,1.2175580263137817,-0.2622448801994324,0.46567007899284363,0.25109434127807617,-0.24548795819282532,-0.14057937264442444,0.2058710753917694,-0.2096462845802307,-0.24928413331508636,-0.22256460785865784,0.33531713485717773,0.867159903049469,-0.2713368535041809,-0.13621866703033447,1.7379403114318848,0.34759727120399475,-0.01417260617017746,-0.2508718967437744,-0.17859506607055664,0.37722378969192505,1.1661906242370605,0.6266369819641113,2.239880084991455,-0.04364704340696335,-0.21817588806152344,0.6617507338523865,1.1328022480010986,0.4890425503253937,-0.06301754713058472,-0.11022640019655228,-0.03406659513711929,-0.253781795501709,-0.26010358333587646,0.29630351066589355,1.4164879322052002,0.21710017323493958,-0.18759697675704956,0.6921595335006714,0.4681646227836609,0.603459358215332,0.331683486700058,-0.14616277813911438,1.20499849319458,-0.06376651674509048,2.7397031784057617,0.3943462669849396,0.1375012844800949,0.35640519857406616,1.018924593925476,0.09961347281932831,0.11723560094833374,0.473175585269928,-0.19739095866680145,1.7755255699157715,0.4966476261615753,1.3677974939346313,-0.14589032530784607,1.056181788444519,-0.22823213040828705,0.7560954093933105,1.5002409219741821,0.02852330356836319,-0.09825246781110764,-0.16113999485969543,-0.09725145995616913,0.5735310912132263,-0.22074437141418457,0.21221239864826202,0.14778751134872437,-0.05125247687101364,0.5044025182723999,-0.20641055703163147,0.31823182106018066,0.8843355774879456,-0.11217641085386276,0.08945272862911224,-0.17835989594459534,0.5085768699645996,-0.2602033019065857,-0.2303479015827179,-0.18084394931793213,1.0407962799072266,-0.09274424612522125,-0.1862511932849884,-0.12033330649137497,0.3507504165172577,-0.14738644659519196,-0.1383162885904312,-0.2342434972524643,1.1529790163040161,0.4527932107448578,-0.13320855796337128,0.09200061857700348,0.19809845089912415,-0.10342402011156082,-0.09545978903770447,-0.1754027158021927,1.0987156629562378,0.22678551077842712,-0.14645475149154663,0.37892061471939087,1.9753928184509277,0.8197325468063354,-0.21431832015514374,0.4344375729560852,0.07964783161878586,-0.1958271861076355,0.9738129377365112,0.5890447497367859,0.37667766213417053,2.217754364013672,-0.192308247089386,0.2678535282611847,0.10413633286952972,0.3661782741546631,-0.0022797994315624237,0.12770618498325348,0.14687767624855042,0.7132962346076965,-0.15836116671562195,0.7727073431015015,0.14711645245552063,-0.13176894187927246,-0.12681350111961365,0.021698977798223495
150,552,629,575,655,0.6573072671890259,-0.24489662051200867,0.20669642090797424,1.0080417394638062,-0.12016506493091583,-0.2278049886226654,1.285689115524292,-0.25791579484939575,-0.27809399366378784,-0.26459065079689026,1.3013086318969727,-0.23496590554714203,-0.25515222549438477,1.3602849245071411,0.14456814527511597,-0.21699044108390808,-0.09439551085233688,0.6097591519355774,-0.2763647139072418,-0.2784478962421417,-0.11248453706502914,0.27854546904563904,0.4579400420188904,-0.23501688241958618,-0.09435119479894638,-0.18358102440834045,0.36399704217910767,-0.23410086333751678,1.384762167930603,-0.20630694925785065,-0.1898510605096817,-0.14080452919006348,-0.2352869063615799,2.6940197944641113,-0.06246078014373779,-0.23436446487903595,-0.14835841953754425,-0.19572703540325165,-0.2781674861907959,-0.21678577363491058,0.026809217408299446,-0.1353437453508377,0.27647167444229126,1.1051552295684814,-0.10572230070829391,0.07453780621290207,-0.07098549604415894,2.269589424133301,1.2284395694732666,0.8197109699249268,-0.19213248789310455,-0.26061898469924927,0.9683336615562439,-0.2570968270301819,-0.17310911417007446,-0.24656139314174652,-0.13906244933605194,0.2582111656665802,0.7700173258781433,-0.24253028631210327,0.26517346501350403,1.5846980810165405,0.12555177509784698,1.6651917695999146,1.801943063735962,-0.260096937417984,-0.2519594430923462,-0.003851499641314149,0.2249736785888672,-0.19004741311073303,1.4652037620544434,-0.1332106590270996,-0.27717819809913635,0.6836403608322144,-0.20660197734832764,-0.2350817173719406,0.2880558669567108,-0.27530157566070557,0.25817281007766724,-0.10040317475795746,-0.2758537530899048,-0.22219225764274597,-0.2743188440799713,-0.27761775255203247,-0.1526477038860321,-0.1025555357336998,-0.277533620595932,-0.23332253098487854,0.3409193754196167,-0.2776843011379242,-0.26062068343162537,-0.036117084324359894,0.06551557779312134,-0.2778410017490387,-0.27005666494369507,-0.15267395973205566,-0.26632794737815857,-0.2013118714094162,-0.1320396214723587,-0.10386450588703156,0.10621035844087601,-0.2525157928466797,0.4112461805343628,0.7816833257675171,-0.12942159175872803,0.5516125559806824,0.11841839551925659,0.025153618305921555,-0.2174115777015686,-0.23908454179763794,-0.11412206292152405,-0.2197542041540146,0.6404817700386047,-0.07407589256763458,0.11433345079421997,-0.22216539084911346,1.1165037155151367,-0.09610018134117126,-0.03272579237818718,0.05103077366948128,-0.09437733143568039,0.8484862446784973,-0.2592019736766815,0.3832133710384369,-0.006692518945783377,0.1797460913658142,-0.1345703899860382,-0.25459906458854675
151,510,643,533,669,0.1383236050605774,-0.2691512405872345,-0.00789063423871994,1.1836565732955933,-0.204300194978714,-0.2711617946624756,-0.09239941090345383,-0.2407371699810028,-0.18708766996860504,-0.22253602743148804,0.45941174030303955,-0.2646196484565735,-0.11151661723852158,1.6274843215942383,0.8559156656265259,-0.20159634947776794,-0.2779272794723511,-0.14678096771240234,-0.24593639373779297,0.6007106304168701,-0.10957585275173187,1.0200546979904175,0.15729330480098724,-0.17032650113105774,0.978498101234436,-0.14556656777858734,-0.004706829786300659,-0.25089842081069946,0.13188743591308594,0.025878578424453735,-0.19886116683483124,-0.21304649114608765,-0.21222719550132751,0.46668028831481934,-0.21435022354125977,-0.2758827805519104,0.024287819862365723,0.05576121807098389,-0.2058345079421997,0.010320041328668594,-0.20639580488204956,-0.01853669434785843,0.4032706022262573,0.9939314126968384,-0.1251089721918106,-0.1364211142063141,-0.22058288753032684,0.3023267984390259,-0.03248824551701546,-0.030507132411003113,0.9057362675666809,0.6533105969429016,0.2578088343143463,-0.2639315724372864,0.3801737427711487,-0.2296440154314041,0.023014530539512634,0.6233478784561157,1.5166126489639282,-0.23175744712352753,-0.1650232970714569,0.30311423540115356,-0.1107420101761818,1.1957231760025024,0.1722964197397232,0.21237292885780334,-0.2691345810890198,1.0612150430679321,-0.095781609416008,0.03496423363685608,0.6272782683372498,-0.24644267559051514,-0.050616227090358734,-0.009653866291046143,0.27098625898361206,0.1349533200263977,-0.06584716588258743,-0.27342483401298523,-0.1804877519607544,-0.0896453857421875,-0.08328777551651001,-0.24375873804092407,-0.22160309553146362,0.26313477754592896,-0.008186310529708862,-0.0220854040235281,-0.002950422465801239,-0.13218721747398376,0.10320590436458588,-0.2133089154958725,-0.06078147888183594,0.02402704581618309,0.1987588107585907,0.0016363561153411865,-0.25808894634246826,0.3095744550228119,-0.1677558422088623,-0.021668657660484314,-0.12509514391422272,-0.0036727339029312134,0.7530454993247986,-0.0876573771238327,0.05299091711640358,0.23470571637153625,-0.21925511956214905,0.2850520610809326,-0.06143337860703468,-0.2398463487625122,-0.021040700376033783,0.10750032961368561,-0.1596366912126541,-0.10994720458984375,-0.1457354575395584,-0.10618086159229279,0.06856128573417664,-0.1311129629611969,0.13937313854694366,-0.02558128535747528,0.003208264708518982,0.027262117713689804,-0.07984218001365662,0.2920045852661133,-0.26763051748275757,0.22545449435710907,-0.10371150076389313,0.0036398842930793762,-0.24513745307922363,-0.12416139245033264
152,146,423,173,452,-0.24988779425621033,-0.2222508192062378,-0.24307222664356232,1.3439017534255981,-0.12931808829307556,-0.2566322386264801,-0.032624535262584686,-0.24919113516807556,-0.24664705991744995,-0.19025851786136627,-0.14473377168178558,0.10882048308849335,-0.20754913985729218,-0.269456684589386,1.5486851930618286,-0.2701931595802307,-0.11721133440732956,0.9761585593223572,-0.24862563610076904,-0.20288728177547455,-0.17505507171154022,1.6406514644622803,-0.25432446599006653,3.839993476867676,0.15007853507995605,0.2307223379611969,-0.18264463543891907,-0.2544635832309723,-0.21645310521125793,-0.20494571328163147,-0.1669948399066925,0.02374248206615448,-0.22298911213874817,1.2635993957519531,-0.2641523778438568,-0.22328174114227295,0.46470415592193604,-0.09247230738401413,-0.21006633341312408,-0.19642361998558044,0.45019763708114624,0.4125294089317322,0.6595929265022278,0.5826801061630249,-0.0006935223937034607,0.3343504071235657,-0.20634126663208008,2.440490484237671,1.0091800689697266,-0.2681584358215332,1.6855307817459106,1.00980544090271,0.664281964302063,-0.13941973447799683,0.5414004921913147,-0.16162686049938202,2.074334144592285,1.1314877271652222,2.1301777362823486,-0.13686354458332062,0.10051099210977554,-0.05680683255195618,0.034001052379608154,-0.07660368084907532,-0.26863545179367065,-0.23452697694301605,-0.2411450445652008,-0.27128422260284424,0.06651314347982407,-0.22441326081752777,1.4545927047729492,-0.011272314935922623,-0.22137778997421265,-0.19437865912914276,-0.2682851552963257,0.025686919689178467,-0.12716178596019745,-0.170404851436615,-0.1677897423505783,-0.19886623322963715,0.22827798128128052,-0.270013689994812,-0.26812076568603516,-0.1878323256969452,0.6987876296043396,-0.08199863880872726,-0.20214614272117615,-0.13347886502742767,-0.2559102177619934,-0.27122145891189575,-0.20528331398963928,0.358756959438324,-0.17979665100574493,0.5781295299530029,0.4604717493057251,0.7841113805770874,-0.17312386631965637,-0.19676506519317627,-0.2598702907562256,-0.2620280683040619,1.1563266515731812,-0.08813450485467911,0.04580215364694595,0.5691434741020203,-0.13670714199543,0.9514390230178833,-0.13671870529651642,-0.2499525249004364,-0.18304075300693512,-0.23496860265731812,0.4205820560455322,0.9769777059555054,1.8044188022613525,0.2123270034790039,-0.20926877856254578,0.43532896041870117,-0.16249583661556244,0.6320750713348389,0.7491430044174194,-0.26858824491500854,-0.025279851630330086,0.2418925166130066,-0.2660670876502991,1.3425827026367188,0.2630264461040497,-0.20852334797382355,-0.09641237556934357,0.027206696569919586
153,314,232,342,263,0.8711644411087036,-0.23564353585243225,0.05385689437389374,1.130741834640503,-0.1964855194091797,-0.05851030349731445,0.5391775965690613,-0.24943332374095917,0.024040579795837402,-0.22092249989509583,-0.042481184005737305,-0.23097434639930725,-0.18553867936134338,0.20570474863052368,1.267604112625122,-0.2186402678489685,-0.2339170277118683,0.6258741021156311,0.4392493665218353,-0.12301427125930786,0.22685132920742035,0.3098202347755432,-0.1871618926525116,1.3147344589233398,0.3939034938812256,1.3193533420562744,0.1480308175086975,-0.12823373079299927,0.407113641500473,0.15025250613689423,-0.15845613181591034,0.0688290148973465,0.06237670034170151,1.0668466091156006,-0.19116292893886566,0.18473130464553833,0.11832518875598907,-0.1585455685853958,0.32400768995285034,0.031904615461826324,0.4597858190536499,0.023319954052567482,0.8024559020996094,1.0142323970794678,1.1280049085617065,0.11343933641910553,-0.1364087164402008,1.2739946842193604,0.2181953489780426,-0.03799620270729065,1.4766316413879395,1.2840009927749634,0.23747685551643372,-0.22225263714790344,1.5180039405822754,-0.2318437695503235,1.3738093376159668,0.5330824851989746,1.6495296955108643,-0.24794071912765503,0.19447407126426697,0.13664796948432922,0.1264367550611496,0.07984703779220581,0.06199168413877487,-0.13794898986816406,0.08738216757774353,-0.12062428891658783,0.19918817281723022,-0.15061238408088684,0.8240348100662231,0.003650624305009842,-0.2522282302379608,-0.14385488629341125,-0.12406130880117416,0.06171460449695587,1.1646665334701538,-0.2369665801525116,-0.111073337495327,-0.12645623087882996,-0.038002513349056244,-0.24745294451713562,-0.25394606590270996,-0.053536973893642426,0.688056230545044,-0.13725362718105316,-0.2344493269920349,0.13645583391189575,0.005408383905887604,-0.20307427644729614,-0.2317713052034378,0.21353480219841003,-0.07448117434978485,-0.03644630312919617,0.6996250152587891,0.37389564514160156,-0.18003617227077484,0.4099511504173279,-0.26994073390960693,-0.12730348110198975,2.08530855178833,-0.24553215503692627,0.10591757297515869,0.6652910709381104,-0.14774329960346222,0.11539948731660843,-0.1203661635518074,0.24614018201828003,-0.18310046195983887,-0.25773072242736816,1.453080415725708,0.2529272735118866,0.6235970258712769,0.18030057847499847,-0.056570883840322495,0.16698431968688965,-0.15205687284469604,0.022283218801021576,0.06760480999946594,-0.01819036528468132,-0.003594290465116501,0.41847914457321167,-0.15713591873645782,0.8264761567115784,0.05819249153137207,0.9742134809494019,-0.19237510859966278,-0.12508729100227356
154,558,432,577,453,-0.2699238061904907,-0.2709132134914398,0.08479434996843338,1.3276931047439575,-0.18804475665092468,-0.22897838056087494,0.2589247226715088,-0.26956045627593994,-0.1380477249622345,-0.18526627123355865,0.06355519592761993,-0.17319117486476898,-0.22945085167884827,0.3314421474933624,2.0219674110412598,-0.269795298576355,-0.21890519559383392,2.1041347980499268,-0.2729482650756836,0.008300859481096268,-0.27145665884017944,1.5103702545166016,-0.23576709628105164,0.6488037109375,3.7584896087646484,0.25940585136413574,0.40896838903427124,0.08628793060779572,-0.14794301986694336,-0.25353536009788513,-0.229826882481575,0.0026034116744995117,-0.14022065699100494,0.4698043465614319,-0.2653484046459198,-0.24833613634109497,0.4051957130432129,-0.08359761536121368,-0.20230966806411743,-0.07796697318553925,0.3014236092567444,0.2926054000854492,1.318028211593628,1.8951852321624756,-0.19816601276397705,0.39183667302131653,-0.2547175884246826,1.4892152547836304,-0.26929882168769836,0.015612103044986725,0.9836454391479492,1.4968249797821045,-0.21148186922073364,-0.08752351999282837,0.14140865206718445,-0.2486475110054016,0.9521498084068298,0.09320580959320068,2.2656140327453613,-0.2705126404762268,-0.16220128536224365,-0.2753792107105255,-0.1740419566631317,-0.010224536061286926,-0.22964969277381897,-0.14107055962085724,-0.23857039213180542,-0.005889683961868286,-0.0800878033041954,-0.24469026923179626,0.7409459352493286,0.09525245428085327,-0.2556972801685333,-0.21612176299095154,0.23639355599880219,0.5226786136627197,-0.09748312830924988,-0.18230122327804565,-0.14385466277599335,-0.12568305432796478,-0.06832946091890335,-0.2665073275566101,-0.27094870805740356,-0.17195069789886475,-0.2734473645687103,-0.04762858524918556,-0.15183094143867493,-0.2352573126554489,0.4202292561531067,-0.2531004846096039,-0.2693938612937927,-0.2513110041618347,-0.10932131111621857,0.4227888584136963,-0.20140013098716736,0.7016409635543823,0.11319713294506073,-0.06598832458257675,-0.2514774799346924,-0.24657537043094635,3.238290309906006,-0.20946016907691956,1.0968530178070068,0.05093938484787941,-0.10584498196840286,-0.2641708254814148,0.17794352769851685,-0.08872981369495392,-0.18206307291984558,-0.2620485723018646,-0.24802082777023315,0.4472033977508545,0.16387096047401428,1.2295151948928833,-0.2381921112537384,0.06044750288128853,-0.26462092995643616,-0.1425180584192276,0.2994014024734497,-0.12257648259401321,0.20676371455192566,0.44675877690315247,-0.26805293560028076,1.01732337474823,-0.04310358315706253,-0.2659801244735718,-0.15553507208824158,0.1253729611635208
155,326,205,363,246,0.2842491865158081,-0.22581155598163605,0.19767910242080688,1.182698369026184,-0.18840567767620087,-0.20664818584918976,0.5687479972839355,-0.2591438889503479,-0.15166044235229492,-0.24202506244182587,0.1653299480676651,0.5354276299476624,-0.16691537201404572,0.37361618876457214,0.9497807025909424,-0.1546679586172104,-0.26503950357437134,0.3402637243270874,0.5920528769493103,-0.005484422203153372,-0.03597147390246391,0.11580120772123337,-0.06821268796920776,1.1361918449401855,0.6629855036735535,1.0003801584243774,0.02196528948843479,-0.20273534953594208,0.09396543353796005,0.3787277042865753,-0.13441242277622223,0.12569378316402435,0.008966994471848011,0.9543516635894775,-0.21553559601306915,0.035864654928445816,0.02262456901371479,-0.015865622088313103,-0.02055438421666622,-0.06974072009325027,0.47839832305908203,0.08982426673173904,0.47703003883361816,0.7058504223823547,0.14273399114608765,0.32353660464286804,-0.14224717020988464,1.5854558944702148,0.299498587846756,0.11935844272375107,0.7797586917877197,0.8399450182914734,0.4127880036830902,-0.20567315816879272,0.09501927345991135,-0.12358594685792923,1.1023081541061401,0.9833280444145203,1.174951195716858,-0.21298415958881378,0.45098772644996643,0.4142732620239258,0.2570969760417938,1.184962272644043,0.09888634085655212,0.016682704910635948,-0.027515223249793053,0.24455489218235016,0.3005879819393158,-0.02760465443134308,1.0073271989822388,0.06672624498605728,-0.21744175255298615,0.3491138517856598,-0.14351730048656464,0.14934976398944855,0.11417586356401443,-0.2345295399427414,-0.22153933346271515,-0.199627086520195,-0.11079507321119308,-0.2599989175796509,-0.2599322497844696,0.12963412702083588,0.4885645806789398,-0.1305214762687683,-0.21581782400608063,-0.17190341651439667,0.3656294345855713,-0.248111292719841,-0.18366742134094238,0.13606612384319305,-0.17444472014904022,0.023320524021983147,-0.10428620129823685,0.22914175689220428,-0.1679990142583847,-0.03487401455640793,-0.22702349722385406,-0.15682347118854523,1.4113613367080688,0.03712819889187813,0.30485570430755615,0.26485416293144226,-0.07212493568658829,0.3897280693054199,0.0021581475157290697,-0.005901416298002005,0.1468539983034134,-0.17349381744861603,0.7029783725738525,0.255651593208313,0.3577427566051483,-0.05027385428547859,0.10365662723779678,0.1381770223379135,0.17637138068675995,0.4721592962741852,0.24841785430908203,-0.0015370523324236274,-0.06080815568566322,0.6102756857872009,-0.21455015242099762,1.0495604276657104,0.10450983047485352,0.3489034175872803,-0.11984366178512573,-0.07581541687250137
156,197,597,229,626,0.8416881561279297,-0.2248341590166092,0.1211579293012619,1.216721773147583,-0.15601299703121185,0.09942258894443512,0.37599682807922363,-0.23337402939796448,-0.0953192487359047,-0.27112308144569397,0.31298723816871643,1.4390053749084473,-0.19986319541931152,0.986535370349884,0.5832301378250122,-0.18071995675563812,0.014120370149612427,0.10734111070632935,0.5916984677314758,0.2943744957447052,-0.14929679036140442,0.13379701972007751,-0.10437022149562836,0.21156342327594757,0.15921571850776672,1.4596922397613525,-0.13336555659770966,-0.2425522804260254,0.3651353120803833,1.0891993045806885,-0.19696161150932312,-0.23242945969104767,-0.038678236305713654,0.22812388837337494,-0.18599268794059753,0.4285735487937927,0.031323645263910294,0.3336361348628998,0.4846091866493225,-0.11534934490919113,0.42032694816589355,0.13059379160404205,-0.16631819307804108,0.6689889430999756,0.3433683216571808,0.14275327324867249,-0.25116443634033203,0.7978519797325134,0.7109830379486084,0.1477489322423935,0.4045719504356384,0.6587187051773071,0.23904836177825928,-0.21937362849712372,0.6096028685569763,0.24970771372318268,0.6324986815452576,1.2746098041534424,0.7055556178092957,-0.23024757206439972,0.6135356426239014,0.32871899008750916,-0.0011236676946282387,0.9738214015960693,0.6152700781822205,0.5517467260360718,0.3821578621864319,0.6379181146621704,0.09755291044712067,0.06958609819412231,0.7322273254394531,-0.17956006526947021,-0.12187325954437256,0.796988308429718,-0.1740117371082306,0.3500024676322937,0.561056911945343,-0.18597136437892914,-0.148062065243721,-0.17475128173828125,0.0004943013191223145,-0.21265263855457306,-0.25828227400779724,0.7304883003234863,0.7586703896522522,-0.1299174726009369,-0.13361600041389465,-0.21342863142490387,0.2659332752227783,-0.20822688937187195,-0.03518713265657425,0.12203605473041534,0.045915111899375916,0.12722906470298767,-0.039108455181121826,0.167292982339859,-0.2039923071861267,0.00561901181936264,-0.18492718040943146,-0.10999921709299088,0.7047001123428345,-0.08377909660339355,-0.06763164699077606,0.22531180083751678,0.925391674041748,0.8189254999160767,-0.15255971252918243,0.1968763768672943,-0.03122793883085251,-0.07859710603952408,1.3067309856414795,0.12147395312786102,0.49519380927085876,-0.02273353934288025,0.07949313521385193,0.19449383020401,0.49510279297828674,0.5929893255233765,0.145453542470932,0.20546329021453857,-0.1052141785621643,0.5128546953201294,-0.20350414514541626,0.7122548818588257,0.28314143419265747,0.8271498680114746,-0.13076648116111755,-0.14752477407455444
157,330,571,346,588,0.30470192432403564,-0.2778652310371399,-0.27372658252716064,0.9722176194190979,-0.0692981705069542,-0.22392374277114868,0.053791847079992294,-0.2522324323654175,-0.2744307518005371,-0.27338430285453796,0.03735760971903801,-0.20724906027317047,-0.2366282045841217,-0.23273807764053345,-0.15543968975543976,-0.1281176507472992,-0.19529905915260315,-0.06587225198745728,-0.2784458100795746,-0.24119532108306885,-0.11952520161867142,-0.1443670094013214,-0.16804170608520508,0.6385684013366699,-0.2607400417327881,-0.2765762507915497,-0.26641497015953064,-0.237726092338562,-0.20139102637767792,-0.10242699831724167,-0.22707247734069824,-0.14934027194976807,-0.24688459932804108,1.1674309968948364,-0.1727941930294037,-0.26803871989250183,-0.22059397399425507,-0.2742048501968384,-0.2677105963230133,-0.06154358386993408,-0.21395058929920197,-0.20856262743473053,-0.25408437848091125,-0.26058176159858704,-0.23268847167491913,-0.11200713366270065,-0.2727852463722229,0.3397877812385559,2.420039176940918,2.9828073978424072,0.044047676026821136,-0.26998305320739746,0.12915611267089844,-0.13152574002742767,-0.14018680155277252,-0.14571961760520935,-0.2744187116622925,0.7549375295639038,-0.25857365131378174,-0.2718939483165741,2.479809522628784,0.9734324812889099,-0.02405763603746891,-0.2031126171350479,-0.13926631212234497,-0.21281015872955322,-0.05500797554850578,-0.24795624613761902,2.002995252609253,1.327038288116455,0.5443680286407471,-0.2675398588180542,-0.10427115857601166,0.5278335809707642,-0.27641743421554565,-0.26137498021125793,1.113542914390564,-0.2131981998682022,-0.233265221118927,-0.04798499867320061,-0.272983580827713,-0.27351614832878113,-0.20303648710250854,-0.04964221268892288,1.646161437034607,-0.2715965211391449,-0.2235942780971527,-0.0413660854101181,0.0012721468228846788,-0.22706176340579987,-0.22413776814937592,1.3797194957733154,0.7517677545547485,-0.25019463896751404,-0.27238017320632935,-0.1966538429260254,-0.27835845947265625,-0.26291075348854065,-0.2784610986709595,0.15964391827583313,-0.2665305733680725,-0.2591703236103058,-0.1602160632610321,1.7223505973815918,-0.17981159687042236,0.5793641805648804,-0.14085955917835236,-0.22103656828403473,-0.25908294320106506,-0.25704124569892883,1.759553074836731,-0.27649492025375366,0.20119304955005646,-0.17283447086811066,0.3082965314388275,0.005220714956521988,1.7969926595687866,0.2158823013305664,-0.2655380070209503,0.9586496949195862,-0.07210826873779297,0.3395788371562958,-0.27179285883903503,1.8014278411865234,0.04374817758798599,0.8693854212760925,0.26834556460380554,-0.2741532623767853
158,771,693,803,732,0.9213760495185852,-0.19477201998233795,0.0676005631685257,1.0797157287597656,-0.21633943915367126,0.056458979845047,0.6925535202026367,-0.24837622046470642,-0.12678515911102295,-0.22421598434448242,0.21639612317085266,0.3876582086086273,-0.186122328042984,0.16909122467041016,0.3331471085548401,-0.2105269581079483,0.2546897530555725,0.39618924260139465,0.05561787635087967,0.024533353745937347,-0.09221749007701874,0.2601871192455292,0.16154953837394714,0.5280995965003967,-0.07306700199842453,1.3276758193969727,-0.1788923442363739,-0.10904243588447571,0.3816080093383789,0.8760673403739929,-0.0655977874994278,-0.18380206823349,0.03502023592591286,0.28899073600769043,-0.11204066127538681,-0.05766844004392624,-0.1318206787109375,0.15143053233623505,-0.18850725889205933,0.46437183022499084,0.07421872764825821,-0.12556789815425873,-0.1377837359905243,0.5443834662437439,0.20410843193531036,-0.11230272799730301,-0.23556527495384216,0.7482659816741943,0.5675605535507202,0.18413549661636353,0.8593335151672363,1.0636543035507202,0.3420262932777405,-0.21877723932266235,0.953576385974884,-0.023657970130443573,0.39499780535697937,0.24030496180057526,0.8215593099594116,-0.23173946142196655,0.4656151235103607,0.39305925369262695,-0.19203689694404602,-0.05518648028373718,0.4178139567375183,-0.08444288372993469,0.7288972735404968,0.03136851266026497,0.25142383575439453,0.3596009910106659,0.6309547424316406,-0.11826485395431519,-0.11231756210327148,0.3010713458061218,-0.2525445222854614,-0.11692573130130768,0.6414160132408142,-0.21184790134429932,-0.017735935747623444,-0.24748386442661285,0.26287487149238586,-0.2319754660129547,-0.2728985548019409,0.26151329278945923,0.3637768030166626,-0.08141615986824036,-0.10699496418237686,-0.20380911231040955,0.08529801666736603,-0.21997874975204468,-0.15285372734069824,0.097024105489254,0.29659774899482727,-0.23070180416107178,0.47152310609817505,-0.007194988429546356,-0.25461626052856445,0.3448992669582367,-0.2589031457901001,0.11971163004636765,0.303389310836792,0.05119539052248001,0.09110759943723679,0.8480660915374756,0.7947700023651123,0.4152340292930603,0.09984181821346283,0.47635340690612793,-0.21560287475585938,-0.15219765901565552,1.1504484415054321,-0.02846759557723999,0.7208190560340881,0.1751261055469513,0.1608734428882599,0.008191157132387161,0.4427013397216797,0.06268789619207382,0.004524990916252136,0.1601540744304657,-0.13654690980911255,0.33649107813835144,-0.03278064727783203,0.7572641372680664,-0.019103340804576874,0.5626238584518433,0.05026610195636749,-0.18530374765396118
159,171,615,199,647,0.8528668880462646,-0.27140843868255615,0.06306355446577072,1.1249524354934692,-0.18336209654808044,-0.27081337571144104,0.07136690616607666,-0.23257991671562195,-0.2534210681915283,-0.2438654750585556,0.401825875043869,-0.25457924604415894,-0.2038964331150055,0.5251376032829285,0.6315619349479675,-0.1949842870235443,-0.2523900866508484,-0.08547277003526688,-0.19833901524543762,-0.05146203562617302,0.10840099304914474,0.3544923663139343,0.13254408538341522,0.3810800611972809,0.04301905259490013,0.35872918367385864,-0.20294643938541412,-0.24371828138828278,0.3398168087005615,0.06681981682777405,-0.20991960167884827,0.11304450035095215,-0.05686959624290466,0.5997127890586853,-0.17825564742088318,0.1867952197790146,0.034983664751052856,-0.04666273668408394,0.10346724092960358,0.19196277856826782,-0.07510024309158325,-0.03697870671749115,0.1696014404296875,1.3378318548202515,0.677392303943634,-0.16466043889522552,-0.025339633226394653,0.5914301872253418,0.007691638544201851,0.013980481773614883,1.1611692905426025,0.39159971475601196,0.4549935460090637,-0.2617088854312897,1.4234263896942139,-0.23645439743995667,0.6117035150527954,0.6040222644805908,1.2199809551239014,-0.2166288197040558,-0.07029013335704803,0.5183560252189636,-0.15554404258728027,0.5498502254486084,0.3042871952056885,0.1390416920185089,-0.18077822029590607,0.6588339805603027,-0.14707988500595093,0.07423485815525055,0.6005846858024597,-0.16352999210357666,-0.13850639760494232,0.004546664655208588,-0.0783863365650177,0.07226817309856415,0.586025059223175,-0.24025589227676392,0.003938890993595123,-0.09678307175636292,-0.08296599984169006,-0.2669927477836609,-0.25191670656204224,-0.055026378482580185,-0.028317846357822418,-0.151882603764534,-0.12459626793861389,-0.23183976113796234,0.32208251953125,-0.2482181191444397,-0.11288546770811081,-0.07392803579568863,-0.0002539195120334625,0.005546078085899353,0.19215264916419983,0.17842499911785126,-0.21940484642982483,0.11565529555082321,-0.22092154622077942,-0.027035048231482506,1.0508228540420532,-0.1090337485074997,0.08151954412460327,0.6679089069366455,-0.2689794898033142,0.2549484968185425,-0.12063077092170715,-0.2606058120727539,-0.09043952077627182,-0.12219385802745819,1.0179117918014526,0.19972625374794006,0.3520859479904175,-0.10801738500595093,0.10978963971138,7.487833499908447e-05,0.3673732280731201,-0.22607937455177307,-0.09634197503328323,0.07517953217029572,-0.10990607738494873,0.37844526767730713,-0.2476281225681305,0.14405672252178192,-0.0012894123792648315,0.2945752441883087,-0.1619659811258316,-0.16639450192451477
160,132,455,156,481,-0.05786561220884323,-0.2532963752746582,-0.17346534132957458,1.1899341344833374,-0.2272910475730896,-0.25512170791625977,0.2787439525127411,-0.22737102210521698,-0.25655436515808105,-0.2521915137767792,-0.055944498628377914,1.084638237953186,-0.23036198318004608,0.3991454243659973,1.2419195175170898,-0.13080765306949615,-0.23246800899505615,0.6304932832717896,-0.13751745223999023,0.11862386018037796,-0.13135021924972534,1.1314504146575928,-0.10725962370634079,0.8358870148658752,0.515251100063324,-0.11951859295368195,-0.06867800652980804,-0.18169645965099335,0.2351185381412506,-0.2357093095779419,-0.2229348123073578,-0.23737773299217224,-0.22640180587768555,0.6703575849533081,-0.17503607273101807,-0.16012042760849,-0.01404155045747757,-0.17963604629039764,-0.2713612914085388,-0.006407871842384338,0.16115984320640564,0.07603675127029419,0.47448045015335083,0.45014670491218567,-0.19086295366287231,0.005397096276283264,-0.19128791987895966,0.9351972341537476,0.5847800970077515,-0.14373914897441864,1.5258796215057373,0.820328950881958,0.009043604135513306,-0.1998339146375656,0.9819082021713257,-0.2544485330581665,1.6332193613052368,0.8996096849441528,0.7832721471786499,-0.24611321091651917,0.4274738132953644,0.5590040683746338,-0.1995270848274231,0.2940307855606079,-0.0395154133439064,-0.21831944584846497,-0.15898366272449493,0.09784001857042313,0.14756685495376587,0.004498682916164398,0.5314330458641052,-0.1900707483291626,-0.1731089949607849,0.3611961007118225,-0.05395129323005676,-0.17155694961547852,-0.1542447954416275,-0.26570215821266174,0.11953000724315643,-0.2575560212135315,-0.12620317935943604,-0.2167404294013977,-0.2723856568336487,-0.012473110109567642,0.5998814105987549,-0.16687247157096863,-0.2373635172843933,-0.2638941705226898,0.2553454339504242,-0.19489243626594543,-0.1224796324968338,0.048714905977249146,-0.13509972393512726,-0.09584089368581772,0.3862670660018921,0.26590996980667114,-0.2511177957057953,0.20775815844535828,-0.2422616183757782,-0.13955086469650269,0.9532499313354492,-0.24766069650650024,0.16850131750106812,0.5466223359107971,-0.1896195411682129,0.4177062213420868,0.17935775220394135,0.4366057515144348,-0.24014627933502197,-0.14035795629024506,0.5473527312278748,0.19763250648975372,1.0135105848312378,0.1439056098461151,-0.054591283202171326,0.21455086767673492,0.020052766427397728,0.190606027841568,0.6113665103912354,0.042162634432315826,-0.09904352575540543,0.41474053263664246,-0.19224268198013306,1.1141350269317627,0.08692887425422668,-0.22195535898208618,-0.2130940556526184,-0.18836559355258942
161,511,541,533,562,0.024021700024604797,-0.24177463352680206,0.7523040771484375,1.1613471508026123,-0.01212162896990776,0.034967243671417236,0.18020758032798767,-0.24125033617019653,-0.11447200179100037,-0.23688286542892456,0.9702818989753723,-0.23266386985778809,0.04503421485424042,0.6601004600524902,0.6339867115020752,-0.22753572463989258,0.5083065032958984,-0.17518633604049683,-0.22353535890579224,-0.05572551116347313,-0.08041435480117798,0.7456082701683044,0.3379341959953308,0.5202275514602661,1.2929103374481201,0.8108358383178711,-0.028698861598968506,-0.2164243459701538,0.8171098232269287,0.7001082897186279,-0.13329799473285675,-0.1156819611787796,0.03409570828080177,0.3559894561767578,-0.2409372180700302,-0.2033793032169342,0.05532810091972351,0.19823873043060303,-0.18517321348190308,-0.08067063242197037,-0.1539299637079239,0.013660423457622528,0.019068852066993713,1.2284737825393677,-0.07870765030384064,-0.12856575846672058,-0.16872720420360565,1.2639167308807373,0.04126705974340439,0.32842451333999634,0.8051337599754333,0.8126848936080933,0.2539229393005371,-0.11252319067716599,0.057718753814697266,-0.1478649377822876,-0.047019556164741516,0.4704785943031311,1.2856911420822144,-0.2590905427932739,-0.08504587411880493,0.2189982682466507,0.018848642706871033,0.03541120886802673,-0.06943822652101517,0.2779567241668701,0.5921424031257629,0.3356174826622009,0.22146029770374298,0.3154212236404419,0.6426693797111511,-0.13452556729316711,-0.24266937375068665,-0.12152257561683655,-0.024812962859869003,0.14318683743476868,-0.16709591448307037,-0.21148565411567688,0.33842432498931885,-0.12845918536186218,0.13554106652736664,-0.2675206959247589,-0.25216883420944214,0.2761005759239197,-0.08281411230564117,-0.1588698923587799,-0.23317201435565948,-0.1524752676486969,-0.013866789638996124,-0.19365301728248596,-0.06379754841327667,0.06354214251041412,-0.1926925629377365,0.03940877318382263,-0.22865012288093567,0.20307010412216187,-0.057883985340595245,-0.06358014047145844,-0.21485072374343872,-0.02105124667286873,0.7999496459960938,-0.118586465716362,0.857030987739563,0.11289539188146591,0.5498283505439758,-0.21000130474567413,-0.0069551244378089905,-0.22285372018814087,0.49608856439590454,-0.21686437726020813,-0.2035999596118927,0.03134790062904358,-0.16416312754154205,0.18558791279792786,0.007936686277389526,-0.1353003978729248,-0.11910614371299744,-0.07923276722431183,-0.11844717711210251,-0.14113785326480865,-0.01807548850774765,0.35521817207336426,-0.24220150709152222,0.5852937698364258,-0.07119973003864288,-0.025582045316696167,0.2757580578327179,-0.05227809399366379
162,582,475,602,497,0.38951361179351807,-0.26779550313949585,-0.2495633065700531,1.0621209144592285,-0.10346440970897675,-0.2312389463186264,1.504399061203003,-0.2732890844345093,-0.24589769542217255,-0.25575846433639526,0.13206472992897034,-0.2618476450443268,-0.18918868899345398,0.015840839594602585,0.5914930701255798,-0.16136886179447174,-0.19796893000602722,2.818777084350586,-0.27083152532577515,0.28307533264160156,-0.17020222544670105,0.1312166303396225,0.036129578948020935,1.7058104276657104,-0.06084223836660385,0.5597714185714722,-0.06221568584442139,-0.10500724613666534,0.23630015552043915,0.234447181224823,-0.20166578888893127,-0.12653952836990356,-0.13325266540050507,0.06908552348613739,-0.16935180127620697,-0.25957775115966797,-0.0028484463691711426,0.06103881448507309,-0.25705063343048096,1.3211292028427124,0.2895103693008423,-0.0716923326253891,0.003966346383094788,0.5569776892662048,0.697144627571106,0.03352022171020508,-0.24984538555145264,0.05097776651382446,0.2004331797361374,0.5469180345535278,1.8605742454528809,0.0723782405257225,-0.139964297413826,-0.25199925899505615,0.9516491889953613,-0.15674549341201782,0.6647457480430603,-0.1724959760904312,0.9777100086212158,-0.27668464183807373,-0.07785217463970184,1.0031108856201172,-0.1993604302406311,0.37599167227745056,0.7080104947090149,-0.2389637976884842,-0.18682141602039337,-0.09130989760160446,0.4200659990310669,0.6029263734817505,0.1992817521095276,-0.27461516857147217,-0.03671136498451233,-0.036611251533031464,-0.25007495284080505,0.2997075915336609,0.04636237025260925,-0.24754278361797333,-0.26233023405075073,-0.13988614082336426,0.11414112150669098,-0.2530044913291931,-0.2568150758743286,-0.07657606899738312,1.021514654159546,-0.1549999713897705,-0.25688427686691284,-0.16399967670440674,1.333341360092163,-0.2695620357990265,-0.23080852627754211,-0.04843717813491821,-0.059006378054618835,-0.04800549894571304,0.4301435947418213,-0.12373857200145721,-0.036667339503765106,0.01203993707895279,-0.2498910129070282,0.08962190896272659,1.6900873184204102,0.06559483706951141,-0.21082693338394165,0.9386183619499207,-0.1660206913948059,-0.24707308411598206,0.09757396578788757,0.09906604886054993,-0.22861573100090027,-0.151166170835495,0.7527270317077637,-0.04174211621284485,-0.08420281112194061,0.957156240940094,0.19437500834465027,-0.02871514856815338,1.0053892135620117,-0.2066829800605774,-0.05305413156747818,-0.10723767429590225,0.16085375845432281,0.08846531063318253,-0.2642480134963989,0.936200737953186,0.14728009700775146,0.4841214716434479,-0.08914591372013092,-0.05054119974374771
163,790,699,840,753,0.8692073822021484,-0.189070925116539,0.14055320620536804,1.1087769269943237,-0.15934957563877106,-0.04928303882479668,0.5055068731307983,-0.22990964353084564,-0.1683928221464157,-0.21462227404117584,0.012048107571899891,0.8871603608131409,-0.13112828135490417,0.0874810740351677,0.8134960532188416,-0.15818314254283905,0.08281763643026352,1.0870587825775146,0.8785784244537354,0.01579689420759678,0.1493232250213623,0.09134310483932495,0.5599789023399353,0.6703639626502991,0.10014394670724869,1.0203291177749634,-0.13257130980491638,-0.07091739028692245,0.8446988463401794,0.8845170140266418,-0.13282014429569244,0.013479277491569519,0.03171170502901077,0.43837758898735046,-0.1646956354379654,0.18757526576519012,-0.10836809873580933,0.3634088337421417,-0.17533864080905914,0.32075169682502747,0.4325716495513916,-0.01938885822892189,-0.04270021989941597,0.47221288084983826,0.12523962557315826,0.12305796891450882,-0.17505939304828644,0.8800843358039856,0.31049680709838867,0.34717854857444763,0.7406163811683655,1.0175228118896484,0.5366417765617371,-0.21023499965667725,0.4955204427242279,0.15692566335201263,0.986992597579956,0.2932543456554413,0.6086878180503845,-0.2341286987066269,0.30722513794898987,0.20379741489887238,-0.08807706832885742,0.19533006846904755,0.08530840277671814,-0.0565837137401104,0.38658908009529114,0.1829729825258255,0.49846160411834717,0.24042655527591705,0.554133951663971,0.06328950077295303,0.02042119763791561,0.3194721043109894,-0.21695862710475922,0.03135376796126366,0.40609481930732727,-0.07304256409406662,-0.0928536131978035,0.14257319271564484,0.04642200469970703,-0.21578986942768097,-0.2719506323337555,0.33349907398223877,0.5622463226318359,-0.15252119302749634,-0.21432709693908691,-0.10709240287542343,0.30674439668655396,-0.23344087600708008,0.04652206227183342,0.01140024233609438,0.3676356375217438,-0.19813795387744904,0.3618311583995819,-0.08184953033924103,-0.22715707123279572,0.3970205783843994,-0.2492593675851822,-0.009161378256976604,0.633552610874176,0.16146636009216309,0.02770909108221531,0.6379058957099915,0.9415550827980042,0.3555305302143097,0.19792556762695312,0.6973319053649902,-0.09697837382555008,-0.16006693243980408,1.0379821062088013,0.11953938752412796,0.2061741203069687,0.3494507372379303,0.352247029542923,0.22193872928619385,0.7212178111076355,0.23578684031963348,0.2014625519514084,0.058410268276929855,-0.10458379983901978,0.3861025869846344,-0.054452743381261826,0.7790929675102234,0.022280534729361534,0.8055687546730042,0.15552735328674316,-0.11440011113882065
164,337,539,357,557,0.03975847363471985,-0.2098156064748764,-0.27634793519973755,1.1613081693649292,-0.1262451410293579,-0.18535664677619934,-0.24601252377033234,-0.2543528079986572,-0.25493672490119934,0.5805221796035767,-0.27829861640930176,0.2951105833053589,-0.13743290305137634,-0.26562345027923584,-0.11657946556806564,-0.2746073603630066,-0.12184636294841766,3.423278331756592,-0.1617465615272522,-0.2727572023868561,-0.19026006758213043,-0.2468670904636383,1.7695436477661133,2.964491605758667,0.186272531747818,0.9749675989151001,-0.265689492225647,-0.23799173533916473,-0.128652885556221,2.7147765159606934,0.0005250924732536077,-0.2316214144229889,-0.25889846682548523,0.033610228449106216,-0.26881682872772217,-0.27746111154556274,0.2574637532234192,3.9932572841644287,-0.2668340504169464,-0.27216076850891113,2.27235746383667,0.34276607632637024,-0.20827779173851013,-0.2665618658065796,-0.11037161946296692,2.699129104614258,-0.27460798621177673,2.902937650680542,0.040381066501140594,1.4361623525619507,-0.2687600553035736,-0.015478712506592274,1.6470363140106201,-0.1521705985069275,-0.2784060537815094,-0.179082989692688,1.3593215942382812,-0.27202221751213074,-0.04909167066216469,-0.10338563472032547,-0.1727619618177414,-0.1907896250486374,0.36654698848724365,-0.1507291942834854,-0.2780090272426605,-0.2747257649898529,-0.015637043863534927,-0.2182343304157257,3.125885486602783,-0.1752781867980957,0.5571238398551941,0.6692730188369751,-0.07088471949100494,0.7224235534667969,-0.2626279294490814,0.3596404790878296,-0.24796417355537415,-0.15295320749282837,-0.20835886895656586,-0.07871808111667633,0.7915353178977966,-0.27217116951942444,-0.2571251094341278,-0.2513405382633209,1.239090919494629,-0.03768210858106613,-0.07913510501384735,-0.07365702092647552,3.281545639038086,-0.27482807636260986,-0.2762147784233093,-0.01336127519607544,0.768703818321228,0.33113253116607666,-0.25874051451683044,-0.2556556463241577,-0.029048720374703407,-0.27232974767684937,-0.2778475880622864,-0.19694095849990845,-0.12144725769758224,1.137624740600586,0.31637006998062134,0.6081218719482422,6.079958438873291,0.1401708871126175,-0.2273324728012085,-0.24594193696975708,-0.2586117088794708,-0.2021191120147705,2.498588800430298,1.141996145248413,-0.22594565153121948,2.339627265930176,0.02752218209207058,0.6851658225059509,0.050703827291727066,2.589779853820801,0.4754559397697449,-0.003890946041792631,0.0270436629652977,1.1687040328979492,-0.20108367502689362,0.8252162337303162,0.4091355800628662,-0.17819875478744507,-0.23354390263557434,0.09906324744224548
165,546,413,565,433,-0.00963221862912178,-0.17425628006458282,-0.2493799924850464,1.1808269023895264,-0.102373868227005,-0.2656395435333252,0.4586831033229828,-0.2577973008155823,-0.2011801302433014,-0.18759794533252716,0.38657715916633606,-0.10254282504320145,0.3304086923599243,-0.129728764295578,0.17995885014533997,-0.15666376054286957,-0.1501682996749878,-0.2565126419067383,-0.15125063061714172,-0.1831376552581787,-0.013361990451812744,1.4587355852127075,0.22156094014644623,2.445559024810791,0.3689993917942047,-0.06611824035644531,0.08314508199691772,-0.19333861768245697,-0.07393261790275574,0.23432520031929016,-0.1814037263393402,-0.25261634588241577,-0.2071862518787384,1.714902639389038,-0.24266362190246582,-0.17560520768165588,0.39571601152420044,0.22525565326213837,-0.2253897786140442,-0.17100270092487335,0.1461300402879715,0.20243600010871887,0.07399527728557587,0.5903470516204834,-0.2015211284160614,0.8206419944763184,-0.13113003969192505,1.9857051372528076,0.8674118518829346,0.32454681396484375,1.2667421102523804,-0.09564248472452164,1.9346959590911865,-0.2347065955400467,0.9661144018173218,-0.11643622815608978,0.5615935325622559,0.6256462335586548,1.8458364009857178,-0.2380099594593048,-0.006962738931179047,0.38274067640304565,0.1567993015050888,-0.22806353867053986,0.29020363092422485,-0.0356442853808403,-0.16072502732276917,0.8021243810653687,0.07269652187824249,0.34207606315612793,1.701399564743042,-0.1394643783569336,-0.11657129228115082,-0.036260269582271576,-0.18748259544372559,-0.1951582282781601,-0.20733952522277832,-0.15630976855754852,-0.27776747941970825,-0.1464473158121109,0.5487884283065796,-0.2731032371520996,-0.27366355061531067,0.15603233873844147,0.2787642776966095,-0.10882949084043503,-0.18579396605491638,-0.20288865268230438,0.1496916264295578,-0.26056626439094543,-0.1863502562046051,1.179640769958496,-0.2510373890399933,0.3096497058868408,-0.10327142477035522,-0.02454517036676407,-0.21126899123191833,0.06640923023223877,-0.2458658218383789,-0.07096189260482788,-0.09053494036197662,0.04245492070913315,0.3618150055408478,1.5497076511383057,-0.12738050520420074,1.1921932697296143,-0.05379219353199005,-0.2756149172782898,-0.23353178799152374,-0.20927467942237854,0.3544957637786865,0.34546151757240295,2.753244638442993,-0.19097629189491272,0.12631559371948242,-0.04815647751092911,-0.05461213365197182,-0.1778961718082428,-0.06008855998516083,-0.16133734583854675,0.011065110564231873,0.20735278725624084,-0.2484213411808014,0.9626519680023193,0.001759486272931099,-0.23600125312805176,-0.189178928732872,-0.009773582220077515
166,223,801,250,824,0.27057674527168274,-0.26379621028900146,0.43152526021003723,1.2070426940917969,-0.12394982576370239,-0.2679411768913269,0.0956965982913971,-0.2300591617822647,-0.2613714933395386,-0.18663817644119263,1.0325229167938232,1.2442644834518433,0.0019084587693214417,1.1433300971984863,1.0462453365325928,-0.16978156566619873,-0.16354569792747498,-0.18123704195022583,0.284151554107666,-0.2621966600418091,-0.10546357184648514,1.0707262754440308,0.16558001935482025,-0.08849555999040604,1.2264482975006104,-0.08682723343372345,-0.11390594393014908,-0.15708498656749725,0.2514166533946991,0.05267466604709625,-0.17231835424900055,-0.23277388513088226,-0.19387134909629822,0.30600231885910034,-0.23937378823757172,-0.25850948691368103,0.021082818508148193,0.052257783710956573,-0.13977043330669403,-0.029496490955352783,-0.10866661369800568,0.08590376377105713,0.9407851696014404,0.9775007963180542,-0.1291319727897644,-0.16226977109909058,-0.1940135657787323,1.9949179887771606,0.06028107553720474,0.06455864012241364,0.07320504635572433,1.0501776933670044,0.12477608025074005,-0.20675793290138245,-0.13447150588035583,-0.21818557381629944,0.1256769299507141,1.398339033126831,0.9226254224777222,-0.21026825904846191,-0.14880290627479553,0.269500195980072,-0.06554923951625824,0.9253718256950378,-0.12606585025787354,-0.14123328030109406,-0.22835732996463776,0.1514388769865036,0.1718897819519043,0.2356904298067093,0.7952905297279358,0.13429515063762665,-0.18703150749206543,0.044020876288414,0.02638877183198929,0.1884695589542389,0.0461953841149807,-0.1942501962184906,0.24954670667648315,-0.11745496094226837,-0.1790638566017151,-0.27584150433540344,-0.2615230977535248,1.4306641817092896,-0.1260453313589096,-0.1448024958372116,-0.09704508632421494,-0.22369219362735748,-0.018421664834022522,-0.24097132682800293,-0.26742327213287354,-0.04879883676767349,0.1342783123254776,0.2204471379518509,-0.20636823773384094,0.5516869425773621,-0.20367148518562317,0.03728611022233963,-0.23116067051887512,-0.07805904746055603,1.2664744853973389,-0.023518972098827362,0.768446683883667,0.09949962794780731,-0.1781456470489502,-0.05775076523423195,-0.04727901145815849,-0.22887761890888214,0.8647768497467041,-0.22451096773147583,0.03480488061904907,0.20291733741760254,-0.1558741331100464,-0.13033746182918549,-0.0013848841190338135,-0.06230076402425766,0.015333272516727448,0.4201035499572754,0.2388000190258026,-0.06530903279781342,-0.10113781690597534,0.6556512713432312,-0.2643049955368042,0.37527114152908325,-0.07211602479219437,-0.13312405347824097,-0.17038032412528992,-0.11871473491191864
167,178,707,217,748,0.5506281852722168,-0.2114950716495514,0.3347338140010834,1.0701936483383179,-0.21011927723884583,-0.08438204973936081,0.2795524597167969,-0.25695011019706726,0.11810581386089325,-0.2449485957622528,0.31240522861480713,0.5077416896820068,-0.2124868631362915,0.4977521300315857,0.3398261070251465,-0.19013087451457977,-0.19438116252422333,0.35864412784576416,0.5964375138282776,0.3487969934940338,-0.12026098370552063,0.31747615337371826,0.3818987011909485,0.545403003692627,0.30516114830970764,0.7366254925727844,-0.20611412823200226,-0.25726762413978577,0.002981312572956085,0.2009783536195755,-0.2558877468109131,-0.22809608280658722,-0.007376834750175476,1.2002639770507812,-0.18904657661914825,0.011636637151241302,-0.16710738837718964,0.554523766040802,-0.23242837190628052,0.27213579416275024,0.16781578958034515,-0.11776912212371826,0.3777582049369812,1.036708116531372,-0.018573567271232605,0.27402040362358093,-0.19449383020401,1.422438144683838,0.6974965333938599,0.4028815031051636,0.7547368407249451,0.30006417632102966,1.2918494939804077,-0.24216730892658234,0.8494501709938049,-0.11533601582050323,0.8912489414215088,0.7611855268478394,1.2769850492477417,-0.2478664666414261,0.6467644572257996,0.26929789781570435,-0.16253897547721863,0.793182373046875,0.21363770961761475,-0.021071702241897583,0.3729706108570099,0.25474661588668823,-0.013713471591472626,0.042567722499370575,1.0462229251861572,-0.0556841641664505,-0.17544355988502502,0.44934478402137756,-0.18116360902786255,0.031945809721946716,0.18961447477340698,-0.26347923278808594,-0.15653109550476074,-0.157778799533844,0.10816259682178497,-0.22240212559700012,-0.2651069760322571,0.5867706537246704,0.19743852317333221,-0.18525594472885132,-0.18586662411689758,-0.12361809611320496,0.718070924282074,-0.22228291630744934,-0.03588417172431946,0.20781388878822327,-0.10879389941692352,-0.23140263557434082,0.4759727120399475,-0.08234391361474991,-0.2737993001937866,-0.17737892270088196,-0.22136063873767853,0.002865355461835861,0.18755283951759338,-0.26808497309684753,0.4130161702632904,0.8187219500541687,0.4553728699684143,1.294234037399292,-0.17745622992515564,0.6365775465965271,-0.11742463707923889,-0.2532537281513214,1.0862758159637451,-0.07129274308681488,1.2915842533111572,-0.08798851072788239,0.16654665768146515,0.06738191843032837,0.6849538683891296,0.152703195810318,0.10229748487472534,0.08817309141159058,-0.17319324612617493,0.49476829171180725,-0.10538681596517563,0.8956652879714966,-0.08652288466691971,0.7922056317329407,-0.17669172585010529,-0.21107260882854462
168,611,929,637,953,-0.20164240896701813,-0.20914196968078613,-0.15684007108211517,1.3133213520050049,-0.20275025069713593,-0.2678101658821106,-0.27538052201271057,-0.2549149990081787,-0.22236600518226624,-0.11095934361219406,0.7051900029182434,-0.25280794501304626,-0.1380329579114914,2.093808174133301,0.19535240530967712,-0.2768726646900177,-0.12096968293190002,-0.04405450075864792,-0.2783929407596588,-0.24761028587818146,-0.20362159609794617,1.8736995458602905,-0.24368254840373993,-0.1746547967195511,1.7367817163467407,-0.049231257289648056,-0.1228170320391655,-0.18653914332389832,-0.27423444390296936,-0.08801792562007904,-0.051114968955516815,-0.26967766880989075,-0.2780988812446594,2.734372138977051,-0.2678390145301819,-0.23979327082633972,0.28194358944892883,-0.020569181069731712,-0.152740478515625,-0.15057078003883362,-0.07803750783205032,0.3978129029273987,1.3658826351165771,0.18371997773647308,-0.0867166593670845,0.5410369634628296,-0.11115207523107529,3.055680274963379,2.3204503059387207,-0.228032186627388,0.650269091129303,-0.24284599721431732,0.22393999993801117,-0.043663591146469116,0.04388166591525078,-0.08675260096788406,0.688079833984375,1.4066616296768188,2.304043769836426,-0.19308602809906006,-0.27833646535873413,0.17647208273410797,0.0809374526143074,2.9263768196105957,-0.20525877177715302,-0.19047582149505615,-0.25964435935020447,-0.08016069233417511,-0.27846407890319824,-0.24253806471824646,1.2194041013717651,-0.2059468924999237,-0.20618781447410583,-0.2542233169078827,0.13923828303813934,-0.2613116502761841,-0.1858283132314682,-0.11384322494268417,-0.1517612189054489,-0.10849001258611679,-0.14643187820911407,-0.25912952423095703,-0.2300424575805664,-0.23150287568569183,-0.18989619612693787,-0.01569185219705105,-0.2344532012939453,-0.10386718809604645,-0.27478480339050293,-0.27192968130111694,-0.20643623173236847,0.7646766304969788,-0.1803702861070633,0.22977007925510406,-0.2512167990207672,0.3362977206707001,-0.2748880088329315,-0.19424179196357727,-0.15887561440467834,-0.277079701423645,-0.2471287101507187,-0.03664739057421684,0.2834016978740692,0.30288830399513245,-0.014056828804314137,2.113901376724243,-0.2778673470020294,-0.27264928817749023,0.1891012340784073,-0.25766557455062866,-0.24352328479290009,0.06725973635911942,1.135396122932434,-0.25426924228668213,-0.26033660769462585,0.15585488080978394,-0.23820006847381592,0.43102750182151794,0.27441948652267456,0.3090517818927765,-0.09205538779497147,0.7030044198036194,-0.2582085132598877,0.7826985120773315,-0.23843415081501007,-0.26045823097229004,-0.2064538449048996,-0.17365200817584991
169,681,888,702,909,0.01099435891956091,-0.2781488597393036,0.031190255656838417,1.0543529987335205,-0.15795131027698517,-0.2745071351528168,3.1580748558044434,-0.267635315656662,-0.2780923545360565,-0.22838778793811798,0.004088599234819412,-0.2490444779396057,-0.24575504660606384,0.6777099370956421,0.37794747948646545,-0.23608100414276123,-0.26614800095558167,4.579156398773193,-0.21814121305942535,0.31208139657974243,-0.2772720754146576,-0.04993551969528198,0.3266723155975342,0.8659908175468445,0.7452552914619446,0.44090890884399414,-0.2642284333705902,-0.04091730713844299,0.2796286344528198,0.9904181957244873,-0.19191351532936096,-0.147560253739357,-0.0318184457719326,-0.20419931411743164,-0.2272249013185501,-0.19902819395065308,-0.22164136171340942,2.3467726707458496,-0.22381961345672607,0.8838366866111755,-0.018857436254620552,-0.17768633365631104,-0.2780432403087616,0.4852950870990753,-0.2413429617881775,0.5119578838348389,-0.2757807672023773,1.176672101020813,-0.10639654099941254,0.9405127167701721,0.07386217266321182,-0.21661755442619324,0.6651893258094788,-0.25424185395240784,-0.08226127177476883,0.03204995393753052,-0.1390112191438675,-0.2452947497367859,0.854457676410675,-0.2678518295288086,0.7784976363182068,0.03739422559738159,-0.18676166236400604,0.5715113878250122,1.1541212797164917,-0.27775970101356506,-0.09389269351959229,0.02819756232202053,0.5211428999900818,-0.252473920583725,0.19971634447574615,-0.2589949369430542,0.050957079976797104,-0.0646018385887146,-0.25865089893341064,0.2198624461889267,-0.26635411381721497,-0.2567571997642517,-0.2771260440349579,-0.12481159716844559,0.9525691270828247,-0.2775982916355133,-0.27703067660331726,-0.17344579100608826,0.7816352248191833,-0.13539473712444305,-0.19926486909389496,-0.0840710997581482,2.7200605869293213,-0.22070422768592834,-0.27784499526023865,-0.054116684943437576,-0.27553701400756836,-0.26580265164375305,-0.16957217454910278,-0.27813440561294556,-0.21887193620204926,-0.2644653022289276,-0.25063738226890564,0.17277061939239502,0.46844473481178284,0.2011910080909729,-0.14370346069335938,0.7434214353561401,1.3994981050491333,-0.08124988526105881,0.09197297692298889,0.736786961555481,-0.2640070915222168,-0.274161696434021,-0.1482974886894226,-0.26801982522010803,0.27425119280815125,2.2531251907348633,-0.05217310041189194,-0.004977909382432699,0.9103837609291077,0.7223105430603027,-0.2021818608045578,0.709442138671875,0.060516178607940674,0.45475587248802185,-0.05788085609674454,1.909921407699585,-0.09843634814023972,0.31564512848854065,-0.2686331570148468,-0.028397340327501297
170,629,329,652,352,0.2004268616437912,-0.22402912378311157,0.5235833525657654,1.1586902141571045,-0.09090782701969147,0.03216683864593506,1.1572387218475342,-0.2509194314479828,-0.2043057382106781,-0.25717514753341675,0.3906485438346863,-0.2716984152793884,-0.23759442567825317,0.9991615414619446,0.5743459463119507,-0.24064122140407562,0.5785356760025024,2.079023599624634,0.21957388520240784,0.27634668350219727,-0.25404685735702515,0.08446632325649261,0.17650844156742096,0.394750714302063,0.8929721117019653,1.514060139656067,-0.1663222312927246,-0.18267571926116943,0.8013297915458679,1.026063323020935,0.19628876447677612,-0.03916046395897865,0.24975313246250153,-0.07167673856019974,-0.24624332785606384,-0.2629452049732208,-0.023917317390441895,0.621183454990387,-0.23144632577896118,0.08714403212070465,-0.024640820920467377,-0.009002074599266052,-0.055148646235466,1.3842272758483887,-0.24087819457054138,0.2544117867946625,-0.23287951946258545,0.828336238861084,0.19003844261169434,0.19330435991287231,0.24325791001319885,0.6737658381462097,0.41596662998199463,-0.21754464507102966,0.09508585184812546,0.2085849940776825,0.5842142701148987,-0.2502360939979553,1.2883409261703491,-0.23611044883728027,0.04512789845466614,0.3367308974266052,-0.1789761185646057,1.1954346895217896,0.9191096425056458,0.38866862654685974,0.2705320119857788,0.5112451314926147,-0.062425822019577026,0.29718297719955444,0.7558351159095764,-0.2135646641254425,-0.15097709000110626,-0.20775482058525085,-0.20903386175632477,0.37923771142959595,0.034602850675582886,-0.2775198221206665,-0.12787093222141266,-0.14823023974895477,0.6257681846618652,-0.27733755111694336,-0.27224794030189514,-0.21091774106025696,-0.1638222336769104,-0.19914057850837708,-0.23185087740421295,-0.1435038447380066,0.14309236407279968,-0.24091118574142456,-0.06874088943004608,-0.10795584321022034,-0.05855032056570053,0.08542697131633759,-0.0677589699625969,-0.07537870854139328,-0.18291781842708588,-0.16061145067214966,-0.21293722093105316,0.06279929727315903,0.40742412209510803,0.14138764142990112,0.0673222690820694,0.44017094373703003,1.087440013885498,-0.025163263082504272,0.025678401812911034,-0.09670710563659668,0.24458110332489014,-0.2291916012763977,-0.15482944250106812,0.03636413812637329,0.3125002980232239,1.177694320678711,-0.031874142587184906,-0.022880159318447113,0.15418240427970886,-0.1554659605026245,0.01869453489780426,0.107636958360672,-0.016695307567715645,0.2133895307779312,-0.11776570230722427,0.8199408054351807,0.08224225044250488,-0.08700691163539886,0.002497762441635132,0.04485411196947098
171,653,651,689,698,0.45072153210639954,-0.25754547119140625,0.5370841026306152,1.0972565412521362,-0.21318230032920837,-0.043850064277648926,0.45051997900009155,-0.25955459475517273,-0.04036005958914757,-0.1359463632106781,0.06031617894768715,0.4364084005355835,-0.1791355013847351,0.9901065826416016,0.77555912733078,-0.2075679749250412,-0.17086441814899445,1.44405996799469,0.6552602052688599,0.07840091735124588,-0.10089779645204544,0.37014758586883545,0.4172569513320923,0.5401380062103271,0.30619412660598755,1.2148996591567993,-0.14403356611728668,-0.2026185244321823,0.6855272650718689,0.8359841108322144,-0.09590985625982285,-0.22337263822555542,-0.07618142664432526,0.47168466448783875,-0.1944674551486969,-0.07647548615932465,-0.026174597442150116,0.5568169951438904,-0.1685558259487152,0.09628745913505554,0.4219453036785126,0.053773898631334305,0.48172104358673096,0.7262046337127686,0.10014596581459045,0.4102863073348999,-0.2124260812997818,1.7041501998901367,0.563508152961731,0.2552364766597748,0.7345920205116272,1.065409779548645,0.40564703941345215,-0.1497446894645691,0.8500175476074219,-0.1841048151254654,1.387773036956787,0.40514075756073,1.0836443901062012,-0.20959073305130005,0.5379171967506409,-0.028975950554013252,0.12569716572761536,0.5666178464889526,0.358583003282547,-0.09636262059211731,0.20367659628391266,0.18609857559204102,0.3137214183807373,-0.07592058926820755,0.48947060108184814,0.13369764387607574,-0.14671958982944489,0.3126317262649536,-0.16068631410598755,0.08652723580598831,0.7664902210235596,-0.1150277704000473,0.3539150655269623,-0.09130969643592834,0.22893492877483368,-0.23875904083251953,-0.2540067434310913,-0.0632672980427742,0.5635184645652771,-0.15194492042064667,-0.1610463708639145,-0.15009310841560364,0.42273786664009094,-0.20910616219043732,-0.11682767421007156,-0.026998911052942276,0.4082895517349243,-0.10789483040571213,0.6357427835464478,-0.0039147138595581055,-0.18035158514976501,0.2704249620437622,-0.14509660005569458,-0.06342939287424088,0.5953466892242432,-0.12384343147277832,0.23777249455451965,0.6576881408691406,1.2267488241195679,0.3633815050125122,-0.10583602637052536,1.0855096578598022,0.02839755266904831,-0.13375544548034668,1.170228362083435,0.10890575498342514,0.637658417224884,0.9935252070426941,0.08453595638275146,0.07075870782136917,0.2091320902109146,0.2539924085140228,0.18169215321540833,0.11205834895372391,-0.044316694140434265,0.5312975645065308,0.1287851482629776,0.781480610370636,-0.055918727070093155,0.5856777429580688,-0.10034391283988953,-0.16486507654190063
172,569,480,589,504,0.10817409306764603,-0.25607404112815857,-0.15514302253723145,1.3785953521728516,-0.26077958941459656,0.46936577558517456,0.34611064195632935,-0.2691628932952881,-0.2750186026096344,-0.06249098852276802,-0.08515740185976028,-0.2387930154800415,-0.16470909118652344,0.18835678696632385,1.2662889957427979,-0.2783305048942566,-0.08563116937875748,0.4511914849281311,0.0505174845457077,-0.25596532225608826,-0.15746308863162994,-0.2757279574871063,-0.27637001872062683,-0.20762471854686737,-0.2280765324831009,4.26322603225708,-0.2555392384529114,-0.12964926660060883,0.2721107006072998,0.15828469395637512,2.322610855102539,-0.2268923968076706,0.030576175078749657,-0.2763941287994385,-0.22476725280284882,-0.11414732784032822,1.0366222858428955,0.03611781448125839,3.3014543056488037,-0.23289580643177032,0.944942057132721,0.9194822907447815,-0.22667142748832703,-0.18921399116516113,0.2289564460515976,2.543668508529663,0.4438728988170624,1.7005201578140259,-0.27628377079963684,-0.27094322443008423,0.08464838564395905,2.045590877532959,-0.11479641497135162,1.1099293231964111,3.897498846054077,-0.19878792762756348,1.5709288120269775,-0.1924785077571869,-0.16804537177085876,-0.2693181037902832,-0.22427192330360413,-0.26681673526763916,-0.2094665765762329,-0.2043992429971695,-0.2476118952035904,-0.1924101561307907,-0.22143498063087463,-0.2774844169616699,0.310305118560791,-0.2511409521102905,-0.2284209281206131,0.05626494809985161,-0.25976505875587463,-0.16716864705085754,-0.2781265079975128,0.07083174586296082,5.797706127166748,-0.26387909054756165,0.8733798265457153,-0.17102865874767303,-0.27780279517173767,-0.26091864705085754,-0.2027829885482788,-0.21446454524993896,4.274834632873535,-0.05218147486448288,-0.17860443890094757,-0.10403893142938614,0.22143878042697906,-0.23184452950954437,-0.1949203610420227,-0.14288772642612457,2.9373221397399902,1.0988551378250122,0.19505921006202698,0.3599010407924652,1.1509259939193726,-0.26265183091163635,-0.27756211161613464,-0.2781136631965637,4.551538944244385,-0.2630082666873932,-0.26439324021339417,0.6082391142845154,-0.12549607455730438,-0.2743174433708191,-0.2624199688434601,-0.26563188433647156,-0.1868661791086197,-0.06544489413499832,4.570512294769287,0.2691543698310852,0.5055071711540222,4.289429187774658,-0.2565382421016693,0.17815950512886047,-0.2782250642776489,-0.2556591033935547,-0.04036351293325424,0.5319641828536987,0.7294643521308899,1.7099387645721436,-0.17512357234954834,0.1644892543554306,0.14567482471466064,1.1828900575637817,-0.24885329604148865,0.002839738503098488
173,587,931,611,954,0.9807676672935486,-0.20652583241462708,-0.19680523872375488,1.2643554210662842,-0.18713197112083435,1.1385077238082886,-0.1904708296060562,-0.2037094384431839,1.3344368934631348,-0.19648991525173187,0.3548200726509094,-0.18108291923999786,-0.07291728258132935,1.2139832973480225,0.7040875554084778,-0.26046058535575867,0.264314204454422,0.0658513605594635,0.17024852335453033,-0.1654965877532959,-0.20814752578735352,0.004421502351760864,-0.27484363317489624,0.443778932094574,0.6412221193313599,2.402907609939575,-0.01575920172035694,-0.16150224208831787,-0.27098220586776733,1.6715813875198364,0.03687642514705658,-0.24318856000900269,0.0030976086854934692,1.300621509552002,-0.2603716552257538,0.6470257639884949,0.4986765682697296,-0.2108646035194397,0.9584538340568542,-0.14901959896087646,0.5952588319778442,0.20253804326057434,0.9076629877090454,0.3960506021976471,1.2938588857650757,0.8699381351470947,-0.27734804153442383,2.3511626720428467,-0.07947838306427002,-0.23312430083751678,0.7830619812011719,1.9041386842727661,0.3550756573677063,-0.25667622685432434,1.4087048768997192,-0.25800102949142456,1.056131362915039,0.8408564329147339,3.095266342163086,-0.15148860216140747,-0.11180348694324493,-0.25249725580215454,0.6843849420547485,1.2209497690200806,-0.18129271268844604,1.5399338006973267,1.6845948696136475,-0.2516070008277893,-0.2536199390888214,-0.16886432468891144,0.9138391613960266,0.090320885181427,-0.21284809708595276,0.15447887778282166,0.11855335533618927,0.3197086453437805,1.2046194076538086,-0.15213102102279663,-0.2266029417514801,-0.060677483677864075,0.3367089629173279,-0.18781642615795135,-0.2111707627773285,0.1489696055650711,0.6147716045379639,-0.13411934673786163,-0.15024471282958984,-0.13558365404605865,0.09623952209949493,-0.11689217388629913,-0.18789871037006378,-0.26310789585113525,-0.17576026916503906,0.5874135494232178,0.3728990852832794,0.5564779043197632,-0.17714132368564606,-0.17395246028900146,-0.11944802105426788,-0.22413897514343262,1.6427725553512573,-0.12775781750679016,-0.10544241964817047,-0.06391576677560806,1.1359715461730957,0.4607466161251068,-0.2715364098548889,-0.24303746223449707,-0.050301358103752136,-0.15430128574371338,2.440865993499756,0.43762099742889404,-0.1669377237558365,-0.11688769608736038,-0.20744362473487854,0.10973899811506271,0.323551744222641,0.7933729887008667,-0.041697584092617035,-0.25964513421058655,0.046848077327013016,0.5504193305969238,-0.26076290011405945,0.26347801089286804,-0.25568363070487976,1.3066539764404297,-0.20512264966964722,-0.052338097244501114
174,584,670,603,687,1.2964577674865723,-0.25992271304130554,-0.27028292417526245,1.3522727489471436,-0.22755983471870422,-0.1956154853105545,-0.2363366335630417,-0.26459336280822754,-0.1474815160036087,-0.16361616551876068,-0.22530163824558258,-0.2772749364376068,-0.26780515909194946,-0.27640649676322937,1.8843154907226562,-0.27434808015823364,-0.06929519772529602,-0.26127079129219055,-0.2516947090625763,-0.2729303240776062,0.4769378900527954,0.3726462721824646,-0.21379002928733826,1.0215444564819336,-0.2617054879665375,0.5371788144111633,-0.2536974847316742,-0.27441608905792236,-0.27288585901260376,-0.2582082152366638,-0.2706797420978546,1.030678391456604,-0.23290634155273438,0.553537130355835,-0.10713758319616318,1.4426581859588623,0.7495030760765076,-0.06260806322097778,0.9978530406951904,-0.27397260069847107,-0.02870374172925949,0.4281069338321686,-0.09088215976953506,0.9912266135215759,1.9344466924667358,-0.26856791973114014,0.2910047769546509,0.5864229202270508,-0.2731230854988098,-0.20249231159687042,1.6817818880081177,0.9519907236099243,-0.2514518201351166,-0.2658822536468506,3.8629589080810547,-0.1816531866788864,1.1160062551498413,2.8369531631469727,2.1862144470214844,-0.12524092197418213,-0.27833911776542664,-0.23881372809410095,-0.10632436722517014,-0.06391822546720505,-0.2714598476886749,0.9092673659324646,-0.2078295797109604,-0.2436145693063736,-0.27130094170570374,-0.23202389478683472,0.7003099918365479,-0.14145337045192719,-0.25239264965057373,0.5342163443565369,-0.1060795709490776,0.25562936067581177,1.9614230394363403,-0.22675354778766632,0.026006223633885384,-0.16224928200244904,-0.20386092364788055,-0.2759041488170624,-0.2292446494102478,-0.272813081741333,0.09303387999534607,-0.12954416871070862,-0.2765790820121765,-0.27845171093940735,-0.22636452317237854,-0.22559216618537903,-0.2582915723323822,-0.26526013016700745,-0.26524215936660767,0.8518165349960327,0.01769470050930977,1.6368422508239746,0.18859446048736572,0.3202457129955292,-0.2770427167415619,-0.25685667991638184,4.824181079864502,-0.1810326874256134,-0.27060744166374207,-0.05504434183239937,-0.03832978755235672,-0.2621724009513855,-0.2749725580215454,-0.09701105207204819,-0.27540141344070435,-0.23288403451442719,4.516263008117676,1.3382004499435425,-0.276000440120697,-0.2738763093948364,-0.2130918800830841,-0.06893177330493927,-0.22065018117427826,-0.27831947803497314,-0.2060418277978897,-0.14352330565452576,0.02509082295000553,0.794474184513092,-0.21713407337665558,-0.20342443883419037,0.2343672513961792,0.1041826382279396,-0.09786476939916611,0.04041013866662979
175,663,354,691,372,-0.19013135135173798,-0.242410808801651,1.3538011312484741,1.3188526630401611,-0.15831568837165833,0.2694905400276184,-0.09966544061899185,-0.22363808751106262,-0.16817383468151093,-0.16358217597007751,1.903968095779419,5.8560872077941895,-0.23506802320480347,2.323366165161133,-0.19031411409378052,-0.18730540573596954,-0.12386548519134521,0.03323344141244888,0.018142864108085632,-0.22023719549179077,-0.2671779990196228,0.1067582219839096,-0.25482603907585144,-0.2651270031929016,2.2025136947631836,2.6493141651153564,-0.1860199272632599,-0.14569896459579468,0.18135957419872284,1.6868401765823364,-0.14614702761173248,-0.19614429771900177,-0.22234773635864258,0.08835425972938538,-0.24309390783309937,-0.12120018899440765,0.2614666223526001,-0.14619722962379456,-0.06675051152706146,-0.16457393765449524,-0.07540673017501831,0.3034346401691437,0.4958764910697937,2.243485927581787,-0.1122174859046936,-0.1080058142542839,-0.12898118793964386,1.9494322538375854,1.5732425451278687,0.4838781952857971,-0.1376320868730545,1.9631845951080322,-0.27366894483566284,0.43079695105552673,-0.11308629810810089,-0.15488559007644653,0.1363043487071991,1.8755494356155396,0.9352322220802307,-0.18213318288326263,1.024460792541504,0.28678402304649353,0.25373440980911255,1.7239916324615479,-0.21398061513900757,-0.15676699578762054,-0.1918218731880188,0.0336228609085083,-0.18813203275203705,0.9773122668266296,0.18509541451931,0.021860450506210327,-0.20485183596611023,0.50388503074646,-0.24779626727104187,0.898845911026001,-0.12612108886241913,-0.25892558693885803,0.1946951150894165,-0.05752990394830704,-0.07564516365528107,-0.21263578534126282,-0.2457888126373291,3.188075065612793,-0.14954902231693268,-0.053821079432964325,-0.15235930681228638,-0.06156948581337929,-0.2657269835472107,-0.1725555658340454,-0.254047155380249,0.16524666547775269,-0.12721595168113708,0.6017314195632935,0.04431155323982239,0.43186384439468384,-0.10649747401475906,-0.2239314466714859,-0.15521059930324554,-0.2457863986492157,0.5110838413238525,-0.11078226566314697,2.1114046573638916,0.007382124662399292,1.7571632862091064,0.688521146774292,-0.27378690242767334,-0.18410977721214294,1.1141594648361206,-0.11749306321144104,-0.10996586084365845,0.4823853373527527,0.6484198570251465,-0.10877574235200882,-0.22390732169151306,0.1164061650633812,0.7707813382148743,1.474716305732727,0.3382371664047241,0.3540794253349304,-0.09212391078472137,0.20249593257904053,-0.21999186277389526,1.1824498176574707,0.09737057238817215,-0.20833292603492737,-0.22840040922164917,-0.12286920100450516
176,348,555,363,570,-0.19469375908374786,-0.1630321443080902,-0.05758122727274895,1.5041464567184448,-0.04266329109668732,-0.277519553899765,-0.1320865899324417,-0.27795761823654175,-0.2752359211444855,-0.27833282947540283,-0.1541430801153183,-0.2261401265859604,-0.17768561840057373,-0.1980351060628891,2.745737075805664,-0.2767244875431061,-0.151831716299057,-0.25035300850868225,-0.20339107513427734,-0.06301633268594742,0.01420091837644577,3.445716619491577,-0.2507864534854889,4.681397438049316,-0.2739976644515991,-0.22662170231342316,-0.27127063274383545,-0.1642867773771286,-0.13081243634223938,-0.19386333227157593,-0.15758977830410004,0.3811470866203308,-0.26533928513526917,0.508895754814148,-0.1371704488992691,0.20221015810966492,0.7588942050933838,-0.02034151926636696,-0.11953814327716827,-0.19355089962482452,0.03259387984871864,0.828249454498291,-0.17172874510288239,-0.17702223360538483,-0.08441506326198578,0.31250807642936707,-0.2768549919128418,1.2023770809173584,0.09649298340082169,-0.19102421402931213,0.944989025592804,1.607777714729309,-0.2612861394882202,-0.2642884850502014,1.0848960876464844,-0.15320438146591187,0.4913928806781769,1.672937035560608,0.057921938598155975,-0.175779789686203,0.04496748000383377,-0.15407398343086243,-0.21000269055366516,-0.025914927944540977,-0.2771112620830536,-0.27835652232170105,-0.22241051495075226,-0.24311383068561554,1.0608887672424316,-0.1701844185590744,2.2399816513061523,-0.22905491292476654,-0.27838221192359924,-0.26369374990463257,-0.2768501043319702,0.007679269183427095,-0.27834856510162354,-0.16124586760997772,-0.2053225189447403,-0.24821285903453827,0.08046776056289673,-0.2781306505203247,-0.2626778781414032,-0.04958341270685196,3.279986619949341,-0.11035466939210892,-0.17496038973331451,-0.262065052986145,-0.2773633301258087,-0.20900435745716095,-0.264003187417984,1.1212881803512573,-0.25353938341140747,0.8504112958908081,-0.2782094180583954,1.1612765789031982,0.2622457444667816,-0.24001039564609528,-0.22874705493450165,-0.2578754723072052,1.388061285018921,-0.07615672796964645,-0.22662919759750366,-0.2651523947715759,-0.08388863503932953,-0.03177718073129654,-0.17082862555980682,-0.26571276783943176,-0.19738289713859558,-0.2746933102607727,2.7635602951049805,1.2580238580703735,-0.27607792615890503,-0.2527773678302765,-0.23065683245658875,0.05983065068721771,-0.2034485936164856,0.27838483452796936,0.533991813659668,-0.27835386991500854,0.2637571394443512,0.41837164759635925,-0.24369147419929504,1.0738688707351685,0.9398777484893799,-0.2771168053150177,-0.03898422792553902,0.5379909873008728
177,316,601,338,622,-0.2568674683570862,-0.2559010088443756,-0.06990339607000351,1.2987288236618042,-0.27316123247146606,-0.26316362619400024,0.237970769405365,-0.2346193790435791,-0.08931998163461685,-0.22462035715579987,-0.03257922828197479,-0.26770907640457153,-0.16716504096984863,1.6730324029922485,0.40009617805480957,-0.15570810437202454,-0.2453708052635193,3.162179470062256,-0.2706451416015625,0.4533584415912628,-0.23397229611873627,-0.2472279667854309,-0.05653413385152817,0.14695218205451965,2.749338150024414,1.8948490619659424,0.35953986644744873,0.08896294236183167,0.17170633375644684,1.1608915328979492,-0.16123449802398682,-0.23893329501152039,0.01975255459547043,-0.1588870733976364,-0.2587317228317261,-0.24869126081466675,0.12563475966453552,1.5191819667816162,-0.19037698209285736,0.05005285143852234,0.33307117223739624,0.1489362269639969,0.24967242777347565,1.4691393375396729,-0.23162032663822174,0.661955714225769,-0.24130100011825562,0.4851067364215851,-0.19232529401779175,0.33734455704689026,0.9740163683891296,0.2880760729312897,0.8103070259094238,-0.1121087297797203,0.05401918292045593,-0.0351816862821579,0.5855607390403748,-0.27393341064453125,1.8214812278747559,-0.27838844060897827,-0.27258217334747314,0.026354148983955383,0.3390328586101532,0.8678217530250549,0.9154537916183472,0.3281272053718567,-0.20453518629074097,1.622750163078308,-0.2289847582578659,-0.1462259739637375,0.09859336167573929,-0.09973921626806259,-0.06594129651784897,-0.2745237350463867,-0.010051434859633446,1.0089105367660522,-0.12162263691425323,-0.21349206566810608,-0.2624167799949646,-0.1704181730747223,0.2612399756908417,-0.26108068227767944,-0.23865944147109985,0.026661887764930725,-0.17969423532485962,-0.09998595714569092,-0.13773278892040253,-0.20879483222961426,1.802492618560791,-0.24643349647521973,-0.013006627559661865,-0.14435021579265594,-0.20581434667110443,0.0780646800994873,-0.12914350628852844,-0.08261001110076904,-0.000975368544459343,-0.18237049877643585,-0.017199978232383728,-0.18112386763095856,1.8820725679397583,0.13209760189056396,0.37227287888526917,0.28742098808288574,0.33799076080322266,-0.26116812229156494,0.21961623430252075,-0.27751606702804565,-0.10455693304538727,-0.21968501806259155,-0.2701777517795563,0.1312727928161621,-0.19192089140415192,0.9346662759780884,-0.2106030285358429,0.01444036141037941,0.006510153412818909,0.32598406076431274,0.2215118408203125,-0.0882076695561409,0.12438365817070007,0.2853495478630066,-0.2738495469093323,1.2720872163772583,0.1354086846113205,-0.2631526589393616,-0.2108394354581833,0.0314045175909996
178,341,567,358,583,-0.256946861743927,-0.2673276364803314,-0.12555712461471558,1.445479393005371,-0.10600917041301727,0.01973544992506504,0.01634446531534195,-0.27829399704933167,-0.10564390569925308,1.9878695011138916,-0.08132824301719666,-0.19303981959819794,-0.24166981875896454,-0.2300117015838623,0.013167290948331356,-0.2649734914302826,-0.13543283939361572,0.8189058899879456,-0.20652446150779724,-0.2715981900691986,-0.2517947554588318,-0.26889753341674805,-0.27683913707733154,4.122396945953369,-0.23044249415397644,4.297764301300049,-0.1735965758562088,-0.27503064274787903,-0.2583722472190857,1.737770438194275,1.2935431003570557,-0.2288912832736969,0.5372887849807739,-0.27307069301605225,-0.2643836438655853,-0.22344043850898743,0.6818037629127502,0.9722387194633484,-0.262124240398407,-0.25885680317878723,2.157526731491089,0.7441176772117615,-0.26017868518829346,-0.0633302554488182,-0.1060343012213707,2.2639269828796387,-0.25913310050964355,1.5420759916305542,-0.26465466618537903,-0.23434443771839142,-0.12906111776828766,0.4515758752822876,-0.21427829563617706,0.6390982270240784,-0.27444133162498474,-0.2454492449760437,0.4015507698059082,-0.18561799824237823,-0.24458810687065125,-0.17262843251228333,-0.2777051031589508,-0.20740482211112976,0.802886426448822,-0.14865642786026,-0.27393344044685364,-0.27055901288986206,-0.2612338364124298,-0.24924099445343018,4.320542335510254,-0.27815309166908264,0.4334922134876251,0.4205988049507141,-0.2372163087129593,-0.2692200541496277,-0.16992081701755524,0.7503621578216553,0.7051773071289062,-0.27588126063346863,-0.20786230266094208,-0.09134192764759064,0.025294842198491096,-0.2623312175273895,-0.2721056044101715,-0.18090151250362396,3.2717723846435547,-0.05317256972193718,-0.03152335807681084,-0.15705172717571259,1.3423740863800049,-0.19237084686756134,-0.21898391842842102,-0.2776090204715729,1.0170912742614746,0.5377370715141296,-0.0659240111708641,-0.15610690414905548,0.6238505840301514,-0.242276132106781,-0.2651651203632355,-0.26597627997398376,3.1360528469085693,1.4970439672470093,-0.27794349193573,0.004573652055114508,-0.04791686683893204,-0.2783207595348358,-0.2682610750198364,-0.19581273198127747,-0.21598978340625763,-0.26638171076774597,5.261269569396973,0.3422015607357025,-0.25560522079467773,3.4908063411712646,-0.273601770401001,0.3335045576095581,-0.27832111716270447,0.22856920957565308,0.3990718126296997,-0.03989538922905922,0.49413439631462097,1.3201978206634521,-0.11904701590538025,1.1781668663024902,1.4120858907699585,-0.24306684732437134,-0.21729065477848053,0.569610595703125
179,660,339,687,355,-0.27303531765937805,-0.27234262228012085,-0.07038715481758118,1.3522090911865234,-0.15412023663520813,-0.21959371864795685,0.015460215508937836,-0.2719951272010803,-0.2396254688501358,-0.2173895239830017,1.2916356325149536,3.332808256149292,-0.1772288978099823,1.6833394765853882,0.4076845347881317,-0.18283754587173462,-0.2042495608329773,-0.06096702814102173,-0.08831349015235901,-0.17367058992385864,-0.26744505763053894,1.7097266912460327,-0.22241482138633728,0.09782299399375916,0.8606442809104919,-0.2602185904979706,-0.24552734196186066,-0.2288408726453781,-0.013935479335486889,-0.26665738224983215,-0.05924838408827782,-0.2706889510154724,-0.2752652168273926,0.037274833768606186,-0.24508102238178253,-0.27000027894973755,-0.0435728095471859,-0.06227964162826538,-0.07005183398723602,-0.2235015630722046,-0.17684471607208252,0.17430110275745392,1.8504890203475952,0.47607922554016113,-0.1331772804260254,-0.26607510447502136,-0.22388143837451935,1.086875081062317,2.30355167388916,-0.22895030677318573,0.8190166354179382,0.480548620223999,-0.2771739959716797,-0.126729816198349,-0.15283165872097015,-0.2745791971683502,0.20612823963165283,3.083413600921631,0.7696533203125,-0.2783953845500946,0.05901616811752319,0.6640358567237854,-0.16160018742084503,3.7543821334838867,0.23141540586948395,-0.27648916840553284,-0.27643653750419617,0.46383702754974365,0.11876945197582245,0.6603236198425293,1.1986116170883179,-0.19860218465328217,-0.17798341810703278,0.026817096397280693,-0.20565219223499298,-0.12398958951234818,-0.1338300108909607,-0.16158151626586914,0.10829030722379684,-0.20198281109333038,0.02755608595907688,-0.07566733658313751,-0.2746289372444153,1.115844964981079,-0.27831345796585083,-0.13122037053108215,-0.2712400555610657,-0.23409581184387207,-0.24494187533855438,-0.2666743993759155,-0.25196653604507446,1.0442196130752563,-0.1676817387342453,-0.07104779034852982,0.28846919536590576,0.3708869516849518,-0.2750553786754608,-0.26534977555274963,0.007529665250331163,-0.23190265893936157,-0.22085560858249664,-0.14124557375907898,0.6022382974624634,-0.18863219022750854,-0.06341401487588882,2.088097333908081,-0.2194991111755371,-0.27666550874710083,-0.0005447724834084511,0.8128387928009033,-0.2289409339427948,-0.10761691629886627,0.9673948287963867,-0.27824440598487854,-0.2415449172258377,0.01742706261575222,-0.24433200061321259,0.6092047095298767,0.3656493127346039,0.2368895411491394,-0.17724627256393433,0.0654338002204895,-0.2675359547138214,0.6344158053398132,0.09144338220357895,-0.20181642472743988,-0.261913537979126,-0.21113266050815582
180,540,633,561,661,0.12681499123573303,-0.25395482778549194,-0.07231481373310089,1.2329505681991577,-0.23018260300159454,-0.22734211385250092,0.31014570593833923,-0.25745508074760437,-0.17609965801239014,-0.21298836171627045,0.2620176374912262,-0.22578993439674377,-0.24070119857788086,0.9900777339935303,1.216308355331421,-0.2555425465106964,-0.13620126247406006,1.4625310897827148,-0.26735883951187134,-0.24691559374332428,-0.17235727608203888,0.8534142971038818,-0.08720845729112625,1.7549307346343994,0.9551783800125122,0.9515893459320068,0.47938477993011475,-0.21895159780979156,0.19303551316261292,-0.022457048296928406,-0.1279333233833313,0.24959509074687958,-0.101185142993927,1.4708631038665771,-0.21838590502738953,-0.16378134489059448,0.46568506956100464,-0.16692084074020386,-0.19684162735939026,0.11083480715751648,0.30105060338974,0.17132751643657684,0.7710651159286499,1.6381570100784302,0.3339429497718811,0.445315957069397,-0.059785813093185425,1.273258090019226,0.2048863172531128,0.031037189066410065,1.8339815139770508,1.3046423196792603,0.3728848695755005,-0.11515109986066818,0.9383751749992371,-0.21596109867095947,1.4843608140945435,0.09698229283094406,2.0143206119537354,-0.15862786769866943,-0.1051504984498024,0.5443812012672424,-0.019137222319841385,0.6262697577476501,0.7465543746948242,-0.014033794403076172,-0.24984925985336304,0.0507245808839798,-0.12355818599462509,-0.23367294669151306,1.0173691511154175,-0.10785532742738724,-0.23092761635780334,0.057983413338661194,-0.12009862065315247,0.17780239880084991,0.057928044348955154,-0.19167925417423248,-0.09939420968294144,-0.15099388360977173,-0.09562940895557404,-0.2385062277317047,-0.253277063369751,-0.22566238045692444,-0.03363097459077835,-0.08761890232563019,-0.2052765190601349,-0.23213030397891998,-0.03053334355354309,-0.2631637752056122,-0.23991867899894714,-0.05880914255976677,-0.1071123406291008,0.4106762707233429,0.4318951368331909,0.49041807651519775,0.09015266597270966,0.06578901410102844,-0.20332644879817963,-0.21920347213745117,2.59175968170166,-0.20693975687026978,0.4592679738998413,0.7907034158706665,-0.0671551525592804,0.012836284935474396,-0.03352365642786026,-0.11979345977306366,-0.2236396074295044,-0.2594555914402008,0.6408187747001648,0.4248118996620178,0.9323582649230957,0.6006870865821838,-0.1485644280910492,0.03788970410823822,0.0863458663225174,-0.1283866912126541,0.17152045667171478,-0.11228300631046295,0.12723374366760254,0.33742523193359375,-0.2226712852716446,1.0258004665374756,0.12288321554660797,-0.05345980077981949,-0.1481691598892212,0.06099817156791687
181,519,415,535,434,0.016042910516262054,-0.25593316555023193,0.045676663517951965,1.1462587118148804,-0.1716548651456833,-0.208888977766037,0.7571134567260742,-0.24082821607589722,-0.18567174673080444,-0.2585129737854004,0.23591113090515137,-0.19549718499183655,0.20346693694591522,0.2302815318107605,0.20123662054538727,-0.07614677399396896,-0.27200251817703247,-0.026075266301631927,0.3576548993587494,0.5701503753662109,0.01420573890209198,0.08702415227890015,0.49832087755203247,0.767092764377594,1.1662957668304443,-0.092701256275177,0.08433409035205841,-0.22195255756378174,-0.05883288383483887,0.1825452446937561,-0.2459993064403534,-0.2675573229789734,-0.1412804126739502,0.3070555329322815,-0.22503122687339783,-0.2564435303211212,-0.092389315366745,0.4510689377784729,-0.2531077265739441,0.11151177436113358,-0.015223495662212372,-0.040560148656368256,0.4743017554283142,1.0400604009628296,-0.19462251663208008,-0.0009300410747528076,-0.23920853435993195,0.5224063992500305,1.2523040771484375,1.3671808242797852,0.8854409456253052,-0.029683515429496765,0.931463360786438,-0.1721172034740448,0.40186938643455505,-0.2523590326309204,0.6075348854064941,0.4116726517677307,0.8221537470817566,-0.276710569858551,1.4065463542938232,0.4551573097705841,0.11407233029603958,0.8899718523025513,0.31400176882743835,-0.1866110861301422,-0.26231837272644043,1.0216667652130127,0.21740564703941345,0.45420926809310913,0.5838536620140076,-0.13214276731014252,-0.12125348299741745,0.25080281496047974,-0.14642290771007538,0.1067952886223793,-0.25320765376091003,-0.2611355781555176,-0.26984214782714844,-0.15249714255332947,0.3710971176624298,-0.20905761420726776,-0.26109832525253296,0.046600066125392914,-0.20288386940956116,-0.17018544673919678,-0.15934905409812927,-0.20025210082530975,0.7636765837669373,-0.15313628315925598,-0.07152940332889557,0.638224720954895,-0.2575419545173645,-0.086660236120224,0.1348443478345871,-0.15261223912239075,-0.20068888366222382,0.06668926775455475,-0.07449060678482056,-0.035291317850351334,-0.05791594460606575,-0.0693591982126236,0.4245549738407135,0.849163830280304,-0.017087049782276154,0.7451930046081543,0.12524659931659698,0.2833450734615326,-0.22178831696510315,-0.20582795143127441,0.03300955519080162,-0.16076454520225525,1.5086499452590942,0.007094673812389374,0.22518354654312134,0.06774969398975372,0.628255307674408,0.29503315687179565,0.0675857737660408,-0.03753502294421196,-0.08647385239601135,0.0761561393737793,-0.16955457627773285,1.4570097923278809,0.08749428391456604,-0.22389712929725647,-0.2751113772392273,-0.20153655111789703
182,595,422,613,442,-0.26666104793548584,-0.2774513065814972,-0.14922788739204407,1.398298740386963,-0.20061224699020386,0.029107024893164635,-0.11261986196041107,-0.2784644365310669,-0.09760349988937378,-0.22418458759784698,-0.14870555698871613,0.6759743690490723,-0.23256638646125793,-0.2672103941440582,1.5201205015182495,-0.27125850319862366,-0.16546529531478882,3.0327489376068115,-0.27822327613830566,0.8735884428024292,-0.24728460609912872,0.013482809066772461,-0.05480456352233887,4.54362678527832,1.3725343942642212,3.291090726852417,-0.16862040758132935,-0.27845603227615356,-0.2106913924217224,2.5593645572662354,0.41230908036231995,0.708339512348175,0.0603688545525074,-0.13178269565105438,-0.2737366855144501,-0.20574000477790833,0.46977120637893677,0.4014383852481842,-0.27846065163612366,-0.27845850586891174,1.091408371925354,0.4535449743270874,-0.24955400824546814,-0.2774272859096527,-0.20081643760204315,2.0083398818969727,-0.27824047207832336,0.5593826174736023,0.09077298641204834,-0.27162492275238037,1.5103007555007935,2.441617965698242,0.6063448190689087,0.22034479677677155,-0.27507284283638,-0.24167726933956146,2.4370791912078857,-0.23843729496002197,0.8139953017234802,-0.22085313498973846,-0.26474735140800476,-0.1708216518163681,-0.1665528565645218,-0.2549417018890381,-0.2634953260421753,-0.032398343086242676,-0.21300162374973297,-0.22386133670806885,1.118123173713684,-0.24881023168563843,0.3586806356906891,-0.20100532472133636,-0.16676297783851624,-0.21745164692401886,-0.2771790027618408,0.7497150301933289,-0.0744597464799881,-0.2662176787853241,-0.1771836280822754,-0.12507528066635132,1.4425634145736694,-0.2569909989833832,-0.2544637620449066,0.055082473903894424,2.121408462524414,-0.09005692601203918,-0.04654190316796303,-0.20843571424484253,0.33708202838897705,-0.2671526074409485,-0.2540263831615448,-0.09651795774698257,-0.2355695366859436,0.7624039053916931,-0.2768608629703522,0.027742089703679085,0.25896793603897095,-0.22670307755470276,-0.24848893284797668,-0.24908332526683807,1.7428417205810547,2.416670799255371,-0.18005219101905823,-0.09845006465911865,2.5485990047454834,-0.1473214030265808,0.006985563784837723,-0.2370881736278534,-0.26250922679901123,-0.2781848907470703,0.4306671917438507,0.9876455664634705,-0.2776239216327667,1.998561143875122,0.008329817093908787,0.7005500197410583,-0.2778536081314087,2.315969944000244,1.0395894050598145,-0.2611074149608612,0.23087932169437408,0.19724637269973755,-0.19128715991973877,2.7324790954589844,0.7373615503311157,-0.27148064970970154,-0.16393902897834778,0.5317643284797668
183,312,199,341,223,0.18846531212329865,-0.18818527460098267,0.03485818952322006,1.1809453964233398,-0.19352109730243683,-0.27458274364471436,0.6488432884216309,-0.17176350951194763,-0.19119316339492798,-0.20120050013065338,0.2373388409614563,0.593869686126709,-0.05610698089003563,0.6384048461914062,0.8335098028182983,-0.00595349445939064,-0.27329447865486145,0.9883060455322266,0.045900434255599976,0.6313620805740356,-0.18672746419906616,0.27645257115364075,0.2054043412208557,0.34588754177093506,1.3180897235870361,0.6474024653434753,0.055976077914237976,-0.1914321482181549,0.9128267765045166,0.4167620837688446,-0.2542506158351898,-0.1496105194091797,0.015953823924064636,0.2340421974658966,-0.18358995020389557,-0.26451241970062256,-0.14577361941337585,0.4251551926136017,-0.23185047507286072,0.5666817426681519,0.041188694536685944,-0.010069385170936584,0.024813517928123474,0.7367566227912903,-0.21031299233436584,0.04157009348273277,-0.24751590192317963,0.5185111165046692,0.44042617082595825,0.27264684438705444,0.5205283761024475,0.6976540088653564,0.4216848611831665,-0.16985078155994415,-0.04756292700767517,-0.08489730954170227,0.3054373562335968,0.474178671836853,0.6683915853500366,-0.24927380681037903,0.2823416590690613,0.48510926961898804,0.15285691618919373,1.0082848072052002,0.32053208351135254,-0.07074128091335297,-0.19352313876152039,0.6853833198547363,0.5990114808082581,0.1921556442975998,0.8490604162216187,-0.15653330087661743,0.06008242815732956,0.27037861943244934,0.01725749671459198,0.18038998544216156,0.10592477768659592,-0.2772514224052429,-0.16144168376922607,-0.16795405745506287,0.08929701149463654,-0.21199333667755127,-0.26508787274360657,0.3524729609489441,0.06964193284511566,-0.20438005030155182,-0.09145063161849976,-0.11635960638523102,0.6749379634857178,-0.2590465843677521,-0.07196332514286041,-0.10002242028713226,0.2877047657966614,-0.1440153270959854,-0.11800011992454529,-0.12694212794303894,-0.21544092893600464,0.12817788124084473,-0.14013242721557617,-0.06104705482721329,0.7412686347961426,0.21249333024024963,0.29368093609809875,0.2457047700881958,-0.015878647565841675,0.6548274159431458,0.4276587963104248,0.14913560450077057,-0.06413161009550095,0.02329535037279129,-0.12070271372795105,-0.13941416144371033,0.22638170421123505,0.2610383629798889,0.18709075450897217,0.02657931298017502,0.6355074644088745,0.6815089583396912,0.2942139804363251,0.3735620975494385,-0.07570986449718475,0.5340975522994995,-0.23020592331886292,0.9836190938949585,0.21764175593852997,-0.03983522951602936,-0.22743549942970276,-0.0971112996339798
184,123,534,145,555,0.6098632216453552,-0.2746298909187317,0.31391873955726624,1.162930965423584,-0.1948026716709137,-0.2603001892566681,0.9749388694763184,-0.19129472970962524,-0.20386725664138794,-0.2665325999259949,0.2161649465560913,-0.0903375893831253,-0.20143601298332214,1.4688328504562378,0.2879583239555359,-0.11830707639455795,-0.20665591955184937,1.5485422611236572,-0.27388066053390503,0.11933757364749908,-0.1285424381494522,0.1279406100511551,-0.005381174385547638,-0.051424190402030945,0.06058613210916519,0.34820258617401123,-0.030085507780313492,-0.2298111915588379,0.9933708906173706,0.14536714553833008,-0.2160305380821228,-0.2510157823562622,-0.12379451841115952,0.9322131872177124,-0.17801350355148315,-0.247261181473732,-0.059578705579042435,0.6932860016822815,-0.2589819133281708,0.5573159456253052,-0.1336415857076645,-0.05687401816248894,-0.08498183637857437,1.3397610187530518,-0.20324036478996277,0.2843409478664398,-0.20493052899837494,0.8899791240692139,0.2670230269432068,0.41798409819602966,0.1683957576751709,-0.030032193288207054,0.7515320181846619,-0.2478325366973877,0.6996504068374634,-0.028533034026622772,0.19728946685791016,0.06417915225028992,0.696533739566803,-0.27045658230781555,0.363705039024353,0.873428463935852,-0.12452028691768646,2.013808488845825,1.8467636108398438,0.11534883081912994,-0.27773547172546387,0.9925462007522583,0.3025176525115967,-0.0470513254404068,1.1121433973312378,-0.248289555311203,-0.00889388658106327,0.6188548803329468,-0.17573320865631104,0.1227060854434967,0.3364061713218689,-0.05411873012781143,-0.142721027135849,-0.06088654696941376,-0.1216944232583046,-0.18923066556453705,-0.26913541555404663,-0.20948629081249237,0.026066988706588745,-0.191501647233963,0.02643677592277527,-0.23918069899082184,0.9078364372253418,-0.20565932989120483,-0.1739027202129364,-0.09624872356653214,0.09536714851856232,-0.19860857725143433,-0.09068392962217331,-0.09542156755924225,-0.19074362516403198,-0.10325655341148376,-0.11688187718391418,-0.0797421857714653,0.8157128095626831,0.48773056268692017,0.0642697885632515,0.7075756788253784,0.06948181986808777,0.46269893646240234,0.08467462658882141,0.09447700530290604,-0.2504332959651947,-0.1658506840467453,0.21461427211761475,-0.20676806569099426,0.6271792054176331,0.6424106955528259,0.05518995225429535,2.415105700492859e-05,1.1438755989074707,0.21026772260665894,0.10798517614603043,0.26701512932777405,-0.06976661086082458,0.568629801273346,-0.25385433435440063,0.4108518660068512,0.2922247648239136,0.019497796893119812,-0.16584226489067078,-0.15530262887477875
185,504,420,525,441,-0.06637675315141678,-0.2637517750263214,-0.20710551738739014,0.9681673049926758,-0.04386118799448013,-0.2696201503276825,-0.25518178939819336,-0.26712343096733093,-0.23332996666431427,-0.18504732847213745,1.636070966720581,-0.2588654160499573,-0.2779388427734375,1.3340741395950317,-0.023990964516997337,-0.1807727962732315,-0.0658906027674675,-0.09473641216754913,-0.20002368092536926,-0.25973236560821533,-0.09920276701450348,-0.13624000549316406,-0.24717585742473602,-0.2643755376338959,0.011131768114864826,-0.2720257639884949,0.0982728973031044,-0.2651299238204956,0.5207319259643555,-0.27302590012550354,-0.14926478266716003,-0.17439527809619904,-0.2755151391029358,1.301313042640686,-0.1430933028459549,-0.273847758769989,-0.16669504344463348,-0.1854301393032074,-0.2512807250022888,-0.2759397625923157,-0.270862340927124,-0.18439710140228271,0.7486132383346558,0.8041753172874451,0.07743590325117111,-0.2772718667984009,-0.2774137854576111,0.2656714618206024,2.60246205329895,0.8474090099334717,1.1102006435394287,-0.09564275294542313,-0.05817621573805809,-0.24660928547382355,0.24063149094581604,-0.09131625294685364,-0.1676574945449829,1.480954885482788,1.2494322061538696,-0.24817857146263123,0.12059224396944046,1.9873250722885132,-0.09378384798765182,2.404531478881836,0.35616105794906616,-0.2633045017719269,-0.27355682849884033,0.1650272011756897,-0.2575102746486664,1.856231689453125,0.03881343826651573,-0.2506228983402252,-0.16026249527931213,0.31372562050819397,-0.058565542101860046,-0.2518148422241211,-0.04352392256259918,-0.2586516737937927,-0.08804662525653839,-0.06336091458797455,-0.273965984582901,-0.2687698304653168,-0.27811092138290405,-0.1433584839105606,-0.011775670573115349,-0.26513856649398804,-0.25932231545448303,-0.1443224400281906,-0.2562669813632965,-0.2742352783679962,-0.2316996455192566,-0.01187077909708023,-0.27079370617866516,-0.27134644985198975,-0.26433396339416504,0.2089826613664627,-0.275641530752182,-0.2524127960205078,-0.0007478265906684101,-0.14887836575508118,-0.1595006287097931,-0.2740093171596527,0.12909145653247833,0.8951659202575684,-0.05254978686571121,0.7917465567588806,-0.18222223222255707,-0.23623323440551758,-0.24680782854557037,0.2606155574321747,-0.278421014547348,-0.27192702889442444,0.1081954762339592,-0.27724188566207886,0.22726689279079437,-0.21078449487686157,2.513370990753174,-0.12266303598880768,-0.09857885539531708,-0.1253638118505478,-0.16292333602905273,-0.061069831252098083,-0.2776130437850952,0.5468295216560364,-0.11208534240722656,-0.16914357244968414,-0.16564719378948212,-0.27830788493156433
186,214,284,233,302,0.5275973081588745,-0.25700101256370544,0.025913337245583534,1.1149601936340332,-0.17413124442100525,-0.2755976617336273,0.7700173854827881,-0.024675529450178146,-0.2675500810146332,-0.24322453141212463,0.15964870154857635,-0.26558294892311096,-0.05536545440554619,0.14715954661369324,0.3260747492313385,-0.037442371249198914,-0.26865121722221375,0.07355570793151855,-0.2742809057235718,0.14307506382465363,-0.18278048932552338,0.23012597858905792,0.4391633868217468,0.16744370758533478,0.38856685161590576,-0.0654233917593956,-0.19400443136692047,-0.2528141438961029,0.9828459620475769,0.17328523099422455,-0.09804099053144455,-0.23450830578804016,-0.16777591407299042,0.0806637555360794,-0.1918221414089203,-0.27346107363700867,-0.16776233911514282,0.31491604447364807,-0.2783678472042084,0.4420168101787567,-0.2191266566514969,-0.07846598327159882,-0.20927385985851288,0.10694734752178192,-0.2559095025062561,-0.015671931207180023,-0.23367324471473694,0.5309016704559326,0.38251224160194397,0.4357600510120392,0.23282873630523682,-0.0681445375084877,0.7197759747505188,-0.2272174060344696,0.19506187736988068,-0.26684337854385376,-0.09724082052707672,-0.09603565186262131,0.35514605045318604,-0.13999228179454803,0.17537307739257812,0.5080553889274597,-0.14102104306221008,0.26137682795524597,0.29698121547698975,-0.22385692596435547,-0.27798783779144287,0.7797748446464539,0.4978635013103485,0.23385800421237946,0.6199081540107727,-0.23751455545425415,0.08997423201799393,-0.17967736721038818,-0.055634755641222,-0.06519508361816406,-0.0564567856490612,-0.2763511538505554,-0.26651304960250854,-0.1123310774564743,0.4364566206932068,-0.2334243357181549,-0.27769455313682556,-0.2026478350162506,0.1268542855978012,-0.27702954411506653,-0.21880009770393372,-0.2577308714389801,0.3864690065383911,-0.27723050117492676,-0.2524624764919281,-0.06147529184818268,0.18627285957336426,-0.2720920443534851,-0.14209146797657013,-0.24936985969543457,-0.22355309128761292,-0.21373192965984344,-0.19395114481449127,-0.021731004118919373,0.06350918114185333,0.49857383966445923,0.08761041611433029,0.339994341135025,-0.236160010099411,0.7398960590362549,0.05112217366695404,-0.2547037899494171,-0.2669912576675415,-0.046484142541885376,-0.03893299028277397,-0.21928100287914276,0.13290120661258698,0.31557267904281616,0.21752674877643585,-0.10354072600603104,0.5781055688858032,-0.10938496142625809,-0.11944802850484848,0.6656906008720398,-0.10384585708379745,0.5218820571899414,-0.2610127925872803,0.46857160329818726,0.05438294634222984,-0.1048768162727356,-0.22861029207706451,-0.12964794039726257
187,531,607,549,627,0.549688994884491,-0.24243885278701782,-0.03503256291151047,1.1679320335388184,-0.2236330807209015,-0.1220054104924202,-0.022027261555194855,-0.23979775607585907,-0.2619076073169708,-0.22624975442886353,0.10600703209638596,-0.20352530479431152,-0.15621137619018555,0.8261460065841675,0.5522421598434448,-0.2015468180179596,-0.17692025005817413,0.14767025411128998,0.5740695595741272,-0.19756726920604706,-0.24453087151050568,-0.12125955522060394,0.17414088547229767,0.08090758323669434,-0.06031755357980728,0.036121830344200134,-0.19226112961769104,-0.1813511699438095,0.5886424779891968,0.8461860418319702,-0.1920604407787323,-0.21244871616363525,-0.18448197841644287,0.21181899309158325,-0.24175024032592773,-0.25426602363586426,0.0986764132976532,1.113013744354248,-0.18545328080654144,-0.017731331288814545,0.6565009355545044,0.3575400710105896,1.1997333765029907,0.6140482425689697,-0.25599226355552673,0.6162160634994507,0.09527723491191864,2.7832908630371094,0.7989335656166077,0.7111343741416931,-0.06435564160346985,-0.19057705998420715,0.6097625494003296,-0.2072976678609848,0.4250561594963074,-0.13156633079051971,1.6984527111053467,1.1144442558288574,1.3262152671813965,-0.17324137687683105,1.85764741897583,0.8638119101524353,1.365387201309204,3.3560264110565186,1.498569369316101,0.38078054785728455,-0.18794989585876465,1.0823034048080444,-0.24550729990005493,0.2761829197406769,0.8690893650054932,0.09918400645256042,0.043710097670555115,1.1744062900543213,-0.13607589900493622,0.20043039321899414,-0.0628843754529953,0.07283671200275421,-0.2685619592666626,-0.17459732294082642,0.012726075947284698,-0.2715233564376831,-0.2343444526195526,-0.06525025516748428,0.6097677946090698,-0.13114935159683228,-0.24038580060005188,-0.13922202587127686,0.5697205066680908,-0.08857490122318268,-0.2042996883392334,0.01660768687725067,-0.23285996913909912,0.20736806094646454,-0.15913861989974976,-0.047971028834581375,-0.2087157666683197,-0.2590906023979187,-0.04493185877799988,-0.06539551913738251,-0.119847372174263,1.3249638080596924,-0.11861258000135422,0.5388525128364563,0.6224662661552429,1.822165846824646,-0.023849349468946457,0.34984666109085083,0.295141339302063,-0.15575075149536133,0.34512102603912354,0.47967568039894104,0.9724241495132446,0.20314642786979675,-0.05613434314727783,0.2307390719652176,0.8736728429794312,0.4326108396053314,-0.13227923214435577,-0.019404232501983643,-0.10207121074199677,0.2742435336112976,-0.17356665432453156,0.45490944385528564,0.07368900626897812,-0.17759361863136292,0.004024960100650787,-0.19859018921852112
188,184,752,203,770,-0.2782863676548004,-0.22770367562770844,1.1556857824325562,1.1876300573349,-0.1183638647198677,0.1249777153134346,0.23702311515808105,-0.2752463221549988,-0.2761649787425995,-0.1796681135892868,2.2725517749786377,0.9429230093955994,-0.2580501139163971,0.6068502068519592,0.2675957977771759,-0.24707256257534027,-0.15126536786556244,-0.04625401273369789,0.3201858401298523,-0.27401360869407654,-0.2595074474811554,1.1114979982376099,-0.25509920716285706,-0.24180272221565247,0.7600719332695007,-0.2612539827823639,-0.006293180864304304,-0.1891702115535736,1.2735044956207275,-0.16675283014774323,-0.08871054649353027,-0.11630366742610931,-0.24797379970550537,0.9430794715881348,-0.22436566650867462,-0.26069724559783936,0.0075853499583899975,-0.051463283598423004,-0.2026180773973465,-0.2733824849128723,0.09679897874593735,0.2555609941482544,1.8483351469039917,1.4603079557418823,-0.22329165041446686,-0.2667010426521301,-0.2722923457622528,3.4378409385681152,2.7487869262695312,0.48389774560928345,-0.0548178032040596,0.18221822381019592,-0.2214459478855133,0.6325408816337585,-0.23587341606616974,-0.1587611585855484,0.9214105606079102,1.2216390371322632,0.08378257602453232,-0.26135796308517456,1.4453362226486206,0.19512663781642914,-0.04608156904578209,4.052311897277832,-0.2704693675041199,-0.15512891113758087,-0.16595502197742462,-0.1991151124238968,0.5876725912094116,1.7546412944793701,0.05599724128842354,-0.0017523645656183362,-0.2728002369403839,0.03345765545964241,-0.27838069200515747,-0.2783319056034088,-0.25055354833602905,-0.27358463406562805,2.8175973892211914,-0.17395196855068207,-0.24614520370960236,-0.1547149121761322,-0.2731347382068634,-0.27815625071525574,-0.25174760818481445,-0.02697979472577572,-0.16790840029716492,-0.049580976366996765,-0.2754323184490204,-0.27655625343322754,-0.2774485945701599,-0.2244374006986618,-0.26475778222084045,-0.11803072690963745,0.7155409455299377,0.6599385142326355,-0.2601366639137268,-0.21884401142597198,-0.12661616504192352,-0.2767152786254883,-0.12071371078491211,-0.08062593638896942,1.9704811573028564,0.9803460240364075,-0.039607349783182144,0.9351961016654968,-0.053277868777513504,0.03857292979955673,0.036245446652173996,-0.27476784586906433,-0.2659497857093811,-0.10909483581781387,2.1328494548797607,0.5291250944137573,-0.25684744119644165,0.5446183085441589,0.8436292409896851,-0.10603711754083633,0.6692320108413696,0.42043235898017883,-0.1876203417778015,0.3650342524051666,0.08351833373308182,0.900188148021698,-0.12712737917900085,-0.23890893161296844,-0.06429855525493622,-0.27844831347465515
189,660,326,685,341,0.4080067574977875,-0.277523398399353,-0.1394510418176651,1.3143935203552246,-0.10933226346969604,0.2600976228713989,1.7727316617965698,-0.26674386858940125,-0.09985380619764328,-0.26342296600341797,-0.23875626921653748,2.1759514808654785,-0.2025788128376007,0.38750818371772766,1.0653802156448364,-0.26671546697616577,-0.1798330545425415,-0.18757623434066772,-0.21806025505065918,0.14638273417949677,-0.2623107433319092,2.651160478591919,-0.2723737359046936,-0.23934240639209747,-0.14332333207130432,-0.2784622609615326,-0.26728078722953796,-0.26724740862846375,0.2154020369052887,-0.2517513632774353,-0.258261501789093,-0.17867201566696167,-0.26212894916534424,0.2735356092453003,-0.11358032375574112,0.2238103151321411,0.0751597136259079,-0.19349287450313568,0.018911905586719513,-0.2205725759267807,-0.053248316049575806,0.34563586115837097,-0.24588900804519653,-0.2737375795841217,-0.2779024541378021,0.15253590047359467,-0.26725950837135315,1.493422031402588,1.2279322147369385,-0.12035094946622849,-0.21110756695270538,1.3744688034057617,-0.2782672047615051,0.07585528492927551,0.9266455769538879,-0.2682454586029053,-0.17474094033241272,1.2010127305984497,-0.2745722532272339,-0.2570524513721466,1.5476127862930298,-0.16915807127952576,-0.24115772545337677,-0.24233397841453552,-0.07287411391735077,-0.2604731023311615,-0.15137317776679993,-0.27662748098373413,1.9662716388702393,0.12662291526794434,0.9831238389015198,-0.0690222978591919,-0.1943538635969162,0.2469654381275177,-0.2774243950843811,-0.19611571729183197,3.5506818294525146,-0.258892685174942,2.540416955947876,-0.14414441585540771,-0.2581518888473511,-0.2777199447154999,-0.24137885868549347,0.4806043803691864,2.0110788345336914,-0.08926138281822205,-0.21677303314208984,-0.2052631676197052,-0.19930730760097504,-0.27291616797447205,-0.2191966474056244,0.8517673015594482,1.1719850301742554,-0.07988547533750534,0.0017685616621747613,0.2032736837863922,-0.14233069121837616,-0.2325713336467743,-0.2750769555568695,-0.13244017958641052,0.13370756804943085,-0.2687743008136749,-0.19667041301727295,0.3477272093296051,-0.22858794033527374,0.8274863362312317,-0.2762247920036316,0.006016913335770369,-0.26933032274246216,-0.2645142674446106,2.2285068035125732,-0.17336390912532806,1.489893913269043,0.19191871583461761,-0.2371048778295517,0.13443318009376526,-0.2772071659564972,-0.05240672826766968,0.0068940939381718636,1.6686941385269165,0.0698261484503746,1.3657790422439575,-0.2011938840150833,0.5451769232749939,0.2202150672674179,0.22853010892868042,-0.07702291756868362,-0.19730256497859955
190,587,401,606,415,-0.2563786804676056,-0.2516918480396271,0.8915227055549622,0.8600512146949768,-0.27619054913520813,-0.26229551434516907,0.5214527249336243,-0.26647648215293884,0.01942881941795349,-0.27424541115760803,0.29922041296958923,0.06849338114261627,-0.16819840669631958,0.8859332799911499,-0.25487515330314636,-0.27843841910362244,-0.1205274686217308,1.7146953344345093,-0.2780403196811676,-0.141810342669487,-0.24646738171577454,-0.206996887922287,1.759018063545227,0.17206303775310516,1.0358771085739136,-0.2146540731191635,-0.261944442987442,-0.2636498510837555,-0.004265892785042524,0.45331573486328125,-0.2487085610628128,-0.050547368824481964,-0.23308685421943665,0.9745151996612549,-0.27711132168769836,-0.1107848659157753,-0.215088352560997,2.4064509868621826,-0.27116769552230835,-0.263960599899292,0.045775528997182846,-0.22663801908493042,-0.27281099557876587,0.7899433374404907,-0.08128564804792404,1.672531247138977,-0.2527602016925812,2.907228469848633,0.4513191282749176,2.3008408546447754,-0.2431144267320633,-0.22881513833999634,3.1355209350585938,-0.25701695680618286,0.2671251595020294,-0.19890771806240082,-0.26110368967056274,-0.26316967606544495,1.546823501586914,-0.203169047832489,0.5520482659339905,0.2959328293800354,-0.1852869689464569,-0.046420954167842865,0.7302022576332092,-0.2712737023830414,-0.027464093640446663,-0.12216833978891373,0.08014290779829025,-0.21468132734298706,0.9758128523826599,-0.23786486685276031,-0.27648547291755676,-0.009008261375129223,-0.232843279838562,-0.25182420015335083,-0.21106790006160736,-0.2736178934574127,-0.2624977231025696,-0.128940612077713,0.5761216878890991,-0.2665823698043823,-0.26983025670051575,-0.20536118745803833,0.1392369419336319,-0.07417269051074982,-0.20879389345645905,-0.01905108615756035,2.735255002975464,-0.25676393508911133,-0.09716963022947311,1.1032683849334717,-0.26995235681533813,-0.27832871675491333,-0.2782651484012604,-0.27316761016845703,-0.2494155913591385,-0.1418847292661667,-0.26061031222343445,0.2655518054962158,-0.26877641677856445,-0.24091783165931702,1.0467263460159302,1.4765105247497559,2.5898609161376953,1.0512279272079468,-0.2526279091835022,0.34755730628967285,-0.02218862809240818,-0.21479451656341553,-0.27330994606018066,-0.2389814257621765,1.4035429954528809,1.1323401927947998,0.03890420123934746,-0.06548970937728882,0.6712432503700256,1.1249487400054932,-0.24940255284309387,0.8230307102203369,-0.08966628462076187,0.670492947101593,-0.27458271384239197,1.378779649734497,-0.26922300457954407,-0.14436113834381104,-0.252046674489975,-0.2142687737941742
191,717,212,743,237,0.017858073115348816,-0.2617485523223877,0.20444738864898682,1.1641926765441895,-0.16544635593891144,-0.25040584802627563,0.5067725777626038,-0.256620854139328,0.46596667170524597,-0.21407541632652283,0.552764892578125,0.2838144600391388,-0.2140653431415558,1.6060917377471924,1.094172477722168,-0.2626728415489197,-0.1546555906534195,0.0502382256090641,-0.22990289330482483,0.5606443881988525,-0.16511139273643494,0.9915148615837097,0.29957249760627747,-0.09877515584230423,0.9204139709472656,-0.18398499488830566,0.06870271265506744,-0.2733769714832306,0.6814913749694824,-0.23377466201782227,-0.19432160258293152,-0.1026780903339386,-0.24026131629943848,0.3350251615047455,-0.25354599952697754,-0.25914862751960754,-0.0311339870095253,0.4842829704284668,-0.15200307965278625,0.3036682903766632,-0.13055531680583954,-0.007076367735862732,0.587099015712738,1.1814959049224854,-0.19196924567222595,0.249169260263443,-0.26359468698501587,1.6784098148345947,-0.1630038022994995,0.6890068650245667,0.029447034001350403,0.3658124804496765,0.23093591630458832,-0.21251985430717468,0.3124430477619171,-0.2067069709300995,0.06458120048046112,0.588137686252594,0.8368400931358337,-0.2488890290260315,0.6124475002288818,-0.14015315473079681,-0.038116008043289185,0.933281421661377,0.1892477124929428,0.29136958718299866,-0.16708776354789734,0.5296507477760315,0.7716578841209412,-0.27280372381210327,0.6715297102928162,-0.19005805253982544,-0.10752298682928085,-0.09200534224510193,-0.0018924623727798462,0.18837349116802216,0.4796627163887024,-0.27227866649627686,0.2364681363105774,-0.030238572508096695,-0.14439748227596283,-0.187870591878891,-0.23168785870075226,0.8159724473953247,0.8541481494903564,-0.12668082118034363,-0.17252406477928162,-0.14202024042606354,1.1034259796142578,-0.21106691658496857,0.23681393265724182,-0.09727434068918228,0.9255593419075012,0.030400678515434265,-0.24101686477661133,0.18465949594974518,-0.16991280019283295,-0.16741235554218292,-0.19600874185562134,0.06470027565956116,1.3418785333633423,-0.16622450947761536,0.2972654104232788,0.5648724436759949,-0.19414150714874268,0.30864107608795166,-0.16769267618656158,0.6133759617805481,0.054077692329883575,-0.19726482033729553,0.48659858107566833,-0.04561041295528412,-0.019459590315818787,1.068058967590332,-0.1340404748916626,-0.07871755212545395,0.43960294127464294,0.4218027889728546,0.06436996161937714,0.3855823874473572,0.03205808997154236,0.705586314201355,-0.20447099208831787,0.30245816707611084,-0.0654735118150711,-0.06775025278329849,-0.23626738786697388,-0.11567897349596024
192,283,831,314,859,0.3270191550254822,-0.26000839471817017,-0.08944071829319,1.1273207664489746,-0.19572702050209045,-0.0157477930188179,0.7468985319137573,-0.263079434633255,-0.19317437708377838,-0.201894611120224,0.19520752131938934,0.34589099884033203,-0.18258778750896454,0.11021997034549713,0.7956327199935913,-0.23483127355575562,0.13742977380752563,1.2076212167739868,-0.08962885290384293,0.006341531872749329,-0.07148133963346481,0.21394889056682587,0.8425507545471191,1.128876805305481,0.33625683188438416,0.5277858376502991,-0.1908876895904541,-0.2479650378227234,0.5928341150283813,1.0651874542236328,-0.10794323682785034,-0.21093037724494934,-0.12977944314479828,0.27217867970466614,-0.21108123660087585,-0.21588438749313354,0.03818646818399429,0.6064369082450867,-0.2116687297821045,0.13080710172653198,0.3348897695541382,-0.036095064133405685,0.06533783674240112,0.846945583820343,-0.04596240818500519,0.4518182873725891,-0.26207417249679565,1.3169152736663818,-0.017219124361872673,0.22419872879981995,0.6607469320297241,0.43702253699302673,0.6664190888404846,-0.23317398130893707,0.8057377338409424,-0.1876966953277588,0.7522469758987427,0.6183300614356995,1.545866847038269,-0.19829191267490387,0.13997229933738708,0.11316288262605667,-0.0901457667350769,1.0379358530044556,0.027368009090423584,0.23855090141296387,-0.04890468716621399,0.1067906990647316,0.16219833493232727,0.027025938034057617,0.4942094087600708,-0.17148073017597198,-0.09972251951694489,0.11030074208974838,-0.15760532021522522,0.3016676902770996,0.47307509183883667,-0.13515448570251465,-0.025369517505168915,-0.1498129516839981,0.6123366355895996,-0.2541581988334656,-0.247722789645195,0.13959401845932007,0.5871265530586243,-0.1638346165418625,-0.19343183934688568,-0.15436723828315735,0.5507543087005615,-0.2662632465362549,-0.21475286781787872,-0.038313280791044235,0.2516363263130188,0.07315714657306671,-0.03207511082291603,0.03692163527011871,-0.09980390965938568,-0.12363782525062561,-0.2617133855819702,-0.027900684624910355,0.736136257648468,-0.07580719888210297,0.01213303953409195,0.41495180130004883,1.6967647075653076,0.271881103515625,-0.17203450202941895,-0.01866869628429413,0.190250426530838,-0.11697857081890106,0.48763108253479004,0.17635424435138702,0.6418665647506714,1.2976170778274536,0.07031513005495071,0.19476106762886047,0.30738919973373413,0.5084410905838013,-0.037193913012742996,-0.010623835027217865,-0.05798669904470444,0.34937483072280884,-0.2264539897441864,0.6610361933708191,-0.06282825767993927,0.21927157044410706,-0.16744859516620636,-0.08367384970188141
193,531,430,546,445,-0.1800481081008911,-0.16009114682674408,-0.2720118463039398,1.311874270439148,-0.08971139788627625,-0.17868715524673462,0.07243017107248306,-0.24940069019794464,-0.24792391061782837,-0.11835716664791107,-0.09068956226110458,-0.10941153764724731,-0.10744792222976685,-0.20824982225894928,0.11267787963151932,-0.27776721119880676,-0.043708156794309616,-0.12394499778747559,-0.24469080567359924,-0.2522233724594116,-0.20642471313476562,0.7592337131500244,-0.27794596552848816,3.028101921081543,1.3668581247329712,-0.07534309476613998,-0.2133564054965973,-0.2430313229560852,-0.1577112078666687,-0.16588947176933289,-0.2099117487668991,-0.173848956823349,-0.2674202620983124,2.108633518218994,-0.2413194328546524,-0.15582530200481415,0.5735428333282471,-0.18219050765037537,-0.23716816306114197,-0.27810925245285034,0.21484801173210144,0.36535102128982544,1.3134045600891113,1.2832800149917603,-0.18430763483047485,1.329958438873291,-0.23684294521808624,3.362452507019043,3.7970402240753174,0.46994590759277344,2.0384790897369385,-0.217019185423851,2.390103816986084,-0.204533189535141,2.245936155319214,-0.06686090677976608,1.9229570627212524,1.2832112312316895,3.883064031600952,-0.19888058304786682,2.1817710399627686,-0.1300649493932724,-0.1671341210603714,0.9272941946983337,-0.020537689328193665,-0.09237512946128845,-0.21059741079807281,-0.2774501144886017,-0.27587950229644775,-0.21788851916790009,1.031327247619629,-0.10053461790084839,-0.1355312466621399,-0.09264034032821655,-0.2783781886100769,-0.25069841742515564,-0.1371965855360031,-0.07186542451381683,-0.2742066979408264,-0.1542840301990509,1.6818441152572632,-0.26073646545410156,-0.23290443420410156,-0.07979599386453629,0.15602323412895203,-0.016100425273180008,-0.10377859324216843,-0.09356802701950073,0.2075016349554062,-0.26200416684150696,-0.17712773382663727,0.3834766149520874,-0.1602068692445755,0.6629837155342102,0.6583384275436401,-0.024329591542482376,-0.266009122133255,-0.25778037309646606,-0.2301909178495407,-0.27565234899520874,-0.2754608988761902,-0.13859282433986664,0.36076557636260986,2.800361156463623,-0.07340952008962631,4.127767562866211,-0.2624322772026062,-0.05892223119735718,-0.23573562502861023,-0.24681860208511353,0.03996758535504341,0.4060215651988983,6.6294097900390625,-0.1279536783695221,-0.2520482838153839,0.5291582942008972,0.23387371003627777,0.41346216201782227,-0.1015394926071167,-0.09748721122741699,-0.035368289798498154,-0.09413577616214752,-0.27845248579978943,1.4213756322860718,-0.14105536043643951,-0.2686367928981781,-0.17403902113437653,-0.1673651933670044
194,507,557,523,572,-0.19655896723270416,-0.1526157706975937,0.8685985803604126,1.4111003875732422,0.3155839741230011,0.8636251091957092,-0.19465437531471252,-0.20478931069374084,-0.15170681476593018,-0.26735207438468933,-0.2079315483570099,-0.27613401412963867,0.1520911455154419,2.3022146224975586,0.2634138762950897,-0.2689323425292969,2.7576394081115723,-0.17371274530887604,-0.14051656424999237,0.15342114865779877,-0.23180916905403137,-0.2593635022640228,-0.12195918709039688,-0.1379525512456894,3.2082276344299316,3.623194694519043,-0.26124995946884155,-0.2637864351272583,-0.2747754752635956,2.821775436401367,0.14246192574501038,-0.2753492295742035,0.5072697997093201,-0.26652270555496216,-0.2754572927951813,-0.278355211019516,0.15609242022037506,-0.08277250826358795,-0.152042955160141,-0.23721708357334137,-0.17273996770381927,0.17983028292655945,0.03222276270389557,1.8397942781448364,-0.2781473398208618,0.10669604688882828,-0.19433270394802094,0.5878111124038696,0.07119352370500565,-0.2142477035522461,0.5199136734008789,0.7300103306770325,-0.2452649623155594,-0.17979663610458374,-0.2735402584075928,-0.047358203679323196,-0.2055300921201706,0.1836937814950943,2.297818183898926,-0.21732082962989807,-0.08018956333398819,-0.2333609163761139,0.017067009583115578,0.6031412482261658,-0.2783766984939575,1.58054518699646,3.1059679985046387,0.6758421063423157,-0.2726469337940216,-0.27826184034347534,0.10812298953533173,-0.1631607860326767,-0.2619033753871918,-0.25743037462234497,0.05147689953446388,0.8167651295661926,-0.13090747594833374,-0.20095135271549225,-0.2371513396501541,-0.060906823724508286,0.9279866218566895,-0.27584224939346313,-0.2625986635684967,0.44277262687683105,-0.26733875274658203,-0.1431696116924286,-0.18870235979557037,-0.03268050774931908,-0.21480926871299744,-0.17871910333633423,0.38219553232192993,-0.22226369380950928,-0.17611528933048248,0.3294820487499237,-0.27615514397621155,0.07905051857233047,-0.01778618060052395,-0.27754196524620056,-0.1291186809539795,-0.09467725455760956,0.5184909701347351,-0.2665678560733795,0.01356774102896452,-0.14362576603889465,2.7160584926605225,-0.22800791263580322,-0.22650912404060364,-0.21136051416397095,2.1417455673217773,-0.25288161635398865,-0.26518040895462036,-0.04710099846124649,-0.250884473323822,0.5625237822532654,-0.21146848797798157,-0.006917779799550772,-0.2784574329853058,0.23592683672904968,-0.14048074185848236,-0.2177937924861908,0.028546813875436783,0.23243136703968048,-0.2757777273654938,0.5726144909858704,-0.05544693022966385,0.428316593170166,-0.12196527421474457,0.1247934028506279
195,830,455,860,487,0.9085932970046997,-0.24511849880218506,0.05744951590895653,1.1766211986541748,-0.2112407684326172,-0.2552083134651184,0.29747894406318665,-0.2110998034477234,-0.27755361795425415,-0.20012354850769043,0.29069089889526367,-0.26382505893707275,-0.12069940567016602,0.4627614915370941,1.569352149963379,-0.19721856713294983,-0.23933501541614532,0.18608054518699646,-0.1917753666639328,0.27530017495155334,0.3444346785545349,1.1208081245422363,0.02170310914516449,0.9964867234230042,0.044059447944164276,0.03742869198322296,-0.08949309587478638,-0.21200630068778992,0.39540088176727295,-0.045141976326704025,-0.22685293853282928,0.37768954038619995,-0.17329195141792297,1.2417651414871216,-0.10173726826906204,0.030237048864364624,0.12680238485336304,0.031629227101802826,0.32747942209243774,0.17768047749996185,0.1704997420310974,0.07656494528055191,0.665448784828186,1.2670111656188965,0.4308401346206665,0.012979596853256226,0.13223880529403687,1.0739340782165527,0.33814889192581177,-0.002592429518699646,1.2694343328475952,0.6068223714828491,0.5131663084030151,-0.24425941705703735,1.2435200214385986,-0.2520121932029724,1.1649280786514282,1.0190012454986572,1.59347403049469,-0.26569607853889465,0.6206905245780945,0.5332918763160706,-0.14243198931217194,0.24146543443202972,0.6844696998596191,-0.06854671984910965,-0.23829154670238495,0.44362983107566833,-0.11213062703609467,0.11817857623100281,1.3761248588562012,-0.005379587411880493,-0.12938308715820312,0.07097423821687698,-0.048353828489780426,0.006351940333843231,0.6187188625335693,-0.23427778482437134,0.12591244280338287,-0.18764856457710266,-0.12217546999454498,-0.1971869170665741,-0.2540499269962311,-0.08865313977003098,0.12646961212158203,-0.1629132777452469,-0.2175818830728531,-0.22686956822872162,0.05610835552215576,-0.2351013720035553,0.08455643057823181,-0.03432606905698776,-0.04698684811592102,0.1077016144990921,0.3127788305282593,0.2436971664428711,-0.20413154363632202,0.03468868508934975,-0.24459365010261536,-0.07591480016708374,1.1795573234558105,0.024119749665260315,0.021031096577644348,1.0499072074890137,-0.1874065101146698,0.736485481262207,-0.05034857988357544,-0.09868554770946503,-0.2107556313276291,-0.1262771338224411,1.3766391277313232,0.48839128017425537,1.3664203882217407,0.007123567163944244,0.018304571509361267,0.10268879681825638,0.22851449251174927,-0.15901398658752441,0.07206906378269196,0.0522506982088089,-0.08357399702072144,0.42107629776000977,-0.16947177052497864,0.4335264265537262,0.062314338982105255,0.039010871201753616,-0.11775621771812439,-0.07103738933801651
196,331,585,351,606,-0.15521706640720367,-0.15898872911930084,-0.26212382316589355,0.9400792717933655,-0.16509151458740234,-0.2693253755569458,-0.27305132150650024,-0.1745484471321106,1.4300169944763184,-0.27141669392585754,0.4140338599681854,-0.20631173253059387,-0.07234411686658859,-0.2355739176273346,-0.1926974356174469,-0.2710599899291992,-0.05736101046204567,-0.05681101232767105,-0.27567729353904724,-0.0623929500579834,-0.22611932456493378,-0.276511013507843,0.09151045978069305,0.7838112115859985,-0.2676010727882385,-0.053859636187553406,-0.1886398047208786,-0.18950501084327698,-0.2735205888748169,-0.24482791125774384,-0.13347573578357697,-0.10999003797769547,-0.10127516090869904,2.644648790359497,-0.16007854044437408,-0.13506703078746796,-0.1963518261909485,-0.2215302437543869,0.009117727167904377,-0.2586473822593689,-0.023243805393576622,-0.20895302295684814,-0.274005264043808,-0.27507099509239197,-0.22306041419506073,0.849564790725708,-0.277768075466156,3.0652217864990234,2.2424020767211914,3.1833412647247314,-0.21749524772167206,-0.1718255579471588,2.9726200103759766,-0.2748942971229553,1.1335477828979492,-0.07001597434282303,-0.27825692296028137,1.0645805597305298,0.5364739298820496,-0.16007979214191437,3.936264991760254,0.7523391246795654,0.18700890243053436,-0.19465041160583496,0.050705939531326294,-0.08349258452653885,-0.20224902033805847,-0.24282006919384003,1.0391231775283813,-0.276222825050354,1.6716049909591675,-0.25855910778045654,-0.2784576714038849,1.040048599243164,-0.2569708228111267,-0.18222717940807343,-0.025261960923671722,-0.2233319729566574,-0.2781738042831421,-0.055287379771471024,-0.1745711714029312,-0.2612229883670807,-0.19874826073646545,-0.27242782711982727,1.6035822629928589,-0.09481684863567352,-0.22851698100566864,-0.0014952949713915586,0.8960570096969604,-0.1609427034854889,-0.0832660049200058,1.6808249950408936,0.08833295106887817,-0.27093538641929626,-0.27809691429138184,-0.05378822237253189,-0.27153828740119934,-0.14726410806179047,-0.2549285590648651,-0.012829147279262543,-0.24909421801567078,-0.07024874538183212,-0.24475976824760437,1.2812243700027466,-0.1994875967502594,3.032095193862915,-0.2688833177089691,-0.04874630272388458,-0.27659234404563904,-0.2751449644565582,1.4801467657089233,-0.2500389814376831,1.1800479888916016,-0.2539454996585846,0.1995704472064972,-0.02033405564725399,2.8501534461975098,0.8372567296028137,-0.2671842575073242,0.49709653854370117,-0.03717077895998955,0.9765461087226868,-0.21835088729858398,1.3933366537094116,-0.19274510443210602,0.5787739157676697,-0.2738826274871826,-0.2763116657733917
197,528,642,545,665,-0.2782590389251709,-0.26088574528694153,-0.13111841678619385,1.2893006801605225,-0.25199857354164124,-0.2694985568523407,-0.2759511470794678,-0.2765901982784271,-0.05784822255373001,-0.2287932187318802,0.14565162360668182,-0.2263539731502533,-0.21887218952178955,3.064121723175049,1.1730997562408447,-0.24836984276771545,-0.17614984512329102,0.7968438863754272,-0.27841928601264954,-0.2458547055721283,-0.2768411636352539,2.549814224243164,-0.26851651072502136,-0.16216649115085602,2.430727005004883,-0.21973948180675507,0.6596865057945251,-0.09124474227428436,-0.2574041187763214,-0.15739642083644867,-0.08163058757781982,-4.218713365844451e-05,-0.26030755043029785,1.8312426805496216,-0.26050227880477905,-0.14421293139457703,0.37978699803352356,-0.08011641353368759,-0.10910743474960327,-0.2776928246021271,0.20116639137268066,0.13735702633857727,1.4798520803451538,1.7109743356704712,-0.1920602023601532,0.6061177253723145,-0.27173730731010437,1.368312954902649,0.13408434391021729,-0.21218755841255188,1.330501675605774,0.9939999580383301,1.013946533203125,-0.2354959100484848,-0.24049055576324463,-0.27326932549476624,1.0921403169631958,0.3291270434856415,2.143533229827881,-0.27715370059013367,-0.277843713760376,0.12869802117347717,0.10530424118041992,0.9694907665252686,0.9951614737510681,-0.27795082330703735,-0.26316720247268677,0.6432165503501892,-0.27845484018325806,-0.2613813877105713,1.7243236303329468,-0.1406996101140976,-0.232807457447052,-0.18352048099040985,0.23339854180812836,-0.11656622588634491,-0.14582374691963196,-0.13912494480609894,-0.1988225281238556,-0.12759050726890564,0.31244179606437683,-0.24302895367145538,-0.27394041419029236,-0.24902135133743286,-0.2602570056915283,-0.015139756724238396,-0.11900851130485535,-0.27377450466156006,-0.23487050831317902,-0.27058112621307373,-0.2631654441356659,0.23381973803043365,-0.1101977527141571,0.26011934876441956,-0.2631835341453552,0.5114123225212097,-0.2457210272550583,-0.25009843707084656,-0.1812102049589157,-0.2533855438232422,0.5896956920623779,-0.07749291509389877,1.2165671586990356,0.3713054060935974,-0.04001174494624138,0.018836602568626404,0.263486385345459,-0.22616805136203766,-0.23088189959526062,-0.2549198567867279,-0.2368990033864975,0.1300344169139862,1.1634453535079956,0.24514047801494598,-0.27707451581954956,-0.09597527980804443,-0.25142449140548706,-0.023910488933324814,0.7110594511032104,-0.06831617653369904,0.08193662762641907,0.02434857375919819,-0.2762506902217865,1.9571703672409058,-0.20945166051387787,-0.27411600947380066,-0.2352599799633026,-0.03822772204875946
198,664,369,685,390,-0.21533453464508057,-0.27581655979156494,0.16020692884922028,0.971355676651001,-0.07389265298843384,-0.2519707977771759,0.180990070104599,-0.24357694387435913,-0.2679058313369751,-0.182449072599411,2.341874837875366,0.16850276291370392,-0.2753540575504303,0.723222017288208,-0.17580999433994293,-0.2053287923336029,-0.1747708022594452,-0.03191531077027321,-0.1078750491142273,-0.2709982395172119,-0.21309751272201538,-0.1961062103509903,-0.27777910232543945,-0.12800240516662598,0.21421833336353302,-0.2772054076194763,-0.0370798334479332,-0.23110529780387878,0.13725031912326813,-0.26251155138015747,-0.16589581966400146,-0.12293118238449097,-0.1787641942501068,0.8681861162185669,-0.2148861289024353,-0.2256271094083786,-0.2501191198825836,-0.23371732234954834,-0.15115121006965637,-0.23099523782730103,-0.26992863416671753,-0.2058362513780594,0.03958819806575775,0.9555162191390991,-0.27789008617401123,-0.277328222990036,-0.22446340322494507,0.8410412073135376,2.5326004028320312,1.8008930683135986,-0.03564619645476341,-0.2692975103855133,0.18309129774570465,-0.07067989557981491,-0.22443996369838715,-0.22926917672157288,-0.2662375569343567,1.3070706129074097,0.5084962844848633,-0.2375699132680893,1.8919869661331177,1.3358914852142334,-0.11356186121702194,2.9050416946411133,0.23857711255550385,-0.2676031291484833,-0.08463110029697418,0.5883495211601257,0.017324574291706085,1.9024722576141357,0.4124588966369629,-0.2777259647846222,-0.20106062293052673,0.6815342307090759,-0.26905855536460876,-0.2782875895500183,-0.27419447898864746,-0.2784580588340759,-0.1163586974143982,-0.07715405523777008,-0.27695974707603455,-0.26902198791503906,-0.2767601013183594,0.5641652941703796,-0.26752161979675293,-0.18839874863624573,-0.23188921809196472,-0.07809723168611526,-0.23014506697654724,-0.26195648312568665,-0.24190235137939453,0.28921011090278625,-0.2317088544368744,-0.2630336880683899,-0.1609223634004593,0.20309233665466309,-0.26285964250564575,-0.2703813910484314,-0.18777227401733398,-0.08829603344202042,-0.21909357607364655,-0.2372632920742035,0.6223039031028748,0.7352219820022583,-0.1147255003452301,0.8287733197212219,-0.23122115433216095,-0.27840864658355713,-0.030115578323602676,-0.07286722213029861,-0.26604849100112915,-0.2749811112880707,0.8445080518722534,-0.1875133514404297,0.1269216388463974,-0.10395350307226181,2.9352293014526367,0.259211927652359,-0.1183469295501709,0.2006222903728485,-0.21674342453479767,0.14588020741939545,-0.2657391130924225,1.5084526538848877,-0.10019822418689728,-0.017863206565380096,0.09664610028266907,-0.27832216024398804
199,538,431,554,446,-0.1800481081008911,-0.16009114682674408,-0.2720118463039398,1.311874270439148,-0.08971139788627625,-0.17868715524673462,0.07243017107248306,-0.24940069019794464,-0.24792391061782837,-0.11835716664791107,-0.09068956226110458,-0.10941153764724731,-0.10744792222976685,-0.20824982225894928,0.11267787963151932,-0.27776721119880676,-0.043708156794309616,-0.12394499778747559,-0.24469080567359924,-0.2522233724594116,-0.20642471313476562,0.7592337131500244,-0.27794596552848816,3.028101921081543,1.3668581247329712,-0.07534309476613998,-0.2133564054965973,-0.2430313229560852,-0.1577112078666687,-0.16588947176933289,-0.2099117487668991,-0.173848956823349,-0.2674202620983124,2.108633518218994,-0.2413194328546524,-0.15582530200481415,0.5735428333282471,-0.18219050765037537,-0.23716816306114197,-0.27810925245285034,0.21484801173210144,0.36535102128982544,1.3134045600891113,1.2832800149917603,-0.18430763483047485,1.329958438873291,-0.23684294521808624,3.362452507019043,3.7970402240753174,0.46994590759277344,2.0384790897369385,-0.217019185423851,2.390103816986084,-0.204533189535141,2.245936155319214,-0.06686090677976608,1.9229570627212524,1.2832112312316895,3.883064031600952,-0.19888058304786682,2.1817710399627686,-0.1300649493932724,-0.1671341210603714,0.9272941946983337,-0.020537689328193665,-0.09237512946128845,-0.21059741079807281,-0.2774501144886017,-0.27587950229644775,-0.21788851916790009,1.031327247619629,-0.10053461790084839,-0.1355312466621399,-0.09264034032821655,-0.2783781886100769,-0.25069841742515564,-0.1371965855360031,-0.07186542451381683,-0.2742066979408264,-0.1542840301990509,1.6818441152572632,-0.26073646545410156,-0.23290443420410156,-0.07979599386453629,0.15602323412895203,-0.016100425273180008,-0.10377859324216843,-0.09356802701950073,0.2075016349554062,-0.26200416684150696,-0.17712773382663727,0.3834766149520874,-0.1602068692445755,0.6629837155342102,0.6583384275436401,-0.024329591542482376,-0.266009122133255,-0.25778037309646606,-0.2301909178495407,-0.27565234899520874,-0.2754608988761902,-0.13859282433986664,0.36076557636260986,2.800361156463623,-0.07340952008962631,4.127767562866211,-0.2624322772026062,-0.05892223119735718,-0.23573562502861023,-0.24681860208511353,0.03996758535504341,0.4060215651988983,6.6294097900390625,-0.1279536783695221,-0.2520482838153839,0.5291582942008972,0.23387371003627777,0.41346216201782227,-0.1015394926071167,-0.09748721122741699,-0.035368289798498154,-0.09413577616214752,-0.27845248579978943,1.4213756322860718,-0.14105536043643951,-0.2686367928981781,-0.17403902113437653,-0.1673651933670044
200,344,582,361,600,-0.24179141223430634,-0.26880285143852234,-0.20494674146175385,1.3804733753204346,-0.14738939702510834,-0.27581581473350525,0.3165443241596222,-0.24635149538516998,-0.17441564798355103,0.8801222443580627,-0.2086012065410614,-0.17568160593509674,-0.2672972083091736,-0.2784154713153839,0.931561291217804,-0.2229396253824234,-0.22486591339111328,4.972446918487549,-0.2644324004650116,-0.08374696224927902,-0.2633572220802307,-0.18448327481746674,-0.22759318351745605,3.692676067352295,0.28328511118888855,3.0678491592407227,-0.2396262139081955,-0.06738969683647156,-0.2748645842075348,0.9617948532104492,0.6333308219909668,-0.14693628251552582,0.040364738553762436,-0.276477575302124,-0.27114808559417725,-0.2763436734676361,0.34577080607414246,2.725275993347168,-0.2543472647666931,0.03761705011129379,1.7739710807800293,0.5518072247505188,-0.19449397921562195,-0.19972020387649536,-0.27465346455574036,2.430009126663208,-0.2748242914676666,1.5550205707550049,-0.2749730050563812,-0.14709152281284332,0.3588476777076721,0.6837583184242249,-0.2730024755001068,0.04633738473057747,-0.18976520001888275,-0.2745409905910492,1.6132750511169434,-0.21571099758148193,-0.14981704950332642,-0.20037050545215607,-0.2666436731815338,-0.17694103717803955,-0.07060380280017853,-0.1807275265455246,-0.22049888968467712,-0.2749176323413849,-0.09566391259431839,-0.25558167695999146,2.544281005859375,-0.20870518684387207,0.08154793083667755,0.4385710656642914,-0.12262217700481415,-0.21102622151374817,-0.26629868149757385,0.9576060175895691,-0.27681976556777954,-0.2239995002746582,-0.24675507843494415,-0.15821301937103271,0.33107390999794006,-0.26574286818504333,-0.2737886607646942,-0.27844351530075073,3.1415767669677734,-0.054051581770181656,-0.07966640591621399,-0.11159629374742508,3.290489435195923,-0.25182220339775085,-0.2396499663591385,-0.27819308638572693,-0.03759557008743286,0.5198199152946472,-0.19403623044490814,-0.2626270651817322,0.11198905110359192,-0.26341041922569275,-0.277724027633667,-0.23968985676765442,3.0267953872680664,1.7313710451126099,-0.24627333879470825,0.07922510802745819,0.6694611310958862,-0.27656736969947815,0.05777668580412865,-0.18894773721694946,-0.21860264241695404,-0.2725737690925598,2.7593019008636475,0.5751770734786987,-0.27841901779174805,2.8005220890045166,-0.18154555559158325,0.4432118535041809,-0.18351972103118896,1.067389726638794,0.573667049407959,-0.0031962839420884848,0.4112570583820343,1.1089553833007812,-0.20770689845085144,1.4161653518676758,0.7590103149414062,-0.21277889609336853,-0.1422545164823532,0.525516927242279
201,313,593,331,610,-0.235996812582016,-0.2670097351074219,0.013851325958967209,1.2846556901931763,-0.2728184759616852,-0.2723083794116974,0.40200570225715637,-0.21766440570354462,-0.076397605240345,-0.18021738529205322,0.14241145551204681,-0.2707464396953583,-0.1384737193584442,2.989781618118286,0.3087243437767029,-0.10175921022891998,-0.2526242434978485,3.915764808654785,-0.26313847303390503,0.9482290148735046,-0.19536712765693665,-0.22382010519504547,0.13958780467510223,-0.22302953898906708,2.0412399768829346,1.3948980569839478,0.7197855114936829,-0.24155738949775696,0.6136325001716614,1.0839067697525024,-0.25226056575775146,-0.23342745006084442,-0.1548086255788803,-0.050480328500270844,-0.2579021751880646,-0.23330792784690857,0.08973956108093262,1.8441026210784912,-0.13642984628677368,0.05672523379325867,-0.0527360662817955,0.05299221724271774,-0.028157558292150497,2.3196358680725098,-0.2212018370628357,0.33755892515182495,-0.24208322167396545,0.053180381655693054,-0.12700162827968597,0.92239910364151,0.28923583030700684,0.5165315270423889,1.870702862739563,-0.2274111658334732,-0.2643364369869232,0.20583349466323853,0.13856832683086395,-0.27449920773506165,1.0449961423873901,-0.2783563435077667,-0.2777010500431061,0.30846792459487915,0.3351919651031494,1.691764235496521,2.0933167934417725,0.78473961353302,-0.22276146709918976,3.0672104358673096,-0.18602481484413147,-0.04032609239220619,0.3471979796886444,-0.2655890882015228,0.14649568498134613,-0.2755610942840576,-0.06828387081623077,1.0655622482299805,-0.15538139641284943,-0.2147134691476822,-0.27688419818878174,-0.06640595197677612,0.12940452992916107,-0.2457517683506012,-0.20176152884960175,0.2580341100692749,-0.25739017128944397,-0.06964769214391708,-0.054858751595020294,-0.24350370466709137,1.2978034019470215,-0.21975789964199066,0.23886892199516296,-0.011629650369286537,-0.18541277945041656,0.009461437352001667,-0.27391016483306885,-0.08040783554315567,-0.06356032192707062,-0.2784145176410675,0.19882294535636902,-0.1687040627002716,0.8287134766578674,0.42671406269073486,0.4794119894504547,0.5173298120498657,0.9426240921020508,-0.2656856179237366,0.5805820822715759,-0.27702704071998596,-0.1375175267457962,-0.16242699325084686,-0.27173131704330444,-0.1358208954334259,-0.2559506595134735,0.7607459425926208,-0.1700739711523056,-0.0736389309167862,0.2903265655040741,0.6909160614013672,0.4009859263896942,-0.0033332130406051874,0.07840992510318756,0.0019491440616548061,-0.27811169624328613,1.8674876689910889,0.25157201290130615,-0.27844080328941345,-0.2547783851623535,-0.05731148645281792
202,376,550,393,568,0.7894001603126526,-0.24103154242038727,-0.276004821062088,1.212252140045166,-0.24263201653957367,-0.2148287296295166,0.7822681665420532,-0.2566346526145935,-0.15043728053569794,-0.14503595232963562,-0.2408260554075241,-0.2784455716609955,-0.24926616251468658,-0.16561849415302277,0.8891308307647705,-0.25511085987091064,-0.2264532893896103,0.6380428671836853,-0.22510498762130737,-0.2745658755302429,-0.275573194026947,0.36693277955055237,0.6840128302574158,1.9632351398468018,-0.14493577182292938,-0.18911321461200714,-0.18614567816257477,-0.2608477771282196,-0.23151011765003204,0.0660865381360054,0.004714122973382473,-0.2653983533382416,-0.26303499937057495,0.4803844392299652,-0.2661396563053131,-0.26792511343955994,0.23347978293895721,1.3310946226119995,0.6186115145683289,-0.25975826382637024,1.3710044622421265,0.3992258310317993,-0.12165725231170654,-0.2611294388771057,-0.2117423713207245,2.8941116333007812,-0.04297277703881264,3.4265918731689453,1.2227059602737427,0.6864930987358093,0.18840649724006653,-0.1465807557106018,1.5304678678512573,-0.2730247676372528,0.8227322101593018,-0.24825702607631683,2.2995729446411133,0.04821813106536865,0.4772055447101593,-0.14616312086582184,2.580577850341797,-0.25298887491226196,-0.011508364230394363,-0.2369619756937027,-0.08681144565343857,-0.20112022757530212,-0.10502849519252777,-0.22451215982437134,1.1282204389572144,-0.15122564136981964,0.855171263217926,0.8505846261978149,-0.27705004811286926,0.6387321949005127,-0.2778971493244171,-0.19031815230846405,1.1670418977737427,-0.25560325384140015,-0.2243378609418869,-0.11396408826112747,1.3786550760269165,-0.256909042596817,-0.26440301537513733,-0.20492129027843475,3.48317813873291,-0.04177359491586685,-0.14765910804271698,-0.13615195453166962,1.7077786922454834,-0.2313079535961151,-0.24982082843780518,-0.09403091669082642,1.1239874362945557,0.3692514896392822,-0.17472641170024872,-0.2784193754196167,-0.2707214057445526,-0.25732892751693726,-0.2681443989276886,-0.23392999172210693,-0.1993553340435028,-0.23488056659698486,-0.19228258728981018,1.1816961765289307,1.7675052881240845,2.48671293258667,-0.2714018225669861,1.7066963911056519,-0.20526917278766632,-0.2115015983581543,4.230340003967285,0.8215165138244629,3.0958452224731445,1.6215475797653198,-0.016360795125365257,0.6859250664710999,0.544126033782959,1.3973541259765625,0.16978922486305237,0.2698274254798889,-0.023052167147397995,0.8160936832427979,-0.276064932346344,1.2937723398208618,-0.029583439230918884,-0.23739518225193024,-0.2246752828359604,-0.07254467159509659
203,585,411,606,430,-0.2563786804676056,-0.2516918480396271,0.8915227055549622,0.8600512146949768,-0.27619054913520813,-0.26229551434516907,0.5214527249336243,-0.26647648215293884,0.01942881941795349,-0.27424541115760803,0.29922041296958923,0.06849338114261627,-0.16819840669631958,0.8859332799911499,-0.25487515330314636,-0.27843841910362244,-0.1205274686217308,1.7146953344345093,-0.2780403196811676,-0.141810342669487,-0.24646738171577454,-0.206996887922287,1.759018063545227,0.17206303775310516,1.0358771085739136,-0.2146540731191635,-0.261944442987442,-0.2636498510837555,-0.004265892785042524,0.45331573486328125,-0.2487085610628128,-0.050547368824481964,-0.23308685421943665,0.9745151996612549,-0.27711132168769836,-0.1107848659157753,-0.215088352560997,2.4064509868621826,-0.27116769552230835,-0.263960599899292,0.045775528997182846,-0.22663801908493042,-0.27281099557876587,0.7899433374404907,-0.08128564804792404,1.672531247138977,-0.2527602016925812,2.907228469848633,0.4513191282749176,2.3008408546447754,-0.2431144267320633,-0.22881513833999634,3.1355209350585938,-0.25701695680618286,0.2671251595020294,-0.19890771806240082,-0.26110368967056274,-0.26316967606544495,1.546823501586914,-0.203169047832489,0.5520482659339905,0.2959328293800354,-0.1852869689464569,-0.046420954167842865,0.7302022576332092,-0.2712737023830414,-0.027464093640446663,-0.12216833978891373,0.08014290779829025,-0.21468132734298706,0.9758128523826599,-0.23786486685276031,-0.27648547291755676,-0.009008261375129223,-0.232843279838562,-0.25182420015335083,-0.21106790006160736,-0.2736178934574127,-0.2624977231025696,-0.128940612077713,0.5761216878890991,-0.2665823698043823,-0.26983025670051575,-0.20536118745803833,0.1392369419336319,-0.07417269051074982,-0.20879389345645905,-0.01905108615756035,2.735255002975464,-0.25676393508911133,-0.09716963022947311,1.1032683849334717,-0.26995235681533813,-0.27832871675491333,-0.2782651484012604,-0.27316761016845703,-0.2494155913591385,-0.1418847292661667,-0.26061031222343445,0.2655518054962158,-0.26877641677856445,-0.24091783165931702,1.0467263460159302,1.4765105247497559,2.5898609161376953,1.0512279272079468,-0.2526279091835022,0.34755730628967285,-0.02218862809240818,-0.21479451656341553,-0.27330994606018066,-0.2389814257621765,1.4035429954528809,1.1323401927947998,0.03890420123934746,-0.06548970937728882,0.6712432503700256,1.1249487400054932,-0.24940255284309387,0.8230307102203369,-0.08966628462076187,0.670492947101593,-0.27458271384239197,1.378779649734497,-0.26922300457954407,-0.14436113834381104,-0.252046674489975,-0.2142687737941742
204,176,738,194,757,-0.2321639209985733,-0.26714813709259033,0.3357945680618286,1.272903323173523,-0.12020689249038696,-0.2569100558757782,-0.27086248993873596,-0.2735912799835205,-0.18082045018672943,-0.11150163412094116,0.04575362429022789,-0.24492138624191284,-0.18996353447437286,1.8740553855895996,1.8997639417648315,-0.275109201669693,-0.11379564553499222,0.7134141325950623,-0.2780485451221466,-0.2341991364955902,-0.05795734375715256,1.7890485525131226,-0.2777768075466156,0.3284958302974701,1.4910346269607544,-0.10144546627998352,-0.11535771936178207,-0.21247370541095734,-0.10643266141414642,-0.27845096588134766,-0.16709564626216888,0.042419057339429855,-0.24928070604801178,1.3700072765350342,-0.2687966525554657,-0.2783103883266449,0.2795284688472748,-0.12573157250881195,-0.1964653581380844,-0.2784644663333893,-0.08043134957551956,0.09634251892566681,1.5125411748886108,3.415925979614258,-0.20875395834445953,-0.09094538539648056,-0.26883283257484436,2.0014352798461914,-0.0018716383492574096,-0.2614012658596039,1.6162662506103516,1.5482211112976074,0.39741483330726624,-0.2783462703227997,0.8863816261291504,-0.24036739766597748,1.3666610717773438,0.6810122728347778,3.1409752368927,-0.22562463581562042,-0.26350146532058716,-0.19120091199874878,-0.18172487616539001,1.2136808633804321,0.20411919057369232,-0.16483314335346222,-0.2782711386680603,-0.0686526671051979,-0.2568403482437134,-0.22947509586811066,1.4362835884094238,0.279777854681015,-0.2692541480064392,-0.2674788236618042,0.2194034308195114,0.2909497618675232,-0.24111555516719818,-0.2439764142036438,0.15583662688732147,-0.02826572023332119,-0.14380210638046265,-0.2684193253517151,-0.2749861478805542,-0.015114125795662403,-0.2784613370895386,-0.03768787160515785,-0.1360597312450409,-0.2563810348510742,-0.2699946165084839,-0.214840829372406,-0.27846261858940125,-0.2669203281402588,-0.1076856255531311,0.2374812513589859,0.052101895213127136,1.0254193544387817,-0.2513924837112427,-0.27210766077041626,-0.2649681866168976,-0.2393178790807724,2.0231637954711914,-0.13256806135177612,0.5524349212646484,0.5066238045692444,-0.17041705548763275,0.13743208348751068,-0.14253926277160645,-0.24251092970371246,-0.11786191910505295,-0.23538638651371002,-0.27368953824043274,0.5364406108856201,0.529353141784668,0.2909982204437256,-0.24663890898227692,0.1647636592388153,-0.21705323457717896,0.1555950939655304,0.5214496850967407,-0.24672649800777435,-0.09255193173885345,0.13731195032596588,-0.2746293842792511,0.456799179315567,-0.133975550532341,-0.2728846073150635,-0.19933325052261353,-0.036181848496198654
205,209,762,253,792,0.3907814621925354,-0.2576380968093872,-0.15339097380638123,1.2013295888900757,-0.17807945609092712,-0.05861654877662659,0.6861245632171631,-0.2452508509159088,-0.1567625105381012,-0.19779199361801147,0.002543210983276367,1.7759921550750732,-0.2300000935792923,0.10193827748298645,0.6081202626228333,-0.232651486992836,-0.11231543868780136,0.6786194443702698,0.54294353723526,0.17460709810256958,-0.03811441361904144,0.37391921877861023,0.36607488989830017,1.2195407152175903,0.5632333159446716,1.5347967147827148,-0.20932605862617493,-0.1780851185321808,0.4172629714012146,1.468880295753479,-0.1536199450492859,-0.20952261984348297,-0.18505510687828064,0.27051734924316406,-0.19698530435562134,0.4858946204185486,0.05508532375097275,0.8165300488471985,-0.0884961187839508,-0.0010336078703403473,0.41680657863616943,0.10357840359210968,0.1344875693321228,0.9267215132713318,0.4116266965866089,0.3056338429450989,-0.2317613661289215,1.178945541381836,0.721799910068512,0.39457136392593384,1.2409448623657227,0.702730119228363,0.481016606092453,-0.22685787081718445,1.049115777015686,-0.1899818480014801,1.276439905166626,1.2055339813232422,1.4152480363845825,-0.19282111525535583,0.3375818431377411,-0.12683573365211487,-0.06216908246278763,0.3374635577201843,-0.03258263319730759,0.5734118819236755,0.0811104029417038,0.04184376448392868,0.15183612704277039,-0.19713710248470306,0.3778130114078522,-0.132823646068573,-0.1149117648601532,0.8069247603416443,-0.19538614153862,0.37664473056793213,0.28484782576560974,-0.19628769159317017,-0.14975082874298096,-0.21387474238872528,0.3770626187324524,-0.2310759425163269,-0.2527425289154053,0.5765485167503357,1.0771411657333374,-0.17864587903022766,-0.2456350475549698,-0.20986172556877136,0.5147355794906616,-0.26482945680618286,-0.16888897120952606,0.13146500289440155,0.18591316044330597,0.07049381732940674,-0.0003434717655181885,0.08754907548427582,-0.18989193439483643,-0.1012144461274147,-0.25492987036705017,-0.12151981145143509,0.4667900502681732,-0.19616371393203735,0.12368978559970856,0.4982914328575134,1.5489568710327148,0.6987562775611877,-0.10478416085243225,0.36518174409866333,0.04310460388660431,-0.24843162298202515,1.1402125358581543,0.26293009519577026,0.748717725276947,0.4798550605773926,0.08154070377349854,0.2250179946422577,0.5012519955635071,0.7406558394432068,0.14901968836784363,0.18418867886066437,-0.08388587087392807,0.431805819272995,-0.20811057090759277,0.8591746687889099,0.1580374836921692,0.45512285828590393,-0.22084824740886688,-0.12632866203784943
206,195,620,218,639,0.2924470901489258,-0.27196499705314636,-0.2529660761356354,1.2035988569259644,-0.11108341813087463,-0.2318643182516098,1.3521876335144043,-0.2553403973579407,-0.26258012652397156,-0.27846282720565796,0.08742809295654297,-0.011496668681502342,-0.2773057818412781,0.25094497203826904,1.1706836223602295,-0.14272499084472656,-0.2557758092880249,-0.2182532101869583,-0.19134226441383362,0.3704758286476135,-0.14264480769634247,1.0888108015060425,-0.1939985603094101,0.8771082162857056,0.4737793505191803,-0.2783043086528778,-0.2668728828430176,-0.20125435292720795,-0.10378163307905197,-0.25654929876327515,-0.23677945137023926,-0.27621394395828247,-0.2207966446876526,0.373065710067749,-0.08469325304031372,-0.27817752957344055,-0.09963048249483109,-0.26839980483055115,-0.2654481530189514,0.05630001053214073,-0.05679565295577049,0.0070329708978533745,0.08165034651756287,0.005905978847295046,-0.2783997654914856,0.022777125239372253,-0.2751699686050415,1.217118263244629,1.4601460695266724,0.15045951306819916,0.6339605450630188,0.1038956269621849,0.5455618500709534,-0.2452688068151474,0.1557491272687912,-0.2732263207435608,0.27593666315078735,1.1457431316375732,0.5463630557060242,-0.24961711466312408,1.6330809593200684,0.2362755537033081,-0.042772334069013596,0.20985743403434753,0.1877998262643814,-0.27056893706321716,-0.2327541559934616,-0.05865013226866722,0.5254272818565369,-0.09620790183544159,1.1831719875335693,-0.2637843191623688,-0.16615135967731476,0.22385048866271973,-0.23337262868881226,-0.18501120805740356,-0.20404405891895294,-0.2411150485277176,-0.054687533527612686,-0.17309238016605377,0.6609526872634888,-0.2543419599533081,-0.27820274233818054,-0.07191586494445801,0.6812734007835388,-0.13869228959083557,-0.2765183746814728,-0.21607175469398499,0.10850593447685242,-0.2774375081062317,-0.2516491115093231,0.6782644391059875,-0.21812759339809418,-0.17590315639972687,-0.07236330956220627,-0.0273203756660223,-0.27845704555511475,-0.25618264079093933,-0.21961188316345215,-0.1044914498925209,-0.10086532682180405,-0.20638447999954224,-0.07420336455106735,0.4364226162433624,-0.22773292660713196,1.7918301820755005,-0.0058640893548727036,0.8274322152137756,-0.2784530222415924,-0.16661204397678375,0.30050554871559143,-0.14653977751731873,1.727461814880371,-0.018815647810697556,-0.16850149631500244,0.05165017396211624,0.01180051825940609,0.5157687664031982,0.011391356587409973,0.7068862318992615,-0.09019676595926285,0.3854748010635376,-0.032122865319252014,1.3350154161453247,0.19599275290966034,-0.0231761671602726,-0.24267910420894623,-0.17041093111038208
207,524,501,541,524,0.3201313018798828,-0.27110475301742554,0.5362074971199036,1.2902648448944092,-0.2632948160171509,-0.20398393273353577,0.26435333490371704,-0.2207997441291809,-0.19050341844558716,-0.2775106132030487,-0.18353226780891418,-0.2751946449279785,-0.20696009695529938,3.0910685062408447,1.5034605264663696,-0.18866018950939178,-0.1250401735305786,2.1520934104919434,-0.23431693017482758,-0.13986660540103912,-0.27063584327697754,1.445114254951477,-0.20636716485023499,-0.2029031217098236,-0.056546401232481,-0.2781151831150055,-0.14239417016506195,-0.19251643121242523,1.0779136419296265,-0.27439573407173157,-0.2416357547044754,-0.26789391040802,-0.24877668917179108,0.34000328183174133,-0.13492783904075623,-0.2758379280567169,0.25834742188453674,-0.2624237537384033,-0.2776578962802887,0.5312771201133728,-0.1737343966960907,0.08619185537099838,0.30107104778289795,1.5102630853652954,-0.27803096175193787,0.5126208066940308,-0.19237127900123596,0.652803897857666,-0.2784554362297058,-0.16529376804828644,0.6876569390296936,-0.032424814999103546,0.4843715727329254,-0.2784421145915985,2.469376802444458,0.286324679851532,0.43171563744544983,-0.26950177550315857,1.2647559642791748,-0.2132614254951477,-0.16678211092948914,0.6209457516670227,-0.20440851151943207,1.8250387907028198,2.8879799842834473,0.026753000915050507,-0.11165793240070343,0.8940303921699524,-0.26939117908477783,-0.2773774564266205,0.9530834555625916,-0.239054337143898,-0.07974464446306229,-0.27529677748680115,-0.03856334835290909,0.19451996684074402,0.6261944770812988,-0.27803462743759155,0.2407035380601883,-0.13362979888916016,-0.0975368395447731,-0.22264789044857025,-0.27197614312171936,-0.27416908740997314,-0.03909037262201309,-0.15078924596309662,-0.24692828953266144,0.002369029214605689,1.224019169807434,-0.2753521203994751,-0.26438942551612854,-0.27746886014938354,-0.19382058084011078,0.025648869574069977,0.3345060348510742,-0.007147740572690964,0.0366317480802536,-0.23992976546287537,0.062266670167446136,-0.18192648887634277,1.8994630575180054,-0.2470075935125351,-0.09314058721065521,0.9511022567749023,-0.13393442332744598,0.00039363489486277103,-0.08506122976541519,-0.2772565186023712,-0.27832460403442383,0.10164649784564972,-0.06200185418128967,-0.048649489879608154,0.5365172028541565,1.3186973333358765,-0.25748971104621887,-0.019600585103034973,0.1918400377035141,-0.2523552477359772,-0.03685631603002548,0.19124187529087067,0.18067428469657898,0.1645413488149643,-0.26054808497428894,0.1631292998790741,-0.016603117808699608,-0.12203766405582428,-0.27685144543647766,0.004306945484131575
208,663,610,702,651,0.3398616313934326,-0.24294297397136688,0.4220525622367859,1.089415192604065,-0.17470401525497437,-0.202754944562912,0.47741377353668213,-0.27645060420036316,-0.08791568130254745,-0.2242012768983841,0.6216694116592407,-0.0375637412071228,-0.2471616566181183,0.5002117156982422,0.6497670412063599,-0.1908375471830368,-0.05744233727455139,-0.032880306243896484,0.6531440019607544,-0.09265442192554474,-0.13257652521133423,0.4779617190361023,0.1730564683675766,0.05234387516975403,-0.12823453545570374,0.19342613220214844,-0.14482863247394562,-0.2086455374956131,1.0170128345489502,-0.15116842091083527,-0.2270408272743225,-0.16957607865333557,-0.1157013475894928,1.1773549318313599,-0.07018355280160904,-0.17287223041057587,-0.12404900789260864,0.1424042135477066,-0.2569909393787384,0.05044470727443695,0.27088966965675354,0.03932489827275276,0.7475969195365906,0.18338431417942047,-0.1706228405237198,0.12593410909175873,-0.2541678547859192,2.559396743774414,0.9303755164146423,0.4584963321685791,-0.005841255187988281,0.15890853106975555,0.1390930712223053,-0.05066452920436859,0.42865222692489624,-0.19527456164360046,0.9000101089477539,0.5179104208946228,0.5888378620147705,-0.2047613561153412,1.454954981803894,0.29231294989585876,0.17877936363220215,1.9355775117874146,-0.026958532631397247,-0.19466237723827362,-0.10480767488479614,-0.11668981611728668,1.073036789894104,0.1806773692369461,0.606412410736084,0.3315289616584778,-0.2572932243347168,0.7273796796798706,-0.1450214982032776,-0.16734132170677185,1.369541049003601,-0.23362287878990173,1.3125543594360352,-0.18790964782238007,-0.24485750496387482,-0.24003875255584717,-0.26171863079071045,-0.21389999985694885,0.15575774013996124,-0.10179561376571655,-0.1823156177997589,-0.11884484440088272,0.24528080224990845,-0.24269843101501465,-0.20590370893478394,0.11156101524829865,0.5870997309684753,-0.22559592127799988,0.1416635811328888,-0.09411448240280151,-0.21425709128379822,-0.24477894604206085,-0.13216455280780792,-0.13113555312156677,0.3767143785953522,-0.2155025750398636,0.1663302183151245,0.8256890177726746,-0.12674885988235474,1.0312732458114624,-0.15673702955245972,0.931358814239502,0.08181978762149811,-0.2142084687948227,1.4339100122451782,-0.10752570629119873,1.107994556427002,0.5364966988563538,0.041931815445423126,0.016408734023571014,0.7923728227615356,-0.11037809401750565,-0.0031968355178833008,0.33904218673706055,-0.060743872076272964,1.038587212562561,0.048665232956409454,0.22861869633197784,0.02361270785331726,0.17102622985839844,0.1803310513496399,-0.25128471851348877
209,225,269,243,289,0.02046121656894684,-0.2501598596572876,-0.1604657620191574,1.2824993133544922,-0.2072436511516571,-0.25702694058418274,0.4139383137226105,-0.20681077241897583,-0.25138258934020996,-0.249215230345726,0.09200277924537659,-0.05165614187717438,-0.23627936840057373,0.22259941697120667,1.6175113916397095,-0.15715593099594116,-0.2054046243429184,-0.10710269212722778,-0.2045975774526596,0.24443228542804718,-0.14814412593841553,1.5314462184906006,-0.1705445498228073,1.1178282499313354,1.4198333024978638,-0.25828438997268677,-0.18325117230415344,0.01726268231868744,0.19075505435466766,-0.22532787919044495,-0.24429970979690552,0.21029271185398102,-0.17884649336338043,0.8246323466300964,-0.163155660033226,-0.197890505194664,0.045615166425704956,-0.1745673418045044,-0.2777043879032135,-0.13906587660312653,-0.060578353703022,0.18818092346191406,0.9491594433784485,0.5927382707595825,-0.10108594596385956,-0.03912690281867981,-0.17700248956680298,1.3852667808532715,0.7144603729248047,-0.018474720418453217,1.2064200639724731,0.722714364528656,0.10867675393819809,-0.21296443045139313,0.22494369745254517,-0.24123308062553406,0.5251772999763489,1.2799599170684814,1.325115442276001,-0.25525906682014465,0.6652176380157471,0.34219789505004883,-0.12660127878189087,1.1965365409851074,-0.003722265362739563,-0.19182372093200684,-0.24437221884727478,0.19535067677497864,0.0435933992266655,0.13172435760498047,1.3328778743743896,0.006382785737514496,-0.17127151787281036,0.2311183214187622,0.008227493613958359,0.010990872979164124,-0.17008544504642487,-0.2166239321231842,-0.053677961230278015,-0.22176049649715424,0.27487021684646606,-0.13433903455734253,-0.2622377872467041,0.07693390548229218,0.055637042969465256,-0.16704507172107697,-0.201951265335083,-0.2550390660762787,-0.11166653782129288,-0.20127174258232117,-0.18437445163726807,-0.0010093450546264648,-0.13580062985420227,0.05971764773130417,-0.08130116760730743,0.33405739068984985,-0.23289033770561218,-0.095282644033432,-0.22649595141410828,-0.20905014872550964,0.6559556126594543,-0.24135151505470276,0.23011326789855957,0.22746407985687256,-0.19602267444133759,1.13288152217865,0.11110442876815796,-0.15278881788253784,-0.19178706407546997,-0.057546161115169525,-0.20831865072250366,0.32376760244369507,0.8577285408973694,-0.05442669242620468,-0.051693692803382874,0.13205650448799133,0.3784020245075226,0.2298230081796646,0.1678289920091629,0.14727571606636047,-0.08376840502023697,0.3779274821281433,-0.241517573595047,0.9893696904182434,0.07981490343809128,-0.1598144918680191,-0.2227274477481842,-0.03738057613372803
210,181,330,199,350,0.9456102252006531,-0.27760833501815796,-0.0602027103304863,1.146661639213562,-0.11784157902002335,-0.27176785469055176,1.0116435289382935,-0.18160663545131683,-0.23352700471878052,-0.2747138738632202,0.3641373813152313,-0.2763303518295288,-0.1361168920993805,0.4537869989871979,0.27757465839385986,-0.009701217524707317,-0.2560558319091797,-0.10747119039297104,-0.27384039759635925,0.0995674803853035,-0.14731889963150024,0.2738787531852722,0.09337116777896881,0.23476210236549377,0.08350467681884766,-0.2689397633075714,-0.04817556217312813,-0.2779223918914795,1.0129843950271606,-0.1831260621547699,-0.27403920888900757,-0.23497524857521057,-0.14173562824726105,0.9824379682540894,-0.11285701394081116,-0.2649695575237274,-0.12079635262489319,-0.07269822806119919,-0.2768729329109192,0.693630039691925,-0.18373291194438934,-0.09985408186912537,-0.18897655606269836,0.8934699296951294,-0.11509536951780319,-0.07772359251976013,-0.1741448938846588,0.5012023448944092,0.7395720481872559,0.6018006205558777,0.4482385814189911,-0.1347522735595703,1.2722173929214478,-0.24455364048480988,0.6662186980247498,-0.246965691447258,-0.034260343760252,0.43305161595344543,0.5771903991699219,-0.25102752447128296,0.5173147320747375,1.388822317123413,-0.09925168007612228,1.2938777208328247,1.283681869506836,-0.23388051986694336,-0.26956090331077576,0.9908246397972107,0.3786039650440216,0.35838767886161804,1.166595220565796,-0.26145002245903015,0.003934318665415049,0.09910555928945541,-0.1720387041568756,-0.10831411182880402,0.26830706000328064,-0.2558313310146332,-0.19834670424461365,-0.07873471826314926,-0.011467701755464077,-0.24304388463497162,-0.27790623903274536,-0.24043218791484833,-0.028678905218839645,-0.2511352300643921,-0.27546536922454834,-0.276104211807251,0.4657946825027466,-0.277506560087204,-0.25625088810920715,0.06132342293858528,-0.05025019124150276,-0.26726147532463074,-0.056315455585718155,-0.14837872982025146,-0.2547539472579956,-0.19445334374904633,-0.16847139596939087,-0.0844426229596138,0.20574644207954407,0.3903050124645233,0.25536587834358215,0.8883456587791443,-0.25042152404785156,1.1669938564300537,0.0796002671122551,-0.2784256041049957,-0.27828511595726013,-0.033439259976148605,0.14094318449497223,-0.23772236704826355,1.2956304550170898,-0.07267487794160843,0.18365761637687683,-0.054363418370485306,1.2186108827590942,-0.04277113825082779,-0.026759279891848564,0.40137553215026855,-0.12492085248231888,0.36092883348464966,-0.2743614912033081,0.5163164138793945,0.16416354477405548,-0.006092870607972145,-0.09682844579219818,-0.18982087075710297
211,124,576,144,595,0.12183508276939392,-0.2764502763748169,0.8166930079460144,1.251597285270691,-0.21027299761772156,-0.277652382850647,-0.021860800683498383,-0.24026848375797272,-0.18004530668258667,-0.22623535990715027,0.5614386796951294,2.188626289367676,-0.2316991239786148,1.263917326927185,0.861261785030365,-0.15109051764011383,-0.2693069577217102,0.5434954166412354,0.13662388920783997,-0.15068358182907104,-0.13146600127220154,0.5040319561958313,-0.15509119629859924,0.2825128138065338,1.5016536712646484,1.349073052406311,0.09353773295879364,-0.27038639783859253,0.256011426448822,0.029927104711532593,-0.2748982310295105,-0.04020027816295624,-0.023490935564041138,0.5015809535980225,-0.22123926877975464,-0.14675341546535492,0.042415469884872437,-0.206001877784729,-0.18876513838768005,0.35468557476997375,-0.008173927664756775,0.09878198802471161,1.3277539014816284,2.2386457920074463,-0.20532387495040894,0.03889121487736702,-0.24208325147628784,1.8270690441131592,0.3825983703136444,0.08318734169006348,0.6199975609779358,1.4287819862365723,0.14244668185710907,-0.0679166167974472,0.7486039996147156,-0.2487865388393402,1.5208314657211304,0.7756525278091431,1.4844646453857422,-0.21231023967266083,0.7308157682418823,0.511008083820343,-0.1495237499475479,0.6709060668945312,-0.07521358877420425,-0.12350255995988846,-0.2759290337562561,0.2467844933271408,-0.003907591104507446,0.011968031525611877,0.3580004572868347,0.1075078547000885,-0.11298323422670364,0.8965816497802734,-0.2003219723701477,0.16738981008529663,0.009136795997619629,-0.26744288206100464,0.17834226787090302,-0.09530901163816452,-0.0032184645533561707,-0.22689461708068848,-0.25339606404304504,1.198347568511963,-0.04099266976118088,-0.14684708416461945,-0.0464818999171257,-0.16224262118339539,0.38080886006355286,-0.2055606245994568,-0.09930847585201263,-0.10677146166563034,0.015467729419469833,0.3085307776927948,0.15935765206813812,0.313745379447937,-0.2254401445388794,0.042307525873184204,-0.21552547812461853,-0.18172694742679596,1.6277669668197632,-0.1829085648059845,1.2012020349502563,0.6178765296936035,-0.12242934107780457,0.4865063428878784,0.05411548167467117,-0.19492080807685852,0.15171310305595398,-0.23120740056037903,0.07538552582263947,0.5218532681465149,0.5764533877372742,0.19380861520767212,0.09856420755386353,0.23579218983650208,0.6237779259681702,0.5718858242034912,0.9113948941230774,0.03024444729089737,-0.11133357882499695,0.4335976243019104,-0.1791125237941742,0.6310279369354248,0.011387810111045837,-0.07707691937685013,-0.19882425665855408,-0.15988770127296448
212,373,535,387,553,1.1486502885818481,-0.2770821452140808,-0.011443100869655609,1.0751795768737793,-0.07616137713193893,-0.2775876522064209,0.5435147285461426,-0.27389052510261536,-0.22766973078250885,-0.2667537331581116,0.7432339191436768,-0.24112708866596222,-0.27729880809783936,2.280500888824463,-0.1779184192419052,-0.1911935657262802,-0.1250620186328888,-0.03870926797389984,-0.2430141419172287,-0.27844294905662537,-0.2550181448459625,-0.09196657687425613,-0.10551635175943375,-0.2736116945743561,-0.15025050938129425,-0.2529122233390808,-0.22379373013973236,-0.26614904403686523,1.1765761375427246,0.21148833632469177,-0.26763972640037537,-0.1294385939836502,-0.1505419760942459,0.5132432579994202,-0.2312890589237213,-0.25715503096580505,-0.1140960231423378,0.9493850469589233,-0.2498292177915573,0.2860097885131836,-0.269758015871048,-0.15451425313949585,-0.2521390914916992,0.7430300116539001,-0.2625221908092499,0.08035492151975632,-0.27845799922943115,0.4969739019870758,0.4419027268886566,0.5020421743392944,0.13862232863903046,-0.26475220918655396,1.3589730262756348,-0.24361275136470795,0.3574110269546509,-0.012827768921852112,-0.2784064710140228,-0.18088878691196442,0.4235553741455078,-0.2778204381465912,0.14078450202941895,1.6039907932281494,-0.2553146481513977,1.1103957891464233,3.5806877613067627,-0.1391022801399231,-0.21095386147499084,1.5538369417190552,-0.2456722855567932,0.16879867017269135,1.5236420631408691,-0.25444495677948,-0.19641679525375366,-0.1313379853963852,-0.2249900996685028,0.000715767324436456,0.32727351784706116,-0.22722606360912323,-0.20028997957706451,-0.0904528945684433,-0.10003374516963959,-0.2784172296524048,-0.23840628564357758,-0.06544133275747299,0.0832250714302063,-0.252040296792984,-0.21636933088302612,-0.25156810879707336,0.806585431098938,-0.2669731080532074,-0.2468382567167282,0.003040734678506851,-0.23858612775802612,-0.278175950050354,-0.24078328907489777,-0.11708241701126099,-0.250305712223053,-0.2650868594646454,-0.19888262450695038,0.05149228870868683,-0.020369701087474823,1.0490070581436157,0.050542812794446945,1.2124613523483276,-0.15261025726795197,0.959495484828949,0.03127474710345268,-0.2754168212413788,-0.2703600227832794,0.09191499650478363,-0.2758488655090332,-0.27814018726348877,0.5129044055938721,0.24413396418094635,0.0417204275727272,-0.1435462236404419,1.4310472011566162,-0.08822384476661682,-0.22025765478610992,0.5546756386756897,-0.05823960900306702,-0.001982147339731455,-0.21259774267673492,0.6977114081382751,0.08564996719360352,0.23808139562606812,0.7368913292884827,-0.18905295431613922
213,124,483,145,504,-0.016073085367679596,-0.2757568359375,-0.00647353008389473,1.183678150177002,-0.18677657842636108,-0.27735435962677,0.3991038501262665,-0.21660557389259338,-0.18688486516475677,-0.2686188220977783,0.2509664297103882,-0.10555511713027954,-0.17568862438201904,0.71849524974823,0.5292057394981384,-0.1114758774638176,-0.24739092588424683,1.0862993001937866,-0.26781588792800903,-0.020666278898715973,-0.17377090454101562,0.31001853942871094,-0.1341831535100937,0.6784616112709045,0.8624779582023621,0.478759229183197,0.13850077986717224,-0.25313520431518555,0.08458101749420166,-0.0564526803791523,-0.27635401487350464,-0.14296123385429382,-0.0733344554901123,0.4901082515716553,-0.22746673226356506,-0.2633056640625,-0.013756819069385529,-0.2027374804019928,-0.2052532434463501,0.12411468476057053,0.0457446351647377,-0.020101405680179596,0.6443888545036316,1.4754894971847534,-0.18604923784732819,0.007412925362586975,-0.2622469365596771,1.0090912580490112,0.3059788644313812,0.14006787538528442,1.0633677244186401,0.5917261838912964,0.37577304244041443,-0.23636242747306824,0.27637779712677,-0.23472319543361664,0.9009605646133423,0.17694532871246338,1.3656765222549438,-0.2461087703704834,0.597381055355072,0.6588918566703796,0.047279343008995056,1.6587821245193481,0.18369129300117493,-0.08632286638021469,-0.23989397287368774,0.4734659790992737,0.0345509871840477,0.3042803406715393,0.7525351047515869,-0.1713104397058487,-0.1383817344903946,0.29398998618125916,-0.16407513618469238,0.10609238594770432,-0.1820174902677536,-0.2676749527454376,-0.2540856897830963,-0.09699927270412445,0.2616708278656006,-0.23491895198822021,-0.27824580669403076,0.03224378824234009,-0.16104820370674133,-0.17950867116451263,-0.19516435265541077,-0.21711277961730957,0.2876739203929901,-0.2571784257888794,-0.2701489329338074,-0.01828496903181076,-0.1052827313542366,-0.04709682613611221,0.35751938819885254,0.12856455147266388,-0.2178044617176056,-0.097263865172863,-0.1961488276720047,-0.13978277146816254,0.980487585067749,-0.24282962083816528,0.6023131608963013,0.4095250368118286,-0.255051851272583,0.47156718373298645,0.06539160758256912,-0.22918717563152313,-0.10787063837051392,0.045595914125442505,-0.08011426031589508,0.09589434415102005,0.7346844673156738,0.2636876702308655,0.05971907824277878,0.02425788715481758,0.5319372415542603,0.13695213198661804,0.48275765776634216,0.018499404191970825,-0.11380872130393982,0.2970098853111267,-0.23964303731918335,0.8876451253890991,0.051830992102622986,-0.17728905379772186,-0.20108279585838318,-0.1404741406440735
214,160,369,175,385,-0.04337471351027489,-0.27663105726242065,0.5730381011962891,1.431947946548462,-0.26727738976478577,-0.2764381766319275,-0.010791883803904057,-0.22023223340511322,-0.15954890847206116,-0.274056613445282,-0.27842867374420166,-0.17334052920341492,-0.24422918260097504,2.9432060718536377,3.130946397781372,-0.1988428831100464,-0.2749163806438446,3.690577507019043,0.39352360367774963,0.013679152354598045,-0.21656879782676697,2.1398165225982666,-0.23490697145462036,0.4920905530452728,1.5132348537445068,-0.02959451824426651,0.24475277960300446,-0.2292839139699936,0.336046427488327,-0.2746637463569641,-0.26903438568115234,1.1054078340530396,0.055128954350948334,0.8922179341316223,-0.15762881934642792,-0.26611852645874023,0.1995234340429306,-0.1709854006767273,-0.23182716965675354,0.013874796219170094,0.1022871732711792,0.25246307253837585,1.7608078718185425,1.475568175315857,-0.08432169258594513,0.6648877859115601,-0.11240632086992264,0.9823493957519531,-0.1797264665365219,-0.2782573103904724,2.007336139678955,1.7607600688934326,0.4184502959251404,-0.27356913685798645,1.4252971410751343,-0.1065855324268341,1.9046776294708252,-0.24718323349952698,1.9231340885162354,-0.27605828642845154,-0.17995519936084747,0.10460229963064194,-0.15863066911697388,0.9560392498970032,1.5472012758255005,-0.2232193797826767,-0.27838510274887085,0.041707661002874374,-0.21258386969566345,-0.274233877658844,1.1418235301971436,-0.05372459441423416,-0.12094133347272873,-0.2456388771533966,0.3094652593135834,-0.10501808673143387,-0.1835581362247467,-0.2782273292541504,0.11220139265060425,-0.20061057806015015,0.7162062525749207,-0.07470011711120605,-0.2773502767086029,-0.2780047655105591,-0.1065601333975792,-0.10660586506128311,-0.2159859985113144,-0.21679066121578217,0.1598575860261917,-0.27618759870529175,0.46376317739486694,-0.27824339270591736,-0.27713584899902344,0.46813076734542847,0.3103027045726776,0.15978679060935974,-0.1530274748802185,-0.2010129988193512,0.00976019911468029,-0.24212808907032013,2.440528392791748,-0.2452813684940338,0.03212924674153328,0.7411980628967285,-0.20580144226551056,0.11634854972362518,1.7379957437515259,0.17538316547870636,-0.27845337986946106,0.08031518757343292,-0.09854195266962051,0.3942359685897827,1.204801082611084,1.7769742012023926,-0.2442827820777893,0.404005765914917,-0.09163449704647064,0.17646338045597076,1.4111871719360352,-0.15298967063426971,0.1411738395690918,0.19274121522903442,-0.14060837030410767,0.8628453612327576,-0.09177457541227341,-0.22403143346309662,-0.25131139159202576,0.2631576359272003
215,202,294,221,312,0.7185719609260559,-0.14947615563869476,0.10078723728656769,1.1022216081619263,-0.2737014591693878,-0.2475631982088089,0.5859636068344116,-0.035452429205179214,-0.2749372720718384,-0.2108159214258194,-0.049382563680410385,-0.2238360196352005,-0.10260080546140671,0.391143798828125,0.5045511722564697,-0.08093758672475815,-0.2728119492530823,0.316348671913147,-0.24258297681808472,0.06240250542759895,-0.07520502060651779,0.12492144107818604,0.6523891687393188,0.1012955829501152,0.12346772104501724,0.2809336483478546,-0.20839670300483704,-0.2738924026489258,1.021823525428772,0.660334587097168,-0.041558679193258286,-0.2727220356464386,-0.17612703144550323,0.0016392986290156841,-0.17144249379634857,-0.25992798805236816,-0.1474035531282425,0.2598910629749298,-0.2588930130004883,-0.03145356476306915,-0.2087121158838272,-0.08443405479192734,-0.2137422263622284,0.32414910197257996,-0.26027074456214905,-0.017944566905498505,-0.10080011188983917,0.6969397664070129,0.4410879611968994,0.42794185876846313,0.24077101051807404,0.2740381360054016,0.7663004398345947,-0.2274293750524521,0.21999774873256683,-0.2767373323440552,0.056724146008491516,-0.0758177638053894,0.4393600523471832,-0.23641954362392426,0.0727166011929512,0.34393346309661865,-0.1355583816766739,0.15224958956241608,0.6156335473060608,-0.18729549646377563,-0.2780078947544098,0.6871365308761597,0.18632009625434875,0.15781210362911224,0.5284430980682373,-0.18863479793071747,0.14067476987838745,-0.18497948348522186,-0.10196150839328766,-0.0852200984954834,0.3839852809906006,-0.21779412031173706,-0.17317090928554535,-0.16595153510570526,0.5610809326171875,-0.1908458173274994,-0.2775407135486603,-0.22177831828594208,0.34209662675857544,-0.2691240906715393,-0.20672501623630524,-0.26142188906669617,0.12157458066940308,-0.27590513229370117,-0.20378033816814423,-0.08104168623685837,0.4788437485694885,-0.2655913531780243,-0.1781880110502243,-0.231614351272583,-0.23036737740039825,-0.2402222603559494,-0.21275649964809418,0.007516378536820412,-0.020147809758782387,0.3465029001235962,0.0030765957199037075,0.4269592761993408,0.263597309589386,0.608762800693512,0.14847683906555176,-0.12182317674160004,-0.19403228163719177,-0.177103653550148,0.14376184344291687,-0.1683727502822876,0.00492524728178978,0.5856037139892578,0.11543995141983032,-0.052792761474847794,0.6228582262992859,-0.08180467784404755,-0.12566415965557098,0.5456898808479309,-0.12222817540168762,0.3839551508426666,-0.22166471183300018,0.7052696347236633,0.006360364146530628,-0.18089309334754944,-0.1656513214111328,-0.1264583319425583
216,813,459,837,485,0.588058352470398,-0.25280651450157166,0.0035718008875846863,1.1039183139801025,-0.18274147808551788,-0.2549556791782379,0.18305692076683044,-0.16853220760822296,-0.2733196020126343,-0.2383948713541031,0.35925543308258057,-0.26100030541419983,0.011979866772890091,0.0443318635225296,0.852472722530365,-0.15820512175559998,-0.2423204779624939,0.20056253671646118,-0.2656477689743042,0.21080094575881958,0.2601609230041504,0.4400497078895569,0.2653549909591675,0.7835109233856201,0.1400129497051239,0.014349251985549927,-0.11439406871795654,-0.22244144976139069,0.35387924313545227,0.10289164632558823,-0.1497516632080078,0.3698273301124573,-0.10014833509922028,0.4571443200111389,-0.1825995147228241,-0.007125072181224823,-0.06457720696926117,0.11830125004053116,-0.25454720854759216,0.21576184034347534,-0.21049906313419342,-0.06246894225478172,0.1313527524471283,0.8917402625083923,0.3688923418521881,-0.18311014771461487,0.0024349018931388855,0.4405297636985779,0.013135649263858795,0.045483097434043884,1.0648499727249146,0.41356489062309265,0.35468512773513794,-0.2416653037071228,0.7353149652481079,-0.2672834098339081,0.2682643532752991,0.4027870297431946,0.97364342212677,-0.2404700219631195,0.08074939250946045,0.6464076042175293,-0.1628568470478058,0.03807729482650757,0.1871432363986969,-0.07144361734390259,-0.2618042826652527,0.4947132468223572,0.012751448899507523,0.31835877895355225,0.8475878834724426,-0.13744819164276123,-0.14380741119384766,-0.013706307858228683,-0.0816606879234314,0.0249297097325325,0.05737142264842987,-0.24675942957401276,-0.12967729568481445,-0.17652246356010437,-0.06264904141426086,-0.22383278608322144,-0.2695094048976898,-0.16200432181358337,-0.06363286823034286,0.022068344056606293,-0.12471520900726318,-0.23161748051643372,0.21538281440734863,-0.2383529394865036,0.09259706735610962,-0.02619170770049095,0.172426238656044,-0.10074972361326218,0.007192455232143402,-0.002172224223613739,-0.17617082595825195,0.14095567166805267,-0.23138456046581268,0.010077312588691711,0.9885343909263611,0.17094090580940247,0.025800179690122604,0.6633410453796387,-0.2469479888677597,0.3347993493080139,-0.04258054494857788,-0.24681538343429565,-0.1411709487438202,-0.02913442999124527,0.36763209104537964,0.12911364436149597,0.07234403491020203,-0.07596606761217117,0.24284258484840393,-0.05947147309780121,0.4041157364845276,-0.17260096967220306,-0.16340869665145874,0.015007156878709793,-0.10261781513690948,0.38049185276031494,-0.2681577503681183,0.20293328166007996,0.06448563188314438,0.06561292707920074,-0.17466986179351807,-0.09594106674194336
217,814,478,857,508,0.48154160380363464,-0.24990709125995636,0.3697526156902313,1.1729837656021118,-0.224318265914917,-0.1798216849565506,0.06710314750671387,-0.23761111497879028,-0.25290894508361816,-0.22902894020080566,0.37512722611427307,0.951470673084259,-0.13283325731754303,0.5086464285850525,1.2506543397903442,-0.2403731793165207,-0.22560608386993408,0.30500635504722595,0.15992368757724762,0.13631117343902588,0.2706359326839447,0.9389291405677795,0.1567074954509735,0.7524511218070984,0.5481303334236145,0.5576416254043579,-0.06895271688699722,-0.23296816647052765,0.2956409752368927,0.4447321891784668,-0.18747182190418243,0.17340801656246185,-0.13888125121593475,0.8950445652008057,-0.16844187676906586,-0.03844163939356804,0.11461713165044785,-0.009803783148527145,0.17180979251861572,0.04999050498008728,0.25498369336128235,0.10407962650060654,0.8246024250984192,1.6175330877304077,0.19211716949939728,-0.012669126503169537,-0.006142705678939819,1.3844895362854004,0.27021387219429016,0.009559552185237408,0.9827752709388733,1.0084837675094604,0.37012481689453125,-0.22178374230861664,0.9061210751533508,-0.16450674831867218,1.378344178199768,1.044191837310791,1.4773882627487183,-0.21479924023151398,0.33983612060546875,0.18325579166412354,-0.05592617392539978,0.5697970986366272,-0.007116367574781179,0.09355112165212631,-0.1572081595659256,0.3003402054309845,-0.1130213811993599,0.05360187217593193,0.8829730153083801,-0.0065390742383897305,-0.2110426425933838,0.03044772706925869,-0.130349799990654,0.1209779605269432,0.3255225718021393,-0.2558024823665619,0.22665022313594818,-0.20164529979228973,-0.08640134334564209,-0.1849219650030136,-0.26478317379951477,0.5062940716743469,0.021331483498215675,-0.002907315269112587,-0.14784714579582214,-0.22644929587841034,-0.02590067870914936,-0.25698891282081604,0.09298232942819595,-0.06974127143621445,-0.030344076454639435,0.16131819784641266,0.19465987384319305,0.280541330575943,-0.19951967895030975,0.00519416993483901,-0.22693641483783722,-0.09780863672494888,1.0062227249145508,-0.07428939640522003,0.4492086172103882,0.6636430621147156,0.4312998354434967,0.31085240840911865,-0.05207248404622078,-0.11068093031644821,0.3186931610107422,-0.19867633283138275,0.8756404519081116,0.5359959006309509,0.8626142144203186,0.012386308051645756,0.038944851607084274,0.10148468613624573,0.05780463293194771,0.11777821183204651,0.2663707733154297,-0.07215296477079391,-0.11388993263244629,0.43528977036476135,-0.17438362538814545,0.49973955750465393,0.05725444480776787,-0.010463436134159565,-0.19594033062458038,-0.1147662103176117
218,122,552,143,567,1.1023427248001099,-0.2738726735115051,-0.20687919855117798,1.1457970142364502,-0.10597514361143112,-0.2687327563762665,0.3132404386997223,-0.17673857510089874,-0.2776670753955841,-0.2784639596939087,0.19210156798362732,-0.24225223064422607,0.007686093915253878,-0.048853591084480286,0.4317629933357239,0.059849850833415985,-0.2744629681110382,-0.278423011302948,-0.2783568501472473,0.08737587928771973,0.16980773210525513,0.6558143496513367,-0.10140179097652435,0.5682346224784851,-0.06311257183551788,-0.27846160531044006,-0.19842851161956787,-0.2732727825641632,0.2719036936759949,-0.2783436179161072,-0.26728445291519165,-0.2647625505924225,-0.1508740931749344,1.3770710229873657,-0.06765975058078766,-0.16097404062747955,-0.14760933816432953,-0.25565049052238464,-0.24530017375946045,0.8862325549125671,-0.10032161325216293,-0.06271927058696747,0.10400272905826569,0.3912447392940521,0.24172838032245636,-0.10774987936019897,-0.15121400356292725,0.7270027995109558,0.8540234565734863,0.542026162147522,0.8269183039665222,-0.15415328741073608,0.2991867661476135,-0.2635170817375183,1.0346473455429077,-0.17540398240089417,0.36483830213546753,1.261034369468689,0.3948686122894287,-0.26591596007347107,1.4187644720077515,1.6394057273864746,-0.09625819325447083,0.1393507719039917,0.08041704446077347,-0.27443546056747437,-0.2632099986076355,0.16661281883716583,0.8349327445030212,0.4050774574279785,0.9143206477165222,-0.2647174298763275,-0.02804582566022873,1.7045304775238037,-0.23159654438495636,-0.20725533366203308,0.811543881893158,-0.23595114052295685,-0.014733546413481236,-0.07173561304807663,-0.06386132538318634,-0.1815038025379181,-0.2525835633277893,-0.24656115472316742,0.21836122870445251,-0.27509474754333496,-0.11524201184511185,-0.18108417093753815,0.6556035280227661,-0.2526431381702423,-0.15040823817253113,0.196321040391922,0.5428701043128967,-0.27089667320251465,0.0744328424334526,-0.16843563318252563,-0.27709272503852844,0.2409326285123825,-0.20843496918678284,-0.11041340976953506,0.30758675932884216,-0.01130702905356884,0.29557955265045166,0.9615575671195984,-0.16088707745075226,1.2221574783325195,-0.04349099099636078,-0.1780012845993042,-0.2682935893535614,-0.17072927951812744,1.2289890050888062,-0.0993255004286766,1.1633888483047485,-0.25599193572998047,0.27954038977622986,0.1393182873725891,0.9717698693275452,-0.08609024435281754,-0.013308856636285782,0.3083091378211975,-0.15586143732070923,0.615483283996582,-0.20915022492408752,0.4039018154144287,0.1653241366147995,0.1202528327703476,-0.27781903743743896,-0.24290257692337036
219,141,411,161,431,-0.002995811402797699,-0.24693161249160767,0.06475751847028732,1.3324978351593018,-0.15245315432548523,-0.15269432961940765,0.18025925755500793,-0.061398595571517944,-0.2347618043422699,-0.07807939499616623,-0.10433600842952728,0.14445798099040985,-0.19850577414035797,0.49769508838653564,0.8137819766998291,-0.06020418927073479,-0.19901250302791595,0.10311669111251831,-0.26940760016441345,-0.08425832539796829,-0.24036625027656555,1.7322865724563599,0.08538685739040375,1.4195549488067627,0.6751344203948975,-0.16936835646629333,-0.20298945903778076,-0.2400224208831787,0.2398689240217209,0.05668920278549194,-0.06457465142011642,-0.17334164679050446,-0.22666814923286438,0.23866313695907593,-0.15857139229774475,-0.17420953512191772,0.058576568961143494,0.09923683106899261,-0.26713013648986816,0.03323523700237274,-0.17727290093898773,0.23306633532047272,0.5403161644935608,-0.11703917384147644,-0.24731296300888062,-0.029759515076875687,-0.1944160759449005,0.6176095604896545,1.644419550895691,0.10038015246391296,1.0143672227859497,0.634105384349823,0.08204525709152222,-0.13464906811714172,0.43694019317626953,-0.1969071328639984,0.10365398973226547,0.9000944495201111,0.1582431048154831,-0.2511996626853943,-0.11316470801830292,0.4005425274372101,-0.12644796073436737,-0.18356367945671082,0.3840564787387848,-0.13052168488502502,-0.2538906931877136,0.23661081492900848,0.6824803352355957,0.04630644619464874,0.6026508808135986,-0.2379060983657837,0.09103942662477493,-0.25025367736816406,-0.12792690098285675,-0.14807890355587006,-0.2010425627231598,-0.27092573046684265,-0.04888231307268143,-0.1875198781490326,1.0743968486785889,-0.16554322838783264,-0.2714959681034088,-0.14336495101451874,0.7552850246429443,-0.2224215567111969,-0.12027082592248917,-0.2603079378604889,0.28281885385513306,-0.2709144353866577,-0.21106794476509094,0.5423023700714111,0.11919400095939636,-0.019011758267879486,-0.1284298598766327,0.16716966032981873,-0.20633678138256073,-0.24832694232463837,-0.1411728411912918,-0.09201705455780029,-0.11468778550624847,0.09731222689151764,0.04192469269037247,0.2852347493171692,-0.11813890933990479,0.6295784711837769,0.8127102255821228,0.17164571583271027,-0.24872371554374695,-0.09248273819684982,0.0035431087017059326,0.056619174778461456,0.053143128752708435,0.31801730394363403,-0.13851509988307953,0.10129554569721222,-0.13847661018371582,0.1296575367450714,0.6096465587615967,0.581031858921051,-0.023781947791576385,0.2798304557800293,-0.22379392385482788,0.6220072507858276,0.2529113292694092,-0.22825559973716736,-0.23505836725234985,-0.04795735329389572
220,195,309,214,335,0.8309907913208008,-0.27652934193611145,-0.03730792552232742,1.2290288209915161,-0.19609665870666504,-0.24418333172798157,0.7371261715888977,-0.16512629389762878,-0.2373025119304657,-0.26849475502967834,0.21745602786540985,-0.27679213881492615,0.030755233019590378,0.21889789402484894,1.1439131498336792,-0.04305525869131088,-0.22953613102436066,-0.09832261502742767,-0.2561451494693756,0.8810104131698608,0.48176097869873047,1.1507086753845215,-0.05577481538057327,1.1823816299438477,0.3614349961280823,-0.2475634068250656,0.07879270613193512,-0.24968259036540985,0.41321876645088196,-0.2761606276035309,-0.2526189386844635,-0.2090521901845932,-0.06203240528702736,1.6361119747161865,-0.010482569225132465,-0.1925467699766159,-0.050387270748615265,-0.2779504358768463,-0.27838554978370667,0.609834611415863,0.2216145098209381,0.014228856191039085,0.6142670512199402,1.8630746603012085,0.29731589555740356,-0.1261036992073059,-0.08863800019025803,1.0881657600402832,0.2807958126068115,0.04160413518548012,1.2632722854614258,0.15987209975719452,0.7824429273605347,-0.24574166536331177,0.4184662997722626,-0.23745734989643097,1.032720685005188,1.5760517120361328,0.8640201687812805,-0.27578023076057434,0.9648723006248474,0.7625109553337097,0.17755712568759918,0.9538542032241821,0.2961381673812866,-0.2041679471731186,-0.2200167179107666,0.3457910716533661,0.7230491638183594,-0.02902456745505333,1.5830435752868652,0.011551725678145885,-0.11871974915266037,0.659351110458374,-0.1729891449213028,-0.06368588656187057,0.17815181612968445,-0.2254163771867752,0.2532576322555542,-0.08216024190187454,-0.21366466581821442,-0.14214567840099335,-0.27835536003112793,-0.2620958387851715,-0.21753019094467163,-0.11416429281234741,-0.2348218858242035,-0.27652707695961,0.4878827631473541,-0.27670201659202576,0.2140173614025116,-0.07733961194753647,-0.18529219925403595,-0.14173491299152374,0.206181600689888,0.017082376405596733,-0.2715107798576355,0.28523746132850647,-0.22237367928028107,-0.17790797352790833,1.2520796060562134,-0.25441449880599976,0.7474368214607239,0.6067120432853699,-0.19276484847068787,1.0004431009292603,0.1626901626586914,-0.17614364624023438,-0.20538559556007385,-0.1577165126800537,1.2285778522491455,0.09794850647449493,1.8453072309494019,-0.16128142178058624,-0.016909124329686165,0.13732638955116272,0.19532257318496704,0.0372500903904438,0.26986297965049744,-0.10859188437461853,-0.14515316486358643,0.6362910866737366,-0.15556445717811584,0.543639600276947,0.2802378237247467,-0.1133330687880516,-0.18352749943733215,-0.15294252336025238
221,134,627,152,652,0.12774376571178436,-0.24194611608982086,0.38580018281936646,1.273950457572937,-0.1817488670349121,-0.02425442263484001,0.40943875908851624,-0.24834178388118744,-0.24082620441913605,-0.22699686884880066,0.656121015548706,0.35119855403900146,-0.2779425084590912,1.0856343507766724,0.7627123594284058,-0.03670016676187515,-0.2627815008163452,-0.11846084147691727,0.15189650654792786,0.5724427700042725,-0.10322283208370209,1.1033053398132324,-0.2691444754600525,0.21258187294006348,0.3191162049770355,-0.20515382289886475,-0.1959240585565567,-0.1357324719429016,1.3221254348754883,-0.2715533375740051,-0.23744533956050873,-0.27827563881874084,-0.12259923666715622,1.0516304969787598,-0.11652126163244247,-0.19888412952423096,-0.037196084856987,-0.16223247349262238,-0.27845194935798645,0.22849774360656738,-0.08185625076293945,0.12420222163200378,0.9247277975082397,1.5213054418563843,-0.21077784895896912,-0.19910484552383423,-0.07864833623170853,0.7455750703811646,2.069711685180664,0.25769707560539246,1.5116673707962036,0.4462749660015106,0.08049267530441284,0.029080547392368317,1.5169413089752197,-0.23099957406520844,1.3916079998016357,1.7909103631973267,0.40837743878364563,-0.254036545753479,1.4839797019958496,1.0629000663757324,-0.01712784543633461,4.501286029815674,0.26684704422950745,-0.21223914623260498,0.09162415564060211,1.0782612562179565,0.37234261631965637,1.4917593002319336,0.2821279764175415,-0.2626003921031952,0.05843444913625717,0.2961123287677765,-0.24863751232624054,-0.23929832875728607,0.368309885263443,-0.1990482360124588,0.7716821432113647,-0.06961183995008469,-0.20929573476314545,-0.050943490117788315,-0.2741483747959137,-0.133424311876297,-0.10131578147411346,-0.18387942016124725,-0.22840042412281036,-0.21633878350257874,-0.16230030357837677,-0.2645319402217865,0.49688565731048584,0.15755780041217804,-0.0883331224322319,-0.08953013271093369,1.0121207237243652,0.18045148253440857,-0.2784225344657898,-0.14913980662822723,-0.03462810441851616,-0.2592237591743469,0.049697887152433395,-0.2583402395248413,0.42158496379852295,1.343340516090393,-0.14204321801662445,2.3257837295532227,-0.07377249002456665,0.08483795821666718,-0.2156306654214859,0.17998461425304413,0.07438140362501144,-0.15362203121185303,3.247227668762207,0.20383793115615845,-0.10712020099163055,0.4476313889026642,1.2267591953277588,0.15754063427448273,0.6181564927101135,0.30644479393959045,-0.1846189796924591,0.0631931945681572,-0.18507137894630432,0.47451773285865784,0.1445298194885254,-0.17642447352409363,-0.08694343268871307,-0.26055338978767395
222,124,563,144,579,-0.11139799654483795,-0.2626420259475708,0.2306402027606964,1.2528142929077148,-0.1686864197254181,-0.2504916489124298,0.48246920108795166,-0.23663602769374847,-0.18039333820343018,-0.22324642539024353,0.08603640645742416,1.851310133934021,-0.2751830816268921,1.478009819984436,1.212011456489563,-0.1552899181842804,-0.277263879776001,1.2862961292266846,0.40017595887184143,-0.09772120416164398,-0.2319650948047638,0.4949807822704315,-0.14975100755691528,0.4459630846977234,0.8578389286994934,0.6286007761955261,0.09641522169113159,-0.22618460655212402,0.40157365798950195,-0.04051210731267929,-0.27217552065849304,-0.07219458371400833,-0.032167185097932816,0.4745854437351227,-0.21627549827098846,-0.24462279677391052,-0.0581575445830822,-0.22058476507663727,-0.19414827227592468,0.5120714902877808,0.2897990345954895,0.07289041578769684,0.7725262641906738,0.6311362981796265,-0.27838099002838135,0.491371750831604,-0.22962090373039246,1.5341514348983765,0.051272984594106674,0.0019305795431137085,0.5952895879745483,0.6142413020133972,0.14631874859333038,-0.2381983995437622,0.9287173748016357,0.3836367726325989,1.1047286987304688,0.23975512385368347,1.0591886043548584,-0.20883089303970337,0.45271632075309753,0.6183508038520813,0.21259282529354095,2.154517650604248,0.40042123198509216,-0.23785269260406494,-0.26876571774482727,0.22071194648742676,0.32328784465789795,-0.19818264245986938,1.0237470865249634,0.051391616463661194,-0.12931713461875916,0.6800826191902161,-0.1264263540506363,0.10078010708093643,-0.1392529159784317,-0.2504277229309082,-0.18223167955875397,-0.216778963804245,-0.028476551175117493,-0.16062532365322113,-0.2733234167098999,0.10402828454971313,-0.04519672691822052,-0.17236198484897614,-0.20377734303474426,-0.20237421989440918,0.9787850379943848,-0.24177196621894836,-0.20635923743247986,-0.12220697104930878,-0.14219588041305542,0.04272760450839996,0.21364247798919678,-0.05572303384542465,-0.1854526698589325,-0.15257279574871063,-0.08479934930801392,-0.17667904496192932,1.3584561347961426,-0.2581096887588501,0.18648886680603027,0.39339250326156616,-0.19844664633274078,0.7311320304870605,0.3080368638038635,0.18087030947208405,0.11319606006145477,0.3069479167461395,-0.08350422978401184,0.14099878072738647,0.883487343788147,0.37276557087898254,0.00409293919801712,0.17717857658863068,0.5529760718345642,0.8752913475036621,0.7808565497398376,0.08636829257011414,-0.06981222331523895,0.6708980798721313,-0.22808989882469177,0.7392977476119995,0.10235165059566498,-0.08062314987182617,-0.21558696031570435,-0.05250692740082741
223,222,783,256,806,0.22030024230480194,-0.2521826922893524,0.2618635296821594,1.2034813165664673,-0.1914728879928589,-0.061206091195344925,0.3307347893714905,-0.2244228571653366,-0.21466989815235138,-0.25185427069664,0.26794615387916565,2.49661922454834,-0.23533521592617035,0.46452462673187256,0.8048898577690125,-0.2291453629732132,-0.1811710149049759,1.1666791439056396,0.5144180655479431,0.1436787098646164,0.10920700430870056,0.3551844358444214,0.6362087726593018,1.3038568496704102,0.8086490035057068,1.267440676689148,-0.20557598769664764,-0.1310911327600479,0.1718853861093521,1.5169092416763306,-0.1778986006975174,-0.21947669982910156,-0.17260636389255524,0.3190016746520996,-0.24070948362350464,0.2357119470834732,0.07738498598337173,0.5969014167785645,-0.21715180575847626,-0.04821633920073509,0.49807724356651306,0.11615493148565292,0.44834280014038086,1.6081165075302124,-0.05966823175549507,0.28777244687080383,-0.047111283987760544,1.7407045364379883,0.5362898707389832,0.19815824925899506,1.0173654556274414,1.1180647611618042,0.7246232032775879,-0.20912019908428192,0.19983798265457153,-0.05777271091938019,1.5309232473373413,1.1247144937515259,1.8876566886901855,-0.19055058062076569,0.16322968900203705,-0.06941626220941544,-0.01899881102144718,0.8289567828178406,-0.12871383130550385,0.4310140907764435,-0.08108317852020264,-0.0005784034729003906,-0.0036351282615214586,-0.25234365463256836,0.597109854221344,0.1322207897901535,-0.22641927003860474,0.6455260515213013,-0.17703819274902344,0.42733415961265564,-0.18740098178386688,-0.19635574519634247,0.0437110960483551,-0.2157534807920456,0.5972437858581543,-0.2256968468427658,-0.25121834874153137,0.7666613459587097,0.05470870062708855,-0.13454703986644745,-0.21876728534698486,-0.22214682400226593,0.5035703778266907,-0.26586613059043884,-0.20537012815475464,0.034029096364974976,-0.11699280887842178,0.1451374888420105,-0.01663140021264553,0.08515986055135727,-0.21516387164592743,-0.13865752518177032,-0.23062700033187866,-0.1150185838341713,0.599475085735321,-0.019826633855700493,0.42224088311195374,0.47535601258277893,1.7080577611923218,0.7240508198738098,-0.11158996820449829,0.05581264570355415,0.47016504406929016,-0.24712271988391876,0.49656787514686584,0.5289363861083984,0.6588552594184875,0.536765992641449,-0.051108717918395996,0.19836188852787018,0.14290283620357513,1.0527063608169556,0.31887325644493103,-0.0694061815738678,-0.11742200702428818,0.40874770283699036,-0.21408170461654663,0.8651430010795593,0.15580277144908905,-0.1769128292798996,-0.24449793994426727,-0.09319580346345901
224,794,697,818,725,0.8073456287384033,-0.22800776362419128,0.014834959991276264,1.1171129941940308,-0.18771710991859436,0.1182606965303421,0.8025534749031067,-0.2680380344390869,-0.04542163014411926,-0.2116144299507141,0.040372684597969055,1.384273648262024,-0.21910390257835388,0.10637126863002777,1.1499000787734985,-0.22391143441200256,0.3334941864013672,1.766557216644287,0.557144045829773,-0.05894818902015686,-0.011550270020961761,0.11864086240530014,0.01979168690741062,1.0838940143585205,-0.012478532269597054,1.57808256149292,-0.08934856951236725,0.2019316405057907,0.5668776631355286,1.2118499279022217,-0.051421746611595154,0.1771119087934494,0.06104332581162453,0.23479194939136505,-0.1883563995361328,-0.04149946942925453,-0.02940043807029724,0.2443712204694748,-0.17094716429710388,0.552143394947052,0.6613250970840454,0.01621224358677864,-0.048455268144607544,0.3722488284111023,0.20247022807598114,0.21454274654388428,-0.17786327004432678,1.0254461765289307,0.2054499238729477,0.12033501267433167,1.0639132261276245,1.6121870279312134,0.056138575077056885,-0.25471773743629456,0.6013039350509644,0.3455265462398529,1.0063681602478027,0.27391719818115234,0.820271909236908,-0.26571884751319885,0.4553978741168976,0.058814141899347305,-0.2027367502450943,0.15952059626579285,0.25808870792388916,-0.0243341363966465,0.754490315914154,-0.0453675240278244,0.6824095249176025,0.06778258830308914,0.7502094507217407,0.1677900105714798,0.010179191827774048,0.34016841650009155,-0.22075127065181732,0.07567231357097626,0.3780192732810974,-0.2088289111852646,-0.15757030248641968,0.0093141570687294,0.08940275013446808,-0.2467362880706787,-0.271731972694397,0.6864529252052307,0.8808058500289917,-0.2029355764389038,-0.2139492630958557,0.03307579457759857,0.3915058970451355,-0.23115840554237366,-0.15767532587051392,-0.14185911417007446,0.04452171176671982,-0.12598398327827454,0.5626989603042603,0.047063544392585754,-0.21783679723739624,0.6440500020980835,-0.2685372233390808,-0.004985138773918152,1.3744487762451172,-0.03800433874130249,-0.0492250956594944,0.6548900604248047,1.092078685760498,0.18174950778484344,0.12506455183029175,0.8563271760940552,-0.11861397325992584,-0.16185390949249268,1.6861933469772339,0.2822621464729309,0.18079900741577148,0.717745304107666,0.11351889371871948,0.3066931366920471,0.5703049898147583,0.49675512313842773,0.30123618245124817,0.13970579206943512,-0.04528868943452835,0.47903144359588623,-0.11532623320817947,1.0322232246398926,0.07401641458272934,1.003558874130249,0.1445080041885376,-0.01139562577009201
225,149,398,163,412,0.6891871690750122,-0.2784624993801117,0.05682406574487686,1.1065118312835693,-0.14171293377876282,-0.2521155774593353,0.43554508686065674,-0.11639734357595444,-0.2651788592338562,-0.2782827615737915,0.441511869430542,-0.2716946601867676,0.030294785276055336,0.20089970529079437,0.005660288967192173,-0.06660378724336624,-0.26079311966896057,-0.22890828549861908,-0.27664828300476074,-0.20388221740722656,-0.0950629785656929,0.23737573623657227,0.3269095718860626,0.23355518281459808,0.06562859565019608,-0.27617600560188293,0.015729021281003952,-0.2751968502998352,0.44693320989608765,-0.24353347718715668,-0.2773016095161438,-0.2183825522661209,-0.10585755109786987,1.6701799631118774,-0.08518397063016891,-0.2738826870918274,-0.16149172186851501,-0.04183221235871315,-0.22257009148597717,0.21018487215042114,-0.12508098781108856,-0.1177949532866478,-0.09534703195095062,0.7871881723403931,0.3024027645587921,-0.05296766757965088,0.10915013402700424,0.8457542061805725,0.41419288516044617,0.3373540937900543,0.6119709610939026,-0.223201721906662,0.8115765452384949,-0.2536971867084503,0.9354705810546875,-0.18294976651668549,-0.05838248133659363,0.43557634949684143,0.8179336190223694,-0.23637326061725616,0.14077337086200714,1.466396450996399,-0.11969877779483795,0.3606046438217163,0.3689112663269043,-0.1861172467470169,-0.2644922435283661,0.21003848314285278,0.22386236488819122,0.05078766494989395,0.8536447882652283,-0.24022436141967773,-0.17228567600250244,0.657703697681427,-0.1482784003019333,-0.19822251796722412,0.27618199586868286,-0.24599337577819824,-0.22034162282943726,-0.14724688231945038,-0.08748619258403778,-0.20116886496543884,-0.2783735394477844,-0.26619261503219604,-0.06644757091999054,-0.27787044644355774,0.08987431973218918,-0.2293478548526764,0.7834545373916626,-0.26059725880622864,-0.2705434560775757,-0.028899095952510834,0.17855289578437805,-0.2766406834125519,-0.09409482032060623,-0.19374151527881622,-0.2495230734348297,0.17294682562351227,-0.20909734070301056,-0.05351141467690468,0.3417784869670868,0.188667893409729,0.39687931537628174,0.6074007749557495,-0.23549698293209076,0.8954017162322998,0.14304180443286896,-0.276457279920578,-0.2347273826599121,-0.1411602646112442,0.2670920789241791,-0.16801564395427704,0.8587002754211426,-0.2473878413438797,0.4072265923023224,-0.13771869242191315,0.7603375911712646,-0.1885080486536026,-0.05592292547225952,0.19233496487140656,-0.15761588513851166,0.7805604934692383,-0.27463769912719727,0.0683818906545639,0.017037350684404373,0.2468741238117218,-0.26259830594062805,-0.20726335048675537
226,232,257,255,276,0.25815072655677795,-0.22549831867218018,-0.045495666563510895,1.184727668762207,-0.23241476714611053,-0.23713137209415436,0.8340256214141846,-0.15417085587978363,-0.27545180916786194,-0.27588096261024475,0.4194411635398865,-0.07042332738637924,-0.1983119398355484,0.5504167675971985,0.4040834307670593,-0.0467023141682148,-0.27833953499794006,-0.21745836734771729,-0.17763975262641907,0.20550081133842468,-0.14090508222579956,0.43018484115600586,-0.07599053531885147,0.11091072112321854,0.3012995719909668,-0.24706171452999115,-0.17413483560085297,-0.2516079246997833,0.6593005657196045,-0.1739417165517807,-0.2732953131198883,-0.26227298378944397,-0.13249041140079498,0.761427104473114,-0.12883511185646057,-0.23351554572582245,-0.13104751706123352,-0.2784632742404938,-0.2784312665462494,-0.041671063750982285,-0.11127708107233047,0.04083852469921112,0.26442232728004456,0.4196953773498535,-0.08330992609262466,-0.13495822250843048,-0.12664230167865753,1.0468608140945435,1.1911638975143433,0.23748712241649628,0.6606726050376892,-0.09312065690755844,0.22784070670604706,-0.1895218938589096,0.24966134130954742,-0.27572694420814514,0.1517871767282486,0.8379735946655273,0.7120263576507568,-0.24496088922023773,1.2517520189285278,0.8587936758995056,-0.061904724687337875,2.6480417251586914,0.25138118863105774,-0.10625724494457245,-0.21028198301792145,0.6600152850151062,0.11245466023683548,0.48976752161979675,0.7828192710876465,-0.23415714502334595,-0.06408657878637314,0.6928660273551941,-0.10738610476255417,-0.2023327499628067,-0.1892697513103485,-0.21286717057228088,-0.09168858081102371,-0.21578671038150787,0.10079021006822586,-0.06158142909407616,-0.2481459677219391,-0.16877707839012146,0.1053270772099495,-0.2533019483089447,-0.21106554567813873,-0.23167066276073456,0.016926119104027748,-0.14010445773601532,-0.15461018681526184,0.12179208546876907,-0.08248129487037659,-0.24096177518367767,0.04828975349664688,-0.038566239178180695,-0.274411141872406,0.028140200302004814,-0.17462487518787384,-0.17792080342769623,-0.11594351381063461,-0.2043648511171341,0.134762704372406,0.40530022978782654,-0.25499269366264343,1.6397383213043213,-0.023874158039689064,-0.029167836531996727,-0.1223665326833725,0.14384825527668,-0.18022547662258148,-0.15187320113182068,0.9194538593292236,0.0030211075209081173,0.0643499344587326,0.10164649784564972,1.034220576286316,0.0714271143078804,-0.013151202350854874,0.5623476505279541,-0.17841489613056183,0.3602554202079773,-0.22698619961738586,0.905855655670166,0.04466061666607857,-0.04135718569159508,-0.23919865489006042,-0.20451192557811737
227,122,501,142,520,0.48976004123687744,-0.2763492166996002,0.008620591834187508,1.2071233987808228,-0.19703935086727142,-0.2775123417377472,0.0791701078414917,-0.1398795247077942,-0.24356204271316528,-0.2737414836883545,0.5032213926315308,-0.2608574330806732,-0.26074978709220886,0.7666040062904358,0.30107975006103516,0.019031459465622902,-0.21804626286029816,-0.26779571175575256,-0.26428475975990295,0.21571236848831177,-0.12436964362859726,0.42623135447502136,-0.19777728617191315,0.12901505827903748,0.32341769337654114,-0.256305068731308,-0.23533158004283905,-0.25873932242393494,0.09557104110717773,-0.27403029799461365,-0.2645412087440491,-0.26923802495002747,-0.2016804814338684,1.2862071990966797,-0.037492234259843826,-0.2781905233860016,-0.10244882851839066,-0.2752063572406769,-0.2490588128566742,0.4268849492073059,-0.19965584576129913,-0.009123190306127071,0.768300473690033,1.0523185729980469,-0.1309508979320526,-0.013440034352242947,-0.14906568825244904,0.992802083492279,1.5798269510269165,0.4907214045524597,0.6095142960548401,-0.255550354719162,0.7414513826370239,-0.27275609970092773,1.6624860763549805,-0.20114101469516754,0.42326197028160095,1.221544861793518,1.168304204940796,-0.262322336435318,1.4029345512390137,1.287885308265686,-0.021090559661388397,2.2754971981048584,0.6629747152328491,-0.20354324579238892,-0.27559179067611694,0.8486438393592834,0.01754414290189743,0.17312373220920563,0.7544450759887695,-0.2770613133907318,-0.06302986294031143,1.0866729021072388,-0.20281042158603668,-0.17445321381092072,-0.01897752285003662,-0.2762511968612671,-0.20212365686893463,-0.06245268136262894,0.34762153029441833,-0.011475563049316406,-0.26832345128059387,-0.26788756251335144,-0.07868193835020065,-0.21342484652996063,-0.2768089473247528,-0.21384365856647491,0.4472169280052185,-0.27407705783843994,-0.10581421852111816,0.25032925605773926,-0.10156938433647156,-0.22734905779361725,-0.02750305086374283,-0.1305171102285385,-0.2784600853919983,-0.22248698770999908,0.04838139936327934,-0.20288768410682678,-0.12420278042554855,-0.24127203226089478,0.20556588470935822,0.9985937476158142,-0.14107434451580048,2.0730068683624268,-0.1157233715057373,-0.24164819717407227,-0.26976531744003296,-0.03129715099930763,0.18249693512916565,-0.1642615646123886,2.0438082218170166,-0.23285068571567535,0.05475775524973869,0.041079338639974594,1.1535272598266602,0.08260699361562729,-0.05495204031467438,0.44229644536972046,-0.1688326746225357,0.4108787775039673,-0.18572281301021576,0.2896801233291626,0.036062438040971756,0.012556463479995728,-0.27648794651031494,-0.2349117249250412
228,269,844,287,861,-0.27469301223754883,-0.2331247180700302,-0.2705284059047699,1.3922544717788696,-0.2647915780544281,-0.16948898136615753,-0.13791519403457642,-0.2532472610473633,-0.21934476494789124,-0.10914233326911926,-0.26833754777908325,1.0832123756408691,-0.278461217880249,-0.2667178213596344,2.7988555431365967,-0.274607390165329,-0.27349764108657837,-0.2206636220216751,-0.2539443075656891,-0.022157443687319756,0.6521457433700562,1.6653687953948975,-0.24858736991882324,4.078167915344238,0.18409791588783264,-0.03971217945218086,-0.11166346073150635,-0.26193767786026,-0.27845966815948486,-0.2735341191291809,-0.14863154292106628,0.29212695360183716,-0.20275473594665527,0.9094611406326294,-0.27167537808418274,0.6543487906455994,0.27653753757476807,-0.033508460968732834,-0.14198660850524902,-0.038784872740507126,-0.1319742351770401,0.2856940031051636,0.6217846870422363,1.4607700109481812,0.25747981667518616,-0.22169522941112518,-0.2727213203907013,1.232251763343811,-0.2752076983451843,-0.20068398118019104,2.1078298091888428,1.3824865818023682,-0.26831114292144775,-0.24842976033687592,0.7656795978546143,-0.1830296814441681,0.8791508674621582,3.5157876014709473,2.1515727043151855,-0.13692177832126617,-0.15293478965759277,-0.09072348475456238,-0.19477982819080353,0.31400343775749207,-0.2755415737628937,1.2183674573898315,-0.22389724850654602,-0.194515198469162,-0.059578847140073776,-0.22070196270942688,1.9050573110580444,-0.12281317263841629,-0.2784515619277954,0.7221766710281372,-0.18770849704742432,0.21262045204639435,-0.10322927683591843,-0.231393501162529,-0.18006804585456848,-0.09448059648275375,-0.2502877414226532,-0.2775382995605469,-0.22768224775791168,0.7703473567962646,-0.10111597180366516,-0.1091075912117958,-0.1719549149274826,-0.2776908576488495,-0.24753014743328094,-0.27744823694229126,-0.2539808750152588,-0.2702014446258545,-0.08273226767778397,0.6545431613922119,-0.10275832563638687,1.1884474754333496,0.23000387847423553,-0.0752396509051323,-0.26301833987236023,-0.257747083902359,4.157140254974365,-0.16992205381393433,-0.03676402196288109,-0.15107232332229614,-0.07294555008411407,-0.19325128197669983,-0.2589742839336395,-0.11986469477415085,0.16003787517547607,-0.21131356060504913,0.24039515852928162,0.8394826650619507,-0.24904876947402954,-0.27128416299819946,-0.08256328105926514,0.21562345325946808,-0.27016308903694153,1.0078712701797485,0.05879786238074303,-0.1801024079322815,-0.06863781809806824,0.6026470065116882,-0.19561082124710083,0.462695837020874,0.3799193203449249,-0.23429182171821594,-0.08749333024024963,0.19663973152637482
229,269,860,284,874,0.16190989315509796,-0.21955960988998413,0.06348560750484467,1.1231112480163574,-0.14429131150245667,-0.27705153822898865,1.134612798690796,-0.2770982086658478,-0.2707309126853943,-0.14792467653751373,0.08536826074123383,-0.045908816158771515,-0.2684182822704315,0.027123404666781425,1.0970643758773804,-0.1588623821735382,-0.26025137305259705,1.541466474533081,0.1805347204208374,-0.1391003429889679,-0.15940578281879425,0.5131423473358154,-0.013470328412950039,0.022386658936738968,0.3311150372028351,0.3311021029949188,-0.02000311203300953,0.05800982937216759,1.0802712440490723,-0.1717323511838913,-0.24333079159259796,-0.20418164134025574,0.006466069258749485,0.3790111243724823,-0.14476202428340912,-0.27644988894462585,-0.10630535334348679,0.006548383738845587,-0.2635175883769989,0.7146791815757751,0.44898727536201477,0.0375499427318573,-0.16882924735546112,-0.04879868030548096,-0.1706744134426117,0.09321648627519608,-0.2713978886604309,1.197717547416687,0.10062087327241898,0.09509247541427612,0.16663232445716858,0.773317277431488,0.4280957281589508,-0.11276281625032425,0.2841804623603821,0.19043157994747162,0.7527085542678833,-0.19409054517745972,-0.05923740193247795,-0.26176998019218445,0.4463629126548767,0.13986487686634064,-0.12726850807666779,-0.07163295894861221,-0.18361175060272217,-0.20529717206954956,-0.2297486811876297,-0.17495091259479523,1.7518316507339478,0.20537279546260834,0.2548724114894867,-0.0073799509555101395,-0.11404842883348465,-0.15463848412036896,-0.2428136020898819,-0.022637618705630302,0.07485722005367279,-0.260468453168869,0.7994046807289124,-0.2784169912338257,-0.2719278037548065,-0.27845755219459534,-0.27724596858024597,-0.048749588429927826,0.1076173186302185,-0.14719723165035248,-0.24071070551872253,-0.2697712779045105,0.48971301317214966,-0.2725016176700592,-0.2741224467754364,-0.25575628876686096,0.11899448931217194,-0.2540745139122009,0.1115770936012268,0.018012773245573044,-0.17211906611919403,0.1792965531349182,-0.198862686753273,-0.0734749287366867,1.1753147840499878,-0.19231228530406952,0.41957148909568787,0.7139995098114014,-0.27748340368270874,-0.032146573066711426,0.7158595323562622,0.45834866166114807,-0.26907217502593994,-0.1637459546327591,0.30806219577789307,-0.0718243420124054,0.40670955181121826,0.7086981534957886,0.024547742679715157,0.3581494092941284,0.6460202932357788,-0.09620256721973419,0.578148365020752,0.21936063468456268,-0.013600953854620457,0.9079451560974121,0.026278197765350342,0.9275487065315247,0.16682986915111542,0.19415812194347382,0.18440988659858704,-0.18360356986522675
230,661,624,691,651,0.6392985582351685,-0.2096894383430481,0.14940986037254333,1.0917439460754395,-0.1537233144044876,-0.20960980653762817,0.6305251121520996,-0.2765812277793884,-0.26650702953338623,-0.2318185269832611,0.4147021770477295,0.1494770348072052,-0.2774670720100403,0.17396600544452667,0.35595354437828064,-0.12244585901498795,0.06248253956437111,0.153436541557312,0.9469334483146667,0.0797223150730133,-0.04697982966899872,0.10052113234996796,0.0478682704269886,0.3225304186344147,-0.07692423462867737,0.5928245782852173,-0.030936770141124725,-0.2650819718837738,0.17769111692905426,-0.060401711612939835,-0.19369281828403473,-0.25918838381767273,-0.015473462641239166,1.8586351871490479,0.017242636531591415,-0.08057556301355362,-0.11333635449409485,0.4922507405281067,-0.24669687449932098,-0.23291119933128357,0.5797722935676575,-0.023999741300940514,0.7707042098045349,0.4109826385974884,-0.09970000386238098,0.028382979333400726,-0.23662778735160828,1.7592153549194336,1.4390891790390015,0.6819398403167725,0.19052276015281677,0.053839296102523804,0.38452818989753723,-0.2065632939338684,0.5491467714309692,-0.14566808938980103,1.4927197694778442,1.015890121459961,0.7898920774459839,-0.237854465842247,1.3690741062164307,0.7190004587173462,0.31814247369766235,0.8048841953277588,0.09805582463741302,-0.18607957661151886,0.018639765679836273,-0.1602192521095276,0.36648041009902954,0.04814865440130234,0.9204956889152527,0.2610878050327301,-0.24234995245933533,0.6769465208053589,-0.19613583385944366,-0.08394838124513626,0.7931751012802124,-0.25629836320877075,0.12700839340686798,-0.17679686844348907,-0.2761901915073395,-0.23901855945587158,-0.2640271484851837,-0.16126692295074463,0.08904703706502914,-0.13137444853782654,-0.18085503578186035,-0.13818368315696716,0.40931692719459534,-0.22310183942317963,-0.1370142102241516,0.17028552293777466,0.09366169571876526,-0.2310238927602768,0.46975767612457275,-0.07660514861345291,-0.275003582239151,-0.2322998344898224,-0.18330314755439758,-0.16718296706676483,0.30008068680763245,-0.26985907554626465,0.009466096758842468,0.5980498790740967,-0.04123209789395332,0.9513480067253113,-0.1675887256860733,1.2465980052947998,-0.10091789811849594,-0.1882445216178894,1.7742652893066406,-0.019299142062664032,1.7070112228393555,-0.09786710143089294,0.2209431529045105,0.05015704035758972,0.8648985028266907,-0.10379816591739655,0.14277711510658264,-0.10478080064058304,-0.1407291293144226,0.6136482954025269,0.19354812800884247,0.4273386597633362,0.14666453003883362,0.2599116563796997,-0.2008800357580185,-0.2396075278520584
