id,x0,y0,x1,y1,f0,f1,f2,f3,f4,f5,f6,f7,f8,f9,f10,f11,f12,f13,f14,f15,f16,f17,f18,f19,f20,f21,f22,f23,f24,f25,f26,f27,f28,f29,f30,f31,f32,f33,f34,f35,f36,f37,f38,f39,f40,f41,f42,f43,f44,f45,f46,f47,f48,f49,f50,f51,f52,f53,f54,f55,f56,f57,f58,f59,f60,f61,f62,f63,f64,f65,f66,f67,f68,f69,f70,f71,f72,f73,f74,f75,f76,f77,f78,f79,f80,f81,f82,f83,f84,f85,f86,f87,f88,f89,f90,f91,f92,f93,f94,f95,f96,f97,f98,f99,f100,f101,f102,f103,f104,f105,f106,f107,f108,f109,f110,f111,f112,f113,f114,f115,f116,f117,f118,f119,f120,f121,f122,f123,f124,f125,f126,f127
0,481,385,543,444,0.5029521584510803,-0.19930966198444366,0.6513646245002747,1.0430121421813965,-0.2296345829963684,-0.10479915142059326,0.15929219126701355,-0.18406610190868378,-0.18825550377368927,-0.23990488052368164,0.3139213025569916,0.2088012546300888,0.013100598007440567,0.44248855113983154,0.18844468891620636,-0.18257556855678558,-0.12746481597423553,-0.18853415548801422,0.7473117113113403,0.016452252864837646,0.030161738395690918,-0.009007010608911514,0.6455017328262329,0.035593681037425995,0.2008938044309616,0.28120774030685425,-0.15020126104354858,-0.13414457440376282,0.4400070905685425,0.3486320376396179,-0.13224731385707855,-0.19736020267009735,-0.04904341325163841,0.34013962745666504,-0.16118738055229187,0.0006990068359300494,-0.2287585735321045,0.3952888250350952,-0.18639153242111206,0.0978710800409317,-0.2577971816062927,-0.18361793458461761,0.326149046421051,0.5244523286819458,0.3601851463317871,-0.2061108946800232,-0.23171551525592804,0.5321300029754639,0.4324946403503418,0.6511170268058777,0.2935730814933777,-0.05073525011539459,0.4039715528488159,-0.211045503616333,0.4805253744125366,-0.127358540892601,-0.16715115308761597,0.2318354994058609,0.5256181359291077,-0.17796596884727478,0.4856337308883667,0.7000210285186768,-0.11775323003530502,0.23561912775039673,0.34655967354774475,0.439746618270874,0.17225946485996246,0.30858519673347473,-0.04007359966635704,0.8118188381195068,0.5639868974685669,-0.14914385974407196,-0.09151402860879898,0.34632065892219543,-0.19661638140678406,-0.04827362671494484,0.3274726867675781,-0.1256638765335083,-0.1761152446269989,-0.23566415905952454,0.14479582011699677,-0.20857344567775726,-0.27289485931396484,0.6301569938659668,-0.11870691180229187,0.21746119856834412,-0.25350990891456604,-0.20618078112602234,0.12523743510246277,-0.24955937266349792,-0.07235917448997498,0.3837728798389435,0.22125248610973358,-0.263729453086853,0.05012643337249756,-0.20365169644355774,-0.24522288143634796,-0.061920326203107834,-0.16791124641895294,0.17001233994960785,-0.08637861162424088,-0.02446192502975464,0.15760686993598938,0.6490876078605652,0.11803172528743744,0.3729962110519409,0.06357579678297043,0.10105195641517639,0.0749439001083374,-0.1100551038980484,0.28119978308677673,-0.21626071631908417,0.13306811451911926,-0.17172668874263763,0.5631505846977234,-0.19079408049583435,0.8202286958694458,-0.15942758321762085,-0.2556414306163788,-0.05224377661943436,-0.15489470958709717,0.22759383916854858,0.09662105143070221,0.4906073808670044,-0.0836615338921547,0.9776795506477356,-0.05998028814792633,-0.21517623960971832
1,529,275,604,348,0.49502187967300415,-0.1659134179353714,0.6128166913986206,1.050491213798523,-0.23037371039390564,-0.11838699132204056,0.20118361711502075,-0.15027731657028198,-0.19405566155910492,-0.20913401246070862,0.2882387042045593,-0.05092107504606247,0.003506045788526535,0.3068118691444397,0.22979144752025604,-0.15146276354789734,-0.19746331870555878,-0.18242859840393066,0.24990080296993256,-0.09621001780033112,0.0051666200160980225,0.04837166517972946,0.6438272595405579,0.20340879261493683,0.21355678141117096,0.14008742570877075,-0.11475102603435516,-0.14542236924171448,0.3376142382621765,0.2515758275985718,-0.08780775964260101,-0.17654892802238464,-0.028510451316833496,0.27279186248779297,-0.1468704342842102,-0.15803512930870056,-0.23391249775886536,0.5979459285736084,-0.14520318806171417,0.33221566677093506,-0.24885167181491852,-0.1958034634590149,0.4914090633392334,0.37049198150634766,0.40067487955093384,-0.20442834496498108,-0.2320525199174881,0.4430909752845764,0.42714595794677734,0.5293573141098022,0.3487279415130615,-0.04686850309371948,0.3278724253177643,-0.21700511872768402,0.5247222185134888,-0.0930841714143753,-0.19533218443393707,0.13377881050109863,0.582420825958252,-0.2059958279132843,0.47470027208328247,0.6805084943771362,-0.1184411272406578,-0.13401764631271362,0.40822744369506836,0.3821221590042114,-0.048797376453876495,0.20226463675498962,0.05229037255048752,0.8094760179519653,0.7060723304748535,-0.15469366312026978,0.015890339389443398,0.2808205783367157,-0.1634049266576767,-0.056779466569423676,0.22795890271663666,-0.1719149500131607,-0.20120581984519958,-0.2293570339679718,0.28782063722610474,-0.1734284609556198,-0.26281389594078064,0.4432426691055298,-0.09419757127761841,0.24352729320526123,-0.2502627968788147,-0.21442170441150665,0.30483824014663696,-0.26553183794021606,-0.13374197483062744,0.408679723739624,0.12109693884849548,-0.2630709409713745,-0.008704204112291336,-0.21438048779964447,-0.23807433247566223,-0.0484793558716774,-0.11195322126150131,0.20101787149906158,-0.008170943707227707,0.09466615319252014,0.18627099692821503,0.5780426859855652,-0.0075319018214941025,0.38229459524154663,0.18472182750701904,0.03679240494966507,-0.07803546637296677,-0.11388309299945831,0.2698862552642822,-0.22646574676036835,0.33451324701309204,-0.14090371131896973,0.5335712432861328,-0.1894567608833313,0.7230232357978821,-0.2099873423576355,-0.25303927063941956,-0.03580058738589287,-0.14289024472236633,0.26598507165908813,0.0015545431524515152,0.45335453748703003,-0.09984186291694641,0.7325606942176819,-0.1000642478466034,-0.1920546293258667
2,534,216,600,278,0.532179594039917,-0.15920323133468628,0.4348146319389343,1.052626132965088,-0.2372353971004486,-0.15355607867240906,0.12927976250648499,-0.1336117535829544,-0.20732083916664124,-0.2278502881526947,0.2048330307006836,-0.047729700803756714,0.039063699543476105,0.11476267874240875,0.262654185295105,-0.14739952981472015,-0.1838143765926361,-0.18202003836631775,0.22966918349266052,-0.10901356488466263,0.03882453590631485,0.01594645157456398,0.7463203072547913,0.20449304580688477,0.19372251629829407,0.10323236137628555,-0.14790473878383636,-0.17035269737243652,0.3668733239173889,0.38261690735816956,-0.030447861179709435,-0.22628134489059448,-0.0860438346862793,0.27585962414741516,-0.15341176092624664,-0.16397607326507568,-0.22365811467170715,0.48625195026397705,-0.14908923208713531,0.22897785902023315,-0.2564623951911926,-0.1849554181098938,0.23621076345443726,0.27772608399391174,0.2249596118927002,-0.18954282999038696,-0.19002877175807953,0.36133915185928345,0.24965733289718628,0.5594797730445862,0.337593674659729,-0.03258134797215462,0.4592580199241638,-0.21007642149925232,0.5568481683731079,-0.11728009581565857,-0.21969786286354065,0.050537221133708954,0.4600808620452881,-0.20531712472438812,0.3596317172050476,0.6776195764541626,-0.1568092554807663,-0.1849299967288971,0.25002938508987427,0.30864396691322327,-0.08563713729381561,0.30509427189826965,0.06683820486068726,0.7485268115997314,0.5799792408943176,-0.1876787543296814,0.046700067818164825,0.21767723560333252,-0.18237869441509247,-0.06750054657459259,0.2883773446083069,-0.1304275095462799,-0.1900704801082611,-0.21360492706298828,0.1929791420698166,-0.18966849148273468,-0.2585526406764984,0.3257533609867096,-0.0008311420679092407,0.3784559965133667,-0.23803818225860596,-0.20131883025169373,0.2668387293815613,-0.2542150914669037,-0.12661921977996826,0.3972563147544861,0.25711408257484436,-0.2636714279651642,-0.08614622056484222,-0.21319279074668884,-0.21786394715309143,-0.09560646116733551,-0.15211738646030426,0.20103877782821655,0.0020090052857995033,0.2619858384132385,0.07915600389242172,0.6282533407211304,0.05514095351099968,0.3100843131542206,0.20854054391384125,0.07400857657194138,-0.07181920111179352,-0.11186511069536209,0.23090431094169617,-0.21949201822280884,0.22092051804065704,-0.14073532819747925,0.5722149014472961,-0.18346688151359558,0.8280007839202881,-0.16206765174865723,-0.25656193494796753,-0.048254355788230896,-0.1384650617837906,0.24214056134223938,-0.061591003090143204,0.40497514605522156,-0.08473094552755356,0.7118237018585205,-0.07533933967351913,-0.18725767731666565
3,441,456,487,500,0.7494852542877197,-0.21186459064483643,0.16097047924995422,0.9977565407752991,-0.2223425954580307,-0.16791845858097076,0.3848814368247986,-0.17332221567630768,-0.22440369427204132,-0.2352377027273178,0.23721398413181305,-0.2200697362422943,0.05044064670801163,0.15043847262859344,0.228071928024292,-0.1867641806602478,-0.009390043094754219,-0.16448161005973816,0.11081799864768982,-0.06355742365121841,0.12050747871398926,-0.0364132858812809,0.5499892234802246,0.28766942024230957,-0.05432518199086189,0.24673737585544586,-0.11886710673570633,-0.2243960201740265,0.4213724136352539,0.3601478636264801,-0.12506042420864105,-0.1523994356393814,-0.09590598195791245,0.30794212222099304,-0.13753965497016907,-0.15840977430343628,-0.22982017695903778,0.18705588579177856,-0.18326453864574432,0.03536086529493332,-0.23730312287807465,-0.19953078031539917,0.029179582372307777,0.2037794291973114,0.38614603877067566,-0.2101312279701233,-0.21194568276405334,0.41004836559295654,0.21518881618976593,0.330556184053421,0.3335818946361542,0.22795693576335907,0.4610635042190552,-0.2292494773864746,0.7297206521034241,-0.16753949224948883,-0.00360082252882421,0.0856340229511261,0.6822816133499146,-0.17270809412002563,0.22136996686458588,0.5583214163780212,-0.16562782227993011,-0.04706544056534767,0.37306922674179077,0.042829036712646484,0.1594409942626953,0.3152262270450592,0.024324923753738403,0.583624541759491,0.5877950191497803,-0.2027122676372528,-0.05505415424704552,0.14144617319107056,-0.19262510538101196,-0.07060107588768005,0.32081931829452515,-0.15258608758449554,-0.19324877858161926,-0.21798314154148102,0.06531614810228348,-0.2278834730386734,-0.2752646803855896,0.1484045684337616,0.2003917098045349,0.26067137718200684,-0.1767324060201645,-0.20979860424995422,0.12112947553396225,-0.23805946111679077,-0.21458347141742706,0.22455522418022156,0.13918496668338776,-0.254648357629776,0.044176261872053146,-0.14711925387382507,-0.22940461337566376,0.08901868760585785,-0.23340946435928345,0.20103079080581665,0.19465963542461395,0.25839218497276306,0.022672012448310852,0.5386378765106201,0.01911008358001709,0.19110679626464844,0.011003951542079449,0.03823248669505119,-0.148088276386261,-0.08604519814252853,0.392460435628891,-0.20593060553073883,0.039468105882406235,-0.12242546677589417,0.5241410732269287,-0.20059320330619812,0.845350980758667,-0.2536388635635376,-0.2303355485200882,-0.07133276760578156,-0.15149985253810883,0.2797495126724243,0.14519542455673218,0.4830024540424347,-0.08357574045658112,0.7640312910079956,-0.1196940466761589,-0.2126852124929428
4,710,267,776,332,0.5528205633163452,-0.1700700968503952,0.5698712468147278,1.0564813613891602,-0.2434704601764679,-0.14158186316490173,0.16494899988174438,-0.1494990736246109,-0.21062733232975006,-0.24671515822410583,0.2867991328239441,0.021138764917850494,0.0015129968523979187,0.2018224447965622,0.30748239159584045,-0.16684590280056,-0.21123594045639038,-0.20272693037986755,0.4011737108230591,-0.08974520117044449,0.07339228689670563,0.021541904658079147,0.6928242444992065,0.12221387773752213,0.2150999754667282,0.16548514366149902,-0.16525083780288696,-0.15423518419265747,0.6125319004058838,0.38283753395080566,-0.06368950009346008,-0.24058565497398376,-0.026441214606165886,0.29786744713783264,-0.1401384472846985,-0.1435726284980774,-0.22753790020942688,0.5530147552490234,-0.16224929690361023,0.37284767627716064,-0.2556469738483429,-0.18580910563468933,0.2427482008934021,0.5429484844207764,0.10650444030761719,-0.19788981974124908,-0.22006705403327942,0.3893735408782959,0.2877044081687927,0.5821990966796875,0.3856222629547119,-0.0397438108921051,0.6362330913543701,-0.21922574937343597,0.8284275531768799,-0.1505618691444397,-0.17325033247470856,0.1613733023405075,0.5312095880508423,-0.214198499917984,0.3988741636276245,0.7306821346282959,-0.1561703234910965,-0.047315146774053574,0.26660454273223877,0.21105949580669403,-0.08143305778503418,0.35130128264427185,0.03512215614318848,0.7673299312591553,0.5098133087158203,-0.1789291799068451,0.014823377132415771,0.228846937417984,-0.18309319019317627,-0.023449774831533432,0.3215116858482361,-0.10901108384132385,-0.14075082540512085,-0.20938336849212646,0.15898139774799347,-0.1993698924779892,-0.26664572954177856,0.622536301612854,-0.10491826385259628,0.17605462670326233,-0.23132513463497162,-0.21413099765777588,0.3219558000564575,-0.250524640083313,-0.12177219986915588,0.3072627782821655,0.29773658514022827,-0.2654091715812683,0.09096568822860718,-0.2013932764530182,-0.22719401121139526,-0.08282561600208282,-0.1587117612361908,0.15752844512462616,0.02780463732779026,0.1175193041563034,0.18554101884365082,0.6922382116317749,0.14919990301132202,0.42760181427001953,0.12733228504657745,-0.004627659916877747,-0.0841389149427414,-0.1170191541314125,0.12902669608592987,-0.21391421556472778,0.39272788166999817,-0.12941621243953705,0.607642412185669,-0.14809148013591766,0.8984165191650391,-0.15328626334667206,-0.23881033062934875,-0.05369076877832413,-0.15033937990665436,0.238259419798851,-0.03232179582118988,0.4121609628200531,-0.0886039286851883,0.7367940545082092,-0.043049730360507965,-0.20484264194965363
5,404,274,467,333,0.6850466728210449,-0.18021531403064728,0.5516102910041809,1.0585492849349976,-0.24683034420013428,-0.12491723150014877,0.15252436697483063,-0.13549482822418213,-0.21681682765483856,-0.223936066031456,0.2456962615251541,-0.11571857333183289,0.04442213848233223,0.2742442786693573,0.3140259385108948,-0.12724749743938446,-0.1903902143239975,-0.11736089736223221,0.40384170413017273,-0.06446916610002518,0.05500606819987297,0.0663197711110115,0.6780276298522949,0.10865751653909683,0.18864823877811432,0.1872355341911316,-0.13408367335796356,-0.18714182078838348,0.6178016066551208,0.31112149357795715,-0.07784727960824966,-0.2115495651960373,-0.012460415251553059,0.3483124077320099,-0.1310528963804245,-0.11739135533571243,-0.2265576869249344,0.44521740078926086,-0.20102770626544952,0.3202185332775116,-0.25534573197364807,-0.18092010915279388,0.30393877625465393,0.38945260643959045,0.20781737565994263,-0.21066562831401825,-0.20327194035053253,0.4076786935329437,0.4227100908756256,0.48894548416137695,0.3531437814235687,0.027585148811340332,0.47310057282447815,-0.20428693294525146,0.631165087223053,-0.22014321386814117,-0.11499769240617752,0.11503199487924576,0.4533926546573639,-0.21209459006786346,0.4068361520767212,0.7307695746421814,-0.1194586530327797,-0.04509119689464569,0.4124964475631714,0.07727187871932983,-0.029756411910057068,0.2614246904850006,0.047968074679374695,0.8213240504264832,0.6516385674476624,-0.17271733283996582,0.026303984224796295,0.18930238485336304,-0.18263006210327148,-0.08462738245725632,0.3800378143787384,-0.11622514575719833,-0.13482490181922913,-0.24520467221736908,0.22808758914470673,-0.18958240747451782,-0.270408034324646,0.4279317557811737,-0.09667524695396423,0.16486281156539917,-0.23223845660686493,-0.21849800646305084,0.2401018589735031,-0.2363308072090149,-0.03747284412384033,0.3682307004928589,0.3287234306335449,-0.2635192573070526,0.1032622754573822,-0.21950292587280273,-0.23741264641284943,-0.01887175440788269,-0.13469357788562775,0.17954187095165253,-0.006586428731679916,0.1918240338563919,0.1444856971502304,0.574161946773529,0.013163725845515728,0.4336888790130615,0.26644012331962585,0.35261330008506775,-0.12083377689123154,-0.12028801441192627,0.23091156780719757,-0.2144727259874344,0.319295197725296,-0.09017805010080338,0.5653291344642639,-0.16891896724700928,0.8985463976860046,-0.19380205869674683,-0.22671914100646973,-0.0481359027326107,-0.1439838856458664,0.22727864980697632,0.1084308922290802,0.4174305498600006,-0.06388698518276215,0.7295596599578857,-0.04098489508032799,-0.19850806891918182
6,247,254,330,335,0.4704052209854126,-0.166697695851326,0.4259704351425171,1.06143057346344,-0.24621200561523438,-0.1938665807247162,0.07724016904830933,-0.05762350931763649,-0.1916307508945465,-0.20871876180171967,0.26591983437538147,-0.142722487449646,0.0832602009177208,0.2148471474647522,0.1614040732383728,-0.09862272441387177,-0.18184210360050201,-0.16668067872524261,0.03222766891121864,-0.13802532851696014,-0.019513847306370735,0.08900050073862076,0.6039867401123047,0.0535055436193943,0.2669885456562042,0.06959845125675201,-0.12472999840974808,-0.218164324760437,0.3294418454170227,0.25188878178596497,-0.0752667784690857,-0.238005593419075,-0.04153534397482872,0.28117838501930237,-0.15194237232208252,-0.1838119626045227,-0.23336166143417358,0.4109500050544739,-0.21256990730762482,0.29388803243637085,-0.2532709836959839,-0.17478567361831665,0.25296124815940857,0.23619438707828522,0.20096267759799957,-0.18869946897029877,-0.18806667625904083,0.3840925097465515,0.27519702911376953,0.38979852199554443,0.3964979946613312,-0.08705343306064606,0.34983816742897034,-0.2126011848449707,0.4305463135242462,-0.16715990006923676,-0.21954120695590973,0.04223869368433952,0.45996466279029846,-0.21040113270282745,0.27237868309020996,0.6834380626678467,-0.10422879457473755,-0.15091539919376373,0.22350935637950897,0.11286336183547974,-0.08900425583124161,0.32668784260749817,0.09882690757513046,0.7698355913162231,0.6612330079078674,-0.1542569398880005,0.02278350293636322,0.2189023345708847,-0.15551647543907166,-0.10736031830310822,0.20916028320789337,-0.16963671147823334,-0.20763927698135376,-0.2226601392030716,0.23717138171195984,-0.14174871146678925,-0.2593855857849121,0.39926064014434814,-0.10671665519475937,0.2758817672729492,-0.20207084715366364,-0.23431479930877686,0.32015955448150635,-0.2529628574848175,-0.13523797690868378,0.33042266964912415,0.26847925782203674,-0.26280829310417175,0.011621525511145592,-0.23007479310035706,-0.2296859323978424,-0.058131419122219086,-0.12698858976364136,0.18563419580459595,-0.013334007002413273,0.11727802455425262,0.16889965534210205,0.5066545009613037,-0.09464297443628311,0.3494178056716919,0.24087758362293243,0.06803947687149048,-0.06914904713630676,-0.021781520918011665,0.12251955270767212,-0.2197309285402298,0.11134514212608337,-0.17921863496303558,0.5134755969047546,-0.18366269767284393,0.6706494688987732,-0.1882026344537735,-0.23483999073505402,-0.016980769112706184,-0.1440664380788803,0.3156173825263977,-0.056543298065662384,0.370583713054657,-0.1014946922659874,0.5028197765350342,-0.14566263556480408,-0.1909382939338684
7,298,404,351,455,0.6480897068977356,-0.1531529277563095,0.41110438108444214,1.051159143447876,-0.24501994252204895,-0.20003527402877808,0.13991378247737885,-0.13616061210632324,-0.2527937889099121,-0.2509370744228363,0.218573197722435,0.006564779207110405,0.17637525498867035,0.27078166604042053,0.22885867953300476,-0.1549832671880722,0.010407593101263046,-0.23660914599895477,0.41407495737075806,0.014213223941624165,0.11729913204908371,0.05248017981648445,0.588817834854126,0.1068052351474762,0.10270027816295624,0.18420352041721344,-0.11221424490213394,-0.18652960658073425,0.37909379601478577,0.4556956887245178,-0.10540041327476501,-0.22250042855739594,-0.019580528140068054,0.4097902476787567,-0.14817264676094055,-0.05923110246658325,-0.2193676084280014,0.31598958373069763,-0.22933202981948853,0.06943636387586594,-0.22663933038711548,-0.17002439498901367,0.03962595760822296,0.44224444031715393,0.16946905851364136,-0.19374802708625793,-0.1687905639410019,0.43579497933387756,0.22683848440647125,0.36186912655830383,0.38009563088417053,-0.020206822082400322,0.560363233089447,-0.20438343286514282,0.5185682773590088,-0.15315762162208557,-0.015249652788043022,0.23886895179748535,0.5595424175262451,-0.18973128497600555,0.3440459966659546,0.5979699492454529,-0.14640657603740692,0.1532236933708191,0.2207421362400055,0.075654536485672,0.0852753147482872,0.43738943338394165,0.09349952638149261,0.614095151424408,0.6591908931732178,-0.14442698657512665,-0.06677194684743881,0.21546365320682526,-0.19747604429721832,-0.06140720844268799,0.2623880207538605,-0.013651232235133648,-0.1314026266336441,-0.2357606291770935,-0.025918424129486084,-0.20550237596035004,-0.27619850635528564,0.38582465052604675,-0.09455588459968567,0.20517443120479584,-0.20419269800186157,-0.2266957014799118,0.1389247477054596,-0.21922987699508667,-0.08405789732933044,0.24160082638263702,0.2387818545103073,-0.26282745599746704,0.15158697962760925,-0.16974183917045593,-0.23108747601509094,0.1127685159444809,-0.23107396066188812,0.11325246840715408,0.1018938198685646,0.23030880093574524,0.15529745817184448,0.5475232005119324,0.29199159145355225,0.3386360704898834,0.056931667029857635,-0.010721498169004917,-0.031241025775671005,-0.043629780411720276,0.30986762046813965,-0.18500028550624847,0.05194053053855896,-0.17419523000717163,0.5830844044685364,-0.1460397094488144,0.8150944113731384,-0.1816694736480713,-0.18622338771820068,-0.09610258042812347,-0.1728425920009613,0.3324570953845978,0.06382818520069122,0.39460107684135437,-0.04685526341199875,0.7011775374412537,0.0072250631637871265,-0.20067746937274933
8,444,827,492,875,0.4342178702354431,-0.16871853172779083,0.3422451317310333,1.0097126960754395,-0.24829547107219696,-0.24115565419197083,0.13117919862270355,-0.17041921615600586,-0.2666856646537781,-0.25579801201820374,0.3172380030155182,-0.20009101927280426,0.11554794758558273,0.1623142659664154,0.09863124042749405,-0.17593105137348175,-0.1446671187877655,-0.24770498275756836,0.11817402392625809,-0.08327130228281021,-0.007342146709561348,0.07303587347269058,0.4897003173828125,0.1613456904888153,0.1314675211906433,0.021231817081570625,-0.1209673210978508,-0.17117711901664734,0.2837253212928772,0.27985650300979614,-0.11576014012098312,-0.2309565544128418,-0.04049202427268028,0.31258195638656616,-0.1613834947347641,-0.1776859164237976,-0.22640016674995422,0.31854820251464844,-0.24423755705356598,0.11626729369163513,-0.2426338791847229,-0.19352442026138306,-0.028501616790890694,0.19056859612464905,-0.030547959730029106,-0.18772505223751068,-0.18120436370372772,0.4559781849384308,0.08720237016677856,0.23457026481628418,0.3906303346157074,-0.10485442727804184,0.4989544153213501,-0.19347327947616577,0.6116099953651428,-0.2072746455669403,-0.11301551759243011,0.07792764157056808,0.6161129474639893,-0.17648263275623322,0.10308229178190231,0.6243324279785156,-0.11438042670488358,-0.15921713411808014,0.1451832503080368,-0.15011803805828094,-0.03172450512647629,0.2759787440299988,0.03968454524874687,0.45368707180023193,0.6539222598075867,-0.20477347075939178,-0.10949472337961197,0.1584666520357132,-0.17702125012874603,-0.1319161206483841,0.09976008534431458,-0.12913778424263,-0.14736561477184296,-0.24324676394462585,0.0486658439040184,-0.24056121706962585,-0.2694145441055298,0.39587366580963135,-0.11653942614793777,0.21634775400161743,-0.2078195959329605,-0.2175474464893341,0.2738960087299347,-0.21689572930335999,-0.2176055610179901,0.19063521921634674,0.20686036348342896,-0.2503875494003296,0.2786039113998413,-0.1931137591600418,-0.21229241788387299,0.039937928318977356,-0.2335784137248993,0.18387122452259064,0.06712917983531952,0.14157181978225708,0.1421547532081604,0.4187846779823303,-0.011039065197110176,0.20760387182235718,0.04504799097776413,0.1789560467004776,-0.09826013445854187,-0.0008731848793104291,0.0071623558178544044,-0.20845362544059753,0.07347403466701508,-0.17330071330070496,0.531653642654419,-0.19940423965454102,0.568345308303833,-0.20800510048866272,-0.2068786919116974,-0.09988006204366684,-0.1589289754629135,0.24735182523727417,0.11452492326498032,0.46479904651641846,-0.10760702192783356,0.5409135818481445,-0.08922914415597916,-0.21206457912921906
9,674,786,723,834,0.5462239980697632,-0.17955540120601654,0.3418218493461609,1.0155723094940186,-0.20740583539009094,-0.15500499308109283,0.31645530462265015,-0.2018837183713913,-0.21010123193264008,-0.24171368777751923,0.21528933942317963,-0.07078227400779724,-0.1194278672337532,0.32426056265830994,0.24408358335494995,-0.18954512476921082,-0.1277049481868744,-0.2221408188343048,0.3851613998413086,-0.13269180059432983,-0.15055543184280396,0.06263629347085953,0.5210680961608887,0.03977968916296959,0.05029650405049324,0.2129639983177185,-0.190594881772995,-0.20568735897541046,0.579002320766449,0.2794729769229889,-0.12454596906900406,-0.22552445530891418,-0.06376934796571732,0.2020244002342224,-0.12733891606330872,-0.17720414698123932,-0.2306705266237259,0.3918323516845703,-0.17660924792289734,0.19910983741283417,-0.2556791603565216,-0.1926746964454651,0.020909182727336884,0.09515658766031265,0.0029288199730217457,-0.16771778464317322,-0.20374834537506104,0.4922802150249481,0.33126890659332275,0.5108916759490967,0.28460338711738586,0.08316590636968613,0.520588219165802,-0.2020462304353714,1.075948715209961,-0.13400086760520935,-0.07846824079751968,-0.04983343929052353,0.4637294411659241,-0.18508648872375488,0.33646413683891296,0.47745412588119507,-0.15196183323860168,-0.0937890112400055,0.3084617853164673,-0.155482217669487,0.11615236848592758,0.21807333827018738,-0.017460070550441742,0.7010948657989502,0.37535208463668823,-0.22287994623184204,-0.015168474987149239,0.1144770011305809,-0.18905122578144073,-0.11974924057722092,0.5215417146682739,-0.17615988850593567,-0.09896668791770935,-0.2615810036659241,0.1253352016210556,-0.22873428463935852,-0.2726905941963196,0.5802479982376099,0.2736486494541168,0.2942982316017151,-0.23332460224628448,-0.17297953367233276,0.3015993535518646,-0.24244952201843262,-0.18768326938152313,0.26397505402565,0.3850978910923004,-0.2497759461402893,0.23231646418571472,-0.19414331018924713,-0.2280862033367157,-0.14414279162883759,-0.20758233964443207,0.22659116983413696,0.016830189153552055,0.021233506500720978,0.01740049012005329,0.679665207862854,-0.06749698519706726,0.36076733469963074,0.048168301582336426,0.4173644781112671,-0.12452074140310287,-0.1774820238351822,0.3653755784034729,-0.24112409353256226,0.40099987387657166,-0.018733838573098183,0.5374615788459778,-0.17365577816963196,0.8507586121559143,-0.18368898332118988,-0.23601283133029938,0.11611250787973404,-0.13103847205638885,0.22531574964523315,0.2943406403064728,0.5530297160148621,-0.15242987871170044,0.9925636649131775,-0.016073863953351974,-0.22466304898262024
10,793,287,842,336,0.5375935435295105,-0.1962646096944809,0.3182787001132965,1.0078409910202026,-0.1590971201658249,0.010298694483935833,0.2677590548992157,-0.20603318512439728,-0.11679861694574356,-0.2574892044067383,0.37561488151550293,-0.02877957560122013,-0.04919932782649994,0.15738822519779205,0.14610324800014496,-0.19638781249523163,-0.15137241780757904,-0.1942799687385559,0.4362683594226837,-0.08545181900262833,-0.05764554813504219,0.007157899439334869,0.4928048551082611,0.03716385364532471,0.2122706174850464,0.3122081756591797,-0.11473361402750015,-0.20951920747756958,0.4193207323551178,0.27187269926071167,-0.19203419983386993,-0.2297559231519699,-0.0636342391371727,0.5173015594482422,-0.1554783135652542,-0.10378611832857132,-0.2261548787355423,0.15586413443088531,-0.17034892737865448,0.132013738155365,-0.20202994346618652,-0.1946078985929489,0.07014324516057968,0.26515111327171326,0.06092338263988495,-0.14044959843158722,-0.20022213459014893,0.7017783522605896,0.351968914270401,0.36828503012657166,0.35436582565307617,0.17979232966899872,0.2953430116176605,-0.20653600990772247,0.7103837132453918,-0.1753392219543457,-0.003939551766961813,0.05871526524424553,0.6341150403022766,-0.09491484612226486,0.14916609227657318,0.39347097277641296,-0.17497797310352325,-0.047140974551439285,0.09147115796804428,-0.07698026299476624,0.3788607120513916,0.1570298671722412,0.09204878658056259,0.5280499458312988,0.4846659004688263,-0.16088664531707764,-0.08278504759073257,0.16323643922805786,-0.20611266791820526,-0.07444226741790771,0.47570833563804626,-0.1521025002002716,-0.1042693555355072,-0.22370578348636627,0.01813322864472866,-0.2333339899778366,-0.2752978503704071,0.34345874190330505,0.2248842865228653,0.18864209949970245,-0.20475083589553833,-0.1523669809103012,0.11488231271505356,-0.22357390820980072,-0.16692419350147247,0.14026975631713867,0.06933847069740295,-0.257117360830307,0.24912846088409424,-0.15687145292758942,-0.2363421767950058,-0.17885315418243408,-0.24230434000492096,0.16743750870227814,0.04046608507633209,0.041129712015390396,0.13562949001789093,0.49318480491638184,0.2091725915670395,0.22359229624271393,0.020613545551896095,0.2669854462146759,-0.019448883831501007,-0.17279881238937378,0.23532448709011078,-0.23298466205596924,0.09395904093980789,-0.04132743552327156,0.49204978346824646,-0.12589149177074432,0.7185385823249817,-0.10461881756782532,-0.19246293604373932,-0.00808644574135542,-0.15255209803581238,0.22200681269168854,0.15353651344776154,0.5861234664916992,-0.15550969541072845,1.0481005907058716,-0.05497235432267189,-0.22016285359859467
11,301,776,345,818,0.5404253602027893,-0.22878398001194,0.07735235244035721,1.0474817752838135,-0.20899687707424164,-0.23707866668701172,0.3414187431335449,-0.1777694970369339,-0.22407375276088715,-0.21109898388385773,0.24805691838264465,-0.24560123682022095,-0.03538094088435173,0.445160448551178,0.43347400426864624,-0.18435901403427124,-0.14020119607448578,0.08824069052934647,-0.07093065977096558,-0.018002131953835487,-0.062198374420404434,0.30302751064300537,0.48056983947753906,0.15769383311271667,0.27639299631118774,0.12434077262878418,-0.12407701462507248,-0.1948269009590149,0.27960601449012756,0.23524576425552368,-0.14894980192184448,-0.19758568704128265,-0.14219370484352112,0.3988393545150757,-0.1550309956073761,-0.2544960379600525,-0.13457323610782623,0.23065344989299774,-0.19931046664714813,-0.04091719165444374,-0.20806659758090973,-0.13421180844306946,0.07823361456394196,0.5176710486412048,0.06636227667331696,-0.08639928698539734,-0.1255408376455307,0.7263092398643494,0.1740179806947708,0.16198450326919556,0.4338856339454651,0.19726938009262085,0.447723925113678,-0.22478707134723663,0.7032265067100525,-0.21192772686481476,0.06086259335279465,0.32874563336372375,0.8827754259109497,-0.22744809091091156,0.28156089782714844,0.38367122411727905,-0.11574885249137878,0.22126585245132446,0.27402305603027344,-0.0419471375644207,-0.07746794819831848,0.3606129288673401,-0.011584331281483173,0.206651508808136,0.7069693803787231,-0.2233065813779831,-0.10880592465400696,0.16123220324516296,-0.0987367331981659,-0.06518896669149399,0.22588807344436646,-0.19345444440841675,-0.14487889409065247,-0.1753634363412857,0.10472430288791656,-0.22555382549762726,-0.26541581749916077,0.057719603180885315,0.37674012780189514,-0.015431046485900879,-0.124199777841568,-0.19978970289230347,0.20438939332962036,-0.19954410195350647,-0.22030696272850037,0.04678803309798241,0.17134813964366913,-0.1506766974925995,-0.0948043018579483,-0.04482845589518547,-0.22098276019096375,0.10779469460248947,-0.23076947033405304,0.1282750815153122,0.2983241081237793,0.18242283165454865,0.06924537569284439,0.41818898916244507,-0.022496730089187622,0.3253694474697113,-0.05336868017911911,0.1612703800201416,-0.010521749965846539,-0.10418356209993362,0.3160823583602905,-0.13853013515472412,0.14045244455337524,-0.06648308038711548,0.3614327311515808,-0.16113592684268951,0.49775397777557373,-0.10169070214033127,-0.18274348974227905,0.01339772716164589,-0.12335041165351868,0.39273783564567566,0.1273622363805771,0.3852382302284241,-0.06974764168262482,0.5612276196479797,-0.15436193346977234,-0.1855672001838684
12,520,496,559,535,0.742325484752655,-0.22067925333976746,0.22693580389022827,1.0052490234375,-0.20063649117946625,-0.26240432262420654,0.6633713245391846,-0.18270142376422882,-0.2344827800989151,-0.24510101974010468,0.3259662389755249,-0.25959157943725586,0.07796861976385117,0.3657505512237549,0.4092046618461609,-0.19748593866825104,-0.10160206258296967,0.26253360509872437,0.20223113894462585,0.2515886425971985,-0.0018472298979759216,-0.044967107474803925,0.41180503368377686,0.011077171191573143,0.5853464603424072,0.5122653841972351,-0.0014448799192905426,-0.1889500766992569,0.40689605474472046,0.33200663328170776,-0.2129315733909607,-0.11306201666593552,-0.042378365993499756,0.19951796531677246,-0.1516239047050476,-0.03856334835290909,-0.23735490441322327,0.5588080883026123,-0.18510226905345917,0.18228983879089355,-0.22954577207565308,-0.20756933093070984,0.0593915693461895,0.5898321866989136,0.3499187231063843,-0.17138154804706573,-0.21881842613220215,0.39490997791290283,0.0826762318611145,0.42700737714767456,0.5352786779403687,0.13198354840278625,0.617820143699646,-0.23014596104621887,0.8444393277168274,-0.22032484412193298,0.11254741251468658,0.1855655014514923,0.7713431119918823,-0.24840623140335083,-0.0026235077530145645,0.3840939998626709,-0.13589692115783691,-0.07280471175909042,0.29710865020751953,-0.006589945405721664,-0.1440478265285492,0.5488819479942322,0.10711759328842163,0.39142486453056335,0.4587411880493164,-0.1875036358833313,-0.07141686230897903,0.2166714370250702,-0.05443791300058365,-0.012147357687354088,0.41325119137763977,-0.18893307447433472,-0.2191506028175354,-0.17083385586738586,-0.05822788178920746,-0.2291896939277649,-0.2601602375507355,0.4374200999736786,-0.052900563925504684,-0.24228353798389435,-0.2670689821243286,-0.1930859088897705,0.5114871859550476,-0.23203662037849426,-0.12204384058713913,-0.027492064982652664,-0.08605761080980301,-0.2738049626350403,0.16861459612846375,-0.16266557574272156,-0.22048132121562958,-0.07844924926757812,-0.2364877611398697,0.13481156527996063,0.9791085720062256,0.3144509196281433,0.13783735036849976,0.4319884777069092,-0.04090277850627899,-0.06803841888904572,0.05156393721699715,0.051620181649923325,-0.1658036708831787,-0.2344769537448883,0.48505493998527527,-0.22697316110134125,-0.07873871177434921,0.018491405993700027,0.4951633810997009,-0.20832443237304688,0.4604793190956116,-0.10806027799844742,-0.18130585551261902,-0.029669854789972305,-0.1043662577867508,0.46001294255256653,0.03716804087162018,0.5972254276275635,-0.0777391567826271,0.7838176488876343,-0.19884955883026123,-0.20046555995941162
13,488,450,536,497,0.49487754702568054,-0.21932612359523773,0.22410458326339722,1.0095170736312866,-0.20136915147304535,-0.1380205601453781,0.4240322411060333,-0.2229526787996292,-0.23558251559734344,-0.2699055075645447,0.27682793140411377,0.027826637029647827,-0.09825006127357483,0.40670570731163025,0.2649749219417572,-0.18520821630954742,-0.02215670794248581,-0.06198052689433098,0.4333440661430359,-0.14267665147781372,-0.08182249963283539,-0.035715095698833466,0.5878310799598694,0.023458294570446014,0.059715911746025085,0.27080604434013367,-0.15975883603096008,-0.20263586938381195,0.33629488945007324,0.26525014638900757,-0.18988391757011414,-0.17933209240436554,-0.09244072437286377,0.37789297103881836,-0.12592650949954987,-0.11121352761983871,-0.23581130802631378,0.22262617945671082,-0.20716410875320435,-0.024264488369226456,-0.2218649834394455,-0.19969600439071655,0.07463562488555908,0.17671358585357666,0.14963755011558533,-0.14514382183551788,-0.25125476717948914,0.6198877692222595,0.38050931692123413,0.48045963048934937,0.3096792697906494,0.281946063041687,0.6623072028160095,-0.2455141842365265,0.7925507426261902,-0.1317649483680725,0.05036739632487297,0.14248695969581604,0.7037240266799927,-0.2079271674156189,0.4408941864967346,0.4418606162071228,-0.14177918434143066,0.16215801239013672,0.29124340415000916,-0.019563350826501846,0.20436488091945648,0.27944859862327576,-0.06891526281833649,0.3984774947166443,0.43175479769706726,-0.19843457639217377,-0.052372559905052185,0.21961696445941925,-0.1846242994070053,-0.0842355340719223,0.3689725697040558,-0.191677987575531,-0.2025461345911026,-0.2462616264820099,0.04941874369978905,-0.2298850417137146,-0.26967382431030273,0.2917284369468689,0.3318188786506653,0.10592550784349442,-0.21482068300247192,-0.1861436516046524,0.1807127147912979,-0.24575845897197723,-0.21106413006782532,0.2747413218021393,0.14549417793750763,-0.2608879804611206,0.07167959213256836,-0.1650448441505432,-0.2365507036447525,-0.07937305420637131,-0.22244638204574585,0.17699865996837616,0.15888690948486328,-0.016961809247732162,0.03599845618009567,0.5448073744773865,0.18953299522399902,0.36503827571868896,-0.07602368295192719,0.08983372151851654,-0.08522168546915054,-0.09350565820932388,0.4234679341316223,-0.2285774052143097,0.17056109011173248,-0.09126678854227066,0.5479542016983032,-0.17831680178642273,0.9173183441162109,-0.11502447724342346,-0.21424368023872375,0.05700398236513138,-0.14621172845363617,0.31835174560546875,0.1746951788663864,0.6383588314056396,-0.16605672240257263,0.9692338109016418,-0.1793643832206726,-0.2297978401184082
14,242,605,287,648,0.5261071920394897,-0.162394180893898,0.35913705825805664,1.0207253694534302,-0.23072417080402374,-0.21869756281375885,0.21245433390140533,-0.14745469391345978,-0.2589628994464874,-0.23342777788639069,0.2809346616268158,-0.15764690935611725,0.081645667552948,0.1923639178276062,0.18232177197933197,-0.16279582679271698,-0.14974133670330048,-0.24150307476520538,0.39323005080223083,0.01657702401280403,-0.07303107529878616,0.14273779094219208,0.30797645449638367,0.15075618028640747,0.3265433609485626,0.16961215436458588,-0.15290041267871857,-0.13755054771900177,0.17424030601978302,0.22184884548187256,-0.18938817083835602,-0.16822892427444458,0.0016796290874481201,0.28472205996513367,-0.14700040221214294,-0.19824953377246857,-0.2217058688402176,0.15946698188781738,-0.2479068785905838,0.08495670557022095,-0.2332644909620285,-0.172687828540802,0.007648991886526346,0.09851598739624023,0.004821824375540018,-0.19159305095672607,-0.11249832063913345,0.5186411738395691,0.39849141240119934,0.18127121031284332,0.47906768321990967,-0.04889814555644989,0.343732088804245,-0.18539632856845856,0.9599290490150452,-0.2251540869474411,0.033411044627428055,0.24517513811588287,0.7260460257530212,-0.22483305633068085,0.3977762758731842,0.5022278428077698,-0.1115126982331276,-0.06486538052558899,0.047093749046325684,-0.18747617304325104,-0.08037059009075165,0.18299679458141327,0.036601945757865906,0.5066733956336975,0.5452591776847839,-0.22418706119060516,-0.16347354650497437,0.25570687651634216,-0.15221287310123444,-0.1396118849515915,0.1175556406378746,-0.1877078264951706,-0.07768375426530838,-0.1916513890028,0.17559732496738434,-0.21688704192638397,-0.27385157346725464,0.6472306847572327,-0.030951594933867455,0.116951584815979,-0.1608419567346573,-0.22073669731616974,0.1840873509645462,-0.18240858614444733,-0.22192181646823883,0.1398036926984787,0.21397148072719574,-0.2551169693470001,0.5088254809379578,-0.18033379316329956,-0.23444123566150665,0.07217659056186676,-0.2167426198720932,0.11708734184503555,0.013332575559616089,0.020817169919610023,0.10186769813299179,0.39182206988334656,-0.16057290136814117,0.4651634991168976,0.05146640166640282,0.4299246370792389,-0.12931416928768158,-0.09332028031349182,-0.06316707283258438,-0.20143891870975494,0.1913619488477707,-0.1782245635986328,0.5942843556404114,-0.16829413175582886,0.5700681209564209,-0.17851102352142334,-0.18328775465488434,0.006549311336129904,-0.15310019254684448,0.26685404777526855,0.23004133999347687,0.5461133122444153,-0.09922093898057938,0.759774386882782,-0.15338681638240814,-0.22147555649280548
15,402,690,444,730,0.6426390409469604,-0.2112923115491867,0.15929940342903137,0.9478341341018677,-0.20335523784160614,-0.16937588155269623,0.11904635280370712,-0.20922508835792542,-0.23072980344295502,-0.2427462935447693,0.34388381242752075,-0.1807926893234253,-0.12968000769615173,0.5058193206787109,0.2564965784549713,-0.21463024616241455,-0.2544337809085846,-0.15412236750125885,0.05727945268154144,0.0937756821513176,-0.14506147801876068,0.17113694548606873,0.2814844846725464,0.018181592226028442,0.35119694471359253,0.4920249283313751,-0.10888858884572983,-0.13947466015815735,0.13432130217552185,0.24954332411289215,-0.19360099732875824,-0.20440292358398438,0.0641481876373291,0.10812696814537048,-0.1461891382932663,-0.09637228399515152,-0.24824395775794983,0.20988166332244873,-0.26260292530059814,0.16625791788101196,-0.20743700861930847,-0.21622024476528168,-0.045761629939079285,-0.0031028669327497482,-0.13062730431556702,-0.15494556725025177,-0.20723700523376465,0.47618651390075684,0.18726485967636108,0.14922624826431274,0.709827721118927,0.117375947535038,0.32315754890441895,-0.18925908207893372,1.251835584640503,-0.22567902505397797,0.22155535221099854,-0.09491178393363953,0.9094114303588867,-0.25022274255752563,0.005905024707317352,0.21254822611808777,-0.02170523628592491,-0.22721946239471436,0.08539419621229172,-0.2059197723865509,0.09030395746231079,0.18509158492088318,-0.13552412390708923,0.4028162956237793,0.4547729194164276,-0.22372260689735413,-0.16467496752738953,0.015132114291191101,0.004162304103374481,-0.1780906617641449,0.03818124905228615,-0.25785499811172485,-0.11390974372625351,-0.2094060182571411,0.2782345414161682,-0.2443799078464508,-0.27374130487442017,1.4052016735076904,0.03133601322770119,0.1620136946439743,-0.2077733874320984,-0.16573691368103027,0.2854808568954468,-0.20744270086288452,-0.21825887262821198,0.06710562109947205,0.0700189471244812,-0.23587432503700256,1.174741506576538,-0.20201793313026428,-0.24588680267333984,-0.17566320300102234,-0.2331179976463318,0.22872014343738556,0.2823954224586487,-0.07413400709629059,0.013289254158735275,0.32331961393356323,-0.15920232236385345,0.12920834124088287,0.010885549709200859,1.3999371528625488,-0.21564897894859314,-0.14369627833366394,0.3786642551422119,-0.1874590367078781,-0.015914108604192734,-0.122664675116539,0.5989773273468018,-0.21231278777122498,0.25522568821907043,-0.1998947262763977,-0.1708070933818817,0.07884877920150757,-0.12644357979297638,0.22318056225776672,0.4931564927101135,0.609049916267395,-0.2022559940814972,0.8632217049598694,-0.15606428682804108,-0.23608647286891937
16,345,728,383,766,0.5307413339614868,-0.21590431034564972,-0.023571081459522247,1.0255231857299805,-0.21240022778511047,-0.2674437165260315,0.4058561623096466,-0.17143094539642334,-0.2334853708744049,-0.254810094833374,0.3926827907562256,-0.2598995268344879,0.09833935648202896,0.06804892420768738,0.12464994937181473,-0.20540310442447662,0.3476566672325134,-0.26308631896972656,-0.20961089432239532,-0.12084998935461044,0.04584183543920517,-0.034826599061489105,0.3223264515399933,0.6185259222984314,-0.006354084238409996,0.27581632137298584,-0.21246981620788574,-0.21207526326179504,0.4429498314857483,0.28219690918922424,-0.13800597190856934,-0.17014963924884796,-0.028349142521619797,0.2939504086971283,-0.17364579439163208,-0.014006592333316803,-0.21726512908935547,0.22802583873271942,-0.23928210139274597,0.16693618893623352,-0.23808839917182922,-0.185868039727211,-0.12974607944488525,0.4424925446510315,0.3240213096141815,-0.21611040830612183,-0.20796743035316467,0.4885827898979187,0.1395239531993866,0.32928791642189026,0.8089475035667419,-0.14787209033966064,0.5370392203330994,-0.20812103152275085,0.5631308555603027,-0.2545852065086365,-0.12891501188278198,0.337821364402771,0.6442649960517883,-0.2588615417480469,0.11590726673603058,0.7549710869789124,-0.11899858713150024,-0.16132713854312897,0.22640374302864075,-0.040680743753910065,-0.0074523985385894775,0.17526444792747498,0.026714522391557693,0.45981305837631226,0.4909517765045166,-0.1999906748533249,-0.17020350694656372,0.2036292999982834,-0.17553284764289856,-0.05570241063833237,0.28513333201408386,-0.16566386818885803,-0.11438071727752686,-0.2519057095050812,-0.12029600888490677,-0.23119866847991943,-0.267147421836853,0.25560200214385986,-0.02683158591389656,0.05545419454574585,-0.2496013194322586,-0.2161206603050232,0.27138492465019226,-0.23953145742416382,-0.1968708634376526,0.0547340102493763,0.34191346168518066,-0.26608845591545105,0.20446597039699554,-0.1269119679927826,-0.22122253477573395,0.13487161695957184,-0.24457642436027527,0.14783909916877747,0.6249035596847534,0.12166120111942291,0.04735812544822693,0.6003616452217102,-0.1836870014667511,0.22513478994369507,0.019989565014839172,-0.09232643991708755,-0.021197199821472168,-0.1266424059867859,0.4169445335865021,-0.11663282662630081,0.02086511254310608,-0.16570447385311127,0.456339955329895,-0.1792169213294983,0.807288408279419,-0.2358594834804535,-0.2390238493680954,-0.01361871138215065,-0.13954544067382812,0.2928602695465088,-0.13438920676708221,0.5479925870895386,-0.06399378925561905,0.6464124321937561,-0.016396604478359222,-0.20710772275924683
17,807,397,884,473,0.6655583381652832,-0.1418028622865677,0.4123615026473999,1.0727847814559937,-0.24487057328224182,-0.18589849770069122,0.13570480048656464,-0.08878155797719955,-0.19560284912586212,-0.2052174061536789,0.22501863539218903,-0.15878334641456604,0.04241839051246643,0.15165412425994873,0.25065183639526367,-0.11735065281391144,-0.19258180260658264,-0.12214524298906326,0.12143310904502869,-0.08336268365383148,0.05778778716921806,0.08839280158281326,0.6810510158538818,0.13311047852039337,0.19156454503536224,0.1577150970697403,-0.15134233236312866,-0.17933298647403717,0.5164547562599182,0.3549845814704895,-0.0510624460875988,-0.20056027173995972,-0.06380453705787659,0.3240092992782593,-0.13409289717674255,-0.15443509817123413,-0.21658262610435486,0.5676029324531555,-0.18510226905345917,0.40153801441192627,-0.2320651113986969,-0.15756720304489136,0.12409442663192749,0.4243057370185852,0.15673132240772247,-0.1739189475774765,-0.16776371002197266,0.4031935930252075,0.23611342906951904,0.5048904418945312,0.4069750905036926,-0.0750633105635643,0.5819264054298401,-0.2131166011095047,0.5870360732078552,-0.11729801446199417,-0.11291831731796265,0.016236843541264534,0.4829501807689667,-0.20158439874649048,0.259947806596756,0.7078359723091125,-0.1119765192270279,-0.15525183081626892,0.2884844243526459,0.03894953057169914,-0.13150133192539215,0.339028924703598,0.1475721299648285,0.6497650742530823,0.6589217185974121,-0.11710082739591599,0.03006936050951481,0.21501004695892334,-0.17697368562221527,-0.04732418432831764,0.3296545743942261,-0.10604849457740784,-0.13421021401882172,-0.22867433726787567,0.1833494007587433,-0.1539013683795929,-0.2669176161289215,0.35328423976898193,-0.0901823341846466,0.1808842122554779,-0.21297422051429749,-0.24014098942279816,0.41723647713661194,-0.2524664103984833,-0.020512063056230545,0.2874639928340912,0.4151611030101776,-0.2661828398704529,0.028609562665224075,-0.21964684128761292,-0.22676905989646912,-0.031837478280067444,-0.14621509611606598,0.16603785753250122,0.04478771984577179,0.22055530548095703,0.1494208425283432,0.6266398429870605,0.06498121470212936,0.36452120542526245,0.2574240565299988,0.09110543131828308,-0.08609873801469803,-0.08889997750520706,0.2837148606777191,-0.1770567148923874,0.22848236560821533,-0.14246636629104614,0.49597758054733276,-0.13535577058792114,0.8133463263511658,-0.17766085267066956,-0.22093120217323303,-0.030510878190398216,-0.14401032030582428,0.270496129989624,-0.06508887559175491,0.37346991896629333,-0.06583213061094284,0.5486483573913574,-0.021490460261702538,-0.18176087737083435
18,326,629,359,662,0.584139347076416,-0.24300283193588257,-0.05546955391764641,0.8945570588111877,-0.1671314537525177,-0.0659111961722374,0.08801797032356262,-0.20865559577941895,0.08671875298023224,-0.21470385789871216,0.4847467541694641,-0.21700558066368103,-0.12581022083759308,0.7759116888046265,0.21104905009269714,-0.24653461575508118,-0.2259516566991806,-0.14538182318210602,-0.24054323136806488,-0.07331403344869614,-0.1254633069038391,-0.038777679204940796,0.26508164405822754,0.11376002430915833,0.08269934356212616,0.8942503929138184,-3.160536289215088e-05,-0.22938533127307892,0.10138531774282455,0.3891061544418335,-0.2228647917509079,-0.10697854310274124,0.016096286475658417,0.1586102396249771,-0.18351347744464874,0.11203740537166595,-0.2545534670352936,0.1301286816596985,-0.25237444043159485,-0.055776871740818024,-0.19348923861980438,-0.24463164806365967,-0.15090534090995789,-0.08899751305580139,0.13664184510707855,-0.10717903077602386,-0.22097714245319366,0.47988593578338623,0.2879660129547119,0.3771224617958069,0.74432772397995,0.09023301303386688,0.34543564915657043,-0.21487057209014893,0.7613300681114197,-0.19774144887924194,0.18101543188095093,-0.1758938580751419,0.825982391834259,-0.16799774765968323,-0.09228063374757767,0.3125515282154083,0.02477182447910309,-0.2365264743566513,0.45796123147010803,-0.207119882106781,0.18126407265663147,0.16512802243232727,-0.019101545214653015,0.5125961899757385,0.3579229712486267,-0.24317991733551025,-0.13151894509792328,-0.0708416998386383,0.05567154288291931,-0.20441043376922607,0.05871368572115898,-0.23675304651260376,-0.1695123314857483,-0.11323847621679306,-0.06217729300260544,-0.23777589201927185,-0.26471295952796936,1.261452078819275,0.11886657774448395,0.19974182546138763,-0.25486576557159424,-0.13439901173114777,0.14857690036296844,-0.19375921785831451,-0.20854365825653076,0.043371010571718216,0.014417897909879684,-0.22922742366790771,1.2915053367614746,-0.186071515083313,-0.21979355812072754,-0.2547474205493927,-0.25095027685165405,0.27865830063819885,0.7817085981369019,0.056747838854789734,0.038364797830581665,0.454688161611557,-0.2574042081832886,-0.056922003626823425,-0.030286530032753944,0.9127998352050781,-0.2131849080324173,-0.22141139209270477,0.6766282320022583,-0.19030164182186127,-0.1873493492603302,0.011221133172512054,0.5072272419929504,-0.2552151083946228,0.5416237115859985,-0.17371320724487305,-0.2413400113582611,0.06761467456817627,-0.08009114861488342,0.24903714656829834,-0.022910527884960175,0.6089276671409607,-0.19062207639217377,0.8302594423294067,-0.15139999985694885,-0.2417498081922531
19,132,475,195,540,0.5242147445678711,-0.12777002155780792,0.4871963858604431,1.0880235433578491,-0.22244301438331604,-0.18558059632778168,0.1700792908668518,-0.09046007692813873,-0.2503665089607239,-0.2369777113199234,0.1964898556470871,-0.0039118751883506775,0.017999980598688126,0.2756412923336029,0.2952372431755066,-0.12135723233222961,-0.16036304831504822,-0.04106052964925766,0.33620011806488037,0.007443273440003395,0.10904930531978607,0.07947468012571335,0.7111189961433411,0.15830935537815094,0.26123616099357605,0.18322472274303436,-0.14613573253154755,-0.15723304450511932,0.6323726177215576,0.3826873004436493,-0.05255022644996643,-0.23755240440368652,-0.04188922792673111,0.41155263781547546,-0.11468685418367386,-0.09323593229055405,-0.20524868369102478,0.428828626871109,-0.18586353957653046,0.32766062021255493,-0.2175988256931305,-0.14307796955108643,0.13880683481693268,0.6431660652160645,0.0756756141781807,-0.16541898250579834,-0.14911219477653503,0.41235703229904175,0.28729742765426636,0.5608625411987305,0.4932534396648407,-0.057208262383937836,0.7610970735549927,-0.20719069242477417,0.6918742060661316,-0.10216613113880157,-0.0905466303229332,0.11879344284534454,0.6085197329521179,-0.1865980327129364,0.2561240494251251,0.7351620197296143,-0.11301766335964203,0.08567841351032257,0.3013783097267151,0.011929144151508808,-0.07418117672204971,0.4518522620201111,0.021472524851560593,0.6194368004798889,0.5455510020256042,-0.1559954285621643,0.0311902929097414,0.2985233962535858,-0.17045816779136658,0.003945624455809593,0.25611016154289246,-0.06581079959869385,-0.15451651811599731,-0.20825907588005066,0.1541929841041565,-0.12243886291980743,-0.2691020667552948,0.4514789283275604,-0.10090307891368866,0.11295730620622635,-0.2030756175518036,-0.2463187873363495,0.40330231189727783,-0.2246616929769516,0.0325104296207428,0.22577117383480072,0.38458728790283203,-0.26902955770492554,0.14909836649894714,-0.20037692785263062,-0.2264173924922943,-0.05884009599685669,-0.14718416333198547,0.11969077587127686,0.02014288678765297,0.2458677440881729,0.14948266744613647,0.7333843111991882,0.27658987045288086,0.48060309886932373,0.2501736283302307,0.09093382954597473,-0.04845450818538666,-0.08790287375450134,0.08277419209480286,-0.15107084810733795,0.2852959632873535,-0.09566672146320343,0.5089679956436157,-0.0986834168434143,0.9010054469108582,-0.1534162014722824,-0.18215855956077576,-0.011678301729261875,-0.15418486297130585,0.22006624937057495,-0.055127013474702835,0.4232930541038513,-0.06494006514549255,0.5856019258499146,-0.09185565263032913,-0.18219980597496033
20,284,584,318,617,0.6397877931594849,-0.21469709277153015,0.04099716991186142,0.9581804871559143,-0.13544154167175293,-0.23508355021476746,0.4241236746311188,-0.21963050961494446,-0.2638397514820099,-0.24909397959709167,0.45762109756469727,-0.2384013533592224,-0.020671304315328598,0.15980926156044006,0.007496964186429977,-0.22048373520374298,-0.07872962206602097,-0.2131013125181198,-0.27308332920074463,-0.22986900806427002,-0.17304843664169312,0.2352360486984253,0.31695905327796936,0.42803284525871277,-0.09671590477228165,-0.16260308027267456,-0.17113184928894043,-0.1856163740158081,0.3862786591053009,0.1700817346572876,-0.20062482357025146,-0.14682534337043762,-0.11072223633527756,0.4312645196914673,-0.1894683539867401,0.048268288373947144,-0.2439011186361313,0.07290516793727875,-0.2384282350540161,0.16059261560440063,-0.27089154720306396,-0.2243262082338333,-0.2224266529083252,0.18600372970104218,-0.05728481709957123,-0.22787395119667053,-0.22014296054840088,0.49073895812034607,0.03929459676146507,0.16750317811965942,0.6399995684623718,-0.11473512649536133,0.3101314306259155,-0.18899980187416077,0.7636834383010864,-0.2356199324131012,-0.10425969958305359,-0.053433001041412354,0.4008505344390869,-0.17774063348770142,-0.016708802431821823,0.5447851419448853,-0.03316343575716019,-0.22383806109428406,0.42203837633132935,-0.22735252976417542,-0.2206690013408661,0.19105681777000427,-0.023036129772663116,0.48296085000038147,0.8375125527381897,-0.1948399841785431,-0.1994592547416687,-0.10310659557580948,-0.14497794210910797,-0.1913628876209259,0.3901756703853607,-0.21447958052158356,-0.15011051297187805,-0.21414363384246826,-0.15722528100013733,-0.26647406816482544,-0.26060518622398376,0.02612236514687538,-0.005075797438621521,0.4286588430404663,-0.19018802046775818,-0.17798054218292236,0.21032795310020447,-0.2071729153394699,-0.2511252164840698,0.04413173347711563,0.2148197591304779,-0.24458904564380646,0.7693334221839905,-0.17880696058273315,-0.22983616590499878,-0.06632407009601593,-0.2682032585144043,0.22100022435188293,0.926261305809021,0.0915205106139183,0.03470611944794655,0.5516011714935303,-0.19771036505699158,0.11908486485481262,-0.015290454030036926,-0.08080895990133286,-0.14776954054832458,0.053721845149993896,0.5302674174308777,-0.17590539157390594,-0.05025981366634369,-0.08351512253284454,0.5216537714004517,-0.23708689212799072,0.393132746219635,-0.24293991923332214,-0.2541256546974182,0.04172646254301071,-0.13713225722312927,0.2551911175251007,-0.11552254110574722,0.33049657940864563,-0.16055093705654144,0.3157864809036255,0.10117532312870026,-0.2185591757297516
21,488,155,519,184,0.2961117625236511,-0.21508297324180603,-0.18180879950523376,0.9235765337944031,-0.1017368733882904,-0.25052013993263245,0.12936615943908691,-0.22316604852676392,-0.10786663740873337,-0.2535555362701416,0.5228961706161499,-0.21157565712928772,-0.05548156052827835,0.06929779052734375,-0.04985204339027405,-0.21940122544765472,-0.21909421682357788,-0.2535792589187622,-0.2470749467611313,-0.22748786211013794,-0.07314837723970413,-0.1100301593542099,0.24796666204929352,0.8393117189407349,-0.026855818927288055,0.742988109588623,-0.11660324037075043,-0.225724458694458,0.24296945333480835,0.48159533739089966,-0.25646156072616577,-0.23570045828819275,0.19048990309238434,0.27389150857925415,-0.22030507028102875,-0.07326731085777283,-0.2474353313446045,0.02627401053905487,-0.20571523904800415,-0.10313162207603455,-0.21497611701488495,-0.23393842577934265,-0.19766277074813843,0.09451915323734283,0.05599280446767807,-0.2565385103225708,-0.22409752011299133,0.3098173439502716,0.39199507236480713,0.4899720847606659,0.8747687339782715,-0.1522979438304901,0.4114653170108795,-0.21029037237167358,0.20308804512023926,-0.20573046803474426,-0.07751313596963882,0.20624035596847534,0.6840399503707886,-0.24328652024269104,0.039480917155742645,0.6881862282752991,0.13079038262367249,-0.2382403463125229,0.3767082095146179,-0.21556898951530457,0.07374642789363861,0.15137968957424164,-0.018999097868800163,0.7069209814071655,0.5231257677078247,-0.2446424663066864,-0.138388529419899,-0.0871715322136879,-0.0876227617263794,-0.1591007262468338,0.023042000830173492,-0.2198849469423294,-0.1960727423429489,-0.13915394246578217,-0.14314930140972137,-0.2626439332962036,-0.24470965564250946,1.5119493007659912,0.12312714755535126,0.014603722840547562,-0.2187281847000122,-0.11239715665578842,0.1493665874004364,-0.18270668387413025,-0.22653540968894958,0.15487146377563477,0.012510761618614197,-0.23163791000843048,1.168114185333252,-0.15602153539657593,-0.19524702429771423,-0.07417739927768707,-0.2649361491203308,0.19693663716316223,0.9478710889816284,0.11454053968191147,0.05473339185118675,0.540179967880249,-0.20445480942726135,0.0006759241223335266,-0.005881521850824356,0.09976816177368164,-0.12068402767181396,0.10988536477088928,-0.05652711167931557,-0.10552304983139038,-0.21258816123008728,-0.15615570545196533,0.7898011207580566,-0.24931181967258453,0.7776414155960083,-0.15588301420211792,-0.23842445015907288,-0.010431211441755295,-0.12332575023174286,0.19713668525218964,-0.2677045464515686,0.6267277002334595,-0.1484348326921463,0.5112169981002808,0.025665082037448883,-0.21964062750339508
22,569,577,598,606,0.056418195366859436,-0.2461501955986023,0.16666361689567566,1.0719671249389648,-0.20381680130958557,-0.26927465200424194,0.1055229976773262,-0.2685588598251343,-0.274044930934906,-0.2764444649219513,0.6485283374786377,-0.2775351405143738,-0.10149622708559036,0.9364773035049438,0.3128300905227661,-0.24967843294143677,1.3065273761749268,-0.13027970492839813,0.026869505643844604,0.11899532377719879,-0.17762020230293274,-0.11041103303432465,0.18733260035514832,-0.15638333559036255,1.7340012788772583,1.2967495918273926,-0.17016242444515228,-0.18938373029232025,0.07880081236362457,0.2677212357521057,-0.2542381286621094,-0.16105136275291443,0.02270689606666565,0.02485428750514984,-0.21272794902324677,-0.23836317658424377,-0.19810795783996582,0.16759440302848816,-0.2283564656972885,-0.046848613768815994,-0.21637000143527985,-0.1262454092502594,0.1822499781847,0.7006465792655945,-0.05577920004725456,-0.15730610489845276,-0.27779674530029297,0.4089745879173279,0.13903142511844635,0.206158846616745,0.9050710201263428,0.3605059087276459,0.13102060556411743,-0.1545046716928482,0.05387232080101967,-0.24185633659362793,-0.046186670660972595,0.732386589050293,1.4969589710235596,-0.21265874803066254,-0.19842302799224854,0.4280507266521454,-0.10250134766101837,-0.2363586723804474,0.08013767004013062,-0.16671474277973175,0.22092925012111664,0.1892898827791214,-0.1708323359489441,0.26161879301071167,0.13232524693012238,-0.22279255092144012,-0.17033781111240387,0.19865211844444275,0.18858885765075684,0.011143758893013,-0.02181629091501236,-0.23181167244911194,-0.25084370374679565,-0.13061010837554932,-0.059519458562135696,-0.26505428552627563,-0.2619563639163971,0.9958189725875854,-0.04274351894855499,-0.12165259569883347,-0.21307343244552612,-0.13570697605609894,0.5317853093147278,-0.223170667886734,0.1327223777770996,-0.04897857457399368,-0.052264973521232605,-0.1730758547782898,-0.25831857323646545,-0.1461634635925293,-0.20396751165390015,-0.05868808552622795,-0.2076883316040039,0.18324995040893555,1.4295541048049927,-0.03056281805038452,0.23891086876392365,0.33893752098083496,-0.2636371850967407,-0.1173238456249237,-0.030043918639421463,0.4513360261917114,0.164018452167511,-0.24460023641586304,-0.2214464694261551,-0.1558430790901184,-0.21079058945178986,-0.10705645382404327,0.26496490836143494,-0.17962151765823364,0.6377014517784119,-0.2154509425163269,-0.21120454370975494,-0.09071241319179535,-0.0075634196400642395,0.4545404314994812,-0.23653915524482727,0.7226756811141968,-0.17184986174106598,0.6185809969902039,-0.1697361171245575,-0.19518497586250305
23,392,788,432,826,0.47957274317741394,-0.22540271282196045,0.07487493008375168,0.9289423823356628,-0.20666782557964325,-0.020169595256447792,0.29175207018852234,-0.19070972502231598,-0.1642669439315796,-0.2570004165172577,0.3482920825481415,-0.2333180457353592,-0.06422612816095352,0.27953413128852844,0.14483080804347992,-0.20771010220050812,-0.08473387360572815,-0.23657168447971344,-0.055662136524915695,-0.15661923587322235,-0.16074934601783752,0.002780440030619502,0.45831629633903503,0.27290135622024536,0.04201852157711983,0.12544827163219452,-0.13930970430374146,-0.15574896335601807,0.12162318080663681,0.19179432094097137,-0.2021084576845169,-0.18320702016353607,-0.022704696282744408,0.3364284932613373,-0.1590578258037567,-0.04066355153918266,-0.25641822814941406,0.30330315232276917,-0.2663085460662842,0.046166520565748215,-0.22657744586467743,-0.2273147851228714,-0.05921557545661926,0.0381351001560688,-0.0633346438407898,-0.1384563148021698,-0.18610119819641113,0.5783138275146484,0.13748474419116974,0.4331282675266266,0.4970187842845917,-0.07901979237794876,0.6330648064613342,-0.2283409833908081,0.9258930087089539,-0.17705775797367096,0.06592259556055069,-0.05047671124339104,0.6762791275978088,-0.2481168657541275,0.3151324689388275,0.3862032890319824,0.01149168610572815,-0.1851208359003067,0.25615593791007996,-0.21618032455444336,0.21294726431369781,0.18153166770935059,-0.04592491313815117,0.333846777677536,0.5418750047683716,-0.20613479614257812,-0.16364897787570953,0.08685091882944107,-0.10882452875375748,-0.17564809322357178,0.1283663660287857,-0.18508221209049225,-0.19888849556446075,-0.2170604020357132,0.10169803351163864,-0.2287702113389969,-0.26162126660346985,0.5638238191604614,0.11926557868719101,0.10416527837514877,-0.23475497961044312,-0.14297272264957428,0.4314401149749756,-0.20377592742443085,-0.20282430946826935,0.2500387728214264,0.09326990693807602,-0.22816990315914154,0.6830288767814636,-0.16357599198818207,-0.23572225868701935,-0.13338710367679596,-0.25380340218544006,0.30614253878593445,0.4453023374080658,0.030698327347636223,0.033394500613212585,0.4840857982635498,-0.14822067320346832,0.21745337545871735,-0.0075888135470449924,0.8159411549568176,-0.17599399387836456,-0.16868369281291962,0.5294930338859558,-0.190651535987854,0.20749466121196747,0.07031072676181793,0.5177373290061951,-0.22969716787338257,0.5005950331687927,-0.17500394582748413,-0.20982833206653595,0.0548703633248806,-0.13677947223186493,0.27633872628211975,0.597809374332428,0.7875083088874817,-0.17811435461044312,0.7314896583557129,-0.09767144918441772,-0.23283757269382477
24,401,619,430,648,0.1917051523923874,-0.2654508650302887,-0.10854656249284744,1.1320936679840088,-0.21868854761123657,-0.26015225052833557,0.17933958768844604,-0.18463081121444702,-0.04830814152956009,-0.25443875789642334,0.35065600275993347,-0.2674643397331238,-0.00815698504447937,-0.047012925148010254,0.41612210869789124,-0.2320321500301361,0.5613447427749634,-0.2445870339870453,-0.23384463787078857,-0.0052109286189079285,0.10933583974838257,1.2348910570144653,0.23410828411579132,1.0373737812042236,0.3224121332168579,-0.203445702791214,-0.240087628364563,-0.21914000809192657,0.22675423324108124,0.09439672529697418,-0.23214896023273468,-0.2468649446964264,-0.20586872100830078,0.3775911033153534,-0.2070370614528656,-0.05574115738272667,-0.06312470883131027,0.001210831105709076,-0.22321122884750366,-0.13900676369667053,-0.25505614280700684,-0.08053471148014069,-0.05466867983341217,1.2485707998275757,0.052873507142066956,-0.2561553716659546,-0.05649731308221817,0.7377123236656189,0.02154974639415741,0.0004035681486129761,1.3330708742141724,0.364877849817276,0.30672451853752136,-0.24664004147052765,0.6227666735649109,-0.23009589314460754,-0.19351667165756226,1.0325249433517456,1.6488182544708252,-0.2441273033618927,-0.1214570477604866,0.4167695641517639,-0.21691301465034485,-0.06419522315263748,-0.10193610191345215,0.19003623723983765,-0.23148226737976074,0.139047771692276,-0.09429849684238434,0.21730481088161469,0.8337382078170776,-0.23579056560993195,-0.19630470871925354,0.2892252504825592,-0.016041457653045654,-0.07901667058467865,0.16040997207164764,-0.2346346378326416,-0.172541081905365,-0.18869201838970184,0.5656462907791138,-0.24277298152446747,-0.26334312558174133,0.0008048429153859615,0.001775192329660058,-0.16335733234882355,0.19390669465065002,-0.19304779171943665,0.029763981699943542,-0.22047145664691925,-0.21624431014060974,0.09349759668111801,0.08837750554084778,-0.1424093246459961,-0.1724334955215454,0.05014635622501373,-0.1921364665031433,0.0384632870554924,-0.2666672170162201,0.08331413567066193,0.15637126564979553,-0.047609440982341766,0.06360869109630585,0.35243478417396545,-0.27395838499069214,0.3506584167480469,-0.12038669735193253,0.0004464685916900635,0.25249505043029785,-0.217690110206604,0.021874967962503433,0.12503379583358765,0.019259236752986908,-0.22973328828811646,0.159587562084198,-0.19640898704528809,0.16554638743400574,-0.26952028274536133,-0.25320953130722046,-0.1051299124956131,-0.12794727087020874,0.2806697487831116,-0.2438405454158783,0.22089654207229614,-0.06673887372016907,0.009271129965782166,-0.08302436769008636,-0.12006280571222305
25,254,482,276,503,0.2159346044063568,-0.23445366322994232,0.13932788372039795,1.2106865644454956,-0.105743907392025,-0.24381865561008453,0.013360396027565002,-0.24793903529644012,-0.263472318649292,-0.16906136274337769,0.31345266103744507,-0.20295631885528564,0.010826878249645233,1.308703899383545,0.9756754636764526,-0.1904643476009369,0.5864299535751343,-0.21652722358703613,-0.26090627908706665,-0.254021555185318,-0.06396841257810593,1.2876157760620117,0.2217516303062439,-0.18563809990882874,1.4735795259475708,-0.1664312183856964,-0.09601938724517822,-0.23553705215454102,0.14410395920276642,0.06652537733316422,-0.18855451047420502,-0.2519301772117615,-0.1891152411699295,0.5605401992797852,-0.25120383501052856,-0.2422715723514557,0.2187165766954422,0.13928519189357758,-0.2231024205684662,0.0699104517698288,-0.2597220540046692,0.08478544652462006,0.1861536055803299,1.009863018989563,-0.11694853007793427,-0.19930414855480194,-0.23178422451019287,0.765754759311676,-0.15413610637187958,-0.02364930510520935,0.8545306324958801,0.785026490688324,0.018419131636619568,-0.25907865166664124,0.29425495862960815,-0.21694988012313843,-0.209221750497818,0.6109510064125061,2.169114112854004,-0.23127463459968567,-0.2298145741224289,0.22907164692878723,-0.2264353334903717,-0.24069291353225708,-0.10208510607481003,-0.11129502207040787,-0.1775539368391037,0.016213543713092804,0.03608193248510361,0.13484519720077515,0.6410056948661804,-0.17187578976154327,-0.1869249939918518,0.0004517883062362671,0.6359807252883911,-0.0342433825135231,0.15718793869018555,-0.24264070391654968,-0.13842640817165375,-0.09363265335559845,-0.20215779542922974,-0.2738352417945862,-0.255629301071167,-0.10905666649341583,-0.045506298542022705,-0.07309405505657196,-0.055420130491256714,-0.186688631772995,0.1112498790025711,-0.2274852991104126,-0.25320425629615784,-0.12277744710445404,0.24543306231498718,0.28023070096969604,-0.2617257833480835,0.5135651230812073,-0.0013434216380119324,0.023726634681224823,-0.23807315528392792,0.03307315707206726,1.9368771314620972,0.019747385755181313,0.07518457621335983,0.20204734802246094,-0.1648232638835907,-0.165612131357193,-0.022785507142543793,-0.17614734172821045,0.1717105507850647,-0.2551793158054352,-0.10999322682619095,0.1288488209247589,-0.25054144859313965,-0.1574602723121643,0.03505311906337738,-0.12250134348869324,0.1753130555152893,-0.2702659070491791,-0.10061661154031754,-0.08988833427429199,0.02653609588742256,0.403605580329895,-0.21924753487110138,0.05514156073331833,-0.20924203097820282,0.06559771299362183,-0.06319044530391693,-0.018235236406326294
26,183,685,221,723,0.5970802903175354,-0.23672407865524292,0.0534076988697052,0.9944236874580383,-0.17978185415267944,-0.2718871831893921,0.33479416370391846,-0.1653611958026886,-0.2335858792066574,-0.23281489312648773,0.4170229732990265,-0.26407742500305176,0.04102287441492081,0.1317720115184784,0.24734443426132202,-0.21245194971561432,-0.0793328508734703,-0.18076229095458984,0.39000609517097473,-0.0200065765529871,-0.03049110807478428,-0.05019359290599823,0.3729191720485687,0.2390810251235962,0.3182185888290405,0.32674506306648254,-0.1152709349989891,-0.0923483595252037,0.2897968888282776,0.1571333259344101,-0.15840570628643036,-0.002945760963484645,0.023119991645216942,0.28889408707618713,-0.13880401849746704,-0.1480208933353424,-0.24218261241912842,0.2081967145204544,-0.20654261112213135,0.08301911503076553,-0.2175029069185257,-0.2068488597869873,-0.019357554614543915,0.042799562215805054,0.17564237117767334,-0.17826247215270996,-0.18513979017734528,0.4925854504108429,0.15733109414577484,0.26601675152778625,0.45911702513694763,-0.048135560005903244,0.41941848397254944,-0.21690978109836578,0.8030583262443542,-0.2258012890815735,-0.05024942383170128,-0.037709418684244156,0.6747438907623291,-0.22981005907058716,0.11729815602302551,0.5982131958007812,-0.1007518395781517,-0.19627398252487183,0.10502781718969345,-0.18354670703411102,-0.1223381981253624,0.13664449751377106,0.008560759015381336,0.5282123684883118,0.4147433936595917,-0.23483900725841522,-0.15648315846920013,0.06217629835009575,-0.10073792189359665,-0.12421194463968277,0.3404858410358429,-0.1798955649137497,-0.19408659636974335,-0.20477835834026337,-0.005919799208641052,-0.24769580364227295,-0.27489572763442993,0.376729279756546,0.12301769852638245,0.04775940254330635,-0.22733646631240845,-0.1818881779909134,0.3408713638782501,-0.2129034399986267,-0.24906574189662933,0.0779104009270668,0.10904022306203842,-0.25124695897102356,0.2263529747724533,-0.1786426156759262,-0.22370773553848267,0.0020914871711283922,-0.23229730129241943,0.18208767473697662,0.4968949854373932,0.08738481998443604,0.0021558478474617004,0.3938961923122406,-0.25868159532546997,0.0351690948009491,0.053472038358449936,0.41179171204566956,-0.1658840775489807,-0.16493651270866394,-0.02154778502881527,-0.21273094415664673,-0.0749523714184761,-0.1679512858390808,0.5158261060714722,-0.16867679357528687,0.8373462557792664,-0.236434206366539,-0.19440509378910065,-0.09219972044229507,-0.11177798360586166,0.3022680878639221,0.09946606308221817,0.5301799178123474,-0.1462922841310501,0.9338118433952332,-0.20968012511730194,-0.2060176134109497
27,794,605,829,641,0.531675398349762,-0.23210924863815308,0.036030445247888565,1.0045557022094727,-0.1910005807876587,-0.26487651467323303,0.36067697405815125,-0.1950802057981491,-0.2563517391681671,-0.26794642210006714,0.3860184848308563,-0.2707194983959198,0.059960633516311646,0.17336516082286835,0.45834603905677795,-0.23217153549194336,0.033633094280958176,-0.20259322226047516,0.32325446605682373,-0.0545261986553669,-0.02736290730535984,0.07848787307739258,0.46103358268737793,0.09953794628381729,0.3173740804195404,0.11797356605529785,-0.13795654475688934,-0.14664694666862488,0.3694189488887787,0.24673791229724884,-0.10085519403219223,-0.030522191897034645,-0.06081129238009453,0.18504445254802704,-0.14523500204086304,-0.0906575545668602,-0.2392810732126236,0.26766347885131836,-0.11973603814840317,-0.020678097382187843,-0.2563413083553314,-0.2037505954504013,-0.0327894501388073,0.03406605124473572,0.13443170487880707,-0.18290893733501434,-0.21411578357219696,0.43640756607055664,0.02787027694284916,0.15352322161197662,0.4407530725002289,0.016557788476347923,0.24435381591320038,-0.21766503155231476,0.8590846061706543,-0.2541232407093048,-0.13732381165027618,0.038450565189123154,0.6356774568557739,-0.1996435672044754,0.022748664021492004,0.4306897819042206,-0.1460050791501999,-0.25413522124290466,0.04091604799032211,-0.16955728828907013,-0.16901160776615143,0.26282140612602234,-0.05613604187965393,0.4365721642971039,0.39264413714408875,-0.23570197820663452,-0.1514909416437149,0.05595439672470093,0.010856742970645428,-0.13347840309143066,0.560862123966217,-0.19103296101093292,-0.23103530704975128,-0.19880034029483795,-0.11662447452545166,-0.2702926695346832,-0.2751302421092987,0.13076795637607574,0.29742276668548584,0.057253818958997726,-0.20367366075515747,-0.1706968992948532,0.2888033390045166,-0.22616739571094513,-0.25886115431785583,0.09080604463815689,0.21847300231456757,-0.26055410504341125,-0.023028472438454628,-0.1597575694322586,-0.19140486419200897,0.03342871367931366,-0.24672627449035645,0.16484101116657257,0.6856608390808105,0.09953528642654419,-0.05409891530871391,0.33145156502723694,-0.1576235443353653,-0.02841801755130291,-0.04862202703952789,0.2650437653064728,-0.11858739703893661,-0.18754078447818756,0.0590379424393177,-0.22180037200450897,-0.1426311582326889,-0.1646842062473297,0.4738253653049469,-0.1787809282541275,0.6031890511512756,-0.2644519805908203,-0.20764432847499847,-0.09609385579824448,-0.10134822875261307,0.414996474981308,0.007320781704038382,0.33910882472991943,-0.1601390838623047,0.7870479226112366,-0.14936955273151398,-0.19552366435527802
28,766,257,802,293,0.571088969707489,-0.1896980255842209,0.21306562423706055,1.0248345136642456,-0.25663280487060547,0.2229282259941101,0.23013906180858612,-0.2021673172712326,-0.025998413562774658,-0.2407669574022293,0.2973909080028534,-0.24938641488552094,-0.046652477234601974,0.6231563091278076,0.6467047333717346,-0.2316400557756424,-0.006591141223907471,-3.635883331298828e-05,0.3498176336288452,0.1604994684457779,0.03486904874444008,0.38029226660728455,0.37812507152557373,0.10815886408090591,0.5337005853652954,0.48052075505256653,-0.0874142274260521,-0.09416086226701736,0.08145985007286072,0.5160322189331055,-0.14714641869068146,-0.16140490770339966,-0.021449828520417213,0.27571725845336914,-0.12699168920516968,-0.11041390895843506,-0.23120953142642975,0.015823712572455406,-0.0542931854724884,0.041668832302093506,-0.21526283025741577,-0.17843014001846313,0.0508524589240551,0.18109972774982452,0.03538854792714119,-0.06165388226509094,-0.2356760948896408,0.7468037605285645,0.26376187801361084,0.22059448063373566,0.3286265432834625,0.6558712720870972,0.4513987600803375,-0.23008985817432404,1.00626802444458,-0.24038387835025787,0.06151821091771126,-0.05045149102807045,1.0236495733261108,-0.15999771654605865,0.33959725499153137,0.015846848487854004,-0.08208107203245163,-0.1674569994211197,0.15700654685497284,-0.07603888213634491,0.5948787331581116,0.22498798370361328,-0.05491496995091438,0.0515555739402771,0.5539320111274719,-0.1693992167711258,-0.12351912260055542,0.1066170334815979,0.02067498303949833,-0.13998623192310333,0.6578882336616516,-0.16684763133525848,-0.08060929924249649,-0.18606466054916382,0.4412592947483063,-0.21882903575897217,-0.27560460567474365,0.3928130865097046,0.30287525057792664,-0.17054353654384613,-0.23147280514240265,-0.17586678266525269,0.10186947137117386,-0.21548955142498016,-0.09671273827552795,0.06126130744814873,-0.09624582529067993,-0.2621026337146759,0.18122315406799316,-0.08931197971105576,-0.23024673759937286,-0.042609915137290955,-0.2533564865589142,0.1995760202407837,0.2910444438457489,-0.04685106873512268,0.027200927957892418,0.3571866452693939,0.591850221157074,0.12223854660987854,0.022532036527991295,1.011240839958191,-0.15487582981586456,-0.18192464113235474,0.5354987978935242,-0.19248048961162567,0.007443408016115427,0.19895119965076447,0.15528593957424164,-0.16043412685394287,0.14646326005458832,-0.1458076387643814,-0.14410455524921417,0.10041046142578125,-0.10514408349990845,0.32636943459510803,0.3788885772228241,0.8402219414710999,-0.15320637822151184,0.7722210884094238,-0.13276363909244537,-0.19245384633541107
29,589,604,616,630,0.5369881391525269,-0.2561261057853699,-0.24148251116275787,1.1087045669555664,-0.15134841203689575,-0.1501542329788208,0.5654362440109253,-0.23699776828289032,0.3665637671947479,-0.22709304094314575,0.2770913541316986,-0.22784681618213654,0.020572446286678314,0.018303032964468002,0.7377604246139526,-0.2076341062784195,0.09974440932273865,-0.14627838134765625,0.11734020709991455,-0.11373312771320343,0.19692763686180115,0.20203745365142822,0.4339675307273865,0.9101833701133728,0.045247554779052734,1.0525338649749756,-0.06810054183006287,-0.22856442630290985,0.3199077248573303,-0.00033704936504364014,-0.023951053619384766,-0.18227902054786682,-0.10532126575708389,0.7022243738174438,-0.1828576922416687,0.47934484481811523,0.050427984446287155,0.427374005317688,0.717271089553833,-0.15098796784877777,-0.10794106870889664,0.02328091487288475,-0.16386008262634277,0.7135376930236816,0.855517566204071,0.16102419793605804,-0.19661790132522583,1.0983608961105347,0.04416979104280472,0.42877137660980225,0.9544341564178467,0.8162511587142944,0.8985641002655029,-0.1664772927761078,1.7238166332244873,-0.22493857145309448,0.10330929607152939,0.7778286933898926,1.1182481050491333,-0.22363755106925964,0.36605510115623474,0.23903463780879974,-0.10605035722255707,-0.05975257605314255,0.11138258129358292,0.2590538263320923,0.02349783480167389,0.14779032766819,0.1332990527153015,0.02931554615497589,0.6153320670127869,-0.23445379734039307,-0.2116072177886963,0.3637966215610504,-0.11766276508569717,-0.006342757493257523,1.441131591796875,-0.25043734908103943,-0.10875209420919418,-0.14098906517028809,-0.1606799066066742,-0.2566215395927429,-0.23771145939826965,0.11617075651884079,1.3102904558181763,-0.23288288712501526,-0.2591947913169861,-0.15081886947155,0.5204306840896606,-0.21287265419960022,-0.21303346753120422,0.2673412263393402,0.3745032846927643,0.02835369110107422,-0.14241160452365875,0.2685396373271942,0.0705355703830719,0.056829892098903656,-0.265924870967865,0.0073137544095516205,2.0755958557128906,-0.018389984965324402,-0.10751036554574966,0.4178464114665985,-0.1945227086544037,0.21337272226810455,-0.11536404490470886,-0.09297504276037216,-0.04784712940454483,-0.20478728413581848,1.0615326166152954,0.058121830224990845,-0.02715160697698593,-0.09180234372615814,0.23314732313156128,-0.06635871529579163,0.5048288702964783,-0.0681135356426239,-0.1702863872051239,0.11746777594089508,0.03034195303916931,0.7674251794815063,-0.24220380187034607,0.5361749529838562,-0.06661030650138855,1.2887145280838013,-0.1813850998878479,-0.12063874304294586
30,442,751,479,787,0.6118094325065613,-0.20931732654571533,0.07725168019533157,1.0410960912704468,-0.22393900156021118,-0.2639046013355255,0.35336747765541077,-0.16051536798477173,-0.23489968478679657,-0.26121559739112854,0.38509511947631836,-0.25887444615364075,0.056705888360738754,0.22745995223522186,0.3949124813079834,-0.20251961052417755,-0.06249943748116493,-0.12727178633213043,0.21311873197555542,-0.004354506731033325,-0.1354532539844513,0.08042844384908676,0.35824036598205566,-0.08868316560983658,0.4706648588180542,0.0772467628121376,-0.08588030934333801,-0.16822881996631622,0.25794610381126404,0.17617249488830566,-0.14595212042331696,-0.09454264491796494,-0.049690645188093185,0.31481727957725525,-0.13201288878917694,-0.021710773929953575,-0.22627204656600952,0.09979840368032455,-0.061794787645339966,0.006065651774406433,-0.23984688520431519,-0.18107910454273224,-0.026123931631445885,0.07337058335542679,0.11699791997671127,-0.16226625442504883,-0.14402060210704803,0.4945191442966461,0.0027121305465698242,0.1432393193244934,0.41557058691978455,-0.02151671051979065,0.3976099193096161,-0.21286599338054657,0.9150794148445129,-0.25253307819366455,-0.07982391119003296,0.08914414793252945,0.6513403058052063,-0.2160387486219406,0.09771215915679932,0.5116835236549377,-0.10974793881177902,-0.20162330567836761,0.04421822354197502,-0.18696069717407227,-0.0817297101020813,0.2258300930261612,-0.04942616820335388,0.3693002164363861,0.4471704661846161,-0.24039101600646973,-0.15758313238620758,0.05600672587752342,0.01925111748278141,-0.1407625675201416,0.5888032913208008,-0.1834348440170288,-0.20730681717395782,-0.2104339450597763,-0.11123836040496826,-0.24987278878688812,-0.27677127718925476,0.25288698077201843,0.08620667457580566,0.0280037522315979,-0.20102690160274506,-0.1963498443365097,0.3262467086315155,-0.22309757769107819,-0.24690194427967072,0.08702432364225388,0.1454099416732788,-0.26941677927970886,0.09078919142484665,-0.13729524612426758,-0.20125751197338104,-0.10051732510328293,-0.24374498426914215,0.1379697322845459,0.7786296010017395,0.08069296181201935,0.03525247052311897,0.25289270281791687,-0.21549351513385773,0.10232734680175781,0.002443070290610194,0.10699066519737244,-0.1418260782957077,-0.1609642058610916,0.2333141714334488,-0.21991415321826935,0.015725037083029747,-0.15105916559696198,0.4108455181121826,-0.18267758190631866,0.4846387803554535,-0.24531511962413788,-0.19706326723098755,-0.04288825765252113,-0.10968223959207535,0.4745604991912842,-0.036192938685417175,0.412013977766037,-0.1507391482591629,0.7251386642456055,-0.16823989152908325,-0.20225407183170319
31,798,761,835,799,0.5989386439323425,-0.22825200855731964,-0.0387137345969677,1.028950810432434,-0.21343743801116943,-0.13653354346752167,0.3929501473903656,-0.13678966462612152,-0.2501317262649536,-0.26830509305000305,0.29162105917930603,-0.24620980024337769,0.07362212985754013,0.06846743077039719,0.3010549545288086,-0.15657943487167358,0.10340078920125961,-0.17986993491649628,-0.20256978273391724,-0.03131802752614021,0.003988295793533325,0.33488884568214417,0.32195889949798584,0.8592872023582458,-0.021299859508872032,0.002701183082535863,-0.16883444786071777,-0.1676102876663208,0.23993217945098877,0.1492922306060791,-0.1766585111618042,-0.1263703852891922,-0.03530187904834747,0.4195999801158905,-0.1299246847629547,-0.14083154499530792,-0.22775398194789886,0.1370607167482376,-0.24389000236988068,0.18509088456630707,-0.23792020976543427,-0.18840937316417694,-0.018398931249976158,0.2610938251018524,0.12753018736839294,-0.20925675332546234,-0.21451137959957123,0.5555833578109741,0.16232338547706604,0.17764610052108765,0.6579036116600037,0.13487078249454498,0.5148430466651917,-0.23486141860485077,0.5308763384819031,-0.20028285682201385,0.10417578369379044,0.1715058833360672,0.8035710453987122,-0.196122944355011,0.39675188064575195,0.6400341987609863,-0.11009964346885681,-0.12336770445108414,0.4017975330352783,-0.1650412231683731,0.27142420411109924,0.257707417011261,-0.001186008215881884,0.3165765702724457,0.914406955242157,-0.1915874481201172,-0.137566938996315,0.10344184190034866,-0.1661001294851303,-0.15254071354866028,0.0958816409111023,-0.17349670827388763,-0.17203372716903687,-0.2226121872663498,0.269542396068573,-0.2216559499502182,-0.27206161618232727,0.049495141953229904,0.011100426316261292,-0.0435832142829895,-0.15808945894241333,-0.1961604803800583,0.24487106502056122,-0.24167852103710175,-0.14657333493232727,0.14866600930690765,0.07140829414129257,-0.2577235698699951,0.26237356662750244,-0.1337689608335495,-0.2403947114944458,0.12521877884864807,-0.24181562662124634,0.2042248696088791,0.2489185482263565,0.19457025825977325,0.1441432684659958,0.49697446823120117,-0.2261248677968979,0.4119696617126465,0.0544942170381546,0.46174320578575134,-0.19859085977077484,-0.06592016667127609,0.3729192018508911,-0.15834426879882812,0.27323848009109497,-0.17390207946300507,0.29484736919403076,-0.1980099231004715,0.5315006375312805,-0.23846547305583954,-0.2032606601715088,-0.011430840007960796,-0.15387344360351562,0.301788330078125,0.28934815526008606,0.6938855051994324,-0.09213703125715256,0.2820655405521393,-0.056524019688367844,-0.2009318619966507
32,480,645,516,682,0.5209084749221802,-0.24402448534965515,0.203864187002182,0.9753742218017578,-0.2096427083015442,0.03606659173965454,0.5470337271690369,-0.18959349393844604,-0.18769456446170807,-0.22964714467525482,0.1433050036430359,-0.23250456154346466,-0.16319569945335388,0.6887653470039368,0.28482019901275635,-0.21674002707004547,-0.034844279289245605,0.8934908509254456,-0.06713473796844482,0.2098064124584198,-0.13700303435325623,0.5098564624786377,0.4063909947872162,0.2629190683364868,0.23029537498950958,0.6721770763397217,-0.12442388385534286,-0.14339026808738708,-0.04315098375082016,0.1613471508026123,-0.15689018368721008,-0.22465072572231293,-0.09407451748847961,0.9629848599433899,-0.16063952445983887,-0.0780470222234726,-0.17222830653190613,0.17052766680717468,-0.23055404424667358,0.17317192256450653,-0.09120533615350723,-0.17687048017978668,0.05816178768873215,0.7092310786247253,0.27611976861953735,0.14393973350524902,-0.004262305796146393,1.230278491973877,0.5241186618804932,0.2918567359447479,0.8398508429527283,0.7237346172332764,0.7971717119216919,-0.2653157711029053,1.1182830333709717,-0.20491783320903778,0.3637920320034027,0.07278179377317429,1.3473718166351318,-0.2500251531600952,0.08628500998020172,0.3303159177303314,-0.2006547749042511,0.11555945873260498,0.542068600654602,-0.14562788605690002,0.3583003878593445,-0.02301916480064392,0.04592273384332657,-0.10563428699970245,0.6810985207557678,-0.16896192729473114,-0.16654109954833984,0.2237439751625061,-0.18708524107933044,-0.2140101194381714,0.3791642189025879,-0.2399158775806427,-0.018254995346069336,-0.14758384227752686,0.42301708459854126,-0.15241198241710663,-0.25910496711730957,-0.025658033788204193,0.29701748490333557,-0.1918543130159378,-0.12365735322237015,-0.13631778955459595,0.5796847939491272,-0.17883548140525818,-0.11051938682794571,0.1266280561685562,0.06402644515037537,-0.26742589473724365,0.5563316941261292,-0.1102546975016594,-0.2652237117290497,0.17329001426696777,-0.2188841998577118,0.17885729670524597,0.09498241543769836,-0.1851007342338562,0.30626025795936584,0.8875002264976501,0.04986108839511871,0.4474499821662903,0.06380131840705872,0.7957285642623901,-0.21007034182548523,-0.2643088102340698,0.9998558163642883,-0.12521663308143616,0.7364513874053955,0.27573084831237793,0.18072818219661713,-0.19786205887794495,0.5106896162033081,0.12723729014396667,-0.16094931960105896,0.11962272971868515,-0.08053275942802429,0.34304481744766235,0.21910351514816284,0.8313182592391968,-0.15620943903923035,0.7693299651145935,-0.24665822088718414,-0.2217569798231125
33,265,643,304,681,0.3860374689102173,-0.23756127059459686,0.2806346118450165,0.9341203570365906,-0.18485690653324127,0.02201770804822445,0.2903958261013031,-0.23569519817829132,-0.03334607556462288,-0.22442932426929474,0.4764731824398041,0.034428805112838745,-0.13574711978435516,0.3162713944911957,0.28842246532440186,-0.23048019409179688,-0.08381539583206177,-0.22845368087291718,0.2583617866039276,-0.19467170536518097,-0.15565688908100128,0.014085759408771992,0.44968220591545105,0.14409510791301727,0.06045786663889885,0.14217062294483185,-0.16139425337314606,-0.19745199382305145,0.3116627633571625,0.12533308565616608,-0.2029920369386673,-0.2043517380952835,-0.024187639355659485,0.2087600976228714,-0.1949603408575058,-0.10506417602300644,-0.25891563296318054,0.25432708859443665,-0.2594550549983978,0.142108753323555,-0.22953903675079346,-0.2260560244321823,0.046225279569625854,-0.0013568525901064277,-0.06441475450992584,-0.1237439289689064,-0.1993599534034729,1.040113091468811,0.27626973390579224,0.4094286262989044,0.23249618709087372,0.11218336224555969,0.39364752173423767,-0.22638241946697235,0.7927119731903076,-0.17237679660320282,0.1550474464893341,0.0334918312728405,0.5152707695960999,-0.2554699182510376,0.5531957149505615,0.07425805181264877,-0.08738825470209122,-0.05698977783322334,0.09933086484670639,-0.23117971420288086,0.36035335063934326,0.11231514066457748,0.27534550428390503,0.33826756477355957,0.5242348313331604,-0.18755443394184113,-0.1525193601846695,0.20516502857208252,-0.1474316120147705,-0.16567638516426086,0.4597357511520386,-0.22561101615428925,-0.08415565639734268,-0.19374357163906097,0.09700435400009155,-0.25749948620796204,-0.2485133409500122,0.5637210011482239,0.11189059168100357,-0.11942879110574722,-0.22338443994522095,-0.11755498498678207,0.23823536932468414,-0.20715706050395966,-0.23637394607067108,0.09745454788208008,0.04793145880103111,-0.24262481927871704,0.5939098000526428,-0.16815359890460968,-0.23423068225383759,-0.15186050534248352,-0.24243108928203583,0.25354719161987305,0.4173533022403717,-0.11793162673711777,0.06985906511545181,0.49334022402763367,-0.10053962469100952,0.3123414218425751,-0.0635843425989151,0.6531793475151062,-0.10689323395490646,-0.22562746703624725,0.6604293584823608,-0.23321159183979034,0.1600029170513153,0.19801171123981476,0.43176326155662537,-0.21763956546783447,0.5314215421676636,-0.07392855733633041,-0.23201501369476318,0.08253040909767151,-0.11337939649820328,0.4268908202648163,0.5258899331092834,0.7027717232704163,-0.15153992176055908,0.8288466334342957,-0.051417455077171326,-0.24053971469402313
34,472,580,498,605,0.015655487775802612,-0.27030110359191895,0.09898918867111206,1.0901663303375244,-0.16317346692085266,-0.2694552540779114,0.35321033000946045,-0.24234329164028168,-0.20813581347465515,-0.27288395166397095,0.557621955871582,-0.2610091269016266,-0.17362430691719055,2.140336275100708,0.09114587306976318,-0.24779635667800903,-0.23001447319984436,-0.10140731930732727,-0.2579137682914734,-0.10350187867879868,-0.21946240961551666,-0.09672101587057114,0.10569712519645691,-0.1546449512243271,0.32121261954307556,1.0144485235214233,0.20361961424350739,-0.22918406128883362,0.16698713600635529,0.29083922505378723,-0.25788354873657227,-0.14293745160102844,-0.1493948996067047,0.40494945645332336,-0.19283771514892578,-0.2731768786907196,-0.176095649600029,-0.001189790666103363,-0.20093214511871338,-0.14568378031253815,-0.26968783140182495,-0.12286487221717834,-0.06750984489917755,0.37006857991218567,-0.07197949290275574,0.11561983823776245,-0.2664170265197754,0.8186978101730347,0.4066534638404846,0.20277975499629974,0.4104742705821991,0.3822486400604248,0.08884753286838531,-0.16343091428279877,-0.17293930053710938,-0.055827222764492035,-0.2635197639465332,-0.030989106744527817,1.1372079849243164,-0.23301494121551514,-0.20822733640670776,0.5732174515724182,0.0471181720495224,-0.027293317019939423,0.9316473007202148,-0.030406661331653595,-0.20632970333099365,0.36812281608581543,0.018903084099292755,0.2908657193183899,0.37482959032058716,-0.2489563226699829,-0.2407456487417221,-0.07415223121643066,-0.033347927033901215,-0.16178470849990845,0.02364411950111389,-0.27385640144348145,-0.20702996850013733,-0.12051913142204285,-0.019422665238380432,-0.22035476565361023,-0.27097585797309875,0.5625599026679993,-0.007593296468257904,-0.18041115999221802,-0.22654302418231964,-0.18623828887939453,0.16037645936012268,-0.24868009984493256,-0.14625635743141174,-0.028983235359191895,-0.07751553505659103,-0.21877357363700867,-0.2537788450717926,-0.06152430176734924,-0.08347730338573456,-0.22549614310264587,-0.21102002263069153,0.07012439519166946,1.0498195886611938,0.10274709016084671,0.056369002908468246,0.32943373918533325,-0.18537133932113647,0.015268765389919281,-0.05670395866036415,-0.0734921544790268,-0.22051888704299927,-0.19217631220817566,-0.12761864066123962,-0.20252087712287903,-0.032593224197626114,0.19353292882442474,0.12863457202911377,-0.2578386664390564,0.33113276958465576,-0.1724754273891449,-0.1895698606967926,0.04503580555319786,-0.014442220330238342,0.35189908742904663,-0.2748185098171234,0.7169512510299683,-0.14920611679553986,0.34818077087402344,-0.20488834381103516,-0.17505471408367157
35,460,497,495,530,0.33887654542922974,-0.23454412817955017,0.1582416594028473,1.1256614923477173,-0.21959024667739868,0.34888383746147156,0.45861923694610596,-0.2534228265285492,-0.21110793948173523,-0.24702781438827515,0.49497663974761963,-0.2050131857395172,-0.081048883497715,0.30027201771736145,0.9195151329040527,-0.25689083337783813,0.24408569931983948,0.4237707257270813,-0.006845101714134216,0.14138604700565338,0.1181395947933197,0.594651997089386,0.5416696071624756,1.0721455812454224,0.5712878108024597,0.6745112538337708,-0.052972279489040375,-0.20943647623062134,0.20877256989479065,1.3676811456680298,0.09969498962163925,-0.19029438495635986,-0.19772908091545105,0.1940779685974121,-0.12900440394878387,0.08824712038040161,0.032245635986328125,0.187324658036232,0.2722629904747009,-0.032470814883708954,0.0012001395225524902,-0.018979564309120178,0.0025758370757102966,0.5822860598564148,0.24003159999847412,0.20687109231948853,-0.26558688282966614,1.1462862491607666,-0.08688288927078247,0.25453004240989685,0.31979212164878845,0.49359968304634094,0.18243888020515442,-0.21845635771751404,1.022154450416565,-0.22444215416908264,0.13078615069389343,0.25157126784324646,1.3782073259353638,-0.23363150656223297,0.14653542637825012,0.06668035686016083,-0.16324004530906677,-0.18624725937843323,-0.09421458840370178,0.38918811082839966,-0.22240987420082092,-0.0046597495675086975,0.03568452596664429,0.15468069911003113,0.2299996018409729,-0.24450799822807312,-0.16125328838825226,0.2943419814109802,-0.04754480719566345,0.11963647603988647,0.8653860092163086,-0.07645909488201141,0.08217816799879074,-0.181861013174057,1.0010769367218018,-0.2588133215904236,-0.259478360414505,0.29225993156433105,0.4004441499710083,-0.20538710057735443,-0.23480622470378876,-0.1682313084602356,0.20435383915901184,-0.26865118741989136,-0.21702487766742706,-0.14793097972869873,-0.1189596951007843,0.03683929145336151,-0.2394423931837082,0.0267280712723732,0.0014557689428329468,-0.14194026589393616,-0.2675512433052063,0.0578790046274662,1.0524708032608032,-0.0005322843790054321,0.1801036149263382,0.2822378873825073,1.6122745275497437,-0.24088938534259796,-0.03956463187932968,0.011214569211006165,-0.05252726748585701,-0.24146150052547455,0.753017008304596,0.2640301585197449,-0.09345006197690964,0.897622287273407,0.15155215561389923,-0.05759581923484802,-0.06813711673021317,0.038109734654426575,-0.113258957862854,-0.02207925170660019,-0.04656410589814186,0.6418718695640564,-0.05037481337785721,0.6644086837768555,-0.10626426339149475,0.3685492277145386,-0.08053036779165268,-0.023365475237369537
36,854,470,916,535,0.7130190134048462,-0.16093865036964417,0.27812090516090393,1.0777097940444946,-0.2210536003112793,-0.20404288172721863,0.35392385721206665,-0.15796677768230438,-0.25429362058639526,-0.19967597723007202,0.19456344842910767,0.11919236183166504,0.014538664370775223,0.17676396667957306,0.34630346298217773,-0.13511523604393005,-0.17248272895812988,0.16425129771232605,0.25534284114837646,0.06719055771827698,0.060411881655454636,0.07575488090515137,0.5485619902610779,0.22898125648498535,0.07377197593450546,0.43143606185913086,-0.16496743261814117,-0.1937370002269745,0.6822358965873718,0.36681994795799255,-0.09937551617622375,-0.16135619580745697,-0.0588415153324604,0.4145561158657074,-0.11198843270540237,0.010655390098690987,-0.19430364668369293,0.47412917017936707,-0.1670731008052826,0.3248223066329956,-0.16351842880249023,-0.12905429303646088,0.06320709735155106,0.5029599666595459,0.24119964241981506,-0.1338847428560257,-0.18638746440410614,0.5181169509887695,0.4160457253456116,0.4897628426551819,0.5429861545562744,0.16609779000282288,0.6008626222610474,-0.18952001631259918,0.6189444065093994,-0.15275512635707855,0.13439887762069702,0.27155518531799316,0.4627537727355957,-0.2291991412639618,0.3319207429885864,0.6951226592063904,-0.11316138505935669,-0.006080549210309982,0.2713615298271179,-0.05770213529467583,-0.009289924055337906,0.26783543825149536,0.3323409855365753,0.6562871932983398,0.5081896185874939,-0.10928305238485336,0.03915664553642273,0.44046202301979065,-0.2054327428340912,-0.02793019823729992,0.6835912466049194,-0.03191585838794708,-0.04909934476017952,-0.21370455622673035,0.09938609600067139,-0.1730896532535553,-0.2694272994995117,0.36766937375068665,0.2188502550125122,-0.09034232795238495,-0.22291672229766846,-0.2210037112236023,0.3935551643371582,-0.2579461932182312,0.10597999393939972,0.14617867767810822,0.48586195707321167,-0.26230502128601074,0.10478958487510681,-0.19599546492099762,-0.2310725599527359,-0.020599134266376495,-0.19246168434619904,0.09156515449285507,0.19260847568511963,0.27369385957717896,0.13942328095436096,0.7101089954376221,0.16076701879501343,0.43392127752304077,0.16788849234580994,0.1563347578048706,-0.1334836184978485,-0.15027165412902832,0.7208334803581238,-0.1572909951210022,0.3001486659049988,0.051507674157619476,0.4474288821220398,-0.04971904680132866,0.8716270923614502,-0.11021725088357925,-0.16601520776748657,0.07593946903944016,-0.13794825971126556,0.3315991759300232,-0.06359812617301941,0.6165912747383118,-0.017136389389634132,0.682867169380188,0.013383139856159687,-0.19036965072155
37,331,669,365,705,0.7411909103393555,-0.20356006920337677,0.5457735657691956,1.0117937326431274,-0.19462788105010986,-0.13829775154590607,1.0964151620864868,-0.24949347972869873,-0.11151250451803207,-0.2226744443178177,0.4237634837627411,-0.16892939805984497,-0.09009725600481033,0.4506795406341553,0.9583924412727356,-0.2209312915802002,0.06675896048545837,0.5646511912345886,0.6836623549461365,0.10268675535917282,-0.038078051060438156,0.355328232049942,0.5297440886497498,0.2878361940383911,0.19455580413341522,0.2518116235733032,-0.15007050335407257,-0.20453345775604248,1.055856704711914,0.20076976716518402,-0.16951966285705566,0.020352646708488464,0.02211684174835682,0.4617856442928314,-0.14488935470581055,-0.006843775510787964,-0.22016234695911407,0.23446662724018097,-0.012561609037220478,0.3846508264541626,-0.12152334302663803,-0.18680442869663239,0.10355141013860703,0.4605390131473541,0.015039567835628986,-0.017001070082187653,-0.16914331912994385,1.1101975440979004,0.2469908744096756,0.5295023322105408,0.4384624660015106,0.5669974684715271,0.8053670525550842,-0.19451920688152313,1.3112014532089233,-0.1992783099412918,0.4784868657588959,0.0957796573638916,0.7064176201820374,-0.17611445486545563,0.6989331245422363,0.18739467859268188,-0.219538614153862,0.183880016207695,0.6060584187507629,-0.13014322519302368,-0.08460313081741333,0.21024976670742035,0.41708919405937195,0.4123622477054596,0.4698561728000641,-0.1832287460565567,-0.10947262495756149,-0.0026987046003341675,-0.12185350805521011,-0.17927737534046173,1.0537716150283813,-0.08379355818033218,0.18970422446727753,-0.19328759610652924,0.10470184683799744,-0.25886115431785583,-0.25906720757484436,0.034613121300935745,0.48836007714271545,-0.17552731931209564,-0.22054056823253632,-0.15033173561096191,0.2775815427303314,-0.22310487926006317,-0.1462327390909195,-0.035362910479307175,0.14419503509998322,-0.27188318967819214,0.2041446566581726,-0.12186054140329361,-0.20724473893642426,0.14692221581935883,-0.253204345703125,0.14079563319683075,0.8382622599601746,0.015626629814505577,0.2691105306148529,0.8060576319694519,0.28460219502449036,0.05275416374206543,0.02466072142124176,0.4919973313808441,-0.10377915948629379,-0.24756889045238495,0.717747688293457,-0.18169324100017548,0.7374950051307678,0.5226812958717346,0.37613222002983093,-0.05187433958053589,0.45498403906822205,-0.20402173697948456,-0.11519861966371536,0.1489327996969223,-0.07928043603897095,0.4659990966320038,0.32397377490997314,0.9831798076629639,-0.1455005556344986,1.0244423151016235,0.3851551115512848,-0.20045353472232819
38,147,390,190,432,0.7193501591682434,-0.20555441081523895,0.09820257872343063,1.1014726161956787,-0.19136208295822144,-0.2503061294555664,0.572176992893219,-0.20844592154026031,-0.27081194519996643,-0.23018336296081543,0.055789802223443985,-0.19346719980239868,-0.09066850692033768,0.44046226143836975,0.37151965498924255,-0.1582781821489334,0.1318092793226242,-0.1302310675382614,0.5566304326057434,-0.10265791416168213,-0.08288537710905075,0.4631737172603607,0.1481308788061142,0.464739054441452,0.04310692474246025,0.17257946729660034,-0.15856127440929413,-0.16873259842395782,0.48703375458717346,-0.06594853848218918,-0.2062339186668396,-0.0914832130074501,0.009399223141372204,0.7354128956794739,-0.05906331539154053,-0.06456457823514938,-0.17476917803287506,0.04232819005846977,-0.2164972573518753,0.45038899779319763,-0.11509352177381516,-0.11330383270978928,0.12725037336349487,0.49254366755485535,0.02949543111026287,-0.1086503267288208,-0.07707919180393219,0.6482318043708801,0.6914682388305664,0.18656957149505615,0.7612664103507996,-0.03134920448064804,0.5632440447807312,-0.18576185405254364,1.0517910718917847,-0.12014958262443542,0.3116588592529297,0.16424714028835297,0.6519305109977722,-0.16531918942928314,0.44453755021095276,0.5239891409873962,-0.08553016185760498,0.26750779151916504,0.3555620610713959,-0.2056667059659958,0.028074247762560844,0.19557099044322968,0.17492294311523438,0.4395359754562378,0.6157578825950623,-0.12337514013051987,-0.1257518082857132,0.04126393422484398,-0.22931857407093048,-0.11598560214042664,0.6260161995887756,-0.06485328078269958,0.1374497413635254,-0.2439277321100235,0.07873266190290451,-0.187167689204216,-0.2680569589138031,0.11333208531141281,0.29198816418647766,-0.031158098950982094,-0.2625602185726166,-0.20903468132019043,0.23828381299972534,-0.24324144423007965,0.07211499661207199,0.08086966723203659,0.3757229149341583,-0.25622236728668213,0.47219476103782654,-0.12481272220611572,-0.25537949800491333,0.050297100096940994,-0.23683005571365356,0.042265117168426514,0.30916628241539,0.0007846777443774045,0.19717277586460114,0.790986955165863,-0.15960462391376495,0.5245521664619446,0.14927440881729126,0.5300755500793457,-0.21534700691699982,-0.05902911350131035,0.8313262462615967,-0.12967194616794586,0.8680505156517029,-0.11211508512496948,0.3596031963825226,-0.016293982043862343,0.840778648853302,-0.20555806159973145,-0.01683524250984192,0.020438095554709435,-0.1483001857995987,0.19388659298419952,0.24523039162158966,0.6062942147254944,-0.08277008682489395,0.845439612865448,-0.05996784567832947,-0.20849792659282684
39,265,809,296,840,0.5073067545890808,-0.25157254934310913,-0.14285129308700562,1.0415070056915283,-0.13469550013542175,-0.2705991864204407,0.4747604727745056,-0.2265663743019104,-0.25296270847320557,-0.24078606069087982,0.35547199845314026,-0.22174564003944397,-0.07965627312660217,0.2961759865283966,0.16865099966526031,-0.18874795734882355,-0.09945224225521088,0.25780993700027466,-0.23431727290153503,-0.1905525028705597,0.022419296205043793,0.005322687327861786,0.27081286907196045,0.7326561212539673,0.013990748673677444,0.8621183037757874,-0.15158066153526306,-0.2270977944135666,0.5317053198814392,0.5107170939445496,-0.19854307174682617,-0.2266940176486969,-0.015037331730127335,0.32747161388397217,-0.21956005692481995,0.04499387741088867,0.010146811604499817,0.1496978998184204,-0.26591986417770386,0.2849423289299011,-0.15213337540626526,-0.1325463056564331,0.007076531648635864,1.2418327331542969,0.6627658605575562,-0.20942290127277374,-0.22661954164505005,0.5336629152297974,0.12769955396652222,0.3398357629776001,1.2146227359771729,0.30866846442222595,0.4416239559650421,-0.24828019738197327,0.674488365650177,-0.19525739550590515,0.18666446208953857,0.5264798402786255,1.1227422952651978,-0.23468030989170074,-0.10350358486175537,0.7330374717712402,-0.21188510954380035,0.10456710308790207,0.5142441987991333,0.4618576169013977,-0.028396010398864746,0.3066500723361969,0.04632028564810753,0.22317038476467133,0.38437139987945557,-0.23866720497608185,-0.11724835634231567,0.03254614397883415,-0.10308010876178741,0.18753452599048615,0.11587058007717133,-0.2370658665895462,-0.2058565616607666,-0.0985865443944931,-0.1360362023115158,-0.256283700466156,-0.2541455328464508,-0.10486119985580444,0.1451442837715149,-0.2424665242433548,-0.2481117695569992,-0.1378629505634308,0.44487035274505615,-0.22403109073638916,-0.2696571946144104,-0.022244425490498543,0.07032489776611328,-0.054908253252506256,0.05373355746269226,0.03698696941137314,-0.1749798059463501,0.2118624448776245,-0.25529807806015015,0.0952400267124176,1.1595711708068848,0.14314064383506775,0.10976575314998627,0.7450702786445618,-0.24765317142009735,0.0010756291449069977,0.09243050962686539,-0.12635621428489685,-0.052954792976379395,-0.19934216141700745,0.6868916749954224,-0.0054742395877838135,-0.09025605022907257,0.10592581331729889,0.1972023844718933,-0.17363868653774261,0.7030189037322998,-0.18413758277893066,-0.21040862798690796,0.14515674114227295,-0.07280381768941879,0.33407849073410034,-0.24560271203517914,0.5278458595275879,0.07536672055721283,0.45344096422195435,-0.11485324800014496,-0.18318651616573334
40,422,327,488,398,0.8142703771591187,-0.11513080447912216,0.4351719617843628,1.0732895135879517,0.01056430209428072,-0.10682830214500427,0.2987363636493683,-0.17522700130939484,-0.11791965365409851,-0.2354402244091034,-0.0025191567838191986,0.528362512588501,-0.07122744619846344,0.050624944269657135,0.2803646922111511,-0.15015022456645966,0.1428859531879425,-0.03928288072347641,0.7489707469940186,-0.10635416209697723,0.050164345651865005,0.02160193771123886,0.7475796937942505,0.14618098735809326,-0.06789032369852066,0.15625163912773132,-0.18609395623207092,-0.09238767623901367,0.9821832776069641,0.4675746560096741,-0.04714048653841019,-0.2228395938873291,0.015095478855073452,0.2545442283153534,-0.1267145574092865,0.17424079775810242,-0.18417224287986755,0.26166415214538574,-0.02498018369078636,0.2465490698814392,-0.13276872038841248,-0.09502913057804108,-0.09697474539279938,0.42617300152778625,0.07265746593475342,-0.14862091839313507,-0.05210120230913162,0.4988795518875122,0.21254205703735352,0.6236125230789185,0.2255028784275055,0.16918590664863586,0.7844233512878418,-0.1971273124217987,1.2831796407699585,0.14833182096481323,0.34019482135772705,0.21721670031547546,0.6178121566772461,-0.1956520527601242,0.49579447507858276,0.7016419172286987,-0.11957323551177979,0.11275262385606766,0.14909812808036804,0.1511995792388916,0.21140821278095245,0.4378565549850464,0.08403206616640091,0.661027729511261,0.3983902335166931,-0.2100704461336136,0.060467302799224854,0.6389520764350891,-0.18555696308612823,-0.06990992277860641,0.4046146869659424,-0.11111018806695938,-0.050988178700208664,0.9628694653511047,0.09140682220458984,-0.2031179666519165,-0.22861644625663757,0.23417773842811584,0.077509805560112,0.0987779051065445,0.041617389768362045,-0.08617380261421204,0.15703478455543518,-0.06182307004928589,-0.17748942971229553,0.1285994052886963,0.5706617832183838,-0.27439936995506287,0.23984600603580475,-0.11876721680164337,-0.21363334357738495,0.5346900224685669,-0.20774699747562408,0.05836886912584305,-0.0628167986869812,0.15943948924541473,-0.026206519454717636,0.7853837013244629,0.23989421129226685,0.2943946123123169,0.07352525740861893,0.07809779047966003,-0.0355525016784668,-0.0382096953690052,0.4504491686820984,-0.08752402663230896,0.28728151321411133,-0.08867184072732925,0.6850119233131409,-0.05870736390352249,0.6659736633300781,-0.14656183123588562,-0.14201076328754425,0.09218109399080276,-0.1639404296875,0.3636358082294464,0.024952054023742676,0.520341157913208,-0.036947473883628845,0.6353217959403992,-0.05583878606557846,-0.20498615503311157
41,565,824,604,866,0.8328676819801331,-0.2510523498058319,0.11377424001693726,0.9953455924987793,-0.2052692174911499,-0.2703089714050293,0.9279994368553162,-0.2073346972465515,-0.13610392808914185,-0.20970936119556427,0.08594722300767899,-0.2574097216129303,0.00697026401758194,0.27029213309288025,0.3449687063694,-0.21059899032115936,0.07327160239219666,0.37299010157585144,0.43358635902404785,-0.05812396481633186,-0.08738109469413757,0.008383780717849731,0.45214903354644775,0.5691700577735901,-0.1465265452861786,0.45625051856040955,-0.22089223563671112,-0.21178479492664337,0.6334348917007446,0.24311460554599762,-0.11802788823843002,0.01561051607131958,0.020329289138317108,0.15646463632583618,-0.13809192180633545,-0.21882478892803192,-0.22210471332073212,0.634034276008606,-0.18113647401332855,0.3660310208797455,-0.16437552869319916,-0.2133377343416214,0.12077540159225464,0.19177253544330597,0.09856760501861572,-0.06794163584709167,-0.18975360691547394,0.8600716590881348,0.09459906816482544,0.30347955226898193,0.49237585067749023,-0.034790053963661194,0.6139644980430603,-0.22733940184116364,1.1695690155029297,-0.2352973371744156,0.302795946598053,0.011360853910446167,0.7445883750915527,-0.23138649761676788,0.6427033543586731,0.35153165459632874,-0.14320248365402222,0.28906089067459106,0.5551297664642334,-0.13553470373153687,-0.10256141424179077,0.1364358812570572,0.08971333503723145,0.28870680928230286,0.37801334261894226,-0.2303115576505661,-0.10886714607477188,0.29567277431488037,-0.22203171253204346,-0.0871441587805748,0.4341982305049896,-0.18442992866039276,-0.07443496584892273,-0.17318111658096313,0.24651789665222168,-0.2274179309606552,-0.25454816222190857,0.04611005261540413,0.4228438436985016,-0.11752704530954361,-0.24381579458713531,-0.1347011774778366,0.7244234085083008,-0.21003024280071259,-0.17851459980010986,-0.04394795000553131,0.1790325790643692,-0.2549048364162445,0.235709547996521,-0.20477013289928436,-0.23855125904083252,0.14628031849861145,-0.24418453872203827,0.17072708904743195,0.5401164889335632,0.09044870734214783,-0.027312755584716797,0.6718990206718445,-0.061657875776290894,0.1483071893453598,-0.0715382993221283,0.5213078856468201,-0.21676336228847504,-0.1816166639328003,0.8351938128471375,-0.2074553519487381,0.48160961270332336,0.287771999835968,0.43891283869743347,-0.11997037380933762,0.7079071402549744,-0.15660801529884338,-0.2262260466814041,0.08976835012435913,-0.10838059335947037,0.38498958945274353,0.3589227497577667,0.7820913791656494,-0.1196204423904419,0.7758335471153259,-0.1404857635498047,-0.2201147824525833
42,489,601,513,625,1.1580536365509033,-0.2630774676799774,-0.22713744640350342,1.1938564777374268,-0.1114242821931839,0.5606236457824707,0.422637403011322,-0.27015990018844604,0.3730987012386322,-0.2730148732662201,0.23167851567268372,-0.16993972659111023,-0.012195423245429993,0.1211218610405922,0.11114758253097534,-0.2327127456665039,-0.2038002461194992,-0.10985611379146576,-0.20089662075042725,-0.2370750457048416,-0.06080860272049904,-0.18174399435520172,0.0020750239491462708,1.0101354122161865,-0.13005207479000092,2.657740354537964,0.18561191856861115,-0.18573835492134094,0.21514473855495453,1.3128299713134766,1.029464840888977,0.5188069343566895,0.06462414562702179,0.7520412802696228,-0.2142639458179474,0.4768587648868561,0.47302523255348206,-0.2156858593225479,1.277909517288208,-0.25995972752571106,0.12696722149848938,0.2404984086751938,-0.2064780294895172,0.12966543436050415,1.4809410572052002,0.5679219365119934,0.13022741675376892,0.9784175157546997,0.14883342385292053,0.4239443242549896,1.0571447610855103,1.700360655784607,0.0919581949710846,-0.04547058418393135,1.2734098434448242,-0.20923051238059998,0.5638527870178223,0.09802410751581192,1.2455267906188965,-0.24912428855895996,0.11277645826339722,0.7048099637031555,-0.05737381428480148,-0.09734025597572327,0.48385435342788696,0.691505491733551,0.47298046946525574,-0.05312979966402054,-0.0441974475979805,0.21217215061187744,0.4358797073364258,-0.26259294152259827,-0.24228718876838684,0.17807430028915405,-0.2041679471731186,0.07521454989910126,1.9689843654632568,-0.26254624128341675,-0.13473941385746002,-0.08286315947771072,0.2332065850496292,-0.25521552562713623,-0.22886089980602264,-0.05861929804086685,1.3097666501998901,-0.23575535416603088,-0.22692710161209106,-0.11185416579246521,0.014511756598949432,-0.17882570624351501,-0.19971361756324768,0.24472671747207642,0.10406695306301117,0.539885401725769,-0.04477451369166374,0.39601677656173706,0.17935453355312347,-0.1334899514913559,-0.26643073558807373,-0.06750771403312683,1.9603427648544312,-0.03806321322917938,-0.1222018450498581,0.4689922034740448,0.022629784420132637,-0.2503199577331543,-0.11679054796695709,-0.19469690322875977,-0.23851047456264496,-0.15807324647903442,2.5171396732330322,0.3715636432170868,-0.2507009506225586,0.2989632785320282,0.14875280857086182,-0.008859403431415558,0.5056977272033691,-0.15752090513706207,-0.2125355750322342,-0.14602534472942352,0.1256778985261917,0.3823275864124298,-0.20134559273719788,0.708848237991333,-0.12318724393844604,0.8821092844009399,-0.11322666704654694,-0.01844775676727295
43,344,402,382,439,0.9110372066497803,-0.24545350670814514,0.15190520882606506,0.97205650806427,-0.21794331073760986,-0.27160441875457764,0.5353277921676636,-0.25618696212768555,-0.20478181540966034,-0.23078998923301697,0.3491951823234558,-0.2216772735118866,-0.18867599964141846,0.3023693263530731,0.3703491985797882,-0.24145415425300598,0.2382529228925705,-0.07155963033437729,0.033019427210092545,-0.10021916776895523,-0.022527245804667473,0.05570545047521591,0.5431146621704102,0.03375761955976486,0.12133871018886566,0.16191419959068298,-0.1417539417743683,-0.2036106139421463,0.23509281873703003,0.2616235315799713,-0.1272488534450531,-0.129620760679245,0.03016848862171173,0.21290916204452515,-0.1557585895061493,0.20648474991321564,-0.2396182268857956,0.521725058555603,-0.21946720778942108,0.016614198684692383,-0.1749323010444641,-0.21299554407596588,-0.035218168050050735,0.1663983017206192,0.02688668668270111,-0.1382969319820404,-0.27789318561553955,0.6634951829910278,-0.0762929618358612,0.33103033900260925,0.464314728975296,-0.01772308349609375,0.6336424350738525,-0.2186395525932312,0.9924781918525696,-0.24827677011489868,0.13063983619213104,0.266313761472702,0.7880098223686218,-0.24311688542366028,0.34256958961486816,0.26478907465934753,0.0805668756365776,-0.22755956649780273,0.2189837098121643,-0.2179107666015625,-0.074030801653862,0.2850237190723419,-0.045923467725515366,0.1380947083234787,0.4521012306213379,-0.22889992594718933,-0.12903539836406708,0.2263249307870865,-0.039967045187950134,-0.137433722615242,0.3168064057826996,-0.2267511934041977,-0.2130870670080185,-0.22903141379356384,0.05055588483810425,-0.26414597034454346,-0.2600504159927368,0.2626003623008728,0.056295979768037796,-0.05991172045469284,-0.2355203926563263,-0.16178110241889954,0.5039119124412537,-0.2205893099308014,-0.26579636335372925,0.03370766341686249,0.08416513353586197,-0.2591911256313324,0.6031416654586792,-0.12637647986412048,-0.22665777802467346,-0.045567333698272705,-0.2657936215400696,0.20582836866378784,0.807979941368103,0.07656073570251465,-0.05727023631334305,0.5126177668571472,0.07891181111335754,-0.023377444595098495,-0.06845931708812714,0.40196821093559265,-0.16761744022369385,-0.17983728647232056,0.8732039332389832,-0.09196838736534119,-0.05790136009454727,-0.0002323649823665619,0.5299085378646851,-0.1931777000427246,0.28800222277641296,-0.1977812945842743,-0.21833455562591553,0.052675940096378326,-0.128528892993927,0.46690624952316284,0.1862344741821289,0.5615004897117615,-0.20339521765708923,0.6854960918426514,-0.10115902870893478,-0.21814647316932678
44,419,576,441,597,-0.2521693706512451,-0.25749528408050537,-0.06900706142187119,1.4449868202209473,-0.10636084526777267,0.08022403717041016,-0.23187793791294098,-0.26424697041511536,-0.17524880170822144,-0.18974629044532776,0.3603559136390686,-0.18433259427547455,-0.2247099131345749,0.7646179795265198,0.1306377798318863,-0.24743647873401642,0.4032304584980011,-0.1637393832206726,-0.16489744186401367,-0.27811723947525024,-0.27357587218284607,3.2013912200927734,-0.27843520045280457,0.6247718930244446,2.426107883453369,-0.24056603014469147,-0.2631829082965851,-0.05694654956459999,-0.2407325655221939,-0.2704992890357971,-0.1540461629629135,-0.27846452593803406,-0.2761787474155426,0.4309469759464264,-0.2620222270488739,-0.2579941153526306,0.45303502678871155,-0.03647565469145775,-0.1539420783519745,-0.24784408509731293,-0.2572733163833618,0.3222211003303528,1.034366250038147,1.8175286054611206,-0.2618037462234497,-0.2702582776546478,-0.24610768258571625,2.0366179943084717,1.2567319869995117,-0.25002413988113403,1.7203415632247925,0.43558037281036377,-0.1962754875421524,-0.2295328676700592,0.43849343061447144,-0.2093738466501236,-0.2637678384780884,1.4325050115585327,3.477870225906372,-0.23309892416000366,-0.21294903755187988,-0.27844861149787903,-0.20358939468860626,-0.17373664677143097,-0.27723565697669983,-0.2680375874042511,-0.16147224605083466,-0.2654896378517151,-0.25855201482772827,-0.20073558390140533,1.2373899221420288,-0.12730246782302856,-0.2606563866138458,-0.2507365643978119,0.1415853649377823,0.04308871552348137,-0.12298095971345901,-0.17646610736846924,-0.14676187932491302,-0.11038906872272491,1.520058274269104,-0.22662486135959625,-0.26948851346969604,-0.12012436985969543,-0.27326950430870056,-0.11965407431125641,-0.2743898630142212,-0.11702821403741837,-0.2783973813056946,-0.2664756774902344,-0.23903752863407135,0.21903108060359955,-0.15656597912311554,0.44097861647605896,-0.1440756618976593,0.5573132038116455,-0.25877055525779724,-0.2720283567905426,-0.23055694997310638,-0.16092929244041443,-0.2592613399028778,-0.11381828039884567,0.2033054679632187,-0.0048541417345404625,-0.2371140420436859,0.2957923114299774,-0.1911606788635254,-0.23833802342414856,1.124963402748108,-0.24396927654743195,-0.2783508896827698,0.4312824606895447,0.017750097438693047,-0.27590152621269226,-0.267715185880661,-0.1123732179403305,-0.12238021194934845,-0.2778887152671814,-0.1427011787891388,-0.27625006437301636,-0.08363697677850723,-0.05471016839146614,-0.27396562695503235,0.014061884954571724,-0.24126142263412476,-0.21997292339801788,-0.054347481578588486,-0.005712813697755337
45,526,625,559,657,0.6850990056991577,-0.22360475361347198,0.05420714616775513,1.1579325199127197,-0.21606145799160004,-0.17204472422599792,0.29388847947120667,-0.26108047366142273,-0.2579420208930969,-0.23498818278312683,0.2003256380558014,-0.21782663464546204,-0.1593467891216278,0.5864706039428711,1.0453985929489136,-0.24816086888313293,-0.004861094057559967,0.35196956992149353,-0.07447895407676697,0.08586427569389343,-0.1722630262374878,0.8942875266075134,-0.04417327791452408,1.1462953090667725,0.5462581515312195,1.1709977388381958,-0.1776704043149948,-0.22277390956878662,0.07428644597530365,0.865029513835907,0.307806134223938,0.01788012683391571,-0.058721937239170074,0.6672219634056091,-0.1507900357246399,-0.03800835460424423,0.20045731961727142,-0.03369166702032089,0.2493899166584015,0.0035787224769592285,-0.02718064934015274,-0.006231293082237244,0.33245307207107544,1.0213189125061035,0.8881784677505493,0.18094107508659363,-0.11114379018545151,0.8863348364830017,-0.1289723515510559,-0.014612026512622833,1.5118803977966309,1.1135116815567017,-6.736069917678833e-05,-0.21502676606178284,1.6167391538619995,-0.2093070149421692,0.8585060834884644,0.2851604223251343,1.9532575607299805,-0.2566815912723541,0.1863347589969635,0.1483183056116104,-0.24158541858196259,0.11147194355726242,0.15689904987812042,0.49710437655448914,-0.19879895448684692,0.1534404158592224,-0.16973339021205902,-0.0057138800621032715,0.3931211829185486,-0.24993868172168732,-0.1552100032567978,0.0883886069059372,0.04126700758934021,0.17440441250801086,0.8957544565200806,-0.21947383880615234,0.0023487061262130737,-0.10214309394359589,0.2680715322494507,-0.2628026008605957,-0.26017075777053833,0.10920476913452148,0.511117696762085,-0.1453874111175537,-0.2647770643234253,-0.18419089913368225,0.0839998722076416,-0.24941334128379822,-0.2164374589920044,-0.14204959571361542,-0.11357665061950684,0.1284623146057129,0.13975653052330017,0.1988062858581543,-0.026407673954963684,-0.10864472389221191,-0.2582516372203827,-0.035973429679870605,1.56996750831604,0.10465258359909058,-0.006662353873252869,0.6149587631225586,-0.07999365031719208,-0.11369770765304565,-0.1352517008781433,0.10182453691959381,-0.03407282382249832,-0.17423580586910248,1.1663553714752197,0.2487405389547348,0.4333115220069885,0.12219446897506714,0.02551499754190445,-0.040424659848213196,-0.0036519020795822144,-0.2393941730260849,-0.19491136074066162,0.09431349486112595,0.006123214960098267,0.49984073638916016,-0.07078452408313751,0.2824424207210541,-0.07356369495391846,0.57181715965271,-0.07034912705421448,-0.06157543882727623
46,438,580,466,608,0.490215539932251,-0.2566262483596802,0.396199107170105,1.1525990962982178,-0.22293108701705933,0.5647720694541931,0.1954805999994278,-0.2606627345085144,0.11352360248565674,-0.2687687873840332,0.41841089725494385,-0.22026750445365906,-0.21382516622543335,1.590041160583496,0.1864188015460968,-0.26414430141448975,-0.15879708528518677,1.1389415264129639,-0.15039782226085663,-0.09675836563110352,-0.24300754070281982,-0.22242248058319092,0.49804237484931946,0.11617797613143921,0.7482900619506836,1.926943063735962,-0.023895692080259323,-0.20327937602996826,0.4674110412597656,1.8727082014083862,0.24946430325508118,-0.1531265527009964,-0.053403548896312714,-0.16272443532943726,-0.24622775614261627,0.0023318305611610413,0.2421407550573349,1.3006528615951538,1.0117405652999878,-0.21121342480182648,0.08910711109638214,0.07466854900121689,-0.11127612739801407,0.7095006704330444,0.7868271470069885,0.9638515710830688,-0.21478062868118286,1.8862757682800293,-0.06296200305223465,0.6154193878173828,0.2266797125339508,0.9584317803382874,0.5924472212791443,-0.17011088132858276,1.0401993989944458,-0.21734797954559326,0.28042837977409363,-0.13328614830970764,1.6946386098861694,-0.2161971926689148,0.08969415724277496,-0.24075855314731598,0.02163846790790558,0.2805441915988922,0.7518492937088013,0.4864360988140106,0.4364738464355469,0.28875190019607544,-0.10697481036186218,-0.2341565191745758,0.05432440713047981,-0.20647066831588745,-0.21113337576389313,-0.12639738619327545,-0.12603351473808289,0.2813948392868042,1.0732781887054443,-0.11993774771690369,0.12097039818763733,-0.04661443084478378,0.8655945658683777,-0.23964707553386688,-0.2358074188232422,0.07958431541919708,0.49228453636169434,-0.12194845080375671,-0.160276398062706,-0.06905928254127502,1.0937117338180542,-0.17466065287590027,-0.22564834356307983,-0.15253353118896484,-0.10837873816490173,0.24268817901611328,-0.05245853215456009,0.020412087440490723,0.06969469785690308,-0.21021300554275513,-0.1566898375749588,-0.04671549052000046,0.917378306388855,-0.2258724570274353,0.2117937207221985,0.385719895362854,2.0911102294921875,-0.13643664121627808,-0.1927160918712616,-0.023058824241161346,-0.14492478966712952,-0.17453986406326294,1.0039775371551514,0.1332620531320572,-0.13650605082511902,1.6498312950134277,-0.14887040853500366,0.09397753328084946,0.1393761932849884,0.5399161577224731,-0.21436890959739685,-0.018386367708444595,0.10746223479509354,0.362796425819397,-0.25339871644973755,0.6088470220565796,-0.1894117295742035,0.6625338792800903,-0.2319309115409851,-0.0883241593837738
47,674,668,703,700,0.11826077103614807,-0.19239354133605957,-0.09357787668704987,1.019717812538147,-0.20769843459129333,-0.2769143581390381,0.10817708820104599,-0.19397395849227905,-0.04790487885475159,-0.19618366658687592,0.19805936515331268,-0.18104448914527893,-0.002721130847930908,-0.08595987409353256,0.10459551215171814,-0.23063921928405762,-0.17624011635780334,-0.21869167685508728,-0.2706143856048584,-0.17091421782970428,-0.18001216650009155,0.38062694668769836,0.34049564599990845,1.2574105262756348,0.011889046058058739,-0.11115426570177078,-0.20727059245109558,-0.22068214416503906,0.13690489530563354,0.09105026721954346,-0.16392925381660461,-0.22018805146217346,-0.16050831973552704,1.3310174942016602,-0.23092690110206604,-0.2071419209241867,-0.08088438212871552,0.1504349708557129,-0.2770354747772217,-0.15902292728424072,-0.1473153829574585,-0.12854477763175964,0.016351044178009033,0.4152466356754303,-0.10360812395811081,0.5810645818710327,-0.16742220520973206,2.353618621826172,1.3384246826171875,0.4343029260635376,0.3756556212902069,-0.15255187451839447,1.8086271286010742,-0.19622144103050232,0.9523065090179443,-0.11310039460659027,0.2884874939918518,0.5176911354064941,1.6564518213272095,-0.17921867966651917,1.1204227209091187,0.7336848974227905,-0.050225574523210526,-0.10867835581302643,0.13742782175540924,-0.13455548882484436,-0.1832418143749237,-0.06069176644086838,0.01073572039604187,0.15444642305374146,1.3708877563476562,-0.21184030175209045,-0.15079739689826965,0.17318716645240784,-0.18621303141117096,-0.19562649726867676,-0.029761075973510742,-0.16810794174671173,-0.18439151346683502,-0.1672554612159729,0.3433302640914917,-0.26391246914863586,-0.24758708477020264,-0.09260185062885284,0.3258455693721771,-0.09587418287992477,-0.1647638976573944,-0.12421596795320511,0.42454540729522705,-0.20394375920295715,-0.17803624272346497,0.5375656485557556,0.15792173147201538,-0.18519428372383118,-0.11034194380044937,-0.14611026644706726,-0.22624686360359192,-0.03516927361488342,-0.26471638679504395,0.01813654601573944,-0.052081309258937836,0.20008814334869385,0.19404025375843048,1.8478436470031738,-0.17866861820220947,1.6725889444351196,-0.13869352638721466,0.2963176965713501,-0.18216541409492493,-0.1774710714817047,0.2931695580482483,-0.06812473386526108,2.302680730819702,-0.12059846520423889,0.1276136338710785,-0.06668023765087128,0.15303194522857666,0.036528006196022034,-0.20746566355228424,0.08513548970222473,-0.06735917925834656,0.5670304298400879,-0.2639664113521576,0.9452656507492065,-0.10448239743709564,-0.11996730417013168,-0.1736522912979126,-0.2238166630268097
48,323,529,344,550,-0.233296737074852,-0.26438745856285095,-0.08793150633573532,1.4315805435180664,-0.056755781173706055,0.11013388633728027,-0.27032211422920227,-0.2781923711299896,-0.2772630453109741,-0.15585313737392426,0.8387938141822815,-0.18599490821361542,-0.2159334421157837,0.9054334163665771,-0.10241100192070007,-0.26063257455825806,1.7110044956207275,-0.05161368101835251,-0.25013142824172974,-0.2784523069858551,-0.2583863139152527,2.5103085041046143,-0.24242360889911652,0.39420390129089355,2.350330352783203,-0.23864953219890594,-0.2782180607318878,-0.2222524732351303,-0.2279946655035019,-0.2592780888080597,-0.13983102142810822,-0.27737098932266235,-0.24570243060588837,0.6356322169303894,-0.2583931088447571,-0.2748468220233917,0.3744068443775177,-0.032836806029081345,-0.12395960837602615,-0.24693356454372406,-0.2201838493347168,0.3760840892791748,0.976883053779602,1.7097705602645874,-0.24686267971992493,-0.2783718705177307,-0.27772384881973267,1.6287835836410522,2.097493886947632,-0.2703811228275299,1.5346415042877197,0.051389385014772415,-0.15404100716114044,-0.20554904639720917,0.37680739164352417,-0.22287209331989288,-0.2522205710411072,1.7117276191711426,3.2963502407073975,-0.21720217168331146,-0.2483074814081192,-0.2682042419910431,-0.13360357284545898,0.7017272710800171,-0.27671459317207336,-0.232941135764122,0.17854051291942596,-0.017725512385368347,-0.25705310702323914,-0.2702496349811554,0.9363152980804443,-0.18624602258205414,-0.27426213026046753,-0.17670036852359772,0.2289135903120041,-0.056727051734924316,-0.1035165786743164,-0.16040556132793427,-0.2504177689552307,-0.08782238513231277,0.8698146343231201,-0.22778120636940002,-0.25285476446151733,-0.21500976383686066,-0.2750991880893707,-0.08523575961589813,-0.23959217965602875,-0.1860572248697281,-0.2760181725025177,-0.25441306829452515,-0.26975390315055847,0.13292934000492096,-0.10470493137836456,0.3518834114074707,-0.15609405934810638,0.7923917770385742,-0.2784629762172699,-0.27843138575553894,-0.17020371556282043,-0.22355273365974426,-0.27596262097358704,-0.10238026082515717,0.16783063113689423,-0.07130394130945206,-0.19050802290439606,0.5315836071968079,-0.20275826752185822,-0.2538987994194031,1.6481853723526,0.025629553943872452,-0.2731367349624634,0.29594138264656067,-0.04911177605390549,-0.2652486562728882,-0.2610948979854584,0.027395915240049362,-0.19752055406570435,-0.26749569177627563,0.09693055599927902,-0.24163338541984558,-0.15656092762947083,-0.028870802372694016,-0.27577707171440125,0.13385914266109467,-0.23679158091545105,-0.23143936693668365,-0.09834899753332138,-0.058560218662023544
49,532,733,564,764,0.8090914487838745,-0.24335771799087524,-0.13907837867736816,1.1933484077453613,-0.17125962674617767,0.05155310034751892,0.4741397500038147,-0.2648480534553528,-0.1366042047739029,-0.21869966387748718,0.03627464175224304,-0.2177414745092392,-0.15415789186954498,0.08480262756347656,0.5899506211280823,-0.24754494428634644,-0.21083399653434753,1.2554008960723877,-0.2664983868598938,-0.1665966659784317,-0.0912514179944992,-0.09632629156112671,0.3650376796722412,1.2313339710235596,0.2518841624259949,2.129476308822632,-0.18665406107902527,-0.26792335510253906,0.25986412167549133,1.2512996196746826,0.3505710959434509,0.5125555992126465,-0.01862204447388649,0.056885942816734314,-0.24029968678951263,0.03196410834789276,0.36549943685531616,0.7594486474990845,0.30564552545547485,-0.08411804586648941,0.4530213475227356,0.14546582102775574,0.06652826070785522,0.9121707677841187,0.450566828250885,0.7085102200508118,0.18425598740577698,1.3583730459213257,-0.1315108835697174,0.035791173577308655,1.2103407382965088,1.2902019023895264,0.5013875961303711,-0.20919670164585114,0.8155266046524048,-0.2520623803138733,1.1713865995407104,0.2647060453891754,1.96757972240448,-0.2193862497806549,0.19751161336898804,0.01260395348072052,0.00018460676074028015,0.7379266023635864,0.2365620732307434,0.22615084052085876,-0.11835476756095886,0.10366946458816528,0.12626497447490692,-0.03025548905134201,0.2475959211587906,-0.17167454957962036,-0.17716670036315918,0.01971893012523651,-0.17817851901054382,0.43130457401275635,0.5315911173820496,-0.22985100746154785,-0.1974571794271469,-0.10900583863258362,0.6844874620437622,-0.27031344175338745,-0.2547118663787842,-0.1761603206396103,0.8859916925430298,-0.15516245365142822,-0.23795591294765472,-0.18293549120426178,0.6702741980552673,-0.22665737569332123,-0.24064481258392334,-0.1291884034872055,0.320063054561615,0.4255885183811188,0.12197522819042206,0.1883162260055542,-0.027847930788993835,0.10185165703296661,-0.24167129397392273,-0.0763474702835083,1.3429811000823975,0.17552711069583893,-0.06681136041879654,0.5622003674507141,0.9163938760757446,0.1604343056678772,-0.2035069763660431,-0.018897727131843567,-0.10815241932868958,-0.2247207909822464,1.6553996801376343,0.6156840920448303,0.1422102153301239,1.0326259136199951,-0.025173477828502655,0.14759443700313568,0.1920168101787567,-0.000821821391582489,-0.1704593151807785,0.07596872746944427,0.03586907684803009,0.4349103569984436,-0.24931858479976654,0.39875516295433044,0.017634019255638123,0.00925358571112156,-0.1381998062133789,-0.04354972019791603
50,466,728,498,763,0.7202321290969849,-0.2535270154476166,0.1441129446029663,1.0195791721343994,-0.1842397004365921,0.12893128395080566,0.5534449219703674,-0.21204107999801636,-0.21572352945804596,-0.2603321075439453,0.2533314824104309,-0.2540445923805237,-0.1228414922952652,0.35384607315063477,0.2160249948501587,-0.19648650288581848,-0.013469338417053223,0.2281751036643982,-0.20787127315998077,0.04907423257827759,-0.09153968840837479,0.404546320438385,0.3351536989212036,0.7946027517318726,-0.11461968719959259,0.6999419927597046,-0.2034774124622345,-0.14965364336967468,0.3419402539730072,0.6373660564422607,-0.0992351546883583,-0.17596980929374695,0.04536519944667816,0.22898665070533752,-0.1666792333126068,-0.14961467683315277,-0.12240513414144516,0.44559115171432495,-0.27056413888931274,0.3527897000312805,-0.13205136358737946,-0.1773451417684555,-0.0031674057245254517,0.969679594039917,0.1578671932220459,-0.1482601761817932,-0.18961085379123688,0.7317378520965576,0.1969636082649231,0.14428389072418213,0.9197828769683838,0.6687769889831543,0.5266991257667542,-0.2525315284729004,1.053642749786377,-0.23825526237487793,0.28610464930534363,0.1332452893257141,1.0206665992736816,-0.15766414999961853,0.10569803416728973,0.5778780579566956,-0.24715781211853027,0.09794442355632782,0.7696563005447388,0.24412627518177032,0.5845891833305359,0.22099655866622925,0.010599127039313316,0.0770307257771492,0.7258557081222534,-0.23786671459674835,-0.1667170226573944,0.12603554129600525,-0.20460493862628937,-0.07715190947055817,0.29521816968917847,-0.26509636640548706,-0.05281905457377434,-0.1493043601512909,0.5388908982276917,-0.2187212109565735,-0.2717142701148987,-0.07253341376781464,0.19503673911094666,-0.2555292844772339,-0.2383723109960556,-0.14794304966926575,0.41475799679756165,-0.21424417197704315,-0.11642271280288696,0.0023266030475497246,0.016606375575065613,-0.24342213571071625,0.6926785707473755,-0.054381150752305984,-0.2571527659893036,-0.028686612844467163,-0.2607640027999878,0.17977362871170044,0.19539675116539001,0.09448311477899551,0.2021414339542389,0.9409242272377014,0.45922061800956726,0.2613189220428467,-0.0012814216315746307,0.049908481538295746,-0.11408067494630814,-0.21103918552398682,1.1379250288009644,-0.10891780257225037,0.5849466323852539,0.290058434009552,0.12516498565673828,-0.17749963700771332,0.46837788820266724,-0.16272181272506714,-0.2147742509841919,0.08515499532222748,-0.10591839998960495,0.21587388217449188,0.040641531348228455,0.6776707172393799,-0.08274395763874054,0.5537853240966797,-0.10138945281505585,-0.2034214287996292
51,293,661,337,711,0.7365403771400452,-0.20087260007858276,0.39695847034454346,1.0145233869552612,-0.20706316828727722,0.017840445041656494,0.4806653559207916,-0.22367745637893677,-0.06779567152261734,-0.22479084134101868,0.2591122090816498,0.1360570639371872,-0.04573094844818115,0.4921266734600067,0.6770436763763428,-0.1957336962223053,-0.04661854729056358,0.22813940048217773,0.9045164585113525,0.12289050221443176,-0.02344038151204586,0.1746143400669098,0.49868446588516235,0.21050554513931274,-0.005052563268691301,0.4314657747745514,-0.1677316427230835,-0.23995548486709595,0.6522881984710693,0.21700656414031982,-0.15527918934822083,-0.05014568567276001,0.10587384551763535,0.3679524064064026,-0.16980907320976257,0.029013514518737793,-0.21668951213359833,0.18898767232894897,-0.16910064220428467,0.30806171894073486,-0.11106015741825104,-0.18375036120414734,0.4012483060359955,0.49761927127838135,0.07241985201835632,-0.09299853444099426,-0.18844926357269287,1.0201764106750488,0.4424310326576233,0.4713224172592163,0.40764158964157104,0.4963301420211792,0.8565880656242371,-0.21978050470352173,0.9258446097373962,-0.17396622896194458,0.615697979927063,0.4552423655986786,0.5890623927116394,-0.2350265234708786,0.9624794721603394,0.35266736149787903,-0.18697790801525116,0.9386323094367981,0.5499910712242126,-0.04695737361907959,0.36326122283935547,0.3165770173072815,0.20752264559268951,0.3602398633956909,0.5286257266998291,-0.14555321633815765,-0.11761573702096939,0.20254544913768768,-0.23794735968112946,-0.07701313495635986,0.7920258641242981,-0.07607708126306534,0.08691131323575974,-0.1945958137512207,0.17155851423740387,-0.23880380392074585,-0.25422054529190063,0.39396366477012634,0.19323605298995972,-0.24946090579032898,-0.238320991396904,-0.14866167306900024,0.12896175682544708,-0.215776264667511,-0.008348021656274796,0.07783946394920349,0.28010299801826477,-0.25742658972740173,0.34939050674438477,-0.08580508828163147,-0.24991661310195923,0.16434542834758759,-0.24128097295761108,0.09651519358158112,0.20508210361003876,0.031572144478559494,0.21762418746948242,0.8180444240570068,0.09968837350606918,0.5766226053237915,-0.037606075406074524,0.4573898911476135,-0.15509170293807983,-0.1846834272146225,0.8632042407989502,-0.1818363070487976,0.7420353293418884,0.45940881967544556,0.3341866731643677,-0.07062019407749176,0.7217360734939575,-0.14838151633739471,-0.12289586663246155,0.061732444912195206,-0.13426396250724792,0.2608795762062073,0.5854426622390747,0.999893307685852,-0.08096205443143845,0.7721683979034424,0.24086128175258636,-0.23524314165115356
52,543,645,565,666,0.7580798268318176,-0.2232867032289505,0.26635828614234924,1.153566837310791,-0.16989420354366302,0.4666796326637268,0.8755555748939514,-0.23302200436592102,-0.24483650922775269,-0.2184632420539856,-0.2408505380153656,-0.25578731298446655,-0.07627706229686737,0.8873984217643738,2.166795015335083,-0.25708526372909546,-0.15014047920703888,0.4541621208190918,1.7439543008804321,-0.20869389176368713,-0.2590175271034241,0.9902032017707825,-0.1896332949399948,-0.25846338272094727,-0.08534254133701324,-0.085245780646801,-0.1496816873550415,-0.1666071116924286,0.627067506313324,-0.16641777753829956,-0.2424699366092682,-0.19062381982803345,-0.1945379674434662,1.1787924766540527,-0.03539703041315079,-0.17005155980587006,0.0626443549990654,-0.14249393343925476,0.9774965047836304,-0.23757150769233704,0.1531570553779602,0.17514419555664062,0.8678653240203857,-0.08380158245563507,0.3617737591266632,0.8131265044212341,-0.2668449282646179,2.5672895908355713,0.5745112299919128,-0.19265544414520264,0.32385000586509705,0.31487226486206055,-0.16627612709999084,-0.23290926218032837,3.3501715660095215,-0.17454740405082703,1.9740495681762695,0.18973204493522644,1.3406543731689453,-0.27661973237991333,2.564293384552002,-0.15627461671829224,0.46966856718063354,3.6142373085021973,0.24158252775669098,-0.22044676542282104,-0.2718627154827118,-0.11718679219484329,-0.25620037317276,-0.2360258251428604,0.13048608601093292,-0.2584535777568817,-0.2177475392818451,-0.08174990117549896,-0.1442161500453949,-0.2700895667076111,1.9428622722625732,-0.1964922547340393,0.2719764709472656,-0.09380674362182617,-0.006830491125583649,-0.26927119493484497,-0.26547497510910034,-0.19357848167419434,1.9697645902633667,-0.14580608904361725,-0.2178448736667633,-0.10985428839921951,-0.11007341742515564,-0.2503889501094818,-0.16219833493232727,-0.25553250312805176,-0.11836091428995132,-0.0758359432220459,0.06447118520736694,0.24416080117225647,-0.18262290954589844,-0.16854627430438995,-0.06976404041051865,-0.2112124264240265,0.9047994613647461,-0.12680985033512115,-0.23039822280406952,0.4729763865470886,-0.09123864769935608,1.5693390369415283,-0.2309378981590271,0.07972799241542816,-0.23853367567062378,-0.03919132798910141,1.3182424306869507,-0.10441985726356506,2.2733044624328613,1.4171922206878662,-0.09773609042167664,0.1540985107421875,0.6501429080963135,-0.20203065872192383,-0.029990453273057938,0.2749514579772949,0.06125684827566147,0.6641279458999634,0.5211382508277893,0.3743493854999542,-0.2648276090621948,0.977412223815918,-0.13398608565330505,-0.2013891339302063
53,657,672,678,695,-0.25944462418556213,-0.24638943374156952,0.19242854416370392,1.4019522666931152,-0.09697335213422775,-0.27651941776275635,-0.2695101797580719,-0.27635249495506287,-0.2655624747276306,-0.09679809957742691,0.026159802451729774,-0.1609182357788086,-0.20520232617855072,0.8621564507484436,1.436357855796814,-0.2608474791049957,1.4136594533920288,-0.2699265480041504,-0.23006290197372437,-0.05905264988541603,-0.2774958610534668,3.4356095790863037,-0.27307045459747314,0.39635372161865234,2.54909610748291,-0.2768636643886566,-0.2621415853500366,-0.27598753571510315,-0.2718130052089691,-0.2311229556798935,-0.20777316391468048,-0.2655270993709564,-0.2623952031135559,0.890364944934845,-0.2554773688316345,-0.2716650366783142,0.7174046635627747,-0.030003253370523453,-0.18785782158374786,-0.26758062839508057,-0.24049992859363556,0.20214970409870148,0.4612779915332794,2.7813680171966553,-0.18729668855667114,-0.23293845355510712,-0.1929381787776947,0.8526848554611206,-0.22500528395175934,-0.18084381520748138,2.44940185546875,1.717536449432373,-0.14438894391059875,-0.2747369110584259,2.318624973297119,-0.195715069770813,0.2414313554763794,1.6037057638168335,3.740734577178955,-0.26411086320877075,-0.2607908546924591,-0.26711952686309814,-0.25934898853302,0.3985065817832947,-0.27662092447280884,-0.054386381059885025,-0.1777397245168686,-0.002575524616986513,-0.2324458360671997,-0.21730826795101166,1.1732864379882812,-0.26735183596611023,-0.2765975594520569,-0.21660296618938446,0.6374756097793579,0.08110014349222183,-0.2132427990436554,-0.17319393157958984,-0.1918162703514099,-0.038442183285951614,-0.09649261832237244,-0.2636256814002991,-0.278361976146698,-0.27682527899742126,-0.2784525752067566,-0.1444392204284668,-0.27489081025123596,-0.2714183032512665,-0.2773083448410034,-0.24728403985500336,-0.26965877413749695,-0.26037707924842834,-0.08967366814613342,0.649927020072937,-0.017331821843981743,1.0339435338974,-0.025582006201148033,-0.2607555091381073,-0.25877100229263306,-0.20367662608623505,1.3259462118148804,-0.11875024437904358,0.17819908261299133,0.15891940891742706,-0.07953453809022903,-0.0291655994951725,-0.2746482491493225,-0.16431809961795807,0.7367134094238281,-0.1850878745317459,-0.24300740659236908,0.3335306942462921,0.8387911915779114,-0.26607924699783325,-0.26925191283226013,-0.0038824230432510376,-0.16405585408210754,-0.26277956366539,-0.23524996638298035,-0.2684288024902344,0.02068648859858513,-0.06474266946315765,-0.2773551344871521,-0.16509848833084106,-0.22142690420150757,-0.26131951808929443,-0.1378956139087677,0.051288727670907974
54,434,508,461,533,0.16761769354343414,-0.2632932662963867,-0.155255526304245,1.1955831050872803,-0.18064352869987488,-0.22470596432685852,0.03799809515476227,-0.20374786853790283,-0.07808367908000946,-0.22551369667053223,0.21952155232429504,-0.2687586545944214,0.010020256042480469,-0.12488682568073273,0.3276701271533966,-0.22998708486557007,0.18751680850982666,-0.18438726663589478,-0.23994407057762146,-0.20311732590198517,0.1430259644985199,1.561225175857544,0.19427381455898285,1.4804264307022095,0.1316377967596054,-0.21464592218399048,-0.2188425362110138,-0.2562420964241028,0.22708332538604736,0.06166929006576538,-0.19336332380771637,-0.20849677920341492,-0.21142402291297913,0.5280162692070007,-0.18718013167381287,-0.022711150348186493,0.033232681453228,0.0539311058819294,-0.22614488005638123,-0.19184061884880066,-0.20820389688014984,0.08380310237407684,-0.11241616308689117,0.5751221179962158,-0.07471904158592224,-0.24046432971954346,-0.1285499483346939,0.9750131368637085,0.2149505913257599,0.025057442486286163,1.329258680343628,0.11993224918842316,0.3057650029659271,-0.22709280252456665,0.6119093894958496,-0.23592638969421387,-0.15641281008720398,1.1020698547363281,1.5950251817703247,-0.242374986410141,-0.1370640993118286,0.3746751844882965,-0.17996564507484436,-0.1658899188041687,-0.0897749811410904,-0.0059916675090789795,-0.26374804973602295,0.049265556037425995,-0.04698658734560013,0.1926843822002411,1.005808711051941,-0.22471153736114502,-0.18882742524147034,0.3486163020133972,-0.12456904351711273,-0.1271442472934723,0.11583273857831955,-0.21420657634735107,-0.18815374374389648,-0.22289089858531952,0.3629038333892822,-0.23096626996994019,-0.2721658945083618,-0.13117216527462006,0.11976472288370132,-0.170647531747818,-0.15232151746749878,-0.2180710732936859,0.015799224376678467,-0.20362381637096405,-0.2744896113872528,0.3096167743206024,0.14858227968215942,-0.009553387761116028,-0.17657315731048584,0.29344648122787476,-0.21034649014472961,-0.07750207185745239,-0.2646065354347229,-0.011363975703716278,0.027099626138806343,0.05459655076265335,-0.01395384967327118,0.26608484983444214,-0.23725861310958862,0.4395126700401306,-0.10320986062288284,-0.1594153344631195,0.22677111625671387,-0.19228419661521912,0.06699665635824203,0.35198545455932617,-0.10998091101646423,-0.23445501923561096,0.13139353692531586,-0.07625159621238708,0.13731542229652405,-0.24118047952651978,-0.16544166207313538,-0.06849493086338043,-0.15778076648712158,0.274914026260376,-0.27052438259124756,0.22020578384399414,-0.05364074185490608,-0.05695880204439163,-0.059982046484947205,-0.0473574660718441
55,422,597,447,622,0.06630558520555496,-0.27122625708580017,1.9001706838607788,0.9400011897087097,-0.07720872014760971,0.06714528053998947,1.5568329095840454,-0.2752493619918823,-0.14744362235069275,-0.2724491357803345,1.59572172164917,-0.2783947288990021,-0.19895853102207184,2.0308055877685547,-0.028571974486112595,-0.26684391498565674,-0.10533622652292252,0.6427749395370483,-0.27717098593711853,-0.21511231362819672,-0.25143760442733765,1.0194041728973389,0.2267913669347763,-0.2552195191383362,0.15673770010471344,-0.27107349038124084,-0.11246386170387268,-0.2661275863647461,2.5883095264434814,-0.27839574217796326,-0.25118106603622437,-0.03220418095588684,-0.2500389516353607,0.3423217535018921,-0.1980382353067398,-0.1620434671640396,-0.23079851269721985,-0.028660763055086136,-0.19400137662887573,0.7984539270401001,-0.2733944356441498,-0.19775018095970154,-0.21549005806446075,1.0614256858825684,-0.2526061236858368,-0.1326226443052292,-0.24009519815444946,1.7362943887710571,1.2806981801986694,1.2371034622192383,-0.20557750761508942,0.1813804805278778,0.3872542083263397,0.1490824967622757,-0.10435142368078232,-0.231782004237175,-0.26619675755500793,-0.26854079961776733,-0.044180627912282944,-0.21574686467647552,0.06770482659339905,0.2080257385969162,-0.2763938903808594,1.0894184112548828,1.349718689918518,-0.22433416545391083,-0.22526444494724274,-0.024309232831001282,0.7917914986610413,1.2748194932937622,0.14006420969963074,-0.25947579741477966,-0.2407974749803543,-0.2317044883966446,-0.27615052461624146,-0.2707276940345764,0.8286128044128418,-0.27141132950782776,1.9308854341506958,-0.08590726554393768,-0.24371932446956635,-0.2784630358219147,-0.2744954824447632,-0.15153968334197998,-0.2680743634700775,-0.08292238414287567,-0.20453780889511108,-0.05651203542947769,0.04736458510160446,-0.2530258893966675,-0.2611577808856964,-0.10928542912006378,0.06363872438669205,-0.26661401987075806,-0.21364562213420868,-0.18761581182479858,-0.2639863193035126,-0.23906207084655762,-0.21834973990917206,0.2843479514122009,-0.17978712916374207,-0.2436993420124054,1.7040081024169922,1.5205758810043335,-0.26333218812942505,0.06122014299035072,0.1796516329050064,0.35470303893089294,-0.27836695313453674,-0.2372753918170929,-0.24562489986419678,-0.2524999976158142,0.8120244145393372,2.100745677947998,-0.14168976247310638,-0.19314202666282654,0.1634877622127533,-0.26215386390686035,-0.1495118886232376,1.591453194618225,0.0005119453417137265,0.3743392825126648,-0.0767478197813034,0.7319885492324829,-0.2154625952243805,-0.08105463534593582,1.4338401556015015,-0.2727017104625702
56,885,426,919,475,0.4229324758052826,-0.1738843470811844,0.3434775769710541,1.0187382698059082,-0.24815024435520172,-0.24325776100158691,0.5352230668067932,-0.21968905627727509,-0.2262612134218216,-0.24605371057987213,0.22850382328033447,-0.18419961631298065,-0.08524396270513535,0.295289009809494,0.2071448117494583,-0.22318418323993683,-0.1330665796995163,0.08347045630216599,0.24539624154567719,-0.09069647639989853,-0.010953232645988464,-0.00033886730670928955,0.27556657791137695,0.7020440101623535,-0.0494052954018116,0.4466705620288849,-0.09512478113174438,-0.1209118589758873,0.4481358230113983,0.1463308483362198,-0.13969795405864716,-0.08964439481496811,0.09469262510538101,0.5490828156471252,-0.1363018900156021,-0.20140831172466278,-0.21750466525554657,0.30393555760383606,-0.24706341326236725,0.47750675678253174,-0.17227047681808472,-0.19818627834320068,0.09766829013824463,0.6551174521446228,-0.00018566350627224892,-0.09709986299276352,-0.12843544781208038,0.9578232765197754,0.24796469509601593,0.18864120543003082,0.7609105110168457,0.009681805968284607,0.6619038581848145,-0.19093012809753418,1.3857752084732056,-0.211713507771492,0.27333810925483704,-0.09101759642362595,1.0678693056106567,-0.21293042600154877,0.10967517644166946,0.3690893352031708,-0.15746237337589264,0.4742748737335205,0.254534512758255,-0.1988445520401001,0.10531488806009293,0.12727992236614227,0.03798660635948181,0.20783428847789764,0.36377325654029846,-0.20042769610881805,-0.1662689447402954,0.3014492094516754,-0.2572334110736847,-0.14053501188755035,0.3414107859134674,-0.10893277078866959,-0.045297909528017044,-0.21395926177501678,-0.03246157988905907,-0.23060421645641327,-0.26746317744255066,0.1964668482542038,0.1633429080247879,-0.13858285546302795,-0.23311801254749298,-0.18508261442184448,0.5823220610618591,-0.22026284039020538,-0.20502763986587524,-0.0723796933889389,0.16861696541309357,-0.2594008147716522,0.784598171710968,-0.12535174190998077,-0.22653613984584808,0.08988253027200699,-0.2485790103673935,0.13008874654769897,0.6541655659675598,0.03356149420142174,0.258303165435791,0.8820808529853821,-0.16450554132461548,0.2432725429534912,0.08548587560653687,0.2403244972229004,-0.11937520653009415,-0.1673118621110916,0.23331952095031738,-0.17410068213939667,0.7789925932884216,0.07257836312055588,0.3208455741405487,-0.13014794886112213,0.8586656451225281,-0.15736405551433563,-0.13818520307540894,-0.0789036974310875,-0.15243561565876007,0.2658160924911499,0.1313435584306717,0.7017813324928284,-0.11819485574960709,0.7248714566230774,-0.15020740032196045,-0.20319102704524994
57,503,635,530,662,0.4245752692222595,-0.2561532258987427,-0.1197466179728508,1.090759038925171,-0.15607008337974548,-0.1841779351234436,0.5604456067085266,-0.2504798173904419,-0.25928476452827454,-0.20743733644485474,0.7058247327804565,-0.2118777334690094,0.00039821863174438477,0.4553450644016266,0.1484634429216385,-0.2048150599002838,-0.24962525069713593,0.9538154602050781,-0.2130228877067566,0.004709117114543915,-0.12739065289497375,-0.06480366736650467,0.2698381543159485,1.233022928237915,0.3508509397506714,1.332322120666504,9.18954610824585e-05,-0.15768900513648987,0.35257458686828613,0.986960768699646,0.27847105264663696,-0.006126821041107178,-0.020443737506866455,0.11965376138687134,-0.23077630996704102,-0.0738624557852745,0.10312062501907349,0.5557180643081665,-0.2226109355688095,0.3057369589805603,-0.03343486040830612,-0.07400542497634888,-0.05617658793926239,1.1233439445495605,0.5853452086448669,-0.006560772657394409,-0.11026480793952942,0.6458509564399719,0.09663526713848114,0.6318200826644897,1.1807005405426025,0.693184494972229,0.5602984428405762,-0.1591787040233612,0.36848321557044983,-0.24617938697338104,0.44213634729385376,0.05044638365507126,1.3128511905670166,-0.24735447764396667,0.04499981179833412,0.3988296091556549,-0.13197103142738342,-0.030485104769468307,0.5756976008415222,0.415895938873291,-0.2006579339504242,0.5059986114501953,0.12770235538482666,0.26065170764923096,0.3592897951602936,-0.24099525809288025,-0.11205221712589264,0.10108921676874161,-0.17814235389232635,0.19769063591957092,-0.09864461421966553,-0.23411525785923004,-0.1746808886528015,-0.10362914204597473,0.4951321482658386,-0.25912460684776306,-0.2604385018348694,0.24312810599803925,0.11525817215442657,-0.1465313732624054,-0.23350608348846436,-0.1616738736629486,0.47335320711135864,-0.22865325212478638,-0.2331603467464447,0.026760488748550415,-0.17419473826885223,0.07238245010375977,0.12922319769859314,0.04988755285739899,-0.04618266224861145,0.05869405344128609,-0.22428950667381287,0.08941443264484406,0.8931070566177368,0.11890431493520737,0.4538680613040924,0.681103527545929,-0.10049930214881897,-0.11078338325023651,0.134981170296669,0.3618529736995697,-0.1980566829442978,-0.2130277156829834,0.5030287504196167,0.17805427312850952,0.04098404198884964,0.33877623081207275,0.18459531664848328,-0.10307586193084717,0.47580140829086304,-0.03875482827425003,-0.17929568886756897,0.1459330916404724,-0.022405721247196198,0.2193928062915802,-0.2078532874584198,0.8669648766517639,-0.00815588142722845,0.30040058493614197,-0.0788583904504776,-0.09529487788677216
58,671,868,703,895,0.032674640417099,-0.26695430278778076,0.040926720947027206,1.0503973960876465,-0.1360127329826355,-0.27161115407943726,0.029128871858119965,-0.20038485527038574,-0.26724791526794434,-0.27771490812301636,0.9660286903381348,0.6846829056739807,-0.014232508838176727,1.525202751159668,0.21500831842422485,-0.24625974893569946,-0.11736232787370682,-0.23724597692489624,-0.22589968144893646,-0.1732569932937622,-0.19854769110679626,0.800800085067749,0.3019164204597473,-0.16598644852638245,0.23199711740016937,-0.25642848014831543,-0.1524953544139862,-0.21712949872016907,0.16023202240467072,0.022983931005001068,-0.148149773478508,-0.24523064494132996,-0.080606609582901,0.24781323969364166,-0.23531979322433472,-0.2265351116657257,-0.2412009835243225,0.08266319334506989,-0.20146706700325012,-0.14115777611732483,-0.23743844032287598,-0.1498880386352539,0.04449698328971863,-0.1325896680355072,-0.1752157062292099,-0.08065687119960785,-0.24053211510181427,1.1783117055892944,0.4477401673793793,-0.012927211821079254,0.11261000484228134,0.2618318200111389,0.2103082537651062,-0.18683625757694244,-0.07816214859485626,-0.26190152764320374,-0.27051183581352234,0.19580775499343872,0.9553966522216797,-0.20389196276664734,-0.1993577778339386,0.20252007246017456,-0.09069547802209854,-0.1263023465871811,0.3621670603752136,-0.27702635526657104,-0.1916629672050476,0.04341839253902435,-0.008113205432891846,-0.02711593359708786,0.6980738639831543,-0.18756400048732758,-0.26551273465156555,0.27476614713668823,0.2388562709093094,-0.22887010872364044,-0.18075037002563477,-0.22714778780937195,-0.03714174032211304,-0.21050846576690674,0.07344552129507065,-0.25858885049819946,-0.2760007679462433,0.987000584602356,-0.014616855420172215,-0.23002249002456665,-0.1625121831893921,-0.17353716492652893,0.2854681611061096,-0.2504442036151886,-0.2685279846191406,0.17670245468616486,0.004171803593635559,-0.27122068405151367,-0.2419041395187378,-0.1271742880344391,-0.21297001838684082,0.013284891843795776,-0.2552153766155243,0.15965038537979126,0.1268562525510788,0.08679315447807312,0.10730740427970886,0.020781628787517548,-0.22292569279670715,0.2681597173213959,-0.11492335051298141,0.7200552225112915,-0.1639537513256073,-0.20206212997436523,-0.12293460965156555,-0.23481547832489014,-0.2509162425994873,-0.1674014776945114,0.13102374970912933,-0.22863374650478363,0.03446322679519653,-0.19859471917152405,-0.07866588979959488,0.22840292751789093,-0.10807894170284271,0.7436931133270264,-0.2532963156700134,0.48796191811561584,-0.18763525784015656,-0.039546191692352295,-0.2187279462814331,-0.18726003170013428
59,527,540,558,572,0.12331493198871613,-0.2646545171737671,0.44558319449424744,1.1285533905029297,-0.20137159526348114,-0.1401146650314331,0.6883044838905334,-0.2640611529350281,-0.04534749686717987,-0.2302422821521759,0.02605581283569336,-0.10560206323862076,-0.22844235599040985,0.2599216103553772,1.5241608619689941,-0.2601975202560425,-0.13807310163974762,1.1705925464630127,0.35697662830352783,-0.1346290111541748,0.07798212766647339,0.41799935698509216,0.6436558961868286,0.7435406446456909,0.3299301266670227,0.20677511394023895,-0.1464008092880249,-0.24277108907699585,0.7144064903259277,0.49275124073028564,-0.22285863757133484,-0.2089729607105255,-0.1490067094564438,0.8088175058364868,-0.16533994674682617,-0.14553570747375488,0.042690664529800415,0.2366974651813507,0.19650715589523315,-0.1559036821126938,0.5012682676315308,0.09368274360895157,0.7957065105438232,1.1500029563903809,0.33221644163131714,0.5851226449012756,-0.11155080795288086,2.737528085708618,-0.0035262033343315125,0.1672196239233017,0.6500707268714905,0.4631989300251007,0.18498921394348145,-0.1755129098892212,0.7689661979675293,-0.23166540265083313,1.1749989986419678,0.707473874092102,1.244337797164917,-0.19371896982192993,0.7879484295845032,0.08697547018527985,0.14084874093532562,2.2331502437591553,-0.060191020369529724,0.209529310464859,-0.14945554733276367,0.06497874855995178,0.1777651160955429,-0.22174367308616638,0.38822340965270996,-0.013802342116832733,-0.1409430205821991,0.2671850323677063,-0.15124399960041046,0.11622446775436401,0.7572546005249023,-0.06107712909579277,0.4503149688243866,-0.18289482593536377,0.13435304164886475,-0.26168006658554077,-0.25570014119148254,-0.24241623282432556,0.8512047529220581,-0.11418432742357254,-0.22773006558418274,-0.17403152585029602,0.3146376609802246,-0.2245432287454605,-0.25037962198257446,-0.18907229602336884,0.33242982625961304,-0.03446421027183533,-0.07981544733047485,0.17137756943702698,-0.12905335426330566,-0.038497403264045715,-0.2500806450843811,-0.17324814200401306,1.052027940750122,-0.10521255433559418,0.061270684003829956,0.6247202157974243,1.0402612686157227,0.49301576614379883,-0.060013219714164734,0.5488116145133972,0.9229004383087158,-0.22035691142082214,0.510970413684845,0.22525854408740997,0.6215327978134155,1.3335163593292236,-0.08421419560909271,0.1767529547214508,0.0801343247294426,0.13172286748886108,-0.0011412426829338074,0.13194003701210022,-0.0381811186671257,0.7941497564315796,0.10681352019309998,0.43583977222442627,-0.0028954744338989258,0.3759630024433136,-0.10225377976894379,-0.12914206087589264
60,603,650,625,673,0.481309711933136,-0.2681797742843628,-0.16670837998390198,1.1973283290863037,-0.08737969398498535,0.04193951189517975,0.20887185633182526,-0.2639467120170593,-0.2631957232952118,-0.21900224685668945,0.2736908197402954,-0.20648792386054993,-0.11099152266979218,-0.0816349983215332,0.5233780145645142,-0.24217192828655243,-0.2194180190563202,0.09492720663547516,-0.23225867748260498,-0.23122909665107727,-0.15619847178459167,0.7847263813018799,0.1689848005771637,1.4530357122421265,-0.12054824084043503,0.630850613117218,-0.1500796526670456,-0.24990728497505188,0.08831906318664551,0.25596803426742554,0.07425844669342041,0.34791067242622375,-0.12908756732940674,0.18007278442382812,-0.16967442631721497,-0.0588546097278595,0.34430432319641113,0.040285054594278336,0.007390230894088745,-0.08230219036340714,-0.11111331731081009,0.22298270463943481,-0.16176463663578033,0.2029990553855896,0.2843153476715088,0.01580003648996353,0.013415411114692688,0.8527209758758545,0.6679069995880127,0.17282000184059143,0.9634366631507874,0.7989740371704102,0.08091723173856735,-0.08114476501941681,0.9966043829917908,-0.16786456108093262,0.4405839741230011,0.47103288769721985,0.9789935946464539,-0.26158490777015686,0.22442449629306793,0.29724448919296265,-0.19011729955673218,-0.13660699129104614,-0.05210614204406738,0.11987222731113434,-0.2133096605539322,-0.04967103153467178,0.7615793943405151,0.28720128536224365,0.5475419759750366,-0.21727050840854645,-0.20173002779483795,-0.05114402621984482,-0.1654784381389618,-0.08910059928894043,1.221402883529663,-0.225742369890213,0.3339322805404663,-0.10017199069261551,-0.0782843679189682,-0.2694988548755646,-0.2376929670572281,-0.09993231296539307,1.0876466035842896,-0.1668388694524765,-0.1602204442024231,-0.1352010816335678,0.013099022209644318,-0.23014840483665466,-0.23160746693611145,0.6271716952323914,0.22848021984100342,0.27431944012641907,0.03694978356361389,0.32442033290863037,-0.029679536819458008,0.004104379564523697,-0.25700151920318604,0.004094451665878296,1.244114875793457,-0.023139193654060364,-0.16405938565731049,0.6022331714630127,-0.17512330412864685,0.07653892785310745,-0.15453265607357025,-0.21154168248176575,-0.20110473036766052,-0.222862109541893,2.1930627822875977,0.30284494161605835,-0.11616166681051254,0.14919473230838776,0.05861590802669525,0.001188281923532486,0.5470401048660278,-0.21937382221221924,-0.20785969495773315,0.24776743352413177,0.04605396091938019,0.39743444323539734,-0.23480457067489624,0.6273990869522095,0.21660959720611572,0.24654464423656464,-0.1713782548904419,-0.0006411299109458923
61,611,631,632,650,-0.08688744902610779,-0.21246659755706787,0.1893986463546753,1.250581979751587,-0.021128997206687927,-0.24013377726078033,-0.20476168394088745,-0.23417119681835175,-0.2784592807292938,-0.1726800948381424,3.7789409160614014,-0.18414506316184998,-0.0793648511171341,2.5865414142608643,-0.0001577932998770848,-0.27583491802215576,-0.02190019190311432,-0.01707157865166664,-0.27157726883888245,-0.25420549511909485,-0.19402870535850525,0.14669661223888397,-0.2311130315065384,-0.2784309983253479,-0.27102217078208923,-0.23552276194095612,-0.2660071551799774,-0.25359857082366943,1.9360136985778809,-0.22203420102596283,-0.1382628083229065,-0.11992012709379196,-0.2782582938671112,0.7669938802719116,-0.22217300534248352,-0.2587120532989502,0.10955004394054413,-0.1946936547756195,-0.14199522137641907,-0.08582648634910583,-0.2613312005996704,0.20675329864025116,0.7126282453536987,1.9118268489837646,-0.15084537863731384,-0.2548385262489319,-0.20525886118412018,3.521754503250122,2.030623435974121,0.046302519738674164,-0.26305091381073,-0.27793756127357483,0.6444703936576843,-0.17186352610588074,-0.05522393435239792,-0.2650633454322815,-0.10562717914581299,2.053079605102539,0.8739539384841919,-0.13642191886901855,0.22213664650917053,0.49352705478668213,0.4457400441169739,5.6304497718811035,1.9425344467163086,-0.2706046998500824,-0.13799825310707092,1.7561649084091187,-0.21545247733592987,-0.016149433329701424,0.7525011301040649,-0.1782303750514984,-0.2779180407524109,0.28412365913391113,-0.22517375648021698,0.06766774505376816,-0.23680879175662994,-0.21375292539596558,1.527010202407837,-0.006375967990607023,-0.2616528868675232,-0.26156947016716003,-0.04028693959116936,-0.26921331882476807,-0.20183798670768738,-0.010148610919713974,-0.059988465160131454,-0.04672703146934509,-0.2306671142578125,-0.2588757872581482,-0.26762670278549194,-0.25350236892700195,-0.18298456072807312,-0.053813789039850235,-0.26903781294822693,0.6520482301712036,-0.2702314853668213,-0.11032573133707047,0.2996431589126587,-0.2763209640979767,-0.16706933081150055,-0.07091495394706726,0.5709425210952759,0.4692264497280121,-0.08748157322406769,3.021010637283325,-0.27819064259529114,-0.14011602103710175,0.01416044868528843,-0.2073299139738083,-0.19978010654449463,-0.21006768941879272,0.6139281988143921,-0.203317791223526,-0.2759372591972351,-0.13945117592811584,1.6424463987350464,0.1183178499341011,-0.14894817769527435,-0.016659539192914963,-0.15818290412425995,0.19818304479122162,-0.2342890501022339,-0.26480770111083984,-0.04100430756807327,-0.2710728049278259,1.2149544954299927,-0.27319592237472534
62,425,402,454,432,0.6507440209388733,-0.2240242063999176,-0.13342870771884918,1.0580209493637085,-0.17073005437850952,-0.2026631087064743,0.08188258111476898,-0.2435697615146637,0.059630781412124634,-0.26318472623825073,0.41029199957847595,-0.23587706685066223,-0.06188632920384407,0.3846076726913452,0.3960907459259033,-0.2198711484670639,0.1710381805896759,-0.2537715435028076,0.0555836483836174,-0.025311410427093506,-0.06942858546972275,0.017084460705518723,0.25872260332107544,-0.036237917840480804,0.41102516651153564,0.9965603351593018,-0.07278287410736084,-0.2436933070421219,-0.02179896831512451,0.21207275986671448,-0.14432546496391296,0.2748810648918152,0.006287403404712677,0.21232104301452637,-0.18510407209396362,0.21570372581481934,-0.10088281333446503,-0.013451159000396729,0.49090319871902466,-0.10645013302564621,0.03517726808786392,-0.027366168797016144,-0.10753493010997772,-0.05121132731437683,0.47720372676849365,0.07332739233970642,-0.15288802981376648,0.5030147433280945,0.1328350156545639,0.07012848556041718,0.7227466106414795,0.4689735174179077,0.1251865029335022,-0.21098892390727997,0.7125490307807922,-0.2199772149324417,0.05983342230319977,0.2383619248867035,0.7788697481155396,-0.2613674998283386,-0.12459484487771988,0.22529231011867523,-0.04528982192277908,-0.18736398220062256,-0.0576818622648716,-0.2104973942041397,0.3317048251628876,0.20670469105243683,-0.047113582491874695,0.14115716516971588,0.2604905962944031,-0.20275603234767914,-0.16964422166347504,0.08834891766309738,0.09224064648151398,-0.16199499368667603,1.157364845275879,-0.26000073552131653,-0.21835893392562866,-0.1578846424818039,-0.004535302519798279,-0.2606228291988373,-0.2648206055164337,0.21461644768714905,0.7643750309944153,-0.1476905643939972,-0.18172380328178406,-0.14185133576393127,0.19821308553218842,-0.22154152393341064,-0.23371505737304688,0.07825067639350891,0.1625664085149765,-0.16414541006088257,-0.11420159041881561,0.08217122405767441,-0.1869603842496872,-0.04817130044102669,-0.2566235065460205,0.1195487231016159,1.2984697818756104,-0.025377172976732254,-0.07355787605047226,0.2967236638069153,-0.273907333612442,-0.047633204609155655,-0.06741845607757568,0.29593729972839355,-0.2045055627822876,-0.19683551788330078,1.0555555820465088,-0.0010648742318153381,-0.20819230377674103,-0.15599066019058228,0.26280301809310913,-0.05282316356897354,0.1612282693386078,-0.21042048931121826,0.014180295169353485,-0.0374794565141201,-0.05711747705936432,0.5774020552635193,-0.17873990535736084,0.4692419171333313,-0.19495940208435059,0.9015090465545654,-0.2585664689540863,-0.16724492609500885
63,501,704,536,736,0.49500617384910583,-0.21949300169944763,0.24941778182983398,1.10655677318573,-0.20596835017204285,0.01887686550617218,0.825838029384613,-0.2127293348312378,-0.1365017294883728,-0.272243857383728,0.1464977115392685,-0.0062024034559726715,-0.20921388268470764,1.1091394424438477,0.6850700378417969,-0.21910405158996582,0.09018155932426453,0.5638846158981323,0.7430644631385803,0.5225218534469604,-0.22774659097194672,0.045639023184776306,-0.10424648970365524,-0.11461403965950012,0.9565006494522095,1.5260703563690186,-0.0948052704334259,-0.22024402022361755,0.5717306733131409,0.3817993402481079,-0.25287652015686035,-0.23697638511657715,0.03156053647398949,0.14566172659397125,-0.178960382938385,0.018910199403762817,-0.1414678543806076,0.3970640301704407,0.2614544630050659,0.035126976668834686,0.019671842455863953,-0.05269896239042282,0.056083083152770996,0.7737640738487244,0.21929389238357544,0.171983003616333,-0.2156272530555725,1.054431438446045,0.5553459525108337,0.02428624778985977,0.40130966901779175,0.5133794546127319,0.1652500033378601,-0.1843850016593933,0.9441894292831421,-0.12985166907310486,0.6596012115478516,0.4506211578845978,0.8712881207466125,-0.18303458392620087,0.5007070302963257,0.10224223881959915,0.012925989925861359,1.0421090126037598,0.4473705589771271,-0.10716026276350021,0.3304227590560913,0.34700891375541687,-0.12815694510936737,0.02772274613380432,0.4137476086616516,-0.21682821214199066,-0.19440436363220215,0.2215399444103241,-0.13928821682929993,0.14351782202720642,0.8322865962982178,-0.24216607213020325,0.03696895018219948,-0.1160382628440857,-0.0695841982960701,-0.21445722877979279,-0.26254040002822876,1.3142904043197632,1.007553219795227,-0.19750437140464783,-0.17502276599407196,-0.140236496925354,0.2998270094394684,-0.1766737699508667,0.039276253432035446,-0.07105556130409241,0.11031866073608398,-0.2037387192249298,0.2884676456451416,-0.04406791180372238,-0.22629553079605103,-0.2695702314376831,-0.16141578555107117,-0.06167205795645714,0.880116879940033,-0.1822756975889206,0.10282425582408905,0.35992515087127686,0.19084380567073822,0.462246835231781,-0.14951148629188538,0.850635290145874,0.24883243441581726,-0.1506635695695877,0.3731812834739685,-0.18645037710666656,0.1483730971813202,0.3695042133331299,0.19159731268882751,0.04354580491781235,0.3820769786834717,0.034312132745981216,-0.03819073736667633,0.20779551565647125,-0.05053604021668434,0.5447597503662109,-0.14091701805591583,0.8048650026321411,-0.04887226223945618,1.1804282665252686,-0.2034085988998413,-0.1870528906583786
64,137,646,162,677,1.1689376831054688,-0.24854418635368347,0.16328608989715576,1.114151954650879,-0.17338016629219055,-0.10279295593500137,0.38846415281295776,-0.2601737976074219,-0.17411279678344727,-0.22819600999355316,0.04042302817106247,-0.13107243180274963,-0.2026369571685791,0.573796808719635,0.5156493782997131,-0.19197852909564972,-0.05408312380313873,0.11117641627788544,-0.17496192455291748,-0.17983122169971466,-0.2299041599035263,0.45398908853530884,0.030279476195573807,0.5808029770851135,-0.09705108404159546,0.8030179738998413,-0.1520904153585434,-0.25678688287734985,0.5364484190940857,0.23082765936851501,0.17848315834999084,-0.01918148249387741,0.03129307180643082,0.6980076432228088,-0.16260261833667755,-0.023548930883407593,0.07390734553337097,-0.007188394665718079,0.2153644859790802,0.7406993508338928,-0.126305490732193,-0.09773136675357819,0.0684182271361351,1.167112946510315,0.6532578468322754,0.05316819250583649,-0.02300959825515747,0.5193930864334106,0.385366827249527,0.11775918304920197,1.7111546993255615,0.8659458756446838,0.4619119167327881,-0.20251619815826416,2.7521471977233887,-0.20751389861106873,0.9649755954742432,0.03837956115603447,1.2992970943450928,-0.25339484214782715,0.18184393644332886,0.786844789981842,-0.24393868446350098,-0.0832873284816742,1.002334713935852,0.12007571756839752,0.42546460032463074,0.19853965938091278,0.03843807429075241,0.16412954032421112,0.4539657235145569,-0.2724248468875885,-0.14322523772716522,0.0505802184343338,-0.21309784054756165,-0.10815545916557312,1.7854918241500854,-0.22618667781352997,-0.031919270753860474,-0.12334088981151581,0.08589405566453934,-0.27270323038101196,-0.2535465657711029,-0.057449355721473694,0.4671967327594757,-0.2247256636619568,-0.249525785446167,-0.19841551780700684,0.5552356243133545,-0.23904921114444733,-0.19805437326431274,-0.10095344483852386,0.3103790879249573,-0.007674619555473328,0.9242038130760193,0.07741916179656982,-0.1857200562953949,0.2503305673599243,-0.2565837502479553,0.04697975143790245,1.2093865871429443,-0.04305960237979889,0.20836719870567322,1.580636978149414,-0.25189337134361267,0.38535499572753906,-0.01068897545337677,0.11862584203481674,-0.2552200257778168,-0.2045658975839615,1.6196705102920532,0.02554863691329956,1.847033977508545,0.3437066376209259,0.14437532424926758,0.03870560973882675,0.49468451738357544,-0.16275200247764587,-0.08662746846675873,0.14915689826011658,-0.0687795877456665,0.19840861856937408,-0.20077885687351227,0.5430058836936951,-0.13242855668067932,0.5388354659080505,-0.03944218158721924,-0.20474688708782196
65,527,826,572,875,1.2338052988052368,-0.2559056580066681,0.0050912597216665745,1.0961791276931763,-0.21761009097099304,0.2900048494338989,0.5676710605621338,-0.25921425223350525,-0.026458315551280975,-0.16124486923217773,0.054263804107904434,-0.07651277631521225,-0.1751815676689148,0.01832316443324089,0.8096948266029358,-0.19864323735237122,-0.18597997725009918,0.9839653372764587,0.29686400294303894,-0.07424284517765045,0.235158309340477,0.18600735068321228,0.221541628241539,0.8480722308158875,-0.11791234463453293,1.4718198776245117,-0.15132315456867218,-0.2119530588388443,0.3640495538711548,0.888641893863678,-0.12352108955383301,0.034902408719062805,-0.07901106774806976,0.6355525851249695,-0.16917254030704498,-0.06773332506418228,0.03636656329035759,0.28512048721313477,0.5945759415626526,0.05984222888946533,0.8614293336868286,0.05755205824971199,0.03145638480782509,0.39397022128105164,0.26253044605255127,0.4586753845214844,-0.08060982823371887,1.5999263525009155,0.3872675597667694,-0.0010519971838220954,0.7168190479278564,1.2245420217514038,0.5403303503990173,-0.20493924617767334,0.7862722873687744,-0.20203369855880737,1.5686054229736328,0.3351854085922241,0.8922111988067627,-0.23974007368087769,0.6829168796539307,0.03734650835394859,-0.00330780609510839,0.5357910394668579,0.18094505369663239,0.017999257892370224,0.4425385296344757,0.028833601623773575,0.4582303464412689,-0.15220370888710022,0.6577515006065369,0.1732870489358902,-0.1967807561159134,0.25885504484176636,-0.2287030965089798,0.060191232711076736,1.2154934406280518,-0.11028774827718735,0.0811789482831955,-0.18587249517440796,0.2882535755634308,-0.25059202313423157,-0.258456826210022,0.0855342298746109,1.2815383672714233,-0.16189365088939667,-0.225846529006958,-0.12716419994831085,0.28381866216659546,-0.21026533842086792,-0.1449517458677292,-0.10722199827432632,0.39986786246299744,-0.044802919030189514,0.21780285239219666,0.13113319873809814,-0.2488398551940918,0.032251909375190735,-0.269889235496521,-0.09712764620780945,0.6536531448364258,0.16076034307479858,0.12340155988931656,0.6693991422653198,1.1627916097640991,0.33172109723091125,-0.026250451803207397,1.009110450744629,-0.11672244966030121,-0.1704101711511612,2.227508068084717,0.4066106975078583,0.6107080578804016,0.7360590100288391,0.09528695791959763,0.3145265281200409,0.15405334532260895,0.05934755131602287,0.4733312427997589,-0.06378119438886642,-0.1039450466632843,0.46209684014320374,0.13137811422348022,0.9685189723968506,0.022118257358670235,0.32820844650268555,-0.07671142369508743,-0.13920791447162628
66,632,656,653,679,0.03849523141980171,-0.2194892317056656,-0.26573804020881653,1.3211066722869873,-0.27808696031570435,-0.09823162853717804,0.156902015209198,-0.2767898142337799,-0.2501605749130249,-0.1809331327676773,-0.0569160096347332,-0.2450719177722931,-0.1972891390323639,-0.23177598416805267,2.963862180709839,-0.27385929226875305,-0.22004182636737823,3.510375738143921,-0.27838465571403503,-0.27841800451278687,-0.2420077919960022,1.6948720216751099,-0.2714381515979767,4.0010552406311035,-0.2731076776981354,-0.27110281586647034,0.6188873648643494,-0.27518463134765625,-0.26897960901260376,-0.09956298023462296,-0.2784637212753296,0.4066365957260132,-0.27833855152130127,1.8366739749908447,-0.2571493983268738,-0.2731543779373169,1.0466545820236206,-0.0668330118060112,-0.1659131497144699,-0.12733307480812073,0.5363110303878784,0.3921520709991455,-0.01627386547625065,0.4264429211616516,0.031075166538357735,1.5845947265625,0.5990247130393982,0.8559006452560425,-0.2179601788520813,-0.2696518898010254,2.7028377056121826,1.3110052347183228,-0.27846404910087585,-0.2767610549926758,3.5833864212036133,-0.17476628720760345,3.0280039310455322,-0.24772906303405762,1.9145057201385498,-0.015169643796980381,-0.266425758600235,0.14541198313236237,-0.24006134271621704,-0.25125691294670105,0.02741556614637375,-0.2152373045682907,-0.23175926506519318,-0.2735128402709961,-0.09688420593738556,-0.1501244604587555,1.1005655527114868,-0.11511799693107605,-0.20956000685691833,-0.10079169273376465,-0.2734712064266205,-0.042558275163173676,1.1979355812072754,-0.17225492000579834,-0.2527523338794708,-0.26475128531455994,-0.24204105138778687,-0.27018654346466064,-0.2529776692390442,-0.06257099658250809,1.8934451341629028,-0.07804189622402191,-0.2665461599826813,0.0846886932849884,0.01137835904955864,-0.2778814733028412,-0.2515237331390381,-0.2124110907316208,-0.2780858874320984,0.8538606762886047,1.6221351623535156,0.5930217504501343,0.3502500355243683,-0.1286049336194992,-0.21427828073501587,-0.2662293314933777,5.597848892211914,-0.20402361452579498,-0.2593516409397125,1.9299079179763794,-0.003481883555650711,-0.20688773691654205,-0.2601125240325928,-0.16318342089653015,-0.14565184712409973,-0.27627497911453247,4.408257484436035,1.0009552240371704,0.8708218932151794,2.3565268516540527,-0.2633400857448578,0.23987679183483124,-0.27502816915512085,-0.27460506558418274,0.09915730357170105,-0.260423868894577,0.30966517329216003,0.4722915589809418,-0.1943632960319519,0.9074016809463501,0.17512457072734833,-0.10261014103889465,-0.04113238304853439,0.538750171661377
67,285,801,310,827,0.2142951935529709,-0.2536930739879608,-0.07172790169715881,1.1938145160675049,-0.14343203604221344,-0.26131799817085266,0.3876327872276306,-0.2714332044124603,-0.2052995264530182,-0.18540745973587036,0.5560964345932007,-0.24834328889846802,-0.20619115233421326,1.4803578853607178,0.9342989325523376,-0.20088976621627808,-0.24581870436668396,0.3448778986930847,-0.252597838640213,0.016647154465317726,-0.19432111084461212,0.9904330372810364,-0.05671105161309242,-0.06846340000629425,1.3464577198028564,-0.12252526730298996,-0.07726509869098663,-0.2436956912279129,0.4326944649219513,-0.1671803891658783,-0.20059767365455627,-0.24707162380218506,-0.21353870630264282,0.5798989534378052,-0.2398371696472168,-0.2737775146961212,0.1223953440785408,0.12190776318311691,-0.1902540624141693,0.23580369353294373,-0.17197555303573608,0.03607058525085449,0.5387158393859863,1.284590721130371,-0.24493162333965302,-0.12949548661708832,-0.262220561504364,0.8002263307571411,-0.0851614698767662,0.04223582148551941,0.7323011159896851,0.47372257709503174,0.08884923905134201,-0.25104713439941406,-0.0075459834188222885,-0.23399581015110016,0.167161226272583,1.2655125856399536,1.4733538627624512,-0.2285226285457611,-0.20170995593070984,0.3749295771121979,0.012695342302322388,0.9736791253089905,0.7871652245521545,0.01597285270690918,-0.23992417752742767,0.9301178455352783,-0.08214329183101654,-0.06402993947267532,1.1210519075393677,-0.2103332281112671,-0.14404693245887756,-0.14481259882450104,0.23895466327667236,0.12729331851005554,0.06597766280174255,-0.2236442267894745,-0.19304385781288147,-0.04457138851284981,-0.16666479408740997,-0.277604877948761,-0.27486351132392883,0.10671182721853256,0.14832699298858643,-0.13434652984142303,-0.16360890865325928,-0.21059013903141022,0.2615467607975006,-0.21498897671699524,-0.2558779716491699,-0.16192059218883514,-0.02752882055938244,0.1800111085176468,-0.27227282524108887,0.41626209020614624,-0.20857280492782593,-0.2067783921957016,-0.22607114911079407,0.002809882164001465,1.5104705095291138,0.0379977822303772,0.2390539050102234,0.33511435985565186,-0.1856706738471985,0.02032262645661831,-0.05033639073371887,-0.10101689398288727,0.35693591833114624,-0.1501569300889969,-0.24491949379444122,0.017947807908058167,-0.1824214905500412,0.20259012281894684,-0.07122713327407837,-0.06584394723176956,0.22237785160541534,0.07523724436759949,-0.06939851492643356,0.1413060873746872,-0.03917119652032852,0.31760478019714355,-0.2531324326992035,0.5372576713562012,-0.08018814772367477,-0.016701288521289825,-0.13016901910305023,-0.09009890258312225
68,739,582,778,622,1.1122355461120605,-0.19465136528015137,0.48710718750953674,1.1653251647949219,-0.2153891623020172,-0.11072565615177155,0.3051384389400482,-0.12627938389778137,-0.2210928201675415,-0.2321898341178894,0.21915969252586365,-0.11669526994228363,-0.09707045555114746,0.8585835695266724,0.626606822013855,-0.15483376383781433,-0.059446804225444794,0.5195154547691345,0.4189516603946686,0.8030346632003784,0.23977506160736084,0.6326318979263306,0.2904621958732605,0.39573895931243896,-0.0021687597036361694,0.6971452236175537,-0.2031627893447876,-0.12638825178146362,0.8961201906204224,0.5358973741531372,-0.1218433603644371,-0.03920207917690277,-0.0698143020272255,0.595046877861023,-0.030849948525428772,0.2175363153219223,-0.04450458660721779,0.9060955047607422,0.1346934735774994,0.19222649931907654,0.09075871109962463,0.054036740213632584,0.29729077219963074,1.5748326778411865,0.23775041103363037,-0.06577612459659576,-0.06229130178689957,0.7089332342147827,0.8177978992462158,0.540695071220398,0.9499291181564331,0.216436505317688,0.8543945550918579,-0.22446799278259277,1.1039564609527588,-0.032627906650304794,1.203121304512024,0.8492990136146545,0.7889366745948792,-0.21971555054187775,0.9703593254089355,0.832257866859436,-0.04097357392311096,1.3048105239868164,0.9380526542663574,-0.01983598619699478,0.09722600132226944,0.8643761873245239,-0.015649989247322083,0.46950358152389526,0.7406148314476013,-0.032432615756988525,-0.07015769183635712,0.6661721467971802,-0.22617454826831818,0.16961993277072906,0.968508780002594,0.16092026233673096,0.317440003156662,-0.10339421778917313,0.2702842056751251,-0.019822951406240463,-0.26462820172309875,0.038907989859580994,0.12944719195365906,-0.21980664134025574,-0.2185364067554474,-0.24983541667461395,0.38851702213287354,-0.24304038286209106,0.642925500869751,0.1216123104095459,0.5634203553199768,-0.17193828523159027,0.7861945033073425,-0.017058618366718292,-0.2466661036014557,-0.008630827069282532,-0.1763230413198471,-0.11399748921394348,0.14765582978725433,0.28558096289634705,0.08741188794374466,1.3799195289611816,0.8762308359146118,0.8921828269958496,-0.023205069825053215,0.775615394115448,-0.03937114402651787,-0.09609954804182053,1.5942331552505493,0.22067652642726898,1.136365532875061,0.2091832011938095,0.24635374546051025,0.1470903754234314,0.9898362159729004,-0.0019140690565109253,0.08069851249456406,0.020339373499155045,-0.1443987637758255,0.1447039246559143,0.17757707834243774,0.6019371747970581,0.18847712874412537,0.45072516798973083,0.007879510521888733,-0.17621725797653198
69,490,724,519,753,0.94637131690979,-0.26331228017807007,0.40634429454803467,1.1082206964492798,-0.19476649165153503,0.12389519810676575,0.6121561527252197,-0.2260964959859848,-0.187906414270401,-0.2417621910572052,0.08080241084098816,-0.23487746715545654,-0.17388272285461426,0.74258953332901,0.7586855888366699,-0.22207018733024597,-0.0935012549161911,0.9459360241889954,0.004939019680023193,0.2993376553058624,-0.26798227429389954,0.038504429161548615,0.21249765157699585,0.3812568485736847,0.0941024124622345,1.3316394090652466,-0.12794050574302673,-0.2206730991601944,0.36766523122787476,0.6154597401618958,-0.07474637776613235,-0.1776600033044815,0.06809644401073456,0.3956039249897003,-0.18564048409461975,0.07398362457752228,0.24443084001541138,0.6549176573753357,0.9096932411193848,0.3063789904117584,0.0851157158613205,0.05385234206914902,0.13200107216835022,1.1463685035705566,0.9348089098930359,0.22897687554359436,0.07578763365745544,1.3206233978271484,-0.12738783657550812,0.05870629847049713,0.876239538192749,1.0558695793151855,0.32037073373794556,-0.22319862246513367,1.8435536623001099,-0.1721998155117035,1.1369372606277466,0.08454278111457825,1.3876923322677612,-0.09068277478218079,-0.13647814095020294,0.1319580078125,-0.15321312844753265,0.6694536209106445,0.8070869445800781,0.4066525995731354,0.5704073905944824,0.35832008719444275,-0.08661846071481705,-0.130935937166214,0.43932944536209106,-0.2342683970928192,-0.13268718123435974,-0.05026797950267792,-0.21634824573993683,0.010844364762306213,1.371159553527832,-0.2570074200630188,0.17407196760177612,-0.10821124911308289,0.2549606263637543,-0.23842386901378632,-0.2536454200744629,-0.047829318791627884,0.46296587586402893,-0.1637435406446457,-0.21001775562763214,-0.13721278309822083,0.46931612491607666,-0.19003453850746155,-0.07307763397693634,-0.1748492419719696,-0.12301330268383026,0.24703150987625122,0.8365499377250671,0.28565871715545654,-0.05488300323486328,-0.1468462347984314,-0.24057817459106445,0.04042624309659004,1.778078556060791,-0.0031073912978172302,0.1128154918551445,0.8323022127151489,0.5473375916481018,-0.11289495974779129,-0.10359884798526764,-0.1035001128911972,-0.059074416756629944,-0.1924610137939453,2.0092554092407227,0.11973464488983154,0.29300931096076965,0.715125322341919,-0.018687400966882706,-0.06735723465681076,0.23183095455169678,-0.05148772522807121,-0.19214436411857605,0.05497780442237854,0.030452338978648186,0.5937337875366211,-0.05973955988883972,0.5533719658851624,-0.06408309936523438,1.1204591989517212,-0.15240749716758728,-0.1412639617919922
70,389,329,435,388,0.6699631810188293,-0.10667439550161362,0.3158157169818878,1.058679223060608,-0.12491074949502945,-0.17241211235523224,0.39108583331108093,-0.15208618342876434,-0.2085583209991455,-0.2613236606121063,0.1652609407901764,-0.04193269833922386,0.02986588142812252,0.03123425878584385,0.22609442472457886,-0.16504479944705963,-0.0339946486055851,-0.14102067053318024,0.5484084486961365,-0.09974757581949234,0.09560730308294296,-0.03678934648633003,0.8248134255409241,0.10828105360269547,0.004381778184324503,0.2725336253643036,-0.17493344843387604,-0.19332528114318848,0.7730467915534973,0.5866753458976746,-0.12279659509658813,-0.20414407551288605,-0.014200426638126373,0.3127453625202179,-0.12341513484716415,-0.05339158698916435,-0.19056616723537445,0.2685190439224243,-0.025508999824523926,0.016881829127669334,-0.1743510216474533,-0.14594368636608124,-0.08764509111642838,0.4479832649230957,0.060162246227264404,-0.1666545420885086,-0.0718034878373146,0.5801697373390198,0.16980738937854767,0.6976330876350403,0.4108838140964508,-0.03152948245406151,0.8637033104896545,-0.18360549211502075,0.9581249356269836,-0.21400310099124908,0.19920134544372559,0.24129895865917206,0.6223310828208923,-0.18808238208293915,0.34175124764442444,0.5032447576522827,-0.08329061418771744,0.1400279700756073,0.11449780315160751,-0.07820050418376923,0.23399285972118378,0.32206904888153076,0.004952664021402597,0.7113949656486511,0.322918176651001,-0.16703665256500244,-0.0704476535320282,0.3410840928554535,-0.18422918021678925,-0.07390623539686203,0.4720105230808258,-0.09122621268033981,-0.07182326167821884,0.2275683879852295,-0.07117852568626404,-0.19101445376873016,-0.2721881568431854,0.1957406997680664,0.10322221368551254,0.07739922404289246,-0.11460375785827637,-0.22096313536167145,0.2058623880147934,-0.24392421543598175,-0.14745765924453735,0.24003392457962036,0.5110076069831848,-0.26757553219795227,0.20092274248600006,-0.11021026223897934,-0.22669033706188202,-0.00520566338673234,-0.24315400421619415,0.0918746069073677,0.08562478423118591,0.18769383430480957,0.02383509837090969,0.8061887621879578,0.22033311426639557,0.3019861578941345,0.05179409310221672,-0.06940888613462448,-0.01265419740229845,-0.14233238995075226,0.3074570596218109,-0.15775106847286224,0.38391372561454773,-0.13892589509487152,0.5513187050819397,-0.13126306235790253,0.8442637920379639,-0.18438482284545898,-0.15495271980762482,0.026007940992712975,-0.16632072627544403,0.3652235269546509,-0.01621401309967041,0.482500284910202,-0.06386703252792358,0.5407919883728027,-0.08928287029266357,-0.21346615254878998
71,512,803,547,837,1.2501368522644043,-0.24496431648731232,0.07884753495454788,1.1144421100616455,-0.24765801429748535,0.6612799167633057,0.29924699664115906,-0.24428653717041016,0.24076327681541443,-0.2422511875629425,0.2887150049209595,-0.19965815544128418,-0.16524460911750793,0.8615558743476868,0.7698510885238647,-0.20119023323059082,-0.13459548354148865,0.28664740920066833,0.06621004641056061,0.01484893262386322,0.33151867985725403,0.21624772250652313,0.3070031702518463,0.11518862843513489,0.17591261863708496,1.196934700012207,-0.08844035863876343,-0.21834120154380798,0.0993753969669342,1.1528146266937256,-0.21658560633659363,-0.19384969770908356,-0.16714967787265778,0.4886515736579895,-0.130863219499588,-0.033256351947784424,0.0541834682226181,0.01091526448726654,1.244847059249878,-0.178019180893898,0.5100516676902771,0.03903453052043915,-0.021146807819604874,0.2429530918598175,0.47783344984054565,0.3018385171890259,-0.05902523919939995,1.1840481758117676,0.6848117113113403,0.15479877591133118,0.6075928211212158,1.1810630559921265,0.620313286781311,-0.2611358165740967,0.9982365369796753,-0.25863295793533325,0.8241857290267944,0.4970936179161072,1.3470852375030518,-0.2627224922180176,0.915621280670166,0.002758800983428955,0.07247453927993774,0.19591453671455383,0.3485158681869507,0.44488629698753357,0.7545292377471924,0.42793864011764526,-0.1149713397026062,-0.13133437931537628,0.4869236350059509,-0.085858553647995,-0.1326770931482315,0.5735368728637695,-0.05704699456691742,-0.06902958452701569,1.324231743812561,-0.14440996944904327,-0.03100583702325821,-0.1821698397397995,0.5986325740814209,-0.21549023687839508,-0.2592045068740845,0.30267924070358276,1.1779541969299316,-0.1955653727054596,-0.22696161270141602,-0.16932404041290283,0.0612938217818737,-0.22362178564071655,-0.20605257153511047,0.031966108828783035,0.2294878363609314,-0.02873210608959198,-0.10787162184715271,0.21421214938163757,-0.24960792064666748,-0.16487480700016022,-0.2205987423658371,-0.02632349729537964,0.01866879314184189,-0.25523367524147034,-0.07882736623287201,0.6159703731536865,1.2398803234100342,0.5723617076873779,0.05300461873412132,1.2760941982269287,-0.13832803070545197,-0.15252158045768738,1.965051531791687,0.3450552821159363,0.44225114583969116,0.40685224533081055,0.030970457941293716,0.21720394492149353,0.10089494287967682,0.10572856664657593,0.2982998490333557,0.1448671817779541,-0.11361415684223175,0.38482600450515747,-0.059647463262081146,0.6939765214920044,-0.09908077865839005,0.40707501769065857,-0.17901019752025604,-0.19340753555297852
72,507,525,540,557,0.2636992335319519,-0.2388681024312973,-0.08797261863946915,1.136238932609558,-0.17641910910606384,-0.2164069414138794,0.6020903587341309,-0.19891484081745148,-0.2612145245075226,-0.21896904706954956,0.1449982076883316,-0.2723877727985382,0.04498058184981346,0.026028286665678024,0.5525140166282654,-0.217356875538826,-0.07596194744110107,0.604174017906189,-0.2380160093307495,0.33864057064056396,0.14769533276557922,0.12672662734985352,0.39214426279067993,1.315675139427185,0.4701584279537201,0.7262268662452698,-0.002905413508415222,-0.263633668422699,0.22114461660385132,0.700666606426239,-0.04008520022034645,-0.14183545112609863,-0.005872622132301331,0.5685005187988281,-0.20195405185222626,-0.18367117643356323,0.0005764514207839966,0.4634307026863098,-0.22496232390403748,0.08126921951770782,0.10254286229610443,-0.03973155468702316,0.18607862293720245,1.5219900608062744,0.4579922556877136,-0.06501658260822296,-0.17956991493701935,0.6914572715759277,0.0978562980890274,0.20408959686756134,1.264657974243164,0.4599369168281555,0.33570998907089233,-0.22568756341934204,0.29248708486557007,-0.23828871548175812,0.46933746337890625,0.8034065961837769,1.5109972953796387,-0.23230338096618652,-0.01180652342736721,0.6039221286773682,-0.14229951798915863,1.276643991470337,0.1265733391046524,0.5609285831451416,-0.10296384245157242,0.3935130536556244,0.06226012855768204,0.2747724652290344,0.5844399929046631,-0.17349964380264282,-0.12039494514465332,0.2888646721839905,-0.17893433570861816,0.284578800201416,0.133661687374115,-0.18432562053203583,-0.2149447500705719,-0.13289806246757507,0.13853298127651215,-0.2621212601661682,-0.26922693848609924,-0.15265491604804993,-0.019327007234096527,-0.08467583358287811,-0.12967513501644135,-0.21871858835220337,0.2581523358821869,-0.2485247403383255,-0.11161015182733536,-0.04011884331703186,0.04048769921064377,-0.005289047956466675,-0.01710899919271469,0.16957703232765198,-0.17442508041858673,0.1432046890258789,-0.26340335607528687,-0.014761850237846375,1.0594758987426758,0.3907345235347748,0.130179762840271,0.5005229115486145,0.60165935754776,-0.023487672209739685,-0.0009879395365715027,-0.26085180044174194,0.2872542142868042,-0.20730185508728027,0.11960507184267044,0.1000499278306961,0.130101278424263,0.17420141398906708,0.19509431719779968,0.0029032379388809204,0.19782057404518127,-0.0033073872327804565,-0.12932568788528442,-0.054592885076999664,-0.11638879776000977,0.3714144229888916,-0.26538753509521484,0.48944252729415894,0.1335027664899826,0.12645083665847778,-0.18221360445022583,-0.08344556391239166
73,418,896,430,907,-0.2783263027667999,-0.2773973345756531,-0.2641409933567047,1.559690237045288,-0.14608699083328247,0.016421739012002945,0.2824283838272095,-0.08105862140655518,-0.2016667276620865,-0.2645108699798584,-0.2758053243160248,-0.2558212876319885,-0.2769848108291626,-0.22845536470413208,2.379570960998535,-0.2676341235637665,-0.2185974419116974,0.23405678570270538,-0.23746363818645477,0.3672153949737549,-0.2719249129295349,3.8826446533203125,-0.26591190695762634,2.7058396339416504,3.5308547019958496,-0.2762499153614044,-0.15419335663318634,-0.11062702536582947,-0.23992173373699188,-0.2734720706939697,-0.20906122028827667,0.17901992797851562,-0.13298897445201874,0.5039858818054199,-0.2375342845916748,-0.1312587559223175,0.3182356059551239,-0.04760270565748215,-0.2722487449645996,-0.1824227124452591,-0.05296482518315315,0.7093250751495361,0.3926914632320404,-0.27812662720680237,-0.20659472048282623,0.9474191069602966,-0.24244137108325958,1.6153717041015625,0.18096238374710083,-0.26114165782928467,1.3936225175857544,1.810878872871399,-0.08655048906803131,0.011632554233074188,-0.19163015484809875,-0.24437247216701508,0.012385585345327854,0.01248734537512064,0.18057045340538025,-0.20314347743988037,-0.26792117953300476,-0.2679823338985443,-0.2628784775733948,-0.21632297337055206,-0.27787885069847107,-0.278280645608902,-0.2141546905040741,-0.2753259837627411,1.101668357849121,-0.23017756640911102,1.3463094234466553,-0.2227727472782135,-0.2729560434818268,-0.1574915051460266,-0.15997879207134247,-0.2056475728750229,-0.1372177004814148,-0.2511449456214905,-0.10169811546802521,-0.2654956877231598,1.5209436416625977,-0.1877271831035614,-0.24975049495697021,0.056604884564876556,1.139418601989746,-0.12191487848758698,-0.20601287484169006,-0.27560126781463623,-0.24509724974632263,-0.05942155420780182,-0.005309106316417456,0.567919909954071,-0.25130346417427063,0.47210291028022766,-0.27188289165496826,0.392428457736969,0.01027382630854845,-0.19645723700523376,-0.27739325165748596,-0.24323910474777222,0.3283637762069702,0.13257353007793427,0.033741340041160583,-0.12070737034082413,-0.21917469799518585,0.23261281847953796,2.200762987136841,-0.05427482724189758,-0.27044692635536194,-0.2726830542087555,-0.27224257588386536,0.5270117521286011,0.24828141927719116,0.3679274320602417,-0.24056483805179596,0.2722506821155548,-0.2027396857738495,0.08674424141645432,1.1839383840560913,0.2663443386554718,0.2532689869403839,0.39787182211875916,-0.25303828716278076,1.0278098583221436,0.15001420676708221,-0.2650187611579895,-0.25731194019317627,0.6740511059761047
74,621,649,639,671,0.706116259098053,-0.26071494817733765,-0.11574822664260864,1.5594176054000854,-0.01727227494120598,0.9764931201934814,-0.2783823609352112,-0.2783406972885132,-0.26382485032081604,-0.11737986654043198,-0.23448188602924347,-0.27456367015838623,-0.21834278106689453,-0.24758701026439667,0.5664247870445251,-0.2410845309495926,-0.12226389348506927,-0.0313086099922657,-0.1808060258626938,-0.1174430176615715,-0.27759790420532227,3.4062085151672363,-0.12327102571725845,1.6365272998809814,-0.2745945155620575,-0.2540036737918854,-0.2097986787557602,-0.22143489122390747,-0.23269779980182648,-0.19450750946998596,-0.18615128099918365,-0.17160965502262115,-0.27580752968788147,0.24930107593536377,0.0848798006772995,0.11396307498216629,0.767690896987915,-0.026009902358055115,0.6523048877716064,-0.2724926471710205,-0.15642476081848145,0.7808399796485901,-0.27747252583503723,-0.1724434792995453,-0.26042595505714417,-0.08629582822322845,-0.2360401302576065,1.1458700895309448,2.323697805404663,-0.20673784613609314,0.03278588503599167,0.8524054288864136,-0.2784581184387207,0.42754554748535156,1.2914083003997803,-0.12037769705057144,-0.11036450415849686,2.3076653480529785,-0.199745774269104,-0.2692185640335083,0.987756073474884,-0.08457056432962418,-0.12798863649368286,-0.014770152978599072,-0.19215531647205353,-0.16554325819015503,-0.2784522771835327,-0.2569175660610199,3.1165130138397217,0.2814430892467499,1.4424806833267212,-0.2766193747520447,-0.21901078522205353,-0.15990501642227173,-0.17090532183647156,-0.258243590593338,4.374061107635498,-0.12746387720108032,2.0288381576538086,-0.042348723858594894,-0.09351038932800293,-0.278435081243515,-0.18085981905460358,-0.2778330445289612,3.114825963973999,-0.04243481531739235,-0.04009208455681801,-0.051333650946617126,-0.27683353424072266,-0.2322879284620285,-0.218972310423851,2.5040407180786133,0.790854275226593,0.4777780771255493,-0.1817459613084793,0.6453094482421875,-0.20405378937721252,-0.15540090203285217,-0.24335260689258575,-0.25668099522590637,-0.10375101119279861,0.09287165850400925,-0.27168717980384827,0.4569307863712311,-0.08023427426815033,0.5110407471656799,-0.23237426578998566,-0.23295260965824127,-0.13816283643245697,-0.1690722107887268,4.687975883483887,0.021046984940767288,-0.09801299124956131,-0.23634731769561768,-0.27474209666252136,0.36970335245132446,-0.1868322193622589,-0.15541645884513855,-0.110505610704422,1.2047725915908813,0.20571495592594147,0.5004055500030518,-0.26830461621284485,1.0150150060653687,1.029309868812561,-0.2486245036125183,-0.2438049465417862,-0.089247927069664
75,519,728,544,753,1.213641881942749,-0.24270126223564148,-0.16625939309597015,1.1396597623825073,-0.1387929916381836,0.141786128282547,0.7665652632713318,-0.2380191683769226,0.04418688267469406,-0.21816599369049072,0.07221844792366028,-0.15341226756572723,-0.17259889841079712,0.20169597864151,0.8208209872245789,-0.2574431896209717,-0.16116930544376373,1.2141704559326172,0.4917169213294983,-0.2428649365901947,-0.17164254188537598,-0.05517658218741417,0.15381227433681488,0.9912529587745667,-0.16365432739257812,1.9188590049743652,-0.21911390125751495,-0.2195044755935669,0.4083501696586609,0.8908294439315796,0.3312201499938965,0.573828399181366,-0.12861043214797974,0.3921891450881958,-0.21566230058670044,0.33916348218917847,0.20798692107200623,0.9131885766983032,0.7882359027862549,-0.15906773507595062,0.7540003061294556,0.17039385437965393,-0.12055160850286484,-0.013401895761489868,0.4049539566040039,1.0755741596221924,0.14781029522418976,2.555807113647461,0.5188172459602356,0.4298610985279083,0.46867018938064575,1.1162612438201904,0.8010138273239136,-0.22251835465431213,1.5818970203399658,-0.22599855065345764,1.5235133171081543,0.5106801986694336,1.445202112197876,-0.18583273887634277,1.8642356395721436,-0.17328307032585144,0.27915871143341064,0.8567160367965698,0.23847416043281555,-0.05739650875329971,-0.08974242210388184,-0.1948903501033783,0.12172175198793411,-0.21875587105751038,0.3789370357990265,-0.12780998647212982,-0.2126949280500412,0.6445350646972656,-0.22466059029102325,0.04526768624782562,1.254430890083313,-0.23403671383857727,-0.09406678378582001,-0.0978199690580368,0.5486671328544617,-0.2491777390241623,-0.23811975121498108,-0.03529088571667671,2.073277711868286,-0.12685811519622803,-0.22319503128528595,-0.07434695959091187,0.836708664894104,-0.21114443242549896,-0.1676916480064392,0.04853604733943939,0.3382801413536072,0.22826990485191345,0.05029837042093277,0.10669685900211334,-0.16016355156898499,-0.0863601341843605,-0.23613902926445007,-0.15125860273838043,0.8844243288040161,0.08321753144264221,-0.1818801313638687,0.6833900213241577,0.9416415691375732,1.1370898485183716,-0.2646104693412781,0.8219684362411499,-0.27079319953918457,-0.21225163340568542,2.265800714492798,0.5176223516464233,1.2662861347198486,1.2479534149169922,-0.057362690567970276,0.45125532150268555,0.7910888195037842,0.3672357201576233,-0.0488894060254097,0.1945686638355255,0.015532780438661575,0.5708163976669312,-0.16348588466644287,0.8899325132369995,-0.1304905116558075,0.7648586630821228,-0.24964600801467896,-0.11438059061765671
76,489,814,531,865,0.7742918133735657,-0.23023176193237305,0.2507643401622772,1.0861457586288452,-0.2174316644668579,-0.16499890387058258,0.5228927731513977,-0.21550993621349335,-0.1789659708738327,-0.24982202053070068,0.31285953521728516,0.03228440508246422,-0.1544024795293808,0.3631519377231598,0.8799266815185547,-0.1913936734199524,-0.14071984589099884,0.09238898754119873,0.3755955696105957,0.11966922134160995,0.31779685616493225,0.33027955889701843,0.4295518398284912,0.17198437452316284,0.11953633278608322,0.4219456613063812,-0.16730844974517822,-0.19569335877895355,0.6986908316612244,0.30154314637184143,-0.21614187955856323,-0.059217553585767746,-0.062466371804475784,0.47629740834236145,-0.12606598436832428,0.047445040196180344,-0.135618194937706,0.03861529752612114,0.06714005023241043,-0.010652785189449787,0.17123381793498993,-0.06068621203303337,0.26722684502601624,0.5396488308906555,0.11349853873252869,0.0034643386024981737,-0.15349067747592926,1.1756350994110107,0.47247815132141113,0.21732981503009796,0.5461847186088562,0.5785109996795654,0.621685266494751,-0.19431094825267792,0.7546043395996094,-0.2510925829410553,0.7510207295417786,0.7531945705413818,0.7557954788208008,-0.25050461292266846,0.8092125058174133,0.32802024483680725,-0.01167556643486023,0.48867830634117126,0.21343578398227692,-0.14223189651966095,-0.07953087240457535,0.3078351318836212,0.10643956810235977,0.23738008737564087,0.4992268979549408,0.010374356992542744,-0.04671119153499603,0.5420275926589966,-0.139243021607399,-0.08873864263296127,0.6362388730049133,-0.07876013964414597,0.25231337547302246,-0.16987968981266022,0.12905028462409973,-0.20629800856113434,-0.25883010029792786,0.09457027912139893,0.4912945330142975,-0.1502106934785843,-0.20133082568645477,-0.19021892547607422,0.23091493546962738,-0.2574335038661957,-0.01229326706379652,0.0236575398594141,0.3168095052242279,-0.2043917179107666,-0.0183712225407362,0.01170323509722948,-0.2430807203054428,0.11843454092741013,-0.2322435826063156,-0.002238832414150238,0.3869837522506714,-0.11923670023679733,0.16658072173595428,0.664034903049469,0.2018038034439087,0.6411126852035522,0.00013982877135276794,0.6696557998657227,-0.1394551545381546,-0.1560993194580078,0.7880049347877502,0.07090414315462112,0.6231541633605957,0.23003984987735748,0.2638474702835083,0.08994946628808975,0.40753722190856934,-0.03571080043911934,0.1541639119386673,0.06610637903213501,-0.1348237246274948,0.5035760402679443,0.11943909525871277,0.564889132976532,-0.04645341634750366,0.25311294198036194,-0.008859771303832531,-0.20114268362522125
77,911,515,930,539,0.49444514513015747,-0.27379268407821655,0.42011815309524536,1.1779297590255737,-0.15091928839683533,-0.26506686210632324,0.32357919216156006,-0.23565372824668884,-0.19496101140975952,-0.1980312615633011,0.10384784638881683,-0.26319873332977295,-0.19546586275100708,1.6832365989685059,0.8239295482635498,-0.19758665561676025,-0.2507646083831787,1.7372827529907227,-0.24159985780715942,0.34388968348503113,-0.15574179589748383,0.6705861687660217,0.2866067588329315,0.07706169039011002,0.4407460391521454,0.43542787432670593,-0.21008050441741943,-0.25659117102622986,0.6823623776435852,0.2829211950302124,-0.07366928458213806,-0.2638312876224518,-0.22250410914421082,0.529780387878418,-0.21947969496250153,-0.24952688813209534,0.04412763565778732,0.6793703436851501,-0.2187720537185669,0.24848845601081848,-0.1697285771369934,-0.027115751057863235,0.09737257659435272,2.0195975303649902,-0.27644872665405273,0.13668854534626007,-0.25824958086013794,0.5681542754173279,0.2603244483470917,0.1670086681842804,0.9213969111442566,0.49369367957115173,1.082331657409668,-0.26201382279396057,2.1465330123901367,-0.26911044120788574,0.9733337163925171,-0.04412844777107239,1.7416026592254639,-0.273789644241333,-0.1811121106147766,0.1943376064300537,-0.22283494472503662,1.7700153589248657,1.0297999382019043,-0.04871201515197754,-0.23263435065746307,1.090798020362854,-0.14765064418315887,-0.1630045473575592,0.29439228773117065,-0.23269939422607422,0.03197844326496124,-0.21084609627723694,-0.11993405222892761,0.14876577258110046,0.4387742877006531,-0.2729535698890686,-0.12694476544857025,-0.05191301926970482,0.4128262400627136,-0.23369714617729187,-0.21005330979824066,-0.18171030282974243,0.42472076416015625,-0.1668444275856018,-0.19389016926288605,-0.17764198780059814,0.5415481925010681,-0.23305505514144897,-0.04087851569056511,-0.2086237668991089,0.3285035192966461,-0.049952663481235504,0.029634956270456314,0.15206469595432281,-0.21208204329013824,-0.22475332021713257,-0.11346735060214996,-0.06788673996925354,0.7730103731155396,0.15969343483448029,0.013493150472640991,1.07552969455719,0.6009045839309692,0.5097793340682983,-0.12766674160957336,0.08887551724910736,-0.14695338904857635,-0.2098207324743271,0.5226621031761169,-0.09412116557359695,0.9823558330535889,0.9346696734428406,0.021869070827960968,0.0641462579369545,0.719214677810669,0.0013283705338835716,0.21735882759094238,0.03140740096569061,-0.06102835014462471,0.10862424969673157,-0.22773908078670502,0.47887104749679565,-0.08264940977096558,-0.07239773869514465,-0.2742723226547241,-0.13756974041461945
78,487,527,514,556,0.31947073340415955,-0.24766604602336884,0.0012440048158168793,1.059891939163208,-0.17046096920967102,0.7367216944694519,0.3146795630455017,-0.18690018355846405,0.25404107570648193,-0.26735496520996094,0.5422717332839966,-0.2671245336532593,0.07487355172634125,0.09919384866952896,0.3085925579071045,-0.2019316852092743,-0.17086386680603027,0.5412686467170715,0.158128559589386,0.34831875562667847,0.07001639902591705,0.06272286176681519,0.269076943397522,0.8091334700584412,0.43656378984451294,0.8515735864639282,0.07267317175865173,-0.2464292198419571,0.06779811531305313,0.808046817779541,-0.0728660374879837,-0.12559279799461365,0.044562384486198425,0.4566582441329956,-0.19173645973205566,-0.22275274991989136,-0.12256436049938202,0.2734498977661133,-0.09830214828252792,0.04628217965364456,-0.02162294089794159,-0.1106090098619461,0.2509720027446747,1.0442018508911133,0.2519088685512543,0.05258667469024658,-0.16108500957489014,0.7138307094573975,0.8282842636108398,0.27828893065452576,0.6878524422645569,0.6427936553955078,0.2801322042942047,-0.20827452838420868,0.8342912197113037,-0.20617219805717468,0.279276967048645,0.5893136262893677,1.0896402597427368,-0.2019403874874115,0.5706175565719604,0.44697803258895874,-0.08577655255794525,0.9663246870040894,0.019097689539194107,0.2644865810871124,0.8851568698883057,0.40012404322624207,0.0586540624499321,0.5282642841339111,0.5048670172691345,-0.14850741624832153,-0.12108336389064789,0.29946550726890564,-0.20904597640037537,0.09544198215007782,0.5123881101608276,-0.20686593651771545,-0.12312600761651993,-0.08815192431211472,0.6817054748535156,-0.20594057440757751,-0.25073835253715515,0.123262420296669,0.5068598985671997,-0.07787933945655823,-0.10948386788368225,-0.13669343292713165,0.07521645724773407,-0.18813957273960114,-0.05207802355289459,0.2903177738189697,-0.10661114007234573,-0.13899363577365875,0.17367586493492126,-0.008776761591434479,-0.23251517117023468,0.030315211042761803,-0.23371541500091553,0.047359876334667206,0.23402300477027893,0.08519650995731354,0.3108532130718231,0.35968220233917236,0.8808453679084778,0.4262816905975342,-0.03936381638050079,0.3140449523925781,0.012016095221042633,-0.18301528692245483,0.38887619972229004,-0.07769690454006195,0.3850724697113037,0.7174075841903687,0.142824187874794,-0.07247801125049591,0.20760655403137207,-0.005484163761138916,-0.046250008046627045,0.043315015733242035,-0.11506697535514832,0.1671486794948578,0.37597525119781494,0.9015045762062073,0.036871932446956635,0.5275691151618958,-0.2363959550857544,-0.1521696299314499
79,467,636,482,652,0.5603257417678833,-0.19418193399906158,0.10297446697950363,1.0630851984024048,-0.21802040934562683,-0.27066507935523987,0.04589466378092766,-0.16825918853282928,-0.2770921587944031,-0.27673614025115967,0.6835710406303406,-0.2754152715206146,0.0821106880903244,0.11172334849834442,-0.018509596586227417,-0.13707058131694794,-0.1902625858783722,-0.19653227925300598,-0.2699507474899292,-0.20255009829998016,-0.10875056684017181,0.025757597759366035,0.3174188733100891,-0.08889366686344147,0.056166186928749084,-0.1637815535068512,-0.20678304135799408,-0.27652522921562195,0.5474669933319092,0.302468866109848,-0.20697353780269623,-0.2373887598514557,-0.09959544986486435,0.3730766475200653,-0.16093122959136963,-0.23301729559898376,-0.17848007380962372,0.0264089647680521,-0.26317891478538513,-0.03899982571601868,-0.26490384340286255,-0.15183432400226593,-0.23329214751720428,0.499380886554718,0.11256270855665207,-0.25217685103416443,-0.03631313145160675,0.43720781803131104,0.12545108795166016,0.1783994734287262,0.5725147724151611,-0.1502995789051056,0.27509215474128723,-0.20642545819282532,0.49494385719299316,-0.27794724702835083,-0.26567542552948,0.4061366617679596,0.38734960556030273,-0.2619607150554657,0.1592826396226883,0.8021949529647827,-0.20908504724502563,0.3678753674030304,0.2882995009422302,0.1438148021697998,-0.14258068799972534,0.7843856811523438,-0.040902845561504364,0.5783378481864929,0.6504454016685486,-0.2429453283548355,-0.08131547272205353,0.3930092751979828,-0.09283953160047531,-0.13973285257816315,0.2697722911834717,-0.1774168163537979,-0.15886132419109344,-0.22868017852306366,-0.13131317496299744,-0.24089983105659485,-0.271576464176178,-0.035976018756628036,-0.11664353311061859,-0.049139369279146194,-0.1754576861858368,-0.22052498161792755,0.2094573676586151,-0.16734644770622253,-0.2779996395111084,0.08216927200555801,0.19981025159358978,-0.2781270742416382,-0.138546422123909,-0.11383367329835892,-0.2377272993326187,0.16006825864315033,-0.22462138533592224,0.06465348601341248,0.006456189788877964,0.1052543893456459,0.05605332925915718,0.6085842847824097,-0.2700618505477905,0.6693746447563171,0.02102135866880417,-0.2781277000904083,0.11648666113615036,-0.09133044630289078,-0.08144084364175797,-0.225521057844162,0.1451168954372406,-0.2035684436559677,0.3621353507041931,-0.18856632709503174,0.6796103715896606,-0.2617581784725189,-0.2588683068752289,0.06088859960436821,-0.14951035380363464,0.31580981612205505,-0.27735745906829834,0.2134806215763092,0.010430772788822651,0.26059845089912415,-0.07730185985565186,-0.21710914373397827
80,532,824,559,849,1.9270918369293213,-0.25469017028808594,-0.1294315904378891,1.1614872217178345,-0.25738146901130676,1.51449453830719,0.5604620575904846,-0.2620283365249634,0.7124989628791809,-0.27526673674583435,0.0918545350432396,-0.15459367632865906,-0.07963646948337555,-0.18270540237426758,0.6321143507957458,-0.19185590744018555,-0.009246259927749634,0.09679271280765533,0.0574091374874115,0.06891092658042908,0.18966594338417053,0.1486303210258484,-0.05334685742855072,0.6183269023895264,-0.06899581849575043,2.314424991607666,-0.07725952565670013,-0.2562984228134155,0.17727865278720856,1.6984907388687134,-0.1786251664161682,-0.1438116878271103,-0.09142813086509705,0.2368709146976471,-0.21282106637954712,0.10040251165628433,0.24970215559005737,-0.26040536165237427,1.7481889724731445,-0.013102971017360687,0.6173233985900879,0.12207833677530289,-0.00473514199256897,0.0868510901927948,1.095031499862671,0.21244876086711884,-0.05362638086080551,1.4728730916976929,0.44258058071136475,-0.12185559421777725,1.069833517074585,2.1861143112182617,0.3498826026916504,-0.1963815689086914,1.5301719903945923,-0.23392993211746216,1.4383220672607422,0.6294129490852356,1.3393702507019043,-0.2735101878643036,0.40503832697868347,-0.04234471172094345,-0.040749259293079376,-0.06598076969385147,-0.09228846430778503,0.8203516602516174,1.673830509185791,-0.2478780448436737,0.33056405186653137,-0.15668515861034393,0.3898405432701111,-0.15920110046863556,-0.2754606604576111,0.06955002248287201,-0.2628564238548279,0.0014106705784797668,2.0157179832458496,-0.09589019417762756,0.1369500607252121,-0.14233118295669556,0.7000693082809448,-0.24895329773426056,-0.23739413917064667,-0.164046972990036,1.242537021636963,-0.1377546340227127,-0.23885178565979004,-0.06000572443008423,-0.14668245613574982,-0.1665014624595642,-0.2146192491054535,-0.16770920157432556,0.15217839181423187,0.11250130832195282,0.15313324332237244,0.48269274830818176,-0.2700885832309723,-0.021998651325702667,-0.2782672047615051,-0.11277548968791962,0.40337643027305603,-0.2638091444969177,0.2956200838088989,0.5345766544342041,2.184596300125122,0.2525434195995331,-0.07949290424585342,0.15314023196697235,-0.24043336510658264,-0.23878608644008636,2.9358458518981934,0.45486778020858765,0.5006638765335083,0.4966455101966858,-0.06285440921783447,0.5007059574127197,-0.09525750577449799,-0.0889563113451004,0.32984331250190735,-0.09456673264503479,-0.11898094415664673,0.28888100385665894,-0.06838575750589371,1.2017905712127686,-0.10889086872339249,0.4664214253425598,-0.21570000052452087,-0.20060883462429047
