id,x0,y0,x1,y1,f0,f1,f2,f3,f4,f5,f6,f7,f8,f9,f10,f11,f12,f13,f14,f15,f16,f17,f18,f19,f20,f21,f22,f23,f24,f25,f26,f27,f28,f29,f30,f31,f32,f33,f34,f35,f36,f37,f38,f39,f40,f41,f42,f43,f44,f45,f46,f47,f48,f49,f50,f51,f52,f53,f54,f55,f56,f57,f58,f59,f60,f61,f62,f63,f64,f65,f66,f67,f68,f69,f70,f71,f72,f73,f74,f75,f76,f77,f78,f79,f80,f81,f82,f83,f84,f85,f86,f87,f88,f89,f90,f91,f92,f93,f94,f95,f96,f97,f98,f99,f100,f101,f102,f103,f104,f105,f106,f107,f108,f109,f110,f111,f112,f113,f114,f115,f116,f117,f118,f119,f120,f121,f122,f123,f124,f125,f126,f127
0,594,452,661,515,0.6728819608688354,-0.21034587919712067,0.28980594873428345,1.0333797931671143,-0.22957944869995117,-0.15583789348602295,0.22870582342147827,-0.16458538174629211,-0.18339046835899353,-0.20864003896713257,0.2989010214805603,-0.1452440768480301,-0.022133078426122665,0.1419735550880432,0.1831006407737732,-0.18869131803512573,-0.20516923069953918,-0.20641377568244934,0.11419244855642319,-0.061444107443094254,0.30496054887771606,-0.07590553164482117,0.728359580039978,0.10983633249998093,0.08715976774692535,0.24796634912490845,-0.19580742716789246,-0.23717904090881348,0.38212651014328003,0.4409279227256775,-0.08630628883838654,-0.19087643921375275,-0.10987761616706848,0.21014298498630524,-0.13215136528015137,-0.08266881108283997,-0.23066623508930206,0.42042702436447144,-0.15194351971149445,0.08820955455303192,-0.25329098105430603,-0.19087573885917664,0.09876944124698639,0.19706790149211884,0.29994577169418335,-0.21081236004829407,-0.23433838784694672,0.3273310363292694,0.3885589838027954,0.6590977311134338,0.2296602725982666,-0.011960703879594803,0.3399403691291809,-0.23008288443088531,0.285930335521698,-0.06901976466178894,-0.22043250501155853,0.1635483354330063,0.4887019693851471,-0.14260651171207428,0.32672303915023804,0.493686318397522,-0.14840099215507507,-0.12308122217655182,0.20280419290065765,0.1942106932401657,-0.014824151992797852,0.22733253240585327,0.07173480838537216,0.874556839466095,0.46896591782569885,-0.17099031805992126,0.11480002105236053,0.28411173820495605,-0.21224713325500488,0.004870058968663216,0.3566163182258606,-0.04381761699914932,-0.1697709858417511,-0.22375814616680145,0.15038704872131348,-0.20639754831790924,-0.2743737995624542,0.6232563257217407,0.12871448695659637,0.3947942554950714,-0.22214511036872864,-0.1988070160150528,0.08634139597415924,-0.25444456934928894,-0.07901708036661148,0.4804825782775879,0.31789034605026245,-0.2500086724758148,-0.10568667948246002,-0.19853585958480835,-0.22018660604953766,-0.13283348083496094,-0.1937061846256256,0.22152435779571533,-0.0943809226155281,0.22736185789108276,-0.02146054618060589,0.4955931603908539,0.09114734828472137,0.23241063952445984,0.04974035173654556,-0.07786154001951218,-0.09226994216442108,-0.15581806004047394,0.3287518620491028,-0.2132226824760437,-0.10107266157865524,-0.18868330121040344,0.6242411732673645,-0.1889575719833374,0.8369662761688232,-0.12912127375602722,-0.26459595561027527,-0.011101845651865005,-0.1406702995300293,0.19449177384376526,0.056520432233810425,0.37791454792022705,-0.09827892482280731,0.8664847016334534,-0.04393003135919571,-0.21106912195682526
1,658,446,727,510,0.6178298592567444,-0.21404814720153809,0.49778756499290466,1.046349287033081,-0.2253204584121704,-0.09151743352413177,0.19444891810417175,-0.14716988801956177,-0.14797939360141754,-0.24316513538360596,0.28720784187316895,-0.13077615201473236,-0.014593664556741714,0.3156561255455017,0.22673380374908447,-0.18417373299598694,-0.20076444745063782,-0.18754896521568298,0.26228833198547363,-0.021151941269636154,0.3440772294998169,-0.05847954377532005,0.7627968192100525,0.012979725375771523,0.1570321023464203,0.26519617438316345,-0.16340941190719604,-0.19729983806610107,0.4184165596961975,0.46608537435531616,-0.07124937325716019,-0.1945117712020874,-0.0385923832654953,0.37667593359947205,-0.12057770788669586,-0.042272452265024185,-0.22533677518367767,0.45694226026535034,-0.1305762082338333,0.12586751580238342,-0.24374105036258698,-0.18475529551506042,0.17733708024024963,0.4522700309753418,0.3526211380958557,-0.20737700164318085,-0.22953256964683533,0.34954774379730225,0.3885234594345093,0.6421274542808533,0.3029226064682007,0.058732837438583374,0.5237447619438171,-0.22988566756248474,0.33642733097076416,-0.03555069491267204,-0.18721920251846313,0.17926673591136932,0.6038787364959717,-0.17570483684539795,0.42120054364204407,0.5504896640777588,-0.15651792287826538,-0.0578443668782711,0.235526442527771,0.23698318004608154,-0.04983632639050484,0.2797471582889557,0.01790074072778225,0.793998122215271,0.5139303207397461,-0.1540871262550354,0.09357114136219025,0.29097801446914673,-0.19756831228733063,0.006648678332567215,0.322702020406723,0.01784556731581688,-0.17246697843074799,-0.22606906294822693,0.15670830011367798,-0.1799910068511963,-0.2686710059642792,0.7284629344940186,-0.003203233703970909,0.3404887020587921,-0.23885639011859894,-0.19760096073150635,0.1494312733411789,-0.24933123588562012,0.05200701206922531,0.5010425448417664,0.30066585540771484,-0.2533780038356781,-0.019625097513198853,-0.20989522337913513,-0.22881020605564117,-0.13704033195972443,-0.16927480697631836,0.18838798999786377,-0.09996171295642853,0.170634463429451,0.033132463693618774,0.49485641717910767,0.2345137596130371,0.374927282333374,0.08877845108509064,-0.07675834000110626,0.040357690304517746,-0.1389719694852829,0.23025503754615784,-0.18606354296207428,0.011323094367980957,-0.15762293338775635,0.6233062148094177,-0.15714192390441895,0.9135873317718506,-0.16495826840400696,-0.2581508755683899,-0.06030444800853729,-0.13338860869407654,0.15795035660266876,0.08941461145877838,0.3695853352546692,-0.11172252893447876,0.9703114032745361,-0.050956569612026215,-0.2088044434785843
2,620,391,694,461,0.9766883850097656,-0.19817271828651428,0.41857829689979553,1.0622698068618774,-0.21596428751945496,-0.10175623744726181,0.31435903906822205,-0.1560516506433487,-0.06253411620855331,-0.2271326780319214,0.24265487492084503,0.18441474437713623,-0.008379328064620495,0.2224908322095871,0.3703203797340393,-0.18266268074512482,-0.05394258350133896,-0.004628407768905163,0.33104509115219116,-0.016198987141251564,0.6766375303268433,-0.0022042959462851286,0.9066810607910156,0.19790731370449066,-0.006878618150949478,0.5293877124786377,-0.17945554852485657,-0.15985919535160065,0.623070478439331,0.7796161770820618,-0.1080596074461937,-0.12749342620372772,-0.06950952112674713,0.28239455819129944,-0.143318310379982,0.14693963527679443,-0.20041146874427795,0.4335549473762512,-0.1547415554523468,0.07149964570999146,-0.07718300819396973,-0.13621467351913452,0.14794480800628662,0.636325478553772,0.34066829085350037,-0.18302085995674133,-0.18964388966560364,0.4784380793571472,0.28312891721725464,0.44987303018569946,0.3155902028083801,0.338766872882843,0.5363756418228149,-0.23372383415699005,0.26182690262794495,0.08957300335168839,0.1010199636220932,0.39031344652175903,0.7535046935081482,-0.18421748280525208,0.3235098719596863,0.49754685163497925,-0.12934236228466034,0.04846813902258873,0.2655431032180786,0.3702041208744049,0.011526430025696754,0.37181973457336426,0.06671305745840073,0.6375492215156555,0.5347435474395752,-0.08589576184749603,0.11028679460287094,0.4346107542514801,-0.18943209946155548,0.04293891042470932,0.3240949511528015,0.17811833322048187,-0.07409340143203735,0.008059894666075706,0.21813726425170898,-0.1949327290058136,-0.26458388566970825,0.5173214673995972,0.015240850858390331,0.23177604377269745,-0.07850215584039688,-0.19944725930690765,0.056582771241664886,-0.19230887293815613,0.07293126732110977,0.28142863512039185,0.5175104737281799,-0.2342100441455841,-0.08915222436189651,-0.1436832845211029,-0.22430165112018585,0.06872745603322983,-0.1953016072511673,0.15084055066108704,-0.08194595575332642,0.16046394407749176,0.05402890592813492,0.4632773995399475,0.6571407318115234,0.28664666414260864,0.09548820555210114,0.014279824681580067,0.014841938391327858,-0.16005286574363708,0.4493756890296936,-0.014487802982330322,-0.11764581501483917,-0.06680072844028473,0.5735231637954712,-0.05182775855064392,0.6595524549484253,-0.05817146226763725,-0.10444309562444687,-0.04040246456861496,-0.1561787873506546,0.2576258182525635,-0.002951502799987793,0.33345040678977966,-0.062301576137542725,0.6356083154678345,-0.006336499936878681,-0.19487197697162628
3,811,543,881,609,0.5333008766174316,-0.1605837047100067,0.3451477885246277,1.0727680921554565,-0.24197232723236084,-0.1960037648677826,0.1243748888373375,-0.08423294872045517,-0.18949884176254272,-0.21106645464897156,0.3165523409843445,-0.10688601434230804,-0.03774034604430199,0.16625335812568665,0.18330036103725433,-0.14409536123275757,-0.19209355115890503,-0.18627730011940002,0.1517987996339798,-0.1623343527317047,0.08406513184309006,0.0297800712287426,0.735444962978363,-0.039863672107458115,0.19432467222213745,0.03999046981334686,-0.16725660860538483,-0.1258435845375061,0.4216281473636627,0.3482414186000824,-0.06928715854883194,-0.24271857738494873,-0.11396155506372452,0.22708047926425934,-0.13054972887039185,-0.16354595124721527,-0.22827720642089844,0.41468560695648193,-0.18888773024082184,0.21871896088123322,-0.24920901656150818,-0.16477051377296448,0.09432527422904968,0.13259749114513397,0.09451044350862503,-0.19513069093227386,-0.20563240349292755,0.3002879023551941,0.25184687972068787,0.6546064019203186,0.17338159680366516,-0.15025834739208221,0.42029818892478943,-0.21726974844932556,0.3145570456981659,-0.004807267338037491,-0.26092228293418884,0.04318322241306305,0.46467849612236023,-0.1494973599910736,0.2594061493873596,0.6530798077583313,-0.14753732085227966,-0.15413472056388855,0.21456927061080933,0.08011092245578766,-0.11847896873950958,0.316831111907959,0.060211434960365295,0.8132236003875732,0.5583264231681824,-0.16738972067832947,0.08862428367137909,0.2514049708843231,-0.16181784868240356,-0.014371898025274277,0.11663539707660675,-0.11915785819292068,-0.20421135425567627,-0.18195900321006775,0.16236014664173126,-0.17215314507484436,-0.2710823714733124,0.5433079600334167,-0.022179050371050835,0.4051050543785095,-0.1414862424135208,-0.2291157841682434,0.23042745888233185,-0.23256246745586395,-0.13222835958003998,0.4250600337982178,0.3249055743217468,-0.2597191333770752,-0.14292463660240173,-0.2133396714925766,-0.21273508667945862,-0.15359722077846527,-0.1367267668247223,0.1962960809469223,-0.11715994030237198,0.21061497926712036,0.026875771582126617,0.3983432650566101,-0.026893043890595436,0.29347583651542664,0.24798999726772308,0.04822803661227226,-0.07201940566301346,-0.1016763374209404,0.04031843692064285,-0.21194057166576385,0.020119430497288704,-0.20534980297088623,0.5652713179588318,-0.1842842847108841,0.8374040126800537,-0.14827729761600494,-0.24685163795948029,0.04274521768093109,-0.1430264562368393,0.2439250349998474,-0.08817298710346222,0.30864524841308594,-0.09983823448419571,0.626809298992157,-0.04802095517516136,-0.17871752381324768
4,240,711,302,768,0.6433519721031189,-0.20401446521282196,0.3192746341228485,1.0393422842025757,-0.22342978417873383,-0.15417137742042542,0.1859365701675415,-0.17453624308109283,-0.12478426843881607,-0.22995293140411377,0.23831449449062347,0.2770640552043915,-0.04256933555006981,0.05497001111507416,0.28125596046447754,-0.18209053575992584,-0.1849888116121292,-0.1657521277666092,0.4794459342956543,-0.09332340955734253,0.1984366774559021,-0.036457959562540054,0.5612317323684692,0.21689431369304657,0.09274619817733765,0.20721404254436493,-0.21342480182647705,-0.15267789363861084,0.4993051588535309,0.36612629890441895,-0.14638154208660126,-0.2071143388748169,-0.078070268034935,0.2770119905471802,-0.13473178446292877,-0.08735913783311844,-0.23371869325637817,0.4731333255767822,-0.20026636123657227,0.2708546221256256,-0.23173268139362335,-0.17354632914066315,0.17314065992832184,0.1236543133854866,0.23789744079113007,-0.21228067576885223,-0.2211388349533081,0.34043899178504944,0.40324667096138,0.6150162816047668,0.21603526175022125,-0.0669870600104332,0.47422799468040466,-0.23213477432727814,0.5125667452812195,-0.0028112728614360094,-0.2080051451921463,0.21652968227863312,0.4102102518081665,-0.17484301328659058,0.5637036561965942,0.7493553757667542,-0.12265810370445251,-0.1438489407300949,0.18115925788879395,0.10613206028938293,0.06050441786646843,0.16574065387248993,0.13728587329387665,0.9215455055236816,0.6075218319892883,-0.17322468757629395,0.05218460038304329,0.43445244431495667,-0.20347516238689423,-0.0027128495275974274,0.25228017568588257,-0.10195841640233994,-0.16546617448329926,-0.20014150440692902,0.16396698355674744,-0.2102130800485611,-0.27361568808555603,0.9642208218574524,0.09871592372655869,0.32227417826652527,-0.21937084197998047,-0.21792037785053253,0.1581539362668991,-0.24209363758563995,-0.12489014863967896,0.4671819508075714,0.26943764090538025,-0.2498742938041687,0.03958691284060478,-0.19555361568927765,-0.23812532424926758,-0.0874890387058258,-0.17920656502246857,0.20213939249515533,-0.10403115302324295,0.16220003366470337,0.010935820639133453,0.4922003746032715,0.04172365739941597,0.41082510352134705,0.08543872088193893,0.26278549432754517,-0.16940557956695557,-0.10600737482309341,0.26083555817604065,-0.201429083943367,0.09691029787063599,-0.20267175137996674,0.7069069743156433,-0.14808611571788788,0.9720942974090576,0.02259814739227295,-0.2413093000650406,0.007865279912948608,-0.15539230406284332,0.1930636316537857,0.12490391731262207,0.5439032912254333,-0.0585181824862957,1.0407428741455078,-0.06238723173737526,-0.20485156774520874
5,707,533,769,590,0.7585839629173279,-0.21628044545650482,0.5349976420402527,1.0174968242645264,-0.2351309061050415,-0.07099847495555878,0.20424909889698029,-0.20239776372909546,-0.1583796590566635,-0.25195083022117615,0.37531161308288574,0.014825467951595783,-0.05232107639312744,0.3425735533237457,0.3088921010494232,-0.20800934731960297,-0.1789606362581253,-0.08195476979017258,0.5979112386703491,-0.12842124700546265,0.4199056625366211,-0.09859123080968857,0.8265672326087952,0.06490551680326462,0.0827079713344574,0.3125671446323395,-0.19476239383220673,-0.1310185343027115,0.6513112187385559,0.5420106053352356,-0.11236834526062012,-0.17625266313552856,-0.07162339240312576,0.28908321261405945,-0.12573698163032532,-0.06314704567193985,-0.24442525207996368,0.6117495894432068,-0.20658767223358154,0.2331053614616394,-0.2558176815509796,-0.21090877056121826,0.2566632926464081,0.49425172805786133,0.19047681987285614,-0.22901171445846558,-0.23643434047698975,0.3461624085903168,0.33561015129089355,0.7887773513793945,0.20497556030750275,0.045605242252349854,0.7341856360435486,-0.24863843619823456,0.3658081591129303,-0.027511052787303925,-0.16950984299182892,0.20835702121257782,0.5855470299720764,-0.1982305496931076,0.49202314019203186,0.6190273761749268,-0.14054234325885773,-0.06035003438591957,0.49910664558410645,0.38556674122810364,0.017788970842957497,0.41995057463645935,-0.020508186891674995,0.8607286810874939,0.5877850651741028,-0.11839840561151505,0.09285233169794083,0.3134552240371704,-0.19545544683933258,0.04468872770667076,0.32298743724823,-0.04060131683945656,-0.18433018028736115,-0.21467836201190948,0.2338009625673294,-0.23382683098316193,-0.2700481712818146,0.8159708976745605,-0.10224246978759766,0.21786201000213623,-0.2421223372220993,-0.1927357316017151,0.16918306052684784,-0.2341596931219101,-0.07589492946863174,0.4614194333553314,0.20268388092517853,-0.25174272060394287,-0.045832544565200806,-0.20958544313907623,-0.239116832613945,-0.11505437642335892,-0.16447953879833221,0.23057369887828827,-0.05258893966674805,0.09043097496032715,0.06294364482164383,0.5770638585090637,0.34483885765075684,0.2852371037006378,0.11815544217824936,0.17162616550922394,-0.10365170985460281,-0.15103304386138916,0.30086031556129456,-0.21577702462673187,0.0837697982788086,-0.12844239175319672,0.687865674495697,-0.18426479399204254,1.015368938446045,-0.1294441819190979,-0.2589474320411682,-0.08872721344232559,-0.15440413355827332,0.1251368224620819,0.14861328899860382,0.4385770261287689,-0.11319545656442642,0.9553720355033875,0.026015540584921837,-0.20918096601963043
6,655,527,711,580,0.5913811326026917,-0.19153767824172974,0.22298449277877808,1.0359752178192139,-0.20595498383045197,-0.18658393621444702,0.24156199395656586,-0.15512751042842865,-0.1694984883069992,-0.232016459107399,0.2631526291370392,-0.0945357009768486,-0.05730907618999481,0.2665734887123108,0.22117340564727783,-0.19777488708496094,-0.06716123968362808,-0.03367045521736145,0.22182032465934753,-0.10064821690320969,0.17877858877182007,0.0020318347960710526,0.8186888694763184,-0.030813705176115036,0.10742022097110748,0.12589102983474731,-0.14881466329097748,-0.11597399413585663,0.3660968542098999,0.4606053829193115,-0.0909525454044342,-0.2235649824142456,-0.14192922413349152,0.2327120453119278,-0.15412460267543793,-0.14914298057556152,-0.22859275341033936,0.3342186212539673,-0.17651575803756714,0.11083565652370453,-0.2327575385570526,-0.19025348126888275,-0.0005077691748738289,0.19868622720241547,-0.04211203008890152,-0.17133168876171112,-0.2173609435558319,0.36483877897262573,0.1612316220998764,0.4779110848903656,0.1926969289779663,0.05666065216064453,0.5271183252334595,-0.23660394549369812,0.49989765882492065,-0.04810803383588791,-0.19542329013347626,0.0013922415673732758,0.6568643450737,-0.11912955343723297,0.18114253878593445,0.3685169816017151,-0.15545788407325745,-0.08652176707983017,0.19759008288383484,0.18129579722881317,-0.0026199202984571457,0.43937739729881287,-0.04754234105348587,0.6233980059623718,0.36293768882751465,-0.2086133062839508,0.11149398982524872,0.07219058275222778,-0.1801108419895172,-0.028534265235066414,0.2239970713853836,-0.01860658824443817,-0.1676606833934784,-0.22770433127880096,0.16642886400222778,-0.21603241562843323,-0.261079341173172,0.43831270933151245,0.12014169991016388,0.5260688066482544,-0.20797351002693176,-0.17694638669490814,0.11973647773265839,-0.2384924292564392,-0.12711301445960999,0.4114190936088562,0.23493054509162903,-0.2461211383342743,-0.1296747922897339,-0.17794501781463623,-0.21011090278625488,-0.12555930018424988,-0.21587249636650085,0.22317573428153992,-0.10058710724115372,0.07117608189582825,-0.03114478290081024,0.37276262044906616,0.2708672285079956,0.13567833602428436,0.14854265749454498,0.07788969576358795,-0.05080590397119522,-0.11222156882286072,0.16610978543758392,-0.20499423146247864,-0.06804860383272171,-0.09302011877298355,0.5618175864219666,-0.16754554212093353,0.7176332473754883,-0.18970558047294617,-0.2188570499420166,0.0379781611263752,-0.151248037815094,0.22528162598609924,0.06461281329393387,0.370361864566803,-0.1721855103969574,0.639832615852356,-0.08556145429611206,-0.20337200164794922
7,529,218,599,284,0.5768571496009827,-0.19989712536334991,0.5096539258956909,1.044933795928955,-0.2134506106376648,-0.1159600242972374,0.17777866125106812,-0.14192664623260498,-0.18758442997932434,-0.25962236523628235,0.29902637004852295,-0.07860708236694336,-0.0016485676169395447,0.23251184821128845,0.2980831563472748,-0.17942841351032257,-0.22313034534454346,-0.08175236731767654,0.48213040828704834,-0.049984075129032135,0.2428095042705536,-0.057066015899181366,0.7768807411193848,0.1539432406425476,0.22322475910186768,0.2625267207622528,-0.19904130697250366,-0.22966381907463074,0.4966084957122803,0.4588906168937683,-0.06152734532952309,-0.19851690530776978,-0.024493543431162834,0.2552464008331299,-0.16759923100471497,-0.11453486979007721,-0.24339820444583893,0.5314915180206299,-0.1923319697380066,0.3267238140106201,-0.2650548219680786,-0.20183517038822174,0.30048900842666626,0.41326451301574707,0.1469767987728119,-0.20547355711460114,-0.24133573472499847,0.36807048320770264,0.3425959348678589,0.6043962836265564,0.24423639476299286,-0.03801572695374489,0.5757285952568054,-0.23603956401348114,0.3133506774902344,-0.15140357613563538,-0.23483175039291382,0.1658850759267807,0.5277274250984192,-0.148131862282753,0.5006281733512878,0.5560773611068726,-0.15036249160766602,-0.04247012361884117,0.237106591463089,0.32495903968811035,-0.0032101087272167206,0.27891653776168823,0.027502235025167465,0.8572860956192017,0.5908459424972534,-0.15979285538196564,0.057376034557819366,0.1749088168144226,-0.16612087190151215,-0.007715849205851555,0.2887107729911804,-0.07603715360164642,-0.18012437224388123,-0.22451315820217133,0.22827929258346558,-0.20700374245643616,-0.27113693952560425,0.7168300151824951,-0.08622394502162933,0.409514456987381,-0.22669807076454163,-0.1820468008518219,0.1237734854221344,-0.2528440058231354,-0.04175867140293121,0.4739361107349396,0.22203700244426727,-0.25291746854782104,-0.051899559795856476,-0.2189273238182068,-0.24165457487106323,-0.19271278381347656,-0.17384371161460876,0.220778226852417,-0.0871865376830101,0.08432479202747345,0.08574303984642029,0.47907060384750366,0.2553216814994812,0.3869970440864563,0.10606569051742554,0.0035296790301799774,-0.07346222549676895,-0.14214861392974854,0.1087687611579895,-0.2269529402256012,0.059161461889743805,-0.15778329968452454,0.6521083116531372,-0.15416258573532104,0.8564167022705078,-0.12098895758390427,-0.2614280581474304,-0.08186951279640198,-0.15367332100868225,0.18675324320793152,0.04237087070941925,0.3936634063720703,-0.11780019104480743,0.8745225667953491,-0.011937327682971954,-0.20006033778190613
8,579,713,629,760,0.6926624774932861,-0.249104842543602,0.26231199502944946,0.934698760509491,-0.18146970868110657,-0.09248074144124985,0.22915571928024292,-0.21805313229560852,-0.05092175304889679,-0.2209438979625702,0.3964773416519165,-0.156801238656044,0.02926585078239441,0.3834364414215088,0.25592514872550964,-0.23981165885925293,-0.16122271120548248,-0.10500980913639069,0.703059196472168,-0.09035684168338776,0.21136946976184845,-0.06936240941286087,0.5517343878746033,0.3341792821884155,-0.07117079198360443,0.44241034984588623,-0.14797043800354004,-0.116706982254982,0.46952158212661743,0.47813209891319275,-0.2136858105659485,-0.13970455527305603,-0.06996307522058487,0.156030535697937,-0.16174054145812988,-0.21063415706157684,-0.25469860434532166,0.377505362033844,-0.24807660281658173,0.13031873106956482,-0.21391966938972473,-0.22321952879428864,0.16703417897224426,0.0706896036863327,0.18015293776988983,-0.18161527812480927,-0.18625026941299438,0.6501367092132568,0.44254595041275024,0.569955587387085,0.15196816623210907,0.18015946447849274,0.5209511518478394,-0.24507427215576172,0.784958004951477,-0.13900473713874817,-0.036852821707725525,0.2066405564546585,0.7159051895141602,-0.20976188778877258,0.5388524532318115,0.21075893938541412,-0.12403449416160583,-0.09138347208499908,0.30347341299057007,-0.08757814019918442,0.16341280937194824,0.0846838653087616,0.17448629438877106,0.5166370272636414,0.5173568725585938,-0.18999537825584412,-0.10188592225313187,0.3603929281234741,-0.20233303308486938,-0.08057323843240738,0.11108366400003433,-0.23482400178909302,-0.07682222872972488,-0.166396826505661,0.24411913752555847,-0.2244158387184143,-0.264726847410202,0.7719685435295105,0.3684041202068329,0.1223243996500969,-0.20643359422683716,-0.1181974709033966,0.11218193173408508,-0.19161231815814972,-0.1893467903137207,0.28410422801971436,0.03772331029176712,-0.23733557760715485,0.07578359544277191,-0.16291601955890656,-0.2571314871311188,0.04685261473059654,-0.22260981798171997,0.2652105689048767,-0.11680099368095398,-0.1374008059501648,0.0704818069934845,0.2684043049812317,0.15546506643295288,0.22251446545124054,0.007133897859603167,0.5898535251617432,-0.2039746791124344,-0.14533036947250366,0.12769752740859985,-0.2100701928138733,-0.06149831786751747,-0.02333313599228859,0.609599769115448,-0.18040567636489868,0.8775830268859863,-0.17731039226055145,-0.21037538349628448,-0.014344473369419575,-0.1416911780834198,0.166012704372406,0.48278719186782837,0.7029521465301514,-0.13078641891479492,1.2124347686767578,-0.11413773149251938,-0.2304065227508545
9,498,816,550,864,0.5914949774742126,-0.2239348292350769,0.23072075843811035,1.0189437866210938,-0.15531153976917267,-0.13411293923854828,0.2815123498439789,-0.21512240171432495,-0.19154639542102814,-0.2528914213180542,0.2438100129365921,-0.07304433733224869,-0.15016774833202362,0.24759425222873688,0.25492966175079346,-0.2071857452392578,-0.06825060397386551,-0.16258440911769867,0.4596891403198242,-0.16956962645053864,0.03374094516038895,-0.037188176065683365,0.6012397408485413,0.004092176910489798,0.0830332487821579,0.20520325005054474,-0.20922362804412842,-0.19563692808151245,0.4289748966693878,0.3832377791404724,-0.1931188851594925,-0.2179110199213028,-0.07994457334280014,0.20517998933792114,-0.12005996704101562,-0.1480405032634735,-0.23957443237304688,0.2711673676967621,-0.1921055167913437,0.08743458986282349,-0.2499963641166687,-0.19344234466552734,0.04475380480289459,-0.0014317897148430347,0.09573015570640564,-0.19744384288787842,-0.23189057409763336,0.32203996181488037,0.37735870480537415,0.6053186058998108,0.18575598299503326,0.04871367663145065,0.3749644160270691,-0.2374623417854309,0.7014082670211792,-0.049410607665777206,-0.19064418971538544,0.09368190914392471,0.4920252561569214,-0.16224120557308197,0.3554760217666626,0.3717457056045532,-0.14734257757663727,-0.13764728605747223,0.21292485296726227,0.03889746218919754,0.22026623785495758,0.32388609647750854,-0.050869882106781006,0.842989981174469,0.39005669951438904,-0.20423229038715363,0.06019360572099686,0.17025460302829742,-0.17498476803302765,-0.054075710475444794,0.36474573612213135,-0.17376749217510223,-0.15272487699985504,-0.2581073045730591,0.1032169982790947,-0.22098252177238464,-0.26896804571151733,0.6932312250137329,0.33966386318206787,0.5647347569465637,-0.18659067153930664,-0.1549845188856125,0.0847795307636261,-0.23510688543319702,-0.1961757093667984,0.5296530723571777,0.24627727270126343,-0.24374331533908844,0.08283981680870056,-0.18126720190048218,-0.2280496507883072,-0.21927937865257263,-0.21522320806980133,0.24559341371059418,-0.08113240450620651,-0.05077003315091133,-0.07196689397096634,0.48750221729278564,-0.04989851638674736,0.3007506728172302,0.06820808351039886,0.31709933280944824,-0.07637742161750793,-0.1488601714372635,0.2859109342098236,-0.24575859308242798,0.10233589261770248,-0.15087264776229858,0.6347556710243225,-0.1841776967048645,0.899878740310669,-0.15191149711608887,-0.24918383359909058,0.09142424166202545,-0.13417235016822815,0.1673884093761444,0.2820461392402649,0.4633451998233795,-0.16501951217651367,1.134546160697937,-0.04743817821145058,-0.21699196100234985
10,645,776,697,826,0.656574010848999,-0.22464913129806519,0.33387160301208496,0.9693215489387512,-0.24164658784866333,-0.1551566869020462,0.2131771445274353,-0.18795926868915558,-0.02984195202589035,-0.24798420071601868,0.2810118794441223,-0.12398918718099594,0.0536004975438118,0.17163848876953125,0.18431025743484497,-0.21149766445159912,-0.15388339757919312,-0.17644912004470825,0.4956693649291992,-0.12853415310382843,0.19124536216259003,-0.11714707314968109,0.651469886302948,0.2670561969280243,-0.0731760561466217,0.24260491132736206,-0.19385066628456116,-0.17544884979724884,0.41117799282073975,0.3379775881767273,-0.15520840883255005,-0.170253187417984,-0.059746477752923965,0.25887832045555115,-0.1654839813709259,-0.08095818758010864,-0.25051149725914,0.4081956744194031,-0.24046246707439423,0.12290659546852112,-0.20985382795333862,-0.215815931558609,0.1658448874950409,0.04393598809838295,0.20940181612968445,-0.19140608608722687,-0.21167097985744476,0.5968140363693237,0.17426180839538574,0.5617162585258484,0.1431063860654831,-0.002889444353058934,0.6685601472854614,-0.24150030314922333,0.48450660705566406,-0.08562474697828293,-0.0974961370229721,0.17940962314605713,0.6529392600059509,-0.19523683190345764,0.6945145130157471,0.7239434719085693,-0.04687138646841049,-0.056883785873651505,0.3601982891559601,0.10079967975616455,0.17772521078586578,0.12087763845920563,0.0008456971845589578,0.6175649762153625,0.6421999335289001,-0.17216113209724426,-0.11001220345497131,0.3295205533504486,-0.1761113554239273,-0.07058857381343842,0.09041101485490799,-0.1624709814786911,-0.20457202196121216,-0.20950856804847717,0.18132784962654114,-0.2367599606513977,-0.2621925473213196,0.5598094463348389,0.07020631432533264,0.32852935791015625,-0.21529074013233185,-0.16855545341968536,0.12415383756160736,-0.21193909645080566,-0.1901007741689682,0.32598480582237244,0.11900767683982849,-0.23773247003555298,0.08318061381578445,-0.17587818205356598,-0.24264007806777954,0.06092651188373566,-0.22486379742622375,0.29050010442733765,-0.06073209270834923,0.09928262233734131,-0.014200080186128616,0.5120246410369873,-0.0020634729880839586,0.19148468971252441,-0.030051635578274727,0.5989042520523071,-0.14456036686897278,-0.07197222113609314,0.26766151189804077,-0.2019757628440857,-0.052859339863061905,-0.08632133901119232,0.6978436708450317,-0.20346124470233917,0.7879471778869629,-0.20562560856342316,-0.2526903748512268,-0.11101483553647995,-0.14841559529304504,0.17806480824947357,0.39158621430397034,0.6624938249588013,-0.11184343695640564,1.0118948221206665,-0.1259458065032959,-0.2272121161222458
11,434,710,474,748,0.651014506816864,-0.19517135620117188,-0.022226398810744286,0.8898258209228516,-0.15443652868270874,-0.18603357672691345,0.17518535256385803,-0.18653982877731323,-0.2055843472480774,-0.23243945837020874,0.37369558215141296,-0.20518825948238373,-0.16353484988212585,0.5102511048316956,0.15317341685295105,-0.23653262853622437,-0.21473601460456848,-0.0736837163567543,-0.2715834081172943,-0.09261491894721985,-0.09690479189157486,0.22292760014533997,0.21550700068473816,0.22137872874736786,-0.019105933606624603,0.24905794858932495,-0.14618612825870514,-0.07905140519142151,0.221316859126091,0.18084093928337097,-0.23636305332183838,-0.20537662506103516,0.006283782422542572,0.0822838544845581,-0.18422529101371765,-0.21762996912002563,-0.2472878396511078,0.12151952087879181,-0.2297305166721344,0.033307045698165894,-0.2390282303094864,-0.226228266954422,-0.0438271164894104,-0.006009995937347412,-0.10614800453186035,-0.19466055929660797,-0.20687231421470642,0.48339229822158813,0.16258206963539124,0.18162935972213745,0.6187776327133179,0.04468781128525734,0.3287733197212219,-0.2262282371520996,0.6047973036766052,-0.08716633915901184,0.0009771287441253662,-0.15663571655750275,0.7148392200469971,-0.1886982023715973,-0.09329284727573395,0.38340452313423157,-0.16247910261154175,-0.22095902264118195,0.7966139316558838,-0.17090781033039093,0.08275692164897919,0.21197453141212463,-0.13896572589874268,0.35794538259506226,0.7934200763702393,-0.20353150367736816,-0.12167300283908844,-0.13553261756896973,-0.08375097066164017,-0.16623657941818237,0.09083970636129379,-0.24089907109737396,-0.1460535079240799,-0.15458360314369202,0.3759435713291168,-0.22364407777786255,-0.2690974771976471,1.0113887786865234,0.1338876485824585,0.3468398153781891,-0.18415451049804688,-0.14106276631355286,0.07584799081087112,-0.20217198133468628,-0.19792425632476807,0.05510624125599861,0.040905676782131195,-0.19982734322547913,1.0617845058441162,-0.20452864468097687,-0.25906920433044434,-0.208693727850914,-0.2584930658340454,0.33933910727500916,0.152276873588562,-0.034554239362478256,-0.046262167394161224,0.3507624864578247,-0.26793891191482544,0.11024083197116852,0.05381711944937706,1.1207671165466309,-0.2033817023038864,-0.06228508800268173,0.22470343112945557,-0.21011869609355927,-0.15553131699562073,-0.0698268711566925,0.6468840837478638,-0.24029675126075745,0.22356204688549042,-0.21403281390666962,-0.25945448875427246,0.1739225685596466,-0.1226685419678688,0.07426896691322327,0.4309954047203064,0.464083194732666,-0.19967836141586304,0.6359724998474121,0.08754266053438187,-0.221238374710083
12,476,738,524,784,0.43487054109573364,-0.24841782450675964,0.32737091183662415,0.9856927394866943,-0.189776211977005,-0.17865215241909027,0.43241626024246216,-0.23266547918319702,-0.19320546090602875,-0.2465762495994568,0.6933380961418152,-0.07795857638120651,-0.1377200484275818,0.7214213609695435,0.18879014253616333,-0.23721902072429657,-0.22377531230449677,-0.0007528861169703305,0.22020579874515533,-0.12980031967163086,-0.004507150966674089,-0.005572587251663208,0.5507603287696838,-0.06665157526731491,0.10209888964891434,0.3362090587615967,-0.08770084381103516,-0.1719730943441391,0.7648014426231384,0.43133407831192017,-0.21635550260543823,-0.1658521145582199,-0.13393451273441315,0.13376210629940033,-0.1731530725955963,-0.19691528379917145,-0.24625004827976227,0.47390779852867126,-0.22102321684360504,0.19216012954711914,-0.23125259578227997,-0.2072596698999405,-0.0019592908211052418,0.4074399769306183,-0.07408872246742249,-0.15559861063957214,-0.20835526287555695,0.6681023240089417,0.2943964898586273,0.5647891163825989,0.1673625111579895,0.07198169827461243,0.3760856091976166,-0.23055511713027954,0.61484694480896,-0.1461445391178131,-0.08535033464431763,-0.0375155545771122,0.46987825632095337,-0.19351904094219208,0.17798243463039398,0.13611623644828796,-0.1510685682296753,-0.002680218778550625,0.36298561096191406,-0.049785684794187546,0.04574358090758324,0.527011513710022,0.013463376089930534,0.5552133917808533,0.30863526463508606,-0.20074136555194855,0.005711502395570278,0.10800734162330627,-0.17811815440654755,-0.049065545201301575,0.07305386662483215,-0.17836450040340424,-0.015783164650201797,-0.17306174337863922,-0.016021473333239555,-0.2454533576965332,-0.26300516724586487,0.9766563773155212,0.3443816602230072,0.10616999119520187,-0.23469257354736328,-0.12084439396858215,0.27314499020576477,-0.2202313393354416,-0.22687742114067078,0.1288624405860901,0.06328928470611572,-0.24829748272895813,0.06394802033901215,-0.16779671609401703,-0.22226159274578094,-0.16880261898040771,-0.22841565310955048,0.19454076886177063,0.13349686563014984,-0.0787539854645729,0.20951996743679047,0.30106794834136963,0.303134560585022,0.02911747246980667,0.03430524840950966,0.3080120086669922,-0.10257547348737717,-0.17151524126529694,0.16458962857723236,-0.2502814829349518,-0.15933388471603394,0.0006664453539997339,0.559050977230072,-0.1812097281217575,0.7858918309211731,-0.1273205280303955,-0.18975836038589478,0.13986921310424805,-0.12401291728019714,0.2842852473258972,0.17167726159095764,0.43311992287635803,-0.18896035850048065,0.8608971834182739,-0.08433415740728378,-0.22822758555412292
13,693,360,778,439,0.6268007755279541,-0.21483387053012848,0.43093693256378174,1.0304722785949707,-0.2323635071516037,-0.10081124305725098,0.1561158001422882,-0.18787668645381927,-0.05473814159631729,-0.21582727134227753,0.2759372293949127,-0.20523777604103088,-0.08994609862565994,0.20129142701625824,0.2625219225883484,-0.1900942027568817,-0.22041484713554382,-0.20064584910869598,0.11940345913171768,-0.2025415003299713,0.21553100645542145,-0.02583511546254158,0.7629743814468384,-0.028347281739115715,0.09559395164251328,0.12077219784259796,-0.18046599626541138,-0.18992017209529877,0.4001091420650482,0.40657493472099304,-0.10500764846801758,-0.24434149265289307,-0.04014265164732933,0.21054358780384064,-0.13867050409317017,-0.1888332962989807,-0.23784275352954865,0.5133175253868103,-0.14344458281993866,0.2168007493019104,-0.2645941376686096,-0.20284391939640045,0.23089547455310822,0.13396844267845154,0.3340211510658264,-0.22120636701583862,-0.23466864228248596,0.26455777883529663,0.310751348733902,0.6381275653839111,0.07773849368095398,-0.024560444056987762,0.3473660349845886,-0.23488758504390717,0.4681573510169983,-0.05658788979053497,-0.260102242231369,0.07111238688230515,0.49445492029190063,-0.20354942977428436,0.4611263573169708,0.5612439513206482,-0.16733749210834503,-0.16882333159446716,0.2771686315536499,0.35126402974128723,-0.08382946997880936,0.2948153614997864,0.0707143247127533,0.8682771325111389,0.5416020750999451,-0.21190357208251953,0.1516287475824356,0.21021278202533722,-0.1673518419265747,-0.022747114300727844,0.27893659472465515,-0.11921343207359314,-0.17045879364013672,-0.2283669263124466,0.1770082414150238,-0.22829081118106842,-0.266312837600708,0.617942214012146,0.038887131959199905,0.5206508040428162,-0.18048809468746185,-0.18434949219226837,0.09735315293073654,-0.24696989357471466,-0.18902462720870972,0.5165510773658752,0.2887238562107086,-0.2543180584907532,-0.14781084656715393,-0.20059184730052948,-0.2077302187681198,-0.17802363634109497,-0.12862339615821838,0.24431250989437103,-0.07635500282049179,0.11451393365859985,-0.032392073422670364,0.47050467133522034,0.01994434744119644,0.2435346096754074,0.10715090483427048,-0.009913405403494835,-0.07135223597288132,-0.1531110554933548,0.12841784954071045,-0.24212776124477386,-0.09010711312294006,-0.17003262042999268,0.6321817636489868,-0.1990891695022583,0.8874937295913696,-0.18069125711917877,-0.265412837266922,-0.02050447277724743,-0.11181912571191788,0.21784061193466187,-0.02528851479291916,0.28056907653808594,-0.11666736751794815,0.9203846454620361,-0.08637647330760956,-0.20620816946029663
14,524,455,580,508,0.7047672867774963,-0.20496328175067902,0.3967118263244629,1.0142828226089478,-0.25353702902793884,-0.16185016930103302,0.1316903680562973,-0.17181263864040375,-0.11629849672317505,-0.24258489906787872,0.3316589295864105,-0.18344856798648834,0.029201731085777283,0.23738177120685577,0.27915719151496887,-0.20492637157440186,-0.15942271053791046,-0.23507653176784515,0.3139513432979584,-0.10858520865440369,0.3840424716472626,-0.03823218122124672,0.8113787770271301,0.06616196781396866,0.029976382851600647,0.21315528452396393,-0.208226278424263,-0.15399429202079773,0.3809491693973541,0.5442192554473877,-0.11393053084611893,-0.17052854597568512,-0.0568942129611969,0.20966489613056183,-0.16237778961658478,-0.15915168821811676,-0.24992717802524567,0.3616362512111664,-0.23656626045703888,0.08563673496246338,-0.2418888807296753,-0.2142270803451538,0.0710422471165657,0.2585315704345703,0.12785734236240387,-0.2145506739616394,-0.23661275207996368,0.43175435066223145,0.11021802574396133,0.531463086605072,0.11687183380126953,0.04138083755970001,0.6600102782249451,-0.24482649564743042,0.3030429780483246,-0.08836450427770615,-0.18619675934314728,0.10940543562173843,0.6008713841438293,-0.1693769246339798,0.3934546709060669,0.5009809136390686,-0.1256949007511139,0.06237621232867241,0.2549546957015991,0.19131891429424286,-0.020322183147072792,0.37122929096221924,-0.03087495267391205,0.6251607537269592,0.5596306920051575,-0.18087367713451385,0.029051197692751884,0.2033088356256485,-0.16704349219799042,-0.054770488291978836,0.17742879688739777,-0.04532155022025108,-0.19016218185424805,-0.21785324811935425,0.16530358791351318,-0.2308511734008789,-0.2710016071796417,0.6611813902854919,-0.06104396656155586,0.3360747992992401,-0.2068270444869995,-0.1825392246246338,0.029706845059990883,-0.24721884727478027,-0.18221323192119598,0.36393794417381287,0.2549128234386444,-0.2441989630460739,-0.018876591697335243,-0.18277378380298615,-0.23098605871200562,-0.07569391280412674,-0.23743490874767303,0.24213922023773193,-0.08766088634729385,0.0020361393690109253,0.03481428697705269,0.48458799719810486,0.15680070221424103,0.21024657785892487,-0.03746592625975609,0.10813146829605103,-0.06376320868730545,-0.16472293436527252,0.2081039994955063,-0.20935724675655365,-0.15463143587112427,-0.14868362247943878,0.6228939890861511,-0.19492046535015106,0.6739850044250488,-0.21182358264923096,-0.2507081925868988,-0.05054675042629242,-0.16138406097888947,0.266763299703598,0.19487130641937256,0.43042078614234924,-0.13779272139072418,0.7598671913146973,-0.023958057165145874,-0.2154497504234314
15,560,682,601,722,0.7245866656303406,-0.20238155126571655,-0.08778852224349976,0.9923370480537415,-0.199972465634346,-0.1640433967113495,0.5364072918891907,-0.18432562053203583,-0.22440719604492188,-0.1954541802406311,0.17062486708164215,-0.2510048747062683,-0.04807634279131889,0.26810917258262634,0.2445935606956482,-0.23528383672237396,0.03257066011428833,-0.1938415765762329,0.3724135458469391,-0.00883843470364809,0.11913899332284927,0.19339722394943237,0.2994859516620636,0.6815438270568848,-0.05987175926566124,0.5690496563911438,-0.1573469340801239,-0.02977685071527958,0.47185564041137695,0.5540036559104919,-0.2002098560333252,-0.07224264740943909,-0.1591777801513672,0.17917592823505402,-0.12148162722587585,-0.17562146484851837,-0.23651356995105743,0.0856904610991478,-0.22677868604660034,0.06738881021738052,-0.1995515674352646,-0.18899817764759064,-0.023021554574370384,-0.03400033712387085,0.4339156448841095,-0.20497572422027588,-0.2120990753173828,0.39756903052330017,0.4143534004688263,0.19316260516643524,0.6362928748130798,0.3352949917316437,0.2334054857492447,-0.23994475603103638,0.6091585755348206,-0.1293921321630478,-0.011115215718746185,0.334590882062912,0.9938631057739258,-0.11257269233465195,0.10015765577554703,0.4410935640335083,-0.15514974296092987,-0.08033452183008194,0.3144629895687103,-0.10889635235071182,0.07144581526517868,0.08025867491960526,0.016717175021767616,0.567884624004364,0.5198593735694885,-0.23038403689861298,-0.10361380130052567,0.32230693101882935,-0.14810983836650848,-0.09471797943115234,0.19515271484851837,-0.18179643154144287,-0.15918955206871033,-0.22285638749599457,0.3892674148082733,-0.2253785878419876,-0.26945117115974426,0.432852178812027,0.5786375999450684,0.2202949970960617,-0.09168551117181778,-0.18521219491958618,-0.036259304732084274,-0.22196777164936066,-0.22793346643447876,0.16770930588245392,0.04625632241368294,-0.2503857910633087,-0.06823543459177017,-0.11616635322570801,-0.24161644279956818,0.12986893951892853,-0.2616026699542999,0.23189859092235565,-0.09141630679368973,0.16107521951198578,-0.09898915141820908,0.23564469814300537,0.15881137549877167,0.17361100018024445,0.050839245319366455,0.48929503560066223,-0.2159722000360489,-0.05791337788105011,0.22323469817638397,-0.1403622180223465,-0.13023877143859863,-0.18121235072612762,0.5154218673706055,-0.18729762732982635,0.508353054523468,-0.24384479224681854,-0.23516567051410675,0.06662944704294205,-0.13749387860298157,0.13751433789730072,0.2320317029953003,0.6366574168205261,-0.13101826608181,0.9431952834129333,-0.12368232756853104,-0.20314548909664154
16,256,757,313,813,0.8849503993988037,-0.20299193263053894,0.43593594431877136,1.1096221208572388,-0.16616643965244293,-0.04233875498175621,0.25076237320899963,-0.21392421424388885,-0.14222179353237152,-0.25506678223609924,0.11527568846940994,1.2699683904647827,-0.06753332167863846,0.319019615650177,0.6870251893997192,-0.15985001623630524,-0.0988646075129509,0.07880083471536636,1.2604435682296753,0.2182951122522354,0.4706290662288666,0.03219136595726013,0.6036852598190308,0.32501018047332764,0.19338835775852203,0.8003589510917664,-0.21584244072437286,-0.14863866567611694,0.7862805128097534,0.6905314326286316,-0.1895810216665268,-0.14340761303901672,-0.022191325202584267,0.41126543283462524,-0.12968960404396057,0.32786473631858826,-0.1956213116645813,0.30282673239707947,-0.0786210298538208,0.3099009394645691,-0.032612357288599014,-0.09552223235368729,0.35188573598861694,0.6738636493682861,0.25633129477500916,-0.14727160334587097,-0.23318777978420258,0.46684709191322327,0.8445545434951782,0.8918692469596863,0.4774360656738281,0.5413490533828735,0.7889992594718933,-0.23896153271198273,0.45001983642578125,0.1534663289785385,0.34794390201568604,1.120674729347229,0.5852162837982178,-0.22194896638393402,0.9978854060173035,0.5550621747970581,-0.07942309230566025,0.48724693059921265,0.17929333448410034,0.2497832179069519,0.19678550958633423,0.4190903902053833,0.3978363573551178,0.7534868121147156,0.5155177712440491,-0.07861513644456863,0.20842549204826355,1.1601738929748535,-0.2120075821876526,0.13755503296852112,0.47826072573661804,0.21660828590393066,-0.07563148438930511,-0.19280235469341278,0.14622090756893158,-0.1879713535308838,-0.2641531527042389,1.5086607933044434,0.2785910367965698,-0.1403476744890213,-0.1917589008808136,-0.21656610071659088,0.10443951934576035,-0.2342333197593689,0.36670398712158203,0.3648277521133423,0.39904919266700745,-0.24177946150302887,0.16893400251865387,-0.13928021490573883,-0.25171959400177,0.10068656504154205,-0.18750858306884766,0.009448817931115627,-0.024086764082312584,0.11779317259788513,0.21414361894130707,0.547529935836792,0.8204060792922974,0.7216162085533142,0.04118053987622261,0.44384241104125977,-0.0705818310379982,-0.17390958964824677,0.8090705275535583,-0.05458618700504303,0.215171217918396,-0.056567609310150146,0.690054714679718,0.10930023342370987,1.025665283203125,0.4535957872867584,-0.06070852279663086,0.10146962106227875,-0.1785566210746765,0.2339760959148407,0.24544525146484375,0.865792989730835,0.06654371321201324,1.0979260206222534,0.1925317347049713,-0.1982945054769516
17,129,365,174,407,0.8318774700164795,-0.2205742597579956,0.16687315702438354,1.0075448751449585,-0.19728274643421173,-0.19075214862823486,0.18933194875717163,-0.1544971466064453,-0.19529859721660614,-0.2236822098493576,0.3294409215450287,-0.25087645649909973,-0.0720587968826294,0.22720849514007568,0.2779834270477295,-0.2124149352312088,-0.021941939368844032,-0.2525016963481903,0.4723106622695923,-0.07369063794612885,0.24399946630001068,0.07006615400314331,0.42525532841682434,-0.05915646255016327,0.31674596667289734,0.153023824095726,-0.17971248924732208,-0.03840656206011772,0.28444406390190125,0.2893822491168976,-0.16283179819583893,-0.162385031580925,0.04857798293232918,0.26454660296440125,-0.11164768785238266,-0.12574122846126556,-0.23408253490924835,0.16569624841213226,-0.23970383405685425,0.1987585425376892,-0.2168414443731308,-0.1935981959104538,-0.012371319346129894,0.052763909101486206,0.07990813255310059,-0.21376162767410278,-0.2090645581483841,0.28195711970329285,0.2242211103439331,0.32771196961402893,0.34754905104637146,-0.09960480779409409,0.4391731023788452,-0.22698049247264862,0.736206591129303,-0.1233113706111908,-0.13715560734272003,0.12411919981241226,0.7430932521820068,-0.1966485232114792,0.23802220821380615,0.5274555683135986,-0.07590014487504959,-0.21674631536006927,0.10613762587308884,-0.1331896185874939,-0.003890226362273097,0.19752921164035797,-0.01857110857963562,0.6382014751434326,0.5001209378242493,-0.2134142369031906,-0.05693648383021355,0.2145954966545105,-0.09310611337423325,-0.053883086889982224,0.1608802080154419,-0.1283581405878067,-0.0834624394774437,-0.2205459326505661,0.12355676293373108,-0.21753555536270142,-0.27525752782821655,1.0315886735916138,-0.02214537002146244,0.34157201647758484,-0.14971251785755157,-0.18963490426540375,0.14159224927425385,-0.2099309116601944,-0.14723528921604156,0.25061383843421936,0.22671259939670563,-0.23531556129455566,0.42016100883483887,-0.18870611488819122,-0.22714300453662872,-0.08361518383026123,-0.2088482826948166,0.20613186061382294,-0.06130102649331093,-0.010933227837085724,-0.05328014865517616,0.3954262435436249,-0.14802716672420502,0.21268576383590698,0.1879129856824875,0.8020512461662292,-0.16229309141635895,-0.0930468812584877,-0.017797240987420082,-0.2111138552427292,-0.09092680364847183,-0.2502383291721344,0.6916562914848328,-0.1695602685213089,0.5686410069465637,-0.20252221822738647,-0.16346535086631775,-0.006831169128417969,-0.14295531809329987,0.15732379257678986,0.43076491355895996,0.39215871691703796,-0.1465100795030594,1.1147081851959229,-0.11121374368667603,-0.21389229595661163
18,664,322,737,392,0.8537529110908508,-0.21117833256721497,0.5016358494758606,1.032418966293335,-0.25318628549575806,-0.10201060771942139,0.18597933650016785,-0.1903315931558609,-0.02935994789004326,-0.24020305275917053,0.24563193321228027,-0.17247284948825836,-0.06922145187854767,0.26588383316993713,0.3070751130580902,-0.1858406513929367,-0.17726674675941467,-0.1760481595993042,0.24479791522026062,-0.14043085277080536,0.32498112320899963,-0.06001877784729004,0.9142848253250122,-0.06458549201488495,0.0066474913619458675,0.22851045429706573,-0.1857685148715973,-0.23160453140735626,0.5410782098770142,0.5379704236984253,-0.13188810646533966,-0.24280492961406708,-0.06650246679782867,0.20840752124786377,-0.13765177130699158,-0.09725809842348099,-0.23675814270973206,0.4892016351222992,-0.042973704636096954,0.15274019539356232,-0.2582191824913025,-0.20243580639362335,0.16884775459766388,0.2805653512477875,0.29507607221603394,-0.22372226417064667,-0.23292207717895508,0.28363746404647827,0.34098681807518005,0.7455106973648071,0.0771511048078537,0.08298701047897339,0.4614110589027405,-0.23793859779834747,0.6271077394485474,-0.06481995433568954,-0.20958495140075684,0.2376956045627594,0.5983819961547852,-0.19781304895877838,0.47862449288368225,0.38647979497909546,-0.15890078246593475,-0.12287147343158722,0.35803163051605225,0.4311404228210449,-0.02510867640376091,0.38176894187927246,0.014998601749539375,0.8867768049240112,0.4662702977657318,-0.2041701376438141,0.1961156576871872,0.23655204474925995,-0.17187881469726562,-0.028238415718078613,0.47625476121902466,-0.027749696746468544,-0.14752721786499023,-0.2308414876461029,0.1323373019695282,-0.22336971759796143,-0.2630593180656433,0.5144745111465454,0.1115037202835083,0.4312446713447571,-0.1399427354335785,-0.17122462391853333,0.04938845708966255,-0.258612722158432,-0.07893306761980057,0.5287116169929504,0.3978053033351898,-0.25484082102775574,-0.14834682643413544,-0.19174109399318695,-0.21389083564281464,-0.1798005998134613,-0.16235758364200592,0.26214009523391724,-0.08730881661176682,0.10182459652423859,-0.00027388037415221334,0.47174614667892456,0.17990735173225403,0.22978052496910095,0.12018410116434097,-0.014253169298171997,-0.07356710731983185,-0.1859259307384491,0.33414173126220703,-0.23038971424102783,-0.07800867408514023,-0.144367977976799,0.6208235025405884,-0.18832145631313324,0.9309319257736206,-0.1801856905221939,-0.24841034412384033,0.0009227514383383095,-0.1350681036710739,0.2502868175506592,0.05605926364660263,0.29876238107681274,-0.11554628610610962,0.7785929441452026,-0.04938686639070511,-0.21826235949993134
19,775,309,818,349,0.7156789302825928,-0.21939603984355927,0.1299058049917221,0.9512906074523926,-0.21266792714595795,0.015024621970951557,0.16461171209812164,-0.1757906675338745,-0.19703106582164764,-0.26332995295524597,0.40101543068885803,-0.21790945529937744,-0.12749725580215454,0.5323688387870789,0.12428178638219833,-0.2334028035402298,0.058476198464632034,-0.21316063404083252,0.10141248255968094,-0.2025797814130783,0.07871979475021362,-0.025145918130874634,0.46555760502815247,0.13502122461795807,-0.07206632941961288,0.12080883979797363,-0.21042974293231964,-0.11867620795965195,0.34655091166496277,0.40235844254493713,-0.2140761762857437,-0.19861017167568207,-0.0368320532143116,0.2863139808177948,-0.14145253598690033,-0.16085754334926605,-0.24178965389728546,0.22478298842906952,-0.24328064918518066,-0.03154755011200905,-0.248008593916893,-0.21345923840999603,0.039942432194948196,0.16573014855384827,0.08154825121164322,-0.2173333764076233,-0.19397194683551788,0.3395659029483795,0.3319595158100128,0.5252971649169922,0.33508846163749695,0.10426831245422363,0.5636305212974548,-0.25355982780456543,0.5433847308158875,0.08763129264116287,-0.12006448954343796,0.15569381415843964,0.6679549813270569,-0.1789952516555786,0.22325767576694489,0.4148835837841034,-0.08785072714090347,-0.12727271020412445,0.6232101917266846,-0.061454806476831436,0.45766040682792664,0.46649011969566345,-0.18877685070037842,0.6336150765419006,0.5423264503479004,-0.1975981444120407,-0.09349634498357773,0.08504166454076767,-0.14031921327114105,-0.06577417999505997,0.2729373872280121,-0.12288546562194824,-0.15018616616725922,-0.2068871408700943,0.11922618001699448,-0.18981504440307617,-0.2591089904308319,0.6424109935760498,0.03903225436806679,0.24701648950576782,-0.16377288103103638,-0.15225555002689362,0.12119561433792114,-0.19119031727313995,-0.19205205142498016,0.3322671949863434,0.08814191818237305,-0.226481631398201,0.3356130123138428,-0.12351133674383163,-0.23908817768096924,-0.16949833929538727,-0.22673387825489044,0.3050692081451416,0.12786206603050232,-0.06792578846216202,0.001332273124717176,0.5248491764068604,0.006642013788223267,0.2870422899723053,0.02199649251997471,0.589179515838623,-0.15877115726470947,-0.14042358100414276,0.4535306692123413,-0.22513337433338165,0.023371636867523193,-0.09567215293645859,0.5447412729263306,-0.2291497141122818,0.5842087864875793,-0.15400764346122742,-0.23504824936389923,0.06830515712499619,-0.1464969664812088,0.08233272284269333,0.6381418704986572,0.6225908994674683,-0.15994985401630402,0.933277428150177,0.04541042074561119,-0.23053701221942902
20,518,664,560,702,0.6411157250404358,-0.26198241114616394,-0.13625295460224152,0.9744672775268555,-0.1577998399734497,0.39706191420555115,0.7910023331642151,-0.23702935874462128,0.16050098836421967,-0.1212284192442894,0.13697081804275513,-0.22921665012836456,-0.1610705852508545,-0.014685888774693012,0.393258661031723,-0.23455674946308136,0.016356607899069786,-0.01593814790248871,0.2133389711380005,-0.14439068734645844,0.05426153540611267,0.023624232038855553,0.4598579704761505,0.6572557091712952,-0.22910726070404053,0.9202394485473633,-0.20718753337860107,-0.20752127468585968,0.6498104929924011,0.4260571002960205,0.00904326606541872,-0.0945083275437355,-0.06758325546979904,0.4194701015949249,-0.1119893491268158,-0.12208235263824463,-0.19751936197280884,0.36842140555381775,0.40958595275878906,0.041282422840595245,-0.03601592034101486,-0.13576273620128632,-0.038293708115816116,0.045605093240737915,0.41100239753723145,-0.03331102058291435,-0.22907783091068268,0.9470717310905457,0.6242178082466125,0.7507417798042297,0.2561115026473999,0.6364492177963257,0.3209749460220337,-0.14815130829811096,0.708038330078125,-0.20137600600719452,0.04780858755111694,0.0655677542090416,0.4733959436416626,-0.21182715892791748,0.5672810077667236,0.22138036787509918,-0.09019225835800171,-0.16142505407333374,0.06254148483276367,-0.10099776834249496,0.4593689739704132,-0.1877562254667282,0.6761789917945862,0.2935563921928406,0.43017974495887756,-0.20565052330493927,-0.04548444226384163,0.42445108294487,-0.22748567163944244,-0.11652246117591858,1.2978458404541016,-0.13644768297672272,0.18541733920574188,-0.16119122505187988,0.09781336784362793,-0.23603396117687225,-0.2356395721435547,0.4982112944126129,1.4136730432510376,-0.2511756122112274,-0.21382880210876465,-0.0904327929019928,0.2711062431335449,-0.20859889686107635,-0.1891116350889206,0.23336464166641235,0.9987013936042786,-0.24327032268047333,-0.10176903754472733,-0.05326806381344795,-0.10292879492044449,-0.018694579601287842,-0.26782718300819397,0.21148431301116943,0.23884110152721405,0.010381068103015423,-0.12176630645990372,0.5457330942153931,0.09747850149869919,0.14172406494617462,-0.0851759985089302,0.816795289516449,-0.1457628458738327,-0.23150908946990967,1.363985538482666,-0.21450193226337433,0.11086978763341904,0.5120351910591125,0.33391711115837097,-0.10945290327072144,0.7863118052482605,-0.1784425526857376,-0.18417489528656006,0.5488554835319519,-0.017669668421149254,0.6339442729949951,0.2967098653316498,0.7086226344108582,-0.10035967081785202,1.4284815788269043,-0.0030713181477040052,-0.23602688312530518
21,715,730,757,769,0.6841974258422852,-0.24283872544765472,-0.06376654654741287,0.9912294745445251,-0.20346194505691528,-0.029824713245034218,0.48011255264282227,-0.15338492393493652,-0.17817360162734985,-0.2651098668575287,0.29830363392829895,-0.2443469911813736,-0.03965134918689728,0.19219423830509186,0.5063965916633606,-0.2120048701763153,0.03981228545308113,-0.030326493084430695,0.1006297767162323,-0.057916149497032166,0.21169354021549225,0.028995951637625694,0.4310072958469391,0.2074248492717743,0.027405180037021637,0.2355174720287323,-0.17653921246528625,-0.16091901063919067,0.563737690448761,0.3010706603527069,-0.17573891580104828,-0.11418496072292328,-0.13754574954509735,0.3079565465450287,-0.12470892816781998,-0.15965460240840912,-0.242605522274971,0.05948854982852936,-0.05548779293894768,0.005483412183821201,-0.22456592321395874,-0.19692662358283997,-0.0069200131110847,0.07685819268226624,0.2709220349788666,-0.18121401965618134,-0.2166699320077896,0.398519903421402,0.3078592121601105,0.32275494933128357,0.3500579595565796,0.3239701986312866,0.4342736601829529,-0.25965139269828796,0.7209898829460144,-0.1903449445962906,-0.11972986161708832,0.0960390567779541,0.7649485468864441,-0.21702998876571655,0.25175026059150696,0.4097544550895691,-0.1571563333272934,-0.009985970333218575,0.23808568716049194,-0.10479319095611572,0.3207134008407593,0.2402569204568863,-0.06834109127521515,0.42723602056503296,0.47192567586898804,-0.20643918216228485,-0.035740312188863754,0.17798882722854614,-0.08565917611122131,-0.12424077093601227,0.6195394396781921,-0.20407116413116455,-0.1898411363363266,-0.18287648260593414,0.060734204947948456,-0.20797580480575562,-0.26633670926094055,0.42764461040496826,0.6805317401885986,0.007251530885696411,-0.13383299112319946,-0.16361717879772186,0.10433783382177353,-0.22249388694763184,-0.17685860395431519,0.2319464087486267,0.16362129151821136,-0.2526227533817291,-0.16754752397537231,-0.1035977452993393,-0.23244057595729828,-0.038394052535295486,-0.24357765913009644,0.21846675872802734,0.2447633147239685,0.04723113775253296,-0.0600024051964283,0.3164931535720825,-0.015616999939084053,0.21227869391441345,0.008270020596683025,0.4288301169872284,-0.12716177105903625,-0.13065087795257568,0.1854926198720932,-0.19618743658065796,-0.11199939250946045,-0.10214439034461975,0.4885798692703247,-0.1723644882440567,0.9179534912109375,-0.24976736307144165,-0.19057589769363403,0.027029413729906082,-0.1211884543299675,0.28247106075286865,0.29101330041885376,0.5609242916107178,-0.1571381688117981,1.0080819129943848,-0.13666772842407227,-0.21306923031806946
22,456,166,512,218,0.866621196269989,-0.22287042438983917,0.2550664246082306,1.0197981595993042,-0.22431804239749908,-0.1963847279548645,0.25058600306510925,-0.18827907741069794,-0.22501462697982788,-0.24044573307037354,0.3063214123249054,-0.1910572499036789,-0.02606385387480259,0.19231444597244263,0.23531627655029297,-0.16045086085796356,-0.09077141433954239,-0.13391998410224915,0.3292105793952942,-0.142927348613739,0.2240486592054367,-0.03845909610390663,0.6423389911651611,0.07722288370132446,-0.04136604443192482,0.13454855978488922,-0.17335693538188934,-0.17316465079784393,0.4358687102794647,0.3032376170158386,-0.1165861114859581,-0.16757190227508545,-0.06451015919446945,0.3208582401275635,-0.13521802425384521,-0.1522342711687088,-0.24346911907196045,0.378410667181015,-0.21281768381595612,0.12315287441015244,-0.23192091286182404,-0.21010947227478027,0.039643365889787674,0.1825064867734909,0.1703696995973587,-0.21009404957294464,-0.2503286302089691,0.31065255403518677,0.19181998074054718,0.4334726333618164,0.1979018896818161,-0.02050783298909664,0.6046547889709473,-0.24366174638271332,0.49467313289642334,-0.0988767221570015,-0.09554188698530197,0.08227676153182983,0.6189551949501038,-0.20586247742176056,0.4660974442958832,0.7420821189880371,-0.14156033098697662,-0.07603199779987335,0.4874594509601593,0.05276733636856079,-0.0021373878698796034,0.33803507685661316,-0.00027173259877599776,0.7642335295677185,0.6828171610832214,-0.17693249881267548,0.024522503837943077,0.17634545266628265,-0.20095206797122955,-0.04505040869116783,0.23964260518550873,-0.11203676462173462,-0.20048750936985016,-0.24001388251781464,0.13189755380153656,-0.24008500576019287,-0.273611456155777,0.37617671489715576,-0.0068058124743402,0.4435586929321289,-0.18442177772521973,-0.20172119140625,0.122683584690094,-0.24385739862918854,-0.16527600586414337,0.4063456356525421,0.22577331960201263,-0.2417290061712265,0.03731996938586235,-0.20208753645420074,-0.23613111674785614,-0.0775391161441803,-0.22367633879184723,0.24142563343048096,-0.029016822576522827,0.16857308149337769,-0.012766454368829727,0.4720591604709625,0.0059884884394705296,0.27565962076187134,0.07516215741634369,0.24729092419147491,-0.16141332685947418,-0.09716007858514786,0.29648029804229736,-0.21318145096302032,0.07828792929649353,-0.15349315106868744,0.6651052236557007,-0.18797720968723297,0.9942099452018738,-0.22331862151622772,-0.2262033224105835,-0.08775337785482407,-0.16107691824436188,0.17583443224430084,0.14904461801052094,0.46754002571105957,-0.11532860994338989,0.7832030653953552,-0.07012230902910233,-0.21043361723423004
23,584,227,641,285,0.7500286102294922,-0.18393653631210327,0.5955389142036438,1.0294348001480103,-0.2395360916852951,-0.1382337361574173,0.40590700507164,-0.1952294260263443,-0.13019020855426788,-0.2599339783191681,0.24340678751468658,0.12610839307308197,-0.06499927490949631,0.5678344368934631,0.54791659116745,-0.21895325183868408,-0.04471621289849281,0.04560551047325134,0.8207297325134277,0.023467883467674255,0.4227021634578705,-0.039059627801179886,0.8348369002342224,0.08573558181524277,0.062444064766168594,0.4340542256832123,-0.19524872303009033,-0.207856222987175,0.8097402453422546,0.6492352485656738,-0.06039813160896301,-0.18292759358882904,-0.012361799366772175,0.21987873315811157,-0.15883636474609375,-0.022287756204605103,-0.2346603125333786,0.4318523705005646,-0.1802540272474289,0.29808279871940613,-0.2432224005460739,-0.20180559158325195,0.3002113997936249,0.6990463137626648,0.05001603066921234,-0.19321198761463165,-0.2426520437002182,0.5583662986755371,0.2792041301727295,0.6259183883666992,0.276584267616272,0.2940753996372223,0.9739627838134766,-0.25641587376594543,0.366373747587204,0.0005796526675112545,-0.11188974231481552,0.27396225929260254,0.6507458686828613,-0.1583985686302185,0.5217788219451904,0.36860033869743347,-0.20003926753997803,0.3461724817752838,0.5694191455841064,0.4946540296077728,0.007908168248832226,0.5267208218574524,-0.03769994154572487,0.7594790458679199,0.4600467383861542,-0.1675584465265274,0.1274694949388504,0.20592047274112701,-0.2048838585615158,-0.0007493061129935086,0.44728705286979675,0.03281706944108009,-0.09892085939645767,-0.19755227863788605,0.25030937790870667,-0.2066352218389511,-0.26221415400505066,0.636138916015625,-0.0540282279253006,-0.039692480117082596,-0.2471359819173813,-0.18509799242019653,0.03936120867729187,-0.23060102760791779,0.020209625363349915,0.1678234189748764,0.07638563960790634,-0.2631610929965973,0.027806907892227173,-0.15648643672466278,-0.2372724562883377,-0.13506923615932465,-0.2043345421552658,0.16423745453357697,-0.034270308911800385,0.034699514508247375,0.13631881773471832,0.6021667718887329,0.5999451279640198,0.28169187903404236,0.16630201041698456,0.047128837555646896,-0.07212278246879578,-0.19900882244110107,0.37376081943511963,-0.21411371231079102,0.1335919052362442,0.004230474587529898,0.6080653667449951,-0.11254537850618362,0.810671329498291,-0.10299128293991089,-0.23654305934906006,-0.014141026884317398,-0.15607517957687378,0.12253839522600174,0.3948054313659668,0.667269766330719,-0.1479368656873703,0.9057930111885071,0.13317756354808807,-0.20295403897762299
24,172,758,212,796,0.7408831715583801,-0.2244785577058792,-0.023196468129754066,0.9378972053527832,-0.18963205814361572,-0.015438507311046124,0.31003525853157043,-0.17619085311889648,-0.23006050288677216,-0.26062074303627014,0.4512898027896881,-0.21605408191680908,-0.08491214364767075,0.35124072432518005,0.1445724368095398,-0.21879585087299347,0.0065295398235321045,-0.1303468495607376,-0.10739099979400635,-0.17717492580413818,0.05558560788631439,0.1859024167060852,0.4282780587673187,0.2711124122142792,-0.07044439762830734,0.05569659173488617,-0.18388600647449493,-0.062339138239622116,0.25953710079193115,0.32917383313179016,-0.22439222037792206,-0.06078070029616356,-0.06742607057094574,0.37218090891838074,-0.13617004454135895,-0.14457201957702637,-0.2474599927663803,0.06446307897567749,-0.25718188285827637,0.059663522988557816,-0.23586726188659668,-0.2237716168165207,-0.05000092461705208,0.10916499048471451,0.02269873023033142,-0.2234019786119461,-0.2128816395998001,0.3699365556240082,0.1631649136543274,0.3613632619380951,0.4688684046268463,0.04105939343571663,0.4174729883670807,-0.23073887825012207,0.46461594104766846,-0.059900637716054916,-0.10973986238241196,0.015088088810443878,0.8079882264137268,-0.14113496243953705,0.16867204010486603,0.47134676575660706,-0.10668288916349411,-0.15478482842445374,0.6094236969947815,-0.17540694773197174,0.44745126366615295,0.3385556638240814,-0.11615493148565292,0.4409135580062866,0.8221480250358582,-0.18354487419128418,-0.09565851837396622,0.06763296574354172,-0.143781378865242,-0.13274288177490234,0.11996856331825256,-0.1252933144569397,-0.1647340953350067,-0.19681839644908905,0.14656585454940796,-0.2127193659543991,-0.27062007784843445,0.347790390253067,0.04986721649765968,0.2602139413356781,-0.1191379651427269,-0.16103419661521912,0.1414688378572464,-0.20099420845508575,-0.1775302141904831,0.2930413782596588,0.03716752678155899,-0.22506193816661835,0.2819771468639374,-0.1264771670103073,-0.23766113817691803,-0.20179526507854462,-0.2508869469165802,0.36409878730773926,0.15676002204418182,-0.023970618844032288,0.029145481064915657,0.39390280842781067,-0.06074649095535278,0.16866344213485718,0.01840607263147831,0.7481312155723572,-0.21692334115505219,-0.07616695016622543,0.28054478764533997,-0.20958812534809113,-0.04738716408610344,-0.1908245086669922,0.43754974007606506,-0.23683063685894012,0.5019783973693848,-0.19409382343292236,-0.22717206180095673,0.04106816649436951,-0.15257489681243896,0.08015523105859756,0.6110308766365051,0.5970077514648438,-0.15764565765857697,0.6327884197235107,0.03792351484298706,-0.21786528825759888
25,389,385,439,431,0.58626389503479,-0.22108185291290283,0.44892168045043945,0.9685953259468079,-0.16705143451690674,-0.13205426931381226,0.2512810528278351,-0.20406953990459442,-0.23132018744945526,-0.255522757768631,0.44651055335998535,-0.2402937412261963,-0.11589870601892471,0.4122912883758545,0.06615651398897171,-0.21185852587223053,-0.09298940747976303,-0.18216490745544434,0.21509341895580292,-0.09386143833398819,0.24147266149520874,-0.02775552310049534,0.5766580700874329,-0.023394783958792686,0.06024117395281792,0.33115389943122864,-0.14910630881786346,-0.11892920732498169,0.3321605622768402,0.30057287216186523,-0.23758535087108612,-0.21986202895641327,-0.04187110438942909,0.3139467239379883,-0.14905521273612976,-0.16981692612171173,-0.24143970012664795,0.30237945914268494,-0.2623685300350189,0.020478295162320137,-0.20061101019382477,-0.20823578536510468,0.12435873597860336,0.32888469099998474,0.029871374368667603,-0.21714143455028534,-0.23254168033599854,0.6969171166419983,0.2849772274494171,0.3645615577697754,0.24714387953281403,0.12118201702833176,0.3168398141860962,-0.2499145269393921,0.43131303787231445,-0.13474638760089874,0.04736639931797981,0.21724377572536469,0.7933886647224426,-0.11998782306909561,0.12406221032142639,-0.0049248263239860535,-0.0885041356086731,0.02827247977256775,0.09032387286424637,-0.049835190176963806,0.35418713092803955,0.34605276584625244,0.0859922543168068,0.5089746713638306,0.4448120594024658,-0.10922155529260635,-0.11548491567373276,0.24368715286254883,-0.14579559862613678,-0.04760634899139404,0.41513559222221375,-0.16777293384075165,-0.08272942155599594,-0.20829220116138458,0.10007672756910324,-0.2149263173341751,-0.2634340822696686,0.5145688652992249,-0.07774404436349869,0.04134024307131767,-0.21095693111419678,-0.1198531985282898,0.0879102349281311,-0.22108857333660126,-0.20284712314605713,0.2752429246902466,0.15352441370487213,-0.2395492047071457,0.37132778763771057,-0.1425590068101883,-0.2496597021818161,-0.0870012640953064,-0.24105016887187958,0.209175705909729,0.11728189140558243,-0.14814113080501556,0.1176285371184349,0.28016191720962524,0.008384734392166138,0.16205409169197083,-0.10814717411994934,0.3301942050457001,-0.008095343597233295,-0.2146177440881729,0.48401859402656555,-0.21766144037246704,0.010487387888133526,-0.15389490127563477,0.5338595509529114,-0.2146838903427124,0.31207510828971863,-0.19152003526687622,-0.24248434603214264,0.032512832432985306,-0.17562955617904663,0.3714638650417328,0.4761592447757721,0.37469935417175293,-0.1843903809785843,0.8636021614074707,0.0028604816179722548,-0.22787046432495117
26,612,790,651,827,0.7133193016052246,-0.22519655525684357,-0.004875093698501587,0.8918436765670776,-0.15826618671417236,-0.2392643839120865,0.21595428884029388,-0.1940523087978363,-0.20327426493167877,-0.24384352564811707,0.4045083224773407,-0.19937936961650848,-0.13790565729141235,0.5033965706825256,0.04474673420190811,-0.23460426926612854,-0.24097570776939392,-0.2614818811416626,-0.23680542409420013,-0.19366106390953064,0.015003731474280357,-0.108611099421978,0.2522536814212799,0.21796628832817078,-0.09875442087650299,0.4748730957508087,-0.13798992335796356,-0.08233252912759781,0.21125146746635437,0.3537006080150604,-0.2444906234741211,-0.2498863786458969,0.04531628638505936,0.1742497682571411,-0.17085328698158264,-0.1592749059200287,-0.26334118843078613,0.23676040768623352,-0.2351255714893341,0.09170087426900864,-0.20497135818004608,-0.23653264343738556,-0.15293709933757782,-0.0867670476436615,-0.10364283621311188,-0.1952071487903595,-0.20905445516109467,0.4586555063724518,0.2875760495662689,0.3903570771217346,0.5243642926216125,-0.14694876968860626,0.2558828890323639,-0.23942218720912933,0.5685653686523438,-0.10174648463726044,-0.026783883571624756,-0.09415237605571747,0.6346076726913452,-0.2550507187843323,0.029268678277730942,0.2822290062904358,-0.03289884328842163,-0.20183569192886353,0.590952455997467,-0.13991637527942657,0.02833038568496704,0.2638257145881653,-0.0008147601038217545,0.5777171850204468,0.5375420451164246,-0.2129284143447876,-0.10754714906215668,0.04296812415122986,-0.10305513441562653,-0.19523410499095917,0.014197513461112976,-0.24805058538913727,-0.17057208716869354,-0.17894841730594635,0.015438362956047058,-0.22281670570373535,-0.2555059492588043,1.0219906568527222,0.04808398708701134,0.23212096095085144,-0.22282221913337708,-0.1221792995929718,0.17958633601665497,-0.198533296585083,-0.22342298924922943,0.0549517497420311,0.07841098308563232,-0.19738852977752686,1.161889672279358,-0.21187523007392883,-0.24830251932144165,-0.2057679444551468,-0.2507086396217346,0.2908526659011841,0.4197466969490051,-0.08270567655563354,-0.018682558089494705,0.42297500371932983,-0.24133944511413574,0.06416682153940201,0.037159182131290436,0.8143647909164429,-0.22216415405273438,-0.09281831979751587,0.3825661540031433,-0.21191412210464478,-0.1928756833076477,-0.1401214301586151,0.8150776624679565,-0.23454968631267548,0.47299331426620483,-0.1986837089061737,-0.23492123186588287,0.10997481644153595,-0.1457315981388092,0.19485628604888916,0.2902747392654419,0.3618643581867218,-0.18964648246765137,0.7174711227416992,-0.00874204933643341,-0.23879577219486237
27,265,362,316,409,0.7629513740539551,-0.21472589671611786,0.34389984607696533,1.0110901594161987,-0.23140710592269897,-0.16194404661655426,0.22009555995464325,-0.18115971982479095,-0.21260714530944824,-0.24790875613689423,0.2634069621562958,-0.2362753003835678,0.022547705098986626,0.11057894676923752,0.2510480582714081,-0.20584800839424133,-0.1270856112241745,-0.22911906242370605,0.5041693449020386,-0.087376169860363,0.4663837254047394,-0.10364915430545807,0.6576851606369019,0.20728860795497894,0.044091276824474335,0.1892951875925064,-0.16747862100601196,-0.14797326922416687,0.44841206073760986,0.4306372106075287,-0.10335902869701385,-0.2063523530960083,-0.029843542724847794,0.3853880763053894,-0.1291487216949463,-0.06097612902522087,-0.24270929396152496,0.225576713681221,-0.17066924273967743,0.19868329167366028,-0.23224051296710968,-0.20174448192119598,0.017162270843982697,0.18391163647174835,0.25207582116127014,-0.2314048856496811,-0.21768207848072052,0.2849694788455963,0.25216057896614075,0.5584456324577332,0.23243986070156097,-0.11999887973070145,0.6069536209106445,-0.23142242431640625,0.5094736218452454,-0.0621197409927845,-0.1662224680185318,0.12530091404914856,0.667429506778717,-0.1875699907541275,0.2911536693572998,0.6008131504058838,-0.11267997324466705,-0.16793103516101837,0.16916018724441528,-0.02301516756415367,0.2066005915403366,0.24112923443317413,0.06395510584115982,0.8064990639686584,0.5491328239440918,-0.1758965700864792,-0.015959957614541054,0.17070287466049194,-0.18239985406398773,0.012520046904683113,0.28580623865127563,-0.037768714129924774,-0.16270089149475098,-0.2423257827758789,0.04295605048537254,-0.22491639852523804,-0.2686411142349243,0.6354124546051025,-0.08136044442653656,0.443722665309906,-0.171849325299263,-0.19907988607883453,0.024237237870693207,-0.21605424582958221,-0.13315719366073608,0.38783928751945496,0.3039390742778778,-0.24029956758022308,0.14386087656021118,-0.17802150547504425,-0.23132149875164032,-0.0490909107029438,-0.2150295525789261,0.2205377221107483,0.026568187400698662,0.11377056688070297,-0.03346911072731018,0.550399124622345,0.04792877286672592,0.19789931178092957,0.11857347935438156,0.2438364028930664,-0.13591231405735016,-0.0882813110947609,0.11293347924947739,-0.20515970885753632,-0.07245392352342606,-0.23837487399578094,0.705496072769165,-0.17045298218727112,0.9980278015136719,-0.19692319631576538,-0.18326562643051147,-0.12452210485935211,-0.1663699746131897,0.17030760645866394,0.19142986834049225,0.3924230933189392,-0.08154056966304779,1.01802396774292,-0.00479842210188508,-0.202020525932312
28,847,348,882,381,0.4415844976902008,-0.24636739492416382,-0.062659852206707,1.0650182962417603,-0.19354654848575592,0.2910778820514679,0.339263916015625,-0.12081599235534668,-0.2302442044019699,-0.26492631435394287,0.38081398606300354,-0.24549007415771484,-0.022303318604826927,0.036146264523267746,0.3341001272201538,-0.2063170224428177,0.6326634287834167,-0.1751541644334793,-0.22567947208881378,-0.0786740779876709,0.46561717987060547,0.2705046236515045,0.5357776284217834,0.6166245937347412,0.5108908414840698,0.3682311475276947,-0.20653903484344482,-0.0958661213517189,0.3712362051010132,0.767328679561615,-0.16998636722564697,-0.20268841087818146,-0.03588293120265007,0.19928239285945892,-0.19520731270313263,-0.19009704887866974,-0.20867271721363068,0.0879829153418541,-0.2167070358991623,0.02530370093882084,-0.20241856575012207,-0.1691828966140747,-0.12099820375442505,0.5189576745033264,-0.0067078471183776855,-0.21979613602161407,-0.22475557029247284,0.48110806941986084,0.10525339841842651,0.29843583703041077,0.5993995666503906,0.1629883497953415,0.4605275094509125,-0.252106636762619,-0.008398924954235554,-0.20971691608428955,-0.26501670479774475,0.37994956970214844,1.1753476858139038,-0.14270572364330292,0.043084774166345596,0.4064594805240631,-0.17019712924957275,-0.05560074746608734,0.020392755046486855,0.20007289946079254,0.8324610590934753,0.28197601437568665,-0.007859270088374615,0.2855595052242279,0.4495984613895416,-0.20613467693328857,-0.11158234626054764,0.2284509539604187,-0.013377033174037933,-0.08959326893091202,0.10185542702674866,-0.17299680411815643,-0.1733389049768448,-0.17723476886749268,0.4250270128250122,-0.21646153926849365,-0.2623998820781708,0.4449426233768463,0.003690908430144191,-0.008669465780258179,0.030740773305296898,-0.12815330922603607,0.15555907785892487,-0.219107985496521,-0.23532617092132568,0.2650294005870819,0.2414889931678772,-0.2508690357208252,-0.24456898868083954,-0.051058392971754074,-0.22709853947162628,-0.08058680593967438,-0.25571200251579285,0.1824115514755249,-0.0003528644738253206,0.039723124355077744,0.03406316414475441,0.27648910880088806,0.4176860749721527,0.16915835440158844,-0.008866441436111927,0.4004741609096527,0.24222612380981445,-0.16976968944072723,-0.10210144519805908,-0.13473732769489288,-0.16446258127689362,-0.13267472386360168,0.27999627590179443,-0.1626528650522232,0.41221359372138977,-0.2652778625488281,-0.20200090110301971,0.010254159569740295,-0.13146118819713593,0.2982372045516968,0.09837785363197327,0.4318571984767914,-0.16131441295146942,0.4367605149745941,-0.09218010306358337,-0.15839006006717682
29,394,127,429,160,0.4636642038822174,-0.26559051871299744,-0.09590256214141846,1.0210474729537964,-0.15179114043712616,-0.2601597011089325,0.3372032940387726,-0.1678420752286911,0.09354863315820694,-0.26864859461784363,0.4889996349811554,-0.2607654631137848,-0.06154194846749306,0.335227370262146,0.4943784773349762,-0.21627414226531982,0.3312600553035736,-0.1780472993850708,0.3265237510204315,-0.05560595169663429,0.08926648646593094,-0.010005314834415913,0.41701626777648926,-0.05359797179698944,0.4530809819698334,0.13094966113567352,-0.1679999828338623,-0.13240306079387665,0.13529077172279358,0.0026413004379719496,-0.1855371743440628,-0.06107832118868828,-0.07526104897260666,0.6628571152687073,-0.12563514709472656,0.05761098861694336,-0.2463436871767044,0.257836252450943,-0.03140469267964363,-0.11887262016534805,-0.11086537688970566,-0.17238111793994904,0.0335126668214798,-0.04328884556889534,0.24323470890522003,0.04693128541111946,-0.22075136005878448,0.8261486887931824,0.15319083631038666,0.5033591389656067,0.23288655281066895,-0.02498306892812252,0.735724151134491,-0.25605353713035583,0.5842440128326416,-0.26272228360176086,-0.16826017200946808,0.3456566333770752,0.8306723237037659,-0.23754651844501495,0.4783135950565338,0.5838620066642761,-0.10329222679138184,-0.23060952126979828,0.12595684826374054,-0.2407478243112564,-0.1398913860321045,0.09332039207220078,0.02348058484494686,0.2137673944234848,0.4656282663345337,-0.2336716204881668,-0.15116731822490692,0.6829970479011536,0.08192559331655502,-0.1615401953458786,0.4586665630340576,-0.2072322815656662,-0.24394400417804718,-0.18224990367889404,-0.06586083769798279,-0.234636589884758,-0.26800307631492615,0.32831910252571106,0.6045442223548889,0.0773349404335022,-0.0989139974117279,-0.12291669100522995,0.675229549407959,-0.221890389919281,-0.19615702331066132,0.26616960763931274,0.1176627054810524,-0.2518576681613922,-0.19752050936222076,-0.13058839738368988,-0.20775389671325684,-0.0807940885424614,-0.23860667645931244,0.14615631103515625,0.7606871724128723,0.06705301254987717,-0.0920490026473999,0.38917091488838196,-0.17411941289901733,0.3675762712955475,-0.01859370805323124,0.5050489902496338,-0.1439990997314453,-0.14986099302768707,0.21433000266551971,-0.19202475249767303,-0.17275278270244598,-0.2379479855298996,0.5613588690757751,-0.14576871693134308,0.8948173522949219,-0.11530774086713791,-0.1756446808576584,0.0808192566037178,-0.08257617801427841,0.6139100193977356,-0.02942744642496109,0.3994211256504059,-0.18272484838962555,1.092936635017395,-0.1733788251876831,-0.19226491451263428
30,372,541,397,564,0.12651784718036652,-0.26951175928115845,-0.1436442881822586,1.1986380815505981,-0.16511599719524384,-0.07184219360351562,0.12008695304393768,-0.16617903113365173,-0.24654576182365417,-0.2549140453338623,0.22167964279651642,-0.25653257966041565,0.0315508097410202,-0.1309559941291809,-0.053099773824214935,-0.22630257904529572,-0.24451091885566711,-0.1762581169605255,-0.23011279106140137,-0.1900266855955124,0.08059004694223404,0.9099433422088623,0.35301369428634644,1.1124759912490845,0.5070606470108032,-0.1400611251592636,-0.23103374242782593,-0.22936157882213593,0.11349155008792877,0.24129897356033325,-0.15728360414505005,-0.2277931571006775,-0.23131777346134186,0.13923567533493042,-0.21514761447906494,-0.22344395518302917,0.023630350828170776,0.09499043971300125,-0.23720872402191162,-0.1350267380475998,-0.24118155241012573,0.11586315929889679,0.1732417792081833,0.1803213208913803,-0.2126603126525879,-0.25462740659713745,-0.2719675302505493,0.704357922077179,1.5295748710632324,0.1868310123682022,1.0081775188446045,-0.17063766717910767,0.07562445849180222,-0.19893565773963928,0.0045927464962005615,-0.2476496398448944,-0.26672154664993286,0.646613597869873,1.428457260131836,-0.1551235169172287,-0.20254908502101898,0.14313361048698425,-0.19005542993545532,-0.22686907649040222,-0.18096405267715454,-0.04484884440898895,-0.2574310004711151,0.1827026754617691,0.023064762353897095,0.3244917392730713,0.553575873374939,-0.22354468703269958,-0.1045619547367096,0.07513803243637085,-0.16976290941238403,-0.020104600116610527,0.007700011134147644,-0.21249595284461975,-0.26321402192115784,-0.16916465759277344,0.9592531323432922,-0.15858998894691467,-0.2669512629508972,-0.191341832280159,0.05553266033530235,-0.07980388402938843,-0.25499069690704346,-0.16328230500221252,-0.10626473277807236,-0.27052801847457886,-0.2775953412055969,0.616339921951294,0.019584976136684418,-0.07177619636058807,-0.2069161981344223,0.15749414265155792,-0.25378429889678955,-0.23240384459495544,-0.2562173008918762,0.004648581147193909,-0.20542749762535095,-0.04719462990760803,-0.05904044955968857,0.20665080845355988,-0.18375128507614136,0.4323347806930542,-0.12933789193630219,-0.21624504029750824,-0.04719352349638939,-0.18206825852394104,-0.09959147870540619,0.08320130407810211,-0.23883773386478424,-0.1886095106601715,0.028096243739128113,-0.08319973945617676,-0.006144657731056213,-0.2048879712820053,-0.22894185781478882,0.0411137118935585,-0.15269190073013306,0.10990477353334427,-0.2714928984642029,0.44831162691116333,-0.0825572982430458,-0.13477355241775513,-0.13704976439476013,-0.10970240831375122
31,622,692,650,719,0.18171760439872742,-0.25733792781829834,-0.19839365780353546,1.0234925746917725,-0.20970523357391357,-0.24317027628421783,0.04387667775154114,-0.20854663848876953,-0.21737642586231232,-0.26558566093444824,0.5442312359809875,-0.25801926851272583,-0.0739339217543602,1.982017159461975,0.8396949172019958,-0.22638225555419922,-0.23458996415138245,0.010749995708465576,-0.26246824860572815,0.48670655488967896,-0.03830578923225403,1.0670568943023682,0.5063560605049133,-0.24749043583869934,1.0335352420806885,-0.16865211725234985,0.3244592845439911,-0.06024683266878128,0.07196067273616791,0.18838953971862793,-0.15337100625038147,0.3345629572868347,-0.23021522164344788,0.13423945009708405,-0.21581898629665375,-0.2713479995727539,-0.2546089291572571,0.03955432027578354,-0.17372015118598938,-0.1495623141527176,-0.2696094810962677,-0.21371611952781677,0.10613220185041428,-0.13336528837680817,-0.11485584080219269,-0.06588081270456314,-0.2207927703857422,0.13781975209712982,-0.00734819658100605,0.04426176846027374,0.8508038520812988,0.9711872339248657,0.1390606015920639,-0.23432205617427826,-0.09485743939876556,-0.2289113998413086,-0.2538425922393799,0.22022917866706848,1.3166807889938354,-0.17474588751792908,-0.2249172329902649,0.1766967475414276,0.0679251030087471,-0.2513253092765808,0.36675742268562317,-0.08792201429605484,-0.21862417459487915,0.5365337133407593,-0.17064101994037628,0.14802822470664978,0.5428526401519775,-0.25951820611953735,-0.07829395681619644,0.022246643900871277,0.8089803457260132,-0.18248118460178375,-0.07608761638402939,-0.1699148267507553,-0.26713329553604126,-0.13757452368736267,0.09619826078414917,-0.27433454990386963,-0.2743629217147827,0.6668288707733154,0.11296916753053665,0.06223752349615097,-0.15436747670173645,-0.181870698928833,0.13029968738555908,-0.26162323355674744,-0.24821016192436218,0.5415414571762085,0.021265514194965363,-0.2690187692642212,-0.20435523986816406,-0.14701807498931885,-0.14942385256290436,-0.17323775589466095,-0.24105656147003174,0.26546889543533325,0.5183393359184265,0.042295701801776886,-0.035754527896642685,0.04044371843338013,-0.18078941106796265,-0.12228582054376602,0.14937037229537964,0.7011570334434509,-0.20239998400211334,-0.11120997369289398,-0.14560100436210632,-0.25965845584869385,-0.17575380206108093,-0.1431201696395874,0.1833604872226715,-0.2604236304759979,0.13995832204818726,-0.19173893332481384,-0.0468938946723938,0.10850252211093903,-0.005247429013252258,0.28851059079170227,-0.1859658807516098,0.9947391748428345,-0.22984996438026428,0.02875615656375885,-0.18927405774593353,-0.1856827437877655
32,525,538,559,570,0.41286665201187134,-0.2536643147468567,-0.01609896495938301,0.9531253576278687,-0.1461889147758484,0.5609846115112305,0.41296082735061646,-0.2261129468679428,0.5513134002685547,-0.23434226214885712,0.486051470041275,-0.21850568056106567,-0.12464838474988937,-0.04415800794959068,0.4563862681388855,-0.24833431839942932,0.8798213005065918,-0.24174359440803528,0.2661491930484772,-0.1590901017189026,0.3974938690662384,0.33217155933380127,0.5168643593788147,1.1118590831756592,-0.2056562900543213,0.16011492908000946,-0.057387575507164,-0.2550620138645172,0.7575448751449585,0.4221632182598114,-0.23295162618160248,-0.210597962141037,-0.047594260424375534,0.5972210168838501,-0.20797620713710785,0.187770813703537,-0.17875660955905914,0.005075529217720032,-0.22610433399677277,0.060553550720214844,0.04253711551427841,-0.17021286487579346,-0.02587008848786354,0.45627936720848083,0.22076758742332458,-0.1265162229537964,-0.1977146863937378,1.4404680728912354,0.17421481013298035,0.3085166811943054,0.6305380463600159,0.5335330367088318,0.3293052911758423,-0.22617241740226746,0.37662291526794434,-0.23099002242088318,0.004638262093067169,0.6693047285079956,1.2388224601745605,-0.24721677601337433,0.3769007921218872,0.1543709933757782,-0.16732922196388245,0.19394463300704956,0.1101023256778717,0.49379926919937134,1.1779438257217407,-0.08315616846084595,0.3263130784034729,0.043745435774326324,0.6326785087585449,-0.2095290869474411,-0.22840218245983124,0.47974830865859985,-0.16525784134864807,-0.13091178238391876,0.11801426857709885,-0.22798940539360046,0.10206113010644913,-0.1515011191368103,0.40658682584762573,-0.23896071314811707,-0.2268366813659668,0.17616106569766998,0.4236299395561218,-0.18560166656970978,-0.03784652426838875,-0.09945765882730484,-0.04236319288611412,-0.18920990824699402,-0.16527220606803894,0.07411274313926697,0.21327419579029083,-0.14904385805130005,0.1095375046133995,0.15935683250427246,-0.19579362869262695,-0.0011852607131004333,-0.27294981479644775,0.2419293075799942,0.5094136595726013,-0.027184993028640747,0.004559379070997238,0.2593449652194977,0.08896057307720184,0.1231968030333519,-0.04671626538038254,0.9979060888290405,0.15056096017360687,-0.17297500371932983,0.5069917440414429,-0.017471835017204285,-0.2060331106185913,0.4585862159729004,0.22693943977355957,-0.13090547919273376,0.29504022002220154,-0.24633055925369263,-0.057149507105350494,0.08169299364089966,-0.1439828872680664,0.33958446979522705,0.7812263369560242,0.6544357538223267,-0.17304402589797974,0.6356731653213501,0.2113507241010666,-0.18937572836875916
33,295,329,356,388,0.857221782207489,-0.19972720742225647,0.2479272037744522,1.0365461111068726,-0.24511319398880005,-0.1855129450559616,0.3942103981971741,-0.1797156035900116,-0.14420749247074127,-0.2371160238981247,0.2522156536579132,-0.11687684804201126,0.01991841197013855,0.08868385851383209,0.30387595295906067,-0.1997404396533966,-0.11410057544708252,-0.04428264498710632,0.47588929533958435,-0.050452351570129395,0.5727051496505737,-0.11302395164966583,0.956788957118988,0.19296546280384064,-0.004389346577227116,0.31609052419662476,-0.20622298121452332,-0.16017493605613708,0.5157192945480347,0.7891138792037964,-0.15873822569847107,-0.20834070444107056,-0.0591949038207531,0.30881431698799133,-0.14820903539657593,-0.0214061476290226,-0.2320767641067505,0.5582984089851379,-0.18654590845108032,0.09938773512840271,-0.1859997808933258,-0.18860743939876556,-0.04387178272008896,0.41768306493759155,0.19454309344291687,-0.1900775134563446,-0.2473614513874054,0.3800726532936096,0.2351946085691452,0.7834358215332031,0.23808416724205017,-0.015787996351718903,0.8294990062713623,-0.24616992473602295,0.25076040625572205,0.030889952555298805,-0.10826724767684937,0.23471248149871826,0.5847924947738647,-0.19009935855865479,0.5032857060432434,0.539225697517395,-0.1084844172000885,0.0006658937782049179,0.2665559649467468,0.2621595561504364,0.0290518831461668,0.4373614192008972,0.07884972542524338,0.7254309058189392,0.4856296181678772,-0.1570250689983368,0.14712566137313843,0.3978436291217804,-0.20481310784816742,0.03490658104419708,0.16675792634487152,0.17354357242584229,-0.192008376121521,-0.19520217180252075,0.11036308109760284,-0.20646069943904877,-0.27035701274871826,0.5043814182281494,0.06628840416669846,0.2025194615125656,-0.18601782619953156,-0.19168691337108612,0.19184134900569916,-0.2487991750240326,0.014520160853862762,0.48150235414505005,0.2964037358760834,-0.2509538233280182,-0.14880260825157166,-0.18573243916034698,-0.2298734337091446,-0.09685244411230087,-0.23238405585289001,0.19094330072402954,-0.06996382772922516,0.2753107249736786,-0.004570303484797478,0.5997748374938965,0.5348807573318481,0.20060569047927856,0.08444001525640488,0.14782941341400146,-0.049743711948394775,-0.13954997062683105,0.33310362696647644,-0.18829487264156342,-0.13361257314682007,-0.10223983228206635,0.6406198740005493,-0.10921047627925873,1.0056995153427124,-0.08121298253536224,-0.20459267497062683,-0.029482271522283554,-0.16245144605636597,0.26658788323402405,0.06368722021579742,0.532417356967926,-0.0654001459479332,0.8328561782836914,0.020026210695505142,-0.19978712499141693
34,356,281,433,345,0.6513718366622925,-0.1987444907426834,0.48924192786216736,1.0606801509857178,-0.22905094921588898,-0.1519058644771576,0.17744728922843933,-0.15488314628601074,-0.13397037982940674,-0.2288697063922882,0.29888516664505005,0.22242958843708038,-0.03883751481771469,0.2607601284980774,0.362508624792099,-0.1720675528049469,-0.20623573660850525,0.12839354574680328,0.4305567741394043,-0.06171340495347977,0.3235374391078949,-0.017679398879408836,0.783787727355957,0.12021174281835556,0.1402561217546463,0.2664712071418762,-0.16543994843959808,-0.11549868434667587,0.6472935080528259,0.5282947421073914,-0.13342230021953583,-0.20010705292224884,-0.056445490568876266,0.21305260062217712,-0.14391252398490906,-0.08353310823440552,-0.23295757174491882,0.6914650201797485,-0.21804754436016083,0.23722600936889648,-0.19014331698417664,-0.1729576140642166,0.14093786478042603,0.3672884404659271,0.08539555966854095,-0.20419025421142578,-0.22578568756580353,0.25440818071365356,0.2971991300582886,0.6866047978401184,0.17144069075584412,0.030235406011343002,0.4439283311367035,-0.24141612648963928,0.3496676981449127,0.07274474203586578,-0.19467446208000183,0.25060907006263733,0.5463255047798157,-0.18645131587982178,0.41072210669517517,0.5832573175430298,-0.11185137927532196,-0.054949332028627396,0.29411137104034424,0.13882803916931152,-0.11727006733417511,0.38461223244667053,0.09875144064426422,0.8047005534172058,0.6263672709465027,-0.1165357232093811,0.18708212673664093,0.46905893087387085,-0.13797584176063538,0.09492109715938568,0.10440272092819214,-0.07828620076179504,-0.1967889368534088,-0.22011108696460724,0.1286933422088623,-0.19297362864017487,-0.2679685056209564,0.8617688417434692,-0.056931138038635254,0.2875168025493622,-0.15156300365924835,-0.21122269332408905,0.3147738575935364,-0.2503809630870819,0.0023715062998235226,0.4352005422115326,0.30714961886405945,-0.252705842256546,-0.09427899867296219,-0.19829651713371277,-0.2233573943376541,-0.11174581199884415,-0.133146271109581,0.185731440782547,0.018320757895708084,0.21535401046276093,-0.006059133913367987,0.38923731446266174,0.3498184084892273,0.36001941561698914,0.07602670043706894,0.0660741850733757,-0.07316456735134125,-0.0717967078089714,0.12359718233346939,-0.19368718564510345,0.030061829835176468,-0.1551130712032318,0.6659862995147705,-0.14583586156368256,0.9811748266220093,-0.02399471029639244,-0.21538004279136658,-0.01698482781648636,-0.15557341277599335,0.27175766229629517,-0.09631247818470001,0.33695173263549805,-0.03527575731277466,0.7553976774215698,-0.0791582465171814,-0.17092780768871307
35,226,247,306,326,0.6033856868743896,-0.18186792731285095,0.35078147053718567,1.043867588043213,-0.2313748151063919,-0.14017599821090698,0.1560763120651245,-0.14466162025928497,-0.10294032841920853,-0.19968004524707794,0.3021548092365265,-0.1166130006313324,-0.060903262346982956,0.13009771704673767,0.2165527194738388,-0.1669677197933197,-0.18112051486968994,-0.11308138072490692,0.22645656764507294,-0.20693045854568481,0.13482892513275146,-0.011636265553534031,0.6908798813819885,0.012775723822414875,0.08070877939462662,0.07723959535360336,-0.19692814350128174,-0.1237124651670456,0.3755297064781189,0.3430615961551666,-0.054217129945755005,-0.23274381458759308,-0.08268886804580688,0.22010226547718048,-0.12177035957574844,-0.16883918642997742,-0.23560628294944763,0.5144554972648621,-0.17025591433048248,0.20447193086147308,-0.2547604739665985,-0.18928229808807373,0.0653078556060791,0.15210065245628357,0.14322634041309357,-0.1931057721376419,-0.22147129476070404,0.34588515758514404,0.2180391252040863,0.5039069652557373,0.155849426984787,-0.09677555412054062,0.5843047499656677,-0.23775970935821533,0.5179693698883057,0.11462923884391785,-0.2109692245721817,0.062009021639823914,0.4970914423465729,-0.20835399627685547,0.35987770557403564,0.6268660426139832,-0.14569376409053802,-0.15061601996421814,0.270906537771225,0.10334286093711853,-0.1031598299741745,0.25935429334640503,0.04481741786003113,0.7418262958526611,0.5354072451591492,-0.17917776107788086,0.06698580086231232,0.22131812572479248,-0.19286485016345978,-0.060979343950748444,0.21488380432128906,-0.12516653537750244,-0.2017291635274887,-0.15515892207622528,0.17260517179965973,-0.19910776615142822,-0.26262393593788147,0.5422992706298828,-0.01824435219168663,0.4194701313972473,-0.14532513916492462,-0.2103722244501114,0.2097877860069275,-0.23577579855918884,-0.13949228823184967,0.42908141016960144,0.3256264626979828,-0.25496354699134827,-0.12448415905237198,-0.19383902847766876,-0.22142745554447174,-0.11927744746208191,-0.15025807917118073,0.21912187337875366,-0.10257158428430557,0.10030821710824966,-0.025053873658180237,0.48910531401634216,0.06399813294410706,0.29641634225845337,0.16623611748218536,0.1608937829732895,-0.09102170914411545,-0.06475219875574112,0.15065933763980865,-0.21796637773513794,0.017658596858382225,-0.17761245369911194,0.6035751104354858,-0.19546476006507874,0.8381175994873047,-0.20654231309890747,-0.25649669766426086,-0.043560609221458435,-0.13965800404548645,0.23094040155410767,0.0242521483451128,0.3339653015136719,-0.1092228963971138,0.717957615852356,-0.06593790650367737,-0.19923219084739685
36,349,727,394,766,0.77274489402771,-0.19143573939800262,-0.017228424549102783,1.005743145942688,-0.23819537460803986,-0.15485231578350067,0.32212427258491516,-0.14519067108631134,-0.22955168783664703,-0.2503941059112549,0.29475700855255127,-0.2000410556793213,0.015344339422881603,0.09695377200841904,0.26353248953819275,-0.18351991474628448,-0.08481521159410477,0.01845013163983822,-0.09701713174581528,-0.05449165031313896,0.17389655113220215,0.15505115687847137,0.40400031208992004,0.503882110118866,-0.0999995768070221,0.047944411635398865,-0.1712549924850464,0.007132624741643667,0.3818577229976654,0.32273146510124207,-0.18898020684719086,-0.07153645157814026,-0.0787070170044899,0.28052470088005066,-0.1332577019929886,-0.15038417279720306,-0.22773808240890503,0.17242121696472168,-0.23153360188007355,0.23910240828990936,-0.18577049672603607,-0.1839306801557541,-0.084446482360363,0.0997612401843071,-0.007603086531162262,-0.21816594898700714,-0.2011326402425766,0.3225034773349762,0.047425419092178345,0.3153243362903595,0.4427814781665802,-0.014469370245933533,0.5323982834815979,-0.22915299236774445,0.4864695966243744,-0.01763291098177433,0.1385706663131714,0.046964049339294434,0.603017270565033,-0.18639159202575684,0.16344662010669708,0.6057144999504089,-0.17306242883205414,-0.15243734419345856,0.4735436737537384,-0.16537995636463165,0.23357635736465454,0.38608989119529724,0.024857886135578156,0.42224371433258057,0.8850509524345398,-0.1450970619916916,-0.12196937948465347,0.07129000872373581,-0.1535673588514328,-0.0743059441447258,0.3110033869743347,-0.17472593486309052,-0.11377330869436264,-0.24469904601573944,0.25921496748924255,-0.21736888587474823,-0.2751389443874359,0.8236789107322693,-0.023517495021224022,0.2101031094789505,-0.15540167689323425,-0.198655366897583,0.13297605514526367,-0.2199355512857437,-0.04680827260017395,0.2779914438724518,0.20918552577495575,-0.2437465935945511,0.5556259751319885,-0.15914738178253174,-0.24037599563598633,-0.008053774945437908,-0.259029358625412,0.19059883058071136,0.13975836336612701,0.13121472299098969,-0.044631946831941605,0.39905548095703125,-0.02156076394021511,0.13240860402584076,0.0695607140660286,0.6561570763587952,-0.16636782884597778,0.05726241692900658,0.5191054940223694,-0.11248553544282913,-0.08449029922485352,-0.1948060244321823,0.5171786546707153,-0.1797102689743042,0.4822571575641632,-0.2447911947965622,-0.1848846673965454,0.03316209837794304,-0.15611405670642853,0.19493000209331512,0.3790896236896515,0.5945920944213867,-0.1090802252292633,0.5618909597396851,0.09447851032018661,-0.197740375995636
37,657,687,686,714,0.21658235788345337,-0.2780769169330597,-0.141983762383461,1.1506633758544922,-0.13142234086990356,-0.1102139875292778,0.38506388664245605,-0.23807407915592194,-0.21056313812732697,-0.24914565682411194,0.6291780471801758,-0.22451308369636536,0.06816108524799347,0.35953274369239807,0.133674755692482,-0.24673330783843994,0.8242065906524658,-0.200261652469635,-0.21984723210334778,0.07579611241817474,0.1593383252620697,1.2840980291366577,0.4453703463077545,0.138340562582016,1.2337373495101929,-0.21839487552642822,0.004994392395019531,-0.07044481486082077,0.12800922989845276,0.05880167335271835,-0.23587197065353394,-0.24767039716243744,-0.1862073838710785,0.30107080936431885,-0.22635005414485931,-0.15922310948371887,-0.08332723379135132,0.2061261534690857,-0.2196052521467209,-0.05496273189783096,-0.2000884711742401,-0.09605737775564194,0.265352725982666,1.3800973892211914,-0.1510159969329834,-0.263089120388031,-0.27770939469337463,0.547978937625885,0.2810191214084625,0.29887986183166504,1.1136265993118286,0.34916189312934875,0.5932193994522095,-0.2447095513343811,0.1183919832110405,-0.2745690941810608,-0.26627540588378906,0.6158254742622375,1.7701067924499512,-0.23760518431663513,-0.21654149889945984,0.2792120575904846,-0.11903451383113861,-0.14976027607917786,0.04830843210220337,0.0861431211233139,-0.16909047961235046,0.3984535336494446,-0.03083609789609909,0.18513166904449463,0.5438019037246704,-0.21894556283950806,-0.1999119222164154,0.30831944942474365,-0.027322277426719666,0.10116159915924072,-0.20318633317947388,-0.1891683042049408,-0.20929943025112152,-0.13186562061309814,0.7395952343940735,-0.2647932171821594,-0.25828438997268677,0.35721975564956665,-0.1770867556333542,-0.2759521007537842,-0.08735793828964233,-0.13193713128566742,0.1072724461555481,-0.2781538963317871,-0.14720503985881805,0.31593409180641174,-0.17654964327812195,-0.1684294492006302,-0.2201017439365387,0.04433130472898483,-0.21564741432666779,-0.05252290889620781,-0.248678520321846,0.06073813885450363,-0.10136488080024719,0.008320525288581848,0.3080708682537079,0.26722899079322815,-0.21312522888183594,-0.013620272278785706,0.11266779899597168,0.13785894215106964,0.31776413321495056,-0.27039432525634766,-0.15872405469417572,-0.09290674328804016,-0.10902059823274612,-0.2462882101535797,0.07877394556999207,-0.19083759188652039,0.0009564310312271118,-0.26776421070098877,-0.19482317566871643,-0.07841300964355469,-0.11604926735162735,0.16137386858463287,-0.09479276835918427,0.39403361082077026,-0.14357708394527435,-0.07618967443704605,-0.1332302689552307,-0.15163961052894592
38,335,575,363,601,0.28873342275619507,-0.26785796880722046,-0.11637192964553833,1.0869272947311401,-0.1690572202205658,-0.2462020367383957,0.05582788959145546,-0.1781529039144516,-0.18651080131530762,-0.2341659665107727,0.5610911846160889,-0.23334653675556183,0.010248437523841858,0.017502836883068085,0.1839027851819992,-0.21113765239715576,1.2676769495010376,-0.18576587736606598,-0.2608115077018738,-0.21634244918823242,0.1287214159965515,0.6966204047203064,0.5111631751060486,0.1634438931941986,0.47519928216934204,-0.21393585205078125,-0.2223631739616394,-0.20119497179985046,0.3132489025592804,0.1816910058259964,-0.15945011377334595,-0.24520151317119598,-0.11749041080474854,0.2819063663482666,-0.232644721865654,-0.10780520737171173,-0.10930918902158737,0.11847525089979172,-0.23068971931934357,-0.16429921984672546,-0.2129431664943695,-0.06976279616355896,-0.19911468029022217,0.4939197897911072,-0.05668431892991066,-0.21152035892009735,-0.21626445651054382,0.5488358736038208,-0.06422684341669083,0.10646621137857437,0.7647586464881897,-0.044871021062135696,0.3273700177669525,-0.23670725524425507,0.18753305077552795,-0.24685175716876984,-0.26673194766044617,0.5918793678283691,1.1479032039642334,-0.1893940567970276,-0.11034198105335236,0.6018442511558533,-0.15528282523155212,0.24560929834842682,-0.11864668130874634,0.12051026523113251,0.002213791012763977,0.27073848247528076,-0.033694781363010406,0.2492401897907257,0.5044354200363159,-0.23376218974590302,-0.21383912861347198,0.31387859582901,0.10719270259141922,-0.16451162099838257,0.032553113996982574,-0.2640812397003174,-0.2076459527015686,-0.19434939324855804,-0.07262059301137924,-0.2666260004043579,-0.26723572611808777,-0.0460762158036232,0.022907990962266922,-0.012622762471437454,0.1675136834383011,-0.1616872400045395,0.11293775588274002,-0.2024400383234024,-0.2184796929359436,0.10584093630313873,0.4595797061920166,-0.11997504532337189,-0.23837721347808838,0.0818873941898346,-0.2048628330230713,0.22329536080360413,-0.2620377242565155,0.08999835699796677,0.11831606179475784,-0.07210403680801392,-0.0377291664481163,0.2662513256072998,-0.2617989182472229,0.13835787773132324,-0.09585443884134293,-0.2382003664970398,0.46086981892585754,-0.08270244300365448,-0.1558079719543457,-0.01768532395362854,-0.19646725058555603,-0.23461034893989563,0.312256395816803,-0.10622867941856384,0.10738436877727509,-0.27735453844070435,-0.2171841859817505,0.05718733370304108,-0.14311423897743225,0.42924362421035767,-0.2488459199666977,0.19210946559906006,-0.17237937450408936,0.18417786061763763,-0.15364262461662292,-0.1421375274658203
39,607,148,638,177,0.48817992210388184,-0.22948172688484192,-0.14911244809627533,1.0914431810379028,-0.10964784026145935,-0.2511410415172577,0.38650065660476685,-0.23376335203647614,0.10795435309410095,-0.24936017394065857,0.6919608116149902,-0.22476434707641602,-0.09561790525913239,0.6796892285346985,0.6069747805595398,-0.2460777908563614,1.1089550256729126,-0.21734365820884705,-0.1452038288116455,-0.20753087103366852,0.12868686020374298,1.0330626964569092,0.37446069717407227,-0.04840077459812164,-0.16176320612430573,-0.21325066685676575,-0.1649867594242096,-0.2423161119222641,0.6162741780281067,-0.05266362428665161,-0.24570363759994507,-0.17840057611465454,-0.20090049505233765,1.2787240743637085,-0.09773854166269302,0.22694668173789978,-0.017111878842115402,0.01609232649207115,0.39298775792121887,-0.18420150876045227,-0.050984565168619156,0.002083614468574524,-0.11250722408294678,-0.06214556097984314,0.24948439002037048,0.21847601234912872,-0.23150168359279633,1.6215713024139404,0.2743140459060669,0.2913477420806885,0.1934422105550766,-0.017383944243192673,0.21551556885242462,-0.09363212436437607,0.9091215133666992,-0.24171645939350128,-0.16833192110061646,0.38050854206085205,0.7627615928649902,-0.1385335922241211,0.2985694408416748,0.23174598813056946,-0.1306491494178772,0.22568479180335999,0.05945611745119095,0.1841144561767578,-0.022433660924434662,-0.03289520740509033,0.573492169380188,0.04912959039211273,0.3973035514354706,-0.19541960954666138,-0.20536699891090393,0.37176308035850525,-0.09016776829957962,-0.17297135293483734,1.7884576320648193,-0.1357872635126114,0.8580231070518494,-0.11660585552453995,-0.06072811782360077,-0.27595531940460205,-0.26328808069229126,0.13961085677146912,0.9376782178878784,0.08352771401405334,-0.1714922934770584,-0.10748231410980225,0.15353259444236755,-0.2653307318687439,-0.23166611790657043,0.17635920643806458,0.6741312146186829,-0.08637206256389618,-0.2164778709411621,0.1927008330821991,-0.09938773512840271,-0.15836970508098602,-0.25439631938934326,0.03215498477220535,0.5408058166503906,-0.03959503024816513,-0.1683141440153122,0.3595437705516815,-0.19705021381378174,0.32403549551963806,-0.04311186447739601,0.3019217252731323,-0.1899028718471527,-0.16599564254283905,1.3459148406982422,-0.028809137642383575,-0.15010380744934082,-0.05556955933570862,0.13644303381443024,-0.07354740798473358,0.31066596508026123,-0.20139683783054352,-0.08986127376556396,0.5469375252723694,0.012123961001634598,0.9940784573554993,-0.14272616803646088,0.06362277269363403,-0.1652669608592987,0.9933156967163086,0.27037954330444336,-0.15971411764621735
40,353,814,399,853,1.2006592750549316,-0.24421632289886475,0.19607947766780853,1.0401314496994019,-0.19439320266246796,0.4836867153644562,0.3166278302669525,-0.19606220722198486,0.2355942577123642,-0.2025729864835739,0.19849556684494019,1.2899545431137085,-0.17425233125686646,0.19565576314926147,0.3362760841846466,-0.23092223703861237,0.3894270956516266,-0.20176678895950317,1.4734560251235962,0.033656518906354904,-0.011913475580513477,0.35944652557373047,0.13539360463619232,-0.07383503764867783,0.44459810853004456,0.8232436180114746,-0.15350709855556488,-0.018442144617438316,0.08822870254516602,0.9331668019294739,-0.24072957038879395,-0.14281721413135529,0.025623105466365814,0.019245168194174767,-0.1690398007631302,0.2834620475769043,-0.20725883543491364,-0.030652230605483055,0.01419277023524046,0.10691267251968384,0.055772483348846436,-0.13229721784591675,-0.04219566658139229,-0.046912599354982376,-0.08082348108291626,-0.19638673961162567,-0.1981416940689087,0.4959467649459839,0.5525332093238831,0.08076086640357971,0.34145060181617737,0.2193387895822525,0.022452078759670258,-0.239578977227211,1.4453917741775513,-0.22511740028858185,0.1513901799917221,0.9993751645088196,0.8035492897033691,-0.12363600730895996,0.6141176223754883,-0.05073487386107445,0.04395917057991028,-0.18802803754806519,-0.15102769434452057,0.2175862193107605,0.9410039782524109,0.11869963258504868,-0.08297156542539597,0.4208265244960785,0.39273563027381897,-0.23692917823791504,-0.11094852536916733,1.1156367063522339,-0.07479792088270187,-0.07534089684486389,0.16219188272953033,-0.2249976247549057,-0.05224646255373955,-0.18993805348873138,0.2541293203830719,-0.24682867527008057,-0.26866570115089417,2.2186076641082764,0.2731637954711914,-0.12619982659816742,0.017272725701332092,-0.13085678219795227,-0.0030954889953136444,-0.19532424211502075,-0.21759724617004395,0.38517633080482483,-0.001940841437317431,-0.23185841739177704,0.5297068953514099,-0.033722247928380966,-0.25180354714393616,0.03642584756016731,-0.24562285840511322,0.07980381697416306,-0.11423823982477188,-0.16949550807476044,0.06160495802760124,0.014721494168043137,0.9888556599617004,0.2226228266954422,-0.054402198642492294,1.406082034111023,-0.14946365356445312,-0.24335962533950806,0.8280658721923828,-0.0869823768734932,-0.08161455392837524,-0.20424771308898926,0.6590234041213989,0.04839792475104332,0.018266836181282997,0.06444700807332993,0.12455740571022034,0.17131644487380981,-0.18469838798046112,0.38350537419319153,0.5420895218849182,0.6452006697654724,-0.18975861370563507,1.3504194021224976,-0.25692883133888245,-0.21973128616809845
41,264,582,313,628,0.9045717716217041,-0.22761519253253937,0.19680632650852203,1.0234675407409668,-0.22573743760585785,-0.18075557053089142,0.3020217716693878,-0.16999146342277527,-0.26142698526382446,-0.2634207606315613,0.2574523687362671,-0.10870415717363358,-0.02164304256439209,0.3834424614906311,0.3446580171585083,-0.18835268914699554,-0.008279932662844658,0.03870891034603119,0.2654259502887726,-0.02590212970972061,0.2696267366409302,-0.026351140812039375,0.5870087742805481,0.015153352171182632,-0.07760631293058395,0.3581579923629761,-0.18481431901454926,-0.1760530024766922,0.7760388851165771,0.5305054187774658,-0.16064788401126862,-0.18549920618534088,-0.1340862363576889,0.3383815884590149,-0.13882239162921906,-0.08086124807596207,-0.2123066931962967,0.3366144895553589,-0.19276116788387299,-0.0050549558363854885,-0.15527820587158203,-0.17221230268478394,-0.021406838670372963,0.47000250220298767,0.3014856278896332,-0.18810813128948212,-0.2267303764820099,0.4019812345504761,0.258756160736084,0.4564536511898041,0.30641528964042664,0.28802669048309326,0.6685578227043152,-0.2515435516834259,0.4254487454891205,-0.0766831561923027,0.14957983791828156,0.35132765769958496,0.5947408676147461,-0.2220381498336792,0.33305516839027405,0.6702178716659546,-0.1749935746192932,0.23878595232963562,0.5272481441497803,0.20982758700847626,0.0607706718146801,0.49815404415130615,-0.011679943650960922,0.6548066139221191,0.5718410015106201,-0.16305473446846008,-0.032535165548324585,0.241916686296463,-0.15554769337177277,0.04887187108397484,0.43556150794029236,-0.051231499761343,-0.1176641508936882,-0.23278015851974487,0.004790223203599453,-0.2190818041563034,-0.2705428898334503,0.30016472935676575,0.1446448117494583,-0.03024790622293949,-0.13563419878482819,-0.20553186535835266,0.06482592225074768,-0.217440664768219,-0.13214245438575745,0.14677873253822327,0.2301177680492401,-0.2617644667625427,-0.026088450103998184,-0.11690226197242737,-0.24762699007987976,0.023067869246006012,-0.23322425782680511,0.11528421938419342,0.07688859105110168,0.13945803046226501,0.005528479814529419,0.5709120035171509,0.2545276880264282,0.37639909982681274,0.013857368379831314,0.061115749180316925,-0.1475275158882141,-0.09396650642156601,0.4914073348045349,-0.17632071673870087,0.07191184163093567,-0.02976285107433796,0.5824390649795532,-0.14653289318084717,0.9284241199493408,-0.18844950199127197,-0.16016250848770142,-0.003065006574615836,-0.15464796125888824,0.2518587112426758,0.1132642924785614,0.5144246816635132,-0.05629001185297966,0.7298312783241272,-0.0055537354201078415,-0.210691899061203
42,568,326,640,384,0.8772035837173462,-0.1864822804927826,0.42241233587265015,1.0626494884490967,-0.24131827056407928,-0.15156283974647522,0.4011942744255066,-0.15461942553520203,-0.14948362112045288,-0.23165079951286316,0.27085748314857483,0.48202580213546753,-0.0024399429094046354,0.24432353675365448,0.31509071588516235,-0.18324193358421326,-0.16760216653347015,-0.04402903839945793,0.33201494812965393,-0.04784411936998367,0.5102235078811646,-0.02466357685625553,0.8756130337715149,0.041522033512592316,-0.02589227631688118,0.29273486137390137,-0.1833764910697937,-0.1794680655002594,0.692367672920227,0.6853803396224976,-0.09178479015827179,-0.20287644863128662,-0.08337906748056412,0.2118874341249466,-0.12563841044902802,-0.021140482276678085,-0.22359690070152283,0.6103079915046692,-0.19865724444389343,0.07196392118930817,-0.16709919273853302,-0.1600046306848526,0.03286350890994072,0.4002705216407776,0.09780348837375641,-0.2001490294933319,-0.23857203125953674,0.3579551577568054,0.2997136116027832,0.7289685606956482,0.07605520635843277,0.10500506311655045,0.6274070739746094,-0.2463764250278473,0.29150906205177307,0.2293284386396408,-0.13085970282554626,0.2799542248249054,0.5656283497810364,-0.1699581742286682,0.44605523347854614,0.44762951135635376,-0.11530276387929916,-0.025507766753435135,0.35468560457229614,0.16209737956523895,-0.057625483721494675,0.4460109770298004,0.1231410950422287,0.7256597876548767,0.5754196643829346,-0.13481006026268005,0.20005980134010315,0.4764832854270935,-0.19319379329681396,0.05811189487576485,0.24471378326416016,0.07100016623735428,-0.16117903590202332,-0.2258460521697998,0.10136683285236359,-0.1912975311279297,-0.270986944437027,0.7141475677490234,0.01192421279847622,0.0987926498055458,-0.17353937029838562,-0.2193102389574051,0.18795622885227203,-0.2563803791999817,0.046061985194683075,0.3900359570980072,0.3773548901081085,-0.2597700357437134,-0.07823743671178818,-0.17853593826293945,-0.21670565009117126,-0.09173216670751572,-0.18119986355304718,0.16137449443340302,-0.048897139728069305,0.35184258222579956,-0.009505918249487877,0.39009910821914673,0.6032937169075012,0.28958940505981445,0.040943555533885956,-0.002630210015922785,-0.06963775306940079,-0.09864985942840576,0.3438578248023987,-0.1658850610256195,-0.05079137533903122,-0.10267504304647446,0.5942467451095581,-0.13798239827156067,0.91008061170578,-0.016010195016860962,-0.18836185336112976,0.0220560971647501,-0.16895727813243866,0.31258121132850647,-0.020688403397798538,0.38283514976501465,-0.029159169644117355,0.6428576707839966,-0.015958009287714958,-0.18871816992759705
43,495,482,540,524,0.7897178530693054,-0.21213214099407196,0.20455223321914673,0.9848340153694153,-0.22299142181873322,-0.1308656483888626,0.3002989590167999,-0.16335122287273407,-0.22525179386138916,-0.2730337679386139,0.3554723560810089,-0.18760526180267334,-0.07925892621278763,0.37299394607543945,0.19349141418933868,-0.21428214013576508,-0.1319248080253601,-0.19298017024993896,0.1618177741765976,-0.0501432828605175,0.296346515417099,0.06168258190155029,0.5922173857688904,-0.01179763674736023,0.10572453588247299,0.2778399884700775,-0.15963149070739746,-0.07298986613750458,0.29423248767852783,0.5686054229736328,-0.21591784060001373,-0.21935276687145233,-0.12676946818828583,0.3061022460460663,-0.15726570785045624,-0.10905041545629501,-0.23922507464885712,0.15608376264572144,-0.2547609508037567,0.0689910426735878,-0.18455159664154053,-0.20283950865268707,-0.14943037927150726,0.17336595058441162,-0.06677307188510895,-0.2085513323545456,-0.22965054214000702,0.36887040734291077,0.09702769666910172,0.3162371814250946,0.42481136322021484,-0.04549384489655495,0.4524599015712738,-0.2437330037355423,0.6682077050209045,-0.10357103496789932,-0.04469706490635872,0.1179112121462822,0.8676155209541321,-0.1367989033460617,0.007816587574779987,0.18388549983501434,-0.12434538453817368,-0.076649509370327,0.14116279780864716,-0.02961806394159794,0.20176921784877777,0.4879949390888214,-0.08966236561536789,0.4263175427913666,0.40554848313331604,-0.14557808637619019,-0.03939114138484001,0.1011645570397377,-0.0729173794388771,-0.03769947960972786,0.19051462411880493,-0.1268162578344345,-0.14623048901557922,-0.21468156576156616,0.046248823404312134,-0.21866410970687866,-0.27150484919548035,0.7500470280647278,-0.05524243041872978,0.12676285207271576,-0.15579579770565033,-0.15835922956466675,0.06879962980747223,-0.23234985768795013,-0.19236670434474945,0.16051863133907318,0.0888110101222992,-0.24422796070575714,0.42466679215431213,-0.15185372531414032,-0.24232308566570282,-0.18307167291641235,-0.24342752993106842,0.19334030151367188,0.025827834382653236,-0.07985344529151917,0.009810044430196285,0.2512488067150116,0.2193099707365036,0.09354674816131592,0.03176971897482872,0.4445338547229767,-0.11820074170827866,-0.1705724596977234,0.362844318151474,-0.1568780243396759,-0.16608619689941406,-0.22688919305801392,0.6506611704826355,-0.18500739336013794,0.5281703472137451,-0.17003405094146729,-0.1777217835187912,0.006694510579109192,-0.17725329101085663,0.24438022077083588,0.2399766892194748,0.2857794463634491,-0.18568801879882812,0.7517580986022949,-0.04703563451766968,-0.2128121703863144
44,712,662,740,689,1.0749082565307617,-0.2619909644126892,-0.1440695822238922,1.0191843509674072,-0.13465645909309387,0.2039238065481186,0.23536254465579987,-0.21765445172786713,0.4497467875480652,-0.2227269560098648,0.5264962911605835,-0.20556610822677612,-0.1575477421283722,0.7664960026741028,0.1411607265472412,-0.2431713044643402,0.2841308116912842,-0.18743979930877686,-0.2257932871580124,-0.22132694721221924,0.05269183963537216,-0.0733456239104271,0.18500176072120667,0.20688496530056,-0.1191888079047203,1.4905227422714233,-0.10382252931594849,-0.18409013748168945,0.4507075548171997,1.0404255390167236,-0.11414853483438492,0.24233509600162506,0.028801776468753815,0.17847678065299988,-0.19830018281936646,0.3506876826286316,0.04323399066925049,0.07130468636751175,0.4109116196632385,-0.04367406666278839,0.07227396965026855,-0.06242109835147858,-0.2000405490398407,-0.09115725755691528,1.0045300722122192,-0.07463732361793518,-0.18265904486179352,0.4130591154098511,0.41055288910865784,0.5875644683837891,0.7663214206695557,0.9842415452003479,0.16787949204444885,-0.23555034399032593,0.49431663751602173,-0.1582566648721695,0.04718144237995148,0.28445345163345337,1.0251327753067017,-0.24161356687545776,0.034097328782081604,0.3925700783729553,-0.22040723264217377,-0.21214812994003296,0.9871998429298401,0.5276449918746948,0.8392869234085083,0.2754744291305542,0.006391517817974091,0.36421453952789307,0.4925525188446045,-0.25365105271339417,-0.0823710486292839,0.004982076585292816,-0.03755536675453186,0.008738316595554352,1.1076903343200684,-0.2568884491920471,-0.1814827173948288,-0.0968838706612587,-0.01603604108095169,-0.25451964139938354,-0.24611438810825348,0.40031561255455017,0.6035455465316772,-0.18167060613632202,-0.24171337485313416,-0.08969106525182724,-0.002203039824962616,-0.19482791423797607,-0.22376950085163116,0.0546984039247036,0.03434709832072258,0.11411673575639725,-0.06811181455850601,0.2415030598640442,-0.2091701328754425,-0.12009809911251068,-0.2607400417327881,0.2521997094154358,0.8537483215332031,-0.008480571210384369,-0.12096034735441208,0.5633084774017334,-0.046822771430015564,-0.0872325673699379,0.012077003717422485,0.26643994450569153,-0.22296613454818726,-0.2074723094701767,1.3940085172653198,0.06837569177150726,-0.2364424765110016,-0.018139831721782684,0.19428853690624237,-0.09957084059715271,0.8345394134521484,-0.12983275949954987,-0.22365547716617584,0.12215156853199005,-0.012081135995686054,0.1884692907333374,-0.24573718011379242,0.6702934503555298,-0.2110731303691864,1.0951300859451294,0.1764204055070877,-0.17716501653194427
45,404,595,428,618,-0.2766056954860687,-0.2784581780433655,0.09714320302009583,1.3549166917800903,-0.17653359472751617,0.04985993728041649,-0.2767631709575653,-0.2641112804412842,-0.27834758162498474,-0.17065013945102692,1.51045823097229,-0.27565184235572815,-0.2180594652891159,2.3142147064208984,-0.021680636331439018,-0.25510063767433167,-0.272324800491333,-0.020001200959086418,-0.22558118402957916,-0.18347366154193878,-0.18098539113998413,1.1868674755096436,-0.2442885786294937,-0.2772866487503052,0.440483033657074,-0.2564830183982849,-0.2619651257991791,-0.2646177113056183,-0.11703575402498245,-0.2596589922904968,-0.14165599644184113,-0.23639816045761108,-0.2773474156856537,0.4662453830242157,-0.17212297022342682,-0.18213045597076416,0.13326726853847504,-0.07444100081920624,-0.2268623560667038,-0.25895020365715027,-0.24487890303134918,0.3857383728027344,1.4068740606307983,0.8672508001327515,-0.24293114244937897,-0.2760503888130188,-0.27833130955696106,1.2737948894500732,2.4192895889282227,-0.18924938142299652,0.5253549218177795,-0.06396637856960297,-0.21837399899959564,-0.1277838498353958,0.2218381017446518,-0.2735433876514435,-0.1618025302886963,2.2552742958068848,1.7790359258651733,-0.27618491649627686,-0.06067877262830734,0.21831534802913666,-0.051443591713905334,3.106569290161133,-0.05664549022912979,-0.13826489448547363,-0.22952382266521454,0.7852351665496826,-0.2758200168609619,0.29957252740859985,0.28250065445899963,-0.2051938772201538,-0.21940119564533234,0.7850249409675598,0.031622517853975296,-0.10376808792352676,-0.27768054604530334,-0.2700832486152649,0.34025460481643677,-0.09955251961946487,-0.04990893974900246,-0.061887823045253754,-0.1961527168750763,0.050154440104961395,-0.26720455288887024,-0.10931085050106049,-0.2767508029937744,-0.1782112866640091,-0.2778832018375397,-0.26817384362220764,-0.200626403093338,0.1700422465801239,-0.2492263913154602,0.03292873129248619,-0.16758409142494202,0.6205110549926758,-0.2783142924308777,-0.25359341502189636,0.2068326324224472,-0.2649146318435669,-0.2733548581600189,-0.11018698662519455,0.08911360055208206,-0.12322475016117096,-0.12514765560626984,1.790527105331421,-0.2577177882194519,-0.20887532830238342,0.4909222722053528,0.23543865978717804,-0.2579573094844818,0.028929630294442177,-0.023724358528852463,-0.2784299850463867,-0.276878297328949,-0.0014072764897719026,-0.04960700124502182,-0.12273481488227844,0.023376815021038055,0.46508878469467163,-0.19147716462612152,0.07792750000953674,-0.2719952166080475,0.049780409783124924,-0.12780983746051788,-0.2780227065086365,-0.26721781492233276,-0.22960780560970306
46,61,514,96,548,0.7981473803520203,-0.25530004501342773,0.06835933029651642,1.0523635149002075,-0.21170537173748016,0.430448979139328,0.021628066897392273,-0.18970178067684174,0.19707298278808594,-0.23114611208438873,0.3397841155529022,-0.2399570494890213,-0.052995335310697556,0.9355989098548889,0.54425048828125,-0.23678135871887207,0.5236854553222656,-0.1779097318649292,0.1072886660695076,-0.08377017825841904,0.321416437625885,0.5157467722892761,0.5363591313362122,-0.047008220106363297,0.1805151104927063,0.20591561496257782,-0.13756194710731506,-0.17943739891052246,0.05509568750858307,0.7530844211578369,-0.1947985142469406,-0.2278241664171219,-0.1372128278017044,0.3749024569988251,-0.14026017487049103,0.0630815401673317,-0.16256646811962128,0.06002010777592659,0.3404900133609772,-0.09607980400323868,-0.12111765891313553,-0.1386793851852417,-0.03497595712542534,0.02458442747592926,0.29865723848342896,-0.04991711303591728,-0.22934885323047638,0.49847903847694397,0.32652291655540466,0.456134170293808,0.3465656340122223,0.2975156307220459,0.5403800010681152,-0.25702762603759766,1.117917776107788,-0.17799679934978485,-0.11109402030706406,0.321636438369751,1.2238011360168457,-0.24997496604919434,0.2920752167701721,0.07175692170858383,-0.09932463616132736,-0.2392471581697464,0.16512061655521393,0.2631412446498871,0.668826162815094,0.29377874732017517,-0.1722598820924759,0.0697551891207695,0.2921076714992523,-0.24939937889575958,-0.09995008260011673,0.33098509907722473,0.10971710830926895,-0.18989934027194977,0.7425524592399597,-0.17507390677928925,-0.14740566909313202,-0.14285515248775482,0.6819466948509216,-0.25355085730552673,-0.26011261343955994,0.598038911819458,0.488821417093277,-0.1809660643339157,-0.14686241745948792,-0.11817429214715958,-0.0040588281117379665,-0.2354731559753418,-0.2265654057264328,0.34503141045570374,0.07443012297153473,-0.2006213515996933,-0.1421252191066742,0.039777617901563644,-0.2195388525724411,-0.08600012212991714,-0.2301023006439209,0.20021355152130127,0.06152864173054695,-0.005928220693022013,-0.06707625836133957,0.24449320137500763,0.5846003890037537,0.12023067474365234,0.11523143202066422,1.1270235776901245,-0.2052944451570511,-0.181965172290802,0.9864981770515442,-0.10707881301641464,0.06784898042678833,0.4121421277523041,0.17387109994888306,-0.14402900636196136,0.17654184997081757,-0.17566804587841034,-0.030933991074562073,0.26176607608795166,-0.0846249982714653,0.374368280172348,0.40782368183135986,0.6330442428588867,-0.2057703286409378,0.6857768893241882,-0.18519796431064606,-0.19236798584461212
47,562,603,587,627,0.30962610244750977,-0.25142616033554077,-0.15244826674461365,1.2393980026245117,-0.17039448022842407,-0.10652022808790207,0.1808534562587738,-0.21186938881874084,0.014532387256622314,-0.23874402046203613,0.19720622897148132,-0.264354944229126,-0.042077675461769104,-0.12404745817184448,0.2930394113063812,-0.23593208193778992,-0.04849966615438461,-0.17600160837173462,-0.24220123887062073,-0.15914155542850494,0.18013082444667816,1.5910996198654175,0.1693306863307953,1.6375846862792969,0.0004666503518819809,-0.22716282308101654,-0.21069860458374023,-0.23104333877563477,0.2844077944755554,0.04096020758152008,-0.19606894254684448,-0.20444506406784058,-0.22391989827156067,0.2322242110967636,-0.1565811038017273,0.24729616940021515,0.09325955808162689,0.08992273360490799,-0.24943989515304565,-0.18575024604797363,-0.22057577967643738,0.18016362190246582,-0.02920648455619812,0.18863508105278015,-0.039837926626205444,-0.24643144011497498,-0.2456788420677185,0.7767328023910522,0.4636078476905823,0.04486946761608124,1.301957607269287,0.2328156977891922,0.21337957680225372,-0.24590006470680237,0.5083335638046265,-0.26389914751052856,-0.17881394922733307,1.2461891174316406,1.5149986743927002,-0.23844429850578308,-0.0299103781580925,0.23356735706329346,-0.17286047339439392,-0.23672819137573242,-0.023708976805210114,0.06809210777282715,-0.26584547758102417,0.12448075413703918,-0.03919432312250137,0.21679796278476715,0.9749789237976074,-0.23042738437652588,-0.15536873042583466,0.2889368534088135,-0.11855827271938324,-0.039722904562950134,0.06274810433387756,-0.2388693243265152,-0.2253745198249817,-0.20560601353645325,0.8920431733131409,-0.22171670198440552,-0.2765967547893524,-0.054596077650785446,0.2762465476989746,-0.16218602657318115,-0.18153703212738037,-0.20089995861053467,-0.08093152940273285,-0.2545032501220703,-0.26912766695022583,0.554264485836029,0.08884701877832413,0.10607083141803741,-0.20569448173046112,0.33827999234199524,-0.22517789900302887,-0.13741561770439148,-0.2704184651374817,0.006769463419914246,-0.1300559639930725,0.0020406395196914673,-0.1389980912208557,0.14588825404644012,-0.26814937591552734,0.47824129462242126,-0.12619592249393463,-0.20405350625514984,-0.11540088802576065,-0.19179025292396545,0.32590994238853455,0.43967849016189575,-0.24868084490299225,-0.22602760791778564,0.13508139550685883,-0.06672467291355133,0.10999855399131775,-0.26374346017837524,-0.2067025899887085,-0.028009489178657532,-0.13265445828437805,0.20734776556491852,-0.2651884853839874,0.23875363171100616,-0.050927355885505676,0.013190016150474548,-0.027566205710172653,-0.012833230197429657
48,475,709,510,741,0.7960330247879028,-0.2387385219335556,0.06465516239404678,1.0241589546203613,-0.18584564328193665,-0.26785609126091003,0.28224706649780273,-0.2506583034992218,0.10843583941459656,-0.1918489784002304,0.660723090171814,-0.23752322793006897,-0.17860622704029083,0.6877887845039368,0.3993070721626282,-0.2534664273262024,0.5083774924278259,0.10730442404747009,-0.17516563832759857,-0.15339526534080505,0.17599518597126007,0.3338935375213623,0.50657057762146,0.07231594622135162,-0.020696178078651428,0.007085524499416351,-0.0804043561220169,-0.10171885788440704,0.3479239344596863,0.16906993091106415,-0.23666620254516602,-0.10315415263175964,-0.12603694200515747,0.0978417620062828,-0.16486242413520813,0.3206174671649933,-0.08200141787528992,0.48907941579818726,0.10321342945098877,-0.058208681643009186,-0.13149620592594147,-0.11948215216398239,-0.15027163922786713,0.5192829370498657,0.322182834148407,-0.12172813713550568,-0.20532676577568054,0.8662152290344238,-0.05724027007818222,0.730135440826416,0.28269967436790466,0.17951753735542297,0.6110259890556335,-0.2300253063440323,0.9773685336112976,-0.2339993715286255,-0.01869925856590271,0.591231107711792,1.099902629852295,-0.2211429476737976,0.3977523744106293,0.24476118385791779,-0.09889549016952515,-0.1708824187517166,0.8101578950881958,0.3259195387363434,0.020249366760253906,0.3183959722518921,-0.12116330862045288,0.05344279110431671,0.48256900906562805,-0.2047884315252304,-0.1133381798863411,0.4487592577934265,-0.11816555261611938,-0.08820699900388718,0.45223671197891235,-0.2354009747505188,-0.013953901827335358,-0.16345788538455963,0.31885647773742676,-0.25507450103759766,-0.23768220841884613,0.09864915907382965,0.16736796498298645,-0.08764611184597015,-0.25792521238327026,-0.14106175303459167,0.6202694773674011,-0.21896691620349884,-0.22653347253799438,0.09100674092769623,-0.04221967235207558,-0.0608816035091877,-0.1926494538784027,0.20243686437606812,-0.19398897886276245,0.010074689984321594,-0.26287972927093506,0.24958431720733643,0.9348435997962952,0.027197837829589844,0.19193105399608612,0.4457232356071472,-0.034182265400886536,-0.05200383439660072,-0.018474392592906952,0.5049116611480713,-0.18867890536785126,-0.1980668157339096,1.1983914375305176,0.05345284938812256,-0.2113569974899292,0.3189171254634857,0.1299794316291809,-0.2106086015701294,0.20737525820732117,-0.25695833563804626,-0.2063124179840088,0.25547149777412415,-0.0698637142777443,0.4829710125923157,0.03898996859788895,0.6028075814247131,-0.15260611474514008,0.3034333288669586,-0.03772657364606857,-0.18697801232337952
49,410,553,433,574,0.9888181686401367,-0.2511196434497833,-0.19391778111457825,0.8979734182357788,-0.0970374047756195,-0.26812243461608887,0.21188002824783325,-0.25767892599105835,-0.2631256580352783,-0.2524750232696533,0.640569806098938,-0.26546764373779297,-0.1558036506175995,0.7215759754180908,0.07089120894670486,-0.23827043175697327,-0.24528348445892334,-0.26908984780311584,-0.2390141785144806,-0.2632468044757843,-0.03968580812215805,0.18601484596729279,0.30160197615623474,-0.22852428257465363,-0.09609990566968918,-0.07898925989866257,0.0413251668214798,-0.16553711891174316,0.7167201042175293,0.43654727935791016,-0.2672460675239563,-0.2648128867149353,-0.08524414151906967,0.13281723856925964,-0.19973742961883545,-0.25698795914649963,-0.2649354934692383,0.046901047229766846,-0.26512742042541504,-0.14269615709781647,-0.2674928903579712,-0.25022098422050476,-0.13926266133785248,-0.12670287489891052,0.3029206693172455,-0.2168811708688736,-0.2677053213119507,0.12880760431289673,0.013100828975439072,0.29085034132003784,0.7461439371109009,0.2820938527584076,0.04127003997564316,-0.20336860418319702,-0.20187023282051086,-0.14887340366840363,-0.25752994418144226,0.20998722314834595,0.2899433970451355,-0.2592248320579529,-0.05172052979469299,0.9943485856056213,-0.18376895785331726,-0.24693310260772705,1.787239670753479,-0.2000073492527008,-0.26224350929260254,0.6708952188491821,-0.1002848669886589,1.154255747795105,1.015183448791504,-0.2493945062160492,-0.017800047993659973,0.11564262211322784,0.04132360219955444,-0.2504989206790924,0.20177161693572998,-0.2645409107208252,-0.2415175437927246,-0.1293502151966095,-0.13466477394104004,-0.26178282499313354,-0.2705007791519165,0.05347418785095215,0.334807813167572,-0.05821933597326279,-0.11947360634803772,-0.19186270236968994,0.06355796754360199,-0.22113226354122162,-0.1779492050409317,0.07251326739788055,0.011413604021072388,-0.21650400757789612,-0.2693275213241577,-0.1160581037402153,-0.21293757855892181,0.008606482297182083,-0.2545565664768219,0.38509005308151245,0.2883172929286957,0.12941458821296692,0.02784021943807602,0.4734501242637634,-0.24149665236473083,-0.2114611715078354,0.18295073509216309,-0.14282187819480896,-0.255992591381073,-0.17960351705551147,-0.2503032684326172,-0.2673329710960388,-0.2760043442249298,0.14601612091064453,0.5096967220306396,-0.26034078001976013,0.008238719776272774,-0.27645957469940186,-0.2366027981042862,0.2533082962036133,-0.07702676951885223,0.1340802013874054,-0.275151789188385,0.8232797384262085,-0.19997936487197876,0.09521652013063431,0.579829752445221,-0.21782143414020538
50,281,232,355,311,0.6457222104072571,-0.17755351960659027,0.45911186933517456,1.03257155418396,-0.24303527176380157,-0.13713794946670532,0.09192153811454773,-0.17187243700027466,0.02797633223235607,-0.1982746571302414,0.2838074564933777,0.16077393293380737,-0.06401729583740234,0.14387397468090057,0.2992306649684906,-0.19409297406673431,-0.19097483158111572,-0.07625249028205872,0.42553842067718506,-0.1794416755437851,0.0869131088256836,0.015774967148900032,0.7011256217956543,0.043302055448293686,0.011554446071386337,0.17874301970005035,-0.1983025223016739,-0.1408429741859436,0.697205662727356,0.3849889636039734,-0.03373433277010918,-0.22470413148403168,-0.07247716188430786,0.11251717805862427,-0.15061543881893158,-0.12171179801225662,-0.23761719465255737,0.5887668132781982,-0.18568360805511475,0.38481277227401733,-0.2597275972366333,-0.19867461919784546,0.2287665605545044,0.2135879397392273,0.02460915967822075,-0.21291857957839966,-0.2287030667066574,0.330440878868103,0.20462197065353394,0.48879921436309814,0.18445323407649994,0.016001366078853607,0.5160751342773438,-0.2292545884847641,0.8053995370864868,0.06851744651794434,-0.18426159024238586,0.09449734538793564,0.48023784160614014,-0.19122451543807983,0.3868468403816223,0.6941114664077759,-0.17584878206253052,-0.16209274530410767,0.32649731636047363,0.12721961736679077,-0.1067984402179718,0.3111644387245178,0.05093195289373398,0.9141736030578613,0.4829232692718506,-0.16988956928253174,0.11063230782747269,0.3052467107772827,-0.18922622501850128,-0.04065999388694763,0.3827374577522278,-0.1140432357788086,-0.16263984143733978,-0.1460731476545334,0.1793033480644226,-0.2226887196302414,-0.26124411821365356,0.689575731754303,-0.037981998175382614,0.5217859745025635,-0.13516390323638916,-0.19476932287216187,0.20898674428462982,-0.2238406538963318,-0.14097021520137787,0.3309677839279175,0.39698463678359985,-0.2559885084629059,0.029331665486097336,-0.20506449043750763,-0.2192164808511734,-0.09354903548955917,-0.14590120315551758,0.21490369737148285,-0.0909985899925232,0.07837330549955368,-0.02458193525671959,0.5861498713493347,0.05106476694345474,0.3573050796985626,0.12549448013305664,0.3490805923938751,-0.09881509095430374,-0.11912958323955536,0.18450121581554413,-0.22503294050693512,0.22200489044189453,-0.15849483013153076,0.694638192653656,-0.17700356245040894,0.8473631143569946,-0.1876237690448761,-0.26494529843330383,-0.04620274901390076,-0.14326129853725433,0.1608605831861496,0.06028575822710991,0.3357270061969757,-0.12295014411211014,0.7644372582435608,-0.040552768856287,-0.20491963624954224
51,625,819,667,857,0.7195885181427002,-0.26445120573043823,-0.010246120393276215,0.911960780620575,-0.13554655015468597,-0.03136191517114639,0.4547118842601776,-0.22063006460666656,0.2200143039226532,-0.23740127682685852,0.18244485557079315,-0.19827860593795776,-0.11219462007284164,0.139447420835495,0.692669689655304,-0.2424432933330536,-0.19229142367839813,0.08260364085435867,0.3885480761528015,-0.07136878371238708,0.09521132707595825,0.10358712077140808,0.42957642674446106,0.25291818380355835,-0.17868849635124207,0.6600071787834167,-0.1631057858467102,-0.026440851390361786,0.599503219127655,0.41287875175476074,-0.23247772455215454,-0.1599522829055786,-0.04460464045405388,-0.021554887294769287,-0.18867601454257965,-0.15497887134552002,-0.2556111514568329,0.39145928621292114,-0.2559669017791748,0.1695195883512497,-0.033447444438934326,-0.21451368927955627,-0.2268659472465515,-0.14988839626312256,-0.17752568423748016,-0.04477118328213692,-0.15450502932071686,0.9224581718444824,-0.047159671783447266,0.1300032138824463,0.3463747501373291,0.30370014905929565,0.48869168758392334,-0.22755098342895508,1.1474926471710205,-0.19989077746868134,0.2733556628227234,-0.15598784387111664,0.6845593452453613,-0.2514512240886688,0.17303454875946045,-0.14055950939655304,-0.058562345802783966,-0.12450990825891495,0.002761438488960266,-0.1811058074235916,0.33821284770965576,-0.08158516883850098,0.1572277992963791,0.21957296133041382,0.31265538930892944,-0.23416440188884735,-0.05048184469342232,-0.15633724629878998,-0.09295473992824554,-0.10932205617427826,0.2034800946712494,-0.27660661935806274,-0.06394309550523758,-0.20810635387897491,0.11423636227846146,-0.24837879836559296,-0.2577705383300781,1.5042340755462646,1.0231475830078125,-0.04792739450931549,-0.13400068879127502,-0.07650897651910782,0.13351266086101532,-0.17198286950588226,-0.19493629038333893,-0.051051490008831024,0.17932070791721344,-0.2149641215801239,1.1181435585021973,-0.15696373581886292,-0.21206438541412354,-0.11862130463123322,-0.27040600776672363,0.2226809412240982,0.2503627836704254,-0.13610835373401642,-0.20705074071884155,0.17732545733451843,0.15139594674110413,0.03579920530319214,-0.0589471198618412,1.5778324604034424,-0.2744039297103882,-0.13131964206695557,0.7705258727073669,-0.09188474714756012,-0.23147356510162354,0.053916603326797485,0.8066045045852661,-0.12812207639217377,0.5811260342597961,-0.14728188514709473,-0.011323817074298859,0.27968963980674744,-0.09134490042924881,0.5291800498962402,0.6886609196662903,0.3743036687374115,-0.22157329320907593,1.439439296722412,0.0012884512543678284,-0.21635428071022034
52,793,417,874,498,0.7774579524993896,-0.1931605488061905,0.4269067645072937,1.0629462003707886,-0.24487967789173126,-0.12030041962862015,0.08362387865781784,-0.1295740157365799,-0.17378535866737366,-0.21756137907505035,0.22476321458816528,-0.11808881908655167,-0.048627566546201706,0.31798994541168213,0.4267826974391937,-0.1645343005657196,-0.20327460765838623,0.03119185008108616,0.3966112434864044,-0.04761884734034538,0.471382737159729,0.01611395925283432,0.8158774375915527,-0.05631526932120323,0.13475389778614044,0.36681491136550903,-0.186507448554039,-0.13572245836257935,0.686530351638794,0.5863483548164368,-0.10048699378967285,-0.22809548676013947,-0.06352874636650085,0.23276472091674805,-0.12513364851474762,-0.0031669498421251774,-0.2201712727546692,0.49933120608329773,-0.014577653259038925,0.1132877916097641,-0.20371884107589722,-0.15725509822368622,0.1749817132949829,0.42040252685546875,0.17942577600479126,-0.16904060542583466,-0.2012215405702591,0.28145164251327515,0.2936095893383026,0.6513633728027344,0.27407553791999817,0.13675597310066223,0.5630653500556946,-0.23132780194282532,0.5869457125663757,-0.05351819843053818,0.012333536520600319,0.32798659801483154,0.6543785929679871,-0.17458607256412506,0.3746309280395508,0.5812538862228394,-0.12849724292755127,-0.05404346436262131,0.19769595563411713,0.20885299146175385,-0.08741476386785507,0.40731579065322876,0.020867299288511276,0.6940459609031677,0.43248459696769714,-0.14292101562023163,0.18591205775737762,0.46925103664398193,-0.13327550888061523,0.0018399199470877647,0.43666622042655945,0.08282997459173203,-0.11253656446933746,-0.15903280675411224,0.12013790011405945,-0.18554739654064178,-0.2655279040336609,0.6624853610992432,0.09911040216684341,0.33541470766067505,-0.12829701602458954,-0.20719826221466064,0.18939588963985443,-0.2477705180644989,0.05817907303571701,0.37162673473358154,0.6197917461395264,-0.2522382140159607,-0.113080233335495,-0.1770085096359253,-0.2163006067276001,-0.07616200298070908,-0.1662968397140503,0.16119107604026794,-0.05107809230685234,0.16854266822338104,0.021103380247950554,0.5071983337402344,0.36901211738586426,0.3688490688800812,0.13629774749279022,0.13607893884181976,-0.08770560473203659,-0.12411300837993622,0.3352322280406952,-0.14088821411132812,0.029736481606960297,-0.11496567726135254,0.6404388546943665,-0.09794535487890244,0.8626230359077454,-0.08869030326604843,-0.15076743066310883,0.013409328646957874,-0.14487823843955994,0.2863839864730835,0.0025534438900649548,0.28857648372650146,-0.0655519962310791,0.658786416053772,-0.053605176508426666,-0.20200645923614502
53,613,659,640,685,-0.1525256186723709,-0.27706319093704224,0.9227612614631653,1.099839687347412,-0.17947663366794586,0.10391055047512054,-0.09105859696865082,-0.2750656306743622,-0.20363393425941467,-0.2652205526828766,1.0137168169021606,-0.2580909729003906,-0.2781746983528137,3.227325916290283,0.17031413316726685,-0.25795018672943115,-0.1586826741695404,0.539512574672699,0.04132761061191559,-0.05928588658571243,-0.21057215332984924,-0.0959482342004776,-0.09137389063835144,-0.2605062425136566,0.8079369068145752,1.3787257671356201,0.03134922683238983,-0.2002767026424408,0.28683605790138245,0.6136837601661682,0.06364279985427856,-0.19908562302589417,-0.18360799551010132,0.14915281534194946,-0.21715214848518372,-0.2278633415699005,-0.20194005966186523,0.3862924575805664,-0.17330686748027802,-0.24686752259731293,-0.27789974212646484,-0.047936394810676575,0.07344827800989151,0.05762917175889015,-0.1938123106956482,0.4270743727684021,-0.2202976793050766,1.300376534461975,1.2286745309829712,0.30986955761909485,-0.025833584368228912,0.34373366832733154,-0.12500666081905365,0.0016022175550460815,-0.16097813844680786,-0.22267401218414307,-0.2750362753868103,0.2817484736442566,0.9076533317565918,-0.25739675760269165,-0.03349187225103378,0.3092194199562073,-0.06106466427445412,0.27131351828575134,0.6685194969177246,-0.1562294065952301,-0.19725579023361206,0.450191855430603,-0.2744086980819702,0.2042708396911621,-0.01334543526172638,-0.21114008128643036,-0.2587730288505554,0.20386822521686554,0.0034370794892311096,-0.16354124248027802,-0.18782389163970947,-0.2720574140548706,-0.006896153092384338,-0.10581943392753601,0.19075682759284973,-0.22134077548980713,-0.2686878442764282,0.6714922189712524,-0.10523269325494766,-0.14549635350704193,-0.1625971645116806,-0.12227338552474976,-0.08866502344608307,-0.2084815502166748,-0.2552427053451538,-0.08695393800735474,-0.21126103401184082,-0.2539737820625305,-0.2220849096775055,-0.07907894253730774,-0.04065077006816864,-0.2218761295080185,-0.07525655627250671,0.017720669507980347,0.30485403537750244,-0.19558170437812805,0.2059180736541748,0.20567430555820465,0.7981870770454407,0.3273058235645294,-0.16563968360424042,0.36935704946517944,-0.21230356395244598,-0.06655159592628479,-0.1727386713027954,-0.24370183050632477,-0.22650422155857086,1.448181390762329,-0.11973858624696732,-0.25912368297576904,0.4124675989151001,-0.12979331612586975,-0.14381027221679688,0.724339485168457,0.06851782649755478,0.5048788785934448,-0.2118091583251953,0.823763906955719,-0.1900244951248169,-0.11449603736400604,-0.27053362131118774,-0.15583467483520508
54,504,298,570,363,1.098490834236145,-0.160097137093544,0.3023662567138672,1.0767651796340942,-0.22135232388973236,-0.1452244073152542,0.25069618225097656,-0.1769370138645172,-0.023616943508386612,-0.14922383427619934,0.06881636381149292,0.10345141589641571,-0.011575981974601746,0.09055088460445404,0.42120814323425293,-0.19014513492584229,0.0851767361164093,0.16261321306228638,0.5757905840873718,0.07582592219114304,0.6885848641395569,-0.06175222992897034,0.8733855485916138,0.169979989528656,-0.02842392586171627,0.5040373802185059,-0.21338388323783875,0.10432490706443787,0.8755136132240295,0.8177620768547058,-0.014479454606771469,-0.1706922948360443,-0.05867058411240578,0.2543324828147888,-0.17538589239120483,0.26355552673339844,-0.1921626329421997,0.6091177463531494,-0.019347764551639557,0.10511493682861328,0.11459510773420334,-0.060458093881607056,0.05148279666900635,0.630264401435852,0.27002573013305664,-0.04810194671154022,-0.057647816836833954,0.6241740584373474,0.11202242225408554,0.2492476999759674,0.2739904820919037,0.30258339643478394,0.8300573825836182,-0.22834201157093048,0.3323339521884918,0.6332272291183472,0.39940953254699707,0.5036235451698303,0.7913970351219177,-0.21586300432682037,0.35184192657470703,0.6025785803794861,-0.08925074338912964,0.2807571589946747,0.07282168418169022,0.46135932207107544,0.047310587018728256,0.45655468106269836,-0.010745471343398094,0.47469446063041687,0.408332496881485,-0.022062936797738075,0.12150819599628448,0.6118175983428955,-0.1924833208322525,0.06080787628889084,0.33336782455444336,0.25014421343803406,0.0328398235142231,1.152866005897522,0.07318542152643204,-0.21793225407600403,-0.24512848258018494,0.2514050006866455,0.06554405391216278,0.10895095020532608,-0.03954370692372322,0.11972461640834808,0.09197288751602173,-0.06829088926315308,0.04596933722496033,0.08735975623130798,0.7113826274871826,-0.249772310256958,-0.0878436341881752,-0.1100313812494278,-0.2148851752281189,0.588584840297699,-0.2343047857284546,0.049239952117204666,-0.0536167174577713,0.16174949705600739,-0.007351289968937635,0.47326594591140747,0.7979065179824829,0.2499946802854538,0.1045198142528534,0.2170318216085434,0.05704401433467865,0.014971083030104637,0.36703425645828247,0.1007930114865303,-0.14497104287147522,-0.04313478618860245,0.685657262802124,0.032212622463703156,0.557101845741272,-0.04152802750468254,-0.017910901457071304,-0.06451544165611267,-0.18566496670246124,0.39199891686439514,-0.0012905485928058624,0.2848142385482788,-0.05016625300049782,0.5507664680480957,0.18571758270263672,-0.18588787317276
55,765,775,798,806,0.909634530544281,-0.23240315914154053,-0.07696320116519928,1.0211474895477295,-0.20334717631340027,-0.20860014855861664,0.7756004333496094,-0.23922868072986603,-0.11663228273391724,-0.23713070154190063,0.3728809654712677,-0.22073836624622345,-0.2349264919757843,0.6927101016044617,0.816906213760376,-0.2317942976951599,0.2943199574947357,0.8208310604095459,-0.23069623112678528,0.0770353376865387,0.33284875750541687,0.7256487607955933,0.5485771894454956,0.5799063444137573,-0.04731579124927521,0.366881787776947,-0.19385802745819092,0.14999648928642273,0.40078669786453247,0.4156627655029297,-0.12555821239948273,0.055688291788101196,-0.17242445051670074,0.30683714151382446,-0.16859282553195953,0.1147538423538208,-0.20574869215488434,0.37750059366226196,-0.16300758719444275,0.16584783792495728,0.007547810673713684,-0.1667863428592682,-0.07298420369625092,0.17810854315757751,-0.25626417994499207,0.006241001188755035,-0.21165786683559418,0.4871155023574829,0.010221116244792938,0.20398996770381927,0.725075364112854,0.4294920563697815,0.7742747664451599,-0.24390941858291626,0.636783242225647,-0.2371579110622406,0.4653027355670929,0.0563790425658226,0.9550729990005493,-0.11608321219682693,-0.01725485920906067,0.1678011119365692,-0.12266075611114502,-0.21927285194396973,0.6275210380554199,-0.22866661846637726,-0.21659135818481445,0.4218519926071167,-0.051744431257247925,0.03408099710941315,0.6976937055587769,-0.013809122145175934,0.009125100448727608,-0.031369343400001526,-0.02552860975265503,-0.013002760708332062,0.23988254368305206,-0.20005328953266144,-0.19564670324325562,-0.1701136827468872,0.45180195569992065,-0.24843968451023102,-0.25696682929992676,0.28280511498451233,0.4558568000793457,0.07200173288583755,-0.24267229437828064,-0.13014206290245056,0.34542641043663025,-0.22103580832481384,-0.060454823076725006,0.012084245681762695,0.26669585704803467,-0.2289884388446808,0.5031240582466125,-0.14542002975940704,-0.24236798286437988,-0.20222577452659607,-0.26162484288215637,0.15433305501937866,0.7538177967071533,-0.0717129111289978,-0.09261046350002289,0.32718366384506226,0.5997344255447388,0.07726731151342392,0.07841891795396805,0.6252721548080444,-0.1894458532333374,0.013759635388851166,1.1594557762145996,0.1383589208126068,-0.06491278856992722,0.559922456741333,0.3481246531009674,-0.013341426849365234,0.11355514079332352,-0.16450054943561554,-0.04468747600913048,0.18802985548973083,-0.11073008179664612,0.1928897649049759,0.14955753087997437,0.7548670768737793,-0.2230258285999298,0.1726650595664978,-0.07170473784208298,-0.13203434646129608
56,479,678,509,708,0.3938141167163849,-0.20383791625499725,0.27970537543296814,1.13204026222229,-0.2103695422410965,-0.16967085003852844,0.2791469991207123,-0.2704525589942932,0.528441309928894,-0.20160067081451416,0.15952745079994202,-0.21187478303909302,-0.22955578565597534,-0.029441121965646744,1.105616569519043,-0.2648189961910248,-0.048810750246047974,0.8212030529975891,-0.19955837726593018,-0.2505917549133301,0.8893071413040161,0.9717681407928467,0.7536588907241821,1.6223335266113281,-0.10461742430925369,-0.17043109238147736,-0.13734646141529083,-0.177596315741539,0.7575482726097107,0.6095209121704102,-0.2042785882949829,-0.017335321754217148,-0.24332785606384277,0.8750342130661011,-0.13832290470600128,-0.003435760736465454,0.17852506041526794,0.7692972421646118,-0.17952409386634827,-0.03826301544904709,0.38724082708358765,0.10584967583417892,0.26830756664276123,1.2926676273345947,0.46713507175445557,0.16157302260398865,-0.1491137146949768,2.3328282833099365,-0.042571939527988434,0.7428848147392273,0.4802062511444092,0.33486562967300415,0.7853509187698364,-0.15471719205379486,0.8950865864753723,-0.2321138083934784,0.5003719925880432,0.8712080121040344,2.3167128562927246,-0.1869719922542572,-0.03217683359980583,-0.1374082863330841,0.010358257219195366,-0.13845258951187134,-0.09158387035131454,0.12226913124322891,-0.16978877782821655,-0.21074296534061432,0.4642122685909271,0.3286959230899811,0.881941020488739,0.04134302958846092,-0.08606870472431183,0.3452487587928772,-0.17200025916099548,0.22476628422737122,0.5714684128761292,-0.08646094799041748,0.6880534887313843,-0.17301496863365173,0.5352043509483337,-0.2673102617263794,-0.2537023425102234,-0.09320950508117676,0.014211002737283707,-0.12760494649410248,-0.2541722059249878,-0.1359608918428421,0.7728503942489624,-0.2654147744178772,-0.2553228437900543,-0.01798062026500702,0.24136009812355042,0.19518059492111206,-0.13333770632743835,0.44313108921051025,-0.06384490430355072,-0.031545475125312805,-0.23685197532176971,-0.028851747512817383,1.1816376447677612,-0.1798171103000641,0.1173781305551529,0.410425066947937,1.5203020572662354,-0.1233939453959465,-0.07284051924943924,-0.0218006931245327,0.14886213839054108,-0.2235037386417389,1.3025951385498047,0.7880743741989136,-0.19565750658512115,0.4182318150997162,-0.1408596932888031,0.11538384109735489,-0.12478270381689072,0.16185438632965088,-0.1757538914680481,0.21575920283794403,-0.058823250234127045,0.5939425826072693,-0.010155089199543,0.07885438203811646,-0.145392507314682,0.18499138951301575,0.49592354893684387,-0.03514333441853523
57,666,654,690,677,0.12610608339309692,-0.25366854667663574,-0.1567385196685791,1.0728204250335693,-0.17873045802116394,-0.24817870557308197,-0.00788550078868866,-0.23031684756278992,-0.19533200562000275,-0.20795539021492004,0.3106761872768402,-0.15606680512428284,-0.08058635890483856,-0.029677052050828934,0.22496195137500763,-0.22948962450027466,-0.25519925355911255,0.32723522186279297,-0.2441677749156952,-0.2102571427822113,0.3163878321647644,-0.11618998646736145,0.8417592644691467,1.1091564893722534,0.755133330821991,0.5280001759529114,-0.19833767414093018,0.06408786028623581,0.11424228549003601,0.6270756721496582,-0.24059739708900452,-0.0991152822971344,-0.16053158044815063,0.3928867280483246,-0.2351161539554596,-0.24976208806037903,0.027624770998954773,0.9411609172821045,-0.2152610719203949,-0.1878143548965454,0.1325571984052658,-0.02134370058774948,0.012659169733524323,0.7208989262580872,0.06038941070437431,0.37557268142700195,-0.23310890793800354,1.089808702468872,-0.04352058097720146,0.555747389793396,0.8548251390457153,0.34828564524650574,1.4229044914245605,-0.24669098854064941,0.09686724841594696,-0.24096500873565674,-0.17889051139354706,0.17328062653541565,1.9497902393341064,-0.22118675708770752,-0.03463149815797806,0.2062576562166214,-0.13097679615020752,-0.1394890546798706,-0.1643764078617096,0.01722538098692894,-0.15962103009223938,0.08645157516002655,0.02383330836892128,0.2249276041984558,0.3169989585876465,0.037421926856040955,-0.13728642463684082,0.43676143884658813,-0.022990215569734573,0.23430868983268738,-0.004260532557964325,-0.1758725941181183,-0.2125057727098465,-0.12100022286176682,0.38625699281692505,-0.2745506167411804,-0.26694726943969727,-0.11731059849262238,0.1264042854309082,-0.08013011515140533,-0.17083589732646942,-0.14558365941047668,1.0852633714675903,-0.23056232929229736,-0.240910142660141,0.2680671811103821,0.15486523509025574,-0.022226296365261078,-0.22408190369606018,0.19701847434043884,-0.10302899777889252,-0.11607866734266281,-0.25110334157943726,0.0511346310377121,0.9498580098152161,-0.037624433636665344,0.07577407360076904,0.40829896926879883,1.1722557544708252,0.33158525824546814,-0.14089477062225342,-0.18099598586559296,-0.11818361282348633,-0.24326565861701965,-0.12493912875652313,0.3473421633243561,-0.18851548433303833,-0.1826736330986023,0.22691506147384644,0.03794560581445694,0.32696533203125,0.48180508613586426,-0.23121881484985352,0.07518406212329865,-0.07692595571279526,0.41820719838142395,-0.2447187751531601,0.3868162930011749,-0.13048090040683746,0.09075985848903656,-0.15637609362602234,-0.041425712406635284
58,293,402,336,443,0.5859354734420776,-0.23359620571136475,0.12725909054279327,0.9767488837242126,-0.20294052362442017,-0.03972766920924187,0.5181522965431213,-0.22296100854873657,-0.09546172618865967,-0.25540217757225037,0.3524436056613922,-0.1099054217338562,-0.1539950966835022,0.11645818501710892,0.35505059361457825,-0.20448100566864014,0.0642826184630394,-0.11990154534578323,0.30928298830986023,-0.15708580613136292,0.2857414484024048,-0.00489788269624114,0.5300002694129944,0.22788703441619873,0.09360865503549576,0.22189314663410187,-0.19802087545394897,-0.19217729568481445,0.21702603995800018,0.24122411012649536,-0.2264290302991867,-0.2362086921930313,0.015057901851832867,0.2720458209514618,-0.1559475213289261,-0.1511395126581192,-0.24990326166152954,0.3259020149707794,-0.2557874917984009,0.0726577416062355,-0.044440656900405884,-0.20352979004383087,0.01674310304224491,0.011265784502029419,-0.009559954516589642,-0.1620723307132721,-0.2169724702835083,0.765492856502533,0.2397516965866089,0.5606403946876526,0.2027917355298996,0.1427738517522812,0.644641101360321,-0.2497996836900711,0.3814612329006195,-0.04079494997859001,0.19049841165542603,0.08143109083175659,0.6683101654052734,-0.20997314155101776,0.6652936935424805,-0.025801880285143852,-0.06742116063833237,-0.05662041902542114,0.004966415464878082,-0.12012287229299545,0.339767187833786,0.22114641964435577,0.2045450210571289,0.30473199486732483,0.4431002140045166,-0.20042161643505096,-0.06576135009527206,0.20426933467388153,-0.17156600952148438,-0.11590083688497543,0.20929698646068573,-0.18315935134887695,-0.15551036596298218,-0.21771037578582764,0.16844713687896729,-0.24550433456897736,-0.25359591841697693,0.45617416501045227,0.22090508043766022,-0.14512066543102264,-0.2213258296251297,-0.12301278859376907,0.16533474624156952,-0.2149936407804489,-0.22299699485301971,0.1829085499048233,0.03670055419206619,-0.24759580194950104,0.3272775709629059,-0.1176794096827507,-0.24893270432949066,-0.18537409603595734,-0.2504446804523468,0.18616552650928497,0.16198472678661346,-0.04839758574962616,-0.008849232457578182,0.4345192015171051,-0.01734508015215397,0.2207087278366089,0.024202818050980568,0.9774522185325623,-0.07891982793807983,-0.22110481560230255,0.7057998180389404,-0.19980931282043457,0.0026569764595478773,0.07959404587745667,0.4540339410305023,-0.15879613161087036,0.5219753384590149,-0.09689632058143616,-0.15477456152439117,0.13074682652950287,-0.13882432878017426,0.3574204444885254,0.6595383286476135,0.6783152222633362,-0.15985310077667236,0.9760913848876953,-0.024868885055184364,-0.21514903008937836
59,516,640,546,668,-0.22829708456993103,-0.25169453024864197,0.2071838229894638,1.2651946544647217,-0.22095084190368652,0.8634281754493713,-0.11974318325519562,-0.2730468511581421,-0.2385815680027008,-0.24468794465065002,0.3621577322483063,-0.2534550726413727,-0.16872400045394897,0.8893997669219971,-0.04523753374814987,-0.23711171746253967,2.891707420349121,-0.19683590531349182,-0.1330888271331787,-0.20637960731983185,-0.22197136282920837,0.2623209059238434,-0.1980544775724411,0.019246958196163177,2.4246773719787598,1.8486018180847168,-0.200991690158844,-0.27200794219970703,-0.15750253200531006,1.5254408121109009,-0.001094125211238861,-0.256744921207428,0.2077203392982483,0.011375561356544495,-0.19356000423431396,-0.24884846806526184,0.10659245401620865,-0.2438790500164032,-0.18508532643318176,-0.25366517901420593,-0.11184925585985184,0.13843996822834015,0.3442341983318329,1.261975884437561,-0.26564663648605347,-0.15669016540050507,-0.2549016773700714,0.7608888149261475,1.286356806755066,0.02851468324661255,0.7115298509597778,0.4287962019443512,-0.21226650476455688,-0.20217809081077576,-0.09393022209405899,-0.19502761960029602,-0.26482194662094116,0.518869161605835,2.31278920173645,-0.20390895009040833,-0.12638889253139496,0.04904020577669144,-0.17385181784629822,0.5405850410461426,-0.13961182534694672,0.5711859464645386,2.3458142280578613,0.17539528012275696,-0.263391375541687,0.07369361817836761,0.07984858751296997,-0.23282864689826965,-0.2177564799785614,0.2533859610557556,0.021131260320544243,0.1888071894645691,-0.17597927153110504,-0.2688491642475128,-0.0887012779712677,-0.11386837065219879,0.613045334815979,-0.21268895268440247,-0.26110827922821045,0.05607369542121887,-0.03305062651634216,-0.19181999564170837,-0.17022892832756042,-0.08386528491973877,-0.2389853298664093,-0.18969270586967468,-0.24261686205863953,0.1009083241224289,-0.15245836973190308,0.16703292727470398,-0.2735198140144348,0.24654942750930786,-0.16688352823257446,-0.23987673223018646,-0.19675496220588684,-0.11212168633937836,-0.09688833355903625,-0.24684730172157288,-0.014001713134348392,0.13978172838687897,1.639880657196045,0.21630744636058807,-0.23120175302028656,0.019914522767066956,1.5117980241775513,-0.23211510479450226,-0.26401862502098083,-0.015363216400146484,-0.2425253689289093,-0.12178460508584976,-0.17501820623874664,0.06317026168107986,-0.07907971739768982,-0.20004414021968842,-0.17778530716896057,0.0748109370470047,-0.055666856467723846,0.05196947976946831,-0.2175169289112091,0.3370516002178192,-0.209400475025177,0.09185147285461426,-0.1804017722606659,-0.07214084267616272
60,395,615,423,641,1.0052735805511475,-0.2684224247932434,-0.2472355216741562,1.102579116821289,-0.1321260631084442,-0.0907045230269432,0.5049173831939697,-0.25235456228256226,-0.09812609106302261,-0.17121373116970062,0.19549903273582458,-0.18468990921974182,-0.1574464738368988,0.036658816039562225,0.43546193838119507,-0.23667116463184357,0.07580684125423431,-0.21011883020401,-0.22471830248832703,-0.20356203615665436,0.013419970870018005,0.3682062029838562,0.23303280770778656,0.11806143820285797,-0.17080320417881012,0.2774706482887268,-0.2510014772415161,-0.24825021624565125,0.37007254362106323,0.08102045953273773,-0.21782664954662323,0.09406647086143494,-0.19349178671836853,0.3138030767440796,-0.09884114563465118,0.3746355473995209,0.09656400978565216,0.05656660720705986,0.17600810527801514,-0.04889697954058647,-0.10074970126152039,0.08915650844573975,-0.2587924003601074,-0.11181655526161194,0.36725473403930664,-0.16508974134922028,-0.06991302222013474,0.5937497615814209,0.4852381646633148,0.3747331500053406,0.4878860414028168,0.45554372668266296,0.1288549304008484,-0.1352413147687912,0.9628304839134216,-0.2387230098247528,0.09455937147140503,0.6257086396217346,0.6704105734825134,-0.21448764204978943,0.4930199682712555,0.4121597409248352,-0.1709882766008377,-0.1799793243408203,0.26146674156188965,0.07064738869667053,-0.16627773642539978,0.04743621125817299,0.3835906684398651,0.4500192105770111,0.5523399114608765,-0.1325569897890091,-0.14087697863578796,0.06182393804192543,-0.07221470773220062,-0.07739077508449554,1.6823043823242188,-0.19062435626983643,0.2878836393356323,-0.11672176420688629,-0.14425158500671387,-0.26479828357696533,-0.25511878728866577,-0.07095811516046524,0.8797739148139954,-0.15935349464416504,-0.17924201488494873,-0.13800722360610962,-0.08479686081409454,-0.2321595549583435,-0.21733248233795166,0.2695539593696594,0.5286487340927124,0.08033868670463562,-0.19075781106948853,0.3956567347049713,-0.14105847477912903,0.09725122153759003,-0.2661202847957611,0.044940877705812454,1.180612325668335,-0.11728528141975403,-0.1866348683834076,0.34954938292503357,-0.17558059096336365,0.10760628432035446,-0.13839927315711975,0.15589050948619843,-0.23334084451198578,-0.20742599666118622,1.8780395984649658,0.24817124009132385,-0.009003140032291412,-0.038290560245513916,0.15011516213417053,0.01906118169426918,0.2852616310119629,-0.25284525752067566,-0.2070576697587967,0.593496561050415,-0.03939474746584892,0.5126577615737915,-0.16514426469802856,0.6412295699119568,-0.05449533462524414,0.5122168064117432,0.13070955872535706,-0.13550710678100586
61,717,767,764,808,0.9039775133132935,-0.2240535467863083,0.09489606320858002,1.025716781616211,-0.22897328436374664,-0.03947082534432411,0.3104700744152069,-0.17520807683467865,-0.13955456018447876,-0.25100475549697876,0.1643121838569641,-0.22622087597846985,-0.0571720190346241,0.4197557866573334,0.6743958592414856,-0.17724519968032837,-0.12445354461669922,0.14225198328495026,0.6103075742721558,0.19329217076301575,0.1332644373178482,0.16063043475151062,0.35527709126472473,-0.11455383896827698,0.3487820029258728,0.3160543441772461,-0.1193157434463501,-0.12197591364383698,0.6103661060333252,0.12374978512525558,-0.16757513582706451,-0.16958507895469666,-0.12012846022844315,0.3075970411300659,-0.08584943413734436,0.012023435905575752,-0.21854884922504425,0.07524214684963226,0.1613752841949463,0.2543896436691284,-0.13744761049747467,-0.16062889993190765,0.17754675447940826,0.12995842099189758,0.2470717430114746,-0.13618606328964233,-0.1986270397901535,0.3285962641239166,0.30008766055107117,0.288813978433609,0.33136436343193054,0.4055907428264618,0.3133927583694458,-0.24250207841396332,1.3345580101013184,-0.22107724845409393,0.18100830912590027,0.11084961891174316,0.6708095669746399,-0.18461082875728607,0.3467748165130615,0.20210248231887817,-0.1309019774198532,-0.14779026806354523,0.15107816457748413,-0.07417362183332443,0.19640451669692993,0.26698872447013855,-0.006387439090758562,0.4016406238079071,0.48457983136177063,-0.1647222340106964,0.04161372035741806,0.2538103759288788,-0.05153315141797066,-0.024868786334991455,1.0253369808197021,-0.18310996890068054,-0.017986901104450226,-0.17580699920654297,0.1655806452035904,-0.21670754253864288,-0.2674952745437622,0.7426271438598633,0.6425226926803589,-0.054577138274908066,-0.22142474353313446,-0.164052814245224,0.16782014071941376,-0.214740589261055,0.056557007133960724,0.1941928267478943,0.304162859916687,-0.2362412065267563,0.27581891417503357,-0.12139836698770523,-0.21056486666202545,-0.14941760897636414,-0.21237005293369293,0.1312643587589264,0.44432035088539124,-0.01607208140194416,-0.006103665567934513,0.23108045756816864,-0.001072913408279419,0.13360214233398438,0.10151326656341553,0.8884096145629883,-0.16725841164588928,-0.1366620510816574,0.5671788454055786,-0.16422316431999207,-0.004430075641721487,-0.04070797935128212,0.4984881579875946,-0.061829619109630585,0.588782787322998,-0.17769309878349304,-0.008522424846887589,0.09327779710292816,-0.11560267955064774,0.28401288390159607,0.4657577872276306,0.6136863827705383,-0.15569540858268738,1.194245457649231,-0.16163818538188934,-0.20508158206939697
62,617,588,649,618,0.19894960522651672,-0.2586473822593689,-0.2428152859210968,1.054124116897583,-0.1492193639278412,-0.2609781324863434,0.33013322949409485,-0.2230844646692276,-0.1678081452846527,-0.21051214635372162,0.47913438081741333,-0.25488704442977905,-0.05487455800175667,0.034926652908325195,0.09348887950181961,-0.19533997774124146,1.1034655570983887,-0.212463840842247,-0.25164952874183655,-0.21048131585121155,0.5130918025970459,-0.05318783223628998,0.4205680191516876,0.7578592896461487,0.26729461550712585,0.42003852128982544,-0.13095404207706451,-0.20855286717414856,0.06312292814254761,0.4068845808506012,-0.26007211208343506,-0.20874953269958496,0.09121581166982651,0.19080768525600433,-0.19436848163604736,0.026361510157585144,-0.1249319314956665,-0.024016287177801132,-0.21865276992321014,-0.13313060998916626,-0.08781255781650543,-0.10209392756223679,-0.17985910177230835,0.525395929813385,0.16744351387023926,-0.23573413491249084,-0.26401984691619873,0.4276678264141083,0.1104934811592102,0.497879296541214,0.7308433055877686,-0.08878142386674881,0.308366596698761,-0.23318377137184143,-0.06003319472074509,-0.2428203970193863,-0.22500228881835938,0.9645265340805054,1.2005236148834229,-0.20325270295143127,0.050280869007110596,0.34620264172554016,0.008286342024803162,0.20372718572616577,-0.01327616535127163,0.4548853039741516,0.5075368285179138,0.18628686666488647,0.08751745522022247,0.4571368992328644,0.26193028688430786,-0.24545633792877197,-0.07742002606391907,0.5611176490783691,-0.06761035323143005,-0.04389086365699768,-0.12941858172416687,-0.2441895604133606,-0.25749537348747253,-0.14962035417556763,-0.03481970727443695,-0.24878975749015808,-0.2443470060825348,0.3737656772136688,0.1967984139919281,-0.1626850664615631,-0.12660330533981323,-0.10738785564899445,0.0999191626906395,-0.2305174171924591,-0.24059292674064636,0.3394308388233185,0.03695211187005043,-0.044961586594581604,-0.1960938274860382,0.1561848223209381,-0.17096716165542603,0.09551609307527542,-0.2672611474990845,0.1640801578760147,0.8609769940376282,-0.10590994358062744,-0.03757160156965256,0.20762008428573608,-0.2390996515750885,-0.11726922541856766,0.04679986089468002,-0.20063278079032898,0.4073637127876282,-0.1231217086315155,-0.12337721884250641,0.033503979444503784,-0.25495779514312744,-0.2292102426290512,0.39315006136894226,-0.11481554806232452,0.4632853865623474,-0.22226227819919586,-0.18325914442539215,0.08366723358631134,-0.13542814552783966,0.4236537218093872,-0.19261103868484497,0.5814266204833984,-0.14103519916534424,0.4362644553184509,-0.15889887511730194,-0.15863558650016785
63,795,694,828,725,0.7093924880027771,-0.2628166079521179,-0.0969352126121521,1.0487489700317383,-0.1579793393611908,-0.2628319263458252,0.7039926052093506,-0.22218437492847443,0.003940694034099579,-0.11162855476140976,0.2773910164833069,-0.24972859025001526,-0.07004553079605103,0.3420559763908386,0.6975407600402832,-0.24690760672092438,0.5761169791221619,0.05848294496536255,0.059798676520586014,-0.2370341420173645,0.28986382484436035,0.05418485403060913,0.4357365071773529,0.13778814673423767,-0.11707752197980881,0.374275267124176,-0.22594910860061646,-0.26608017086982727,0.8882228136062622,0.27850162982940674,-0.1926790177822113,-0.0477287583053112,-0.10339687764644623,0.1463150978088379,-0.1767425537109375,0.306186318397522,-0.030386783182621002,0.2815186679363251,-0.09341125935316086,0.14525514841079712,-0.04875139892101288,-0.04969613254070282,-0.22940227389335632,0.363246351480484,0.38951733708381653,-0.129348486661911,-0.15839973092079163,0.88919997215271,-0.03760397806763649,0.3695809841156006,0.45580238103866577,0.37850287556648254,0.31027764081954956,-0.17958424985408783,0.7379157543182373,-0.17134761810302734,0.09066273272037506,0.590692400932312,0.7753844261169434,-0.1799965500831604,-0.08847711235284805,0.1555970162153244,-0.14006073772907257,-0.19530081748962402,0.3531016409397125,0.4482088088989258,-1.2472271919250488e-05,0.14609871804714203,0.41196852922439575,0.18835103511810303,0.25848445296287537,-0.16417773067951202,-0.07555566728115082,0.30776447057724,-0.11581018567085266,-0.012224067002534866,1.2609913349151611,-0.23548850417137146,0.3285323977470398,-0.16781918704509735,-0.09876832365989685,-0.26331591606140137,-0.25388896465301514,-0.05905993655323982,0.6047630310058594,-0.11202992498874664,-0.23930346965789795,-0.14472976326942444,0.2080114781856537,-0.23590733110904694,-0.2613203525543213,0.016249913722276688,0.4108337461948395,0.00019183754920959473,-0.12771323323249817,0.2718799412250519,-0.12060138583183289,0.12569677829742432,-0.26300686597824097,0.1917702704668045,1.4852447509765625,0.05691467970609665,-0.16704072058200836,0.4515955150127411,-0.13073234260082245,-0.1540001928806305,0.03791435435414314,0.2706889510154724,-0.07040725648403168,-0.22566640377044678,1.2352867126464844,0.160089910030365,-0.22482524812221527,0.35046499967575073,0.13805043697357178,-0.1324392706155777,0.5812184810638428,-0.2385513186454773,-0.2152097523212433,0.3813978135585785,-0.006471723318099976,0.7872685790061951,-0.17260706424713135,0.41925451159477234,-0.112430140376091,0.900614857673645,0.14387820661067963,-0.16454827785491943
64,335,512,359,535,0.23814131319522858,-0.2537718415260315,-0.03141865134239197,1.1877435445785522,-0.12318839877843857,-0.26669150590896606,0.0733816921710968,-0.23349213600158691,-0.16162721812725067,-0.18259042501449585,0.4216717779636383,-0.18889498710632324,-0.01821959763765335,0.35764455795288086,0.7748339176177979,-0.19714680314064026,2.682838201522827,-0.21134069561958313,-0.26553773880004883,-0.24036471545696259,0.1790948212146759,1.608019471168518,0.2844484746456146,0.02603660523891449,1.542235255241394,-0.2007797807455063,-0.20509742200374603,-0.11620986461639404,0.1530616581439972,0.04899008572101593,-0.1754588484764099,-0.26516756415367126,-0.1779135763645172,0.47971436381340027,-0.24138633906841278,-0.17071612179279327,0.11311805248260498,0.05716976895928383,-0.21807646751403809,-0.10819597542285919,-0.222861647605896,0.0033210963010787964,-0.0440555140376091,1.3544771671295166,-0.09920111298561096,-0.25040948390960693,-0.22464537620544434,0.6560028791427612,-0.11656150221824646,0.020161107182502747,1.2577407360076904,0.49723899364471436,0.17576910555362701,-0.26632100343704224,0.4265269339084625,-0.2692071497440338,-0.2710561156272888,1.2077339887619019,2.1974024772644043,-0.21605631709098816,-0.2213684320449829,0.3273727297782898,-0.2225250005722046,-0.03440072387456894,-0.08682476729154587,0.10977363586425781,0.2641621530056,0.06521515548229218,-0.0976877212524414,0.12786617875099182,0.6270548105239868,-0.19982311129570007,-0.23107677698135376,-0.008824355900287628,0.45101112127304077,-0.0484994612634182,0.05244726687669754,-0.24354583024978638,-0.16539110243320465,-0.14416079223155975,-0.10765191912651062,-0.27485525608062744,-0.24699261784553528,0.03858405724167824,-0.0411047488451004,-0.08915431797504425,0.07817503809928894,-0.14263466000556946,-0.057304494082927704,-0.2625013589859009,-0.2339530885219574,-0.06782025098800659,0.2704845368862152,0.12938392162322998,-0.2666897475719452,0.41650134325027466,-0.15529030561447144,0.0827307403087616,-0.2688533067703247,0.026617906987667084,0.7518966197967529,-0.06470198184251785,0.04602494090795517,0.17703479528427124,-0.20963148772716522,-0.14780902862548828,-0.03447416424751282,-0.19842980802059174,0.8757244348526001,-0.2132633626461029,-0.153104767203331,0.17122958600521088,-0.2325669527053833,-0.22335562109947205,0.10616609454154968,-0.07995708286762238,0.08939062058925629,-0.2756417393684387,-0.18017999827861786,-0.07626134157180786,-0.08372437953948975,0.20759373903274536,-0.23259562253952026,0.1614747941493988,-0.22314976155757904,0.10949206352233887,-0.08875227719545364,-0.04416767507791519
65,518,608,539,628,-0.2581880986690521,-0.2730662226676941,0.6201005578041077,1.0376752614974976,-0.24302999675273895,0.051860690116882324,1.2028809785842896,-0.2758912742137909,-0.22297132015228271,-0.26663610339164734,1.2530617713928223,-0.2404220849275589,-0.2680495083332062,0.6425026655197144,0.04645434767007828,-0.2646980285644531,-0.1284651756286621,-0.020347576588392258,1.6766341924667358,-0.2171732485294342,-0.17850838601589203,-0.2035060077905655,-0.08404873311519623,-0.2726273238658905,0.20310884714126587,-0.2626379430294037,-0.2781328856945038,-0.19187286496162415,1.1189557313919067,-0.21536272764205933,-0.22820910811424255,-0.058813393115997314,-0.27464979887008667,0.529948353767395,-0.25868842005729675,-0.2778981924057007,-0.12491974234580994,-0.22437626123428345,-0.2682986259460449,-0.11856301873922348,0.5710393190383911,0.3980444371700287,2.2390012741088867,-0.21596437692642212,-0.2703130543231964,-0.14699843525886536,-0.27784544229507446,4.232443809509277,3.2782671451568604,0.708469033241272,-0.27814966440200806,-0.2351895421743393,-0.2625117003917694,-0.04292226582765579,-0.27778080105781555,-0.2572884261608124,0.38773295283317566,0.9290254712104797,0.3662535548210144,-0.13800032436847687,3.9297232627868652,-0.2463855892419815,0.8504704236984253,5.167925834655762,-0.27600187063217163,-0.214718297123909,-0.17529453337192535,-0.25732770562171936,0.6853386759757996,0.3926737904548645,0.1710459291934967,1.6789710521697998,-0.26951196789741516,2.333561897277832,-0.053547464311122894,-0.2775876224040985,-0.21187824010849,-0.2014167755842209,0.6769307255744934,-0.23234005272388458,-0.2696177065372467,-0.1178109273314476,-0.21471799910068512,-0.23284614086151123,-0.06843789666891098,-0.04541826993227005,-0.25194209814071655,-0.04790370911359787,-0.27716031670570374,-0.25744855403900146,-0.21349257230758667,-0.26989543437957764,0.0315338671207428,-0.1357927769422531,0.0007506871479563415,0.12398847937583923,-0.2649225890636444,-0.1936667263507843,0.258192777633667,-0.2614472806453705,-0.26535502076148987,-0.04062250256538391,0.34665539860725403,0.05005880817770958,-0.20137415826320648,2.1004204750061035,-0.2657604515552521,2.523371696472168,0.5932584404945374,-0.20044180750846863,-0.037022922188043594,0.07499281316995621,1.410608172416687,0.4831847548484802,-0.09167833626270294,0.13139410316944122,2.0207059383392334,0.08934837579727173,0.2674475312232971,0.24059441685676575,-0.19494962692260742,1.1292705535888672,-0.12577471137046814,0.5699980854988098,-0.19762201607227325,-0.27582934498786926,-0.2029712051153183,-0.27638787031173706
66,791,770,816,794,-0.05893046036362648,-0.23761361837387085,0.20945924520492554,1.1904195547103882,-0.12006485462188721,0.27883899211883545,0.11821836978197098,-0.27094417810440063,-0.22016923129558563,-0.2502949833869934,0.5554925203323364,-0.2131539285182953,-0.169156014919281,1.688769817352295,-0.08736307919025421,-0.2241562008857727,2.388432025909424,-0.2783815562725067,-0.0599697008728981,-0.2316608726978302,-0.12456543743610382,-0.2729201316833496,-0.043840885162353516,-0.24201738834381104,1.9690189361572266,2.2292964458465576,-0.2087014615535736,-0.2707520127296448,0.07833406329154968,1.4598450660705566,0.052083820104599,-0.20709195733070374,0.3456542491912842,0.12675900757312775,-0.25117844343185425,-0.26825398206710815,0.0970664918422699,-0.021575257182121277,-0.2034284770488739,-0.21339693665504456,-0.09451059997081757,0.10461042821407318,-0.14462754130363464,0.7650527954101562,-0.18878163397312164,0.03207597881555557,-0.2520790696144104,0.5972135066986084,0.5630462765693665,0.7822343707084656,0.3649710714817047,0.21024461090564728,0.1596299409866333,-0.14782702922821045,-0.2561744153499603,-0.10340769588947296,-0.2283940315246582,0.02187848836183548,1.9414286613464355,-0.186750590801239,0.26107174158096313,0.47623252868652344,0.007839389145374298,0.1026790589094162,0.34656721353530884,0.34242990612983704,1.6236745119094849,0.24132277071475983,-0.21220791339874268,0.2823110520839691,-0.019109144806861877,-0.1709115207195282,-0.22400063276290894,0.3349108099937439,-0.02870417758822441,0.2773211598396301,-0.13528141379356384,-0.27746182680130005,-0.24206103384494781,-0.09889626502990723,0.2360464632511139,-0.2688114643096924,-0.26013636589050293,0.6340897679328918,0.05790190398693085,-0.18235483765602112,-0.2287074625492096,-0.07209128886461258,-0.05794674530625343,-0.18766286969184875,-0.13371548056602478,0.020922988653182983,-0.18211448192596436,0.23143154382705688,-0.25686952471733093,0.11212076991796494,-0.06128990650177002,-0.27596133947372437,-0.18806543946266174,0.041296496987342834,0.7400244474411011,-0.2294960618019104,-0.09658679366111755,0.4514654874801636,0.36912956833839417,-0.08567142486572266,-0.12337181717157364,-0.2475985586643219,1.016312599182129,-0.21505533158779144,-0.2650917172431946,-0.04599304497241974,-0.2459195852279663,0.1045910194516182,0.28165560960769653,-0.08908189833164215,1.4051693677902222,0.052583158016204834,-0.19716595113277435,-0.16942620277404785,0.057487063109874725,0.19311758875846863,-0.2608881890773773,0.8626307249069214,-0.20052438974380493,0.8453625440597534,-0.15402348339557648,-0.012696504592895508
67,545,122,573,148,0.43377989530563354,-0.2354247272014618,-0.14118720591068268,1.2057428359985352,-0.17297983169555664,-0.23036038875579834,0.22036057710647583,-0.22224056720733643,-0.008212178945541382,-0.21628789603710175,0.3342500329017639,-0.2779182195663452,-0.1776507943868637,0.006073296070098877,0.7395866513252258,-0.22521157562732697,0.8769494891166687,-0.2480407953262329,-0.26712852716445923,0.011683139950037003,0.4146241545677185,1.677455186843872,0.12854379415512085,1.4723734855651855,-0.07306202501058578,-0.2233952283859253,-0.18547239899635315,-0.17186135053634644,0.2528979778289795,-0.03560946136713028,-0.24233399331569672,-0.24453485012054443,-0.24596290290355682,0.29489666223526,-0.10887661576271057,0.34891048073768616,0.023689866065979004,0.08540982007980347,-0.27610141038894653,0.023753736168146133,-0.2265467643737793,0.05825573951005936,-0.08072203397750854,0.35293883085250854,0.018784524872899055,-0.23939520120620728,-0.2620254158973694,0.6140159964561462,0.10593661665916443,0.22270804643630981,1.0307503938674927,0.3514220714569092,0.13567036390304565,-0.250478059053421,0.8872034549713135,-0.2737952470779419,-0.13485954701900482,1.2810794115066528,1.4291322231292725,-0.24214115738868713,0.01879073679447174,0.2857511043548584,-0.21839000284671783,-0.23572242259979248,0.2570875883102417,0.48394203186035156,-0.23612436652183533,0.17175742983818054,-0.003026925027370453,0.20551392436027527,1.0308961868286133,-0.24839983880519867,-0.024877682328224182,0.4413509964942932,-0.14461323618888855,-0.03845652937889099,-0.13727323710918427,-0.26337963342666626,-0.20032446086406708,-0.20107723772525787,0.6365453600883484,-0.2432219684123993,-0.2725267708301544,-0.013165637850761414,0.3267662227153778,-0.11777795106172562,-0.014881325885653496,-0.214442640542984,0.016043946146965027,-0.2529720962047577,-0.23707780241966248,0.40769869089126587,0.011627689003944397,0.029092960059642792,-0.22810578346252441,0.21756401658058167,-0.18887360394001007,-0.16981109976768494,-0.2695256471633911,0.10655191540718079,0.10543500632047653,-0.06963877379894257,-0.0856080874800682,0.2626306414604187,-0.26960599422454834,0.38921433687210083,0.08925377577543259,-0.055368922650814056,-0.10952894389629364,-0.21528837084770203,0.7544063925743103,0.33625850081443787,-0.18025685846805573,-0.18483297526836395,0.12831316888332367,-0.15628594160079956,0.23214933276176453,-0.2592058479785919,-0.19542352855205536,0.08345524221658707,-0.11985979974269867,0.2679188847541809,-0.20031532645225525,0.12016190588474274,-0.03779907897114754,-0.026443250477313995,0.046818576753139496,0.016215145587921143
68,413,645,442,673,0.7107093334197998,-0.2581578195095062,-0.09222334623336792,1.119901418685913,-0.18152600526809692,-0.25981855392456055,0.620969295501709,-0.2396051585674286,-0.14630544185638428,-0.21600386500358582,0.7435764074325562,-0.24084442853927612,-0.020056746900081635,0.737179696559906,0.847058117389679,-0.2338874638080597,-0.12395226955413818,0.3624928593635559,-0.23184692859649658,-0.012515895068645477,0.341991126537323,0.5741996765136719,0.43254750967025757,-0.05210231989622116,0.3290785849094391,-0.0923977941274643,0.059840962290763855,-0.03155645728111267,0.5367830395698547,0.03197947144508362,-0.25049281120300293,0.032702088356018066,-0.2045804262161255,0.5056623220443726,-0.15526849031448364,0.3336743712425232,0.06592360138893127,0.1975904107093811,0.5154879093170166,0.06259430199861526,-0.09710940718650818,0.015415474772453308,-0.11106538772583008,0.9683344960212708,0.4254683256149292,-0.18040668964385986,-0.1617327630519867,0.5427509546279907,-0.04123643785715103,0.6480103731155396,0.5319334268569946,0.36653757095336914,0.6216416358947754,-0.2183907926082611,0.8803286552429199,-0.21097031235694885,0.03812682628631592,0.7091423869132996,1.0212671756744385,-0.19268983602523804,-0.10626134276390076,0.32433682680130005,-0.12543287873268127,-0.0028521455824375153,0.5530678629875183,0.15219415724277496,-0.22122344374656677,0.6738113760948181,0.0625736340880394,0.29416006803512573,0.5291919112205505,-0.16568899154663086,-0.11208009719848633,0.22910520434379578,-0.04618123918771744,0.02644316479563713,0.7966833710670471,-0.25773948431015015,0.12452611327171326,-0.12023689597845078,-0.04338986426591873,-0.2667444348335266,-0.26545029878616333,0.3225165605545044,0.08120217174291611,-0.08990295231342316,-0.170997753739357,-0.2150944173336029,0.22776532173156738,-0.2600322365760803,-0.22379866242408752,-0.004847954958677292,-0.10089284181594849,0.06833861768245697,-0.23917518556118011,0.40775078535079956,-0.1171751320362091,0.011908698827028275,-0.22800564765930176,0.025184892117977142,1.35411536693573,-0.14696772396564484,0.47317686676979065,0.3698276877403259,-0.17774060368537903,-0.15288883447647095,0.22507259249687195,-0.08117206394672394,-0.22645261883735657,-0.20921090245246887,1.0700795650482178,0.21904757618904114,-0.15349647402763367,0.0476430207490921,0.09576749801635742,-0.15343262255191803,0.13872161507606506,-0.21892444789409637,-0.08496896177530289,0.18932710587978363,-0.0447683110833168,0.4546852111816406,-0.24089452624320984,0.636960506439209,-0.0946190282702446,0.21517249941825867,-0.15060049295425415,-0.1450638622045517
69,858,431,907,485,0.8439343571662903,-0.20142579078674316,0.3645048141479492,1.0364676713943481,-0.1809636801481247,-0.12812907993793488,0.3348812162876129,-0.21184659004211426,-0.165160670876503,-0.2435942441225052,0.1381281018257141,0.24086757004261017,-0.08903003484010696,0.3694169521331787,0.4548238515853882,-0.19825522601604462,0.08202707022428513,0.4070394039154053,0.8827924132347107,-0.00802507996559143,0.4596365988254547,-0.015845030546188354,0.8918275833129883,-0.011899660341441631,0.08890115469694138,0.6391873955726624,-0.18481583893299103,-0.15154646337032318,0.8168700337409973,0.8274906277656555,-0.1536417454481125,-0.21344150602817535,-0.14576469361782074,0.2642674744129181,-0.16011963784694672,0.15253384411334991,-0.2257252186536789,0.3689970076084137,-0.020538359880447388,0.13768313825130463,-0.15872527658939362,-0.1715792566537857,-0.061026740819215775,0.5342323184013367,-0.016618968918919563,-0.12936745584011078,-0.19210033118724823,0.41507861018180847,0.3722005784511566,0.6508800387382507,0.35441645979881287,0.5118724703788757,0.6498921513557434,-0.24664317071437836,0.6154067516326904,0.0582096092402935,0.28644126653671265,0.22943013906478882,0.819134533405304,-0.16467656195163727,0.3492293357849121,0.34056219458580017,-0.16175909340381622,0.046259891241788864,0.22105252742767334,0.32972410321235657,0.059126999229192734,0.457179993391037,-0.043700966984033585,0.6956927180290222,0.2278275489807129,-0.15661142766475677,0.1937190145254135,0.48322561383247375,-0.1652427464723587,-0.02526138536632061,0.44840624928474426,0.16762615740299225,-0.11638332158327103,-0.1263132244348526,0.10096656531095505,-0.23510225117206573,-0.26457688212394714,0.3885672092437744,0.2738862931728363,0.3510240316390991,-0.06330444663763046,-0.1543394774198532,0.03323255106806755,-0.23224757611751556,0.08953070640563965,0.2007557600736618,0.4652794599533081,-0.2498956173658371,-0.05966816842556,-0.16266876459121704,-0.2383662611246109,-0.012725482694804668,-0.2337447851896286,0.14503131806850433,-0.1214725598692894,0.058523062616586685,-0.012785288505256176,0.6586606502532959,1.0120843648910522,0.17423421144485474,0.20984435081481934,0.35917410254478455,-0.035932283848524094,-0.15271002054214478,0.38757550716400146,-0.1356736272573471,0.04721878096461296,0.012232423759996891,0.7155184745788574,0.0012303193798288703,0.9387922286987305,-0.0006973991985432804,-0.0727311447262764,0.06003531813621521,-0.17047394812107086,0.22392112016677856,0.14679647982120514,0.5587642788887024,-0.1520005464553833,0.8300532698631287,-0.018723459914326668,-0.21076959371566772
70,588,126,616,153,0.01945403963327408,-0.2530962824821472,-0.18221955001354218,1.142129898071289,-0.14302775263786316,-0.23300157487392426,-0.005869761109352112,-0.20471397042274475,-0.22843879461288452,-0.2173188328742981,0.28151315450668335,-0.25937581062316895,-0.08824305236339569,0.9891653656959534,0.6917693018913269,-0.17487311363220215,0.04115977883338928,-0.17472055554389954,-0.26671379804611206,-0.09605460613965988,0.22458885610103607,0.24820886552333832,0.28475266695022583,0.48821595311164856,0.6589714884757996,0.19034512341022491,-0.026306860148906708,-0.23807883262634277,0.13238148391246796,0.2865613102912903,-0.22059684991836548,-0.17649999260902405,-0.16896262764930725,0.2254382222890854,-0.21477961540222168,-0.13104347884655,-0.04056303948163986,0.021814197301864624,-0.19217535853385925,-0.09935005009174347,-0.21206828951835632,-0.06560569256544113,0.06180543452501297,0.6773188710212708,-0.11886817216873169,-0.1487639993429184,-0.23687683045864105,0.23197025060653687,-0.013261772692203522,0.15434303879737854,0.9338783621788025,0.32304680347442627,0.11401021480560303,-0.22208848595619202,0.14172011613845825,-0.20488756895065308,-0.25370603799819946,0.8746155500411987,1.258148193359375,-0.21816107630729675,-0.08397011458873749,0.32857322692871094,-0.07539233565330505,-0.00122060626745224,0.4242812395095825,0.17274802923202515,-0.2479408085346222,0.536967933177948,0.11883656680583954,0.3366307318210602,0.3923951983451843,-0.14640530943870544,-0.044177692383527756,0.12002693861722946,0.1435975879430771,0.07554753869771957,-0.14752155542373657,-0.2037530243396759,-0.2345592975616455,-0.10109350830316544,-0.07658009976148605,-0.2584618330001831,-0.24653400480747223,0.17214708030223846,-0.04796508699655533,-0.016087226569652557,-0.06124270707368851,-0.1652350276708603,0.13387490808963776,-0.22860866785049438,-0.2594829201698303,0.1591348797082901,0.020755335688591003,-0.08720993995666504,-0.24589429795742035,0.2595042884349823,-0.02293732762336731,-0.08818195015192032,-0.2200978398323059,0.013314060866832733,1.679959774017334,0.058806806802749634,-0.044371962547302246,0.11444205045700073,-0.18445128202438354,0.08409593254327774,-0.046092599630355835,-0.10841280966997147,0.019112110137939453,-0.1266639083623886,-0.16461122035980225,-0.004482835531234741,-0.22757115960121155,-0.019044950604438782,0.19710654020309448,-0.1272529661655426,0.1865948736667633,-0.18954181671142578,-0.16244767606258392,0.153416246175766,-0.019038032740354538,0.32091987133026123,-0.2510075867176056,0.31618183851242065,-0.050887830555438995,0.05619153007864952,-0.13469888269901276,-0.07948064804077148
71,493,517,529,551,0.4489170014858246,-0.24735359847545624,0.05709260702133179,0.9708221554756165,-0.18135060369968414,0.2815420627593994,0.24893908202648163,-0.21042628586292267,0.0008276402950286865,-0.26170530915260315,0.3552497923374176,-0.0907929316163063,-0.12990491092205048,0.5896098613739014,0.48291078209877014,-0.23263202607631683,0.14984923601150513,-0.030997395515441895,0.373150110244751,-0.14076434075832367,0.1784900277853012,0.25667867064476013,0.4548630714416504,0.3293640613555908,0.014564338140189648,0.09953334182500839,-0.17954330146312714,-0.11966913193464279,0.38866862654685974,0.6735744476318359,-0.24247248470783234,-0.19016104936599731,-0.11537962406873703,0.2326653003692627,-0.17160600423812866,-0.05040973052382469,-0.23884761333465576,0.3473884165287018,-0.27428361773490906,-0.05954594537615776,-0.0746636763215065,-0.19621042907238007,-0.10557421296834946,0.09488191455602646,-0.13981454074382782,-0.06308896839618683,-0.21776823699474335,0.8396689891815186,0.13237851858139038,0.3730470836162567,0.2205175757408142,0.41214874386787415,0.5520017743110657,-0.23326139152050018,0.5267571210861206,-0.18526089191436768,0.020682036876678467,0.1363092064857483,0.7763116955757141,-0.1849595308303833,0.3781898021697998,0.07553540915250778,-0.13473431766033173,-0.13901583850383759,0.31164267659187317,-0.10133472830057144,0.6681857705116272,0.34756648540496826,-0.011933614499866962,0.06566444784402847,0.5124747157096863,-0.18427161872386932,-0.026497749611735344,0.14653567969799042,-0.10393381118774414,-0.10884243994951248,0.16832244396209717,-0.16027842462062836,-0.11112198978662491,-0.1687767505645752,0.3632221221923828,-0.2416471242904663,-0.2516709268093109,0.5113359093666077,0.5188771486282349,-0.17641319334506989,-0.20882926881313324,-0.11045747995376587,0.3764931261539459,-0.20504005253314972,-0.18059098720550537,0.2088647335767746,-0.058423351496458054,-0.2437412589788437,0.10072233527898788,-0.03419724479317665,-0.2301655262708664,-0.19622743129730225,-0.222955122590065,0.21722447872161865,0.47434672713279724,-0.13452571630477905,-0.038871314376592636,0.21786896884441376,0.4368542730808258,0.12138152122497559,0.028586477041244507,0.749436616897583,-0.18628977239131927,-0.17560692131519318,0.6934962868690491,-0.12247327715158463,-0.22816888988018036,0.19808876514434814,0.32800278067588806,-0.16769357025623322,0.43694400787353516,0.06070929765701294,-0.06426351517438889,0.2838195562362671,-0.13409101963043213,0.42325758934020996,0.5584315657615662,0.5768289566040039,-0.17513321340084076,0.752163827419281,0.014558076858520508,-0.190759539604187
72,759,209,786,235,-0.21914806962013245,-0.22525089979171753,0.31538277864456177,1.2057777643203735,-0.16778647899627686,0.36169812083244324,-0.23681409657001495,-0.2683996260166168,-0.19797572493553162,-0.23949338495731354,0.6555181741714478,-0.21654193103313446,-0.1369626224040985,1.928551197052002,-0.1314435452222824,-0.24108850955963135,2.4938385486602783,-0.24283534288406372,-0.008168831467628479,-0.25760775804519653,-0.047761060297489166,-0.2523621916770935,-0.17732666432857513,-0.18935555219650269,1.5769404172897339,2.0762295722961426,-0.1902182400226593,-0.25779128074645996,-0.02780534327030182,1.5938291549682617,-0.023420631885528564,-0.16499170660972595,0.2404247671365738,0.1837647706270218,-0.2290242314338684,-0.2771894335746765,0.08543287217617035,-0.26534709334373474,-0.15322834253311157,-0.20783835649490356,-0.05019224435091019,0.1091880053281784,0.04345846176147461,1.0201274156570435,-0.23846465349197388,-0.06847730278968811,-0.21647676825523376,0.5569684505462646,1.4638558626174927,0.6807167530059814,0.3211499750614166,0.27445170283317566,-0.23709219694137573,-0.23379415273666382,-0.2172832489013672,0.043713733553886414,-0.24405205249786377,0.4574870467185974,2.0734500885009766,-0.1734299659729004,0.14469695091247559,0.2063809484243393,0.030278757214546204,0.35085219144821167,-0.0884324163198471,0.4272570312023163,1.9004580974578857,0.27741408348083496,-0.2421666979789734,0.5768523216247559,-0.11704879254102707,-0.21817654371261597,-0.17944397032260895,0.5598798990249634,0.008144611492753029,0.16337239742279053,-0.16338689625263214,-0.2688900828361511,-0.1430327296257019,-0.0765901505947113,0.23049026727676392,-0.2661764621734619,-0.25749021768569946,0.24705934524536133,-0.016108021140098572,-0.18307334184646606,-0.19933263957500458,-0.07889331132173538,-0.2631748616695404,-0.20872271060943604,-0.16678526997566223,-0.0024856925010681152,-0.1870020031929016,0.1958836019039154,-0.22976058721542358,0.23247717320919037,-0.09881629049777985,-0.27416300773620605,-0.0833519697189331,-0.08146533370018005,0.3565921187400818,-0.18558770418167114,-0.13912388682365417,0.3099321126937866,1.0068790912628174,-0.036994703114032745,-0.18650442361831665,-0.1817644238471985,1.1283049583435059,-0.16597004234790802,-0.2651359438896179,0.03044016659259796,-0.22496552765369415,-0.004719741642475128,-0.008778020739555359,-0.07322654128074646,1.137100338935852,0.06376337260007858,-0.10690868645906448,-0.12159726023674011,-0.04161180555820465,0.06577949970960617,-0.2515828609466553,0.3999302387237549,-0.19478534162044525,0.04077143967151642,-0.21648640930652618,-0.017063185572624207
73,321,619,351,647,0.6292693018913269,-0.21901927888393402,-0.1886053830385208,1.2794055938720703,-0.19013305008411407,-0.24211803078651428,0.0574801042675972,-0.27667659521102905,-0.24893055856227875,-0.19548387825489044,0.19401918351650238,-0.2161029577255249,-0.23431482911109924,-0.18417152762413025,1.7640959024429321,-0.27287837862968445,0.19427955150604248,-0.001640215516090393,-0.1793927550315857,-0.2764313220977783,0.3992411196231842,2.7907726764678955,-0.2132355272769928,1.522525668144226,0.5385631918907166,-0.25249797105789185,-0.22106340527534485,-0.15697124600410461,-0.22314518690109253,-0.18863478302955627,-0.14238689839839935,0.1262611746788025,-0.2610178589820862,1.5491878986358643,-0.13584870100021362,-0.041358254849910736,0.5094574689865112,-0.05178367346525192,0.7922287583351135,-0.19298125803470612,0.6318125128746033,0.34628066420555115,0.8787129521369934,0.9769208431243896,0.45219412446022034,0.08469332754611969,0.0035647600889205933,2.5569489002227783,-0.03296886384487152,-0.2357289046049118,1.036691427230835,1.1808562278747559,-0.1408056765794754,-0.19455227255821228,0.9790545701980591,-0.2717479467391968,1.2745977640151978,1.234917402267456,2.3710451126098633,-0.25321272015571594,0.008623957633972168,-0.2511014938354492,-0.02515202760696411,-0.12869465351104736,-0.27227580547332764,-0.14694133400917053,-0.19175752997398376,-0.2216239869594574,-0.21238337457180023,-0.19170090556144714,1.6995468139648438,0.18710695207118988,-0.23314395546913147,0.025684021413326263,-0.14843416213989258,-0.07328381389379501,0.919645369052887,-0.21721921861171722,0.012107082642614841,-0.23207683861255646,-0.004346221685409546,-0.27771374583244324,-0.27730780839920044,-0.059322599321603775,0.5580540895462036,-0.07222767174243927,-0.24898189306259155,-0.250372976064682,-0.2748633623123169,-0.26837605237960815,-0.2296374887228012,0.02067430317401886,-0.21265140175819397,0.502261757850647,0.060307905077934265,1.1073389053344727,-0.19597411155700684,-0.07716119289398193,-0.24978864192962646,-0.2218378782272339,1.3257111310958862,-0.13115105032920837,0.03846278786659241,0.1628739833831787,-0.12237508594989777,-0.23300930857658386,-0.2163413017988205,0.04605056345462799,0.5248952507972717,-0.23421606421470642,2.547950506210327,1.1882400512695312,0.15082812309265137,-0.20451237261295319,-0.2625848352909088,0.09056039154529572,-0.15976163744926453,-0.2737956643104553,0.15278460085391998,-0.23063308000564575,-0.06113357096910477,0.5973598957061768,0.04016675055027008,0.3772755265235901,-0.1412007212638855,0.08995261788368225,-0.12180197238922119,0.09150245785713196
74,795,667,826,697,0.5095196962356567,-0.2556927800178528,-0.07574944198131561,1.0617122650146484,-0.16728919744491577,-0.2539134621620178,0.38002467155456543,-0.19358877837657928,-0.2242930829524994,-0.23134268820285797,0.45511773228645325,-0.22683539986610413,-0.05106167495250702,0.10213957726955414,0.380636990070343,-0.20673981308937073,0.5057883262634277,-0.26052984595298767,-0.23454362154006958,-0.20665177702903748,0.5174593329429626,0.05310714244842529,0.37624239921569824,0.5612491369247437,-0.05854449421167374,-0.005770094692707062,-0.2186208963394165,-0.20733140408992767,0.44504261016845703,0.21130147576332092,-0.2170984148979187,-0.17893241345882416,-0.09240852296352386,0.3977854251861572,-0.21476134657859802,-0.0046805739402771,-0.12526322901248932,0.14827808737754822,-0.2607026696205139,-0.05975763872265816,-0.16877877712249756,-0.11869964003562927,-0.05185142159461975,0.7606056928634644,0.28864195942878723,-0.2322656810283661,-0.23180325329303741,0.5032324194908142,-0.001240639016032219,0.19756032526493073,0.7126829028129578,-0.005551837384700775,0.387299120426178,-0.25223883986473083,0.3364497125148773,-0.25854066014289856,-0.11505142599344254,0.7411213517189026,1.0579465627670288,-0.20602592825889587,-0.042543694376945496,0.5131170153617859,-0.19863900542259216,0.07231572270393372,0.2769690454006195,0.36537274718284607,0.05796369910240173,0.3745560646057129,-0.060178108513355255,0.34649336338043213,0.7075384855270386,-0.1297936886548996,-0.16186290979385376,0.1282425969839096,-0.0526980385184288,-0.004112653434276581,0.11186216026544571,-0.24619397521018982,-0.20233705639839172,-0.18428322672843933,-0.08316688239574432,-0.2679651081562042,-0.2680458426475525,-0.06047064810991287,-0.003422010689973831,-0.06311460584402084,-0.10711240768432617,-0.1962348371744156,0.08202464133501053,-0.24441128969192505,-0.21755525469779968,0.046405941247940063,0.17610301077365875,-0.1287633329629898,-0.15268303453922272,0.10570028424263,-0.19465231895446777,0.015365410596132278,-0.2583748996257782,0.11268234252929688,0.896303653717041,0.07244537770748138,-0.04445803910493851,0.34606871008872986,-0.21801885962486267,0.18394581973552704,-0.09382878243923187,-0.2630422115325928,0.025161325931549072,-0.09327523410320282,0.2516711950302124,0.06288088858127594,-0.1925942301750183,-0.17985065281391144,0.33477652072906494,-0.14648032188415527,0.47983449697494507,-0.27060070633888245,-0.20145806670188904,0.0931822657585144,-0.14215253293514252,0.42661958932876587,-0.2692357897758484,0.21388880908489227,-0.06802012026309967,0.34493929147720337,0.0254755187779665,-0.14350304007530212
75,676,856,696,874,0.8009114265441895,-0.27439990639686584,-0.10927478969097137,1.2429702281951904,-0.0466332882642746,-0.26129382848739624,-0.2778761386871338,-0.27623072266578674,-0.18649378418922424,-0.16885444521903992,1.891884207725525,-0.27197498083114624,-0.20954014360904694,2.951021432876587,-0.0974874421954155,-0.23781317472457886,-0.06511355936527252,-0.06884650886058807,-0.2559625804424286,-0.21710851788520813,-0.23558704555034637,0.5431255102157593,-0.22296687960624695,-0.27842947840690613,-0.16216614842414856,-0.2738626301288605,-0.21013174951076508,-0.2747446298599243,1.056801199913025,-0.27846232056617737,-0.12631003558635712,-0.25103604793548584,-0.2386169284582138,1.1993216276168823,-0.18027418851852417,-0.27841588854789734,0.045333314687013626,-0.17764434218406677,-0.22197148203849792,-0.1648099571466446,-0.23069843649864197,0.10959978401660919,0.06399959325790405,1.8107527494430542,-0.2763587236404419,-0.27583345770835876,-0.2451496422290802,0.5660088658332825,1.9846199750900269,0.13583730161190033,0.3562956154346466,-0.19833426177501678,0.3763795793056488,-0.20625096559524536,-0.030273156240582466,-0.14269621670246124,-0.1655135601758957,2.4165427684783936,1.1004434823989868,-0.2699103355407715,0.015338556841015816,1.2865931987762451,-0.08343584835529327,3.8147616386413574,3.179222822189331,-0.17539173364639282,-0.22173133492469788,2.4500367641448975,-0.2758811116218567,1.0245213508605957,1.5560394525527954,-0.15131786465644836,-0.20548780262470245,0.14362046122550964,-0.08464761078357697,0.06041960418224335,-0.04650057852268219,-0.2748618423938751,0.2608036398887634,-0.022974271327257156,-0.272592157125473,-0.2126932293176651,-0.08013629913330078,-0.19355133175849915,-0.2783719003200531,-0.06543252617120743,-0.12963569164276123,-0.15798920392990112,-0.2667958438396454,-0.2690477669239044,-0.27658867835998535,0.17091317474842072,-0.21274767816066742,-0.1877053678035736,-0.2728859484195709,0.6714819669723511,-0.26803573966026306,-0.23059602081775665,-0.11117473989725113,-0.2542293965816498,-0.1788358837366104,-0.25233301520347595,0.37948501110076904,0.3406972289085388,-0.12021628022193909,1.8978456258773804,-0.2037927657365799,-0.18637406826019287,-0.26609376072883606,0.2988455295562744,-0.23060671985149384,-0.21731483936309814,0.5413119792938232,-0.25281092524528503,-0.2451677918434143,0.019365310668945312,0.798312246799469,-0.1216111034154892,0.08217943459749222,0.34651994705200195,-0.1946549266576767,-0.16526734828948975,-0.199648916721344,0.33335551619529724,0.07859750837087631,-0.2750001549720764,1.4074515104293823,-0.22800618410110474
76,535,155,563,181,0.04879474639892578,-0.2469826340675354,-0.1014430969953537,1.061676263809204,-0.13330018520355225,-0.02229773998260498,0.4662681818008423,-0.2622775435447693,0.21222856640815735,-0.16738799214363098,0.7032706141471863,-0.18440043926239014,-0.16567973792552948,0.006744459271430969,0.06399747729301453,-0.22441762685775757,-0.02276024967432022,-0.09473749250173569,-0.20532730221748352,-0.19790934026241302,0.2582276463508606,-0.06471037864685059,0.616905927658081,1.2453094720840454,0.23883694410324097,1.220304250717163,-0.07940934598445892,-0.18241441249847412,0.7347355484962463,1.1791696548461914,0.027503088116645813,-0.12468486279249191,-0.14120890200138092,0.11322985589504242,-0.21647995710372925,-0.07915349304676056,0.0074319988489151,0.517620325088501,-0.2271941900253296,0.20641586184501648,0.11508588492870331,-0.06261380761861801,0.011498913168907166,0.5173227190971375,-0.008326716721057892,-0.0522235631942749,-0.2487579882144928,1.117863655090332,0.8042525053024292,1.1933624744415283,0.8445179462432861,0.7748889923095703,0.1208501085639,-0.2314603328704834,-0.1496465653181076,-0.21481183171272278,-0.04947388172149658,0.3009507656097412,1.2996493577957153,-0.20620009303092957,0.5521830916404724,0.07636618614196777,-0.05902745574712753,0.03144027292728424,-0.05893120542168617,0.3577970266342163,0.2715888023376465,0.08093595504760742,0.9076701998710632,0.49587133526802063,0.11550478637218475,-0.1261104792356491,0.022435486316680908,0.05742505192756653,-0.18738657236099243,0.10001610964536667,0.002476237714290619,-0.26161065697669983,-0.05001058802008629,-0.12414397299289703,0.593757688999176,-0.24678397178649902,-0.23129938542842865,-0.04725704714655876,0.48607009649276733,-0.26324740052223206,-0.22194401919841766,-0.07331740111112595,0.4609552025794983,-0.24438315629959106,-0.23216962814331055,0.1735713630914688,0.6278784275054932,0.005026623606681824,-0.18142418563365936,0.09939294308423996,-0.09925508499145508,0.0035146139562129974,-0.22606989741325378,0.11784040927886963,0.1613919883966446,-0.20219732820987701,0.14634233713150024,0.4165094196796417,0.7513558864593506,0.16092756390571594,-0.04280015081167221,0.434854656457901,-0.03532779961824417,-0.11966902017593384,0.2236407995223999,0.2006416618824005,-0.24935045838356018,0.5257906913757324,0.08697402477264404,-0.09043558686971664,0.9208309650421143,-0.020341411232948303,-0.1869967132806778,0.3084441125392914,-0.04648225009441376,0.383503794670105,-0.17856749892234802,0.4351021647453308,-0.15354670584201813,0.02028615027666092,-0.025686495006084442,-0.10764968395233154
77,510,128,538,154,0.389026403427124,-0.2681792378425598,-0.004006177186965942,1.2160465717315674,-0.1638609766960144,-0.27593857049942017,-0.07382310181856155,-0.19336722791194916,-0.2343425750732422,-0.185127854347229,0.3521146774291992,-0.24555425345897675,-0.09251442551612854,0.8695551156997681,0.6846204996109009,-0.22642545402050018,2.8428943157196045,0.1665038764476776,-0.2660205364227295,-0.1746557354927063,0.4828036427497864,0.8365732431411743,0.33928781747817993,0.1999451220035553,1.1977496147155762,0.08012112975120544,-0.23782676458358765,-0.26394158601760864,0.3797311782836914,0.57542884349823,-0.13560979068279266,-0.23533125221729279,-0.0855071172118187,0.5344074368476868,-0.2587718367576599,0.07009939104318619,0.0255594402551651,0.7742879986763,-0.1895855963230133,-0.04860420525074005,-0.1568833589553833,0.006499074399471283,-0.13321632146835327,1.703358769416809,-0.1866300404071808,-0.13536500930786133,-0.23388443887233734,0.3486887216567993,-0.12179947644472122,0.18979044258594513,1.294448971748352,0.13881418108940125,0.4922046959400177,-0.2711848020553589,0.4982636570930481,-0.26266244053840637,-0.23577085137367249,1.4893505573272705,2.029491901397705,-0.16699475049972534,-0.21255041658878326,0.32640886306762695,-0.24282798171043396,0.8447040319442749,0.6556679010391235,0.8988683223724365,0.23460721969604492,0.9644304513931274,-0.23211850225925446,-0.12191101908683777,0.5509456396102905,-0.2180783450603485,-0.10450687259435654,0.42623037099838257,0.2221628874540329,0.09370137751102448,0.14180676639080048,-0.03311867266893387,-0.24457286298274994,-0.08223944902420044,-0.06119866669178009,-0.25639608502388,-0.2642098665237427,-0.05074797570705414,-0.09529587626457214,-0.23570147156715393,-0.263832688331604,-0.1375555843114853,0.41317468881607056,-0.26861751079559326,-0.10128442198038101,-0.14222103357315063,0.12314101308584213,-0.020485661923885345,-0.2726204991340637,0.365597665309906,-0.1462286114692688,0.008985824882984161,-0.2447296380996704,-0.07081751525402069,1.21317458152771,0.21177303791046143,-0.022662293165922165,0.2658902406692505,0.5618936419487,-0.10932932794094086,0.04277259111404419,-0.2746576964855194,1.1055903434753418,-0.053245555609464645,-0.18863709270954132,0.1548178493976593,-0.2765594720840454,-0.09800752997398376,0.04817986488342285,0.0962410420179367,0.29162633419036865,-0.12978997826576233,-0.12336874008178711,-0.06429731100797653,-0.13896013796329498,0.19271618127822876,-0.27319881319999695,0.12013119459152222,-0.15314358472824097,0.16352149844169617,-0.01892949640750885,-0.03321364149451256
78,627,641,649,662,-0.27844372391700745,-0.26491662859916687,-0.0870116725564003,1.4382880926132202,-0.09483654797077179,0.1419583261013031,-0.2779659926891327,-0.2569068670272827,-0.2524462342262268,-0.17243972420692444,0.1605345755815506,-0.1625816524028778,-0.22630095481872559,1.0169425010681152,0.31209561228752136,-0.2642841935157776,0.9164580702781677,-0.2169569432735443,-0.1937861442565918,-0.20132866501808167,-0.2288692146539688,2.8621034622192383,-0.27574002742767334,0.1804032176733017,2.5261526107788086,-0.2765201926231384,-0.2404058426618576,-0.11225905269384384,-0.20703478157520294,-0.2783861756324768,-0.15737594664096832,-0.27479055523872375,-0.26148557662963867,0.37614649534225464,-0.2524092197418213,-0.2205040156841278,0.4023060202598572,-0.05637015774846077,-0.2182319164276123,-0.27715200185775757,-0.18210384249687195,0.27554407715797424,1.2876017093658447,1.883440375328064,-0.2381664216518402,-0.2737525701522827,-0.2696906626224518,1.1042912006378174,0.9483155012130737,-0.25057291984558105,2.21451735496521,0.4034612774848938,-0.23511698842048645,-0.2771322429180145,0.748569667339325,-0.26862913370132446,-0.2386317402124405,1.7488529682159424,3.6190688610076904,-0.27613165974617004,-0.2759845554828644,-0.278377503156662,-0.23872123658657074,0.04289610683917999,-0.26930975914001465,-0.13563618063926697,-0.08921370655298233,-0.1928972452878952,-0.25294944643974304,-0.26187825202941895,0.8465202450752258,-0.15406925976276398,-0.27463653683662415,-0.1574663519859314,0.3117717504501343,0.3215324282646179,-0.1917777806520462,-0.231195867061615,-0.21303033828735352,-0.06730706989765167,1.401444673538208,-0.2418786883354187,-0.2733086943626404,-0.1399349719285965,-0.21967653930187225,-0.17533457279205322,-0.24698640406131744,-0.08514030277729034,-0.26908427476882935,-0.26392775774002075,-0.20518694818019867,0.20804689824581146,-0.18602322041988373,0.30252915620803833,-0.163387268781662,0.6418203711509705,-0.2707429528236389,-0.2773156762123108,-0.19553063809871674,-0.18135569989681244,-0.22922290861606598,-0.1400468498468399,0.05096358805894852,-0.07261459529399872,-0.23992294073104858,0.4050289988517761,-0.22597786784172058,-0.21047982573509216,0.8990112543106079,-0.20309896767139435,-0.26821690797805786,0.3890840709209442,-0.04499227553606033,-0.2737140953540802,-0.27731356024742126,0.0037661457899957895,-0.15738947689533234,-0.27845847606658936,-0.15779206156730652,-0.24283215403556824,-0.09729339927434921,-0.09346329420804977,-0.23025023937225342,-0.10556930303573608,-0.2368186116218567,-0.2777414619922638,-0.07323143631219864,-0.03228031471371651
79,819,668,853,700,0.23506328463554382,-0.22771590948104858,-0.19926738739013672,1.0611504316329956,-0.172210231423378,-0.004193633794784546,0.47676852345466614,-0.17367815971374512,0.15018635988235474,-0.25121498107910156,0.20807115733623505,-0.23798799514770508,0.038934189826250076,-0.10898549854755402,0.10613809525966644,-0.21829062700271606,0.6298562288284302,-0.24284915626049042,-0.22354048490524292,-0.1186327338218689,0.21378877758979797,-0.12669743597507477,0.4806775450706482,1.7187772989273071,0.10333079844713211,0.9218287467956543,-0.1870991289615631,-0.24856460094451904,0.15736621618270874,1.118656039237976,-0.05962271988391876,-0.18304075300693512,-0.014435403048992157,0.07144244015216827,-0.22987404465675354,-0.1655869036912918,-0.08494266867637634,0.1825956404209137,-0.22750841081142426,-0.013798072934150696,0.038291677832603455,-0.1208353266119957,-0.10138674825429916,0.6443281173706055,0.20188242197036743,-0.049244605004787445,-0.23691856861114502,1.0839977264404297,0.5329034924507141,0.9551563262939453,0.7195726037025452,0.29560041427612305,0.6869671940803528,-0.244145005941391,-0.07776214182376862,-0.2204405963420868,-0.09921665489673615,0.49508988857269287,1.6215927600860596,-0.1778714805841446,1.2221834659576416,0.3284880518913269,-0.0053616538643836975,0.04649555683135986,0.021831631660461426,0.589651346206665,0.8860867023468018,0.13730940222740173,0.10605825483798981,0.20409630239009857,0.4570748507976532,-0.22692707180976868,-0.1557757556438446,0.2340279221534729,-0.15716305375099182,0.1540377289056778,0.061787787824869156,-0.17137786746025085,-0.22568747401237488,-0.13555237650871277,0.8052232265472412,-0.24555839598178864,-0.22297176718711853,0.08651500940322876,0.33174413442611694,-0.09678994119167328,-0.24278998374938965,-0.09135979413986206,0.4334283173084259,-0.19523018598556519,-0.2058326005935669,0.2509254813194275,0.06191641092300415,-0.07068866491317749,-0.22712400555610657,0.02236407995223999,-0.2068600356578827,0.06344222277402878,-0.26150012016296387,0.1658066064119339,0.1616332083940506,0.28425005078315735,0.01889878511428833,0.5814433097839355,0.6261366605758667,0.49783778190612793,-0.12912949919700623,0.6722869873046875,0.159977987408638,-0.19008886814117432,0.050024185329675674,0.04134581983089447,0.16211317479610443,0.10201790928840637,0.22622698545455933,-0.043747950345277786,0.4547111988067627,-0.04974546283483505,-0.22222140431404114,0.03574564680457115,-0.07284767925739288,0.18961313366889954,-0.13819396495819092,0.8739553689956665,-0.10291355103254318,0.30469247698783875,-0.0998041182756424,-0.1364656388759613
80,448,595,471,617,0.07863792032003403,-0.2760372459888458,-0.2749570906162262,1.199981689453125,-0.18475817143917084,0.3697848320007324,0.6437353491783142,-0.13238191604614258,0.12435516715049744,1.2101540565490723,-0.10855583846569061,-0.08932381868362427,-0.2660458981990814,-0.2586182653903961,0.33579128980636597,-0.27495133876800537,-0.252602219581604,5.954720497131348,-0.26869723200798035,-0.13462230563163757,-0.27537521719932556,-0.2510792911052704,0.6319305896759033,3.5416290760040283,-0.27629029750823975,3.802644729614258,-0.1894768476486206,0.13288532197475433,-0.25860902667045593,3.17199969291687,1.4292066097259521,0.20759925246238708,-0.16074614226818085,-0.20599870383739471,-0.2784641981124878,-0.25861141085624695,0.053729813545942307,3.0706067085266113,-0.1338299959897995,-0.2780262231826782,2.2861156463623047,0.3989599943161011,-0.27746617794036865,-0.17365704476833344,-0.23638413846492767,2.5972678661346436,-0.26606228947639465,2.476207733154297,-0.27739351987838745,-0.12847398221492767,-0.0907859355211258,0.08589307218790054,-0.2664330303668976,-0.2768581807613373,-0.22721241414546967,0.6785151958465576,1.6530661582946777,-0.14837734401226044,1.0268460512161255,-0.13449221849441528,-0.21575988829135895,-0.17625336349010468,0.25410211086273193,-0.1852044314146042,-0.26794829964637756,-0.22561350464820862,-0.11215924471616745,-0.2633250951766968,0.9966270327568054,-0.11944930255413055,-0.18334700167179108,1.0753173828125,-0.18623465299606323,-0.2754201889038086,-0.2784179449081421,0.7139460444450378,-0.2680909335613251,-0.2466818392276764,-0.11024554818868637,-0.2783035635948181,3.7925827503204346,-0.07007355988025665,-0.2710413932800293,-0.23123472929000854,3.1448869705200195,-0.14944452047348022,-0.14397147297859192,-0.06612545996904373,2.4824695587158203,-0.1390547901391983,-0.16998286545276642,-0.2638658285140991,0.774723470211029,0.17247873544692993,-0.22487087547779083,-0.2310369312763214,0.04352283477783203,-0.15688589215278625,-0.265668660402298,-0.09647493064403534,0.6968395709991455,-0.2187173217535019,-0.2181262969970703,-0.15156473219394684,4.796575546264648,-0.2432306557893753,-0.2372237890958786,2.2725605964660645,-0.25762739777565,-0.25276386737823486,4.584159851074219,1.1244263648986816,-0.21624532341957092,4.789773464202881,-0.1409136950969696,-0.0587383396923542,-0.19313354790210724,0.22250454127788544,0.059345271438360214,-0.10237832367420197,0.285818487405777,0.5654566884040833,-0.2661168873310089,0.8360572457313538,-0.1709107756614685,-0.226748526096344,-0.1242288202047348,0.6750134229660034
81,462,531,488,557,0.11377064883708954,-0.2135045975446701,-0.26732510328292847,1.2519903182983398,-0.17697887122631073,-0.24158324301242828,0.6441396474838257,-0.22493648529052734,0.26388296484947205,-0.19714608788490295,-0.22248879075050354,-0.13599500060081482,-0.1888704150915146,-0.15693245828151703,1.8662327527999878,-0.2781832814216614,-0.13535980880260468,0.28464239835739136,-0.21044495701789856,0.0025556758046150208,0.5706645846366882,1.8192671537399292,0.458266019821167,2.629211664199829,-0.060627397149801254,-0.2759162187576294,-0.2186926007270813,-0.11284317821264267,-0.22603338956832886,0.026949197053909302,-0.2368215024471283,0.13410541415214539,-0.26402556896209717,0.5911650657653809,-0.21391776204109192,0.3160272240638733,0.24667753279209137,0.05147669464349747,-0.2687118351459503,-0.11686716973781586,0.8451331853866577,0.2079494595527649,0.428635835647583,0.7007790207862854,0.24754486978054047,0.5448786616325378,-0.1392064392566681,2.438331127166748,-0.16367247700691223,-0.041265588253736496,1.359155535697937,0.6516873836517334,0.7397796511650085,-0.23842784762382507,1.1365381479263306,-0.258558988571167,0.7818444967269897,1.121258020401001,3.1431453227996826,-0.20258966088294983,1.3149420022964478,-0.2514365613460541,0.22889791429042816,1.596663475036621,-0.22288428246974945,0.37521570920944214,-0.1484854817390442,-0.2686486840248108,-0.17221736907958984,-0.12695330381393433,1.275270938873291,0.19647102057933807,-0.2684714198112488,-0.10442176461219788,0.06894152611494064,0.1359151005744934,-0.17911574244499207,-0.21360796689987183,-0.21404771506786346,-0.1338423192501068,1.3106534481048584,-0.23236143589019775,-0.2679833471775055,-0.21715518832206726,0.708285391330719,-0.16389495134353638,-0.24782395362854004,-0.1527574509382248,0.5105648636817932,-0.27599892020225525,-0.0561043880879879,-0.16143634915351868,-0.24091365933418274,0.29714900255203247,-0.204605370759964,0.4480908215045929,-0.14212007820606232,-0.20498862862586975,-0.25494053959846497,-0.13723410665988922,0.8323948383331299,-0.10265269875526428,-0.19111129641532898,-0.03601326793432236,0.26941677927970886,1.1935449838638306,-0.21515977382659912,1.2374112606048584,-0.23041798174381256,-0.27195411920547485,1.2899978160858154,1.0522857904434204,1.0777926445007324,0.9003210067749023,-0.21614888310432434,0.10375651717185974,0.18596291542053223,0.18019796907901764,-0.10090205073356628,-0.11910724639892578,-0.046062782406806946,0.17965272068977356,-0.07164027541875839,0.535444438457489,-0.13389557600021362,-0.2404072880744934,-0.11282260715961456,0.14366352558135986
82,509,371,571,434,1.5183459520339966,-0.1893799602985382,0.32038599252700806,1.0976120233535767,-0.22958557307720184,-0.07530505955219269,0.33576253056526184,-0.1619691401720047,-0.0017368746921420097,-0.2313060164451599,0.11987714469432831,0.36102062463760376,-0.021957390010356903,0.2764943540096283,0.6984028220176697,-0.13694334030151367,0.013210907578468323,0.3059367835521698,0.887492299079895,0.2970699965953827,1.2772932052612305,-0.0497286394238472,1.2544834613800049,0.15529865026474,-0.07859621942043304,1.0347199440002441,-0.24458172917366028,-0.16179901361465454,1.1929364204406738,1.2848176956176758,-0.15918180346488953,0.009248439222574234,-0.13090786337852478,0.3628760278224945,-0.16028523445129395,0.7072669863700867,-0.14973871409893036,0.538728654384613,0.2364204227924347,-0.05605141073465347,0.35350221395492554,-0.019024966284632683,0.051232438534498215,0.637506365776062,0.2511311173439026,0.013411758467555046,-0.02048884704709053,0.9714947938919067,0.40158647298812866,0.5651309490203857,0.39833295345306396,0.8422558307647705,1.012089490890503,-0.2407713234424591,0.1448775976896286,0.10602153837680817,0.8459562063217163,0.930608332157135,0.6837617754936218,-0.2358109951019287,0.3527716398239136,0.21515393257141113,-0.1000756025314331,0.5401292443275452,0.10154098272323608,0.30077052116394043,0.04096813127398491,0.4908179044723511,0.21753978729248047,0.3355671167373657,0.2525370121002197,0.20183968544006348,0.2754921615123749,0.8288665413856506,-0.19901973009109497,0.06164063885807991,0.8426109552383423,0.8385224938392639,0.1723785698413849,0.46104365587234497,0.01360904797911644,-0.16928718984127045,-0.2564874291419983,0.2871984839439392,0.42834368348121643,-0.1917780041694641,0.0009948257356882095,-0.16321781277656555,0.04633760824799538,-0.20350050926208496,0.6156185865402222,0.06500186771154404,1.0956530570983887,-0.22682788968086243,-0.17876596748828888,-0.05439566820859909,-0.24911923706531525,0.20981886982917786,-0.24801748991012573,-0.01600903645157814,-0.01960870996117592,0.3441145420074463,0.07652220129966736,0.5385899543762207,1.8645730018615723,0.3769174814224243,0.09557776898145676,0.3360603451728821,0.031170621514320374,-0.20576635003089905,1.1730717420578003,0.27406951785087585,-0.2177729606628418,0.06036394461989403,0.614331066608429,0.2940349280834198,0.8125150203704834,0.17710578441619873,0.23461847007274628,0.055068377405405045,-0.20478446781635284,0.5059973001480103,0.16382665932178497,0.3746069073677063,-0.014276165515184402,0.42851558327674866,0.2783887982368469,-0.1995314359664917
83,461,667,488,694,0.4642525911331177,-0.2194170355796814,-0.1656944453716278,1.1444332599639893,-0.20276722311973572,-0.21148145198822021,0.2165771722793579,-0.2336680293083191,-0.20850542187690735,-0.2076399326324463,0.08529771119356155,-0.19878484308719635,-0.10511119663715363,0.38474905490875244,1.1456371545791626,-0.23264023661613464,-0.19718444347381592,0.4788611829280853,0.4261288046836853,-0.06887959688901901,0.4492197036743164,0.3036527931690216,0.10307188332080841,0.9158003926277161,0.9774295091629028,1.38974928855896,-0.0373779721558094,-0.07931391894817352,0.23686599731445312,0.2156905233860016,-0.2418939769268036,-0.159799724817276,-0.05222441256046295,1.1406433582305908,-0.21273666620254517,-0.07874081283807755,0.062371835112571716,-0.041473448276519775,-0.07626040279865265,0.003301076591014862,0.3358434736728668,0.03553558886051178,0.770362138748169,0.9236057996749878,0.7493396997451782,0.04531427472829819,-0.08342114835977554,1.0027700662612915,0.03157241642475128,0.08466487377882004,1.2986754179000854,1.1973021030426025,0.1677212417125702,-0.2218739241361618,0.6528298854827881,-0.2521741986274719,0.7659196257591248,0.8725141882896423,2.0943894386291504,-0.2003239095211029,-0.1611839234828949,0.14138531684875488,-0.11380892246961594,0.07185511291027069,0.06592021882534027,0.007672742009162903,-0.06002851948142052,0.06298747658729553,-0.14436213672161102,-0.1657121479511261,0.7164596915245056,0.05176323652267456,-0.21564370393753052,0.1795705407857895,0.05509508401155472,0.3602374196052551,0.42773038148880005,-0.20858126878738403,-0.2445819228887558,-0.1307714581489563,-0.04120256006717682,-0.2566258907318115,-0.26544779539108276,0.2612000107765198,0.34994930028915405,-0.16432689130306244,-0.20155340433120728,-0.15415045619010925,0.03667239844799042,-0.1882561594247818,-0.26014912128448486,-0.055463992059230804,-0.05498931184411049,0.0015026256442070007,-0.12174830585718155,0.3832149803638458,-0.1275850385427475,0.009749583899974823,-0.25785061717033386,-0.09310856461524963,1.8128635883331299,-0.07664482295513153,0.03828306496143341,0.25645267963409424,-0.20877894759178162,-0.026907511055469513,0.01329251378774643,-0.13960255682468414,-0.004609080031514168,-0.26602885127067566,0.640394389629364,0.3408301770687103,-0.1374940127134323,-0.07774025201797485,0.15761399269104004,0.15647770464420319,0.06736679375171661,-0.17542624473571777,0.09274175763130188,0.03931190073490143,-0.03743758797645569,0.4573466181755066,-0.2410443276166916,0.45913761854171753,-0.09581789374351501,0.8426355719566345,-0.12726300954818726,-0.06684686243534088
84,452,620,480,646,0.16881674528121948,-0.23112690448760986,-0.024591825902462006,1.199056625366211,-0.13952350616455078,0.3261985182762146,-0.06930862367153168,-0.27458739280700684,0.08077853918075562,-0.11218554526567459,-0.13181209564208984,-0.1984919011592865,-0.24698173999786377,-0.1070537120103836,0.22110386192798615,-0.25768399238586426,0.3580533266067505,-0.09646619111299515,-0.2296733856201172,-0.20977970957756042,0.2738584280014038,0.5620588660240173,0.9876860976219177,1.4309909343719482,0.22769124805927277,0.965900182723999,-0.23572179675102234,-0.16700032353401184,0.4779624342918396,1.0727289915084839,-0.0641334056854248,-0.2047819048166275,-0.18550032377243042,0.8846967816352844,-0.184348464012146,-0.19781729578971863,0.2532271146774292,0.802219033241272,0.13489431142807007,-0.21450117230415344,0.6607052683830261,0.2785048186779022,-0.10350670665502548,0.4734492301940918,-0.1794881820678711,0.6133641600608826,-0.08544797450304031,2.349353790283203,0.7232056856155396,0.65462327003479,0.38365912437438965,0.5793092250823975,1.1427301168441772,-0.18320921063423157,0.2512779235839844,-0.17925968766212463,-0.05918297544121742,0.8560184240341187,1.5675917863845825,-0.18707945942878723,0.9266980290412903,-0.19442017376422882,0.6473125219345093,-0.062085386365652084,-0.23681195080280304,0.26298946142196655,0.6257038116455078,-0.23374342918395996,1.584458351135254,-0.10560113191604614,0.8514605760574341,0.19427360594272614,-0.16870629787445068,1.2217226028442383,-0.1425279676914215,0.07691806554794312,1.348755955696106,0.11101186275482178,0.38535332679748535,-0.1184953972697258,0.9339357018470764,-0.25913912057876587,-0.24089789390563965,-0.1705235242843628,1.1451209783554077,-0.09738476574420929,-0.20013922452926636,-0.06502799689769745,0.47069817781448364,-0.24065901339054108,-0.23991268873214722,0.6413260698318481,1.2522501945495605,0.17502489686012268,-0.19087427854537964,0.3143896460533142,-0.07021530717611313,-0.19801995158195496,-0.23626713454723358,-0.13998249173164368,0.09387576580047607,-0.20034700632095337,-0.124854676425457,0.08354971557855606,2.0293028354644775,0.841461181640625,-0.2393949180841446,1.0215696096420288,0.24747338891029358,-0.218021959066391,2.202523708343506,0.5804374814033508,0.15768733620643616,0.20333772897720337,-0.05265149846673012,0.14006587862968445,0.2832053005695343,0.6157878637313843,-0.0028439052402973175,0.23621273040771484,-0.022327028214931488,1.1163582801818848,-0.2692137658596039,0.47041773796081543,0.13213418424129486,-0.04242413863539696,-0.06641696393489838,-0.07958157360553741
85,641,653,662,672,-0.27503207325935364,-0.22680062055587769,0.22103770077228546,1.287172794342041,-0.18495094776153564,-0.1835782527923584,-0.27027326822280884,-0.24631252884864807,0.3526242673397064,-0.23797796666622162,0.032606981694698334,-0.2513592839241028,-0.1724696010351181,0.6739711761474609,0.9224095344543457,-0.2514283061027527,-0.16271822154521942,1.0762317180633545,-0.25967708230018616,-0.17620378732681274,-0.008799217641353607,1.3427698612213135,0.7571129202842712,0.9102062582969666,1.563818097114563,0.1563512533903122,-0.19777634739875793,-0.11039875447750092,-0.10176484286785126,2.062422275543213,-0.118123859167099,-0.2452368140220642,-0.24085460603237152,-0.09971745312213898,-0.2680777311325073,-0.237517848610878,0.3425113558769226,1.4296860694885254,-0.21000054478645325,-0.17250002920627594,0.16131532192230225,0.45099738240242004,1.165075421333313,0.9967262744903564,-0.13323616981506348,0.6406211256980896,-0.2550410032272339,3.4626214504241943,-0.06521765887737274,1.1652919054031372,-0.016073301434516907,0.7723367214202881,0.9232140779495239,-0.2759403586387634,0.14899367094039917,-0.25256097316741943,0.33397457003593445,0.7372093200683594,2.728930950164795,-0.15622076392173767,-0.2553609013557434,-0.26463568210601807,0.39079323410987854,-0.20491313934326172,-0.19917455315589905,-0.13000650703907013,-0.039340876042842865,0.20951901376247406,-0.2517426609992981,-0.11993546783924103,0.9251312017440796,0.5969281196594238,-0.10169766843318939,-0.23436647653579712,0.009861491620540619,0.7157616019248962,-0.07692058384418488,0.36617279052734375,0.11078314483165741,-0.10926926136016846,1.3434847593307495,-0.27498698234558105,-0.26916807889938354,-0.270916610956192,-0.23568907380104065,-0.06203033775091171,-0.14161622524261475,-0.10058130323886871,1.7010688781738281,-0.25800180435180664,-0.21826064586639404,-0.032328881323337555,-0.2038019299507141,0.4235517680644989,-0.22914642095565796,0.11725647747516632,-0.09115945547819138,-0.1385284662246704,-0.053646840155124664,-0.18292687833309174,-0.08276820182800293,-0.13164973258972168,0.1151532530784607,0.1866476833820343,3.3048629760742188,0.1931045651435852,-0.21014529466629028,-0.26451119780540466,0.6081699728965759,-0.23936285078525543,-0.23423105478286743,1.1269681453704834,-0.24909810721874237,0.5911149978637695,-0.2661447823047638,0.2350090593099594,-0.15674154460430145,0.6882669925689697,-0.14189684391021729,-0.10975197702646255,-0.009129170328378677,0.2676921784877777,-0.2754969000816345,0.11395047605037689,-0.2340444028377533,-0.1541682630777359,-0.1535080522298813,0.09916075319051743
86,558,164,581,187,-0.20056407153606415,-0.17717507481575012,-0.1669216901063919,1.3384575843811035,-0.21041671931743622,0.18631136417388916,-0.17846086621284485,-0.26764512062072754,-0.19813981652259827,-0.13131991028785706,0.0997471809387207,-0.0946400836110115,-0.16352614760398865,1.5737777948379517,0.25338953733444214,-0.256274551153183,0.19222187995910645,-0.08443471789360046,-0.2365652173757553,-0.2590215802192688,0.03157906234264374,1.0299625396728516,-0.1335432082414627,2.1829135417938232,0.5707492232322693,2.6094491481781006,0.021186038851737976,-0.24259981513023376,-0.22787857055664062,2.1206204891204834,0.416838139295578,-0.17319272458553314,-0.09114978462457657,1.6501678228378296,-0.2626359462738037,0.09905622899532318,0.6990647315979004,-0.15557222068309784,-0.17597973346710205,-0.22622421383857727,0.26832547783851624,0.2725672423839569,0.662847638130188,1.5007063150405884,0.16270191967487335,0.3597239553928375,-0.25328391790390015,1.851860761642456,-0.05723533779382706,-0.2146027684211731,1.7152916193008423,1.735172986984253,0.032715678215026855,-0.25894027948379517,-0.1799456626176834,-0.1911962628364563,0.3700754642486572,1.0067250728607178,3.903261661529541,-0.25550633668899536,-0.1335580199956894,-0.12928253412246704,-0.027629010379314423,0.28348004817962646,-0.012830570340156555,0.8759341835975647,0.774107038974762,-0.2495477944612503,-0.22403544187545776,-0.18276573717594147,0.714852511882782,-0.052056360989809036,-0.22599603235721588,-0.2513483762741089,0.07092677056789398,0.4675677418708801,-0.12343405187129974,-0.20553255081176758,-0.18429535627365112,-0.08942411094903946,1.0918582677841187,-0.2369922697544098,-0.22990953922271729,-0.24675112962722778,-0.2180456668138504,-0.13842594623565674,-0.15488916635513306,-0.09814415127038956,-0.2515174448490143,-0.1938900351524353,-0.2488487958908081,-0.1794494390487671,-0.11766030639410019,0.6496542692184448,-0.08979178220033646,0.6566190719604492,0.021757178008556366,0.17742037773132324,-0.20292827486991882,-0.17452548444271088,1.098652720451355,-0.11659636348485947,0.2786792814731598,-0.17304886877536774,1.3243778944015503,-0.008678987622261047,-0.2657463848590851,-0.18841496109962463,0.06953497231006622,-0.2544873058795929,0.2202325314283371,0.9829128980636597,-0.24701671302318573,-0.22475335001945496,-0.17525365948677063,-0.011953625828027725,-0.23830994963645935,0.0009429305791854858,-0.05909625068306923,-0.22216030955314636,-0.05591303110122681,0.1666259467601776,-0.21915113925933838,0.1417788863182068,-0.23472969233989716,-0.2316436618566513,-0.14695864915847778,0.17326876521110535
87,438,585,460,606,0.8245609998703003,-0.271159827709198,-0.09186732769012451,0.980800986289978,-0.12956391274929047,-0.27630123496055603,0.6619693636894226,-0.20264342427253723,-0.2726268470287323,-0.27795645594596863,0.933741569519043,-0.24285122752189636,-0.13253876566886902,0.6403715014457703,0.08369656652212143,-0.18147589266300201,-0.23274438083171844,-0.27621689438819885,-0.2550083100795746,-0.18427811563014984,0.021912235766649246,-0.03777690231800079,0.31097856163978577,-0.24223576486110687,-0.028557121753692627,-0.2343527376651764,-0.17062567174434662,-0.1741737574338913,0.7651358842849731,0.05638407915830612,-0.2778635621070862,-0.17856137454509735,-0.22794252634048462,0.3885684609413147,-0.1611787974834442,-0.2762252390384674,-0.22909918427467346,0.03497077152132988,-0.27846208214759827,-0.13762760162353516,-0.2673024535179138,-0.20561544597148895,-0.09764615446329117,0.17907285690307617,0.09715238213539124,-0.2592638432979584,-0.2762908637523651,0.24580717086791992,0.6097531318664551,0.4839404225349426,0.4346511960029602,-0.12195264548063278,0.4754021465778351,-0.2652437388896942,-0.030823377892374992,-0.2673324942588806,-0.27762553095817566,0.4763003885746002,0.7412095069885254,-0.24882663786411285,0.29025742411613464,1.2512727975845337,-0.21926116943359375,0.28892600536346436,0.9602611660957336,-0.1646498292684555,-0.2775552272796631,0.6373937129974365,-0.1572858989238739,0.9468540549278259,0.6637201905250549,-0.2243790328502655,-0.028785185888409615,0.23707379400730133,-0.0049493927508592606,-0.09307029098272324,0.010642720386385918,-0.26738330721855164,-0.2027016431093216,-0.13353297114372253,-0.08105648308992386,-0.264237642288208,-0.2784617841243744,0.04105361923575401,0.0026708953082561493,-0.02011486515402794,-0.08539137244224548,-0.21744011342525482,-0.012703401036560535,-0.26530739665031433,-0.2691649794578552,0.11090929061174393,0.001489780843257904,-0.2569490075111389,-0.26209697127342224,-0.12773844599723816,-0.2677422761917114,-0.22523586452007294,-0.20602460205554962,0.15299847722053528,-0.16085942089557648,0.1152511015534401,0.06533526629209518,0.6044772863388062,-0.26467984914779663,0.687959611415863,0.09614919871091843,-0.2765861451625824,-0.26284366846084595,0.07938648760318756,-0.2594285011291504,-0.2614355981349945,0.11547359824180603,-0.2232045978307724,0.4665956199169159,-0.22336655855178833,1.2048931121826172,-0.25128111243247986,-0.2417939007282257,0.29016491770744324,-0.1479499191045761,0.17363396286964417,-0.27629274129867554,0.4881136119365692,-0.072972372174263,0.150064617395401,-0.06981655955314636,-0.24383926391601562
88,566,133,595,161,0.5966619253158569,-0.2556034326553345,-0.15036818385124207,1.135749101638794,-0.1374337375164032,1.1747429370880127,0.08989807963371277,-0.2566562294960022,0.35876819491386414,-0.23610183596611023,0.5016975998878479,-0.20316478610038757,-0.2042594850063324,0.8682142496109009,0.18112413585186005,-0.2570357024669647,-0.17161346971988678,0.545890748500824,-0.1812940239906311,-0.11726026237010956,0.15578767657279968,-0.12572993338108063,0.36072397232055664,1.2596293687820435,-0.056593336164951324,2.402897596359253,-0.020522288978099823,-0.16325587034225464,0.171901136636734,2.4695985317230225,0.2959805727005005,-0.11378594487905502,-0.11111435294151306,-0.10305469483137131,-0.22514605522155762,0.0945224016904831,0.33470413088798523,0.0027037709951400757,0.8068329691886902,-0.22312209010124207,0.5291182994842529,0.1341714859008789,-0.07977386564016342,-0.05127016082406044,0.34859269857406616,0.555029034614563,-0.19844314455986023,1.3062665462493896,0.5332943201065063,0.4624827802181244,0.4533129334449768,1.2155530452728271,0.11017316579818726,-0.20056214928627014,0.660224974155426,-0.17377671599388123,0.38765910267829895,-0.07976306974887848,1.6928215026855469,-0.24831289052963257,0.24300137162208557,-0.161229208111763,-0.09207712858915329,-0.129411518573761,0.36826291680336,0.672035813331604,0.09419643878936768,0.19487926363945007,0.3250049650669098,-0.0017086341977119446,-0.035685762763023376,-0.2085743099451065,-0.17576272785663605,-0.13337761163711548,-0.11553851515054703,0.2635558843612671,0.6678258180618286,-0.235092893242836,0.012458298355340958,-0.09778737276792526,1.595778226852417,-0.23115798830986023,-0.2282114028930664,0.13908971846103668,0.8432630896568298,-0.18718063831329346,-0.22335943579673767,-0.05979585275053978,0.015360921621322632,-0.17365442216396332,-0.1916995346546173,-0.11636339128017426,0.011129140853881836,0.2970922291278839,-0.17955282330513,0.09830184280872345,0.03306296840310097,-0.22926492989063263,-0.24225802719593048,-0.04110589995980263,0.6051985621452332,-0.23032380640506744,-0.10612324625253677,0.187149316072464,2.321901559829712,-0.09523049741983414,-0.1416933685541153,0.040650371462106705,-0.26461851596832275,-0.20548270642757416,1.917919397354126,0.5723468065261841,-0.24831868708133698,1.5359317064285278,-0.14208438992500305,0.10312515497207642,0.08028526604175568,-0.0505102276802063,-0.1555161476135254,0.05758260563015938,0.09250986576080322,0.19699059426784515,-0.2281849980354309,0.6875818371772766,-0.20516803860664368,0.22326448559761047,-0.15776710212230682,0.023358263075351715
89,418,763,461,810,0.7222498059272766,-0.23297302424907684,0.25001636147499084,1.034253716468811,-0.22362744808197021,-0.22983337938785553,0.32777339220046997,-0.19064529240131378,-0.24450217187404633,-0.2534509599208832,0.2900327146053314,-0.20153860747814178,0.08849119395017624,0.17058582603931427,0.2629259526729584,-0.20219095051288605,-0.16734085977077484,-0.20829777419567108,0.7745129466056824,0.051043640822172165,0.37203875184059143,-0.06784933805465698,0.3638879060745239,0.48529914021492004,-0.02245921827852726,0.5523566007614136,-0.20962786674499512,-0.13236092031002045,0.4979232847690582,0.4996263086795807,-0.17757774889469147,-0.0801190733909607,-0.02031019888818264,0.308517187833786,-0.14176182448863983,-0.07932053506374359,-0.23497456312179565,0.09902898222208023,-0.2639048993587494,0.12052831798791885,-0.06286810338497162,-0.17101486027240753,0.14208446443080902,0.2598462998867035,0.240695521235466,-0.22472332417964935,-0.22074492275714874,0.5066043734550476,0.39350128173828125,0.2563997507095337,0.5638747215270996,0.004300986882299185,0.434543639421463,-0.24531328678131104,0.5472349524497986,-0.22124600410461426,0.30076560378074646,0.6539309620857239,0.8399336934089661,-0.20704253017902374,0.44118940830230713,0.5293837785720825,-0.03791142627596855,0.40744125843048096,0.10805764049291611,-0.060511261224746704,0.14036312699317932,0.2717718183994293,0.013121849857270718,0.6464106440544128,0.45439931750297546,-0.16240577399730682,-0.08849156647920609,0.4255605936050415,-0.18249131739139557,-0.03213775157928467,0.05173436179757118,-0.16389788687229156,-0.19151389598846436,-0.22546152770519257,0.07414823025465012,-0.23724861443042755,-0.27236613631248474,0.4971217215061188,0.013523340225219727,0.1393287181854248,-0.1461414396762848,-0.1707160323858261,0.029858745634555817,-0.23351742327213287,-0.10316544026136398,0.15420471131801605,0.17432492971420288,-0.25427791476249695,0.2589864730834961,-0.11720184236764908,-0.23947666585445404,0.08093749731779099,-0.24175047874450684,0.09162687510251999,0.08125508576631546,0.010419011116027832,0.07913105934858322,0.32346591353416443,-0.03590737655758858,0.43761929869651794,-0.03955746069550514,0.15789158642292023,-0.10288891941308975,-0.05505857989192009,0.0913902297616005,-0.08736157417297363,-0.023484110832214355,-0.2501048147678375,0.6531654000282288,-0.0951404869556427,0.7248690128326416,-0.155569925904274,-0.07234377413988113,-0.0621977262198925,-0.18189851939678192,0.23628632724285126,0.1012716069817543,0.4709528386592865,-0.07764917612075806,0.6954097747802734,-0.132889986038208,-0.211405947804451
90,447,522,473,547,0.36690446734428406,-0.2515062093734741,0.31112951040267944,1.0955681800842285,-0.14210493862628937,0.07821919023990631,0.17199786007404327,-0.24670755863189697,0.266745388507843,-0.22753584384918213,0.6430656909942627,-0.2056220918893814,-0.22658905386924744,0.15618211030960083,0.7575593590736389,-0.23951691389083862,-0.14768445491790771,0.3723573088645935,-0.23776113986968994,-0.054547399282455444,0.5409364700317383,0.8441263437271118,0.7395399808883667,1.1550028324127197,0.3991609811782837,0.28515684604644775,-0.21086663007736206,0.06037282198667526,1.013049840927124,1.0431126356124878,-0.24818921089172363,-0.01653078943490982,-0.2295229136943817,0.2654311954975128,-0.1862841099500656,0.039837732911109924,0.0015882179141044617,0.3760146498680115,-0.24802546203136444,0.05110037699341774,0.23458287119865417,0.007627703249454498,-0.0669034868478775,0.6073919534683228,0.04977082088589668,0.07841400057077408,-0.20360755920410156,1.8436967134475708,-0.06001348793506622,0.6547540426254272,0.8073812127113342,0.4346802234649658,0.0003909282386302948,-0.2293543517589569,0.39141204953193665,-0.2375725656747818,-0.0751030370593071,0.6072691082954407,1.626551628112793,-0.23102152347564697,0.32023754715919495,0.09734587371349335,0.09918009489774704,0.29442352056503296,0.009765967726707458,0.16111698746681213,-0.267587810754776,0.014851242303848267,0.4451087713241577,0.11495533585548401,0.5983151197433472,0.17791345715522766,-0.15051352977752686,0.05062607675790787,-0.060835033655166626,0.01735989935696125,0.05455606058239937,-0.23513327538967133,0.40455591678619385,-0.14568643271923065,0.8734996914863586,-0.25393402576446533,-0.24211569130420685,-0.10198953747749329,0.06556583195924759,-0.20398423075675964,-0.16046491265296936,-0.117775097489357,0.35285624861717224,-0.2667815685272217,-0.12450698018074036,-0.03899801895022392,0.4840734004974365,0.005099758505821228,-0.2556030750274658,0.1543130725622177,-0.1579294204711914,-0.21988070011138916,-0.2714323401451111,0.1120857447385788,0.37383079528808594,-0.0995463877916336,0.12234173715114594,0.3041076064109802,1.110527515411377,-0.05540503188967705,-0.003921616822481155,0.7296481132507324,-0.08259706199169159,-0.2386675775051117,0.4507520794868469,0.3877916932106018,-0.22662188112735748,1.1402506828308105,-0.052319422364234924,-0.06970737874507904,0.17428350448608398,-0.11563845723867416,-0.028522705659270287,0.1784479320049286,-0.07437147200107574,0.44314196705818176,-0.1015940010547638,0.38443058729171753,-0.1626964658498764,-0.11504195630550385,0.1591178923845291,0.0042207129299640656
91,319,442,349,471,0.30124783515930176,-0.26643916964530945,-0.20011106133460999,1.105853796005249,-0.12053543329238892,-0.24911656975746155,0.6608080267906189,-0.25814613699913025,-0.024655945599079132,-0.22309762239456177,0.16002412140369415,-0.2624809741973877,-0.15290822088718414,-0.12556922435760498,0.7074149250984192,-0.25163641571998596,1.1424274444580078,-0.16563819348812103,-0.14218634366989136,-0.22000648081302643,0.6303955912590027,0.7472183704376221,0.45395952463150024,0.6967451572418213,-0.10870616137981415,-0.21336494386196136,-0.23844598233699799,-0.24890321493148804,0.5050014853477478,0.08042243868112564,-0.22654642164707184,-0.20137783885002136,-0.20722678303718567,0.42289987206459045,-0.1979602873325348,0.036510124802589417,-0.11008571088314056,0.06289013475179672,-0.24043631553649902,-0.12296532839536667,-0.08118939399719238,-0.040438488125801086,-0.14768177270889282,0.38686472177505493,-0.028558259829878807,-0.10321682691574097,-0.2254590392112732,1.040561556816101,0.23648741841316223,0.3136749267578125,0.5382145643234253,0.29343199729919434,0.3602598011493683,-0.2620792090892792,0.31361615657806396,-0.267244815826416,-0.19050225615501404,0.7378174662590027,0.8548333048820496,-0.21263524889945984,0.23687148094177246,0.08680718392133713,-0.19296079874038696,0.0857655331492424,-0.12384234368801117,0.3353423476219177,-0.03572408854961395,0.04762185737490654,0.39964205026626587,0.1236671656370163,0.5224581360816956,-0.20427624881267548,-0.09322541207075119,0.20399491488933563,-0.10867394506931305,-0.12378475069999695,0.04750136658549309,-0.2501135468482971,-0.11271174997091293,-0.18708911538124084,-0.0966586321592331,-0.2763797342777252,-0.24924294650554657,-0.03235860913991928,0.8391761779785156,-0.11329951137304306,-0.11549555510282516,-0.1310209333896637,-0.07386089861392975,-0.2633236050605774,-0.24002110958099365,0.14396712183952332,0.3226076066493988,-0.15479618310928345,-0.2242676019668579,0.2577421963214874,-0.18374225497245789,-0.03628504276275635,-0.26954007148742676,0.016471274197101593,0.32365477085113525,-0.17182056605815887,-0.16373831033706665,0.24324989318847656,-0.07128539681434631,0.14302697777748108,-0.0863763615489006,-0.10923948884010315,0.18358063697814941,-0.1899680495262146,0.31810587644577026,0.07412560284137726,-0.20498737692832947,0.06384804844856262,0.2449338585138321,0.016265427693724632,0.4573094844818115,-0.16307176649570465,-0.0666552484035492,0.21733534336090088,-0.11886288225650787,0.4946293830871582,-0.12341371923685074,0.4245137870311737,-0.15349933505058289,0.3413262963294983,-0.07066690921783447,-0.11078058183193207
92,560,378,631,443,0.9283864498138428,-0.19349169731140137,0.288041353225708,1.0876482725143433,-0.2241477221250534,-0.040457796305418015,0.4820428788661957,-0.198057621717453,-0.06720283627510071,-0.2408962994813919,0.07958286255598068,1.248624324798584,-0.08261042833328247,0.1824626326560974,0.31800153851509094,-0.1980782002210617,0.07173296809196472,-0.1340813785791397,0.9780766367912292,-0.12179343402385712,0.5557416677474976,-0.11982445418834686,0.8713059425354004,0.0892266184091568,-0.09207549691200256,0.6190525889396667,-0.20719602704048157,-0.09958092868328094,0.6280357837677002,1.1818207502365112,-0.12644760310649872,-0.1971672773361206,-0.044147949665784836,0.22775322198867798,-0.14584854245185852,0.3271450102329254,-0.19075360894203186,0.4436745047569275,-0.14390000700950623,-0.10786605626344681,0.062450259923934937,-0.08563075214624405,-0.14170022308826447,0.4583759903907776,0.1639728546142578,-0.13658013939857483,-0.2241249978542328,0.5423815846443176,0.32471564412117004,0.6945434808731079,0.17921912670135498,0.1674584299325943,0.6750843524932861,-0.22817568480968475,0.30335092544555664,0.48449230194091797,0.1765793412923813,0.6792010068893433,0.7783048152923584,-0.20359018445014954,0.5562471151351929,0.4013856053352356,0.042000383138656616,0.1116444319486618,0.10512548685073853,0.22055724263191223,0.2504463791847229,0.3112187683582306,0.05552806705236435,0.49757349491119385,0.3978515565395355,-0.11698008328676224,0.0338829942047596,0.8606865406036377,-0.18006934225559235,0.08817096799612045,0.07116146385669708,0.09963542222976685,-0.11797337234020233,0.18979470431804657,0.006417907774448395,-0.22033338248729706,-0.2623741924762726,0.7874923944473267,0.17653466761112213,-0.023369543254375458,0.01886756904423237,-0.20510955154895782,0.101216621696949,-0.1364867091178894,-0.09691116958856583,0.4550221264362335,0.45556920766830444,-0.245638906955719,-0.05630619451403618,-0.11345071345567703,-0.22064445912837982,0.1437171995639801,-0.23530620336532593,0.059659358114004135,-0.06161564588546753,0.18650542199611664,-0.0634659007191658,0.30093368887901306,1.0685343742370605,0.32982325553894043,-0.017799586057662964,0.017915191128849983,0.08225034177303314,-0.11768122762441635,0.34689217805862427,-0.00618433952331543,-0.1574476659297943,-0.20386645197868347,0.6717093586921692,-0.00865123886615038,0.7896029949188232,0.20180794596672058,-0.048874493688344955,0.06153951212763786,-0.18293173611164093,0.44503194093704224,-0.0006085969507694244,0.5438903570175171,0.005802527070045471,0.733539342880249,-0.05459611862897873,-0.19142769277095795
93,352,787,403,819,0.730919361114502,-0.2436840534210205,0.3950166702270508,1.0413862466812134,-0.20823794603347778,0.6597024202346802,0.33260998129844666,-0.21805183589458466,0.52768874168396,-0.22692911326885223,0.19191952049732208,3.139749765396118,-0.17902933061122894,0.4345487058162689,0.6227231621742249,-0.2459055632352829,0.11685796827077866,-0.10356616973876953,2.0317513942718506,-0.1212555468082428,-0.0360785610973835,0.08383824676275253,0.4842900037765503,0.05606091022491455,0.09883791208267212,0.9711410403251648,-0.1743272989988327,-0.01967134140431881,0.6344435811042786,1.4335179328918457,-0.22472147643566132,-0.20968961715698242,-0.10540229082107544,-0.03688167408108711,-0.21250848472118378,0.3007458746433258,-0.20732830464839935,-0.06008198857307434,-0.04159696772694588,-0.12434530258178711,0.19995848834514618,-0.09611719846725464,-0.14620594680309296,-0.1451065093278885,-0.15693631768226624,-0.080445796251297,-0.22554856538772583,1.0426833629608154,0.6173869371414185,0.44529083371162415,0.029163500294089317,1.0250136852264404,0.3797779977321625,-0.22646577656269073,0.6274396777153015,0.850970983505249,0.17893700301647186,1.0500476360321045,0.629261314868927,-0.1826465129852295,0.722062885761261,-0.06592541933059692,0.023840630427002907,0.0003447234630584717,-0.038756608963012695,0.13347607851028442,0.9483165144920349,0.032310809940099716,0.07116329669952393,0.10787586122751236,0.4646334946155548,-0.08687225729227066,-0.12278363108634949,0.8415646553039551,-0.07616627216339111,-0.0912277027964592,0.0842462107539177,-0.21151570975780487,-0.008504402823746204,0.10768657922744751,0.2743627727031708,-0.2667008340358734,-0.2513881325721741,2.239349603652954,0.4784580171108246,-0.17230558395385742,-0.05122712627053261,-0.1528071165084839,-0.13404756784439087,-0.21470801532268524,-0.2409241795539856,0.3997858762741089,0.05199344456195831,-0.2480837106704712,0.08666931837797165,-0.012620404362678528,-0.2507123053073883,-0.14900363981723785,-0.25620338320732117,0.11987707763910294,-0.12666791677474976,-0.1438491940498352,-0.028248382732272148,0.17112810909748077,1.4610449075698853,0.6089064478874207,-0.12759295105934143,1.2578774690628052,-0.08635848760604858,-0.17493338882923126,0.7603855729103088,-0.0545421838760376,-0.09843487292528152,0.15695534646511078,0.4738612174987793,0.023302271962165833,0.30501800775527954,0.32683297991752625,0.06657060235738754,0.23823000490665436,-0.15096597373485565,0.4631355106830597,0.3518088161945343,1.0280799865722656,-0.15506137907505035,1.2237859964370728,0.05290497466921806,-0.21045096218585968
94,441,249,514,297,0.9612663388252258,-0.17763476073741913,0.6066423058509827,1.0837572813034058,-0.24122221767902374,0.05793282762169838,0.1902267187833786,-0.1625799834728241,-0.0014466603752225637,-0.1837386190891266,0.045563772320747375,1.3688311576843262,-0.05709569528698921,0.2826630473136902,0.6449674367904663,-0.16972661018371582,-0.15724630653858185,0.2612735629081726,1.2307837009429932,0.03652063384652138,0.5423439741134644,0.03470735624432564,0.850561797618866,0.11046938598155975,-0.008228333666920662,0.5823081731796265,-0.19603700935840607,-0.07386505603790283,0.9344805479049683,0.9578898549079895,-0.10741152614355087,-0.17015348374843597,-0.006630063056945801,0.15466651320457458,-0.1431974470615387,0.05167684704065323,-0.21626697480678558,0.6370533108711243,-0.051032762974500656,0.17788644134998322,-0.10295816510915756,-0.13208964467048645,0.0014195163967087865,0.43764030933380127,0.1004536971449852,-0.15504953265190125,-0.20462140440940857,0.3380483388900757,0.4625198543071747,0.7793138027191162,0.09941206127405167,0.2549611032009125,0.7534872889518738,-0.23568591475486755,0.7465038299560547,0.5591759085655212,0.09449692070484161,0.482060045003891,0.5699936151504517,-0.2004123032093048,0.9024631977081299,0.6065290570259094,-0.020685950294137,0.009856709279119968,0.27541452646255493,0.0774470791220665,0.17263652384281158,0.1950712502002716,0.15442809462547302,0.7420598864555359,0.6706421971321106,-0.13644787669181824,0.24384815990924835,0.5966641902923584,-0.19330854713916779,0.0727529227733612,0.3327394127845764,0.14849427342414856,-0.07359695434570312,0.19963981211185455,0.2601206600666046,-0.2036750763654709,-0.2626769244670868,1.321783423423767,0.09635738283395767,0.08542755246162415,0.001564757083542645,-0.09508904069662094,0.18060727417469025,-0.20049390196800232,0.20902465283870697,0.4737095534801483,0.5777359008789062,-0.25523126125335693,0.2504378855228424,-0.19041326642036438,-0.2188519835472107,0.0184182096272707,-0.16033455729484558,0.1521039605140686,-0.03354207053780556,0.2991427779197693,-0.0438070148229599,0.4056364893913269,1.1282436847686768,0.53106290102005,0.16179341077804565,0.5755646824836731,-0.1326894462108612,-0.058052197098731995,0.4304075241088867,-0.09211311489343643,0.05374453589320183,-0.03274764493107796,0.7752760052680969,-0.02753228321671486,1.0139065980911255,0.24168680608272552,-0.06640910357236862,0.0379708968102932,-0.17190387845039368,0.28453442454338074,0.19487832486629486,0.6044119596481323,0.02068166807293892,0.8890304565429688,-0.01867489330470562,-0.17959435284137726
95,340,424,377,458,0.6867192983627319,-0.2368481159210205,-0.1482538878917694,0.9991161823272705,-0.15752768516540527,-0.16744166612625122,0.6053714156150818,-0.21415984630584717,-0.1246497705578804,-0.2410009354352951,0.2628052830696106,-0.204207643866539,-0.12294502556324005,0.30212703347206116,0.08725132793188095,-0.18389582633972168,-0.267292857170105,-0.15655818581581116,-0.23402047157287598,-0.12259630858898163,0.013539960607886314,0.03224753588438034,0.10906749218702316,0.8950941562652588,-0.04208623617887497,0.6184232234954834,-0.08814077079296112,-0.17398586869239807,0.2750248610973358,0.4078999161720276,-0.26609086990356445,-0.2489471584558487,-0.07491929829120636,0.42792457342147827,-0.09647110104560852,-0.19284255802631378,-0.22746028006076813,0.12738770246505737,-0.22746406495571136,0.09559498727321625,-0.016595691442489624,-0.1774272620677948,-0.01531435176730156,-0.06434670835733414,0.0741119533777237,-0.18854089081287384,-0.23005524277687073,0.4849768877029419,0.7020777463912964,0.39873459935188293,0.7182040214538574,-0.11477641761302948,0.205989807844162,-0.2420443743467331,-0.07365506887435913,-0.21588057279586792,0.19832918047904968,0.19135203957557678,0.5252458453178406,-0.1939125508069992,0.1480630338191986,0.4765532910823822,-0.1251002997159958,-0.05558895692229271,0.6486606001853943,-0.12753750383853912,0.30887147784233093,0.15498630702495575,0.18352554738521576,0.5203804969787598,0.8034079074859619,-0.20864686369895935,-0.0879262164235115,0.0169382207095623,-0.16126400232315063,-0.06409207731485367,0.17677143216133118,-0.2190805822610855,-0.1505109965801239,-0.17673079669475555,0.16102570295333862,-0.22291824221611023,-0.27045440673828125,0.708422064781189,0.3581130802631378,-0.027468755841255188,-0.23082992434501648,-0.1558096557855606,0.01763838529586792,-0.20204398036003113,-0.23030605912208557,0.22611334919929504,-0.03138602524995804,-0.23637375235557556,0.8810358643531799,-0.16589155793190002,-0.26558345556259155,-0.24367301166057587,-0.259371280670166,0.12845394015312195,0.20836026966571808,0.26654863357543945,-0.013351604342460632,0.31744951009750366,-0.10872958600521088,0.2068873792886734,0.11897774040699005,0.652199387550354,-0.194613516330719,-0.09146849066019058,0.7390166521072388,-0.07626165449619293,-0.2076059877872467,-0.21661591529846191,0.5442442893981934,-0.15631306171417236,0.37984466552734375,-0.1521383672952652,-0.16446273028850555,0.2321683168411255,-0.14208953082561493,0.11460144817829132,0.07364847511053085,0.6358989477157593,-0.10586734116077423,0.557902455329895,0.1057199016213417,-0.2130737602710724
96,865,663,888,685,0.061601486057043076,-0.25188910961151123,-0.11761722713708878,0.9651050567626953,-0.02787746861577034,-0.27504196763038635,-0.22646735608577728,-0.24365918338298798,-0.278413325548172,-0.2777264416217804,2.1206612586975098,-0.27842459082603455,-0.2224198430776596,3.4656131267547607,0.06343720853328705,-0.27845069766044617,-0.09249569475650787,-0.1793176531791687,-0.27516478300094604,-0.26880770921707153,-0.26998576521873474,0.576192319393158,-0.22660188376903534,-0.26129332184791565,-0.212052583694458,-0.25231754779815674,-0.06278064101934433,-0.08450310677289963,0.7739006876945496,-0.2784584164619446,-0.19445011019706726,-0.2784311771392822,-0.2680806517601013,0.9823960661888123,-0.17739032208919525,-0.2728344798088074,-0.2595144510269165,-0.27744853496551514,-0.1829293668270111,-0.264695942401886,-0.27795037627220154,-0.1602984368801117,-0.13479077816009521,-0.06821229308843613,-0.2764487564563751,-0.1341836154460907,-0.23302385210990906,1.1226154565811157,1.8032519817352295,0.14681339263916016,0.013859878294169903,0.08962377160787582,0.12209876626729965,-0.2181878238916397,-0.277761310338974,-0.2701582908630371,-0.2677779197692871,0.6477862000465393,1.1798946857452393,-0.20397920906543732,-0.1271514743566513,0.6063219308853149,-0.07515621185302734,0.24406470358371735,3.0692665576934814,-0.24945080280303955,-0.2175460308790207,0.6866903901100159,-0.2646172046661377,0.04583772271871567,1.4517533779144287,-0.06444540619850159,-0.27703654766082764,0.2614910900592804,0.5558088421821594,-0.268419474363327,0.09504677355289459,-0.20303799211978912,0.10333144664764404,-0.12763945758342743,-0.13671541213989258,-0.2665579319000244,-0.23861728608608246,0.663777768611908,0.07682669162750244,-0.16717657446861267,-0.27499067783355713,-0.21255876123905182,-0.14270305633544922,-0.27677375078201294,-0.2017679065465927,-0.015804853290319443,-0.26356881856918335,-0.2534692883491516,-0.20923471450805664,0.02851160429418087,-0.27753567695617676,-0.2784491181373596,-0.22769519686698914,0.11089465767145157,-0.133484348654747,-0.17894260585308075,0.019091451540589333,0.25471949577331543,-0.16126544773578644,0.8381999731063843,-0.11994509398937225,1.2902277708053589,-0.25767964124679565,-0.06533382833003998,-0.19211320579051971,-0.25971367955207825,-0.2719254493713379,-0.1569078415632248,-0.09454294294118881,-0.2707681655883789,0.10403802245855331,-0.2719118297100067,-0.007765497080981731,0.39658546447753906,-0.05862173065543175,0.11623089015483856,-0.25888776779174805,0.6526817679405212,-0.2363073080778122,-0.20992609858512878,0.4102453887462616,-0.2461022585630417
97,620,277,702,352,0.8846157193183899,-0.1975226253271103,0.3563089072704315,1.0730271339416504,-0.2246549278497696,-0.0428527370095253,0.119305819272995,-0.1932428777217865,-0.08890611678361893,-0.2063695788383484,0.1203259527683258,0.8609976768493652,-0.09081224352121353,0.10196960717439651,0.35706210136413574,-0.1792472004890442,-0.16405679285526276,-0.1419285535812378,0.7068625688552856,-0.08828601241111755,0.45517733693122864,-0.04884116351604462,0.8911149501800537,0.10583799332380295,-0.03764870762825012,0.4952748417854309,-0.20043502748012543,-0.12051225453615189,0.6495473980903625,1.0455650091171265,-0.14910434186458588,-0.2183362990617752,-0.09543159604072571,0.16859549283981323,-0.13646231591701508,0.17609405517578125,-0.20861224830150604,0.42825016379356384,-0.04727191850543022,0.0070419227704405785,-0.06394673138856888,-0.12800711393356323,-0.08581188321113586,0.32310032844543457,0.228750079870224,-0.1726997345685959,-0.22174769639968872,0.30789488554000854,0.36946743726730347,0.8854268789291382,0.19133754074573517,0.13583916425704956,0.4637796878814697,-0.22728513181209564,0.4617018401622772,0.11309932917356491,0.0921064019203186,0.5678020715713501,0.5491636395454407,-0.18269778788089752,0.45066508650779724,0.5752704739570618,-0.006259429268538952,-0.06640980392694473,0.12840336561203003,0.22700084745883942,0.0410945899784565,0.21155478060245514,0.09763560444116592,0.7628214955329895,0.4509885311126709,-0.12993930280208588,0.1897035539150238,0.6784253120422363,-0.1726853996515274,0.012049934826791286,0.2763575613498688,0.07278050482273102,-0.15507885813713074,0.1262812465429306,0.05697189271450043,-0.2086096704006195,-0.2600215673446655,0.8517321944236755,0.27838730812072754,0.31816792488098145,-0.010172134265303612,-0.13984344899654388,0.11639837175607681,-0.13639254868030548,-0.011441941373050213,0.5721052289009094,0.6712393164634705,-0.24495559930801392,-0.11979197710752487,-0.15026064217090607,-0.20148195326328278,0.00019784689357038587,-0.20504184067249298,0.16214248538017273,-0.0981469601392746,0.08863165229558945,-0.0739198625087738,0.39295145869255066,0.7972237467765808,0.2761722207069397,0.07629965990781784,0.11756017804145813,-0.008211326785385609,-0.14416877925395966,0.4844203293323517,-0.08381427824497223,-0.12498464435338974,-0.1883218139410019,0.7468332052230835,-0.07522551715373993,0.8537359833717346,0.16713553667068481,-0.11400733888149261,0.001030852785333991,-0.1507607102394104,0.27892693877220154,-0.024990301579236984,0.4096418619155884,0.010881852358579636,0.6767975091934204,-0.04563501477241516,-0.1960127204656601
98,431,208,509,260,0.6581066250801086,-0.19451270997524261,0.5378440022468567,1.0685465335845947,-0.23937740921974182,-0.05278967693448067,0.16459430754184723,-0.15208768844604492,-0.15620799362659454,-0.2437307983636856,0.271170049905777,0.8658497929573059,-0.05987121909856796,0.3499448895454407,0.28246888518333435,-0.17823925614356995,-0.18510080873966217,-0.17577219009399414,0.6863316893577576,-0.14239777624607086,0.23438142240047455,-0.0353604331612587,0.7308021783828735,-0.10831102728843689,0.060058560222387314,0.25229260325431824,-0.1946038156747818,-0.07043301314115524,0.9075700044631958,0.6568700075149536,-0.15138810873031616,-0.23063485324382782,-0.05933252349495888,0.17478664219379425,-0.15896528959274292,-0.07005248218774796,-0.23333412408828735,0.5552127957344055,-0.1522185355424881,0.10448373109102249,-0.21755577623844147,-0.15816573798656464,-0.0879884734749794,0.2231757789850235,0.014238516800105572,-0.20443738996982574,-0.21216197311878204,0.2699245512485504,0.3187341094017029,0.71463942527771,0.08335675299167633,-0.021831301972270012,0.4863816499710083,-0.2380773276090622,0.5617772936820984,0.2270474135875702,-0.18590444326400757,0.24357955157756805,0.46699050068855286,-0.18216943740844727,0.5190014243125916,0.621723473072052,-0.04970179498195648,-0.00365079240873456,0.25476035475730896,0.17378753423690796,0.10724986344575882,0.3980976641178131,0.035044990479946136,0.922198474407196,0.5899064540863037,-0.182359516620636,0.08025599271059036,0.4609893262386322,-0.0863533690571785,0.0035369715187698603,0.1845300793647766,-0.08095263689756393,-0.16977769136428833,-0.09017815440893173,0.06208236888051033,-0.19697213172912598,-0.2584541141986847,1.093241572380066,-0.040551699697971344,0.1338052898645401,-0.047261711210012436,-0.1789993941783905,0.15777964890003204,-0.22688736021518707,-0.09982930123806,0.5350949168205261,0.3819029629230499,-0.25979796051979065,0.02302761934697628,-0.19304491579532623,-0.22160106897354126,-0.05702092498540878,-0.14372533559799194,0.1752728819847107,-0.09919843822717667,0.0709822028875351,-0.026531653478741646,0.30301669239997864,0.37937769293785095,0.4075430631637573,0.07376884669065475,0.06221612170338631,-0.11614754796028137,-0.05212177708745003,0.14777736365795135,-0.19977332651615143,0.18769408762454987,-0.21938994526863098,0.7514148950576782,-0.1671903282403946,0.9393042325973511,0.017391355708241463,-0.1787593811750412,0.07064550369977951,-0.1680302768945694,0.3488703668117523,-0.08554469794034958,0.444192498922348,-0.04401208832859993,0.8230873346328735,-0.09507553279399872,-0.18616658449172974
99,358,760,410,794,0.619655430316925,-0.23741954565048218,0.17553825676441193,1.0966776609420776,0.07190093398094177,0.2197025567293167,0.7437823414802551,-0.23205041885375977,0.18272720277309418,-0.20300252735614777,0.04496433213353157,1.996838092803955,-0.16368307173252106,-0.01233659777790308,0.5136420130729675,-0.22797898948192596,0.016704699024558067,-0.17050988972187042,1.1150857210159302,-0.0616721548140049,0.21146076917648315,-0.11693251878023148,0.5412154793739319,0.7102462649345398,-0.12567149102687836,0.8109561800956726,-0.19741199910640717,-0.22154490649700165,0.7969925999641418,1.2485507726669312,-0.20484088361263275,-0.17812836170196533,-0.12309623509645462,0.17972801625728607,-0.13715025782585144,0.14916759729385376,-0.1906156688928604,0.2417820245027542,-0.1828198879957199,0.142349511384964,0.010596424341201782,-0.09813352674245834,0.030485788360238075,0.36939144134521484,0.2226482629776001,-0.12879177927970886,-0.22838740050792694,0.6666188836097717,0.8468553423881531,0.852627694606781,0.33853378891944885,0.3254343569278717,0.6316958665847778,-0.23722779750823975,0.83584064245224,0.043016429990530014,0.24362552165985107,1.0604525804519653,0.6190268993377686,-0.23114001750946045,0.7313334941864014,0.19937629997730255,-0.06443572044372559,0.06252378970384598,0.04249045252799988,0.6851204037666321,0.9567448496818542,0.11033210903406143,0.40188995003700256,0.36707958579063416,0.579450249671936,-0.20983530580997467,0.17896486818790436,0.8579460978507996,-0.2281210571527481,0.12477096170186996,0.24184654653072357,-0.11821568012237549,-0.11503330618143082,-0.19102442264556885,0.1274632215499878,-0.24368424713611603,-0.2546771466732025,1.661646842956543,0.9158048033714294,-0.1904975175857544,-0.1987733393907547,-0.1500115990638733,0.15326465666294098,-0.22871680557727814,-0.16562822461128235,0.5405570268630981,0.3504246175289154,-0.22300656139850616,0.23833654820919037,-0.0516032837331295,-0.21498852968215942,-0.1492103487253189,-0.23338264226913452,0.053808461874723434,0.038320545107126236,0.08779867738485336,-0.03842730447649956,0.2923130691051483,1.4046911001205444,0.6316796541213989,-0.05840950086712837,0.28138628602027893,0.028958231210708618,-0.1320231705904007,0.7390955090522766,-0.08114883303642273,0.1451794058084488,0.0010421276092529297,0.5356074571609497,0.06259127706289291,1.146993637084961,0.5639720559120178,-0.022822493687272072,0.2880471646785736,-0.14468355476856232,0.41158047318458557,0.08635308593511581,0.7803292274475098,0.03864045813679695,1.2379940748214722,-0.04104818031191826,-0.18974174559116364
100,429,417,472,456,0.8174028396606445,-0.26100441813468933,0.08366958051919937,0.9951866269111633,-0.16487950086593628,0.260995477437973,0.4527491629123688,-0.25232604146003723,0.06541620194911957,-0.2490396499633789,0.36135146021842957,-0.17162956297397614,-0.17142395675182343,0.3306865990161896,0.6442044377326965,-0.2206643968820572,0.1770063191652298,0.2592320144176483,0.43532052636146545,0.03509928286075592,0.8187454342842102,0.09719570726156235,0.9128299355506897,0.22808504104614258,0.12360703945159912,0.6301413178443909,-0.10390206426382065,-0.1860855370759964,0.23437988758087158,0.9476683735847473,-0.2631061375141144,-0.22238226234912872,-0.1878972053527832,0.16611841320991516,-0.19489414989948273,-0.07307296246290207,-0.1987360715866089,0.11633478850126266,0.13310198485851288,-0.12089687585830688,0.14197614789009094,-0.1777115911245346,-0.09834102541208267,0.21089737117290497,0.15134297311306,-0.06802370399236679,-0.25336483120918274,0.9327253699302673,0.21334804594516754,0.5211532115936279,0.21856482326984406,0.7540931701660156,0.5921831727027893,-0.25679829716682434,0.47117623686790466,-0.23310692608356476,0.2074127048254013,0.21661335229873657,1.1240578889846802,-0.2120102196931839,0.43430113792419434,-0.21732355654239655,0.010912190191447735,0.005431324243545532,-0.0428977869451046,0.3876584470272064,0.8103585839271545,0.2625420391559601,0.02169749327003956,-0.04052463546395302,0.2324061244726181,-0.13517352938652039,-0.0015866272151470184,0.20306329429149628,-0.024162856861948967,-0.07682011276483536,0.7184640765190125,-0.17373181879520416,-0.12337283045053482,-0.14567692577838898,0.39217767119407654,-0.26629045605659485,-0.24467410147190094,0.1945977658033371,0.776911735534668,-0.14884598553180695,-0.1978168934583664,-0.0700424537062645,0.06658375263214111,-0.21997450292110443,-0.1908276528120041,0.11592134088277817,0.021429451182484627,-0.2547014653682709,-0.15109975636005402,0.025593236088752747,-0.24242854118347168,-0.1764698028564453,-0.26616474986076355,0.1817307472229004,0.15459299087524414,-0.18213671445846558,0.05243413522839546,0.39170995354652405,1.0679690837860107,0.07734071463346481,-0.02623465098440647,0.7986111044883728,-0.17047029733657837,-0.26375988125801086,1.0641226768493652,-0.08327928930521011,-0.2425500899553299,0.20884783565998077,0.2801089882850647,-0.0514645017683506,0.3191460072994232,-0.12983837723731995,0.06733883172273636,0.0585189051926136,-0.13889716565608978,0.4369828701019287,0.28397735953330994,0.6661166548728943,-0.21568484604358673,0.6045156717300415,-0.20567424595355988,-0.21775643527507782
101,361,134,390,159,0.09969672560691833,-0.2779325544834137,0.1121763363480568,1.0029774904251099,-0.10326480865478516,-0.24786409735679626,0.09343037754297256,-0.17218947410583496,-0.2197122424840927,-0.24502712488174438,0.9167464971542358,-0.18659833073616028,-0.1712825894355774,1.760042667388916,0.6047670245170593,-0.2359580397605896,-0.24165667593479156,0.15877540409564972,-0.21992400288581848,-0.11646488308906555,0.07952919602394104,0.2775571048259735,0.11927629262208939,-0.18827971816062927,0.19290728867053986,0.21333086490631104,0.08285844326019287,-0.15805408358573914,0.9014297723770142,-0.015796303749084473,-0.21942327916622162,0.007328107953071594,-0.16555887460708618,0.13095413148403168,-0.1883164942264557,-0.2623107433319092,-0.257049560546875,0.093769870698452,-0.19316206872463226,0.11520849168300629,-0.2603724002838135,-0.17914056777954102,-0.19870525598526,0.2638580799102783,-0.23970526456832886,-0.08934806287288666,-0.2375885546207428,0.8205838203430176,-0.09181027114391327,0.030675724148750305,0.029753902927041054,0.5113258957862854,0.15965917706489563,-0.20933780074119568,-0.24062788486480713,-0.11227520555257797,-0.2184864580631256,-0.04082713648676872,0.6029358506202698,-0.22751566767692566,-0.2253178358078003,0.21107517182826996,-0.011426180601119995,-0.17193225026130676,1.2432208061218262,-0.2597193121910095,-0.23880791664123535,0.500416100025177,0.23087391257286072,0.17551660537719727,0.7820749878883362,-0.13506244122982025,-0.13778625428676605,0.21489518880844116,0.2722604274749756,-0.1951335370540619,-0.017005622386932373,-0.2705736756324768,-0.07757537066936493,-0.11080360412597656,-0.18144336342811584,-0.2701425850391388,-0.2759350538253784,0.49418359994888306,-0.14104539155960083,-0.17316360771656036,-0.14269083738327026,-0.17631569504737854,0.39365214109420776,-0.2507641613483429,-0.2726030945777893,-0.16806958615779877,0.06326276063919067,-0.26739662885665894,-0.23307600617408752,-0.1556517779827118,-0.2167164385318756,-0.14036668837070465,-0.24133946001529694,0.19602425396442413,1.198798418045044,-0.019479796290397644,0.20817628502845764,0.3111657202243805,-0.27503538131713867,-0.05473940074443817,0.19317643344402313,0.5666896104812622,-0.25343000888824463,-0.18802675604820251,-0.1529596894979477,-0.23620374500751495,-0.21016840636730194,0.2859347462654114,0.13715355098247528,-0.20521268248558044,0.14807739853858948,-0.2170746624469757,-0.023907192051410675,0.18653817474842072,-0.046150121837854385,0.5904736518859863,-0.2543281018733978,0.6448729038238525,-0.1569739431142807,0.014128431677818298,-0.08562581241130829,-0.15777280926704407
102,434,448,484,493,1.3869982957839966,-0.20041942596435547,0.4131786823272705,1.0774041414260864,-0.2397162914276123,-0.16858220100402832,0.4904111921787262,-0.19250087440013885,-0.09190809726715088,-0.23322457075119019,0.27170804142951965,-0.14304347336292267,-0.16917181015014648,0.5150182247161865,0.9506117701530457,-0.14092157781124115,-0.035101741552352905,1.5617254972457886,0.6140241622924805,0.2309332937002182,1.3076471090316772,0.008488893508911133,1.0761040449142456,0.22448782622814178,0.2661924660205841,1.6068395376205444,-0.2409866601228714,-0.07710158824920654,1.2668495178222656,1.0415056943893433,-0.22464336454868317,0.15859746932983398,-0.08515379577875137,0.2622193396091461,-0.18384771049022675,0.2249802201986313,-0.14885777235031128,1.1499861478805542,-0.00045318403863348067,0.21956968307495117,0.6472359895706177,-0.03989867493510246,0.29912102222442627,1.3126039505004883,0.05315225198864937,0.09429966658353806,-0.16809086501598358,1.4320358037948608,0.13963472843170166,0.11986813694238663,0.6173290014266968,1.2596100568771362,0.9456115365028381,-0.25752463936805725,0.33856120705604553,0.00941053032875061,1.311975121498108,0.40318062901496887,1.2130283117294312,-0.2581983804702759,0.22726266086101532,-0.19270752370357513,-0.0824255719780922,1.0063756704330444,0.1548817753791809,0.03306838870048523,0.14183050394058228,0.6050731539726257,0.1615511029958725,-0.03924713656306267,0.3986079692840576,0.7399765849113464,-0.01714889518916607,0.22232244908809662,-0.14064699411392212,0.35056164860725403,0.8201901316642761,0.2276032567024231,0.3467741012573242,-0.17407767474651337,0.17947638034820557,-0.18272025883197784,-0.26174473762512207,0.027730459347367287,0.14937706291675568,-0.21073269844055176,-0.20750533044338226,-0.11467399448156357,0.29016217589378357,-0.19728028774261475,0.39115098118782043,-0.22139866650104523,0.7024156451225281,-0.2075255662202835,0.14060276746749878,-0.01828676648437977,-0.2754248082637787,0.056109752506017685,-0.25460121035575867,-0.01907671056687832,0.36801251769065857,-0.014664813876152039,0.2864248752593994,0.47862550616264343,1.7594531774520874,0.24537549912929535,0.2079918533563614,1.3796753883361816,-0.02129741571843624,-0.25674113631248474,1.0812610387802124,0.38636550307273865,0.013231744058430195,0.2951059639453888,0.3246449828147888,0.35728558897972107,0.47816920280456543,0.10736944526433945,0.5508098602294922,-0.051856789737939835,-0.19334959983825684,0.40850386023521423,0.37329843640327454,0.32335320115089417,-0.13393191993236542,0.30957260727882385,0.23460382223129272,-0.16465434432029724
103,262,650,298,679,0.7328097224235535,-0.23528644442558289,-0.2440112680196762,1.1362115144729614,-0.16457974910736084,0.19555962085723877,0.4967932105064392,-0.1983291506767273,0.023643117398023605,-0.24765947461128235,0.042117103934288025,1.8030258417129517,-0.12150777876377106,-0.1389213353395462,0.29446327686309814,-0.21768835186958313,0.8578583002090454,-0.1713539958000183,0.9363378286361694,-0.09959065169095993,0.0937628373503685,-0.05854609236121178,-0.042894139885902405,0.8713826537132263,0.012813322246074677,1.4674429893493652,-0.14020559191703796,-0.18379566073417664,0.06274856626987457,1.0414303541183472,-0.24315319955348969,-0.2299880087375641,0.13773274421691895,0.2498987317085266,-0.1482512503862381,0.45973771810531616,-0.06828080117702484,-0.2608386278152466,0.29428601264953613,-0.02626006305217743,0.6541950702667236,0.04559744521975517,-0.03150476515293121,0.07164226472377777,0.30504152178764343,-0.14000312983989716,-0.2256816327571869,0.7239927053451538,1.0712178945541382,0.3178279995918274,0.9668372869491577,0.03937108814716339,0.0398532897233963,-0.23581504821777344,0.4304129481315613,-0.07771655917167664,0.4485307037830353,2.0945990085601807,0.7312498092651367,-0.16786237061023712,0.46542343497276306,0.2973825931549072,0.07080288231372833,0.2097581923007965,-0.09933143854141235,0.16994649171829224,1.445490837097168,-0.10926499962806702,0.1646970808506012,0.4441826343536377,0.2949536144733429,-0.1826995611190796,-0.17981761693954468,1.5540196895599365,-0.25166046619415283,0.15552973747253418,0.61698979139328,-0.21866291761398315,-0.07227690517902374,-0.2453811764717102,-0.13773944973945618,-0.21997255086898804,-0.2610160708427429,2.2808263301849365,0.9094449281692505,-0.20675355195999146,-0.2186887562274933,-0.13440212607383728,-0.010890711098909378,-0.21926070749759674,-0.21904374659061432,0.27539050579071045,0.13067583739757538,-0.07536271959543228,0.5388721227645874,0.338381290435791,-0.24721315503120422,-0.003819432109594345,-0.2574997544288635,-0.11791762709617615,0.4446178376674652,-0.01733315736055374,0.054371125996112823,0.336284875869751,0.2743883728981018,0.3278539776802063,-0.05874346196651459,0.42544838786125183,0.4946226179599762,-0.06481519341468811,1.2443287372589111,0.27229344844818115,0.09891150891780853,-0.22038181126117706,0.3406064212322235,0.20249043405056,0.40965187549591064,0.23082667589187622,0.211954265832901,0.06681239604949951,-0.16781653463840485,0.3588172197341919,-0.15861934423446655,0.7881413102149963,-0.005643201991915703,1.0730828046798706,-0.1216421127319336,-0.20955149829387665
104,448,772,482,811,1.0060558319091797,-0.23768383264541626,0.24157392978668213,0.9211394786834717,-0.24731603264808655,-0.08395355194807053,0.5433579683303833,-0.23413008451461792,0.18465852737426758,-0.21021047234535217,0.1309894621372223,-0.13018463551998138,-0.1485951989889145,0.5866992473602295,0.1440814882516861,-0.26644760370254517,-0.12400394678115845,-0.09742214530706406,0.26678919792175293,-0.1575828492641449,-0.04233388602733612,-0.009006865322589874,0.9299629926681519,-0.03740938752889633,-0.07971887290477753,0.8220281600952148,-0.1488409787416458,-0.11129621416330338,0.18375647068023682,0.8115094304084778,-0.14285904169082642,-0.23916521668434143,0.13226787745952606,0.1789189875125885,-0.17918220162391663,0.19160059094429016,-0.22582998871803284,0.3876601457595825,-0.09838996827602386,-0.11885640770196915,0.09575555473566055,-0.19344934821128845,-0.21517282724380493,0.34948059916496277,-0.09335193037986755,-0.027926718816161156,-0.23424343764781952,1.3056683540344238,-0.014092142693698406,0.6818904280662537,0.4117172658443451,0.29237809777259827,1.0604498386383057,-0.2590411901473999,0.9388853311538696,0.02066635899245739,0.28786492347717285,-0.21602363884449005,1.4126036167144775,-0.15698491036891937,1.1006312370300293,0.04374617338180542,0.17055194079875946,-0.10471439361572266,0.5578618049621582,-0.18866057693958282,0.47918301820755005,0.3931518495082855,-0.16732695698738098,-0.011917643249034882,0.4468630254268646,-0.15607991814613342,-0.2136332094669342,0.3325084447860718,-0.15750813484191895,-0.23415696620941162,0.16359376907348633,-0.22233621776103973,-0.009262174367904663,0.13942980766296387,0.015706287696957588,-0.22643283009529114,-0.24807356297969818,0.17790840566158295,0.18040482699871063,-0.2322053164243698,0.025586873292922974,-0.11004766821861267,0.1794254630804062,-0.21438077092170715,-0.16803652048110962,0.061879150569438934,0.029184162616729736,-0.2560281455516815,1.0047814846038818,0.05898970365524292,-0.23515328764915466,0.06658384948968887,-0.24943643808364868,0.2398640215396881,-0.045708172023296356,-0.19389650225639343,0.05136235058307648,0.7820752859115601,0.5259972214698792,-0.06696508079767227,-0.11261893808841705,0.8740036487579346,-0.116500124335289,-0.20274969935417175,0.7081494331359863,-0.06899502873420715,0.2489762008190155,0.05181362107396126,0.34656578302383423,-0.12531112134456635,0.2182275652885437,-0.10290268808603287,-0.07286091148853302,0.03006725013256073,-0.1482463777065277,0.28974974155426025,0.5777063369750977,0.8037451505661011,-0.19769464433193207,0.5535026788711548,-0.1646302491426468,-0.2333758920431137
105,385,423,428,463,0.7084743976593018,-0.24670709669589996,0.041121698915958405,0.997997522354126,-0.15529215335845947,-0.1789647340774536,0.852045476436615,-0.22930169105529785,-0.21096506714820862,-0.2179892361164093,0.0954914391040802,-0.09384186565876007,-0.22992470860481262,0.0579119473695755,0.31302446126937866,-0.22272872924804688,-0.10138329863548279,0.40280681848526,0.3643699586391449,-0.050350796431303024,0.14077095687389374,0.2366943359375,0.3207111954689026,0.503847599029541,-0.06865216046571732,0.9215579032897949,-0.19392776489257812,0.008729875087738037,0.6702820062637329,0.5405197143554688,-0.241694837808609,-0.1706470400094986,-0.08928382396697998,0.10507163405418396,-0.17355293035507202,-0.19177478551864624,-0.23585131764411926,0.3710366487503052,-0.23265400528907776,0.24980342388153076,0.05603262782096863,-0.17157605290412903,-0.03139689564704895,0.051250629127025604,0.008523613214492798,-0.1924315243959427,-0.2263856828212738,0.7862958908081055,0.30705806612968445,0.13157254457473755,0.563556432723999,0.3308316767215729,0.18561136722564697,-0.23390202224254608,0.11915557086467743,0.11373035609722137,0.28353554010391235,0.0765136331319809,0.7857193946838379,-0.13317178189754486,0.08220581710338593,0.028581634163856506,-0.18904486298561096,0.17035695910453796,0.23677703738212585,-0.18869316577911377,0.42760229110717773,0.0949903205037117,0.16323064267635345,0.3479346036911011,0.5520322918891907,-0.08625289797782898,-0.07693687081336975,0.1449640542268753,-0.16170328855514526,0.009829733520746231,0.19355159997940063,-0.21108190715312958,-0.08074896782636642,-0.22823776304721832,0.37212276458740234,-0.26925134658813477,-0.2527449429035187,0.6529602408409119,0.353811115026474,-0.23972606658935547,-0.15610061585903168,-0.11908233165740967,0.006481792777776718,-0.21384575963020325,-0.268171489238739,0.006663409993052483,0.05819650739431381,-0.25788575410842896,0.5600732564926147,-0.1261015683412552,-0.26189470291137695,-0.09070029109716415,-0.27077800035476685,0.15355625748634338,0.06090594083070755,0.012870818376541138,-0.05159568414092064,0.34409260749816895,0.4168230891227722,0.08435342460870743,0.026314299553632736,1.0856530666351318,-0.11650358140468597,-0.1629423201084137,0.6960456967353821,-0.027497395873069763,-0.11712467670440674,-0.13164213299751282,0.5418543815612793,-0.12522560358047485,0.5233975648880005,-0.16278958320617676,-0.07151152193546295,0.1884412169456482,-0.16183878481388092,0.34546083211898804,0.2611027956008911,0.3854816257953644,-0.12248167395591736,0.8301384449005127,0.18544501066207886,-0.20026104152202606
106,317,600,343,625,1.3340204954147339,-0.25257954001426697,0.16638261079788208,1.1807096004486084,-0.20221078395843506,-0.2561757564544678,0.1899225264787674,-0.2607136368751526,-0.2464335858821869,-0.21047914028167725,0.4045124650001526,-0.18613579869270325,-0.24666237831115723,1.4847981929779053,1.5637688636779785,-0.2653742730617523,-0.07514436542987823,0.7080796957015991,0.07754677534103394,-0.09548449516296387,0.4380524158477783,1.087522268295288,-0.045549944043159485,0.3332592248916626,-0.008838899433612823,0.43953120708465576,-0.1277371048927307,-0.12565210461616516,0.6742319464683533,-0.18789131939411163,-0.13216903805732727,0.09800764918327332,-0.1531897783279419,1.4402228593826294,-0.1757688820362091,0.31188440322875977,0.2779397666454315,-0.14615663886070251,0.6757251024246216,0.09163961559534073,0.4250878691673279,0.14663030207157135,0.7304179668426514,1.1819500923156738,0.6327028870582581,0.2535604238510132,-0.05827698856592178,1.622969627380371,0.11485082656145096,-0.057943496853113174,1.0071059465408325,0.9990069270133972,0.4563015401363373,-0.24454708397388458,0.9378591775894165,-0.20876798033714294,1.3852097988128662,0.5876765251159668,1.9676636457443237,-0.23450720310211182,0.07172278314828873,0.1714332401752472,-0.12557899951934814,0.5900102257728577,1.1230148077011108,-0.13805951178073883,-0.18111778795719147,0.30608513951301575,-0.2509845495223999,-0.1895725429058075,1.2822914123535156,0.3385562002658844,-0.24823373556137085,-0.014201752841472626,-0.049139171838760376,0.09663938730955124,1.63172447681427,-0.2157556712627411,0.34329310059547424,-0.1367626190185547,-0.07138996571302414,-0.2227858603000641,-0.2563733160495758,0.015447989106178284,0.42418137192726135,-0.09659133851528168,-0.23348940908908844,-0.2132674902677536,0.010442182421684265,-0.22767236828804016,-0.06392522901296616,-0.08126761019229889,0.06663240492343903,0.23555795848369598,0.20030014216899872,0.49478623270988464,-0.2357662320137024,0.10047625005245209,-0.1943579912185669,-0.10911296308040619,1.5149848461151123,-0.22624513506889343,0.0643640086054802,0.6975288391113281,-0.20853561162948608,0.2532154321670532,-0.06753616034984589,0.04780353605747223,-0.20525284111499786,-0.1632455289363861,2.29061222076416,0.6424696445465088,0.394191175699234,0.08510327339172363,-0.11085283756256104,0.21962690353393555,0.056999146938323975,-0.06893117725849152,0.15336371958255768,0.11084142327308655,-0.05627460032701492,0.4821617305278778,-0.17664304375648499,0.45704737305641174,-0.1625935286283493,0.34863942861557007,0.12653392553329468,-0.028920508921146393
107,417,511,443,535,0.10839568078517914,-0.2412053346633911,-0.23854997754096985,1.2053338289260864,-0.086695596575737,-0.25665444135665894,0.13474896550178528,-0.21886587142944336,-0.27100670337677,-0.09519939124584198,0.12520791590213776,-0.17083740234375,-0.2532692551612854,0.05931003391742706,0.6562930941581726,-0.19454967975616455,0.45125460624694824,1.168962836265564,-0.2695764899253845,-0.27284830808639526,0.4071853756904602,1.6003975868225098,0.08783730864524841,0.7131384611129761,0.8820059299468994,-0.06277911365032196,-0.11242272704839706,0.02598254382610321,-0.07090815156698227,-0.1819373518228531,-0.1692580282688141,-0.2695584297180176,-0.2269592583179474,1.3932876586914062,-0.19667215645313263,-0.25212880969047546,0.15739649534225464,0.22207805514335632,-0.21212096512317657,-0.22165730595588684,0.9735047221183777,0.18367734551429749,0.3917085528373718,0.6913855671882629,-0.17713753879070282,0.47958073019981384,-0.15009792149066925,1.9680026769638062,0.08471889793872833,-0.21043804287910461,1.1153931617736816,0.3932364583015442,-0.07894287258386612,-0.2534026503562927,-0.016175344586372375,-0.2256646305322647,0.37437862157821655,0.8681411743164062,1.8343309164047241,-0.27651700377464294,-0.1436663568019867,-0.019101887941360474,0.0992884635925293,0.36871394515037537,-0.2739918828010559,-0.26070767641067505,-0.2694721817970276,-0.22513332962989807,0.49801498651504517,-0.25486552715301514,0.7908059358596802,0.35539621114730835,-0.25533437728881836,-0.03606327250599861,0.19927912950515747,-0.019711026921868324,-0.08257446438074112,-0.23359978199005127,-0.07825203239917755,-0.17702093720436096,-0.2072327882051468,-0.2497844398021698,-0.26180320978164673,-0.23774194717407227,0.5874987840652466,-0.16019049286842346,-0.19876480102539062,-0.20523986220359802,0.43758320808410645,-0.26076969504356384,-0.25483331084251404,-0.04103866219520569,0.23990559577941895,-0.03587602823972702,-0.2651214599609375,0.41679635643959045,-0.23760294914245605,-0.07131700217723846,-0.2680806815624237,-0.20432686805725098,0.5601311922073364,-0.013657327741384506,0.027433201670646667,0.1889333724975586,-0.17009422183036804,-0.09326376020908356,0.09641624242067337,0.2057577222585678,0.634208619594574,-0.17293989658355713,0.34722933173179626,0.5699090361595154,-0.21878421306610107,0.20421472191810608,-0.08332166075706482,0.19525080919265747,-0.07404579967260361,-0.15232640504837036,0.4642924666404724,-0.066876120865345,-0.11586514115333557,0.6868906021118164,-0.17264820635318756,0.08067430555820465,-0.13242170214653015,-0.19381853938102722,-0.20900791883468628,-0.04417208954691887
108,427,633,454,657,0.07444162666797638,-0.24098995327949524,-0.129576176404953,1.2404656410217285,-0.1657293140888214,-0.0854080319404602,-0.08128777891397476,-0.23759156465530396,0.6200830936431885,-0.22096163034439087,0.06476500630378723,-0.2018619179725647,-0.19526681303977966,0.6119916439056396,0.8100950717926025,-0.25938868522644043,-0.25668004155158997,0.4040437638759613,-0.2113420069217682,0.061202410608530045,0.02051769196987152,1.0841495990753174,0.40918248891830444,1.5592749118804932,-0.08110135048627853,0.44535377621650696,-0.10222063958644867,-0.2005002498626709,0.09609916806221008,-0.1408715546131134,-0.23573660850524902,0.29362982511520386,-0.18340803682804108,0.5399425029754639,-0.15923026204109192,0.3262326717376709,0.31535273790359497,0.4510628581047058,0.04950166493654251,-0.023185797035694122,0.2204129695892334,0.31961730122566223,-0.1930650919675827,0.07367995381355286,0.3098234534263611,0.388668417930603,-0.1965973824262619,1.4429380893707275,0.033532314002513885,0.28631356358528137,0.42759472131729126,0.8680720329284668,1.1820602416992188,-0.1933828592300415,0.8972383141517639,-0.19678667187690735,0.13032843172550201,0.7432087659835815,1.2089165449142456,-0.20415526628494263,0.02915024757385254,0.018096309155225754,-0.07489611208438873,0.13000524044036865,0.42645660042762756,-0.07336782664060593,-0.21617081761360168,0.13260605931282043,0.5956671833992004,-0.15406924486160278,1.0420722961425781,-0.11727763712406158,-0.15360456705093384,0.16491201519966125,-0.1013898104429245,0.03933850675821304,0.8097255825996399,-0.22505131363868713,0.19616180658340454,-0.13428938388824463,0.0815478265285492,-0.26586928963661194,-0.2490653097629547,0.09393654018640518,1.8644843101501465,-0.13734355568885803,-0.19497397541999817,-0.15154369175434113,0.7942454218864441,-0.2122100293636322,-0.12487529218196869,0.9154335260391235,-0.1289452612400055,0.32155564427375793,-0.2552711069583893,0.6800444722175598,-0.050019267946481705,-0.14837022125720978,-0.19712607562541962,0.002620544284582138,1.4877537488937378,-0.16005267202854156,-0.14478087425231934,0.14009010791778564,0.10759447515010834,0.4394989311695099,-0.076078861951828,0.03519096598029137,-0.21784889698028564,-0.2048700749874115,2.426722526550293,0.47398632764816284,-0.1007566899061203,-0.0901571735739708,-0.11131138354539871,-0.011676974594593048,0.3109016418457031,-0.020200874656438828,-0.020391670987010002,0.27988362312316895,0.08000849187374115,0.668418288230896,-0.19839517772197723,0.650672197341919,0.24933847784996033,0.33650732040405273,-0.1911448836326599,0.07701613754034042
109,392,500,417,523,0.003966617397964001,-0.27454835176467896,0.8140776753425598,1.1084671020507812,-0.12753641605377197,-0.20927627384662628,0.051504842936992645,-0.2698862552642822,-0.19915428757667542,-0.24352121353149414,1.5091969966888428,0.04565131664276123,-0.2740408480167389,2.047884225845337,0.09116916358470917,-0.21569323539733887,-0.1575831025838852,1.4580140113830566,-0.08575134724378586,-0.26110976934432983,0.21983176469802856,-0.08474105596542358,-0.15793995559215546,-0.23731493949890137,0.20673751831054688,1.604586124420166,0.03417130932211876,-0.22560913860797882,1.5820941925048828,0.7802040576934814,-0.19672949612140656,-0.18608412146568298,-0.12706172466278076,0.2638136148452759,-0.2242714762687683,-0.26934486627578735,-0.030983343720436096,0.5377322435379028,-0.1284388154745102,-0.20649978518486023,0.332531213760376,0.03218021243810654,0.2745911180973053,2.033512592315674,-0.2627617120742798,0.0314093679189682,-0.25038155913352966,1.8714615106582642,0.9885207414627075,0.5752129554748535,-0.1359272003173828,0.8654101490974426,-0.07039286941289902,-0.1780175268650055,-0.20845741033554077,0.09113321453332901,0.41803181171417236,0.39360612630844116,0.8029805421829224,-0.22738251090049744,0.5204529166221619,0.3440640866756439,0.13053959608078003,3.3571085929870605,1.047863483428955,0.04603894054889679,-0.2708130180835724,1.1085259914398193,-0.10415811836719513,0.8768458962440491,0.5008493661880493,0.4216406047344208,-0.16592815518379211,0.07376469671726227,-0.24783241748809814,0.4838733971118927,-0.22997362911701202,-0.21216119825839996,0.2500503361225128,-0.0630570650100708,-0.26762673258781433,-0.2652740180492401,-0.27804628014564514,-0.09182076901197433,-0.23430848121643066,-0.10116646438837051,-0.19284746050834656,-0.11834730952978134,-0.13968898355960846,-0.20054662227630615,-0.2629777193069458,-0.05276196449995041,-0.2354576736688614,-0.1171434223651886,-0.26665198802948,0.33123207092285156,-0.25131338834762573,-0.2735058665275574,-0.18064799904823303,-0.16467638313770294,0.5820589661598206,-0.23861439526081085,0.7868796586990356,0.4690839350223541,0.6267210245132446,0.1483302116394043,-0.05574294552206993,-0.17203626036643982,0.3223162293434143,-0.22603261470794678,-0.25741812586784363,0.13573047518730164,-0.04269082099199295,0.5304679274559021,-0.1389930099248886,0.018865741789340973,0.8580416440963745,0.15089450776576996,0.45163047313690186,0.24163788557052612,-0.15602824091911316,0.17694230377674103,-0.23310327529907227,0.4367150068283081,0.14187975227832794,-0.21629999577999115,0.001537621021270752,-0.1553076207637787
110,489,589,512,612,0.24665309488773346,-0.2618113160133362,-0.10671183466911316,1.054398536682129,-0.1529982089996338,-0.26308542490005493,0.2578384280204773,-0.19734185934066772,-0.2755436897277832,-0.248012512922287,0.5490863919258118,-0.21177014708518982,-0.05067085102200508,0.030114687979221344,0.4059460759162903,-0.21545635163784027,-0.22470583021640778,0.6481756567955017,-0.24660131335258484,0.042176999151706696,0.1999504566192627,-0.16402462124824524,0.3053470849990845,1.3298319578170776,0.15104247629642487,1.1415131092071533,-0.20985820889472961,-0.17552384734153748,0.33645254373550415,0.867956280708313,0.09364472329616547,0.19362872838974,-0.10333681106567383,0.11562260240316391,-0.22530433535575867,-0.17273002862930298,-0.057863034307956696,0.18620121479034424,-0.25343936681747437,-0.04521308094263077,-0.01814877986907959,-0.03652350604534149,-0.11225955933332443,0.3540354073047638,0.2150631844997406,-0.03726445883512497,-0.2464921921491623,0.5775444507598877,0.18456622958183289,0.40052035450935364,0.8550471067428589,0.584837019443512,0.22305384278297424,-0.20411191880702972,-0.09296898543834686,-0.2398221343755722,0.24626612663269043,-0.11068697273731232,1.4109708070755005,-0.2239772230386734,0.12292711436748505,0.5784384608268738,-0.1608295887708664,0.022845208644866943,-0.05421637371182442,-0.018666081130504608,-0.25396808981895447,0.12168684601783752,-0.057690203189849854,0.49796801805496216,0.32585227489471436,-0.022767163813114166,-0.13805164396762848,0.05150284990668297,-0.09237092733383179,0.2896836996078491,-0.010543953627347946,-0.260532021522522,-0.24252949655056,-0.14521460235118866,0.3734324872493744,-0.2705807685852051,-0.2612312436103821,0.021045420318841934,0.13178542256355286,-0.08615680038928986,-0.1653776317834854,-0.1430836021900177,0.12234003841876984,-0.24412605166435242,-0.12987186014652252,0.05226771533489227,0.1061411052942276,0.058203697204589844,-0.22465065121650696,-0.03017442673444748,-0.11880673468112946,-0.054856907576322556,-0.2372070848941803,0.09987911581993103,0.9310847520828247,0.16593527793884277,-0.11990024149417877,0.42562413215637207,-0.045478932559490204,0.04342237859964371,-0.13643953204154968,-0.2636159658432007,-0.18324413895606995,-0.15324920415878296,-0.03400121629238129,0.24702288210391998,-0.24469634890556335,0.2753106951713562,0.3880044221878052,-0.10405875742435455,0.8942042589187622,-0.1538710743188858,-0.17623096704483032,-0.07846331596374512,-0.061150144785642624,0.31997135281562805,-0.24751605093479156,0.5609316825866699,-0.004982460290193558,0.287464439868927,-0.1847320795059204,0.014220371842384338
111,763,719,795,750,0.325210839509964,-0.23112398386001587,-0.151536762714386,1.1234395503997803,-0.21821008622646332,-0.26886895298957825,0.3535475730895996,-0.18814405798912048,-0.1971718966960907,-0.21297603845596313,0.2301419973373413,-0.19001048803329468,-0.07234792411327362,0.02764052525162697,0.8775910139083862,-0.20581328868865967,-0.25761598348617554,-0.20371487736701965,-0.2078297734260559,0.0045179761946201324,0.6433787941932678,0.34649091958999634,0.3429625630378723,1.2062819004058838,0.17195412516593933,0.4289713501930237,-0.23990753293037415,-0.2173992395401001,0.1954997479915619,0.3507416844367981,-0.2099570780992508,0.09366565197706223,-0.11841712892055511,0.7293864488601685,-0.2136046141386032,-0.03286421298980713,-0.01569497585296631,0.11621050536632538,-0.25244706869125366,0.06235445663332939,0.23332847654819489,0.0013839676976203918,0.6576926112174988,1.062275767326355,0.4335390329360962,-0.035105496644973755,-0.18956227600574493,1.4274516105651855,0.07792395353317261,0.16889981925487518,0.9606406688690186,0.23624008893966675,0.6572039723396301,-0.26007428765296936,0.1521361619234085,-0.2464269995689392,0.36252865195274353,0.8975358605384827,1.9908537864685059,-0.16795705258846283,0.33780357241630554,0.28758108615875244,0.10820005089044571,0.7944252490997314,-0.037169456481933594,0.3764818012714386,-0.19166526198387146,0.30338969826698303,-0.05058752000331879,0.22737357020378113,1.0101318359375,0.06994239240884781,-0.12019270658493042,0.23440954089164734,0.06254841387271881,0.20799793303012848,0.013724006712436676,-0.19280603528022766,-0.23947294056415558,-0.17231154441833496,0.019859500229358673,-0.25093990564346313,-0.27070751786231995,-0.06040835753083229,0.0190020389854908,-0.07571927458047867,-0.15880566835403442,-0.2003592848777771,0.07833269238471985,-0.2458532303571701,-0.17735369503498077,0.04050107300281525,0.05992979556322098,-0.026693344116210938,-0.14600011706352234,0.25154462456703186,-0.18792769312858582,-0.09200308471918106,-0.2621886730194092,-0.052946168929338455,0.7724591493606567,0.11329099535942078,-0.05699080973863602,0.3533497452735901,-0.20752441883087158,0.39716944098472595,-0.13656865060329437,0.5274573564529419,0.10950721055269241,-0.207815021276474,0.31286507844924927,0.43627074360847473,0.18623454868793488,-0.16905590891838074,0.13243363797664642,0.013721808791160583,0.15624378621578217,-0.16794300079345703,-0.07031005620956421,0.04022198170423508,-0.1250973790884018,0.4792771339416504,-0.06740652024745941,0.393730103969574,0.026524852961301804,0.08328200876712799,-0.1419568806886673,-0.07942371815443039
112,440,656,469,689,0.5047609210014343,-0.23782257735729218,-0.12443776428699493,1.0793166160583496,-0.2085724174976349,-0.15450966358184814,0.28544163703918457,-0.2608746290206909,-0.01651870459318161,-0.2439412921667099,0.23690684139728546,-0.23941326141357422,-0.020731493830680847,0.37741032242774963,0.5433324575424194,-0.2545945644378662,-0.2239033579826355,1.2933545112609863,0.44165557622909546,-0.04556389898061752,0.16213606297969818,-0.18470990657806396,0.7917080521583557,0.31492358446121216,1.0076168775558472,1.5272574424743652,-0.018335551023483276,-0.10013925284147263,0.45398983359336853,1.2641139030456543,-0.21404072642326355,-0.17042317986488342,-0.0545760877430439,0.02348451316356659,-0.24973909556865692,-0.10571292787790298,0.007053975015878677,0.7366498708724976,-0.022791005671024323,0.06496358662843704,0.45724019408226013,-0.02553938515484333,0.5062460899353027,0.5484226942062378,0.36760079860687256,0.3351098895072937,-0.256689190864563,1.0623493194580078,0.020074784755706787,0.8679175972938538,0.6296559572219849,1.0848658084869385,0.792465090751648,-0.21956104040145874,0.5491583347320557,-0.2517664432525635,0.5254285931587219,0.2437201589345932,1.439666986465454,-0.24864473938941956,-0.1739789992570877,-0.024484999477863312,0.004657857120037079,-0.08447306603193283,0.13268530368804932,-0.08800525963306427,0.0076216720044612885,0.1696823388338089,0.09966491907835007,0.05977892875671387,0.09370336681604385,-0.07188346982002258,-0.10037887841463089,-0.07252926379442215,-0.031363680958747864,0.5338537096977234,0.3513075113296509,0.0186048224568367,-0.2303764373064041,-0.08595078438520432,0.6048732399940491,-0.24518875777721405,-0.2394118458032608,0.49632924795150757,0.3189839720726013,-0.17796465754508972,-0.21417219936847687,-0.08668927848339081,0.7203314900398254,-0.20275121927261353,-0.22424861788749695,0.10116373002529144,-0.17792806029319763,-0.12001911550760269,-0.16937100887298584,0.04448461905121803,-0.1142544150352478,-0.09869742393493652,-0.22528855502605438,0.002416146919131279,0.931784987449646,-0.18579502403736115,0.22096756100654602,0.3718950152397156,1.5717194080352783,-0.17624303698539734,0.07519206404685974,-0.07960361242294312,-0.05038893595337868,-0.2413005530834198,0.6371607780456543,0.19232717156410217,-0.25482821464538574,0.7072169780731201,0.0703185647726059,0.32784736156463623,0.19775064289569855,0.0523100271821022,0.055375151336193085,-0.11626803874969482,-0.0033556465059518814,0.230459526181221,-0.21846607327461243,0.8240890502929688,-0.18043258786201477,0.6131554841995239,-0.20065510272979736,-0.12346117198467255
113,434,616,454,635,1.0069118738174438,-0.27424293756484985,-0.2783867418766022,1.1448023319244385,-0.022777341306209564,-0.25281599164009094,-0.2767390310764313,-0.2697945237159729,-0.10029103606939316,-0.22442175447940826,1.4795079231262207,-0.23168371617794037,-0.23680737614631653,3.112423896789551,-0.17607472836971283,-0.17589041590690613,-0.032228097319602966,-0.276938259601593,-0.16090863943099976,-0.2731701135635376,-0.27839285135269165,0.48725467920303345,-0.26392802596092224,-0.2726079225540161,-0.03114333562552929,-0.2577795684337616,-0.05633345991373062,-0.1372082233428955,1.0849717855453491,-0.2167169153690338,-0.110082246363163,-0.24030719697475433,-0.27515938878059387,0.6131212711334229,-0.22228248417377472,-0.2402954399585724,0.037462834268808365,-0.27031028270721436,-0.11968015134334564,0.1490480750799179,-0.24777700006961823,-0.04898424819111824,-0.22313740849494934,1.3785758018493652,-0.27737581729888916,-0.27537503838539124,-0.20880931615829468,-0.1399230659008026,1.0817816257476807,-0.08396711200475693,1.075327754020691,0.13168197870254517,0.2681848406791687,-0.270964115858078,-0.025880523025989532,-0.2661420702934265,-0.27650129795074463,1.50448477268219,0.9702348709106445,-0.26497775316238403,-0.2765114903450012,1.5422977209091187,-0.09845884889364243,1.9150657653808594,3.5692083835601807,-0.23502697050571442,-0.12855663895606995,2.7031896114349365,-0.2762448787689209,1.1277492046356201,1.4563701152801514,-0.0998581126332283,-0.13850204646587372,-0.25586339831352234,-0.040151700377464294,0.36085256934165955,-0.1547699272632599,-0.25748884677886963,-0.09897073358297348,-0.022946463897824287,-0.2666637897491455,-0.2783072292804718,-0.1363440454006195,-0.12176626175642014,-0.2563282549381256,-0.1392853707075119,-0.12022674828767776,-0.2604634165763855,-0.21029800176620483,-0.25078216195106506,-0.2572188079357147,0.24741485714912415,-0.21150094270706177,-0.25285443663597107,-0.27197808027267456,0.47014278173446655,-0.2740831971168518,-0.23909038305282593,-0.1511857807636261,-0.17978772521018982,-0.04469210281968117,-0.11998437345027924,0.2484569549560547,0.32407891750335693,-0.13029439747333527,0.6033881306648254,-0.0914655327796936,-0.14377814531326294,-0.27186527848243713,0.9365667104721069,-0.20830170810222626,-0.2662046551704407,-0.04547904431819916,-0.2543955147266388,-0.20390817523002625,-0.19295848906040192,0.2940725088119507,-0.22399702668190002,-0.06568577885627747,0.04796508699655533,-0.13063296675682068,-0.26365184783935547,-0.159323051571846,0.30729061365127563,0.04156412184238434,-0.25383520126342773,1.5282628536224365,-0.2359224110841751
114,503,598,522,615,-0.17478814721107483,-0.27719658613204956,-0.24980123341083527,1.4021637439727783,-0.16810110211372375,-0.2403297871351242,0.16298115253448486,-0.27715590596199036,-0.2780098617076874,-0.21536865830421448,-0.1855439990758896,-0.1668185591697693,-0.13282623887062073,-0.26659300923347473,1.6601862907409668,-0.277099609375,-0.1959747076034546,3.367393970489502,-0.2665688395500183,0.8415642976760864,0.5877911448478699,-0.2328525185585022,-0.2290705293416977,5.7445068359375,0.525043249130249,5.143094539642334,-0.18141382932662964,-0.03397238627076149,-0.25242170691490173,2.5266165733337402,0.9086015224456787,1.4386961460113525,0.21527796983718872,-0.2692890465259552,-0.2783900797367096,0.12299420684576035,0.5165424346923828,0.11547866463661194,-0.2097904235124588,0.2256188988685608,0.7385467290878296,0.506389856338501,0.1553315818309784,1.2575398683547974,0.5630591511726379,0.548342227935791,-0.24392661452293396,1.198009729385376,-0.27830392122268677,-0.17098823189735413,2.7889015674591064,3.0114853382110596,-0.23720195889472961,-0.03525381535291672,-0.25712209939956665,-0.27813881635665894,1.787732720375061,-0.19257515668869019,4.150216579437256,-0.2705199122428894,-0.19529776275157928,-0.2541831135749817,-0.2528132498264313,-0.07651667296886444,-0.2780417501926422,0.32980769872665405,-0.2636837363243103,-0.2781578600406647,-0.19533702731132507,-0.1523483246564865,0.06594493985176086,0.5615118741989136,-0.27802059054374695,-0.24444662034511566,-0.25490617752075195,1.5397530794143677,-0.06035587564110756,-0.2548438608646393,-0.20246124267578125,-0.1269020438194275,1.6879485845565796,-0.2625693678855896,-0.23584440350532532,-0.26044461131095886,0.15611563622951508,-0.18115340173244476,-0.21128210425376892,-0.12240782380104065,0.08538282662630081,-0.21290823817253113,0.1775292456150055,-0.18143704533576965,-0.16805073618888855,0.9409770965576172,-0.11579245328903198,0.31718677282333374,0.25097668170928955,0.19485364854335785,-0.24976152181625366,-0.1945692002773285,3.9550414085388184,0.2748401165008545,-0.14244507253170013,-0.043238990008831024,0.5512109994888306,-0.23411957919597626,-0.1547435224056244,-0.22453303635120392,-0.26753416657447815,-0.26021578907966614,0.2408066689968109,1.7147502899169922,-0.25705063343048096,1.7229362726211548,-0.2478034496307373,0.3117600083351135,-0.27086806297302246,0.013162152841687202,0.09368951618671417,-0.23567071557044983,0.14359134435653687,0.10879861563444138,-0.20329168438911438,1.0169498920440674,0.34303468465805054,-0.278449684381485,-0.09979330003261566,0.7340564727783203
115,464,400,518,448,1.0818384885787964,-0.2122017741203308,0.08239375054836273,1.0080386400222778,-0.20622922480106354,-0.15315286815166473,0.6384215950965881,-0.23502010107040405,0.13444849848747253,-0.242117777466774,0.04873955249786377,-0.09665980935096741,-0.18651419878005981,-0.02854056842625141,0.40081140398979187,-0.17508751153945923,0.2663365602493286,0.20916856825351715,0.6924530863761902,-0.14735348522663116,0.609340488910675,-0.133130744099617,1.2413668632507324,-0.02342453971505165,-0.18752779066562653,0.45677757263183594,-0.24793046712875366,-0.16763103008270264,0.8657152652740479,0.7786195278167725,-0.24240678548812866,-0.24332083761692047,-0.13108155131340027,0.16278177499771118,-0.16012071073055267,0.008392434567213058,-0.21118319034576416,0.4453831911087036,0.10430548340082169,-0.20058806240558624,0.3700559735298157,-0.09840681403875351,-0.2515330910682678,0.026214297860860825,0.0035258466377854347,0.06701193004846573,-0.08202078938484192,1.1277490854263306,0.05221070721745491,0.6731877326965332,0.006740654353052378,0.29289135336875916,0.7844336032867432,-0.2350396066904068,0.44082075357437134,0.0928119570016861,0.4838840067386627,0.17924994230270386,0.7037451267242432,-0.20933736860752106,0.5456604361534119,0.04364054277539253,-0.0026450222358107567,0.2701699435710907,-0.02609037049114704,-0.09308799356222153,0.2189730554819107,0.09914249181747437,0.013410727493464947,0.20465975999832153,0.14924967288970947,0.07561494410037994,-0.007404049392789602,0.3714998960494995,-0.1385084092617035,-0.10215933620929718,0.40252551436424255,-0.05835501849651337,-0.012666793540120125,0.7889627814292908,0.03103203885257244,-0.2432616502046585,-0.24129118025302887,-0.004283848684281111,1.0021880865097046,-0.07719317078590393,0.15325306355953217,-0.1372125744819641,0.15907031297683716,-0.163982555270195,-0.23048728704452515,0.0751446858048439,1.0453376770019531,-0.25945818424224854,-0.10127247869968414,-0.046834200620651245,-0.24160470068454742,0.1306103765964508,-0.27256032824516296,0.1477726250886917,-0.08659002184867859,-0.02937411516904831,-0.15034392476081848,0.49904218316078186,0.6522511839866638,0.1000235304236412,-0.006790539249777794,0.8147928714752197,0.044263824820518494,-0.22689564526081085,0.6689944863319397,0.04772590100765228,-0.24520881474018097,0.16578078269958496,0.6523469090461731,-0.044057756662368774,0.8348813056945801,-0.1976875215768814,0.07826624810695648,0.11754849553108215,-0.16340242326259613,0.5141111612319946,0.20270997285842896,0.4023868441581726,-0.12273909151554108,0.48283278942108154,-0.07806357741355896,-0.22967712581157684
116,430,349,473,388,0.9870190024375916,-0.2427395135164261,0.031180718913674355,1.0277600288391113,-0.19203512370586395,-0.0723152831196785,0.418634831905365,-0.17048268020153046,-0.15962277352809906,-0.26027822494506836,0.3677407503128052,-0.23163986206054688,0.028503689914941788,0.10505377501249313,0.2928740382194519,-0.1904570758342743,0.05412216857075691,0.18428967893123627,0.26117923855781555,-0.060841746628284454,0.9157600402832031,0.004601836204528809,0.9340541362762451,0.14080670475959778,-0.03536888211965561,0.4223155081272125,-0.14113841950893402,-0.14643938839435577,0.32753026485443115,0.6644740700721741,-0.22823363542556763,-0.16334782540798187,-0.13578446209430695,0.40527841448783875,-0.13417045772075653,-0.1316133588552475,-0.21516674757003784,0.5581812858581543,0.013833655044436455,-0.036719780415296555,0.12701016664505005,-0.1436067670583725,-0.19461305439472198,0.2709435224533081,0.203604593873024,-0.06798829138278961,-0.23985491693019867,0.671886682510376,0.19035843014717102,0.3902909755706787,0.2672644853591919,0.3063371777534485,0.8698378801345825,-0.25303319096565247,0.28950685262680054,-0.1311991810798645,0.06510809063911438,0.11549440771341324,0.8469797372817993,-0.1742560714483261,0.1512458622455597,0.2024555802345276,-0.08120818436145782,-0.19420477747917175,0.07112757861614227,-0.08757937699556351,0.22126510739326477,0.34682542085647583,0.0852506011724472,0.22266346216201782,0.38971060514450073,-0.0649130791425705,-0.03799453750252724,0.5574871301651001,-0.1444275975227356,-0.08797536790370941,0.5040956139564514,-0.000578718027099967,-0.1445150077342987,-0.24144180119037628,0.1001543328166008,-0.21648794412612915,-0.27126920223236084,-0.05200009420514107,0.42577803134918213,-0.06981556862592697,-0.101713165640831,-0.17097966372966766,0.34629249572753906,-0.2535874843597412,-0.18437297642230988,0.16640642285346985,0.4726525545120239,-0.25851643085479736,-0.2333156317472458,-0.12676137685775757,-0.23164325952529907,0.04060058295726776,-0.25766903162002563,0.12687505781650543,0.0591416098177433,0.16719011962413788,-0.040110860019922256,0.4336535632610321,0.8592965602874756,0.11476697027683258,0.08488719910383224,0.43360769748687744,-0.09322226047515869,-0.2047077864408493,0.5743939280509949,-0.06649361550807953,-0.23752005398273468,-0.13683806359767914,0.4560610055923462,-0.04175572842359543,0.5544338226318359,-0.1612064242362976,0.03850677236914635,0.0426630936563015,-0.17489229142665863,0.5115227699279785,0.015666889026761055,0.22511063516139984,-0.13554829359054565,0.5364372730255127,-0.13076543807983398,-0.19972652196884155
117,643,236,690,270,0.30569878220558167,-0.2581988573074341,0.052450716495513916,1.0464820861816406,-0.22783489525318146,-0.02693968079984188,0.11940797418355942,-0.19545824825763702,-0.18550117313861847,-0.2609468400478363,0.4203285276889801,0.2504507601261139,-0.07033898681402206,0.08229809254407883,0.23081053793430328,-0.22010056674480438,0.4099179804325104,0.10149698704481125,0.049924612045288086,-0.17282967269420624,0.5745249390602112,-0.07458994537591934,0.7852687239646912,0.5164518356323242,0.1720462292432785,0.3817383348941803,-0.21372683346271515,-0.2468702346086502,0.4109415113925934,1.168715476989746,-0.19908173382282257,-0.2403760403394699,-0.07783079147338867,0.14844083786010742,-0.20390838384628296,-0.03190610930323601,-0.21450097858905792,0.010143667459487915,-0.23943710327148438,-0.11881274729967117,-0.16922436654567719,-0.15248791873455048,-0.118769071996212,0.6258156895637512,0.01300317794084549,-0.24112045764923096,-0.2612919211387634,0.37181219458580017,0.2970217168331146,0.7018383145332336,0.49645325541496277,0.11062749475240707,0.35307803750038147,-0.24672317504882812,0.08295227587223053,-0.20091266930103302,-0.22552919387817383,0.7834287285804749,0.9244286417961121,-0.18948562443256378,0.33768391609191895,0.3394656181335449,-0.08186150342226028,0.2635023593902588,-0.04741819575428963,0.5984535813331604,0.3074350357055664,0.3993508517742157,-0.07886085659265518,0.6059908866882324,0.2678471505641937,-0.23700697720050812,0.005840962287038565,0.8790280222892761,-0.07416094839572906,-0.031427983194589615,0.0604691319167614,-0.17310082912445068,-0.17627382278442383,-0.2205304354429245,0.2229679673910141,-0.24983279407024384,-0.26323261857032776,0.6998260021209717,-0.0035770945250988007,-0.032260481268167496,-0.02673999033868313,-0.1543169617652893,0.017057647928595543,-0.21971599757671356,-0.2443668395280838,0.36107268929481506,0.22971077263355255,-0.22327451407909393,-0.16148529946804047,-0.06355854868888855,-0.21580719947814941,0.032365795224905014,-0.23893122375011444,0.12413135915994644,-0.07207639515399933,-0.08108580112457275,-0.06515640765428543,0.4122883379459381,0.4048652648925781,0.21030288934707642,-0.08698365092277527,0.06741132587194443,0.3017467260360718,-0.10719788074493408,-0.11666620522737503,-0.1382196545600891,-0.20112274587154388,0.051639754325151443,0.4618375599384308,-0.12678992748260498,0.49674245715141296,0.025661170482635498,-0.2015245109796524,0.03635607287287712,-0.16497917473316193,0.31677162647247314,0.016400178894400597,0.5198428630828857,-0.06110300496220589,0.4124565124511719,-0.15561072528362274,-0.19178779423236847
118,353,483,376,505,-0.2727067172527313,-0.16558626294136047,-0.19363656640052795,1.4960644245147705,-0.038232289254665375,-0.276233047246933,-0.08979228138923645,-0.27833399176597595,-0.11037114262580872,-0.1796901822090149,0.8419126272201538,-0.17159023880958557,-0.11091618984937668,3.711500644683838,0.22251386940479279,-0.27822765707969666,-0.06589348614215851,-0.2557317316532135,-0.2143494337797165,-0.2274823635816574,-0.25766485929489136,2.3521902561187744,-0.2241601049900055,-0.2619509696960449,1.2608140707015991,-0.2722947895526886,-0.24117136001586914,0.12977014482021332,-0.27821144461631775,-0.23507022857666016,-0.07807503640651703,-0.27567556500434875,-0.24851086735725403,0.6531805992126465,-0.2520902156829834,-0.2686005234718323,0.5623281002044678,-0.07190276682376862,-0.06908468157052994,-0.27845555543899536,-0.23860757052898407,0.42860129475593567,1.5189892053604126,1.4058974981307983,-0.14254651963710785,-0.19928959012031555,-0.14599904417991638,1.007508635520935,1.1120024919509888,-0.27448979020118713,0.5675287842750549,0.5959851145744324,-0.028779679909348488,-0.27348196506500244,-0.20815540850162506,-0.27784374356269836,-0.2234460711479187,1.5833021402359009,2.7114105224609375,-0.2600567936897278,-0.18637071549892426,-0.27565866708755493,0.11167500913143158,0.1074238270521164,0.514301598072052,-0.22168324887752533,-0.21808315813541412,0.5212657451629639,-0.22416511178016663,-0.2738635241985321,0.9216166734695435,-0.02863376960158348,-0.27175670862197876,-0.2704382538795471,0.3323429226875305,0.7890208959579468,-0.1439102441072464,-0.15181203186511993,-0.11211926490068436,-0.012440809980034828,0.536489725112915,-0.22304092347621918,-0.24853603541851044,0.1329786777496338,-0.2057190239429474,-0.03302811458706856,-0.11255194246768951,-0.2680036127567291,-0.2767287492752075,-0.14356841146945953,-0.25105586647987366,0.008186486549675465,-0.07903845608234406,0.4294722378253937,-0.2467210292816162,0.9052032828330994,-0.24384820461273193,-0.062486883252859116,0.11236739158630371,-0.2538967728614807,-0.0295217614620924,-0.06597094237804413,0.3935914933681488,-0.25723835825920105,-0.10633434355258942,0.4410223364830017,-0.10273105651140213,-0.2348371297121048,-0.23684990406036377,0.005593952257186174,-0.1690116971731186,0.3470182716846466,-0.2269761860370636,-0.27418598532676697,-0.2616720199584961,-0.18756099045276642,-0.22920088469982147,-0.11698901653289795,0.3173140585422516,-0.17759066820144653,-0.02937140315771103,-0.1098598763346672,-0.2529699504375458,-0.13469916582107544,-0.142666757106781,-0.18289907276630402,-0.2100413590669632,-0.031083157286047935
119,262,628,303,659,0.7290297746658325,-0.24140425026416779,0.10749369859695435,1.1298325061798096,-0.19178782403469086,-0.03664083033800125,0.3168559670448303,-0.21196705102920532,-0.09278866648674011,-0.19082923233509064,0.5083190202713013,1.0134873390197754,-0.1284756362438202,0.8619852662086487,0.5176094770431519,-0.18848884105682373,0.2394370585680008,0.6197073459625244,0.735817551612854,0.21371996402740479,0.14837872982025146,-0.038886908441782,0.15224993228912354,-0.0004812851548194885,0.27896249294281006,1.0443447828292847,-0.05758969113230705,-0.147150456905365,0.5443524718284607,0.6220917105674744,-0.27291804552078247,-0.15771424770355225,-0.11547943949699402,0.3269137740135193,-0.12716157734394073,0.28193873167037964,-0.1146763265132904,0.3090476989746094,0.25685495138168335,-0.03105471283197403,0.33053353428840637,0.023890607059001923,0.04323276877403259,0.2523418068885803,0.2687276005744934,-0.04167519137263298,-0.2619655728340149,0.7255365252494812,1.0532488822937012,0.5664903521537781,0.3700346052646637,0.3967757821083069,0.3561135232448578,-0.23046770691871643,0.38432058691978455,-0.01304176077246666,0.2962869107723236,1.2724032402038574,0.6007985472679138,-0.21857306361198425,0.40231847763061523,0.4592124819755554,0.07360856235027313,0.18725869059562683,0.27686530351638794,0.010575331747531891,0.6725568771362305,0.2352643609046936,0.12823569774627686,0.47426658868789673,0.3280057907104492,-0.10131629556417465,-0.13804784417152405,1.0086781978607178,-0.07448971271514893,0.057989805936813354,0.6070389747619629,-0.23936203122138977,-0.07838596403598785,-0.22351288795471191,-0.007343381643295288,-0.17068712413311005,-0.26107925176620483,1.1673917770385742,0.6704241633415222,-0.18062138557434082,-0.2371704876422882,-0.1873975694179535,0.21558690071105957,-0.23733922839164734,-0.047438301146030426,0.10802743583917618,0.09481121599674225,-0.09906499832868576,-0.13066402077674866,0.16020551323890686,-0.2598217725753784,-0.14466245472431183,-0.17999961972236633,-0.014952141791582108,0.4451214075088501,-0.14228960871696472,0.04900190234184265,0.3848326504230499,0.3702337443828583,0.5639708042144775,0.026853881776332855,0.6462723016738892,-0.25301089882850647,-0.050048187375068665,1.1564890146255493,0.06835979223251343,0.17179536819458008,0.011596105992794037,0.23966102302074432,0.10092856734991074,0.6300455331802368,0.2512548565864563,0.1661362200975418,0.22495794296264648,-0.1275000125169754,0.5201534032821655,-0.12998349964618683,0.8324257135391235,-0.019965386018157005,0.9019176363945007,-0.12985169887542725,-0.20545291900634766
120,435,379,477,417,1.4322824478149414,-0.23052088916301727,0.02975662611424923,1.060306191444397,-0.15804634988307953,0.07570184767246246,0.6406802535057068,-0.2375863790512085,0.07403022795915604,-0.25450149178504944,0.2066033035516739,0.07825390249490738,-0.12830297648906708,0.1081385388970375,0.5449888110160828,-0.18298113346099854,0.5733017325401306,0.17410032451152802,1.1344157457351685,-0.05945184454321861,0.8741005063056946,0.07660955935716629,0.434347003698349,0.012387166731059551,-0.008329237811267376,1.2254681587219238,-0.12700484693050385,-0.23278109729290009,0.42846861481666565,0.688657820224762,-0.25965574383735657,-0.17239201068878174,-0.08473387360572815,0.2987288534641266,-0.11992313712835312,0.24334876239299774,-0.17415690422058105,0.2542012333869934,0.4691670835018158,-0.05228140577673912,0.4750213325023651,-0.05043177306652069,-0.06800895929336548,0.08781643956899643,0.6574840545654297,-0.031893402338027954,-0.2482864111661911,0.9655464291572571,0.4261143207550049,0.05275122821331024,0.48822322487831116,0.6608229875564575,0.2897677421569824,-0.24782133102416992,0.8605101704597473,-0.1883498877286911,0.5006470680236816,0.7364799380302429,0.8764581680297852,-0.18835945427417755,0.36502376198768616,0.006960312370210886,-0.018569817766547203,-0.05781591311097145,0.015186543576419353,-0.13641785085201263,0.7700137495994568,0.02237686514854431,-0.029165899381041527,0.12054046988487244,0.27811485528945923,0.017021391540765762,-0.10995513945817947,0.7506587505340576,-0.16809384524822235,-0.05779378488659859,1.2397040128707886,-0.10746201127767563,-0.09065672010183334,-0.1979270726442337,-0.013707682490348816,-0.2587830722332001,-0.26586493849754333,0.09086382389068604,1.0267456769943237,-0.23792429268360138,-0.08863268047571182,-0.1273747682571411,0.11363241821527481,-0.227395698428154,-0.2435448318719864,-0.04923541843891144,0.3722103536128998,-0.2649894058704376,-0.16584251821041107,0.07686954736709595,-0.2551482021808624,0.13641051948070526,-0.27171191573143005,0.026077039539813995,0.3086494505405426,-0.112490713596344,-0.013691455125808716,0.2901875078678131,0.8922532200813293,0.20068664848804474,0.034742020070552826,0.8971927165985107,-0.053368985652923584,-0.2452048510313034,1.2105878591537476,0.10748270153999329,-0.18781226873397827,-0.12493264675140381,0.43805280327796936,0.22911512851715088,0.37079355120658875,-0.16083873808383942,0.3522432744503021,0.05248817801475525,-0.18287591636180878,0.5505521893501282,0.2025836706161499,0.367973655462265,-0.16761745512485504,1.0063945055007935,-0.16002149879932404,-0.22071056067943573
121,746,715,776,746,0.47748100757598877,-0.2662193179130554,-0.15425093472003937,1.088265299797058,-0.18046680092811584,-0.26707276701927185,0.430536150932312,-0.19126972556114197,-0.2730552554130554,-0.230521097779274,0.47955241799354553,-0.21225687861442566,-0.051442958414554596,0.08353422582149506,0.47611600160598755,-0.18505580723285675,-0.2587162256240845,-0.20618470013141632,-0.2564453184604645,-0.03820732235908508,0.6354958415031433,-0.010306018404662609,0.27063435316085815,0.9181404113769531,0.02213682234287262,0.39321741461753845,-0.2283441424369812,-0.23830309510231018,0.38311442732810974,0.37063196301460266,-0.24476401507854462,0.09848970174789429,-0.14016759395599365,0.38466960191726685,-0.2054876685142517,-0.04866447299718857,-0.0531960055232048,0.08986495435237885,-0.27274319529533386,0.102479487657547,-0.0649590864777565,-0.058923058211803436,0.13461267948150635,0.9068297147750854,0.5067774057388306,-0.220377117395401,-0.21036575734615326,0.3973061740398407,0.1427835077047348,0.3511390686035156,1.0520706176757812,0.2001943141222,0.33565330505371094,-0.26584017276763916,0.1367921382188797,-0.2668771743774414,0.0960155725479126,0.7600364685058594,1.2318017482757568,-0.2248680591583252,0.14469099044799805,0.6304324865341187,-0.15795107185840607,0.40901893377304077,0.12393902987241745,0.34718430042266846,-0.19509825110435486,0.45034974813461304,0.0020736828446388245,0.4551706910133362,0.5597777366638184,-0.10134418308734894,-0.11260030418634415,0.22059491276741028,-0.09117758274078369,0.21887464821338654,-0.02737724781036377,-0.26133304834365845,-0.24786674976348877,-0.1254834234714508,-0.08756253868341446,-0.2595396935939789,-0.2716240882873535,0.11653561890125275,0.03308947756886482,-0.1044645681977272,-0.13553783297538757,-0.2161533236503601,0.13016080856323242,-0.2455095797777176,-0.22056615352630615,0.06526494771242142,0.09689246118068695,-0.045939281582832336,-0.17538949847221375,0.16158118844032288,-0.1850893199443817,-0.07257555425167084,-0.23812736570835114,0.036291781812906265,0.7751131653785706,0.01755966991186142,-0.05113198608160019,0.4823419451713562,-0.26714372634887695,0.2302621603012085,-0.07873596996068954,-0.23443782329559326,-0.16509701311588287,-0.09605009853839874,0.2743126153945923,0.23318356275558472,-0.13297423720359802,-0.22304673492908478,0.36377763748168945,-0.05980481579899788,0.7867640256881714,-0.1797257363796234,-0.15919439494609833,0.09082601219415665,-0.129727303981781,0.32455116510391235,-0.2632547616958618,0.2719447612762451,0.034914884716272354,0.37786224484443665,-0.15350791811943054,-0.11993986368179321
122,348,330,421,392,1.1320241689682007,-0.15969011187553406,0.15906421840190887,1.0930674076080322,-0.22637005150318146,-0.1170160323381424,0.38084423542022705,-0.19200724363327026,0.1055828109383583,-0.19622105360031128,-0.06618696451187134,0.8185566663742065,-0.06582553684711456,0.034078679978847504,0.5668224096298218,-0.1899787187576294,0.14923539757728577,0.4796902537345886,0.8284634351730347,0.09577641636133194,0.6051598787307739,-0.03939347714185715,0.9997946619987488,0.2703186571598053,-0.09654708951711655,0.5956934690475464,-0.2129451334476471,-0.10874368250370026,0.7505031824111938,1.0386888980865479,-0.15773890912532806,-0.13246843218803406,-0.05342444032430649,0.22293472290039062,-0.14724791049957275,0.5465243458747864,-0.16997858881950378,0.5820131897926331,0.021063053980469704,0.09131865203380585,0.15490970015525818,-0.03648368641734123,0.027929145842790604,0.35430362820625305,0.2855602204799652,-0.03543103486299515,-0.1362834870815277,0.5358243584632874,0.19236239790916443,0.7692583799362183,0.275871604681015,0.371695876121521,0.8394423723220825,-0.22334527969360352,0.5235238075256348,0.5562421083450317,0.40836310386657715,0.4666757583618164,0.7576249837875366,-0.20346565544605255,0.35805249214172363,0.4802153706550598,-0.06333140283823013,0.1528424769639969,0.08416885137557983,0.09452728182077408,0.10078680515289307,0.26309844851493835,0.11298330128192902,0.43057432770729065,0.3905552327632904,-0.06702908128499985,0.15928541123867035,0.6786855459213257,-0.22178463637828827,0.10634281486272812,0.2661411762237549,0.21698519587516785,-0.06483148783445358,0.7305418252944946,0.07129772007465363,-0.1788225620985031,-0.2623383402824402,0.4290694296360016,0.35905638337135315,0.09674075245857239,0.053585946559906006,-0.1321827918291092,0.17091438174247742,-0.1211761012673378,0.20065447688102722,0.22779063880443573,0.679780125617981,-0.2539813220500946,-0.022258836776018143,-0.0705161988735199,-0.21913127601146698,0.3540061116218567,-0.23915743827819824,0.05349963903427124,0.10865771770477295,0.39359715580940247,-0.0888247936964035,0.48049038648605347,1.2093989849090576,0.20365944504737854,0.040027372539043427,0.029980558902025223,-0.031257692724466324,-0.07113216817378998,0.5968585014343262,0.1070159450173378,-0.1814904510974884,-0.010844588279724121,0.6441295146942139,0.09612549841403961,0.8762279748916626,0.039367176592350006,-0.01021963357925415,0.005245591513812542,-0.17350219190120697,0.3636447787284851,0.03570134937763214,0.5887528657913208,-7.073581218719482e-05,0.6517447233200073,0.03629991039633751,-0.16659727692604065
123,590,511,654,576,1.0178183317184448,-0.20687489211559296,0.28015291690826416,1.1397814750671387,-0.21628980338573456,-0.032237183302640915,0.1816755086183548,-0.13490720093250275,-0.18314024806022644,-0.26009127497673035,0.13672569394111633,1.0348474979400635,-0.09431026875972748,0.22760410606861115,0.43759211897850037,-0.16030828654766083,-0.10687889903783798,-0.16409677267074585,0.8260427713394165,0.05342784523963928,0.5789108872413635,0.042777229100465775,0.7239802479743958,0.022159140557050705,0.09631481021642685,0.5911903381347656,-0.20692786574363708,-0.19326312839984894,0.7709184885025024,1.0149286985397339,-0.11039197444915771,-0.2336072474718094,-0.14210399985313416,0.31329840421676636,-0.11543752253055573,0.4574425220489502,-0.13631662726402283,0.15290424227714539,0.2788376808166504,-0.026786532253026962,-0.018695514649152756,-0.026535581797361374,-0.09121648967266083,0.4806111454963684,0.30848178267478943,-0.14650650322437286,-0.18036934733390808,0.3753918409347534,0.58088219165802,0.8443584442138672,0.33968955278396606,0.20650836825370789,0.5115761160850525,-0.23156753182411194,0.5877599120140076,-0.016874199733138084,0.2583586573600769,0.9082300066947937,0.5669077634811401,-0.1726451814174652,0.40082693099975586,0.3958483040332794,-0.04943055659532547,0.28900396823883057,0.0308701004832983,0.3121480941772461,0.06327210366725922,0.5146607160568237,0.15009334683418274,0.6465197801589966,0.3490907549858093,-0.15400102734565735,0.2045649290084839,0.9289213418960571,-0.15375220775604248,0.08745788037776947,0.6790680885314941,0.3597477376461029,-0.04372921958565712,0.08137403428554535,-0.04657759144902229,-0.18823783099651337,-0.2608276307582855,0.7482904195785522,0.3825056552886963,0.030929550528526306,-0.10429675877094269,-0.1975681632757187,0.020532280206680298,-0.18780744075775146,0.13958561420440674,0.42908620834350586,0.7131097912788391,-0.227704256772995,-0.1952211856842041,-0.08789386600255966,-0.20979711413383484,-0.07900919765233994,-0.2030811756849289,0.005427119322121143,-0.061065442860126495,0.22083048522472382,0.012782206758856773,0.35879188776016235,0.9438053965568542,0.4150664806365967,0.03569423034787178,-0.0992182269692421,0.05390191823244095,-0.1415729522705078,0.6437446475028992,0.01796879805624485,-0.07327738404273987,-0.21366389095783234,0.6558886766433716,0.07187562435865402,0.7880520820617676,0.24757131934165955,0.007200971245765686,0.07999886572360992,-0.17629408836364746,0.35793447494506836,-0.13977974653244019,0.34727415442466736,0.0733189657330513,0.578691840171814,0.002082130406051874,-0.18408825993537903
124,357,451,390,480,0.7912251949310303,-0.2757786512374878,-0.06769315153360367,1.2083008289337158,-0.1146891713142395,0.14529399573802948,0.2525957226753235,-0.2608036994934082,-0.09683574736118317,-0.2465565949678421,0.27868056297302246,-0.22886762022972107,-0.17432449758052826,0.5963151454925537,0.8292093276977539,-0.18854621052742004,-0.24790234863758087,-0.06214852258563042,0.2233877182006836,0.09748325496912003,0.8012760877609253,-0.03189913183450699,-0.06002762168645859,0.29054149985313416,-0.046945054084062576,1.7098265886306763,-0.1796552687883377,-0.2461700141429901,0.6500672101974487,0.9383964538574219,-0.08426454663276672,0.06556686758995056,-0.22309662401676178,0.2578906714916229,-0.17456814646720886,0.5617270469665527,0.14158780872821808,0.14094242453575134,0.741616427898407,0.01980844885110855,0.7690615057945251,0.24440282583236694,0.13981536030769348,0.6623947024345398,0.061021871864795685,0.46077290177345276,-0.18413567543029785,1.5133076906204224,0.6771515011787415,0.17698480188846588,0.2559092342853546,1.5362716913223267,0.20337846875190735,-0.2015366554260254,0.00795534998178482,-0.20305033028125763,0.7652496099472046,0.7741726636886597,0.5968014597892761,-0.2320718765258789,0.3398139774799347,-0.01869925856590271,0.06648658961057663,1.4950031042099,0.009403973817825317,0.11151126772165298,-0.08724455535411835,0.4820273816585541,0.7482083439826965,0.32398563623428345,0.1353204846382141,0.19585156440734863,0.00802067294716835,0.1575394868850708,-0.19187501072883606,0.3332839012145996,1.352264165878296,-0.07449723035097122,0.1507875919342041,-0.08289332687854767,-0.1896153837442398,-0.2193121612071991,-0.21786057949066162,-0.041603147983551025,1.9165294170379639,-0.16425636410713196,-0.20775450766086578,-0.08576144278049469,-0.057435084134340286,-0.192167729139328,-0.1677723377943039,-0.038055725395679474,0.6455391049385071,0.07773567736148834,-0.26922905445098877,0.37668561935424805,-0.20698033273220062,-0.23809723556041718,-0.2041710466146469,-0.1608659327030182,0.7343844771385193,-0.04495782405138016,-0.13306063413619995,0.21293103694915771,0.9152404069900513,0.36359062790870667,-0.0322633795440197,0.020953040570020676,0.08137445151805878,-0.18547198176383972,1.7361912727355957,0.47109049558639526,-0.16745229065418243,0.05466076359152794,0.08907842636108398,0.5317278504371643,0.6955834627151489,0.3750050961971283,0.5843411684036255,0.26816973090171814,-0.07640129327774048,0.5399062633514404,-0.059764645993709564,0.32715731859207153,-0.012619087472558022,0.5173647403717041,-0.17603576183319092,-0.14713425934314728
125,363,473,387,495,1.4380407333374023,-0.2763308882713318,-0.2561262249946594,1.2502782344818115,-0.11898721754550934,0.5651192665100098,0.25815263390541077,-0.25051775574684143,-0.15869957208633423,-0.2532268166542053,-0.013483759015798569,-0.19965535402297974,-0.16644904017448425,-0.2222844660282135,0.5947688817977905,-0.13325580954551697,-0.2518627643585205,-0.23911406099796295,0.10646514594554901,0.09515269100666046,0.9565145373344421,0.10811538994312286,-0.14329758286476135,0.7778995633125305,-0.20488989353179932,2.471034049987793,-0.15229099988937378,-0.25084614753723145,0.00900605320930481,1.5651179552078247,0.06716102361679077,0.3323860168457031,-0.23499399423599243,0.2343147248029709,-0.113339364528656,1.1662565469741821,0.3850955069065094,-0.16224642097949982,1.700034260749817,0.20245008170604706,1.2062177658081055,0.45725083351135254,-0.10209165513515472,-0.19099760055541992,0.3485640585422516,0.7171840667724609,-0.1539359986782074,0.8528448939323425,1.1684699058532715,0.41022351384162903,0.6477909088134766,2.078252077102661,-0.17798280715942383,-0.14690132439136505,0.1568201333284378,-0.24068543314933777,0.8185405731201172,0.9530985355377197,0.004303876310586929,-0.20510545372962952,0.4779198467731476,0.2274041771888733,-0.182182177901268,-0.09360911697149277,-0.1704985648393631,-0.08216343820095062,-0.0012562498450279236,-0.20772413909435272,1.0920413732528687,0.6908777952194214,0.11933992803096771,0.2167048156261444,0.0743238627910614,0.14295385777950287,-0.27085113525390625,0.22411105036735535,2.2583272457122803,0.0871603935956955,-0.0152553990483284,-0.0897122249007225,-0.1076512560248375,-0.23191088438034058,-0.218532994389534,-0.13070404529571533,2.640766143798828,-0.1911129206418991,-0.23251265287399292,-0.07018007338047028,-0.21224664151668549,-0.196980819106102,-0.2154305875301361,0.1954181045293808,1.1077779531478882,0.2958998680114746,-0.26684409379959106,0.5712955594062805,-0.14284661412239075,-0.2597922682762146,-0.2402031123638153,-0.16322161257266998,0.6278258562088013,0.16211701929569244,-0.18330731987953186,0.3145366311073303,1.652371883392334,0.20200854539871216,0.038664720952510834,-0.03109099715948105,-0.24265483021736145,-0.09747905284166336,3.4408957958221436,0.9870542287826538,-0.08692117780447006,-0.02694510668516159,0.01705329865217209,0.8727954626083374,0.2447338104248047,0.045222554355859756,0.7790285348892212,0.29299256205558777,-0.0387943759560585,0.38252389430999756,-0.08633329719305038,0.47994282841682434,0.04649532958865166,0.3002084791660309,-0.19222310185432434,-0.10921624302864075
126,299,596,324,631,1.2702586650848389,-0.2744242250919342,0.4176456928253174,1.0401432514190674,-0.2022772580385208,-0.06908799707889557,0.13790462911128998,-0.24962255358695984,-0.22870087623596191,-0.2223539650440216,0.019057556986808777,-0.12697607278823853,-0.18164944648742676,0.9463822841644287,1.0561753511428833,-0.22416597604751587,-0.05638110265135765,0.9881638884544373,0.8362258672714233,-0.05030600726604462,0.3715765178203583,0.18461313843727112,0.44566619396209717,0.02697731927037239,-0.013419769704341888,1.15739107131958,-0.16543032228946686,-0.1380806863307953,0.8221271634101868,0.4364871382713318,-0.1369747519493103,-0.06561540067195892,-0.08656957745552063,0.5975534915924072,-0.21578627824783325,0.28505560755729675,-0.009267844259738922,-0.016747891902923584,0.21534059941768646,0.07545536011457443,0.2614505887031555,-0.04145655035972595,0.640800416469574,1.0367212295532227,0.5813782215118408,0.06981036812067032,-0.14034996926784515,1.0782159566879272,0.33203744888305664,0.16070479154586792,0.7462089657783508,1.4133310317993164,0.6705120801925659,-0.27069157361984253,0.7630289196968079,-0.20571854710578918,1.389051914215088,0.6117032170295715,1.4070523977279663,-0.23469561338424683,0.4107544422149658,-0.01173727959394455,-0.12518012523651123,0.564827561378479,0.3772116005420685,0.17339521646499634,0.2502378225326538,0.16210509836673737,-0.10543813556432724,0.08315451443195343,0.5384857654571533,0.20620688796043396,-0.1887211799621582,0.005983911454677582,-0.08910447359085083,0.09918040782213211,1.2718746662139893,-0.19201980531215668,0.2170199602842331,-0.15301668643951416,0.24135196208953857,-0.20929056406021118,-0.24651730060577393,0.25267982482910156,0.42159271240234375,-0.06128205358982086,-0.10597076267004013,-0.14199280738830566,-0.09980354458093643,-0.18203052878379822,-0.053538039326667786,-0.01709846407175064,0.29305487871170044,-0.06283339858055115,0.3572446405887604,0.05775536596775055,-0.2670139670372009,0.31913697719573975,-0.20689016580581665,0.007094323635101318,0.6941443681716919,-0.23315370082855225,0.13463374972343445,0.6824290752410889,0.2465570569038391,0.5290921926498413,-0.09624390304088593,0.47046488523483276,-0.17800568044185638,-0.10167187452316284,1.6225659847259521,0.16817528009414673,0.40111932158470154,0.3511465787887573,0.37918728590011597,0.14476042985916138,0.4572700262069702,-0.07704995572566986,0.10922420024871826,-0.04076254740357399,-0.11174935102462769,0.3049164116382599,0.32622116804122925,0.592044472694397,-0.17491547763347626,0.9670004844665527,-0.11804787814617157,-0.1652277261018753
127,474,337,522,381,1.7940187454223633,-0.12109487503767014,0.0855458453297615,1.0520192384719849,-0.2363242357969284,-0.1659245491027832,0.17548121511936188,-0.20841646194458008,-0.06910663098096848,-0.20952540636062622,-0.06965412944555283,0.463474303483963,-0.06167345121502876,-0.19666659832000732,0.31474608182907104,-0.1600102037191391,0.39690008759498596,0.17133396863937378,0.7838278412818909,-0.09826501458883286,1.414392352104187,-0.1739521473646164,1.3111817836761475,0.16170789301395416,-0.22015245258808136,1.0753164291381836,-0.22326241433620453,-0.022929688915610313,0.41748008131980896,1.4843584299087524,-0.15921282768249512,-0.16120870411396027,-0.11503729969263077,0.2540144622325897,-0.1776965856552124,0.6155593991279602,-0.1299951672554016,0.5142481923103333,0.10784804821014404,-0.1970415711402893,1.022142767906189,-0.004714263137429953,-0.15131480991840363,0.35289084911346436,0.16480644047260284,0.11670923978090286,0.0948258638381958,0.9886305928230286,0.055339258164167404,0.6396021842956543,0.37812066078186035,0.598594605922699,0.5310466289520264,-0.22970229387283325,0.11662396788597107,0.7174028754234314,1.1050275564193726,0.6349341869354248,1.1878188848495483,-0.23925745487213135,0.24237380921840668,-0.12936320900917053,0.026537200435996056,-0.010891993530094624,-0.2299487590789795,-0.17912988364696503,0.23465974628925323,0.05388696864247322,0.02913718856871128,0.020367659628391266,0.31200674176216125,0.560843825340271,-0.11264685541391373,0.7364460825920105,-0.213995099067688,0.045404016971588135,0.4090560972690582,0.27416300773620605,-0.03397748991847038,1.1130398511886597,-0.13414664566516876,-0.16551177203655243,-0.2160101681947708,-0.13103289902210236,0.5754200220108032,-0.21160303056240082,0.040155138820409775,0.04778643324971199,0.03428126499056816,-0.23404847085475922,0.05568587779998779,0.02880631387233734,1.2121599912643433,-0.26315388083457947,-0.099422387778759,0.13586843013763428,-0.2503500282764435,0.7020235657691956,-0.27061837911605835,-0.02272246778011322,0.014383931644260883,0.11018551141023636,-0.15394236147403717,0.4644378125667572,1.453066349029541,0.015280994586646557,0.001436874270439148,0.48806092143058777,0.1660291701555252,-0.11689857393503189,1.3733233213424683,0.6673929691314697,-0.20778794586658478,-0.1716655045747757,0.5973227024078369,0.2513294517993927,0.7272045612335205,-0.09284504503011703,0.5998267531394958,-0.16140857338905334,-0.21624861657619476,0.4363313615322113,-0.011644378304481506,0.16959936916828156,-0.017187146469950676,0.09730697423219681,0.10357951372861862,-0.20629990100860596
128,341,334,388,386,0.9852501749992371,-0.15670233964920044,0.09008359909057617,1.0979200601577759,-0.24296419322490692,-0.1328919678926468,0.5542756915092468,-0.16744500398635864,-0.04494743421673775,-0.22253841161727905,0.008163492195308208,-0.14305134117603302,-0.023440981283783913,0.0021881957072764635,0.6903160214424133,-0.2063460499048233,-0.03292246535420418,0.4948790967464447,0.6121207475662231,0.27503135800361633,0.8664755821228027,-0.04095086827874184,1.3261367082595825,0.472046822309494,-0.06304115056991577,0.616715133190155,-0.19795824587345123,-0.22118644416332245,0.7318644523620605,1.2131129503250122,-0.13869856297969818,-0.06080617010593414,-0.06521410495042801,0.25544872879981995,-0.1320933997631073,0.1437772959470749,-0.16102904081344604,0.7430078387260437,0.046368617564439774,0.04345344379544258,0.17791295051574707,-0.04493804648518562,0.130263090133667,0.5399075746536255,0.35580873489379883,0.0010665456065908074,-0.1488083451986313,0.6399374604225159,0.10584130138158798,1.0586525201797485,0.35979795455932617,0.2579030692577362,1.2828096151351929,-0.2225121259689331,0.2307666540145874,0.10579431056976318,0.39966461062431335,0.44255003333091736,0.8370656967163086,-0.18214799463748932,0.2990179657936096,0.28120654821395874,0.011133596301078796,0.14300794899463654,0.11777626723051071,0.06152414157986641,0.08742278814315796,0.32220181822776794,0.14646346867084503,0.3394780457019806,0.3783694803714752,-0.010938930325210094,0.15341602265834808,0.34579166769981384,-0.20778410136699677,0.12398944050073624,0.17397336661815643,0.26284879446029663,-0.09129172563552856,0.614108145236969,0.09675532579421997,-0.1356988102197647,-0.26455768942832947,0.08788038045167923,0.3230443000793457,-0.12155812233686447,-0.19902972877025604,-0.19139434397220612,0.25480717420578003,-0.22652678191661835,0.3544696867465973,0.2747875154018402,0.6256186366081238,-0.24371550977230072,-0.17989182472229004,-0.08514633029699326,-0.21921789646148682,-0.09224332123994827,-0.257870078086853,0.06751523166894913,0.2724792957305908,0.568311870098114,-0.053815748542547226,0.6038230061531067,1.3859691619873047,0.11255078762769699,0.06668669730424881,-0.0483279675245285,-0.021402357146143913,-0.19182516634464264,0.657367467880249,0.09079743176698685,-0.17443525791168213,0.04537941887974739,0.4516758918762207,0.042550671845674515,0.8552272319793701,0.028916969895362854,0.015148061327636242,-0.018159162253141403,-0.1623162478208542,0.417590856552124,0.015047043561935425,0.6308889985084534,0.03509308770298958,0.4080505073070526,0.04833114147186279,-0.14378301799297333
129,632,261,702,306,0.8957942128181458,-0.21566033363342285,0.3845762312412262,1.0796345472335815,-0.20127414166927338,-0.022126486524939537,0.3739163875579834,-0.2262125462293625,-0.08497986942529678,-0.21472255885601044,0.1293632835149765,2.0957629680633545,-0.14726227521896362,0.2910195291042328,0.6658222079277039,-0.20316825807094574,-0.108172208070755,0.00954179186373949,1.4048734903335571,-0.07111949473619461,0.5214647054672241,-0.100108802318573,0.9870078563690186,0.16381871700286865,-0.07942373305559158,0.7026748657226562,-0.2164682149887085,-0.10177402943372726,1.38555109500885,1.3663129806518555,-0.21901290118694305,-0.1812228560447693,-0.17135871946811676,0.14056241512298584,-0.18763308227062225,0.3458089828491211,-0.19911189377307892,0.29499244689941406,-0.1366000920534134,-0.010822287760674953,0.16643555462360382,-0.07224807888269424,-0.15235860645771027,0.4688899517059326,-0.04025472328066826,-0.09709489345550537,-0.20596759021282196,0.694990336894989,0.4451543986797333,0.8775503039360046,0.1025446280837059,0.5549702048301697,0.6409606337547302,-0.23817718029022217,0.20299161970615387,0.20294149219989777,0.4970289170742035,0.7783246636390686,0.5141969323158264,-0.18912501633167267,0.5033075213432312,0.3784288167953491,0.10897018760442734,0.24490590393543243,0.12104662507772446,0.2560737133026123,0.20570911467075348,0.3421189486980438,0.1753271222114563,0.5983508825302124,0.3870045244693756,-0.03464313969016075,0.16285422444343567,0.8948290944099426,-0.1343126744031906,0.03994766250252724,0.1880251169204712,0.03784133866429329,-0.059795886278152466,0.5383235812187195,-0.04953896626830101,-0.23227787017822266,-0.2537059783935547,1.0576601028442383,0.3912372589111328,-0.11022615432739258,0.15012811124324799,-0.08064895123243332,0.007213063538074493,-0.04157491400837898,-0.00625118613243103,0.4160517752170563,0.6351862549781799,-0.23820555210113525,-0.1454312801361084,-0.10652518272399902,-0.2199142575263977,0.07315083593130112,-0.22595715522766113,0.06427207589149475,-0.0710814818739891,-0.04248737171292305,-0.07802758365869522,0.33461007475852966,1.319596290588379,0.4030657708644867,0.08135629445314407,0.6511344313621521,0.024229099974036217,-0.175090029835701,0.3979024589061737,0.016583910211920738,-0.05897900462150574,-0.004888271447271109,0.728527843952179,0.01291681732982397,0.8510026931762695,0.4906456768512726,0.14598172903060913,0.14964532852172852,-0.16576290130615234,0.43512964248657227,-0.008874940685927868,0.4918931722640991,0.04563136771321297,0.6010223031044006,0.0007673700456507504,-0.1929188221693039
130,453,284,525,352,1.3409925699234009,-0.18912386894226074,0.30468982458114624,1.082122564315796,-0.21269309520721436,0.039917442947626114,0.20175528526306152,-0.19177304208278656,-0.059353481978178024,-0.20110376179218292,0.03479216992855072,0.37463611364364624,-0.09884496033191681,0.09808681905269623,0.5619457960128784,-0.1644548624753952,-0.07359535992145538,0.11979953944683075,0.9102827310562134,0.11401005834341049,0.9564273953437805,-0.008693503215909004,1.0407501459121704,0.16073589026927948,-0.06857810914516449,0.7343536615371704,-0.2103162258863449,-0.052761055529117584,0.9971763491630554,1.1642791032791138,-0.14235232770442963,-0.12465949356555939,-0.036027662456035614,0.32074210047721863,-0.13463029265403748,0.37564781308174133,-0.16988852620124817,0.40840402245521545,0.21043327450752258,0.12058019638061523,0.2715524733066559,-0.03483342379331589,0.04920629411935806,0.6186426281929016,0.3266867995262146,-0.0627177432179451,-0.025598924607038498,0.528928816318512,0.39204171299934387,0.9431894421577454,0.3158837854862213,0.3028864860534668,0.747279942035675,-0.20797593891620636,0.5081184506416321,0.17349514365196228,0.6248018741607666,0.7118846774101257,0.6888037323951721,-0.21868793666362762,0.5963420867919922,0.40768709778785706,0.1324605792760849,0.22623352706432343,0.05130746215581894,0.1956932246685028,0.10996333509683609,0.3398857116699219,0.1269279271364212,0.6732693910598755,0.45221391320228577,0.040358588099479675,0.15646114945411682,0.7278884649276733,-0.16574600338935852,0.04919196292757988,0.6020412445068359,0.26838579773902893,0.08167185634374619,0.9379211664199829,0.015453529544174671,-0.1946040391921997,-0.24019089341163635,0.3731992840766907,0.3030613362789154,-0.08803477138280869,-0.014221122488379478,-0.026519637554883957,0.05591418594121933,-0.08415709435939789,0.2069758176803589,0.4726216197013855,1.0686594247817993,-0.24777352809906006,0.016496971249580383,-0.08150699734687805,-0.233664870262146,0.22826328873634338,-0.22313430905342102,0.036556426435709,0.08047833293676376,0.15098237991333008,-0.03300093114376068,0.6040472388267517,1.115185022354126,0.3275187909603119,0.03459685295820236,0.23467126488685608,0.04469377547502518,-0.09033678472042084,0.7808935642242432,0.12777042388916016,-0.05774637311697006,-0.09484507888555527,0.668605625629425,0.07142402976751328,0.783218264579773,0.08736750483512878,0.14212313294410706,0.011607465334236622,-0.18614250421524048,0.44783225655555725,0.042474742978811264,0.3601658046245575,0.07148575037717819,0.507674515247345,0.10726197808980942,-0.19377738237380981
131,388,458,443,507,0.6724480986595154,-0.2532656490802765,0.06550922244787216,1.0835974216461182,-0.1528518944978714,-0.21774490177631378,0.3401164710521698,-0.23923714458942413,-0.23456986248493195,-0.19307012856006622,0.2512091100215912,-0.18183937668800354,-0.1503637582063675,0.6538055539131165,0.7141118049621582,-0.19838030636310577,-0.1535593718290329,1.1541638374328613,0.2712949216365814,-0.10777129977941513,1.2923554182052612,0.08912766724824905,0.5300005674362183,0.06657569855451584,0.335968941450119,0.905223548412323,-0.20307472348213196,-0.14397700130939484,0.4946025311946869,0.7071263194084167,-0.18544901907444,-0.19378581643104553,-0.2293783575296402,0.9194656014442444,-0.20903681218624115,-0.14780060946941376,-0.04987276345491409,0.7256911396980286,-0.2344702035188675,-0.19724725186824799,1.1448030471801758,0.06097517907619476,0.4940958023071289,0.9934285283088684,-0.10441064834594727,0.3414974808692932,-0.14007045328617096,2.1746625900268555,0.51387619972229,0.08396264910697937,0.4208754301071167,0.5835226774215698,0.8823633193969727,-0.26075655221939087,-0.04924396798014641,-0.1907610297203064,1.2359336614608765,0.6839841604232788,1.7899746894836426,-0.23735840618610382,0.41610315442085266,-0.08354640007019043,0.15869587659835815,2.0389962196350098,-0.06637639552354813,-0.07243944704532623,-0.2005687952041626,0.3092973232269287,-0.018679460510611534,-0.18412131071090698,0.4577564597129822,0.9067356586456299,-0.18498246371746063,0.27423402667045593,-0.03427634760737419,0.22487245500087738,-0.08030439913272858,-0.18103593587875366,-0.03555482625961304,-0.14787176251411438,-0.014185640960931778,-0.20513206720352173,-0.23972314596176147,-0.14816755056381226,0.40848779678344727,-0.12732234597206116,-0.22476942837238312,-0.10905302315950394,0.23147538304328918,-0.2178185135126114,-0.1802283674478531,-0.03976057097315788,0.06898310035467148,-0.1491515040397644,-0.16567765176296234,0.18548519909381866,-0.26584914326667786,0.0030700431670993567,-0.23974519968032837,-0.1260441690683365,0.2248021811246872,-0.11871714144945145,0.1559758186340332,0.541644811630249,1.0616905689239502,0.8044817447662354,0.07416889816522598,0.8168187141418457,0.01355069875717163,-0.20966918766498566,0.4171915054321289,0.5841476917266846,0.3405148386955261,0.24665099382400513,0.10598470270633698,0.4016222059726715,0.5875556468963623,0.25275957584381104,0.7552527189254761,0.010695099830627441,-0.1874060332775116,0.5162943005561829,0.011733035556972027,0.24541224539279938,-0.170943945646286,0.06959475576877594,-0.2040814906358719,-0.1776905655860901
132,591,374,641,414,0.9998836517333984,-0.19530507922172546,0.16246528923511505,1.1300162076950073,-0.20472946763038635,-0.05935526266694069,0.4645666480064392,-0.19220277667045593,-0.10206541419029236,-0.2268582284450531,-0.05731339007616043,2.1846063137054443,-0.026643700897693634,0.07662171870470047,0.5648472905158997,-0.19220171868801117,0.08271002024412155,0.30352872610092163,0.6840562224388123,-0.010643057525157928,1.070137858390808,-0.12446345388889313,0.9711748361587524,0.636840283870697,-0.05311436951160431,1.0881447792053223,-0.2177174985408783,-0.22041529417037964,0.5726194381713867,1.9227499961853027,-0.10770934820175171,-0.05340850353240967,-0.13192303478717804,0.12746378779411316,-0.18779024481773376,0.3925133943557739,-0.1425028145313263,0.48278123140335083,-0.23186808824539185,-0.15669944882392883,0.21284335851669312,-0.03282175958156586,-0.14353401958942413,0.8502700924873352,0.04173596575856209,-0.1165708675980568,-0.18914802372455597,0.520293116569519,0.5102358460426331,0.6313042044639587,0.3932614326477051,0.6925908923149109,0.772331178188324,-0.25728511810302734,0.0007130224257707596,0.6117650270462036,0.3818240165710449,1.0597777366638184,0.8983516693115234,-0.2261524200439453,0.4639207124710083,0.21174836158752441,-0.026992853730916977,0.18166032433509827,-0.010028447955846786,0.4533654749393463,0.21283894777297974,0.5274665951728821,0.24455669522285461,0.3195423185825348,0.4704931080341339,-0.027225986123085022,0.2426757514476776,1.0615520477294922,-0.23713454604148865,0.2605324983596802,-0.05491402745246887,0.360710471868515,-0.21883536875247955,-0.2217894196510315,0.22293102741241455,-0.21867401897907257,-0.2626270055770874,1.1446133852005005,0.28580817580223083,-0.17979076504707336,-0.1461031585931778,-0.25987207889556885,0.03768027573823929,-0.25316497683525085,0.08032312989234924,0.293774276971817,0.2635238468647003,-0.21289968490600586,-0.13091465830802917,-0.09322977066040039,-0.21726426482200623,0.09636412560939789,-0.24386341869831085,-0.011786971241235733,-0.03712306544184685,0.47450897097587585,-0.02413126826286316,0.3597574830055237,2.107767105102539,0.4272366762161255,-0.0373055562376976,-0.1037999838590622,0.09316038340330124,-0.07621780037879944,0.7244672775268555,0.21755611896514893,-0.17111283540725708,0.06212002784013748,0.5244817137718201,0.1439565122127533,0.7291624546051025,0.6937849521636963,0.11732225120067596,0.05840963125228882,-0.19716385006904602,0.40598350763320923,-0.1550772339105606,0.6692224740982056,0.15244188904762268,0.5038421750068665,-0.10271044075489044,-0.1309625804424286
133,469,370,527,420,1.263809084892273,-0.19928042590618134,0.048956651240587234,1.0156525373458862,-0.22430413961410522,-0.2065235823392868,0.6882588863372803,-0.19163234531879425,0.09398546814918518,-0.2387150377035141,0.17557500302791595,0.007212241645902395,-0.05254293978214264,-0.03836366906762123,0.49125513434410095,-0.14840136468410492,0.02109680324792862,0.037522681057453156,0.5075457096099854,0.11363441497087479,0.938562273979187,-0.09770265966653824,1.3888763189315796,0.11401459574699402,-0.17291803658008575,0.6164634823799133,-0.2233356386423111,-0.12492300570011139,1.1686968803405762,0.8236302137374878,-0.2624293863773346,0.05553877353668213,-0.15303045511245728,0.30956730246543884,-0.21714241802692413,0.40200406312942505,-0.19123464822769165,0.6270374655723572,-0.030650489032268524,-0.15374286472797394,0.7532715201377869,-0.02132573351264,-0.18565300107002258,0.04461278021335602,0.03451310843229294,0.14938928186893463,-0.014918171800673008,1.636736273765564,0.04146741330623627,0.43301257491111755,0.22156845033168793,0.43112850189208984,0.8468579053878784,-0.2315077781677246,-0.15500730276107788,-0.00021437804389279336,0.9802948832511902,0.3092454671859741,0.6733565926551819,-0.25356146693229675,0.5652644038200378,0.03877349570393562,0.08355379849672318,0.4670175313949585,-0.15761564671993256,-0.11344984918832779,-0.02021159790456295,0.02933911420404911,0.22407490015029907,0.0869339257478714,0.24042139947414398,0.5623480677604675,-0.13778989017009735,0.6056873202323914,-0.09730565547943115,-0.09930169582366943,0.3826911449432373,0.17721261084079742,0.17949128150939941,0.6413300037384033,-0.06657999753952026,-0.20024970173835754,-0.24753086268901825,-0.20598748326301575,0.7230573892593384,-0.24514958262443542,0.1974814236164093,-0.11882594972848892,0.21203124523162842,-0.16902880370616913,0.06232151761651039,-0.0394984669983387,1.1063817739486694,-0.22879713773727417,-0.1920005828142166,-0.05988664925098419,-0.2700546085834503,0.5409560799598694,-0.27224621176719666,0.0637543797492981,0.03158526122570038,-0.04344199597835541,-0.036808568984270096,0.5071038603782654,0.9491760730743408,0.19708561897277832,0.058612413704395294,1.0154799222946167,-0.08840864896774292,-0.21417298913002014,0.9139918088912964,0.2785772979259491,-0.24895283579826355,0.09364832937717438,0.5719830393791199,0.16176268458366394,0.6266074776649475,-0.054549381136894226,0.35085949301719666,0.05523597449064255,-0.19708426296710968,0.8015121221542358,0.13922201097011566,0.4310251474380493,-0.10318655520677567,0.10701644420623779,0.06335237622261047,-0.21349836885929108
134,598,539,655,578,1.5359561443328857,-0.20326703786849976,0.45062434673309326,1.2083600759506226,-0.19532664120197296,0.22231701016426086,0.23860973119735718,-0.16673868894577026,-0.09744615107774734,-0.25215858221054077,-0.1086372584104538,2.119392156600952,-0.20682436227798462,0.24703815579414368,0.8068721890449524,-0.1551363617181778,0.0021320779342204332,-0.19327905774116516,1.8454782962799072,0.10873959958553314,0.9508868455886841,0.15945038199424744,0.7095963954925537,0.11267271637916565,-0.07255034893751144,1.1513121128082275,-0.22458893060684204,-0.21006923913955688,1.2988874912261963,1.4934313297271729,-0.20454591512680054,-0.22059734165668488,-0.09456475079059601,0.40963202714920044,-0.05736646428704262,1.1445393562316895,-0.0477047897875309,-0.05340379476547241,0.8602386116981506,-0.06340637803077698,0.24964219331741333,0.12601017951965332,-0.0783672109246254,0.6343830227851868,0.662511944770813,-0.08351507782936096,-0.11083358526229858,0.4793834090232849,0.8890841007232666,1.0887243747711182,0.46311506628990173,0.5295121073722839,0.5567256212234497,-0.21767915785312653,1.0518171787261963,0.06465934216976166,0.8726531267166138,1.6160099506378174,0.49706172943115234,-0.20415979623794556,0.5884991884231567,0.39942267537117004,0.07717880606651306,0.48956790566444397,-0.01214594952762127,0.2632238566875458,0.2791190445423126,0.31646600365638733,0.3506315052509308,0.6532840728759766,0.32094764709472656,-0.10719576478004456,0.25339147448539734,1.44537353515625,-0.18010419607162476,0.12072685360908508,1.4386399984359741,0.8738555908203125,0.1773015856742859,0.4039771258831024,-0.11615058779716492,-0.16896186769008636,-0.2514059245586395,0.9990798234939575,0.7397632598876953,-0.23158179223537445,-0.12632006406784058,-0.18246683478355408,-0.06469731032848358,-0.11965033411979675,0.40989768505096436,0.4823361933231354,1.3076623678207397,-0.18804733455181122,-0.1262698471546173,0.008011958561837673,-0.2149873673915863,0.012504213489592075,-0.21495231986045837,-0.11520789563655853,0.006343496963381767,0.2947922646999359,0.03735658898949623,0.45907700061798096,1.8171391487121582,0.6280402541160583,0.04993079975247383,0.007840931415557861,0.08988959342241287,-0.2001773715019226,1.4344654083251953,0.2902308702468872,0.072520412504673,-0.19750232994556427,0.7778815031051636,0.34364259243011475,0.7011685967445374,0.4221877455711365,0.2733258008956909,0.11285906285047531,-0.180805504322052,0.3846805691719055,-0.05407726392149925,0.4019373655319214,0.23564225435256958,0.7780153751373291,0.14449045062065125,-0.18133705854415894
135,386,475,413,501,0.05303839221596718,-0.19832353293895721,-0.21676185727119446,1.154012680053711,-0.10835263878107071,-0.25695037841796875,0.43308234214782715,-0.26317399740219116,-0.27227309346199036,-0.1555241346359253,0.748214602470398,-0.04287077486515045,-0.20654812455177307,1.304896593093872,0.367337167263031,-0.2669171094894409,-0.116877481341362,-0.2289203703403473,-0.27267637848854065,-0.23521557450294495,0.8146638870239258,0.673241913318634,-0.004087772220373154,-0.0876798927783966,0.05996675789356232,-0.06778766214847565,-0.18953126668930054,-0.2065415382385254,-0.13471154868602753,-0.14105497300624847,-0.06592713296413422,-0.23290717601776123,-0.27614396810531616,3.162341594696045,-0.16169625520706177,-0.22570082545280457,0.05084013566374779,-0.14138288795948029,-0.25622105598449707,-0.1805317997932434,1.0824843645095825,0.15841792523860931,1.0652549266815186,0.4734325110912323,-0.24518151581287384,0.45808959007263184,0.04383150860667229,3.0697641372680664,1.8430339097976685,-0.001943834125995636,0.29875582456588745,-0.26425492763519287,1.5209119319915771,-0.27515149116516113,-0.11370279639959335,-0.1571570634841919,0.31130605936050415,1.3504666090011597,2.6437015533447266,-0.2506471872329712,0.3855780363082886,0.21558880805969238,0.676903486251831,3.3299219608306885,0.16738766431808472,-0.18258985877037048,-0.22739163041114807,-0.11200632154941559,-0.21326665580272675,-0.24637912213802338,1.3212720155715942,0.3272360563278198,-0.2588806450366974,0.5009251832962036,0.1694255769252777,-0.24422049522399902,-0.2600806951522827,-0.2310982048511505,-0.1226227730512619,-0.11330032348632812,-0.18793043494224548,-0.17049503326416016,-0.19103212654590607,-0.10701029002666473,0.16708660125732422,-0.04048830270767212,-0.24440035223960876,-0.12474624067544937,-0.10107963532209396,-0.2678154408931732,-0.23366613686084747,0.4653417468070984,-0.21288222074508667,-0.1903548538684845,-0.2694912552833557,0.22685390710830688,-0.26521071791648865,-0.270881712436676,-0.15531669557094574,-0.2552347481250763,-0.24620047211647034,-0.09587934613227844,-0.09476451575756073,0.588186502456665,-0.06292735785245895,2.2925148010253906,-0.2581217885017395,0.4880668818950653,-0.10570730268955231,-0.1770111620426178,0.09232138097286224,0.3641144931316376,1.7393721342086792,-0.2675030827522278,-0.24729874730110168,0.0925610139966011,0.41653940081596375,0.11957435309886932,0.3633165955543518,-0.0033326828852295876,-0.17724356055259705,0.654247522354126,-0.22750774025917053,0.02068478986620903,-0.20319801568984985,-0.24513910710811615,-0.27558648586273193,-0.21492281556129456
