id,x0,y0,x1,y1,f0,f1,f2,f3,f4,f5,f6,f7,f8,f9,f10,f11,f12,f13,f14,f15,f16,f17,f18,f19,f20,f21,f22,f23,f24,f25,f26,f27,f28,f29,f30,f31,f32,f33,f34,f35,f36,f37,f38,f39,f40,f41,f42,f43,f44,f45,f46,f47,f48,f49,f50,f51,f52,f53,f54,f55,f56,f57,f58,f59,f60,f61,f62,f63,f64,f65,f66,f67,f68,f69,f70,f71,f72,f73,f74,f75,f76,f77,f78,f79,f80,f81,f82,f83,f84,f85,f86,f87,f88,f89,f90,f91,f92,f93,f94,f95,f96,f97,f98,f99,f100,f101,f102,f103,f104,f105,f106,f107,f108,f109,f110,f111,f112,f113,f114,f115,f116,f117,f118,f119,f120,f121,f122,f123,f124,f125,f126,f127
0,372,569,383,579,1.2101889848709106,-0.2569931149482727,-0.07891082763671875,1.0440605878829956,-0.009206983260810375,-0.13579100370407104,-0.22859565913677216,-0.24438010156154633,-0.21642160415649414,-0.2766661047935486,0.6932522058486938,-0.27055928111076355,-0.23817692697048187,4.043281078338623,-0.22820064425468445,-0.23477908968925476,-0.009637303650379181,-0.2387569397687912,-0.2092154175043106,-0.17177236080169678,-0.1562470942735672,1.0479440689086914,-0.2608659267425537,-0.23917162418365479,-0.27715787291526794,-0.2530190050601959,-0.21249589323997498,-0.2753905653953552,1.2185086011886597,-0.1362023949623108,-0.19981646537780762,-0.1855211853981018,-0.09809067100286484,0.45119136571884155,-0.27507179975509644,-0.27042344212532043,-0.08536093682050705,-0.27832385897636414,-0.22183114290237427,-0.275329053401947,-0.23400676250457764,-0.09996113181114197,-0.26949846744537354,0.3255610764026642,-0.15221792459487915,-0.2105337679386139,-0.26321589946746826,1.057126522064209,1.359466791152954,-0.2756500840187073,0.21259212493896484,0.8818460702896118,-0.14944125711917877,-0.13081452250480652,-0.23682771623134613,-0.2450886219739914,-0.26650071144104004,0.4856964647769928,0.053001612424850464,-0.11344482749700546,-0.2584840953350067,1.094660758972168,-0.2609615921974182,-0.19321876764297485,5.838754177093506,-0.2719810903072357,-0.15073683857917786,0.3221312165260315,-0.23472578823566437,0.2930249571800232,2.7812857627868652,-0.13869605958461761,-0.2479599118232727,-0.26477301120758057,0.0072919526137411594,-0.27389538288116455,1.7782275676727295,-0.255564421415329,0.23090927302837372,-0.08060884475708008,0.289009153842926,-0.2472517192363739,-0.27508288621902466,-0.2712033689022064,-0.07682829350233078,-0.12456176429986954,-0.21196387708187103,-0.15108035504817963,-0.2761901021003723,-0.25658807158470154,-0.10349748283624649,-0.18008176982402802,-0.27846452593803406,-0.27312055230140686,-0.25230705738067627,0.04756796732544899,-0.2783423662185669,-0.27766045928001404,-0.2647624611854553,0.14922457933425903,-0.1910986453294754,-0.2355937957763672,0.5909703969955444,0.18574008345603943,-0.2573278844356537,1.0186152458190918,0.36365440487861633,-0.2725878655910492,-0.21865405142307281,-0.06892994791269302,-0.16949576139450073,-0.27786627411842346,-0.2778259217739105,0.43855541944503784,-0.2256687730550766,-0.25912219285964966,-0.17385856807231903,-0.2586933374404907,-0.18446066975593567,0.17599064111709595,0.05228394642472267,-0.1305636167526245,-0.12453754246234894,0.7399089336395264,-0.10502998530864716,-0.2760550379753113,1.3431882858276367,-0.18947039544582367
1,324,313,335,324,0.9765732884407043,-0.24604569375514984,-0.1491333693265915,1.0155189037322998,-0.009499713778495789,-0.16997897624969482,-0.2210814207792282,-0.24310089647769928,-0.22764095664024353,-0.2774416208267212,0.7470055818557739,-0.2712820768356323,-0.22850295901298523,4.041551113128662,-0.2589276432991028,-0.2520028054714203,-0.0076238070614635944,-0.23672698438167572,-0.184441938996315,-0.14692774415016174,-0.16879157721996307,0.8765805959701538,-0.26945027709007263,-0.2240375280380249,-0.27839526534080505,-0.2693322002887726,-0.23451994359493256,-0.27524733543395996,1.0630935430526733,-0.18384882807731628,-0.18784697353839874,-0.1293289214372635,-0.20136353373527527,0.3278871178627014,-0.27735620737075806,-0.2629345953464508,-0.08428754657506943,-0.2782760560512543,-0.188688725233078,-0.27665168046951294,-0.22004055976867676,-0.125191330909729,-0.2659229636192322,0.2678840756416321,-0.2634370028972626,-0.2359643578529358,-0.2406357377767563,0.9307727217674255,1.391117811203003,-0.2718333899974823,0.18516230583190918,0.7588797807693481,-0.20160691440105438,-0.13318099081516266,-0.2497461438179016,-0.2519516050815582,-0.24238048493862152,0.4292573928833008,0.034865882247686386,-0.1383531093597412,-0.27506914734840393,0.9465001225471497,-0.2784607708454132,-0.22575004398822784,5.701064586639404,-0.2661071717739105,-0.13599303364753723,0.45892539620399475,-0.2189210057258606,0.34689968824386597,2.4657161235809326,-0.06342613697052002,-0.24615758657455444,-0.2711128294467926,-0.03817344084382057,-0.2783374786376953,1.7781035900115967,-0.24504998326301575,0.25994542241096497,-0.07368423044681549,0.2231902927160263,-0.23944540321826935,-0.27352702617645264,-0.2549489140510559,-0.03291230648756027,-0.1517772227525711,-0.21637292206287384,-0.11842940002679825,-0.2774292528629303,-0.2526312470436096,-0.09067042917013168,-0.1610211730003357,-0.27777570486068726,-0.27721497416496277,-0.24266044795513153,0.07189015299081802,-0.2783135771751404,-0.2662157118320465,-0.266256183385849,0.19562412798404694,-0.2248624712228775,-0.2560957074165344,0.46890851855278015,0.35411524772644043,-0.2463318407535553,0.9205561280250549,0.20951376855373383,-0.2776661813259125,-0.22869747877120972,-0.13379546999931335,-0.16042043268680573,-0.2770073413848877,-0.2665907144546509,0.3566330373287201,-0.23017176985740662,-0.2715550661087036,-0.16654768586158752,-0.2483597695827484,-0.2239382416009903,0.20399951934814453,0.05138407647609711,-0.1726316213607788,-0.10889489948749542,0.6117379665374756,-0.11342846602201462,-0.2647237479686737,0.979057252407074,-0.21338747441768646
2,448,786,458,795,-0.18365207314491272,-0.252733051776886,-0.2784598171710968,1.709843635559082,-0.1129104346036911,-0.2682943642139435,-0.02241376042366028,-0.10478439182043076,-0.21629658341407776,-0.04074937477707863,-0.22834359109401703,-0.19385786354541779,-0.27808353304862976,0.4792417287826538,2.5737340450286865,-0.27461105585098267,-0.23441149294376373,-0.21754390001296997,-0.24873004853725433,0.15016111731529236,-0.156243696808815,4.710406303405762,-0.2646316885948181,0.05980948731303215,5.16165828704834,-0.13595695793628693,-0.23653443157672882,-0.2183680534362793,-0.27173081040382385,-0.19172868132591248,0.005808613728731871,-0.2517063021659851,-0.1456875205039978,-0.2255619764328003,-0.2443295568227768,-0.23212359845638275,0.5871551036834717,-0.05261373892426491,0.08098044991493225,-0.08282218128442764,-0.2162046581506729,0.8994643688201904,0.2551991045475006,-0.18939341604709625,-0.21498966217041016,1.5131787061691284,-0.27285662293434143,1.0163938999176025,-0.19989971816539764,-0.11882755160331726,0.08479083329439163,-0.2630884051322937,-0.19633468985557556,0.4426116943359375,1.2173469066619873,-0.07653020322322845,-0.27727675437927246,-0.1788134127855301,-0.26962926983833313,-0.2718118131160736,-0.25724294781684875,-0.2603248059749603,-0.19116418063640594,-0.09634918719530106,-0.2460174560546875,-0.2771815061569214,-0.030796818435192108,-0.24797576665878296,1.5416353940963745,-0.20045514404773712,-0.14287257194519043,-0.20438286662101746,-0.1447528749704361,-0.19642406702041626,0.27904245257377625,-0.274330198764801,-0.21989668905735016,-0.2651953101158142,0.27307063341140747,-0.2524143159389496,0.047859013080596924,-0.2506130039691925,-0.2784309685230255,-0.253059446811676,0.712774932384491,-0.08798544853925705,-0.13434970378875732,-0.09283918142318726,2.7475335597991943,0.08362951129674911,-0.1891392022371292,-0.16952300071716309,-0.2783823013305664,0.9612351655960083,-0.20355825126171112,-0.22785720229148865,1.200168251991272,-0.23634889721870422,-0.015107807703316212,-0.27330565452575684,2.535494327545166,-0.2550523281097412,0.01925826258957386,-0.16482089459896088,-0.038112662732601166,-0.19116413593292236,2.2015810012817383,-0.2782958745956421,-0.2679755687713623,-0.2553516924381256,-0.21908123791217804,-0.04091710224747658,-0.23065437376499176,2.553575038909912,-0.27655139565467834,0.547069787979126,-0.16319388151168823,-0.2290506809949875,0.2575543522834778,0.9942754507064819,1.1187630891799927,0.9980966448783875,-0.27788662910461426,0.38160210847854614,-0.09289044141769409,-0.24436812102794647,-0.11584505438804626,0.8852772116661072
3,597,268,609,279,0.7773453593254089,-0.2763308882713318,-0.0359615795314312,0.9193573594093323,-0.03804944455623627,-0.2503430247306824,0.1395242065191269,-0.2768230438232422,-0.25460392236709595,-0.23985911905765533,0.7044218182563782,-0.22903232276439667,-0.24580633640289307,0.537905752658844,-0.007504795212298632,-0.2505698800086975,-0.2345360517501831,-0.139699324965477,-0.2180963158607483,-0.2621193826198578,-0.2675014138221741,-0.08015842735767365,-0.06851866841316223,-0.18171942234039307,-0.07766829431056976,-0.19860684871673584,-0.27822357416152954,-0.25076261162757874,0.11268012225627899,0.4058479070663452,-0.18109022080898285,-0.16772869229316711,0.14306853711605072,0.07382237911224365,-0.24461261928081512,-0.2623823583126068,-0.269934743642807,0.03498521074652672,-0.27681782841682434,-0.23873962461948395,-0.23939412832260132,-0.2660578787326813,-0.276963472366333,-0.1924317479133606,0.8629153370857239,-0.24214115738868713,-0.2722136974334717,0.6037308573722839,0.17767652869224548,-0.12722282111644745,0.021732717752456665,-0.18270593881607056,0.17374156415462494,-0.20989347994327545,0.0071472893469035625,-0.23919349908828735,-0.22587530314922333,-0.11646952480077744,0.1593340039253235,-0.18510545790195465,0.6399231553077698,1.1067659854888916,-0.2566097378730774,-0.0998576432466507,1.7875908613204956,-0.22092007100582123,-0.2707836329936981,-0.0712028220295906,-0.14607566595077515,0.4562336206436157,1.5765700340270996,-0.2777842581272125,-0.14903272688388824,-0.26280274987220764,-0.10306628793478012,-0.2782537639141083,0.6444082260131836,-0.2740011215209961,-0.27814120054244995,-0.10312902182340622,0.0551191046833992,-0.23913449048995972,-0.2683315575122833,-0.24576561152935028,0.6758610606193542,0.405025839805603,-0.24497798085212708,-0.05850793421268463,-0.03781409561634064,-0.2709008753299713,-0.17401564121246338,0.0060988618060946465,-0.0945538729429245,-0.2069154977798462,-0.27756446599960327,-0.24326787889003754,-0.2637820541858673,-0.22513829171657562,-0.2750813663005829,0.5985926389694214,-0.051001302897930145,0.9828070998191833,-0.09663820266723633,0.699145495891571,-0.2784612774848938,0.671616792678833,-0.1724717915058136,-0.20854651927947998,-0.15219245851039886,0.07276707887649536,-0.27426522970199585,-0.24468638002872467,-0.2445572167634964,0.09173094481229782,0.37074998021125793,-0.26636528968811035,0.9658574461936951,-0.27642470598220825,-0.2460940033197403,-0.04117601364850998,-0.0010774608235806227,0.30850696563720703,-0.27842453122138977,0.5261386632919312,-0.12533509731292725,0.6220248341560364,0.13957619667053223,-0.21968133747577667
4,217,673,228,683,-0.1832869052886963,-0.19054344296455383,-0.25567150115966797,1.0934019088745117,-0.007902642711997032,-0.2666015923023224,-0.26554572582244873,-0.25833460688591003,-0.13535650074481964,-0.2546403110027313,0.6917188167572021,-0.2737317383289337,-0.09783238917589188,-0.19683031737804413,0.025884460657835007,-0.18129658699035645,-0.02117028459906578,-0.06354500353336334,0.8129822015762329,-0.15926097333431244,-0.2340608835220337,-0.275942862033844,-0.27812641859054565,1.272411584854126,3.018246650695801,-0.2779216468334198,-0.22361646592617035,-0.13498638570308685,-0.24225403368473053,-0.15400591492652893,-0.21607720851898193,-0.22654595971107483,-0.2754044532775879,0.8454815745353699,-0.27677780389785767,-0.20391717553138733,-0.21341951191425323,-0.1586601585149765,-0.20928266644477844,-0.18680082261562347,-0.2549525499343872,-0.04703455790877342,0.589785635471344,-0.2336891144514084,-0.23362784087657928,-0.24217639863491058,-0.0935826376080513,0.9823468923568726,4.834952354431152,1.8459501266479492,-0.04059860110282898,-0.27047547698020935,-0.25759315490722656,-0.2561625838279724,-0.2164817601442337,-0.015065375715494156,-0.20233336091041565,0.4812830686569214,-0.2724020779132843,-0.041597552597522736,1.8235673904418945,-0.1056450828909874,0.07937409728765488,-0.19819265604019165,-0.23348072171211243,-0.25078994035720825,-0.038500506430864334,-0.2598094344139099,1.3254780769348145,0.9983128905296326,0.07939037680625916,-0.1911948174238205,-0.26044201850891113,-0.2784598469734192,-0.2039889395236969,-0.2783944308757782,-0.1585836112499237,-0.19064202904701233,-0.23158368468284607,-0.04972090199589729,0.14273057878017426,-0.2763765752315521,-0.2476511001586914,0.48978909850120544,0.48862510919570923,-0.12597793340682983,-0.03599710389971733,-0.06574668735265732,-0.2527713477611542,-0.1767151653766632,-0.1788223832845688,0.6292136311531067,-0.2063637226819992,-0.2737666070461273,-0.13805340230464935,-0.12121181190013885,-0.2772306203842163,-0.22630953788757324,-0.08197987824678421,-0.18830044567584991,-0.26436951756477356,-0.24258872866630554,-0.04807883873581886,-0.01888376660645008,-0.13105027377605438,0.11987875401973724,0.1466931849718094,-0.17251905798912048,-0.2461589127779007,-0.08115427941083908,-0.27179521322250366,-0.2784644365310669,-0.16797561943531036,-0.22745779156684875,0.6011925935745239,-0.021714435890316963,3.4591004848480225,2.465744972229004,-0.14449478685855865,-0.27841514348983765,0.016466619446873665,0.3101252615451813,-0.26173457503318787,2.2298479080200195,0.05879541113972664,-0.16761209070682526,-0.18112996220588684,-0.24545937776565552
5,785,649,796,659,1.6653698682785034,-0.2758713662624359,-0.1350909173488617,0.9277060031890869,-0.004137140233069658,-0.27796897292137146,-0.2518118917942047,-0.24267016351222992,-0.13079975545406342,-0.2763095200061798,0.19273808598518372,-0.1468164324760437,-0.25182482600212097,3.432058334350586,-0.12475107610225677,-0.2091902196407318,-0.02884078025817871,-0.2643308639526367,-0.13445092737674713,-0.09266532957553864,-0.2006169557571411,0.9360848069190979,-0.2524941861629486,-0.26627975702285767,-0.2624642848968506,-0.23731760680675507,-0.25033876299858093,-0.27799123525619507,0.8758050203323364,-0.06028970330953598,-0.21433629095554352,-0.22596466541290283,0.1728019118309021,0.23058800399303436,-0.278293251991272,-0.23185274004936218,-0.1912490427494049,-0.24690313637256622,-0.22238996624946594,-0.2737330198287964,-0.27516576647758484,-0.19470274448394775,-0.20420272648334503,0.004327084869146347,0.019568972289562225,-0.14216022193431854,-0.2389352172613144,0.9254478812217712,-0.2615320384502411,-0.2727580666542053,0.30917754769325256,0.3736245632171631,-0.08023497462272644,-0.2557351291179657,-0.22830314934253693,-0.22682952880859375,-0.2551666498184204,-0.2751881778240204,-0.20010153949260712,-0.18869617581367493,-0.22174140810966492,0.9565083980560303,-0.2720237374305725,-0.19280752539634705,5.7545952796936035,-0.2659054398536682,-0.07967134565114975,0.4149795472621918,-0.2556766867637634,0.14027374982833862,3.1755330562591553,0.06399344652891159,-0.2713083028793335,-0.1853419542312622,0.38721200823783875,-0.2699089050292969,1.62493097782135,-0.2778148353099823,-0.12176386266946793,-0.06853333860635757,0.02665969543159008,-0.21965040266513824,-0.27841854095458984,-0.1498108208179474,-0.04951542615890503,-0.16377684473991394,-0.17001157999038696,-0.09759507328271866,-0.046217918395996094,-0.26469019055366516,-0.046479418873786926,-0.27804428339004517,-0.2674201726913452,-0.26289424300193787,-0.25366640090942383,0.08446492999792099,-0.2765105366706848,-0.23113714158535004,-0.2608915865421295,0.30358245968818665,0.4350862205028534,-0.19992032647132874,0.5266419649124146,0.7279555201530457,-0.23758836090564728,-0.1177915409207344,0.5405018329620361,-0.22894729673862457,-0.2241072803735733,0.17518313229084015,-0.18856745958328247,-0.27679163217544556,-0.25710511207580566,1.7848814725875854,-0.22230155766010284,-0.17241346836090088,-0.09992295503616333,-0.19659104943275452,-0.1384727656841278,0.2458643913269043,0.057901132851839066,-0.10417739301919937,-0.16677862405776978,1.2602890729904175,-0.20774081349372864,-0.27486661076545715,1.3287931680679321,-0.08180474489927292
6,560,329,570,340,1.6945890188217163,-0.27777159214019775,-0.13404959440231323,0.9336267113685608,-0.004713237285614014,-0.24844513833522797,-0.2783642113208771,-0.2290511429309845,-0.17251652479171753,-0.2780487537384033,0.5104684233665466,-0.19725552201271057,-0.26586222648620605,3.1351263523101807,-0.1453125774860382,-0.23566243052482605,-0.04730662703514099,-0.27468082308769226,-0.13302777707576752,-0.09036054462194443,-0.20709073543548584,0.7929118871688843,-0.2667657732963562,-0.26953086256980896,-0.24888090789318085,-0.2550366222858429,-0.2580859959125519,-0.278463214635849,1.2546768188476562,0.13283231854438782,-0.23463095724582672,-0.18782074749469757,0.2543952763080597,0.11790891736745834,-0.27569079399108887,-0.2498827874660492,-0.21421998739242554,-0.10808294266462326,-0.26033130288124084,-0.16554304957389832,-0.2758728265762329,-0.23056510090827942,-0.18838487565517426,0.14453257620334625,0.06774193048477173,-0.19162152707576752,-0.23852884769439697,0.5484701991081238,-0.2783462703227997,-0.2448166161775589,0.4662662446498871,-0.11428169161081314,-0.09013056755065918,-0.23125669360160828,0.07880723476409912,-0.21733753383159637,-0.24294129014015198,-0.27223196625709534,-0.22848725318908691,-0.1871310919523239,-0.242133229970932,1.3011541366577148,-0.2677358090877533,-0.226544588804245,5.526679992675781,-0.24845999479293823,-0.05555345490574837,0.4570457637310028,-0.2738260328769684,0.2667987644672394,2.466365337371826,-0.2015339732170105,-0.27600231766700745,-0.2641836702823639,0.2653786540031433,-0.2698475420475006,1.5143673419952393,-0.256723552942276,-0.06042415648698807,-0.08541055023670197,-0.18898405134677887,-0.2010202407836914,-0.2735418677330017,-0.23121201992034912,-0.03859391808509827,-0.2004934698343277,-0.17134471237659454,-0.0801418349146843,0.929509162902832,-0.2753758728504181,-0.04916384071111679,-0.2783598303794861,-0.27839934825897217,-0.26210859417915344,-0.2741892635822296,-0.0797528326511383,-0.27256569266319275,-0.18312597274780273,-0.2713454067707062,0.36533093452453613,1.039141297340393,-0.19155700504779816,0.5184529423713684,0.794375479221344,-0.2566407322883606,-0.2630009651184082,0.687787652015686,-0.22826707363128662,-0.2281617969274521,0.04022541642189026,-0.20127412676811218,-0.2674179673194885,-0.25172531604766846,1.6441819667816162,-0.16652779281139374,-0.1636049449443817,0.07951249927282333,-0.22725358605384827,-0.1768590211868286,0.2025080770254135,0.09359070658683777,-0.08423559367656708,-0.16407813131809235,1.1752870082855225,-0.2071913480758667,-0.2703559398651123,1.4791529178619385,-0.13049672544002533
7,505,264,516,274,0.20222747325897217,-0.2661559581756592,0.20118950307369232,0.9901138544082642,-0.028393326327204704,-0.2766910493373871,-0.13270382583141327,-0.2732577621936798,-0.2616625428199768,-0.2679865062236786,1.8360954523086548,-0.1311112344264984,-0.24055515229701996,2.3185157775878906,-0.18717053532600403,-0.16713964939117432,-0.048774927854537964,-0.05090958997607231,0.4261632561683655,-0.19997452199459076,-0.27729740738868713,-0.2745140790939331,-0.2623032331466675,-0.2707677483558655,-0.1359575092792511,-0.2740195393562317,-0.20485348999500275,-0.25099262595176697,0.8963755965232849,-0.16694679856300354,-0.24243366718292236,-0.12046267837285995,-0.1620730310678482,1.142209768295288,-0.23091436922550201,-0.27453818917274475,-0.2248465120792389,-0.2648303210735321,-0.2770934998989105,-0.27582550048828125,-0.258157879114151,-0.18409539759159088,-0.03399879112839699,0.34746426343917847,0.03134889155626297,-0.2764950096607208,-0.26752740144729614,0.8782208561897278,3.0099165439605713,1.0063990354537964,0.09883347898721695,-0.2694879174232483,0.5425532460212708,-0.23626920580863953,-0.20268863439559937,-0.24466420710086823,-0.27572378516197205,0.9460746049880981,0.12305381149053574,-0.10058309882879257,2.1617536544799805,2.1480939388275146,-0.12960366904735565,1.4165990352630615,3.00000262260437,-0.2784644067287445,-0.1881779283285141,0.13018399477005005,-0.24834536015987396,1.630972981452942,1.3907780647277832,-0.12683004140853882,-0.27630680799484253,0.24302156269550323,-0.21336190402507782,-0.27846020460128784,0.5544095039367676,-0.2651759684085846,0.009838406927883625,-0.22056353092193604,-0.24980685114860535,-0.2584032118320465,-0.2770196199417114,0.25729694962501526,-0.2409892976284027,-0.24532225728034973,-0.17858873307704926,-0.17608709633350372,-0.17978931963443756,-0.2755194306373596,-0.25209277868270874,0.0404207669198513,-0.2668974995613098,-0.26582056283950806,-0.25721463561058044,-0.1529877930879593,-0.2644495666027069,-0.2783348560333252,0.2410871982574463,0.03853607177734375,-0.24783919751644135,-0.25255900621414185,0.44401758909225464,0.7414773106575012,-0.20861275494098663,1.847190022468567,0.19899170100688934,-0.27246224880218506,-0.2682070732116699,0.6146607995033264,-0.26425254344940186,-0.2763744592666626,0.22622591257095337,-0.21729245781898499,0.42852500081062317,-0.21413247287273407,3.7255566120147705,0.162017822265625,-0.20503869652748108,-0.22093941271305084,-0.1294461041688919,-0.037057649344205856,-0.22221694886684418,1.1896862983703613,0.0022381681483238935,0.15161892771720886,0.46446365118026733,-0.2775094509124756
8,789,376,799,386,0.3131577968597412,-0.2568475008010864,-0.27176541090011597,1.1567274332046509,-0.02854756824672222,-0.23552727699279785,-0.21929818391799927,-0.2424602061510086,-0.1490759551525116,-0.2776593863964081,-0.15904688835144043,-0.27100950479507446,-0.1730164885520935,4.24894380569458,-0.24258723855018616,-0.07296182215213776,-0.013829216361045837,-0.2615356743335724,-0.2384660243988037,-0.22027458250522614,-0.15449735522270203,0.5327296257019043,-0.2723294198513031,-0.2654130160808563,-0.16989125311374664,-0.2740957736968994,-0.18852019309997559,-0.24725770950317383,-0.10883904993534088,-0.06482447683811188,-0.09032727777957916,-0.2130976915359497,-0.08962099254131317,0.2882629334926605,-0.27846428751945496,-0.262597918510437,0.09946276992559433,-0.2623896300792694,-0.18328037858009338,-0.2722194790840149,-0.27629104256629944,-0.03927026689052582,-0.246231347322464,-0.16096577048301697,-0.24391168355941772,-0.15201154351234436,-0.22532176971435547,-0.20962019264698029,2.075610637664795,-0.2783125042915344,1.4937175512313843,0.4313093423843384,-0.07903522998094559,-0.14419837296009064,-0.22705218195915222,-0.27836811542510986,-0.2684638500213623,1.055849552154541,1.116684079170227,-0.11708132177591324,-0.270475298166275,2.0881686210632324,-0.16201665997505188,-0.07052675634622574,4.887340068817139,-0.27843648195266724,-0.1386895626783371,0.7612115144729614,-0.22130133211612701,0.41644927859306335,2.490734338760376,-0.22657664120197296,-0.2774198055267334,-0.2411646693944931,0.10961352288722992,-0.15349076688289642,-0.11291806399822235,-0.2037423700094223,-0.2703605592250824,-0.1414257287979126,0.12864066660404205,-0.24634751677513123,-0.27134042978286743,-0.2688857316970825,0.3876352608203888,-0.21531197428703308,-0.20371274650096893,-0.17164860665798187,-0.234294593334198,-0.2742619812488556,-0.11512817442417145,1.2960608005523682,-0.22601790726184845,-0.2110249549150467,-0.2751242220401764,0.04911966621875763,-0.25845929980278015,-0.22631694376468658,-0.07897619903087616,-0.04945680499076843,-0.2603882849216461,-0.09426552802324295,0.024545863270759583,-0.16209347546100616,-0.21742159128189087,1.6636039018630981,-0.023054221644997597,-0.20479167997837067,-0.2397310435771942,1.425930380821228,-0.16796696186065674,-0.27811193466186523,-0.2671099007129669,-0.19780972599983215,-0.2293894737958908,-0.22087563574314117,-0.20245862007141113,-0.2719503343105316,-0.06446544080972672,-0.11298020929098129,0.1254691332578659,-0.2740429639816284,-0.100375697016716,1.0369436740875244,-0.10222429037094116,-0.25372958183288574,0.4092891216278076,-0.1676412969827652
9,390,276,400,286,-0.09506062418222427,-0.15534226596355438,-0.0994265079498291,1.5796293020248413,-0.04945507273077965,0.8764907121658325,-0.27708542346954346,-0.264232337474823,-0.13603061437606812,-0.2213418185710907,-0.1004275307059288,-0.11760295182466507,-0.2675197124481201,3.91292142868042,-0.19408945739269257,-0.27773696184158325,-0.007226875051856041,-0.066554956138134,-0.05620872229337692,0.21797806024551392,-0.1483696848154068,1.3621907234191895,-0.27178049087524414,-0.27102726697921753,2.840423583984375,-0.22966189682483673,-0.13232962787151337,-0.19694823026657104,-0.218046173453331,-0.2784261107444763,-0.23678164184093475,-0.09287729859352112,-0.26529794931411743,-0.06964869797229767,-0.27794307470321655,-0.2771272659301758,0.7475876808166504,-0.058494072407484055,-0.20649904012680054,-0.11102230101823807,-0.22278931736946106,1.0182998180389404,1.3793774843215942,-0.2769531011581421,-0.17001347243785858,-0.08266975730657578,-0.22886542975902557,1.419917106628418,6.104053497314453,0.1847473680973053,0.031111150979995728,0.14844512939453125,-0.24024327099323273,0.5668856501579285,-0.26844921708106995,-0.037424881011247635,-0.23854103684425354,0.27281707525253296,1.4513862133026123,-0.06855420768260956,-0.1886412352323532,-0.23054787516593933,0.6488174200057983,-0.13262839615345,-0.1517559289932251,-0.23092658817768097,-0.27778130769729614,-0.2655913233757019,-0.26391905546188354,-0.21778501570224762,-0.19732683897018433,-0.2693806290626526,-0.21815840899944305,-0.21886509656906128,0.1829504817724228,-0.24429547786712646,-0.2132713496685028,-0.12072934955358505,-0.04998001456260681,-0.09801609814167023,1.9277591705322266,-0.25555068254470825,-0.2781180739402771,-0.25608107447624207,-0.21644777059555054,-0.018943477421998978,-0.060359757393598557,-0.22513417899608612,-0.23136219382286072,-0.2490835040807724,-0.23025059700012207,1.1295095682144165,-0.2689658999443054,1.2685468196868896,-0.16346131265163422,-0.12020301073789597,-0.048855945467948914,-0.08626262098550797,1.407820701599121,-0.25315818190574646,-0.16931991279125214,-0.16408011317253113,-0.022819077596068382,-0.07423175126314163,-0.18102556467056274,1.2357113361358643,-0.06471817940473557,-0.2396257370710373,-0.16179867088794708,-0.2614906132221222,-0.18224415183067322,-0.24731673300266266,-0.1587972491979599,-0.014929457567632198,-0.22620467841625214,-0.2660342752933502,-0.23654338717460632,-0.07915049046278,-0.20957888662815094,0.020795727148652077,0.6247527599334717,0.36578497290611267,-0.1795724481344223,0.29647400975227356,-0.1448168307542801,-0.10154249519109726,-0.07105462998151779,-0.11888226866722107
10,311,425,322,435,0.6174575686454773,-0.2671312689781189,-0.08086693286895752,1.066528558731079,-0.016650371253490448,-0.26529592275619507,-0.27843543887138367,-0.2739837169647217,-0.21163688600063324,-0.2769022285938263,1.6221709251403809,-0.27543142437934875,-0.2782125771045685,2.727062225341797,-0.22746475040912628,-0.1539977639913559,-0.023150809109210968,-0.071102574467659,-0.2706950306892395,-0.20446978509426117,-0.27605265378952026,-0.16415265202522278,-0.2652255892753601,-0.2736034393310547,-0.22106605768203735,-0.2700331509113312,-0.2118418663740158,-0.2753413915634155,0.8755590319633484,-0.2007886916399002,-0.1770557314157486,-0.13855662941932678,-0.15920452773571014,1.0111769437789917,-0.2283829301595688,-0.275994211435318,-0.11039730906486511,-0.2748950719833374,-0.2697788178920746,-0.27291610836982727,-0.27589529752731323,-0.07178012281656265,-0.224675253033638,0.3522340953350067,-0.046657025814056396,-0.2695171535015106,-0.27832314372062683,0.8562018275260925,2.892944574356079,0.2994879186153412,0.06951090693473816,-0.2749418020248413,0.17873631417751312,-0.1956905573606491,-0.1553259938955307,-0.2066085934638977,-0.27818912267684937,1.658601999282837,0.15303289890289307,-0.08801138401031494,0.7309728264808655,1.9600375890731812,-0.09380963444709778,0.9583902955055237,3.7755625247955322,-0.266181617975235,-0.2621382772922516,0.6486068964004517,-0.27046677470207214,1.0701836347579956,1.7599425315856934,-0.19610856473445892,-0.27841514348983765,0.23162329196929932,-0.10885757952928543,-0.272915244102478,0.5968023538589478,-0.274352103471756,0.1003909781575203,-0.12365464121103287,-0.2583950161933899,-0.26184794306755066,-0.24649889767169952,-0.24248124659061432,-0.25443994998931885,-0.12373986840248108,-0.1816822588443756,-0.19530394673347473,-0.1536824107170105,-0.23310263454914093,-0.2050722986459732,-0.018433013930916786,-0.2737371027469635,-0.27580299973487854,-0.2674224078655243,0.02056662179529667,-0.26902779936790466,-0.26601558923721313,0.1085786372423172,-0.09056177735328674,-0.22216995060443878,-0.16699203848838806,0.4335881769657135,0.6494995355606079,-0.17881996929645538,2.049116373062134,0.2620024085044861,-0.1966422200202942,-0.27800968289375305,0.5734957456588745,-0.24104143679141998,-0.27731853723526,-0.02872448042035103,-0.19618012011051178,-0.01048835925757885,-0.1945577710866928,2.0552802085876465,-0.09252073615789413,-0.11083207279443741,-0.03978636488318443,-0.08827784657478333,0.034506577998399734,-0.14570929110050201,0.5880245566368103,0.1561548411846161,-0.26011064648628235,0.9230993390083313,-0.2650333642959595
11,387,816,398,826,-0.17137913405895233,-0.23285607993602753,-0.18583771586418152,1.6888121366500854,-0.03543161228299141,1.425955891609192,-0.09150191396474838,-0.19357511401176453,-0.1982722133398056,0.49122998118400574,-0.22297066450119019,-0.23899120092391968,-0.26206111907958984,-0.2720237374305725,1.3810160160064697,-0.27402007579803467,-0.26058000326156616,-0.2538779377937317,-0.2650209665298462,0.6782427430152893,-0.1238582655787468,4.309676170349121,-0.237418070435524,2.2137491703033447,4.555363178253174,-0.25871336460113525,-0.27796030044555664,-0.27430611848831177,-0.14640848338603973,-0.2526393532752991,-0.11740507185459137,-0.2732233703136444,-0.03523552045226097,-0.20894086360931396,-0.24331484735012054,-0.16452252864837646,0.6226019263267517,-0.03333344683051109,-0.2750933766365051,-0.26762115955352783,-0.2766266167163849,0.9909961223602295,0.19969001412391663,-0.15132679045200348,-0.27292123436927795,0.8832611441612244,-0.22590398788452148,1.8737596273422241,0.89555823802948,-0.24732846021652222,0.051501017063856125,1.8879656791687012,-0.2526961863040924,0.6705256104469299,-0.2782747149467468,-0.13549889624118805,-0.27548596262931824,-0.11676451563835144,-0.2737027704715729,-0.2765609323978424,-0.2757342755794525,-0.2624256908893585,-0.22795453667640686,-0.08650186657905579,-0.2329445779323578,-0.2716169059276581,-0.27717524766921997,-0.27368396520614624,2.044863700866699,-0.254527747631073,0.7448723316192627,-0.23885980248451233,-0.27659350633621216,-0.09018025547266006,-0.26864326000213623,-0.2580902874469757,-0.10338155925273895,-0.10059849172830582,-0.23778308928012848,-0.23834797739982605,2.4278669357299805,-0.27841106057167053,-0.2629965841770172,0.178013876080513,1.2269890308380127,-0.12978096306324005,-0.1677897572517395,-0.12401322275400162,-0.27836164832115173,-0.22717003524303436,-0.19638338685035706,1.106347680091858,-0.234722301363945,0.8288467526435852,-0.19384902715682983,0.08165236562490463,0.25143444538116455,-0.26354020833969116,-0.2535877525806427,-0.26719003915786743,-0.25228941440582275,0.12129005789756775,-0.16895319521427155,-0.2407049834728241,-0.10115945339202881,0.16860106587409973,2.045485734939575,-0.2180231660604477,-0.1815926730632782,-0.27286624908447266,-0.22109001874923706,-0.026168348267674446,-0.27846410870552063,0.552042543888092,-0.2777397632598877,0.034066397696733475,-0.0882611945271492,-0.21490655839443207,0.11370650678873062,0.7643790245056152,0.772900402545929,0.5232714414596558,-0.26212671399116516,0.7087011933326721,0.5197257399559021,-0.27565908432006836,-0.13718749582767487,0.9877113699913025
12,192,521,202,531,1.5021966695785522,-0.276364803314209,-0.09734559804201126,1.0307707786560059,-0.011610089801251888,-0.22434528172016144,-0.2746002972126007,-0.2542153596878052,-0.16229723393917084,-0.27386605739593506,0.36029309034347534,-0.2191859632730484,-0.27469319105148315,3.6098294258117676,-0.028376109898090363,-0.21220923960208893,-0.05608483403921127,-0.23819778859615326,-0.17707493901252747,-0.10780347883701324,-0.21062158048152924,1.014341115951538,-0.2650146484375,-0.2646690607070923,-0.24491463601589203,-0.27303922176361084,-0.20205815136432648,-0.2762407064437866,1.3883960247039795,-0.04714900627732277,-0.25388646125793457,-0.20433935523033142,0.22222203016281128,0.1810038983821869,-0.2695694863796234,-0.2687998116016388,-0.15402542054653168,-0.2082979530096054,-0.272847443819046,-0.09987131506204605,-0.27833789587020874,-0.1689828336238861,-0.22618116438388824,0.20541580021381378,-0.011980035342276096,-0.11008742451667786,-0.2650963068008423,0.4765413999557495,-0.2699575424194336,-0.20807437598705292,0.3867453634738922,-0.15146522223949432,-0.11758831143379211,-0.22262859344482422,0.1265345960855484,-0.27180472016334534,-0.2628769278526306,-0.27424171566963196,-0.2216181606054306,-0.1946483999490738,-0.23475174605846405,1.3993595838546753,-0.2450489103794098,-0.20399336516857147,5.704508304595947,-0.15875902771949768,-0.047221194952726364,0.5989577174186707,-0.27577129006385803,0.1479431688785553,2.362544536590576,-0.23755291104316711,-0.27189305424690247,-0.2772769629955292,0.2949666380882263,-0.2727647125720978,1.477465033531189,-0.23857682943344116,0.006254627835005522,-0.1270856410264969,-0.18845444917678833,-0.23575280606746674,-0.27517974376678467,-0.23141704499721527,-0.11486613750457764,-0.1837671399116516,-0.19248318672180176,-0.12719839811325073,1.1874678134918213,-0.27785947918891907,-0.0764484629034996,-0.2780918478965759,-0.27845922112464905,-0.27836379408836365,-0.2718881666660309,-0.1252334862947464,-0.2326144278049469,-0.22503431141376495,-0.27478864789009094,0.20226629078388214,1.4624463319778442,-0.2604999542236328,0.5245398283004761,0.49604395031929016,-0.21469493210315704,-0.2743394374847412,1.0523730516433716,-0.23745734989643097,-0.23064547777175903,0.0831928476691246,-0.20784100890159607,-0.27723217010498047,-0.2364557683467865,1.6514992713928223,-0.20742595195770264,-0.1276659369468689,0.053768403828144073,-0.24751265347003937,-0.1179240420460701,0.36886072158813477,0.16178995370864868,-0.036294691264629364,-0.15612192451953888,1.0727356672286987,-0.18020232021808624,-0.2713712751865387,1.2442091703414917,-0.05775298923254013
13,261,444,271,454,0.808526873588562,-0.271965354681015,-0.13733460009098053,0.9020209908485413,-0.026209915056824684,-0.27722665667533875,-0.14759638905525208,-0.2766438126564026,-0.2486007660627365,-0.27270010113716125,0.7227542996406555,-0.20067091286182404,0.06265348941087723,0.5678364038467407,-0.13896077871322632,-0.18752416968345642,-0.16633658111095428,-0.16106826066970825,-0.16668462753295898,-0.23622527718544006,-0.2761524021625519,-0.01607321761548519,-0.1246863603591919,-0.19663169980049133,-0.0351422056555748,-0.12715813517570496,-0.2414538562297821,-0.27092984318733215,0.08747342228889465,0.40380749106407166,-0.25135961174964905,-0.20036986470222473,0.14914144575595856,0.10754494369029999,-0.2582044303417206,-0.2713848650455475,-0.2582933306694031,-0.03111608512699604,-0.26488974690437317,-0.2779652774333954,-0.2602117359638214,-0.24818462133407593,-0.24999970197677612,-0.18662245571613312,0.674922525882721,-0.25721603631973267,-0.2780299782752991,0.6470156908035278,0.014301232993602753,-0.22141210734844208,0.24408064782619476,-0.06443403661251068,0.03883291780948639,-0.20780110359191895,-0.23283186554908752,-0.1578429639339447,-0.23427686095237732,0.03819967433810234,-0.046644121408462524,-0.20130379498004913,0.13621355593204498,1.0233246088027954,-0.20599141716957092,-0.27148014307022095,1.6627312898635864,-0.26083287596702576,-0.2736329436302185,0.052517928183078766,-0.1459144949913025,0.40306544303894043,1.7849957942962646,-0.23295588791370392,-0.26207423210144043,-0.25292322039604187,0.017428819090127945,-0.27827271819114685,0.6277282238006592,-0.27736878395080566,-0.26115095615386963,-0.10196404904127121,-0.050202466547489166,-0.24071775376796722,-0.269535630941391,-0.27805641293525696,0.16070948541164398,-0.12397634983062744,-0.27828750014305115,-0.12278368324041367,-0.04210355505347252,-0.2783665060997009,-0.14722637832164764,-0.07355671375989914,-0.1238025650382042,-0.23319926857948303,-0.2748519480228424,-0.2052714228630066,-0.26604700088500977,0.05145199969410896,-0.27826380729675293,0.4788459241390228,0.1657780408859253,1.068449854850769,0.08654998987913132,0.3817116320133209,-0.27761954069137573,0.20323605835437775,-0.13671764731407166,-0.16311025619506836,-0.18801331520080566,0.051591649651527405,-0.2753610610961914,-0.27234047651290894,-0.27218517661094666,-0.015194941312074661,0.29531899094581604,-0.2683192193508148,0.33020734786987305,-0.2690679728984833,-0.26592734456062317,-0.1008891761302948,-0.05244727060198784,0.3472268879413605,-0.2411501109600067,0.6328157186508179,-0.07472018897533417,0.059683751314878464,0.2361454963684082,-0.2168881893157959
14,293,454,303,463,-0.18432313203811646,-0.09684276580810547,-0.15140676498413086,1.5588948726654053,-0.029546178877353668,0.6671810746192932,-0.10340075194835663,-0.27720946073532104,-0.15715323388576508,-0.21926522254943848,0.0956270694732666,-0.14279209077358246,-0.1507568508386612,5.7274556159973145,-0.2502690553665161,-0.2757020890712738,-0.0013008659007027745,-0.12155234813690186,-0.2684500217437744,-0.1792491227388382,-0.1202624961733818,2.4427125453948975,-0.2706349194049835,-0.23124681413173676,0.19624683260917664,-0.23674486577510834,-0.22880889475345612,-0.20533700287342072,-0.2673744559288025,-0.2573360800743103,-0.2316170334815979,-0.09507202357053757,-0.2682894766330719,0.023487810045480728,-0.277648001909256,-0.18732818961143494,0.7998266816139221,-0.08883526921272278,-0.14098793268203735,-0.19154123961925507,-0.18933366239070892,0.8114591836929321,0.7819288969039917,-0.19921551644802094,-0.14710597693920135,-0.05092531442642212,-0.16499856114387512,1.0600340366363525,3.893364191055298,-0.27269214391708374,0.07197660207748413,0.9425898194313049,-0.2587251365184784,0.41794541478157043,-0.27844035625457764,-0.19331958889961243,-0.21611487865447998,0.24353909492492676,0.7992873787879944,-0.13117781281471252,-0.2139468938112259,-0.2546285390853882,0.06728419661521912,-0.25279107689857483,2.6999287605285645,-0.2737991511821747,-0.1710001826286316,-0.2506949305534363,-0.24641400575637817,-0.19720199704170227,0.1948629468679428,-0.26929470896720886,-0.23190809786319733,-0.2046470046043396,-0.05251597240567207,-0.2389528453350067,-0.11102229356765747,-0.1452600359916687,0.5346848964691162,-0.04122316092252731,1.7979615926742554,-0.2723636031150818,-0.2782076895236969,-0.2779652178287506,-0.2651108503341675,-0.03430827707052231,-0.1348237544298172,-0.158707395195961,-0.24763178825378418,-0.2510184049606323,-0.23904553055763245,0.6425844430923462,-0.27826935052871704,1.079668641090393,-0.19500884413719177,-0.04704980179667473,0.02857973612844944,-0.05241150036454201,1.0934709310531616,-0.22291509807109833,-0.25187984108924866,-0.10439174622297287,0.0914064422249794,-0.17169225215911865,-0.11876425892114639,1.4444496631622314,0.1505810171365738,-0.27735716104507446,-0.26463669538497925,-0.2485920935869217,-0.110554538667202,-0.25058236718177795,-0.14050544798374176,0.011858467012643814,-0.2095840722322464,-0.2782881557941437,-0.19924144446849823,-0.2783774733543396,-0.1378151774406433,0.45293551683425903,0.6194277405738831,-0.029914528131484985,-0.12711890041828156,-0.10433932393789291,-0.07842987030744553,-0.12702250480651855,-0.1930597722530365,-0.08892616629600525
15,527,432,538,442,0.09196524322032928,-0.2718856632709503,0.009167606942355633,0.9587942361831665,-0.09841229766607285,-0.2730165719985962,-0.19519542157649994,-0.24771343171596527,-0.2711332440376282,-0.18196994066238403,0.6989153623580933,-0.21136145293712616,0.5760125517845154,0.12472240626811981,-0.11736438423395157,-0.20075468719005585,-0.18159931898117065,-0.18257221579551697,-0.2643762528896332,-0.26576146483421326,-0.2752089202404022,0.022901520133018494,0.3286025822162628,-0.10787338763475418,0.2795257866382599,-0.13706600666046143,-0.17407909035682678,-0.24441218376159668,0.015989040955901146,0.7246439456939697,0.06421583145856857,-0.19054760038852692,0.22251370549201965,0.01853751763701439,-0.25928571820259094,-0.2776356041431427,-0.24264250695705414,0.05686809495091438,-0.2743579149246216,-0.05377167835831642,-0.27275142073631287,-0.23698286712169647,-0.2781139314174652,-0.1768546998500824,0.5282890200614929,-0.22952912747859955,-0.14586670696735382,0.5673398375511169,0.020190177485346794,-0.059380631893873215,0.5943396687507629,-0.188714861869812,0.13770663738250732,-0.17599430680274963,-0.11013326048851013,-0.15268021821975708,-0.2531660199165344,-0.15759675204753876,-0.11818685382604599,-0.26650872826576233,-0.21332886815071106,0.6466115117073059,-0.10809469223022461,-0.27736762166023254,-0.0866253599524498,-0.17288006842136383,-0.05812065303325653,-0.053241997957229614,0.4428628981113434,0.5612412095069885,0.4017418920993805,-0.27685847878456116,-0.24129223823547363,-0.049968842417001724,-0.13567030429840088,-0.27139347791671753,0.5402325391769409,-0.2782573997974396,-0.24127060174942017,-0.19091804325580597,-0.09646324068307877,-0.2535642087459564,-0.27124693989753723,-0.17522111535072327,0.09856172651052475,-0.016259385272860527,-0.19568081200122833,-0.14357270300388336,0.4788055419921875,-0.26735541224479675,-0.22649239003658295,0.023765645921230316,0.4069887101650238,-0.2643754780292511,-0.25452715158462524,-0.2737322449684143,-0.17343181371688843,0.672407865524292,-0.2017887532711029,0.29571112990379333,0.19847767055034637,0.29488658905029297,0.05600391700863838,0.434499591588974,-0.2764715850353241,-0.08269227296113968,0.14489026367664337,-0.2612316906452179,0.15780580043792725,-0.04798583686351776,-0.03242312744259834,-0.2733834385871887,-0.26492002606391907,-0.08546098321676254,0.3072517216205597,-0.27123433351516724,0.31583330035209656,-0.2783776819705963,-0.2739834487438202,-0.0771990418434143,-0.023749304935336113,0.7160612344741821,-0.27742767333984375,0.21409311890602112,-0.1223941370844841,0.729641854763031,0.03250836953520775,-0.21993482112884521
16,223,473,234,483,0.38771212100982666,-0.19997607171535492,0.19465568661689758,1.016852855682373,-0.16944050788879395,-0.2759383022785187,-0.14093653857707977,-0.1695397049188614,-0.26920491456985474,-0.21977145969867706,0.5468795299530029,-0.2520066499710083,0.5199723243713379,0.0998489260673523,-0.08961211889982224,-0.0981634184718132,-0.17277230322360992,-0.23560409247875214,-0.26323750615119934,-0.2666400074958801,-0.16701866686344147,0.0892096534371376,0.4907558858394623,-0.06661676615476608,0.1869128942489624,-0.17325198650360107,-0.03371424227952957,-0.2735443115234375,-0.03628796711564064,0.5730330348014832,-0.13943861424922943,-0.24041932821273804,0.08720960468053818,0.2052261233329773,-0.19979269802570343,-0.26697826385498047,-0.24080465734004974,0.15805993974208832,-0.2600611746311188,-0.12135834991931915,-0.27212443947792053,-0.21374446153640747,-0.2542267441749573,-0.0036194685380905867,0.5767231583595276,-0.23908460140228271,-0.07391943037509918,0.3906608819961548,-0.009051746688783169,0.0051993816159665585,0.3778047263622284,-0.16417887806892395,0.12196528166532516,-0.1695222705602646,0.023051638156175613,-0.22506755590438843,-0.2740347385406494,-0.045260246843099594,0.16132570803165436,-0.27168065309524536,-0.11119883507490158,0.8399760127067566,-0.083299919962883,-0.278462290763855,0.042515967041254044,0.0315752811729908,-0.1973743587732315,-0.00419070478528738,0.1928991675376892,0.5422012209892273,0.5426239967346191,-0.2693919241428375,-0.10659977793693542,0.039328984916210175,-0.1358313262462616,-0.25757962465286255,0.18976622819900513,-0.1952173411846161,-0.22966384887695312,-0.2599729001522064,-0.018356207758188248,-0.27690863609313965,-0.27437084913253784,-0.23041152954101562,-0.08266341686248779,0.15079478919506073,-0.07657923549413681,-0.18618126213550568,0.4067193567752838,-0.22250376641750336,-0.26599588990211487,0.15046626329421997,0.3712208569049835,-0.2623160183429718,-0.24744102358818054,-0.24637353420257568,-0.19588783383369446,0.4849931299686432,-0.2269965410232544,0.2594678997993469,0.12909719347953796,0.5235632658004761,0.18394654989242554,0.19852477312088013,-0.2574460208415985,0.007201351225376129,0.2998727262020111,-0.265888512134552,0.14579735696315765,-0.03960798680782318,-0.0885295420885086,-0.2730257511138916,-0.2738274931907654,-0.16361410915851593,0.3220486342906952,-0.256894052028656,0.2335365265607834,-0.27744531631469727,-0.2713986039161682,0.003980929031968117,-0.10748270153999329,0.7245250344276428,-0.251034140586853,0.14047683775424957,-0.08251010626554489,0.2650187611579895,0.007288710679858923,-0.2040782868862152
17,537,215,547,225,-0.15733486413955688,-0.1898394674062729,0.3310145139694214,1.0503768920898438,-0.0183882899582386,-0.27780234813690186,-0.2558634281158447,-0.27049922943115234,-0.2239091545343399,-0.2279822826385498,1.7215142250061035,-0.2189931422472,-0.2510124742984772,3.1233861446380615,-0.1474471092224121,-0.13352641463279724,-0.014074109494686127,-0.0621185339987278,0.6449854373931885,-0.201004296541214,-0.17209500074386597,-0.2782841920852661,-0.2689564526081085,-0.27534523606300354,-0.024676773697137833,-0.26786965131759644,-0.15010018646717072,-0.2382398545742035,0.37083032727241516,-0.23138874769210815,-0.21307992935180664,-0.12694542109966278,-0.26816725730895996,1.273739218711853,-0.2699943482875824,-0.27760037779808044,-0.18179529905319214,-0.2783575654029846,-0.2602432668209076,-0.26572859287261963,-0.2423330694437027,-0.0917283222079277,0.5508236885070801,0.45296257734298706,-0.22526220977306366,-0.27501392364501953,-0.20741082727909088,0.7244448065757751,4.095005512237549,1.2795413732528687,0.0024370646569877863,-0.27558645606040955,0.1972702592611313,-0.26993417739868164,-0.23397020995616913,-0.13639722764492035,-0.2772340178489685,1.5392167568206787,0.4058057963848114,-0.06473519653081894,2.1987459659576416,1.7922793626785278,-0.09720106422901154,0.8011999726295471,2.4836995601654053,-0.1322631686925888,-0.2760811150074005,0.40353474020957947,-0.27671587467193604,1.228201150894165,0.9589321613311768,-0.00411307392641902,-0.2720406949520111,0.3361886143684387,-0.09858164191246033,-0.23425538837909698,0.0017139684641733766,-0.27803489565849304,-0.1664801687002182,-0.06184415519237518,-0.14245708286762238,-0.2565855383872986,-0.27789729833602905,0.3136441707611084,-0.26329195499420166,-0.14654555916786194,-0.11557881534099579,-0.18411748111248016,-0.2739883363246918,-0.27779650688171387,-0.25688105821609497,0.03329416364431381,-0.27518635988235474,-0.27694737911224365,-0.2427779883146286,-0.1275729537010193,-0.26471129059791565,-0.2555179297924042,0.6289851665496826,-0.11239729076623917,-0.2781538963317871,-0.2679421901702881,0.5094730854034424,0.38931378722190857,-0.19561465084552765,2.013749361038208,-0.06986398994922638,-0.23897773027420044,-0.27230507135391235,0.4297991394996643,-0.2442508339881897,-0.2745560109615326,-0.23791171610355377,-0.24034832417964935,0.30721303820610046,-0.19334544241428375,3.501438856124878,0.803621768951416,-0.10078300535678864,-0.25963184237480164,-0.13056394457817078,-0.005684949923306704,-0.15934354066848755,0.7230876684188843,0.09998418390750885,-0.22161298990249634,-0.19566687941551208,-0.27643316984176636
18,584,501,595,511,-0.2056935578584671,-0.1304011344909668,0.2600390315055847,1.0966168642044067,-0.021899987012147903,-0.27300867438316345,-0.24505090713500977,-0.2694060802459717,-0.17390133440494537,-0.21399876475334167,1.2005352973937988,-0.2679305970668793,-0.25163596868515015,3.5316712856292725,-0.0939374789595604,-0.23081977665424347,-0.004585613030940294,-0.06544320285320282,1.7485785484313965,-0.20564597845077515,-0.19936585426330566,-0.27840158343315125,-0.237463116645813,-0.2687548100948334,0.8752297759056091,-0.243326336145401,-0.1417946070432663,-0.216719388961792,-0.19859850406646729,-0.26537105441093445,-0.24717923998832703,-0.11113082617521286,-0.2636212408542633,0.9728791117668152,-0.277692973613739,-0.2519077956676483,-0.13278649747371674,-0.24524842202663422,-0.21444980800151825,-0.17504073679447174,-0.18179456889629364,0.011049563996493816,1.3721096515655518,-0.08296434581279755,-0.27117106318473816,-0.2525210678577423,-0.14976263046264648,1.017600178718567,5.361857891082764,1.6414037942886353,0.06988406181335449,-0.27144867181777954,0.02909589186310768,-0.2702332139015198,-0.2784632444381714,-0.059670813381671906,-0.24314472079277039,0.42573094367980957,0.5988612174987793,-0.03796497359871864,2.217649221420288,0.4750775694847107,-0.03320606052875519,-0.19898295402526855,0.8759971261024475,-0.25959962606430054,-0.26702138781547546,-0.20793333649635315,-0.27204400300979614,0.7364718317985535,0.09670710563659668,0.20789292454719543,-0.2660669982433319,-0.2236919403076172,-0.04893440753221512,-0.2521611750125885,-0.23807735741138458,-0.24701164662837982,-0.1486382782459259,-0.058412402868270874,0.20323748886585236,-0.2617322504520416,-0.27481240034103394,0.1742209941148758,-0.21740767359733582,-0.07386104762554169,-0.04594554379582405,-0.20505954325199127,-0.26695409417152405,-0.24296708405017853,-0.27290067076683044,0.1946372091770172,-0.2702043950557709,-0.2490750402212143,-0.17416934669017792,-0.16058720648288727,-0.27561357617378235,-0.16571666300296783,1.1481842994689941,-0.12806889414787292,-0.23990610241889954,-0.17716778814792633,0.22878152132034302,0.5367282629013062,-0.18599575757980347,1.556897521018982,-0.15578241646289825,-0.25477516651153564,-0.2734195590019226,0.10059200972318649,-0.2237849086523056,-0.2738785743713379,-0.2583003342151642,-0.19685278832912445,0.07952617853879929,-0.24605795741081238,3.358654022216797,1.2213351726531982,-0.1744445413351059,-0.2750939130783081,0.009903104044497013,0.012194175273180008,-0.16627278923988342,0.9559056758880615,-0.06129202991724014,-0.2784374952316284,-0.2128448635339737,-0.27754777669906616
19,463,228,474,238,0.20987452566623688,-0.2756411135196686,0.15134179592132568,0.9559614658355713,-0.11462802439928055,-0.27467837929725647,-0.23632894456386566,-0.22359687089920044,-0.2597564458847046,-0.1617865115404129,0.6654419898986816,-0.20357295870780945,0.5779098272323608,0.13591936230659485,-0.05481875687837601,-0.15050897002220154,-0.19567598402500153,-0.1938239187002182,-0.26896923780441284,-0.2727738916873932,-0.2630699574947357,0.065325066447258,0.4849399924278259,-0.11334053426980972,0.28936663269996643,-0.1604045182466507,-0.11853300780057907,-0.2570960521697998,-0.034291088581085205,0.6626030802726746,0.19386973977088928,-0.20041358470916748,0.17303268611431122,0.06375426054000854,-0.23918859660625458,-0.27767783403396606,-0.24747076630592346,0.021415894851088524,-0.2783772647380829,-0.17233295738697052,-0.27144473791122437,-0.2377741038799286,-0.2744903564453125,-0.1643078476190567,0.5213531851768494,-0.23271770775318146,-0.14090386033058167,0.494143009185791,0.03035162016749382,0.001452891156077385,0.43193280696868896,-0.17915286123752594,0.23557519912719727,-0.2030390352010727,-0.11045427620410919,-0.1747736930847168,-0.2661477029323578,-0.07510937750339508,-0.01303485594689846,-0.26267772912979126,-0.1275717169046402,0.6748732924461365,-0.07282977551221848,-0.27348241209983826,0.03126928210258484,-0.15601280331611633,-0.1323140263557434,0.11725010722875595,0.19294704496860504,0.48248374462127686,0.5731067657470703,-0.2748558521270752,-0.19254563748836517,-0.06394802033901215,-0.036192648112773895,-0.270721435546875,0.28446850180625916,-0.27821674942970276,-0.2716637849807739,-0.18092428147792816,0.0746467337012291,-0.2621607184410095,-0.2752842903137207,-0.18869638442993164,0.004593986086547375,0.22171150147914886,-0.11119692027568817,-0.1871379166841507,0.28500649333000183,-0.25140517950057983,-0.22627680003643036,0.05151338502764702,0.36039435863494873,-0.2575640082359314,-0.26140138506889343,-0.275333046913147,-0.16650378704071045,0.6192587018013,-0.18732580542564392,0.343061625957489,0.0544990599155426,0.2756892144680023,0.0955938994884491,0.3324889540672302,-0.2695577144622803,0.0030864530708640814,0.10869484394788742,-0.25915151834487915,0.18510638177394867,-0.001410755212418735,-0.11702460050582886,-0.27823081612586975,-0.2630273401737213,-0.1337508261203766,0.4152181148529053,-0.2732999324798584,0.3016699552536011,-0.27791839838027954,-0.2752314507961273,-0.07139303535223007,-0.0405769906938076,0.6530978679656982,-0.2700488567352295,0.1705714613199234,-0.12317760288715363,0.5485589504241943,-0.0938725546002388,-0.20727814733982086
20,785,353,795,362,-0.17509831488132477,-0.2401941865682602,-0.22165386378765106,1.6905280351638794,-0.05739167705178261,-0.20858195424079895,0.12522152066230774,-0.11611954867839813,-0.1994650661945343,0.0728638619184494,-0.2579489052295685,-0.1429068148136139,-0.27690690755844116,-0.24905864894390106,2.4223544597625732,-0.27411434054374695,-0.27258753776550293,-0.12580063939094543,-0.20813997089862823,0.2246975153684616,-0.19862906634807587,4.8674468994140625,-0.2591705620288849,1.2912191152572632,5.05087947845459,-0.1230907067656517,-0.21584278345108032,-0.27036795020103455,-0.24032273888587952,-0.17244015634059906,-0.11709286272525787,-0.27017417550086975,-0.12549294531345367,-0.1127307116985321,-0.2449614405632019,-0.27673590183258057,0.6372804641723633,-0.03446510434150696,-0.24266685545444489,0.12458693981170654,-0.20021218061447144,0.9363830089569092,-0.10032357275485992,-0.1862199604511261,-0.24172250926494598,1.5107066631317139,-0.252598375082016,1.2017548084259033,-0.2704910933971405,-0.1145201027393341,0.06650795787572861,-0.17577873170375824,-0.24057582020759583,0.5073796510696411,0.2627596855163574,-0.10166805237531662,-0.260141521692276,-0.1833285242319107,-0.22235488891601562,-0.2401294708251953,-0.26403069496154785,-0.2732566297054291,-0.25318464636802673,-0.08691161870956421,-0.22218669950962067,-0.256550669670105,-0.059914980083703995,-0.27279940247535706,2.7222352027893066,-0.23564404249191284,0.32072171568870544,-0.20479241013526917,-0.21857485175132751,-0.10082259029150009,-0.19897782802581787,-0.2706977128982544,-0.16423200070858002,-0.2361547201871872,0.030957110226154327,-0.24770908057689667,0.31879526376724243,-0.26387515664100647,-0.27370691299438477,-0.27646133303642273,0.9873420596122742,-0.08316056430339813,-0.11852440983057022,-0.1006065160036087,1.2340275049209595,0.23280638456344604,-0.2155797779560089,0.08096586912870407,-0.27136412262916565,0.7814071774482727,-0.18985676765441895,-0.14249540865421295,1.0558512210845947,-0.232838973402977,-0.2277422994375229,-0.27651745080947876,1.4205453395843506,-0.23345354199409485,-0.11990320682525635,-0.12167519330978394,-0.025966769084334373,-0.24327446520328522,2.770911693572998,-0.24236427247524261,-0.27732205390930176,-0.2297002375125885,-0.21992312371730804,-0.012713468633592129,-0.26983895897865295,2.5357894897460938,-0.27844178676605225,0.5430523753166199,-0.15507973730564117,-0.23106816411018372,0.38950926065444946,0.8317514061927795,1.1121673583984375,0.5861355662345886,-0.27840739488601685,0.48142915964126587,0.25577959418296814,-0.2761356234550476,-0.1579262763261795,1.152640461921692
21,416,753,426,762,-0.19438496232032776,-0.1943283975124359,-0.24580731987953186,1.7148704528808594,-0.05145151913166046,-0.23092259466648102,-0.15785124897956848,-0.12521933019161224,-0.26038089394569397,0.04068119451403618,-0.08398155868053436,-0.2564781904220581,-0.27589333057403564,0.0640682578086853,1.9710109233856201,-0.27838560938835144,-0.27679872512817383,-0.2681753635406494,-0.21565285325050354,-0.2214648425579071,-0.1697213351726532,4.542606830596924,-0.25700944662094116,0.4668137729167938,4.817891597747803,-0.10235796123743057,-0.2616594135761261,-0.18596124649047852,-0.2784092426300049,-0.21874240040779114,-0.06722323596477509,-0.16194650530815125,-0.09626534581184387,-0.2195090800523758,-0.2466670721769333,-0.1446320116519928,0.5307722091674805,-0.08027800172567368,0.01254943571984768,0.6752713918685913,-0.22158408164978027,0.8120927214622498,0.0006783133139833808,-0.17100097239017487,-0.2223537117242813,1.5029304027557373,-0.2405579835176468,0.8897395133972168,-0.1906413584947586,0.185365691781044,0.2722923457622528,-0.26465240120887756,-0.19052504003047943,0.440197229385376,1.4807844161987305,-0.050243329256772995,-0.2549802362918854,-0.1813625544309616,-0.19422999024391174,-0.26251712441444397,-0.2766205668449402,-0.27230143547058105,-0.2121812403202057,-0.06616272777318954,-0.25844335556030273,-0.2750793695449829,-0.013838495127856731,-0.26962700486183167,2.551020622253418,-0.24596050381660461,-0.20050592720508575,-0.1470591127872467,-0.005155669059604406,-0.27564746141433716,-0.06654547154903412,-0.27495676279067993,-0.21252822875976562,-0.2764850854873657,0.2985193133354187,-0.23462146520614624,-0.14153192937374115,-0.25776511430740356,-0.2779984474182129,-0.1762511283159256,0.7661749124526978,-0.10519831627607346,-0.111866295337677,-0.07950735092163086,4.124526023864746,0.31834980845451355,-0.24981988966464996,-0.09302502870559692,-0.27500203251838684,0.9005234837532043,-0.21069008111953735,-0.2660437524318695,1.3184101581573486,-0.2473767101764679,0.06807875633239746,-0.27242711186408997,2.6660284996032715,-0.277393639087677,0.055322617292404175,-0.099571093916893,-0.03905568644404411,-0.19150391221046448,3.2093915939331055,-0.278288871049881,-0.2673039436340332,-0.25118640065193176,-0.22904722392559052,-0.09044964611530304,-0.21602745354175568,2.0507421493530273,-0.27185410261154175,0.7704975008964539,-0.22859852015972137,-0.07040344923734665,0.43823790550231934,0.7545155882835388,1.201936960220337,0.7946779131889343,-0.2628091275691986,0.19952334463596344,-0.03177409619092941,-0.24714650213718414,-0.14253635704517365,0.7985106110572815
22,309,605,320,615,0.4141686260700226,-0.2746325135231018,0.010772226378321648,0.9421738982200623,-0.04623632878065109,-0.27833908796310425,-0.09337611496448517,-0.2655814588069916,-0.2560717761516571,-0.2390887439250946,0.7394003868103027,-0.1891528218984604,0.2171013355255127,0.298963725566864,-0.131233811378479,-0.164047509431839,-0.242399662733078,-0.1578351855278015,-0.1925637573003769,-0.2770618796348572,-0.2784361243247986,0.014223981648683548,-0.014718917198479176,-0.05529199168086052,0.13229569792747498,-0.1865154206752777,-0.2116962969303131,-0.26198479533195496,-0.007944148033857346,0.4929066002368927,-0.13987915217876434,-0.24999995529651642,0.174762561917305,0.12613725662231445,-0.25355321168899536,-0.2661527693271637,-0.26353973150253296,0.20648394525051117,-0.2770746052265167,-0.2438117265701294,-0.27041131258010864,-0.24017976224422455,-0.2650611400604248,-0.16732920706272125,0.7882992625236511,-0.21303728222846985,-0.25713393092155457,0.6019047498703003,-0.09674028307199478,-0.16771258413791656,0.31458908319473267,-0.22107626497745514,0.23814325034618378,-0.1565702110528946,-0.18633928894996643,-0.1643970012664795,-0.2575436532497406,-0.18472865223884583,-0.024561159312725067,-0.2119813710451126,0.19348131120204926,1.115816593170166,-0.05281277373433113,-0.24826033413410187,0.8661254048347473,-0.20586532354354858,-0.2780888080596924,-0.06586450338363647,0.04333176463842392,0.4368576407432556,1.4421238899230957,-0.2652508318424225,-0.23882804811000824,-0.23729632794857025,-0.013010920956730843,-0.2769835293292999,0.2789803445339203,-0.2779828608036041,-0.2697896361351013,-0.1579369753599167,0.03300638869404793,-0.2548225224018097,-0.2712595760822296,-0.27530181407928467,7.537202327512205e-05,-0.17658434808254242,-0.2775997519493103,-0.16499190032482147,0.2745189368724823,-0.2731715142726898,-0.1741395890712738,-0.006130596622824669,0.005855355877429247,-0.2339252531528473,-0.2765812277793884,-0.25762036442756653,-0.23694691061973572,0.20415157079696655,-0.27060896158218384,0.4540210962295532,0.2005346715450287,0.6798712015151978,0.16168397665023804,0.3936551511287689,-0.274511456489563,0.10336105525493622,-0.08702398091554642,-0.21504320204257965,-0.15483629703521729,0.031986914575099945,-0.24952726066112518,-0.27619585394859314,-0.27654653787612915,0.00481393001973629,0.3145604729652405,-0.26461878418922424,0.24967573583126068,-0.2770110070705414,-0.27502667903900146,-0.10854175686836243,-0.03399505838751793,0.5796765089035034,-0.27050480246543884,0.5441632866859436,-0.07161568850278854,0.20109961926937103,0.05206237733364105,-0.20265640318393707
23,603,823,614,833,0.012847918085753918,-0.2253578007221222,0.27572253346443176,0.813620388507843,-0.03111414611339569,-0.26735496520996094,-0.14160721004009247,-0.27265843749046326,-0.2576581835746765,-0.27838456630706787,1.4505707025527954,-0.25589656829833984,-0.06918387115001678,0.6072726845741272,-0.17209865152835846,-0.2004036158323288,-0.08759450167417526,-0.13077951967716217,-0.2035035490989685,-0.1584162563085556,-0.24472080171108246,-0.2701328992843628,0.060925912111997604,-0.18023790419101715,0.16078132390975952,-0.24253489077091217,-0.2647515535354614,-0.24369987845420837,0.07313407212495804,0.37513265013694763,-0.2158801108598709,-0.1205851212143898,-0.22638969123363495,0.200237438082695,-0.2709251642227173,-0.21155624091625214,-0.27694475650787354,0.0455145463347435,-0.2636549770832062,-0.27021074295043945,-0.21451610326766968,-0.27428996562957764,-0.17495855689048767,-0.16148364543914795,0.36914610862731934,-0.2784183621406555,-0.189425989985466,0.6712476015090942,0.8479840755462646,0.6451196074485779,-0.1678384691476822,-0.2783554494380951,0.19135276973247528,-0.278054416179657,-0.23289206624031067,-0.12224168330430984,-0.22229032218456268,-0.2129102647304535,0.04563133046030998,-0.09917641431093216,0.8542059063911438,1.4806782007217407,-0.053707707673311234,-0.16335059702396393,0.6145561933517456,-0.16762055456638336,-0.22963112592697144,-0.19116754829883575,-0.14625637233257294,1.0612924098968506,0.7083473801612854,-0.21158252656459808,-0.21543794870376587,-0.23601579666137695,-0.17266520857810974,-0.2543717324733734,0.13449715077877045,-0.2696264088153839,-0.277116984128952,-0.10324566811323166,-0.12287024408578873,-0.24844302237033844,-0.246206134557724,-0.06153363361954689,-0.15482556819915771,-0.12915584444999695,-0.23616178333759308,-0.09133364260196686,-0.16821137070655823,-0.258323073387146,-0.13483931124210358,0.1303595006465912,-0.18345887959003448,-0.18069539964199066,-0.2742595672607422,-0.2678165137767792,-0.27809152007102966,-0.27840450406074524,-0.06441294401884079,0.4735611379146576,-0.2270098179578781,-0.15471991896629333,0.13275213539600372,0.7222567796707153,-0.2406151443719864,0.1781112104654312,-0.23754261434078217,-0.1615096479654312,0.002608182141557336,0.24398551881313324,-0.2616170048713684,-0.25240400433540344,-0.267093300819397,-0.15320180356502533,0.7832430601119995,-0.2784631550312042,3.159818649291992,-0.16704024374485016,-0.2535165250301361,-0.2778394818305969,-0.0820029228925705,0.2827935516834259,-0.27841463685035706,0.7952571511268616,-0.15598896145820618,0.5172669291496277,-0.2609136998653412,-0.27431026101112366
24,136,600,146,609,0.4665801525115967,-0.23815202713012695,0.15267452597618103,1.126438856124878,-0.018852537497878075,-0.26358655095100403,-0.2784450352191925,-0.27600187063217163,-0.2148437649011612,-0.26452550292015076,1.5026172399520874,-0.17098987102508545,-0.2530492842197418,3.326850652694702,-0.03406012803316116,-0.14592745900154114,-0.012753712944686413,-0.06656132638454437,0.3985961079597473,-0.25414735078811646,-0.2444407194852829,-0.20857633650302887,-0.27806490659713745,-0.27511802315711975,-0.1190304234623909,-0.27791646122932434,-0.15255169570446014,-0.2743571102619171,1.0446654558181763,-0.16488954424858093,-0.20889723300933838,-0.1831512153148651,-0.16276778280735016,1.51759934425354,-0.24014459550380707,-0.2645411193370819,-0.10544874519109726,-0.27730149030685425,-0.2735620439052582,-0.2520189881324768,-0.2673220932483673,-0.04326515644788742,0.4156109392642975,0.7780722379684448,0.14839982986450195,-0.267207533121109,-0.27057144045829773,0.759669303894043,4.08592414855957,1.054901361465454,0.47608938813209534,-0.27836474776268005,0.424005389213562,-0.22502058744430542,-0.2368445247411728,-0.2192584127187729,-0.26175644993782043,2.2815937995910645,0.2055296152830124,-0.07705236226320267,1.9100675582885742,2.3075923919677734,-0.1345825046300888,0.8968497514724731,3.9463791847229004,-0.278361052274704,-0.27607887983322144,0.504097580909729,-0.26069292426109314,1.4405109882354736,1.6415194272994995,0.016368290409445763,-0.2764807641506195,0.40562236309051514,-0.1737888753414154,-0.2537676692008972,0.895336925983429,-0.21797604858875275,0.39166727662086487,-0.08365314453840256,-0.23605719208717346,-0.21988368034362793,-0.2756013572216034,0.2423083335161209,-0.2694818675518036,-0.09138339012861252,-0.0760113000869751,-0.2147291898727417,-0.2120918482542038,-0.2741662263870239,-0.2733830511569977,0.005824894178658724,-0.2674787938594818,-0.26090291142463684,-0.2746254801750183,-0.07171100378036499,-0.26023152470588684,-0.2784644663333893,0.4534178376197815,-0.15031592547893524,-0.24197180569171906,-0.25160112977027893,0.7645578980445862,0.8869757056236267,-0.23336076736450195,2.5244853496551514,0.5136623978614807,-0.2097705453634262,-0.25111880898475647,0.3690369725227356,-0.2611779570579529,-0.2627659738063812,0.1303977370262146,-0.2294059842824936,0.22817553579807281,-0.11874920129776001,3.127459764480591,0.5381808280944824,0.04114944115281105,-0.24199363589286804,-0.10185453295707703,-0.08874090760946274,-0.14129064977169037,0.8614203333854675,0.25580400228500366,-0.18543748557567596,0.9599205255508423,-0.27125510573387146
25,431,813,441,823,0.3182712495326996,-0.25142982602119446,0.03906688094139099,1.0310163497924805,-0.1612478792667389,-0.2768919765949249,-0.2005150467157364,-0.12470395117998123,-0.275745153427124,-0.22966276109218597,0.539412260055542,-0.234458789229393,0.40762588381767273,0.07958610355854034,-0.12853997945785522,-0.11079122871160507,-0.22307813167572021,-0.18448497354984283,-0.25020915269851685,-0.278266966342926,-0.21378572285175323,0.03223545104265213,0.4363141655921936,-0.15541325509548187,0.2075795978307724,-0.23111821711063385,-0.1994851976633072,-0.27842047810554504,-0.008137572556734085,0.4075227379798889,-0.009422729723155499,-0.20305532217025757,-0.05517617613077164,0.1539040356874466,-0.22674530744552612,-0.263736367225647,-0.21254633367061615,0.04578295350074768,-0.2753295600414276,-0.13827556371688843,-0.27762526273727417,-0.19350141286849976,-0.2781903147697449,-0.15539544820785522,0.07634733617305756,-0.210122212767601,-0.11900423467159271,0.4646666347980499,-0.0185253769159317,-0.07252220809459686,0.3397318124771118,-0.24966827034950256,0.19377602636814117,-0.20144988596439362,0.08297883719205856,-0.21258649230003357,-0.27301403880119324,-0.08846709877252579,0.052216965705156326,-0.2784622013568878,-0.16221027076244354,0.7685389518737793,-0.14592401683330536,-0.2780067026615143,-0.03252667933702469,-0.08758594840765,-0.21169112622737885,0.21261587738990784,0.03286362439393997,0.31864890456199646,0.5171226859092712,-0.27402037382125854,-0.18904495239257812,-0.0955614447593689,-0.1192924976348877,-0.2503185272216797,0.23569373786449432,-0.26065170764923096,-0.2371099293231964,-0.24109894037246704,0.04381025955080986,-0.27827420830726624,-0.2784295678138733,-0.2033185511827469,-0.08427196741104126,0.16574180126190186,-0.12001894414424896,-0.20403943955898285,0.2618428170681,-0.19946710765361786,-0.262666255235672,0.15384931862354279,0.44330060482025146,-0.26942020654678345,-0.2590029835700989,-0.2539910078048706,-0.1916506588459015,0.2801455557346344,-0.18884879350662231,0.21563807129859924,-0.045333173125982285,0.5036227703094482,0.04486671835184097,0.3237512409687042,-0.2696615159511566,0.15718340873718262,0.11631477624177933,-0.2543870806694031,0.13176994025707245,-0.04993662238121033,-0.1601434350013733,-0.26405829191207886,-0.27701422572135925,-0.21900983154773712,0.3170641362667084,-0.24999183416366577,0.26895397901535034,-0.27813953161239624,-0.2779943346977234,-0.05149161070585251,-0.0966276228427887,0.504084050655365,-0.27794498205184937,0.060250118374824524,-0.09220308810472488,0.11585742980241776,-0.16892023384571075,-0.21028675138950348
26,173,653,184,663,0.22516891360282898,-0.24545645713806152,0.11028008162975311,1.0323643684387207,-0.15505532920360565,-0.27696770429611206,-0.12409400194883347,-0.12425731867551804,-0.27740710973739624,-0.21539781987667084,0.669404149055481,-0.23725835978984833,0.4647543132305145,0.11841584742069244,-0.10798274725675583,-0.10279800742864609,-0.23359711468219757,-0.22211892902851105,-0.2576918601989746,-0.26407158374786377,-0.20284073054790497,0.06237790361046791,0.4050810635089874,-0.07985491305589676,0.35525912046432495,-0.2221282422542572,-0.17938914895057678,-0.275208055973053,-0.019878964871168137,0.463866263628006,-0.03328585997223854,-0.2339731752872467,0.016826974228024483,0.17793463170528412,-0.22429679334163666,-0.2615779638290405,-0.23131471872329712,0.23970408737659454,-0.27612271904945374,0.0229977797716856,-0.2784539759159088,-0.19436296820640564,-0.2760668396949768,-0.06395211815834045,0.10974982380867004,-0.19154955446720123,-0.1131531223654747,0.5121911764144897,-0.08264267444610596,-0.016412416473031044,0.33172962069511414,-0.25503864884376526,0.2438918650150299,-0.1574108600616455,0.008464398793876171,-0.22930526733398438,-0.2725757956504822,-0.15328149497509003,0.03491274267435074,-0.27706506848335266,-0.11232993006706238,0.7786707878112793,-0.10587463527917862,-0.2615506649017334,0.02521534636616707,-0.06703700125217438,-0.249299556016922,0.19858627021312714,0.18982569873332977,0.33218586444854736,0.56464684009552,-0.27373719215393066,-0.14857783913612366,-0.029228191822767258,-0.11911451071500778,-0.2608870565891266,0.08508540689945221,-0.23221750557422638,-0.23237015306949615,-0.2552180290222168,0.03570614010095596,-0.2723267078399658,-0.27835559844970703,-0.17533940076828003,-0.12117569893598557,0.07893131673336029,-0.18385417759418488,-0.19266611337661743,0.6081950664520264,-0.18893001973628998,-0.27458444237709045,0.2012208104133606,0.35476943850517273,-0.2665185332298279,-0.25148311257362366,-0.2629656493663788,-0.19147038459777832,0.26135385036468506,-0.18064531683921814,0.24037997424602509,0.061197198927402496,0.4776170551776886,0.08334288746118546,0.41392043232917786,-0.2610669732093811,0.17907428741455078,0.2668665051460266,-0.27736029028892517,0.13524800539016724,-0.039958301931619644,-0.16914692521095276,-0.26857790350914,-0.2756316065788269,-0.14413422346115112,0.2708635628223419,-0.23749078810214996,0.4087601900100708,-0.2712574601173401,-0.2741856276988983,-0.04041199013590813,-0.07034510374069214,0.5967432856559753,-0.27290308475494385,0.1087876707315445,-0.0830746665596962,0.21582861244678497,-0.11853437125682831,-0.19370289146900177
27,245,712,255,722,0.38783976435661316,-0.2040909081697464,-0.09555108845233917,1.2540619373321533,-0.015607551671564579,-0.008622844703495502,-0.1604699045419693,-0.26954540610313416,-0.1947934776544571,-0.25113213062286377,0.6206327676773071,-0.277424693107605,-0.22894234955310822,4.798895359039307,-0.23586174845695496,-0.2330857813358307,-0.0026713113766163588,-0.228763148188591,-0.25217217206954956,-0.22867409884929657,-0.1669158786535263,1.2298734188079834,-0.23770448565483093,-0.23685519397258759,-0.27277398109436035,-0.27397990226745605,-0.19255758821964264,-0.2732595205307007,0.9251485466957092,-0.2596830427646637,-0.20145685970783234,-0.14663489162921906,-0.2634531557559967,0.516715943813324,-0.2706259787082672,-0.23577237129211426,0.27621394395828247,-0.23384283483028412,-0.22206677496433258,-0.2778877019882202,-0.2228812724351883,0.22209759056568146,-0.22073930501937866,0.5224993228912354,-0.27796414494514465,-0.18154916167259216,-0.2719833254814148,1.0102094411849976,2.8506991863250732,-0.22566759586334229,0.16348710656166077,0.4266568720340729,-0.22037239372730255,-0.015512079931795597,-0.20713384449481964,-0.277170330286026,-0.27387136220932007,0.9753788709640503,0.30067047476768494,-0.0812593623995781,-0.27276912331581116,0.9956607818603516,-0.22223304212093353,-0.2402271330356598,5.740506649017334,-0.2752838432788849,-0.13324682414531708,0.34901630878448486,-0.22035202383995056,0.14347603917121887,2.05790376663208,-0.1541997790336609,-0.23657676577568054,-0.2743443548679352,-0.13209660351276398,-0.2559107840061188,1.4885501861572266,-0.24763666093349457,0.701990008354187,-0.10065703094005585,0.5123506784439087,-0.27793315052986145,-0.27662894129753113,-0.2640989422798157,-0.20604169368743896,-0.0667870044708252,-0.16665056347846985,-0.2478410005569458,-0.27705705165863037,-0.27718791365623474,-0.2056034952402115,-0.07844852656126022,-0.277724027633667,-0.04531385377049446,-0.23453612625598907,0.03332265093922615,-0.25589650869369507,-0.19390751421451569,0.12199169397354126,-0.11960358172655106,-0.26123616099357605,-0.2784010171890259,0.442081093788147,0.27441835403442383,-0.2033466398715973,1.6681630611419678,0.4820070266723633,-0.27841147780418396,-0.20451000332832336,-0.10181549936532974,-0.15564614534378052,-0.2560777962207794,-0.27422401309013367,0.13597255945205688,-0.276895135641098,-0.261875718832016,-0.15143531560897827,-0.2743944525718689,-0.11780291795730591,0.18376561999320984,0.17116601765155792,-0.18083196878433228,-0.08351185917854309,0.30491408705711365,0.1490955948829651,-0.22146658599376678,0.3573976457118988,-0.17562736570835114
28,745,305,755,314,-0.14605475962162018,-0.11680536717176437,-0.25673750042915344,1.0577847957611084,-0.001411400269716978,-0.26962709426879883,-0.2707133889198303,-0.22477608919143677,-0.11393792182207108,-0.23829801380634308,2.465524435043335,-0.1971188634634018,0.13306845724582672,-0.22167636454105377,-0.19223260879516602,-0.2626778483390808,-0.024700628593564034,-0.06418862193822861,0.03082982823252678,-0.1561756581068039,-0.13578136265277863,-0.2556597888469696,-0.2783373296260834,1.1870774030685425,3.6008453369140625,-0.25605782866477966,0.2750939130783081,-0.16493719816207886,-0.24642454087734222,-0.26986750960350037,-0.1358548104763031,-0.14078447222709656,-0.15979307889938354,1.5148967504501343,-0.27636024355888367,-0.1314980834722519,-0.2183905988931656,-0.17988310754299164,-0.08862265199422836,-0.19826507568359375,-0.2749806046485901,-0.09062409400939941,0.9383909106254578,-0.09576504677534103,-0.2709525525569916,-0.2774396538734436,-0.041761551052331924,1.9771050214767456,4.354362964630127,1.8441370725631714,-0.25513574481010437,-0.2746683359146118,-0.09042327851057053,-0.13172516226768494,-0.08087852597236633,-0.006003562826663256,-0.1835777312517166,0.5805561542510986,-0.2663044333457947,-0.019733976572752,1.901782512664795,-0.15977396070957184,0.6018949747085571,-0.24424415826797485,-0.23873421549797058,-0.27073347568511963,-0.10182284563779831,-0.2553364932537079,1.6233878135681152,1.1928256750106812,0.2845381796360016,-0.16051433980464935,-0.25538402795791626,-0.24663688242435455,-0.2015785425901413,-0.2659751772880554,-0.0546252578496933,-0.13931718468666077,-0.2769796848297119,-0.021424222737550735,-0.05843643844127655,-0.26241251826286316,-0.2071610987186432,0.33559465408325195,-0.2591872811317444,-0.032574255019426346,-0.02789369411766529,-0.04316551238298416,-0.2632559537887573,-0.1433025598526001,-0.1373264044523239,0.3222728669643402,-0.090119868516922,-0.27329063415527344,-0.14671744406223297,0.0007581489626318216,-0.2751670181751251,-0.27841365337371826,-0.13350075483322144,-0.17302659153938293,-0.2770736515522003,-0.2663291394710541,1.3551081418991089,-0.03465106338262558,-0.07171083986759186,-0.25116005539894104,0.5054589509963989,-0.16409645974636078,-0.11165790259838104,-0.27057892084121704,-0.17444215714931488,-0.2780550718307495,-0.19213654100894928,-0.26567864418029785,0.38738980889320374,-0.16351749002933502,2.767408847808838,1.560909628868103,0.07266362756490707,-0.2607363164424896,0.024338064715266228,0.653731107711792,-0.27832141518592834,2.572129964828491,0.031492315232753754,-0.2663724422454834,-0.12243341654539108,-0.27305349707603455
29,456,763,466,773,0.3921522796154022,-0.22043877840042114,-0.22751455008983612,0.9539372324943542,-0.012998542748391628,-0.2768527567386627,-0.077876016497612,-0.2743644416332245,-0.13786785304546356,-0.25347256660461426,1.7485597133636475,-0.1566988080739975,0.35214924812316895,1.131536602973938,-0.26854756474494934,-0.08938660472631454,-0.11465343087911606,-0.17511168122291565,-0.13960061967372894,-0.20763173699378967,-0.27027076482772827,0.030712146311998367,0.1648472398519516,-0.19754575192928314,0.42423516511917114,-0.27823734283447266,0.8015884757041931,-0.27135908603668213,0.26794466376304626,-0.16497209668159485,-0.22548742592334747,-0.10217101126909256,0.06052270159125328,1.2631494998931885,-0.278378427028656,-0.150512233376503,-0.1733710914850235,0.007302871905267239,-0.19155541062355042,-0.2627514600753784,-0.25122812390327454,-0.21241697669029236,-0.2580307424068451,1.0914475917816162,0.06269683688879013,-0.24725490808486938,-0.25627151131629944,0.4394870698451996,0.8233501315116882,0.9929822087287903,0.19978928565979004,-0.19122107326984406,1.0514192581176758,0.050218794494867325,-0.2269122153520584,-0.06458635628223419,-0.269702672958374,0.3171737492084503,0.032268598675727844,-0.12980587780475616,0.031835634261369705,1.940862774848938,0.12344956398010254,-0.18752910196781158,2.602224111557007,-0.19373281300067902,-0.2762560248374939,0.986370861530304,-0.11249487847089767,1.1933228969573975,1.5980675220489502,-0.258334755897522,-0.24239623546600342,-0.24927423894405365,-0.18698200583457947,-0.2734779119491577,-0.2708137333393097,-0.2698245048522949,-0.23708568513393402,-0.06385836750268936,-0.03352328762412071,-0.23745352029800415,-0.2422311156988144,-0.2772976756095886,-0.2319062054157257,-0.09559249877929688,-0.1536206603050232,-0.11095137894153595,-0.02540477178990841,-0.2784573435783386,-0.11876189708709717,0.32763591408729553,-0.2560173273086548,-0.2763507664203644,-0.2567732036113739,-0.20473672449588776,-0.2272975891828537,0.589228093624115,-0.24488745629787445,0.13429246842861176,-0.02097311057150364,-0.177175834774971,2.542414903640747,0.6434914469718933,-0.20890885591506958,-0.2492155283689499,0.3947766423225403,-0.1835557222366333,-0.2780373990535736,-0.2755286693572998,-0.24805830419063568,-0.273473858833313,-0.10681912302970886,-0.039259813725948334,0.29093867540359497,-0.2780970335006714,0.26331013441085815,-0.27841413021087646,-0.016180314123630524,-0.1783805638551712,-0.03110060840845108,0.1108488142490387,-0.13249816000461578,1.7977969646453857,-0.10338759422302246,-0.27270805835723877,-0.1793154627084732,-0.27049708366394043
30,505,744,516,754,0.2752193212509155,-0.2423272728919983,0.021311527118086815,0.8797354102134705,-0.022455206140875816,-0.27783480286598206,-0.1652047038078308,-0.2611362636089325,-0.2745782434940338,-0.26999431848526,1.5198167562484741,-0.15894058346748352,-0.2451712191104889,2.1099281311035156,-0.21506908535957336,-0.22260218858718872,-0.05202031135559082,-0.15847285091876984,-0.08792219310998917,-0.12753428518772125,-0.2761753797531128,-0.2775018513202667,-0.1810782253742218,-0.2760401964187622,-0.19648824632167816,-0.2780441641807556,-0.18333029747009277,-0.2783368229866028,0.6897221803665161,0.15788494050502777,-0.2689122259616852,-0.0705261155962944,-0.1786007136106491,0.5385817885398865,-0.2548479437828064,-0.2660885751247406,-0.24072249233722687,-0.0766754150390625,-0.25178349018096924,-0.27756044268608093,-0.2397361844778061,-0.23412831127643585,-0.2702704966068268,0.03352001681923866,-0.060494083911180496,-0.2636912167072296,-0.25707343220710754,0.8995381593704224,2.318077325820923,0.6605167984962463,-0.0802350789308548,-0.27838870882987976,0.5466880798339844,-0.26171067357063293,-0.26023444533348083,-0.20807112753391266,-0.24191594123840332,0.3318048119544983,0.13862262666225433,-0.07989299297332764,0.9059455990791321,1.883588433265686,-0.2109057903289795,-0.08959408104419708,2.834139823913574,-0.276831716299057,-0.2752470374107361,0.11696024984121323,-0.2696824371814728,0.9601582884788513,1.2392805814743042,-0.22961677610874176,-0.278455525636673,0.2756454348564148,-0.17554070055484772,-0.274244099855423,0.4074123501777649,-0.2704339027404785,-0.17375020682811737,-0.1904473900794983,-0.2394295632839203,-0.2670728862285614,-0.27778223156929016,0.31181174516677856,-0.06300955265760422,-0.26012223958969116,-0.27722758054733276,-0.1791686713695526,-0.061415717005729675,-0.2784022390842438,-0.12256724387407303,-0.11413617432117462,-0.24639329314231873,-0.24395594000816345,-0.2697146236896515,-0.20595896244049072,-0.2783740162849426,-0.23886889219284058,0.01707850955426693,0.20931795239448547,-0.21469266712665558,-0.02524283155798912,0.2141416370868683,0.6680124402046204,-0.273317813873291,1.0578263998031616,0.1773916631937027,-0.2706717550754547,-0.24976639449596405,0.41475239396095276,-0.2484087496995926,-0.2687612771987915,-0.27387556433677673,-0.13795070350170135,0.5121411681175232,-0.2718943655490875,2.998250961303711,-0.004252787679433823,-0.25369012355804443,-0.14374251663684845,-0.0730610191822052,0.14263129234313965,-0.20079973340034485,1.0655105113983154,-0.045735202729701996,0.05619214102625847,0.19282665848731995,-0.27191808819770813
31,763,677,774,687,-0.17166204750537872,-0.23529739677906036,0.12969866394996643,0.861176073551178,-0.05430563911795616,-0.25667551159858704,-0.18000008165836334,-0.277536541223526,-0.24588698148727417,-0.27766257524490356,1.3844573497772217,-0.2283591479063034,0.0187236275523901,0.7103023529052734,-0.13451434671878815,-0.2038682997226715,-0.10939421504735947,-0.17253947257995605,-0.06945955753326416,-0.17677897214889526,-0.23857490718364716,-0.26948556303977966,0.07676549255847931,-0.186685711145401,0.5174039006233215,-0.21121792495250702,-0.14872001111507416,-0.22001229226589203,0.16178303956985474,0.37314701080322266,-0.19507209956645966,-0.13769666850566864,-0.2292855978012085,0.37046030163764954,-0.26174336671829224,-0.23507897555828094,-0.2714431881904602,-0.02064898982644081,-0.2784193456172943,-0.27845850586891174,-0.2305421233177185,-0.2658575177192688,0.1277492195367813,-0.12350615113973618,0.7416127324104309,-0.2762588560581207,-0.24650467932224274,0.5286705493927002,1.0246602296829224,0.7529686093330383,0.10529164969921112,-0.27175459265708923,0.16829334199428558,-0.27726924419403076,-0.20823928713798523,-0.09491372853517532,-0.22352324426174164,-0.23276370763778687,0.14550809562206268,-0.10868488997220993,0.2901234030723572,1.4324512481689453,-0.0019415918504819274,-0.164691761136055,0.26703792810440063,-0.10781850665807724,-0.19768565893173218,-0.2208375334739685,-0.005803210195153952,1.3453470468521118,0.20901016891002655,-0.23317918181419373,-0.1626768410205841,-0.20982863008975983,-0.1313076764345169,-0.26662278175354004,0.1597854346036911,-0.27650919556617737,-0.27747827768325806,-0.12310736626386642,-0.21940521895885468,-0.26556989550590515,-0.2600337564945221,0.008735951967537403,-0.06411047279834747,-0.1724081039428711,-0.2505674660205841,-0.11664225161075592,-0.05050355941057205,-0.2738510072231293,-0.1771518588066101,0.06845124065876007,-0.16017025709152222,-0.2070394605398178,-0.2694864273071289,-0.2635588049888611,-0.2683810293674469,-0.2744784355163574,0.06353631615638733,0.3437282145023346,-0.12705928087234497,-0.1197681725025177,0.11262094974517822,0.604792058467865,-0.2151230126619339,0.012838231399655342,-0.0462324433028698,-0.16570650041103363,0.010669947601854801,0.2394137978553772,-0.243123397231102,-0.25554361939430237,-0.2764046788215637,-0.1982342004776001,0.7667797803878784,-0.2778953015804291,3.206993818283081,-0.0650901347398758,-0.26997631788253784,-0.27835536003112793,-0.038134392350912094,0.40205681324005127,-0.2783096432685852,0.6665292978286743,-0.18498015403747559,0.6760728359222412,-0.2505475580692291,-0.2742745280265808
32,656,748,666,758,0.9230399131774902,-0.24202537536621094,-0.1053498163819313,0.9288009405136108,-0.04032174125313759,-0.27764585614204407,-0.1534256488084793,-0.2716132700443268,-0.23577389121055603,-0.23504692316055298,0.6148378252983093,-0.22812534868717194,-0.007387150544673204,0.3561888337135315,-0.16447997093200684,-0.15504246950149536,-0.18162308633327484,-0.16548196971416473,-0.15927591919898987,-0.2552163302898407,-0.27671003341674805,0.09093689918518066,-0.07054582238197327,-0.054499078541994095,-0.001304217497818172,-0.14260338246822357,-0.2412533164024353,-0.2766161262989044,0.10487812757492065,0.4730842709541321,-0.23619769513607025,-0.22812899947166443,0.15690280497074127,0.010277805849909782,-0.24112151563167572,-0.2740950882434845,-0.26628783345222473,0.18556681275367737,-0.2753244638442993,-0.2318776398897171,-0.2738991975784302,-0.24604785442352295,-0.2682381868362427,-0.22722356021404266,0.6559984683990479,-0.2463269978761673,-0.2784479856491089,0.5762156248092651,-0.12064685672521591,-0.14113135635852814,0.20684169232845306,-0.12857428193092346,-0.13040506839752197,-0.1900227665901184,-0.20169368386268616,-0.1904708445072174,-0.2373826652765274,-0.0515049546957016,-0.10383661091327667,-0.25891053676605225,0.16080091893672943,0.9292883276939392,-0.18734939396381378,-0.27542954683303833,1.894484519958496,-0.211421936750412,-0.2408938705921173,0.17070704698562622,-0.05366690456867218,0.46315738558769226,1.8596969842910767,-0.2333156168460846,-0.19637499749660492,-0.23178432881832123,0.011979706585407257,-0.2769496738910675,0.3239390552043915,-0.2777785658836365,-0.27419695258140564,-0.15629145503044128,0.16823658347129822,-0.258985698223114,-0.27626359462738037,-0.2773771286010742,0.010221005417406559,-0.07273134589195251,-0.2756289839744568,-0.11308926343917847,0.2526121735572815,-0.26245906949043274,-0.15332366526126862,0.012193519622087479,-0.06554136425256729,-0.2318035215139389,-0.27677738666534424,-0.23446309566497803,-0.2609216868877411,0.1031014546751976,-0.27712878584861755,0.503943920135498,0.0972418561577797,0.8431123495101929,0.19961021840572357,0.2769235372543335,-0.2762688398361206,0.06889110803604126,-0.02030596137046814,-0.18930162489414215,-0.20715397596359253,0.04007270932197571,-0.2764521539211273,-0.2765232026576996,-0.27591365575790405,0.07485993206501007,0.2735265791416168,-0.26733115315437317,0.0038826146628707647,-0.2619161307811737,-0.27094966173171997,0.013584407046437263,-0.059963006526231766,0.36558809876441956,-0.25914764404296875,0.5654270648956299,-0.10340315848588943,-0.12638729810714722,0.3050384223461151,-0.1953108161687851
33,556,692,567,702,-0.1127547100186348,-0.2531692683696747,0.20729562640190125,0.8642398715019226,-0.06396806240081787,-0.2742898464202881,-0.20587562024593353,-0.2774808704853058,-0.24452054500579834,-0.2690648138523102,1.3455629348754883,-0.19282266497612,0.22600631415843964,0.44532060623168945,-0.13527952134609222,-0.20847168564796448,-0.18590199947357178,-0.1414458006620407,-0.22330710291862488,-0.1932278573513031,-0.25301653146743774,-0.2744545638561249,0.16909626126289368,-0.2070857435464859,0.4073474109172821,-0.17843636870384216,-0.2048388421535492,-0.2036118507385254,0.2083418369293213,0.4316757321357727,-0.06510527431964874,-0.14012545347213745,-0.1393735110759735,0.12444858998060226,-0.2666439116001129,-0.24388091266155243,-0.27246445417404175,-0.11747214943170547,-0.27376478910446167,-0.2778379023075104,-0.22488334774971008,-0.2644122540950775,-0.13221648335456848,-0.1831529587507248,0.6826857924461365,-0.2776273190975189,-0.2607811987400055,0.721932053565979,0.4468691051006317,0.39326444268226624,-0.03355303779244423,-0.24994829297065735,0.07141391187906265,-0.272240549325943,-0.2558842599391937,-0.09938252717256546,-0.2365839034318924,-0.2563875615596771,-0.12652485072612762,-0.12789340317249298,0.14397205412387848,0.9762283563613892,0.050372712314128876,-0.2375086098909378,0.09985432773828506,-0.12418100982904434,-0.0747721865773201,-0.17654848098754883,0.09569881856441498,1.2102409601211548,0.32182127237319946,-0.26538917422294617,-0.20317651331424713,-0.25607359409332275,-0.11722362786531448,-0.2783534526824951,0.3274616003036499,-0.2707424759864807,-0.27291202545166016,-0.11594647169113159,-0.15199631452560425,-0.25389841198921204,-0.2552281618118286,-0.20430195331573486,-0.15407349169254303,-0.1837325543165207,-0.26257237792015076,-0.0883888527750969,-0.1416967511177063,-0.2745663821697235,-0.17248831689357758,-0.0037857273127883673,-0.05731905251741409,-0.21311569213867188,-0.27493157982826233,-0.2725602388381958,-0.2602803707122803,-0.1663152277469635,-0.06037047132849693,0.3727068305015564,-0.11028839647769928,-0.12329312413930893,0.1331104040145874,0.6063416600227356,-0.2297782599925995,-0.13857543468475342,-0.08281876891851425,-0.17322726547718048,0.17323103547096252,0.09523773193359375,-0.21690458059310913,-0.2518787980079651,-0.2689218819141388,-0.09247806668281555,0.6301348209381104,-0.278446763753891,2.124617576599121,-0.2512228488922119,-0.26049020886421204,-0.2735865116119385,-0.030143052339553833,0.5307967066764832,-0.27108120918273926,0.5556190013885498,-0.17662842571735382,0.6247394680976868,-0.2503025531768799,-0.265922874212265
34,416,196,426,206,-0.14901290833950043,-0.19020786881446838,0.03850986808538437,1.6637303829193115,-0.19324122369289398,-0.22623759508132935,-0.24952393770217896,-0.22175738215446472,-0.227244034409523,-0.2763652503490448,-0.2268306016921997,-0.07955210655927658,-0.23492854833602905,4.298360347747803,2.261586904525757,-0.26258617639541626,-0.27032017707824707,-0.07951605319976807,-0.2660742998123169,0.11016649007797241,-0.2090921700000763,4.313018798828125,-0.27844110131263733,-0.2784317135810852,3.116480827331543,-0.13779217004776,-0.2072468101978302,-0.1829763650894165,-0.2711459994316101,-0.19904333353042603,-0.12890540063381195,-0.20271161198616028,-0.22757375240325928,-0.13032837212085724,-0.2584115266799927,-0.26383090019226074,0.5217227935791016,-0.05526572838425636,-0.2633626461029053,-0.25264185667037964,-0.2770332992076874,0.6781984567642212,0.5192114114761353,-0.27526941895484924,-0.183452308177948,1.056459903717041,-0.24889004230499268,0.7301724553108215,-0.16977092623710632,-0.24190707504749298,0.3923456370830536,-0.2585256099700928,-0.2575432062149048,0.010059968568384647,1.1057631969451904,-0.16909709572792053,-0.27844706177711487,-0.1364724040031433,0.44829505681991577,-0.2527838945388794,-0.2669734060764313,-0.24834318459033966,0.035799697041511536,-0.2782033085823059,0.011393125168979168,-0.041828446090221405,-0.039447177201509476,-0.2460523247718811,-0.2207302451133728,-0.20023415982723236,-0.20461495220661163,-0.228468120098114,-0.18471381068229675,-0.23249614238739014,1.2634878158569336,-0.2736324369907379,-0.2636750042438507,-0.27842283248901367,0.40284016728401184,-0.15041780471801758,0.28660306334495544,-0.2682526707649231,-0.27495989203453064,-0.25218257308006287,-0.14835704863071442,-0.08322031795978546,-0.2135745882987976,-0.10143683850765228,2.248082160949707,-0.16474664211273193,-0.10320384055376053,-0.2643226087093353,-0.2748589813709259,1.0245040655136108,-0.22725658118724823,-0.2524082660675049,1.2338305711746216,-0.1397838443517685,0.5930743217468262,-0.22005781531333923,2.8010289669036865,-0.0358685664832592,-0.03419157862663269,-0.16189885139465332,-0.06107408180832863,-0.20035268366336823,1.2058296203613281,-0.25372567772865295,-0.1912122666835785,-0.23986294865608215,-0.13730578124523163,-0.15207690000534058,-0.16339154541492462,2.6231565475463867,-0.2213817834854126,0.11034636944532394,-0.19241781532764435,-0.2769114077091217,0.012567720375955105,1.30978524684906,0.9717805981636047,0.8346385359764099,-0.2664501368999481,0.15389862656593323,-0.2729625105857849,-0.23052965104579926,-0.08934370428323746,0.6271266341209412
35,260,468,271,478,-0.14078378677368164,-0.17858120799064636,-0.06150861829519272,1.6338456869125366,-0.06515847891569138,1.4539246559143066,-0.2783960998058319,-0.2758161723613739,-0.2170630693435669,-0.25234106183052063,-0.22299249470233917,-0.07721108198165894,-0.17275235056877136,3.5190412998199463,0.15334753692150116,-0.2586357295513153,-0.1393098086118698,-0.1318981945514679,-0.2735307812690735,0.8963056206703186,-0.08159143477678299,3.809739589691162,-0.27408283948898315,-0.278403639793396,3.5965590476989746,-0.24643978476524353,-0.27692675590515137,-0.1713569164276123,-0.1561519354581833,-0.2325260490179062,-0.2755669057369232,-0.14106497168540955,-0.2518121600151062,-0.19003160297870636,-0.27367785573005676,-0.24714931845664978,0.7221254110336304,-0.036586590111255646,-0.23409131169319153,-0.217436283826828,-0.24381735920906067,0.7914761304855347,1.3915221691131592,-0.27825865149497986,-0.26523879170417786,0.06755682826042175,-0.21638652682304382,1.4376474618911743,2.5542478561401367,-0.206659197807312,0.4563811123371124,1.5853232145309448,-0.21759025752544403,0.43873634934425354,-0.2256523072719574,-0.09496482461690903,-0.2692759335041046,-0.05636397376656532,1.6847896575927734,-0.22841022908687592,-0.27139464020729065,-0.18306367099285126,0.12791188061237335,-0.23683665692806244,-0.2757643163204193,-0.2781614661216736,-0.1681714504957199,-0.2493111491203308,-0.26352623105049133,-0.2672889232635498,0.16343283653259277,-0.2751849293708801,-0.24999704957008362,-0.13883434236049652,0.31208357214927673,-0.2398804873228073,-0.257882297039032,-0.09166749566793442,-0.14714764058589935,-0.07588585466146469,2.524359703063965,-0.264036625623703,-0.2686806619167328,-0.27844345569610596,-0.08747505396604538,-0.07797221839427948,-0.226100891828537,-0.09635361284017563,-0.25248825550079346,-0.22526317834854126,-0.13051767647266388,1.0657095909118652,-0.24964027106761932,1.1448956727981567,-0.24955977499485016,-0.05331994965672493,-0.041775383055210114,-0.13997286558151245,0.5928940773010254,-0.19282564520835876,-0.25849053263664246,-0.14932119846343994,-0.05869552865624428,-0.19178499281406403,-0.11207255721092224,0.8822166323661804,-0.07324754446744919,-0.2760236859321594,0.49502214789390564,-0.26475900411605835,-0.20747001469135284,-0.26632434129714966,-0.24434396624565125,0.017654811963438988,-0.1934012919664383,-0.2622250020503998,-0.05860012397170067,-0.25394073128700256,-0.2697514295578003,0.38611650466918945,0.6596800088882446,0.44466450810432434,-0.2771839201450348,-0.05360793694853783,-0.2459106296300888,-0.19850069284439087,-0.08388989418745041,0.13782620429992676
36,240,373,249,382,-0.16117697954177856,-0.1433732956647873,-0.0276100505143404,1.6878352165222168,-0.1290118396282196,-0.1837291419506073,-0.24259190261363983,-0.25248560309410095,-0.24295587837696075,-0.25882670283317566,-0.11842324584722519,-0.11498750746250153,-0.17472043633460999,5.128690242767334,1.7799229621887207,-0.27451953291893005,-0.1467597931623459,-0.07664269953966141,-0.2667078375816345,-0.22004280984401703,-0.20984798669815063,4.078873157501221,-0.2781069278717041,-0.2762753665447235,1.970060110092163,-0.11356844753026962,-0.22128111124038696,-0.17729060351848602,-0.19789168238639832,-0.2342578023672104,-0.14115111529827118,-0.1811804473400116,-0.23444165289402008,-0.19160526990890503,-0.25025567412376404,-0.20253682136535645,0.4689565896987915,-0.08759339153766632,-0.2694469094276428,-0.1790560632944107,-0.278440922498703,0.6478309631347656,0.5746410489082336,-0.27832818031311035,-0.1458636373281479,0.9877347946166992,-0.18251341581344604,0.449524849653244,-0.16101029515266418,-0.14944440126419067,0.3155210316181183,-0.2771717309951782,-0.2621145248413086,-0.05226247385144234,1.4098455905914307,-0.18851733207702637,-0.2675497829914093,-0.1268133968114853,0.21096670627593994,-0.27648887038230896,-0.2639555335044861,-0.2783571779727936,0.19679886102676392,-0.27139565348625183,0.783267617225647,0.044733211398124695,-0.014589748345315456,-0.2320447713136673,-0.2527371048927307,-0.2274249792098999,-0.2642311155796051,-0.18968535959720612,-0.012496402487158775,-0.2769998013973236,1.2018094062805176,-0.2778390049934387,-0.26472851634025574,-0.2784135937690735,0.4727574288845062,-0.13007058203220367,0.33544641733169556,-0.2702963948249817,-0.27180761098861694,-0.2726733088493347,-0.2473028004169464,-0.09550300985574722,-0.22817671298980713,-0.10759028792381287,3.225184679031372,-0.1499989628791809,-0.21969766914844513,-0.2717365324497223,-0.27841296792030334,1.0672564506530762,-0.2189670354127884,-0.27404510974884033,1.3450946807861328,-0.10019577294588089,1.0943585634231567,-0.22117576003074646,2.8627569675445557,-0.02428888902068138,-0.044611334800720215,-0.23094497621059418,-0.06884916871786118,-0.20314587652683258,1.9459503889083862,-0.25290805101394653,-0.27836206555366516,-0.1678662896156311,-0.1030450239777565,-0.17037628591060638,-0.10119135677814484,2.273268938064575,-0.22689780592918396,0.08685586601495743,-0.24157293140888214,-0.2521097660064697,0.22750677168369293,1.5371173620224,1.006018877029419,0.653904139995575,-0.24868813157081604,-0.029009580612182617,-0.2746712565422058,-0.19330216944217682,-0.12449973821640015,0.6068483591079712
37,455,741,466,751,-0.12081252783536911,-0.08400687575340271,-0.1499890834093094,1.3752223253250122,-0.018800346180796623,-0.201366126537323,-0.17531569302082062,-0.27758342027664185,-0.10827233642339706,-0.27679985761642456,0.6181402206420898,-0.21719537675380707,-0.2739575207233429,4.314293384552002,-0.23187513649463654,-0.24499301612377167,-0.0017104879952967167,-0.07179304212331772,0.8720570802688599,-0.2784489095211029,-0.27555423974990845,-0.08434192836284637,-0.2738603353500366,-0.277425080537796,1.0669386386871338,-0.17441700398921967,0.10293468832969666,-0.2396567314863205,-0.2779513895511627,-0.2739947438240051,-0.145378977060318,-0.052246492356061935,-0.20801855623722076,0.7535039782524109,-0.2776695191860199,-0.2716081738471985,0.3844550848007202,-0.10727271437644958,-0.16890084743499756,-0.13220471143722534,-0.20431755483150482,0.5731297731399536,1.8298735618591309,-0.24438191950321198,-0.18701067566871643,-0.2280827760696411,-0.15901094675064087,0.9068935513496399,6.7137370109558105,1.4290871620178223,0.12975840270519257,-0.2766576409339905,-0.2769104242324829,-0.09761574864387512,-0.25987574458122253,-0.04144556075334549,-0.23058068752288818,0.9193519949913025,1.107509732246399,-0.035512566566467285,0.4476606547832489,-0.09840021282434464,0.2775004804134369,-0.23708565533161163,0.7822400331497192,-0.24177907407283783,-0.22517609596252441,-0.2705082297325134,-0.27704355120658875,0.4757939875125885,-0.16192953288555145,-0.13480693101882935,-0.25774887204170227,-0.22403603792190552,0.051559727638959885,-0.2076810896396637,-0.2641982436180115,-0.1864481419324875,-0.03526241332292557,-0.045281726866960526,0.36423417925834656,-0.23325923085212708,-0.2777183949947357,-0.275986909866333,-0.25151702761650085,-0.027769017964601517,-0.053304366767406464,-0.2277449369430542,-0.25781989097595215,-0.2596485912799835,-0.2776493430137634,0.5350266098976135,-0.2497839480638504,0.35808268189430237,-0.12103129178285599,-0.11086488515138626,-0.23009343445301056,-0.08321536332368851,1.8981026411056519,-0.2573828101158142,-0.20030388236045837,-0.12891200184822083,0.08718841522932053,0.023454051464796066,-0.10864302515983582,1.535839319229126,0.06076475977897644,-0.24172177910804749,-0.27688083052635193,-0.011893467977643013,-0.16729135811328888,-0.2390119880437851,-0.13716720044612885,-0.25493454933166504,-0.2720556855201721,-0.26071375608444214,1.0031518936157227,0.8772711157798767,-0.011623559519648552,-0.23570889234542847,0.2990418076515198,0.03242744877934456,-0.12366807460784912,0.24310526251792908,0.06752883642911911,-0.1199253648519516,-0.09888418018817902,-0.24708017706871033
38,560,645,570,654,-0.16250507533550262,-0.13878117501735687,-0.06905030459165573,1.6558600664138794,-0.16077563166618347,-0.23530566692352295,-0.2239157259464264,-0.22531072795391083,-0.21039283275604248,-0.22963611781597137,-0.20546820759773254,-0.08261632174253464,-0.1846323311328888,5.299745082855225,1.8664000034332275,-0.27610933780670166,-0.09831462055444717,0.10849832743406296,-0.2633260190486908,-0.10226912796497345,-0.20638176798820496,4.120100021362305,-0.2779850661754608,-0.27822670340538025,1.5787309408187866,-0.12494213879108429,-0.2238604575395584,-0.1640286147594452,-0.23580506443977356,-0.20286987721920013,-0.1415713131427765,-0.21087521314620972,-0.2631766200065613,-0.0704866573214531,-0.25157302618026733,-0.2513098120689392,0.515704870223999,-0.07352275401353836,-0.27792835235595703,-0.24781149625778198,-0.27495914697647095,0.6322320103645325,0.5726590156555176,-0.260456383228302,-0.17557555437088013,1.0260244607925415,-0.21908080577850342,0.6312711834907532,-0.20161107182502747,-0.2292429804801941,0.3587271273136139,-0.2543492913246155,-0.2769507169723511,-0.14824409782886505,0.9629319906234741,-0.24469433724880219,-0.2780369818210602,-0.12397220730781555,0.29825156927108765,-0.2757366895675659,-0.2723141014575958,-0.2781931757926941,0.08768051862716675,-0.26825663447380066,1.2438470125198364,0.10853265225887299,-0.026530183851718903,-0.24136975407600403,-0.26663362979888916,-0.2293652445077896,-0.17742934823036194,-0.20272722840309143,-0.13396716117858887,-0.24634042382240295,0.9400498867034912,-0.27846452593803406,-0.2766059637069702,-0.27746352553367615,0.42676758766174316,-0.10722160339355469,0.7343080043792725,-0.24469703435897827,-0.2770111858844757,-0.2378317266702652,-0.20688793063163757,-0.0829155370593071,-0.23920300602912903,-0.11730148643255234,2.103999376296997,-0.19579869508743286,-0.04618041217327118,-0.2721107602119446,-0.2782808542251587,1.0487375259399414,-0.21986103057861328,-0.26781728863716125,1.1103540658950806,-0.09769891947507858,0.9256255030632019,-0.2187831550836563,2.359867811203003,-0.02680608443915844,-0.0905304104089737,-0.15274114906787872,-0.05666857212781906,-0.2366562932729721,1.7037577629089355,-0.1970994621515274,-0.2784631550312042,-0.15237806737422943,-0.12606333196163177,-0.16739127039909363,-0.1190497949719429,2.5179636478424072,-0.21690887212753296,-0.04821111261844635,-0.25033023953437805,-0.26546481251716614,0.10338442772626877,1.5123755931854248,0.949264407157898,0.5503270030021667,-0.2603718638420105,0.06443444639444351,-0.26007965207099915,-0.22294186055660248,-0.10175198316574097,0.5777035355567932
39,319,229,330,240,1.2986228466033936,-0.27802059054374695,-0.12299966812133789,0.986808717250824,-0.015050244517624378,-0.2057616412639618,-0.278243750333786,-0.2475036233663559,-0.2176056206226349,-0.2655476927757263,0.5677346587181091,-0.27644380927085876,-0.2738581597805023,2.8744871616363525,-0.06594694405794144,-0.223094180226326,-0.08025205135345459,-0.2784641981124878,-0.19326673448085785,-0.11751480400562286,-0.22097252309322357,0.5459243059158325,-0.2784023582935333,-0.27450621128082275,-0.22043877840042114,-0.2610689699649811,-0.2054048329591751,-0.2708030641078949,1.2754216194152832,0.12104440480470657,-0.2631738483905792,-0.1758902221918106,0.21610629558563232,-0.01580086722970009,-0.2625930905342102,-0.2776040732860565,-0.2093852311372757,0.12034420669078827,-0.2784445285797119,0.09928358346223831,-0.2777649760246277,-0.22561484575271606,-0.25739070773124695,0.06318963319063187,0.08249833434820175,-0.16899488866329193,-0.2508139908313751,0.27869728207588196,-0.27468204498291016,-0.11516748368740082,0.5604708194732666,-0.23015296459197998,-0.2005111575126648,-0.20251910388469696,0.5035415887832642,-0.24010831117630005,-0.253511905670166,-0.2573133409023285,-0.21093222498893738,-0.21103954315185547,-0.21237725019454956,1.6007466316223145,-0.25293436646461487,-0.26182547211647034,4.906986713409424,-0.18770869076251984,-0.05182553827762604,0.6082983613014221,-0.27505922317504883,0.3497975468635559,1.8028920888900757,-0.26881060004234314,-0.2315736711025238,-0.18204638361930847,0.16020004451274872,-0.27534759044647217,1.155362844467163,-0.26250630617141724,-0.12390922755002975,-0.14706465601921082,-0.26270386576652527,-0.2175336480140686,-0.26747992634773254,-0.2586117088794708,-0.06360872089862823,-0.26439303159713745,-0.22086134552955627,-0.12439114600419998,1.9678415060043335,-0.2750302851200104,-0.07541387528181076,-0.27363020181655884,-0.26752859354019165,-0.27121710777282715,-0.2784470319747925,-0.18500980734825134,-0.20848996937274933,-0.15040741860866547,-0.26720207929611206,0.3135751485824585,1.6387368440628052,-0.20267823338508606,0.4538997411727905,0.453197181224823,-0.23988419771194458,-0.2664559483528137,0.7998688817024231,-0.21728774905204773,-0.251079797744751,0.06555568426847458,-0.2399943619966507,-0.27359554171562195,-0.24818110466003418,0.8681386709213257,-0.017660681158304214,-0.19824615120887756,0.12438143789768219,-0.26893356442451477,-0.2089647352695465,0.17283321917057037,0.12344422936439514,0.03822901472449303,-0.1645989567041397,0.7334589958190918,-0.17216669023036957,-0.2392706573009491,0.9705844521522522,-0.14144781231880188
40,548,607,558,617,0.176053985953331,-0.2718973159790039,0.12736336886882782,0.9685804843902588,-0.10055280476808548,-0.2754121422767639,-0.19999583065509796,-0.22810497879981995,-0.2530474066734314,-0.18785077333450317,0.7613713145256042,-0.20773237943649292,0.551317572593689,0.041302021592855453,-0.13093601167201996,-0.163107767701149,-0.2665195167064667,-0.13122662901878357,-0.22903890907764435,-0.27192389965057373,-0.2652721107006073,0.11685176938772202,0.3710838258266449,0.01743427664041519,0.3196568489074707,-0.23324085772037506,-0.1769712120294571,-0.2529800534248352,-0.09355878084897995,0.5953507423400879,-0.030266880989074707,-0.25976306200027466,0.15262208878993988,0.13462570309638977,-0.24878984689712524,-0.27845609188079834,-0.26205334067344666,0.18543380498886108,-0.2729853391647339,-0.23652058839797974,-0.27630409598350525,-0.22711431980133057,-0.27835553884506226,-0.19198521971702576,0.6223459243774414,-0.20792259275913239,-0.14603659510612488,0.5491158366203308,-0.061663154512643814,-0.039537571370601654,0.4035966992378235,-0.243251770734787,0.2548079192638397,-0.12993881106376648,-0.10820017755031586,-0.14077796041965485,-0.27394899725914,-0.07447478175163269,-0.018851865082979202,-0.2505549490451813,0.07817907631397247,0.7835829854011536,0.07232479006052017,-0.2779325842857361,0.058514222502708435,-0.15183427929878235,-0.22613029181957245,-0.04222627729177475,0.21967874467372894,0.4119436740875244,0.8700271248817444,-0.2778513729572296,-0.21624755859375,-0.017509086057543755,0.009426704607903957,-0.2706800103187561,0.0967358723282814,-0.2773166596889496,-0.2732807993888855,-0.21497005224227905,0.10169222205877304,-0.2701142430305481,-0.2708144783973694,-0.2402459681034088,-0.07651291787624359,-0.0977863073348999,-0.2356964647769928,-0.16266697645187378,0.4993688762187958,-0.23977923393249512,-0.22025886178016663,0.2261016070842743,0.3143053352832794,-0.24904707074165344,-0.2765621244907379,-0.27472400665283203,-0.19231675565242767,0.6175310015678406,-0.23738452792167664,0.3799576759338379,0.07693199813365936,0.2637481093406677,0.1954149454832077,0.2885477840900421,-0.27719882130622864,0.055270563811063766,-0.005354583729058504,-0.2575135827064514,0.005309658125042915,-0.0723651573061943,-0.15597926080226898,-0.2782662510871887,-0.27585259079933167,-0.14423125982284546,0.44428688287734985,-0.27169477939605713,0.044442929327487946,-0.278442919254303,-0.2781928479671478,-0.09430615603923798,-0.04758770018815994,0.8417358994483948,-0.2784278094768524,0.2621351182460785,-0.0774766132235527,0.2895900309085846,-0.128971129655838,-0.20202620327472687
41,247,496,257,506,-0.1693596988916397,-0.22225196659564972,-0.152879998087883,1.5620062351226807,-0.01714904233813286,0.7599228620529175,-0.2698075771331787,-0.22726112604141235,-0.1806190460920334,0.8274105787277222,-0.14102137088775635,-0.13324937224388123,-0.21870006620883942,-0.27846401929855347,0.20781831443309784,-0.26032349467277527,-0.013800498098134995,-0.2570441663265228,-0.20877361297607422,-0.13994812965393066,-0.20203423500061035,0.613940417766571,-0.27455687522888184,2.8428683280944824,3.156161308288574,-0.2679266631603241,-0.2256658971309662,-0.21888038516044617,-0.2464366853237152,-0.2259434461593628,-0.2771752178668976,-0.19657865166664124,-0.27798253297805786,0.2072020322084427,-0.25606569647789,-0.2603335380554199,0.46006983518600464,-0.08153358101844788,-0.2782639265060425,-0.2761762738227844,-0.2758132517337799,0.9056681394577026,0.4399906396865845,-0.15408791601657867,-0.27807024121284485,0.1386948972940445,-0.18131157755851746,1.3120440244674683,6.24822473526001,1.8307535648345947,-0.07942687720060349,0.009667864069342613,-0.24272365868091583,0.33275875449180603,-0.2598637342453003,-0.0334801971912384,-0.24138596653938293,0.9116579294204712,-0.2509360909461975,-0.12938395142555237,0.24477528035640717,-0.2765628397464752,-0.14907731115818024,-0.020006349310278893,-0.26897624135017395,-0.2609201669692993,-0.2773432433605194,-0.24655631184577942,2.860119581222534,0.006691972725093365,0.04039347171783447,-0.23940975964069366,-0.2634247839450836,-0.25931039452552795,-0.2748347520828247,-0.2675725519657135,-0.10970450937747955,-0.17563693225383759,-0.2781449854373932,-0.1851349174976349,1.6163957118988037,-0.15009047091007233,-0.27569183707237244,0.41570302844047546,1.3794426918029785,-0.07894612103700638,-0.03850993514060974,-0.2108754813671112,-0.2784636914730072,-0.26974403858184814,-0.15502537786960602,0.9045711755752563,-0.2783648669719696,0.7718890309333801,-0.14264732599258423,-0.1612246036529541,-0.004598082508891821,-0.21236160397529602,-0.009351808577775955,-0.27795419096946716,-0.24073705077171326,1.0713473558425903,-0.16232623159885406,-0.04328840225934982,-0.19924980401992798,0.412919819355011,1.8516680002212524,-0.2691861093044281,-0.24966634809970856,-0.26346394419670105,-0.2782357931137085,-0.16521397233009338,-0.14198695123195648,0.15628963708877563,-0.12881377339363098,0.015210449695587158,0.007109221536666155,2.0371782779693604,0.05976581200957298,0.300076961517334,0.49986129999160767,0.3821071684360504,-0.21268585324287415,1.4458062648773193,1.166887879371643,-0.2517834007740021,-0.13105230033397675,0.14543144404888153
42,646,692,656,702,-0.07940641790628433,-0.11603320389986038,-0.10788273811340332,1.5151913166046143,-0.041585881263017654,0.4691108763217926,-0.25574585795402527,-0.2740056812763214,-0.10238973051309586,-0.18409515917301178,0.004704978317022324,-0.15767358243465424,-0.27175602316856384,3.8356740474700928,-0.20393714308738708,-0.2695200443267822,-0.0031104511581361294,-0.09490443021059036,0.4020348787307739,0.0039102453738451,-0.18404686450958252,0.5880773663520813,-0.2697210907936096,-0.27615320682525635,2.5929272174835205,-0.20716731250286102,-0.017225349321961403,-0.18537798523902893,-0.237420454621315,-0.2782651484012604,-0.19196249544620514,-0.05279218778014183,-0.22576232254505157,0.01201658509671688,-0.2780303657054901,-0.2664793133735657,0.7070249915122986,-0.07050471007823944,-0.1734202802181244,-0.10106354206800461,-0.21227623522281647,0.969837486743927,1.6490250825881958,-0.2780590057373047,-0.1550285369157791,-0.1292976438999176,-0.21067599952220917,1.5204569101333618,6.71331262588501,0.8515936732292175,-0.12424147129058838,-0.07425988465547562,-0.23166011273860931,0.29423418641090393,-0.26011922955513,-0.02811572141945362,-0.2504941523075104,0.4498245418071747,1.230461835861206,-0.04499564692378044,0.2521565556526184,-0.25047194957733154,0.7386684417724609,-0.13798527419567108,-0.12698926031589508,-0.22994375228881836,-0.2471497505903244,-0.27293893694877625,-0.2544836401939392,-0.09585804492235184,-0.24625220894813538,-0.2708204984664917,-0.2235010862350464,-0.2733933925628662,0.1318359673023224,-0.24501976370811462,-0.18535949289798737,-0.1141090914607048,-0.1044040396809578,-0.08282927423715591,1.6351206302642822,-0.24986201524734497,-0.27839747071266174,-0.24537049233913422,-0.24745255708694458,-0.01577841490507126,-0.057499274611473083,-0.24729235470294952,-0.23751747608184814,-0.2580188512802124,-0.27512621879577637,0.7966529130935669,-0.2528522312641144,1.12808096408844,-0.13352566957473755,-0.15869121253490448,-0.09274323284626007,-0.08000336587429047,1.851689100265503,-0.2668978273868561,-0.1561417579650879,-0.1357896775007248,0.012586884200572968,0.06399068236351013,-0.14480111002922058,1.2356376647949219,-0.0362943597137928,-0.2603144645690918,-0.18957002460956573,-0.2510078549385071,-0.17480558156967163,-0.2420295774936676,-0.12127617001533508,0.006226417142897844,-0.25178927183151245,-0.26685234904289246,-0.2632257640361786,0.32503852248191833,-0.20611663162708282,-0.039373982697725296,0.5800562500953674,0.37247714400291443,-0.1810152679681778,0.34824034571647644,-0.03625807911157608,-0.08319022506475449,-0.04443413019180298,-0.16552725434303284
43,470,730,480,739,0.9903926849365234,-0.27061790227890015,-0.15443037450313568,0.9401664137840271,-0.005078584887087345,-0.27566859126091003,-0.2705138325691223,-0.24354231357574463,-0.21549348533153534,-0.27787134051322937,1.216477632522583,-0.27845022082328796,-0.2733727693557739,3.0118472576141357,-0.2665969133377075,-0.21173757314682007,-0.016098886728286743,-0.18152350187301636,-0.20144791901111603,-0.12957434356212616,-0.19668175280094147,0.23329029977321625,-0.2697969675064087,-0.25518369674682617,-0.26435771584510803,-0.2774161100387573,-0.21849945187568665,-0.2780109643936157,0.930658221244812,-0.13922977447509766,-0.17131328582763672,-0.15380193293094635,-0.0812457874417305,0.6075954437255859,-0.2721942961215973,-0.27807894349098206,-0.20527061820030212,-0.2542310953140259,-0.20330555737018585,-0.27748584747314453,-0.2527472674846649,-0.18021102249622345,-0.2496732771396637,0.04953446239233017,-0.12014499306678772,-0.2602461874485016,-0.25352755188941956,0.8902624845504761,1.544899582862854,-0.22732287645339966,0.07630713284015656,0.05704650282859802,-0.0200646985322237,-0.1941729635000229,-0.23415875434875488,-0.15026041865348816,-0.25793367624282837,0.5082062482833862,-0.0040509323589503765,-0.09118282049894333,-0.13248808681964874,1.4640541076660156,-0.23778928816318512,-0.18098627030849457,4.620873928070068,-0.26240867376327515,-0.15786166489124298,0.3068139851093292,-0.2712264358997345,0.5141545534133911,2.5262229442596436,-0.05590846389532089,-0.2622802257537842,-0.2670375108718872,0.050716523081064224,-0.27341511845588684,1.003957748413086,-0.2356523871421814,-0.00620922539383173,-0.12027320265769958,-0.13607023656368256,-0.25921547412872314,-0.2784523665904999,-0.27601173520088196,-0.13977082073688507,-0.17608493566513062,-0.23222041130065918,-0.16600751876831055,-0.20955082774162292,-0.27823594212532043,-0.08564244955778122,-0.18346841633319855,-0.27745792269706726,-0.2637566328048706,-0.243101105093956,-0.003679579356685281,-0.2710406482219696,-0.24713443219661713,-0.26655420660972595,0.23230434954166412,-0.13596519827842712,0.03616246581077576,0.4981452524662018,0.3227936029434204,-0.23369711637496948,1.004327416419983,0.18139025568962097,-0.22828128933906555,-0.2530075013637543,0.26809194684028625,-0.18749308586120605,-0.2740772068500519,-0.27812039852142334,0.0944078341126442,-0.03232154622673988,-0.2603919804096222,0.4526408612728119,-0.2772512435913086,-0.1870647817850113,-0.026511183008551598,-0.04484475031495094,0.004482833668589592,-0.11888078600168228,0.8091033697128296,-0.0636848583817482,-0.27741739153862,1.0538753271102905,-0.24275344610214233
44,267,632,278,642,-0.21216973662376404,-0.21098390221595764,-0.23234201967716217,1.014267921447754,-0.018323607742786407,-0.27825790643692017,0.12690691649913788,-0.27604711055755615,-0.1303861439228058,-0.16974930465221405,2.2039289474487305,-0.21552516520023346,0.5487280488014221,0.42699724435806274,-0.2634703814983368,-0.2059701532125473,-0.20132000744342804,-0.18066513538360596,-0.14931519329547882,-0.2528603971004486,-0.27485162019729614,0.3618541955947876,0.30002132058143616,-0.060114357620477676,1.671377420425415,-0.2767886519432068,0.795993447303772,-0.18342705070972443,-0.07148962467908859,-0.12203040719032288,-0.22484071552753448,-0.06750353425741196,0.07758490741252899,0.4272734224796295,-0.26855653524398804,-0.12541329860687256,-0.15775220096111298,0.1635562777519226,-0.11539921164512634,-0.018342413008213043,-0.20185858011245728,-0.18506120145320892,-0.27698084712028503,1.7001625299453735,-0.27813029289245605,-0.2709443271160126,-0.14935702085494995,0.3989834189414978,0.482389897108078,1.4728301763534546,0.05463671684265137,-0.2253584861755371,1.2969990968704224,0.30071184039115906,-0.1773829460144043,-0.09150028973817825,-0.2593766152858734,0.06351338326931,-0.04927467182278633,-0.1309811770915985,-0.05865205451846123,1.0352110862731934,0.13310983777046204,-0.2582951784133911,1.176138162612915,-0.1266525834798813,-0.27672117948532104,1.1942923069000244,0.4388376474380493,1.4523390531539917,0.8033983111381531,-0.246368408203125,-0.2529551684856415,-0.12472169101238251,-0.2679063379764557,-0.2725866138935089,-0.14186181128025055,-0.27710971236228943,-0.14615891873836517,-0.10732641071081161,-0.11156612634658813,-0.25458815693855286,-0.25021255016326904,0.06337285786867142,-0.11856385320425034,-0.042167503386735916,-0.0560976006090641,-0.11263837665319443,0.5174128413200378,-0.2783372700214386,-0.18113112449645996,0.6268504858016968,-0.1751215010881424,-0.275765985250473,-0.2699902653694153,-0.21056360006332397,-0.10476212948560715,0.8160043358802795,-0.20002560317516327,0.11757420748472214,0.11239533126354218,-0.2784642279148102,3.685195207595825,0.7563728094100952,-0.27287936210632324,-0.2163025587797165,0.7268362641334534,-0.17362827062606812,-0.2633982300758362,-0.27798518538475037,-0.20615911483764648,-0.2771490812301636,-0.16349993646144867,0.1126793697476387,0.13230107724666595,-0.2784322500228882,-0.006458066403865814,-0.27634313702583313,0.3462958335876465,-0.21784082055091858,0.004847852513194084,0.21235577762126923,-0.1796841025352478,2.3607757091522217,-0.11933901160955429,-0.1933719664812088,-0.27801474928855896,-0.27374011278152466
45,346,648,357,659,0.13136526942253113,-0.26275649666786194,0.1250595599412918,0.8636579513549805,-0.029967401176691055,-0.26296430826187134,-0.09342308342456818,-0.2701633870601654,-0.27465322613716125,-0.2772520184516907,1.8757450580596924,-0.11884768307209015,-0.19640447199344635,1.104249119758606,-0.24812829494476318,-0.19475629925727844,-0.11317877471446991,-0.08721054345369339,-0.017036153003573418,-0.14572346210479736,-0.277762770652771,-0.27700114250183105,-0.16632255911827087,-0.2166413813829422,-0.045230913907289505,-0.2777630090713501,-0.20415201783180237,-0.256623238325119,0.31166356801986694,0.004799089394509792,-0.27466779947280884,-0.10090421885251999,-0.15472964942455292,0.7413644194602966,-0.2466840296983719,-0.2640426456928253,-0.272516131401062,-0.020162316039204597,-0.26531729102134705,-0.2702094316482544,-0.23956653475761414,-0.26676464080810547,-0.18263064324855804,0.022429145872592926,0.25823572278022766,-0.27845868468284607,-0.24014584720134735,0.8363940119743347,1.4601805210113525,0.6268605589866638,-0.017154226079583168,-0.26379290223121643,0.18896609544754028,-0.26865091919898987,-0.22316808998584747,-0.20524680614471436,-0.2207321673631668,-0.025274770334362984,0.05630294606089592,-0.10822674632072449,1.2615550756454468,1.8909966945648193,-0.13627520203590393,0.3751184344291687,1.7752981185913086,-0.2503628432750702,-0.20244479179382324,-0.1546621173620224,-0.20955219864845276,1.55868399143219,1.129279375076294,-0.18216003477573395,-0.2575400173664093,0.07720579206943512,-0.23361332714557648,-0.2783174514770508,0.2672213017940521,-0.27827098965644836,-0.2345568984746933,-0.2183772623538971,-0.25536367297172546,-0.27762511372566223,-0.2762743830680847,0.26948463916778564,-0.20462964475154877,-0.17700642347335815,-0.25228095054626465,-0.12169070541858673,-0.02281133085489273,-0.27846193313598633,-0.1623189002275467,0.05161169543862343,-0.266133576631546,-0.196992427110672,-0.2535160183906555,-0.229000523686409,-0.27541401982307434,-0.2753293812274933,-0.03103095293045044,0.3631182909011841,-0.1596693992614746,-0.16649121046066284,0.32682880759239197,0.5429723858833313,-0.21842136979103088,0.5681145191192627,0.03174507990479469,-0.252238929271698,-0.10385426878929138,0.4635877013206482,-0.2753636837005615,-0.2558509111404419,-0.1268320083618164,-0.23028862476348877,0.6781417727470398,-0.2710694372653961,3.6048293113708496,-0.08756567537784576,-0.27845627069473267,-0.271254301071167,-0.12400893867015839,0.11674761027097702,-0.26647084951400757,1.1312308311462402,-0.16057316958904266,0.5588828921318054,-0.036860182881355286,-0.2766540050506592
46,305,792,315,802,0.6818205714225769,-0.273514062166214,0.046267319470644,1.1942354440689087,-0.0627174973487854,-0.27526721358299255,-0.27723976969718933,-0.2751874327659607,-0.1618777960538864,-0.20130230486392975,0.0071935513988137245,-0.1525086611509323,-0.2539665997028351,4.044668197631836,0.25692206621170044,-0.22480851411819458,-0.06535709649324417,-0.04263148829340935,-0.1992078423500061,-0.19411498308181763,-0.18229909241199493,2.095130681991577,-0.2783341407775879,-0.2768889367580414,-0.20024795830249786,-0.25655701756477356,-0.03922567516565323,-0.27771860361099243,1.1205041408538818,-0.2589620053768158,-0.2783869504928589,-0.2291135936975479,-0.08102160692214966,0.16820365190505981,-0.25800821185112,-0.2551736831665039,0.07952030003070831,-0.2617712914943695,-0.2718243896961212,-0.06024903431534767,-0.27807432413101196,-0.01645035669207573,-0.2710208594799042,0.4468432366847992,-0.26120421290397644,0.07655883580446243,-0.2770896255970001,0.7300500869750977,-0.27763310074806213,-0.2157602608203888,0.4135025143623352,-0.02425563894212246,-0.13432741165161133,-0.19089354574680328,0.2055494338274002,-0.23737674951553345,-0.27832356095314026,-0.2250807285308838,-0.05004020407795906,-0.2743990421295166,-0.27782586216926575,0.8705735802650452,-0.24214452505111694,-0.05347203463315964,5.367894649505615,-0.070823535323143,-0.06704331934452057,0.5028874278068542,-0.27755609154701233,-0.02642090991139412,2.0027389526367188,-0.2537735402584076,-0.2646276652812958,-0.2088691145181656,0.10601070523262024,-0.27709996700286865,1.324772596359253,-0.25040197372436523,0.2637726366519928,-0.162382572889328,0.23171298205852509,-0.2780296206474304,-0.27824464440345764,-0.17790353298187256,-0.1789599359035492,-0.1470741480588913,-0.22795075178146362,-0.1708919256925583,0.5305095314979553,-0.27534714341163635,-0.1688738316297531,-0.27583587169647217,-0.27344393730163574,-0.18910956382751465,-0.27359867095947266,-0.15945319831371307,-0.11144483834505081,-0.271836519241333,-0.17588448524475098,-0.010410599410533905,0.935210645198822,-0.24266710877418518,0.47206175327301025,0.510899543762207,-0.1481172740459442,-0.26732179522514343,1.3171136379241943,-0.26441943645477295,-0.2599233388900757,0.005908494349569082,-0.22952152788639069,-0.2738085389137268,-0.27506592869758606,2.1696617603302,-0.278440922498703,-0.18044839799404144,-0.1816684603691101,-0.24045106768608093,-0.07857336103916168,0.8202210664749146,0.2542479932308197,-0.05054899677634239,-0.21460796892642975,0.8430642485618591,-0.19465364515781403,-0.2644910514354706,0.36013689637184143,0.11147137731313705
47,253,584,263,593,0.22154851257801056,-0.2690575122833252,0.16950762271881104,0.9020217657089233,-0.053694143891334534,-0.27497541904449463,-0.13855458796024323,-0.26829633116722107,-0.27420198917388916,-0.2633005976676941,1.232161283493042,-0.1896662414073944,0.19341827929019928,0.20179054141044617,-0.19376148283481598,-0.21483749151229858,-0.2599712908267975,-0.14035223424434662,-0.23958556354045868,-0.24734005331993103,-0.26906055212020874,-0.18318569660186768,0.2501660883426666,-0.16983669996261597,0.1928483098745346,-0.19391128420829773,-0.2565280497074127,-0.2184232920408249,0.08559044450521469,0.4332085847854614,0.03077387809753418,-0.13470019400119781,-0.005017443560063839,0.05290304496884346,-0.26821330189704895,-0.2637227177619934,-0.2670789659023285,0.13689477741718292,-0.2547316551208496,-0.23732036352157593,-0.2428707778453827,-0.261321097612381,-0.2665116488933563,-0.22524333000183105,0.41515445709228516,-0.26215675473213196,-0.2647903561592102,0.7985622882843018,0.0009771280456334352,-0.0018668322591111064,0.05247219279408455,-0.2666402757167816,-0.015715163201093674,-0.25827839970588684,-0.18391695618629456,-0.1509670913219452,-0.24296438694000244,-0.2402011901140213,-0.08353892713785172,-0.2083207368850708,-0.024871524423360825,0.6903699636459351,-0.09430345892906189,-0.2513110935688019,0.07393217086791992,-0.16240325570106506,-0.1967373490333557,-0.11248563975095749,0.07164955884218216,0.5828105807304382,0.6097874045372009,-0.27688029408454895,-0.20935988426208496,-0.2246870994567871,-0.1605920046567917,-0.2746809124946594,0.2763993442058563,-0.2765052616596222,-0.27637627720832825,-0.0764787495136261,-0.07738661020994186,-0.23913820087909698,-0.2626171410083771,-0.24564938247203827,-0.17617596685886383,-0.0009473362588323653,-0.27689388394355774,-0.09421207755804062,0.08638477325439453,-0.2678060829639435,-0.18886813521385193,-0.048676881939172745,0.045625630766153336,-0.22503243386745453,-0.27776870131492615,-0.2710206210613251,-0.2492646872997284,-0.02786923386156559,-0.17603980004787445,0.4041072428226471,-0.01629398576915264,0.21083419024944305,0.12239294499158859,0.3169848918914795,-0.2706764340400696,-0.06900770217180252,-0.1352696269750595,-0.17550374567508698,0.12892833352088928,-0.057152293622493744,-0.23750390112400055,-0.2667992413043976,-0.27425724267959595,-0.1400635689496994,0.4376034438610077,-0.27594834566116333,1.149446725845337,-0.2783367335796356,-0.25824978947639465,-0.23526225984096527,-0.06682710349559784,0.5671898126602173,-0.2770012319087982,0.20863841474056244,-0.14039690792560577,0.44399961829185486,-0.21785788238048553,-0.2454867959022522
48,515,737,526,747,-0.1519417017698288,-0.1306164711713791,-0.09972381591796875,1.7121301889419556,-0.010692411102354527,0.6770673990249634,-0.10113514959812164,-0.2710839807987213,-0.23310638964176178,0.1893281638622284,-0.25181931257247925,-0.06919766217470169,-0.11622254550457001,-0.2717043161392212,1.221139907836914,-0.23180459439754486,-0.07475534826517105,-0.2602488100528717,-0.14878779649734497,0.026841003447771072,-0.06458523124456406,4.918555736541748,-0.17897582054138184,2.8447694778442383,4.510974407196045,-0.051639918237924576,-0.2772926390171051,-0.25470155477523804,-0.10792281478643417,-0.08547062426805496,-0.26052072644233704,-0.26516538858413696,-0.22856993973255157,0.35928329825401306,-0.2748749554157257,-0.24712397158145905,0.8867120146751404,-0.010584515519440174,-0.2779044210910797,-0.2749640941619873,-0.2716218829154968,1.170844554901123,0.39246901869773865,-0.09403591603040695,-0.16748696565628052,1.4672908782958984,-0.15643388032913208,2.3046000003814697,1.9395688772201538,-0.27401041984558105,0.10160624235868454,0.48328515887260437,-0.2570478022098541,0.6999408602714539,-0.2176317274570465,-0.030713889747858047,-0.25625526905059814,-0.11046907305717468,-0.2631632685661316,-0.2783051133155823,-0.17251276969909668,-0.2608538269996643,-0.2783236801624298,-0.029563242569565773,-0.2784082889556885,-0.14933638274669647,-0.15481343865394592,-0.26106762886047363,1.7948522567749023,-0.17256245017051697,1.104840636253357,-0.2571338415145874,-0.2509176433086395,-0.04144491255283356,-0.27689462900161743,-0.2741885781288147,-0.10878772288560867,-0.0413331463932991,-0.1894707828760147,-0.1733720898628235,1.9246269464492798,-0.27588143944740295,-0.2780470550060272,-0.27743273973464966,1.957059383392334,-0.03951992839574814,-0.08888572454452515,-0.05065386742353439,-0.2766186594963074,-0.26835235953330994,-0.2784622311592102,1.7586320638656616,-0.23275229334831238,1.0047169923782349,-0.12345865368843079,0.07099402695894241,0.08345083147287369,-0.12774799764156342,-0.27721261978149414,-0.27841466665267944,-0.277523934841156,-0.22149983048439026,-0.20549550652503967,-0.10530541837215424,-0.012436664663255215,0.12033690512180328,2.1185829639434814,-0.27610039710998535,-0.26405736804008484,-0.22283229231834412,-0.2060861438512802,-0.05203524976968765,-0.24181170761585236,0.5128231644630432,-0.2641209661960602,0.06614549458026886,-0.08312775939702988,-0.15710347890853882,0.33827921748161316,1.0399123430252075,0.9152117967605591,0.6832384467124939,-0.25158029794692993,0.8128648996353149,0.4875337779521942,-0.22775794565677643,-0.11100868135690689,1.2057194709777832
49,571,817,581,827,-0.2769480347633362,-0.12558309733867645,-0.27117568254470825,0.8062838315963745,-0.015357154421508312,-0.21547555923461914,-0.2773352861404419,-0.23744380474090576,-0.15393614768981934,-0.27792617678642273,0.9604408740997314,-0.2199331820011139,-0.013225964270532131,-0.04993550479412079,-0.21004197001457214,-0.14905163645744324,-0.03137793019413948,-0.12547264993190765,-0.20468704402446747,-0.0726650059223175,-0.13787193596363068,-0.2058098167181015,-0.04553551599383354,0.27528536319732666,1.1628525257110596,-0.22490127384662628,-0.18652591109275818,-0.1432943344116211,-0.2691700756549835,0.31668269634246826,-0.2773948609828949,-0.15739430487155914,-0.2782633304595947,0.6175116300582886,-0.2784643769264221,-0.12981918454170227,-0.2776738405227661,-0.22444266080856323,-0.22158843278884888,-0.20076793432235718,-0.2338716834783554,-0.27244019508361816,-0.07467865943908691,-0.24882005155086517,0.4005642831325531,-0.27371200919151306,-0.09216023981571198,0.3527175784111023,1.7616140842437744,1.6920721530914307,-0.17165061831474304,-0.26339343190193176,-0.1906408667564392,-0.26754429936408997,-0.2425215095281601,-0.015024565160274506,-0.14456455409526825,-0.17891505360603333,-0.2177020013332367,-0.04125400632619858,0.5986608266830444,0.7082495093345642,0.5620379447937012,-0.18966124951839447,-0.26607826352119446,-0.21047043800354004,-0.25164827704429626,-0.2729646563529968,0.8946465849876404,1.4221336841583252,0.22408618032932281,-0.1985897421836853,-0.14207527041435242,-0.27354124188423157,-0.058920472860336304,-0.27534106373786926,-0.2755977213382721,-0.17965207993984222,-0.19322042167186737,-0.022234417498111725,-0.1869209259748459,-0.20722803473472595,-0.17789903283119202,-0.16269011795520782,0.08983339369297028,-0.27846142649650574,-0.12655435502529144,-0.03978446498513222,-0.2653370499610901,-0.1751902550458908,-0.07370799779891968,0.6222873330116272,-0.26856836676597595,-0.18733464181423187,-0.11800199747085571,-0.24810881912708282,-0.27054423093795776,-0.25536954402923584,-0.13335010409355164,0.3787635266780853,-0.26069480180740356,-0.2783947288990021,-0.03041752241551876,0.3758540749549866,-0.12677989900112152,-0.26623785495758057,-0.14971520006656647,-0.11009620875120163,-0.19064371287822723,0.046596962958574295,-0.17061889171600342,-0.25219404697418213,-0.18026630580425262,-0.26617980003356934,1.2219423055648804,-0.2781151831150055,3.489384174346924,0.6711122989654541,-0.27744361758232117,-0.25716477632522583,0.04157083481550217,0.5258309841156006,-0.2524595260620117,1.252652883529663,-0.1534040868282318,0.18874643743038177,-0.19940277934074402,-0.27685731649398804
50,289,765,301,776,0.6001589894294739,-0.2715819478034973,-0.2205388844013214,1.0304996967315674,-0.0637340396642685,-0.2775800824165344,0.4874962270259857,-0.2376256287097931,-0.24504101276397705,-0.20091412961483002,0.364591509103775,-0.21533288061618805,0.465263694524765,-0.027966903522610664,-0.06980561465024948,-0.11916986107826233,-0.2684282660484314,-0.15530171990394592,-0.20032674074172974,-0.26244795322418213,-0.26467588543891907,0.3246519863605499,-0.1058519259095192,0.5608646273612976,-0.0031832903623580933,-0.26063454151153564,-0.07002730667591095,-0.27049052715301514,-0.015420946292579174,-0.08766507357358932,-0.2554995119571686,-0.24818482995033264,0.18677787482738495,0.528367280960083,-0.2088957577943802,-0.2771974802017212,-0.21244756877422333,-0.2171844244003296,-0.2778046429157257,-0.2057054191827774,-0.27362218499183655,-0.16821348667144775,-0.2781001627445221,-0.1378801017999649,1.238357424736023,-0.2279605120420456,-0.1574345976114273,0.8408025503158569,0.10832561552524567,-0.14664234220981598,0.4140753448009491,-0.15845990180969238,0.00581368338316679,-0.0976317822933197,-0.26713845133781433,-0.1847720891237259,-0.273774653673172,0.1717304140329361,-0.09860146045684814,-0.2370551973581314,0.7418310642242432,1.2830216884613037,-0.0108513617888093,-0.2265903204679489,1.110756278038025,-0.24535883963108063,-0.2639538645744324,-0.1287890523672104,0.4876768887042999,0.466626912355423,2.1205387115478516,-0.2466108649969101,-0.2697947323322296,-0.08977644890546799,-0.1544700413942337,-0.27797985076904297,0.28105151653289795,-0.2767241597175598,-0.23542608320713043,-0.22146491706371307,0.0003335544606670737,-0.27658385038375854,-0.2740457057952881,-0.262123167514801,-0.0036664502695202827,-0.26591089367866516,-0.2775307595729828,-0.2046840488910675,0.0754956379532814,-0.23916426301002502,-0.21620388329029083,0.15197080373764038,-0.07306024432182312,-0.27024900913238525,-0.26267120242118835,-0.21020443737506866,-0.2393595576286316,0.47093334794044495,-0.27652034163475037,0.2422112673521042,0.23847083747386932,0.7578970789909363,0.2421819269657135,0.3929734230041504,-0.20717059075832367,0.15335336327552795,0.1398583948612213,-0.2457558661699295,-0.142495259642601,0.021518906578421593,-0.03173670545220375,-0.272197961807251,-0.24287602305412292,-0.1267833560705185,0.16890579462051392,-0.23022106289863586,0.020261986181139946,-0.27723968029022217,-0.2773998975753784,-0.06604988127946854,-0.03333323821425438,0.5706107020378113,-0.263933390378952,0.8601255416870117,0.11552280187606812,-0.024769335985183716,-0.09916430711746216,-0.16669733822345734
51,444,655,456,666,0.324985146522522,-0.2744441032409668,0.009112801402807236,1.0226514339447021,-0.08858035504817963,-0.27262580394744873,-0.19691242277622223,-0.177986279129982,-0.23689551651477814,-0.2352280169725418,0.6717076301574707,-0.12920613586902618,0.4954858422279358,0.21311946213245392,-0.1997976005077362,-0.1319277137517929,-0.2557550370693207,-0.2774084806442261,-0.1964704394340515,-0.2759447693824768,-0.2262527346611023,0.6679561734199524,0.5368974804878235,-0.08007542043924332,0.28757670521736145,-0.2753954827785492,0.3835756182670593,-0.2526572048664093,0.07588259875774384,-0.2297915369272232,-0.27218255400657654,-0.23546256124973297,-0.0641465112566948,1.394610047340393,-0.17750807106494904,-0.278229296207428,-0.1745375096797943,-0.27510207891464233,-0.27574750781059265,-0.23673471808433533,-0.2113477736711502,-0.1845967322587967,-0.18674655258655548,0.05971839651465416,1.1918835639953613,-0.20363256335258484,0.14579686522483826,0.280457079410553,0.12755222618579865,0.07407034188508987,1.0268937349319458,-0.032037973403930664,-0.1810995191335678,-0.1337680071592331,-0.007948530837893486,-0.118936687707901,-0.27441301941871643,0.272952139377594,0.20320908725261688,-0.22869381308555603,-0.27815258502960205,1.3743622303009033,-0.1205967590212822,-0.27668964862823486,-0.009527725167572498,-0.2365139275789261,-0.27832069993019104,-0.002461520954966545,0.19564878940582275,0.6593716740608215,0.4518425166606903,-0.2670302093029022,-0.24772058427333832,-0.15646813809871674,-0.05412604659795761,-0.2784183621406555,0.2112751603126526,-0.2698589563369751,-0.2595691382884979,-0.1938875913619995,-0.03392982855439186,-0.27675336599349976,-0.2682836055755615,-0.26274463534355164,-0.17761516571044922,0.08151362091302872,0.2210140973329544,-0.19924360513687134,0.1477138102054596,-0.13645827770233154,-0.2652404010295868,0.15266525745391846,0.33834749460220337,-0.2743304669857025,-0.27764156460762024,-0.2566238045692444,-0.11630415171384811,0.9181157350540161,-0.22949707508087158,0.052042219787836075,0.13115137815475464,0.15096892416477203,0.3877830505371094,0.1926666796207428,-0.15762698650360107,-0.1911371350288391,0.2080199122428894,-0.22847525775432587,-0.08383063971996307,-0.10942981392145157,-0.04170484095811844,-0.25361955165863037,-0.27761703729629517,-0.24398119747638702,0.433330774307251,-0.2679886221885681,-0.25480979681015015,-0.2402532696723938,-0.27159589529037476,-0.018792714923620224,-0.04795930162072182,0.5131121277809143,-0.27478674054145813,-0.1266813576221466,-0.12843866646289825,-0.018340883776545525,-0.22332198917865753,-0.2209295779466629
52,408,710,420,721,-0.19346165657043457,-0.21468178927898407,0.0007234487566165626,1.223266839981079,-0.05347392335534096,-0.24640178680419922,-0.22256635129451752,-0.27572304010391235,-0.17754746973514557,-0.27839022874832153,1.4112848043441772,-0.2463684231042862,-0.27030831575393677,3.8184616565704346,-0.0824708640575409,-0.1201658546924591,-0.01134182047098875,-0.05714622139930725,0.46931397914886475,-0.26245397329330444,-0.27297526597976685,-0.16838279366493225,-0.27775838971138,-0.2773052752017975,0.013382515870034695,-0.255901575088501,-0.048334553837776184,-0.20831036567687988,0.5139986872673035,-0.27773234248161316,-0.23785138130187988,-0.1377498060464859,-0.2532554566860199,1.292931318283081,-0.2476848065853119,-0.2720261812210083,0.009158700704574585,-0.26158010959625244,-0.2599725127220154,-0.27065590023994446,-0.25809240341186523,0.11010026931762695,0.7470794916152954,0.3175928592681885,-0.24932606518268585,-0.15931327641010284,-0.2771008610725403,1.2608134746551514,4.472270965576172,0.9823326468467712,0.18764628469944,-0.27674388885498047,0.2593939006328583,-0.11365868896245956,-0.263933390378952,-0.22119270265102386,-0.2568727731704712,1.4964195489883423,0.2969211935997009,-0.06536665558815002,2.2732083797454834,1.7804241180419922,0.020355157554149628,2.0896477699279785,3.7137420177459717,-0.27507129311561584,-0.27589666843414307,0.47160208225250244,-0.23097722232341766,1.056472659111023,1.1741580963134766,-0.16995523869991302,-0.27619218826293945,0.26603224873542786,-0.21808740496635437,-0.2700904905796051,0.2791580557823181,-0.2784608006477356,0.42426660656929016,-0.08081313222646713,-0.13617892563343048,-0.12251084297895432,-0.24592730402946472,-0.1478816568851471,-0.25174862146377563,-0.05212279036641121,-0.05896126851439476,-0.2200072854757309,-0.20901203155517578,-0.2718045115470886,-0.22915026545524597,0.22096320986747742,-0.2784644365310669,-0.1584625542163849,-0.27312329411506653,-0.11582696437835693,-0.27798885107040405,-0.23445898294448853,1.0069093704223633,-0.20514219999313354,-0.27091577649116516,-0.2770015299320221,0.5132840871810913,0.8051881790161133,-0.160260871052742,2.8260397911071777,0.25125837326049805,-0.2774692475795746,-0.2709246575832367,0.3166481852531433,-0.24561236798763275,-0.2738233804702759,0.4950486123561859,-0.1465016007423401,-0.0932374894618988,-0.16773103177547455,2.8174548149108887,0.7237200736999512,-0.03642226755619049,-0.1303105503320694,0.005019084084779024,-0.030708149075508118,-0.15565110743045807,0.995049774646759,0.20602376759052277,-0.2637518644332886,-0.06801611930131912,-0.26996663212776184
53,560,854,572,865,-0.21017104387283325,-0.14613096415996552,0.12459077686071396,1.5744773149490356,-0.18372689187526703,-0.2663899064064026,-0.11655406653881073,-0.261037677526474,-0.12561479210853577,-0.277275413274765,-0.2776089012622833,-0.1871219277381897,-0.13134218752384186,6.047146320343018,2.3831381797790527,-0.27756279706954956,-0.02701445110142231,0.011223450303077698,-0.2455025613307953,-0.10537433624267578,-0.22744983434677124,3.7170655727386475,-0.27761444449424744,-0.2708803415298462,0.31488561630249023,-0.1681123524904251,0.1337081640958786,-0.18869511783123016,-0.1896263062953949,-0.18889407813549042,-0.2780718505382538,-0.27724918723106384,-0.27817708253860474,0.29440969228744507,-0.26820215582847595,-0.2722359001636505,0.5912257432937622,-0.05436895042657852,-0.21627627313137054,-0.2754846513271332,-0.27230167388916016,0.6265546083450317,0.29697123169898987,-0.2156500667333603,-0.12647543847560883,1.355553388595581,-0.18742941319942474,1.083653211593628,-0.20732329785823822,-0.27764618396759033,0.08071223646402359,0.43315747380256653,-0.27271825075149536,-0.1540839821100235,0.3082423508167267,-0.25290849804878235,-0.2616663873195648,-0.16832807660102844,0.554233968257904,-0.262580543756485,-0.27213093638420105,-0.27540263533592224,-0.10668700188398361,-0.12371177971363068,2.763766288757324,0.43190863728523254,-0.06986844539642334,-0.16700348258018494,-0.24792350828647614,-0.22441451251506805,0.40810656547546387,-0.2717834711074829,-0.26684826612472534,-0.17129921913146973,0.6810348033905029,-0.27746066451072693,-0.19056934118270874,-0.27846449613571167,0.5684929490089417,-0.11066493391990662,0.20378567278385162,-0.20457103848457336,-0.2741486132144928,-0.24050214886665344,-0.26938626170158386,-0.04176179692149162,-0.1661876142024994,-0.17624734342098236,0.22446657717227936,-0.25719156861305237,-0.11192699521780014,-0.27832135558128357,-0.22720617055892944,1.082491159439087,-0.19695094227790833,-0.05024626851081848,1.0945976972579956,-0.04949432611465454,0.43826568126678467,-0.2513182461261749,2.64593243598938,-0.020767919719219208,-0.08402932435274124,-0.22088320553302765,-0.0464697927236557,-0.27646297216415405,1.0297887325286865,-0.27351129055023193,-0.2524169087409973,-0.23319856822490692,-0.10017500817775726,-0.08636491000652313,-0.17028458416461945,2.8354947566986084,-0.23115868866443634,-0.16244246065616608,-0.2749221622943878,-0.21989993751049042,0.3833920955657959,1.2381685972213745,0.7713953852653503,0.39248278737068176,-0.25293421745300293,0.2705877423286438,-0.2488064020872116,-0.26414963603019714,-0.18985947966575623,0.6326874494552612
54,806,414,816,424,0.25404614210128784,-0.270300030708313,0.04857935383915901,1.0008684396743774,-0.09126164764165878,-0.2641703486442566,0.0025568678975105286,-0.22222201526165009,-0.26170286536216736,-0.15309953689575195,0.6992279887199402,-0.19966797530651093,0.3573474884033203,0.06353097409009933,-0.011256637051701546,-0.11660563200712204,-0.27846306562423706,-0.1415567696094513,-0.26084232330322266,-0.23807750642299652,-0.249282106757164,0.14752332866191864,0.2799241840839386,0.01709115318953991,0.3095788061618805,-0.23450306057929993,-0.17169952392578125,-0.24899926781654358,0.13243649899959564,0.22982574999332428,-0.06017177179455757,-0.25438275933265686,-0.013968481682240963,0.21504870057106018,-0.21108420193195343,-0.27629896998405457,-0.2508377730846405,-0.05225946009159088,-0.2760012149810791,-0.18110491335391998,-0.27698448300361633,-0.19828259944915771,-0.2710271179676056,-0.2137439101934433,0.6278522610664368,-0.2140606790781021,-0.202922061085701,0.6296471953392029,0.2709731459617615,0.10613878071308136,0.29401543736457825,-0.17338351905345917,0.2652495801448822,-0.13040147721767426,-0.13717611134052277,-0.1699536293745041,-0.2783902883529663,-0.08517180383205414,-0.056941863149404526,-0.2591913044452667,0.29169726371765137,0.7523438930511475,0.030242066830396652,-0.2604435086250305,0.18148870766162872,-0.23637162148952484,-0.17661890387535095,-0.0014045886928215623,0.42231324315071106,0.5755250453948975,0.9268310070037842,-0.27586230635643005,-0.19300426542758942,-0.14997734129428864,-0.008404316380620003,-0.27566516399383545,0.25859078764915466,-0.2784133851528168,-0.2373732328414917,-0.2266085296869278,0.13270828127861023,-0.27757930755615234,-0.27703917026519775,-0.2659096419811249,-0.03077174536883831,-0.1484610140323639,-0.2560020387172699,-0.19594936072826385,0.13965517282485962,-0.24239318072795868,-0.2517748177051544,0.17427006363868713,0.3626393973827362,-0.2575773596763611,-0.27366331219673157,-0.2621900141239166,-0.22289139032363892,0.35737040638923645,-0.21710287034511566,0.29388585686683655,-0.05730578303337097,0.28193649649620056,0.12934164702892303,0.5916020274162292,-0.2653524577617645,0.2694248557090759,0.09759573638439178,-0.2782207727432251,-0.14872479438781738,-0.0595187209546566,-0.10655218362808228,-0.2779041826725006,-0.27399373054504395,-0.10227175801992416,0.32753196358680725,-0.2582074701786041,0.22072379291057587,-0.27845513820648193,-0.2782360911369324,-0.0014876134227961302,-0.034931961447000504,0.6422702670097351,-0.2664649188518524,0.35948169231414795,-0.03764700889587402,0.1923646628856659,-0.07958950102329254,-0.2187674194574356
55,650,377,661,387,0.34888142347335815,-0.27460992336273193,0.1635458618402481,0.9035175442695618,-0.03449428081512451,-0.27007707953453064,0.000709186599124223,-0.2779933512210846,-0.27300238609313965,-0.27837634086608887,1.519182562828064,-0.23974907398223877,-0.12918759882450104,1.060584306716919,-0.18253833055496216,-0.15542665123939514,-0.11376786231994629,-0.1452752649784088,-0.15921415388584137,-0.19901339709758759,-0.27561044692993164,-0.27715760469436646,-0.10008488595485687,-0.1856892853975296,-0.05202002823352814,-0.2605680227279663,-0.19679929316043854,-0.2748369574546814,0.4340490400791168,0.1681920439004898,-0.2783109247684479,-0.11802059412002563,-0.05677302926778793,0.6977412700653076,-0.23566225171089172,-0.26162904500961304,-0.2684556543827057,0.05734198912978172,-0.27572765946388245,-0.23214946687221527,-0.2574085295200348,-0.26109054684638977,-0.16800764203071594,0.08716204762458801,0.48933881521224976,-0.2776690125465393,-0.25580933690071106,0.695149838924408,1.306928038597107,0.5947654247283936,0.040612757205963135,-0.27843379974365234,0.39624059200286865,-0.26880428194999695,-0.22285957634449005,-0.2042657881975174,-0.24622352421283722,0.09272122383117676,0.046601492911577225,-0.13706304132938385,1.1835287809371948,1.9850033521652222,-0.18647217750549316,0.3591947853565216,1.965195655822754,-0.23149742186069489,-0.20451952517032623,-0.09963270276784897,-0.1360059231519699,1.4222866296768188,1.3076668977737427,-0.20634616911411285,-0.2127302885055542,-0.028873637318611145,-0.2209673523902893,-0.2724631130695343,0.3125200569629669,-0.2558507025241852,-0.2254888117313385,-0.20072945952415466,-0.2226955145597458,-0.2783263623714447,-0.2759902775287628,0.16177281737327576,-0.2120010107755661,-0.2166292369365692,-0.2555094361305237,-0.1226034015417099,0.027956658974289894,-0.278463751077652,-0.2101171761751175,0.02207934856414795,-0.23192253708839417,-0.2171163409948349,-0.24866513907909393,-0.22862553596496582,-0.27717292308807373,-0.2486298680305481,-0.08267801254987717,0.33180829882621765,-0.10850319266319275,0.08963516354560852,0.39424440264701843,0.5067912936210632,-0.2650548219680786,0.7261234521865845,0.19335928559303284,-0.22536751627922058,-0.16963109374046326,0.45236700773239136,-0.2784539461135864,-0.26410627365112305,-0.06974518299102783,-0.1786378175020218,0.6756186485290527,-0.25588247179985046,3.349497079849243,-0.10266878455877304,-0.2725751996040344,-0.24877199530601501,-0.12146607786417007,0.15874184668064117,-0.27186885476112366,1.0216164588928223,-0.09865695983171463,0.45318928360939026,0.1760040521621704,-0.2705601751804352
56,295,295,305,305,-0.19285938143730164,-0.19016435742378235,-0.11812290549278259,1.3309332132339478,-0.05783036723732948,-0.11594700813293457,-0.2756892740726471,-0.26812615990638733,-0.18534982204437256,-0.18736831843852997,0.5384241938591003,-0.27730292081832886,-0.27829158306121826,4.524392127990723,-0.1003783717751503,-0.19071625173091888,-0.0026538209058344364,-0.19485469162464142,-0.22693143784999847,-0.20530785620212555,-0.22701357305049896,0.4789803922176361,-0.2783532738685608,-0.2748320996761322,-0.07817423343658447,-0.26129111647605896,-0.0648939460515976,-0.2498043179512024,0.4979042708873749,-0.26628419756889343,-0.2449347972869873,-0.10988850146532059,-0.27846434712409973,0.8393592834472656,-0.24698592722415924,-0.2574732303619385,0.30623534321784973,-0.23603305220603943,-0.24482031166553497,-0.2784465253353119,-0.2311309278011322,0.358859658241272,0.4241393208503723,0.20720824599266052,-0.2772573232650757,-0.0851244106888771,-0.2741697430610657,1.0331661701202393,4.452671051025391,0.4546121656894684,0.22527527809143066,-0.1089659035205841,-0.2005406767129898,-0.039970606565475464,-0.23095715045928955,-0.21945655345916748,-0.2725636065006256,1.308040976524353,0.4696519672870636,-0.062494177371263504,0.2574624717235565,1.0855522155761719,-0.10930448770523071,-0.11640733480453491,4.260533809661865,-0.2779295742511749,-0.20572026073932648,0.36577150225639343,-0.27845025062561035,0.17776890099048615,1.1036943197250366,-0.22963835299015045,-0.2719680070877075,-0.07742655277252197,-0.18286055326461792,-0.2257460653781891,0.5354932546615601,-0.2702603042125702,0.6272526383399963,-0.08939933776855469,0.42633920907974243,-0.1652068793773651,-0.2738863229751587,-0.24307584762573242,-0.14013320207595825,-0.05328843742609024,-0.09737759828567505,-0.27497002482414246,-0.25133001804351807,-0.2685058116912842,-0.19746384024620056,0.11606328189373016,-0.2144446074962616,0.1594761461019516,-0.22434799373149872,-0.15013211965560913,-0.21966084837913513,-0.17974458634853363,0.8554531335830688,-0.20751696825027466,-0.27808594703674316,-0.2675848603248596,0.2398899793624878,0.6160625219345093,-0.21274252235889435,2.3186450004577637,0.343718945980072,-0.27732715010643005,-0.24069201946258545,0.026386631652712822,-0.22705543041229248,-0.23795627057552338,-0.24927683174610138,0.05489695072174072,-0.2554508447647095,-0.25678032636642456,0.564829409122467,0.13357822597026825,-0.12520192563533783,0.04778280854225159,0.21619834005832672,-0.031745828688144684,-0.1031222715973854,0.3465126156806946,0.3872295320034027,-0.23693455755710602,-0.2572917938232422,-0.22712832689285278
57,568,664,579,673,-0.22182798385620117,-0.18500961363315582,-0.27603787183761597,1.1199692487716675,-0.02556690387427807,-0.2780650556087494,-0.05782787874341011,-0.2613691985607147,-0.08817408233880997,-0.2628178894519806,1.8052797317504883,-0.2695550322532654,-0.14062899351119995,3.013981819152832,-0.2672733962535858,-0.07398366928100586,-0.064450703561306,-0.07852751016616821,-0.27636581659317017,-0.2207011878490448,-0.20047162473201752,-0.11059878021478653,-0.2283610701560974,-0.27840083837509155,1.434827446937561,-0.20243345201015472,0.9318096041679382,-0.2779320776462555,-0.05966478958725929,-0.2758448123931885,-0.07843098044395447,-0.08943712711334229,-0.13682116568088531,1.403794288635254,-0.2760383188724518,-0.11577335745096207,-0.05798600986599922,-0.2714180052280426,-0.1238299235701561,-0.27829912304878235,-0.27650555968284607,-0.11546828597784042,-0.25015679001808167,0.8875510096549988,-0.16883006691932678,-0.14814506471157074,-0.17876148223876953,0.39090287685394287,3.1868560314178467,1.4978469610214233,0.3118158280849457,-0.2771776616573334,1.504490613937378,0.14692071080207825,-0.18464072048664093,-0.06254550814628601,-0.27659228444099426,1.5261099338531494,0.265738308429718,-0.043281156569719315,0.4060031473636627,1.8047447204589844,0.27193015813827515,0.18765848875045776,3.7511420249938965,-0.2779523432254791,-0.27823442220687866,1.921989917755127,-0.25677746534347534,1.1719748973846436,1.6464450359344482,-0.2507777512073517,-0.221401184797287,-0.24602796137332916,-0.17092077434062958,-0.2659861445426941,-0.18233658373355865,-0.22121228277683258,-0.2706087827682495,-0.101897232234478,0.005231464747339487,-0.27399706840515137,-0.27234724164009094,0.13379909098148346,-0.21423576772212982,-0.02527562715113163,-0.048017531633377075,-0.1659628003835678,-0.11265993863344193,-0.262382447719574,-0.16234654188156128,1.215329885482788,-0.12522895634174347,-0.2351103574037552,-0.23661507666110992,-0.15896578133106232,-0.26919934153556824,-0.2659386992454529,0.05611665919423103,-0.09950798004865646,-0.2620584964752197,-0.256413072347641,2.6573476791381836,0.6654638648033142,-0.14330777525901794,0.3395998477935791,0.8362222909927368,-0.2298707813024521,-0.25637730956077576,-0.17804233729839325,-0.13574843108654022,-0.27185148000717163,0.6751203536987305,-0.21718117594718933,0.18348611891269684,-0.26354697346687317,1.016830325126648,0.28625980019569397,0.6057081818580627,-0.12936455011367798,0.0347861722111702,-0.13040032982826233,-0.09996567666530609,3.0906713008880615,-0.11269816756248474,-0.1821206659078598,-0.2783915102481842,-0.27523741126060486
58,573,222,583,231,-0.25879690051078796,-0.2300964891910553,-0.2350395917892456,0.7876999974250793,-0.0021366076543927193,-0.06295804679393768,-0.19624821841716766,-0.1711704283952713,-0.27653980255126953,-0.2634021043777466,-0.2672741115093231,-0.23032096028327942,-0.06730436533689499,-0.1953313797712326,-0.2571480870246887,-0.0248531736433506,-0.03385983780026436,-0.12411723285913467,-0.06610796600580215,-0.10661134123802185,-0.2596082389354706,0.9412088394165039,-0.21606560051441193,3.7084507942199707,-0.2678889334201813,-0.19712619483470917,-0.05936233326792717,-0.2271386981010437,-0.13720859587192535,-0.25718438625335693,-0.09494563937187195,-0.04604439437389374,0.20737755298614502,-0.2182530015707016,-0.26881957054138184,-0.13414950668811798,-0.27738118171691895,-0.21254698932170868,-0.012858843430876732,1.7491618394851685,-0.2774491608142853,-0.27060210704803467,-0.277439147233963,-0.05092226713895798,-0.261532187461853,-0.2782508134841919,-0.011199048720300198,1.7807245254516602,0.0515456385910511,-0.10273892432451248,-0.1486911028623581,0.5188895463943481,-0.12630945444107056,-0.26849719882011414,-0.1897428333759308,-0.003325961297377944,-0.18971411883831024,-0.25374314188957214,-0.1858154684305191,-0.24521741271018982,-0.24473069608211517,-0.2562354803085327,-0.24827861785888672,-0.14774857461452484,-0.17429757118225098,-0.07442525029182434,-0.2765392065048218,-0.07738631963729858,3.8570022583007812,0.4838576912879944,2.8588733673095703,0.2205301970243454,-0.27334022521972656,-0.08576354384422302,-0.13515952229499817,-0.18399867415428162,0.35132449865341187,-0.14888428151607513,-0.2779419720172882,-0.0175431240350008,-0.2426184117794037,-0.20516356825828552,-0.2774873673915863,-0.09252781420946121,-0.240721195936203,-0.23902185261249542,-0.0569942332804203,-0.0004553327162284404,-0.2330092191696167,-0.06734370440244675,-0.08280375599861145,0.9198049902915955,-0.2782054841518402,-0.14957067370414734,0.04870981723070145,-0.15527968108654022,-0.18633323907852173,-0.2726898193359375,-0.19343270361423492,0.5314713716506958,-0.029075128957629204,-0.17546173930168152,1.5987192392349243,0.06061490625143051,-0.1999840885400772,0.2674351632595062,-0.15802423655986786,-0.050426531583070755,-0.27362316846847534,0.744712233543396,0.8830112814903259,-0.2689650058746338,-0.13328975439071655,0.025649677962064743,-0.2506355047225952,-0.19475552439689636,-0.2057638317346573,-0.09075192362070084,-0.27743667364120483,-0.2276153266429901,-0.18524831533432007,0.46128061413764954,-0.03772912546992302,-0.011019770056009293,-0.25038114190101624,-0.19583940505981445,-0.10255743563175201,-0.23532205820083618
59,706,236,717,247,0.6920637488365173,-0.2503131926059723,-0.10781555622816086,0.9340425133705139,-0.04900256171822548,-0.27602851390838623,0.03891659155488014,-0.2711549699306488,-0.24341295659542084,-0.18296004831790924,0.5502191185951233,-0.22587017714977264,0.02818676456809044,0.34462183713912964,-0.1245790347456932,-0.1822955459356308,-0.22354033589363098,-0.1739131361246109,-0.1844622641801834,-0.27489393949508667,-0.2752150595188141,0.1325470209121704,-0.028766430914402008,-0.03961735591292381,0.03753826394677162,-0.19251413643360138,-0.21347682178020477,-0.27814242243766785,0.11342229694128036,0.35885435342788696,-0.22603864967823029,-0.24006976187229156,0.17616231739521027,0.11246783286333084,-0.24751195311546326,-0.2664572298526764,-0.253746896982193,0.09492623805999756,-0.2781301736831665,-0.2375720888376236,-0.2763347029685974,-0.23547953367233276,-0.26562249660491943,-0.15455277264118195,0.8820460438728333,-0.23577260971069336,-0.24693423509597778,0.5294448137283325,0.02327699400484562,-0.07765348255634308,0.3508087396621704,-0.11283130198717117,0.06978221982717514,-0.1351727694272995,-0.2177356630563736,-0.22579294443130493,-0.24651746451854706,-0.08250115066766739,-0.03504294157028198,-0.24732238054275513,0.30604079365730286,1.2752137184143066,-0.19140376150608063,-0.23959292471408844,1.8559837341308594,-0.242902934551239,-0.27204275131225586,0.10398384928703308,-0.017106179147958755,0.5772218108177185,1.8945462703704834,-0.25054821372032166,-0.2462175488471985,-0.2041591852903366,-0.0044485111720860004,-0.2784365117549896,0.3521457612514496,-0.27742263674736023,-0.26587793231010437,-0.20681330561637878,0.08973422646522522,-0.264344185590744,-0.2761197090148926,-0.2782009243965149,0.12234266847372055,-0.14300636947155,-0.2726536989212036,-0.1518166959285736,0.18327738344669342,-0.23217177391052246,-0.16096284985542297,0.08829091489315033,-0.06075895577669144,-0.23871590197086334,-0.2765415608882904,-0.23027150332927704,-0.2501809895038605,0.1754004955291748,-0.2784620225429535,0.4573003351688385,0.03789244592189789,0.8633868098258972,0.14625667035579681,0.746479868888855,-0.27841916680336,0.11902835220098495,-0.015986118465662003,-0.22364506125450134,-0.18149611353874207,0.05847141891717911,-0.2656036615371704,-0.2762647569179535,-0.2774747610092163,0.08721550554037094,0.28298214077949524,-0.2613559663295746,0.0725083127617836,-0.2652148902416229,-0.27270829677581787,0.007599071599543095,-0.025565234944224358,0.31482431292533875,-0.25692981481552124,0.8019313216209412,-0.06424465775489807,0.06749118119478226,0.23687921464443207,-0.19071778655052185
60,610,656,619,665,-0.160617858171463,-0.19790300726890564,-0.16701829433441162,1.663090467453003,-0.03039821982383728,0.11923752725124359,-0.24344363808631897,-0.22049660980701447,-0.197320356965065,0.7181113958358765,-0.24481676518917084,-0.12438122183084488,-0.2705920934677124,-0.271372526884079,1.5081866979599,-0.27836698293685913,-0.1913222074508667,-0.1879894882440567,-0.15064869821071625,-0.03908194974064827,-0.21605609357357025,4.438304424285889,-0.2489108294248581,2.151416063308716,4.074950695037842,-0.15797120332717896,-0.21711382269859314,-0.2422887235879898,-0.2570142149925232,-0.19485677778720856,-0.22728845477104187,-0.19050344824790955,0.059404000639915466,-0.10326199233531952,-0.2505331039428711,-0.2747865319252014,0.5680329203605652,-0.04476897791028023,-0.24813975393772125,1.378853678703308,-0.2263050526380539,0.7975477576255798,-0.202887624502182,-0.17478032410144806,-0.2673129737377167,1.0258749723434448,-0.1706589162349701,1.1363451480865479,-0.24137425422668457,0.11275532096624374,-0.04556029289960861,-0.08369165658950806,-0.22581054270267487,0.6716835498809814,-0.23928900063037872,-0.06303709745407104,-0.18916863203048706,-0.20668895542621613,-0.11000683158636093,-0.2783830463886261,-0.263307124376297,-0.2783260643482208,-0.20494996011257172,-0.07048176229000092,-0.19355051219463348,-0.24352630972862244,-0.0892724096775055,-0.25956985354423523,4.615085601806641,-0.20290137827396393,0.5391629338264465,-0.16022643446922302,-0.1474006026983261,-0.11750583350658417,-0.276702880859375,-0.27825647592544556,-0.17982697486877441,-0.21220140159130096,-0.03271494433283806,-0.14677010476589203,0.3593522012233734,-0.2765548825263977,-0.2774054706096649,-0.2784254848957062,0.3550451993942261,-0.07696966826915741,-0.0701247975230217,-0.06982331722974777,0.8183106780052185,0.034082457423210144,-0.2722640931606293,0.2996297776699066,-0.2755957245826721,0.7000522613525391,-0.21917448937892914,-0.2059524804353714,0.9340826869010925,-0.20903392136096954,-0.19987650215625763,-0.2720460295677185,0.7889295816421509,-0.18778890371322632,-0.046476028859615326,0.001536472816951573,-0.025402981787919998,-0.2610807716846466,3.685445547103882,-0.21855707466602325,-0.2723621129989624,-0.22675253450870514,-0.26787135004997253,-0.18877992033958435,-0.23667386174201965,2.378683090209961,-0.2777943015098572,0.6484413146972656,-0.17452657222747803,-0.18207941949367523,0.3977287709712982,0.8918168544769287,1.1770131587982178,0.4760090112686157,-0.27767807245254517,0.3945562243461609,0.5111328363418579,-0.27823004126548767,-0.2325250655412674,1.0448188781738281
61,713,280,724,290,-0.02234172821044922,-0.22494475543498993,0.026892300695180893,0.8447636365890503,-0.01833312027156353,-0.2654796838760376,-0.27437880635261536,-0.24860107898712158,-0.2524130940437317,-0.2779761850833893,2.174260139465332,-0.1837797313928604,-0.2470637708902359,2.1628129482269287,-0.22010400891304016,-0.22053787112236023,-0.03396500274538994,-0.0683448314666748,0.14441268146038055,-0.12557518482208252,-0.2765703797340393,-0.2763622999191284,-0.21177606284618378,-0.27838942408561707,-0.15062204003334045,-0.27575334906578064,-0.13096092641353607,-0.27752751111984253,0.4968603551387787,-0.1293945014476776,-0.24173271656036377,-0.10477875173091888,-0.2622128427028656,0.8237747550010681,-0.2488236278295517,-0.2444305419921875,-0.26547861099243164,-0.2337835729122162,-0.23954825103282928,-0.24566392600536346,-0.2246583253145218,-0.24983631074428558,-0.08214707672595978,-0.04335083067417145,-0.07253031432628632,-0.27776557207107544,-0.214151531457901,0.8546805381774902,2.7446327209472656,1.0207147598266602,-0.060212861746549606,-0.27845457196235657,0.24710232019424438,-0.264575332403183,-0.2687872350215912,-0.13806091248989105,-0.2511618137359619,0.4798027575016022,0.19031019508838654,-0.05642019584774971,1.2111468315124512,1.8769742250442505,-0.10846959799528122,-0.02281871810555458,2.498228073120117,-0.2716427743434906,-0.27187788486480713,0.019352443516254425,-0.2753649353981018,1.3973195552825928,1.0302274227142334,-0.13246728479862213,-0.2783440053462982,0.160452738404274,-0.055738549679517746,-0.27381476759910583,0.22039346396923065,-0.25177428126335144,-0.18662935495376587,-0.16502727568149567,-0.23922690749168396,-0.27829912304878235,-0.27705633640289307,0.29997262358665466,-0.17970231175422668,-0.2526090741157532,-0.22388014197349548,-0.14709585905075073,-0.22415143251419067,-0.27627497911453247,-0.12537738680839539,-0.019466128200292587,-0.27318844199180603,-0.21587583422660828,-0.24012266099452972,-0.17533662915229797,-0.27143654227256775,-0.27160197496414185,0.06910514831542969,0.2400560826063156,-0.24606966972351074,-0.2784276008605957,0.4011278748512268,0.6911592483520508,-0.17490237951278687,1.0319370031356812,-0.013325422070920467,-0.2780730724334717,-0.2722879946231842,0.34246841073036194,-0.24299561977386475,-0.2673794627189636,-0.26406025886535645,-0.21228595077991486,0.5834911465644836,-0.2771188020706177,3.3573269844055176,-0.012762706726789474,-0.2459336668252945,-0.25364217162132263,-0.08325427770614624,0.06293825060129166,-0.21619722247123718,1.1984363794326782,-0.12026267498731613,-0.0901138037443161,-0.03658435866236687,-0.2783622145652771
62,386,479,397,489,0.13584761321544647,-0.27758121490478516,0.05976147949695587,0.9786970019340515,-0.08997377008199692,-0.2737277150154114,-0.18538255989551544,-0.21357254683971405,-0.2550443112850189,-0.18353089690208435,0.6464450359344482,-0.1849064975976944,0.5676769614219666,-0.07443296909332275,-0.11969976127147675,-0.16746002435684204,-0.25311458110809326,-0.11270268261432648,-0.2226022481918335,-0.262832373380661,-0.2702811062335968,0.19244399666786194,0.363917738199234,0.09889347106218338,0.2764928638935089,-0.23702466487884521,-0.17147056758403778,-0.24955518543720245,-0.08922743052244186,0.38947418332099915,0.017191307619214058,-0.25164511799812317,0.15136826038360596,0.15455563366413116,-0.2517227232456207,-0.2784205377101898,-0.25897887349128723,0.005721724592149258,-0.2759125530719757,-0.23948903381824493,-0.2750239372253418,-0.21719475090503693,-0.2774747312068939,-0.24469010531902313,0.8202833533287048,-0.22143809497356415,-0.19238823652267456,0.5864264369010925,0.0015788639429956675,-0.09010069817304611,0.4118339419364929,-0.22182080149650574,0.13601359724998474,-0.13030213117599487,-0.1699284166097641,-0.12235067039728165,-0.2754268944263458,-0.06240249052643776,-0.026762396097183228,-0.2628593146800995,0.06322751194238663,0.7789545059204102,0.04885886237025261,-0.2773897051811218,-0.05436871945858002,-0.20090201497077942,-0.18033254146575928,-0.12973958253860474,0.34186622500419617,0.5333856344223022,0.9514197111129761,-0.2778030335903168,-0.23607642948627472,-0.09469226002693176,0.02485336922109127,-0.2686454653739929,0.11669062077999115,-0.2770746350288391,-0.2756359279155731,-0.2108379453420639,0.12372445315122604,-0.2689361572265625,-0.26708319783210754,-0.27081337571144104,-0.08099789917469025,-0.057531192898750305,-0.20676903426647186,-0.15628288686275482,0.2598446309566498,-0.23970112204551697,-0.2232227474451065,0.2096928507089615,0.3060929775238037,-0.2508712708950043,-0.2739627957344055,-0.27470436692237854,-0.18828411400318146,0.6819378137588501,-0.2444295883178711,0.36638739705085754,0.0459044873714447,0.2744489014148712,0.2134169340133667,0.22288861870765686,-0.2743885815143585,0.050012510269880295,-0.06272995471954346,-0.23407018184661865,-0.0425625815987587,-0.040040530264377594,-0.11478910595178604,-0.2781428098678589,-0.27409324049949646,-0.18316945433616638,0.4528750777244568,-0.27323538064956665,-0.05917101725935936,-0.27315372228622437,-0.2771724760532379,-0.09354335814714432,-0.04882657527923584,0.8642816543579102,-0.2784174084663391,0.23559170961380005,-0.07644228637218475,0.2029980719089508,-0.20149680972099304,-0.19727623462677002
63,272,614,282,623,-0.24922563135623932,-0.14385433495044708,-0.26795288920402527,1.6018550395965576,-0.0996471419930458,-0.22064520418643951,-0.14122557640075684,-0.27725857496261597,-0.15165874361991882,-0.16679134964942932,-0.21550177037715912,-0.1409841775894165,-0.15903615951538086,5.564800262451172,1.7289401292800903,-0.2737022638320923,-0.045437783002853394,-0.18134859204292297,-0.2761586010456085,-0.2752649486064911,-0.20777244865894318,3.6025593280792236,-0.27578818798065186,-0.27817973494529724,0.2919950783252716,-0.15081104636192322,-0.19644030928611755,-0.1831340491771698,0.00859090406447649,-0.27603986859321594,-0.2714817523956299,-0.27308812737464905,-0.2705512046813965,-0.2487042397260666,-0.25962331891059875,-0.24032624065876007,0.5608168840408325,-0.0498659722507,-0.23910433053970337,-0.22968833148479462,-0.27751612663269043,0.4883234202861786,0.5159459710121155,-0.27420148253440857,-0.13677433133125305,0.5810707211494446,-0.19994282722473145,-0.00560615211725235,-0.20527119934558868,-0.2440108358860016,0.7521620988845825,0.049627918750047684,-0.2699049711227417,-0.21810096502304077,0.6343239545822144,-0.27793774008750916,-0.27534008026123047,-0.19353102147579193,0.010904498398303986,-0.2556201219558716,-0.17205533385276794,-0.17959031462669373,0.03969601169228554,-0.10550519078969955,2.701491355895996,0.24454441666603088,-0.02113463543355465,0.2674291133880615,-0.27807238698005676,-0.26642605662345886,-0.21576428413391113,-0.24065753817558289,0.07943462580442429,-0.18172907829284668,0.629565954208374,-0.2740063965320587,-0.167674258351326,-0.2733902037143707,0.4934467375278473,-0.10985055565834045,0.5010512471199036,-0.2778240740299225,-0.272020548582077,-0.18846353888511658,-0.1687658280134201,-0.13144519925117493,-0.1829562932252884,-0.1336906999349594,1.2878384590148926,-0.2715665102005005,-0.25970110297203064,-0.25335773825645447,-0.27782559394836426,0.9890077710151672,-0.20969370007514954,-0.24354790151119232,1.1757715940475464,-0.07235760986804962,0.8741773366928101,-0.257493257522583,2.0568835735321045,-0.020473401993513107,-0.20904628932476044,-0.17510490119457245,-0.031221576035022736,-0.24839837849140167,1.801762580871582,-0.2766112685203552,-0.23651067912578583,0.2324136346578598,-0.15903057157993317,-0.20263537764549255,-0.0924958735704422,2.275655508041382,-0.2288404405117035,-0.15875674784183502,-0.26789072155952454,-0.27846387028694153,0.18654316663742065,1.0788196325302124,0.93916916847229,-0.004621303174644709,-0.2491193562746048,-0.052226245403289795,-0.26609691977500916,-0.163121297955513,-0.273826539516449,0.4183724820613861
64,420,637,430,647,0.6024377942085266,-0.22473351657390594,-0.009080701507627964,0.9599936008453369,-0.07152212411165237,-0.2784639000892639,-0.1252889186143875,-0.24594084918498993,-0.2501189410686493,-0.2424064725637436,0.6155377626419067,-0.23780541121959686,0.21796464920043945,0.12936003506183624,-0.1247427761554718,-0.10652454942464828,-0.2642834484577179,-0.15339279174804688,-0.20192335546016693,-0.2765716314315796,-0.2769685685634613,0.06370540708303452,-0.010336791165173054,0.03506414219737053,0.07027186453342438,-0.15613293647766113,-0.17912156879901886,-0.2762693762779236,-0.004104067571461201,0.30357155203819275,-0.19216369092464447,-0.2534541189670563,0.14521019160747528,0.18400759994983673,-0.22349293529987335,-0.2772628366947174,-0.2592352628707886,0.015836764127016068,-0.27843961119651794,-0.2327852100133896,-0.27672529220581055,-0.23325078189373016,-0.2781926393508911,-0.1745610535144806,0.8548518419265747,-0.25020870566368103,-0.22721123695373535,0.5978041291236877,-0.06662079691886902,-0.18353788554668427,0.3074554204940796,-0.11771578341722488,-0.036991432309150696,-0.1802976131439209,-0.16209663450717926,-0.18918301165103912,-0.2622077465057373,-0.0017773417057469487,-0.040851861238479614,-0.2526948153972626,0.17966079711914062,0.8791394233703613,-0.1384647786617279,-0.25126901268959045,0.9594255685806274,-0.17500144243240356,-0.2736033499240875,0.035843074321746826,0.0681498572230339,0.5171399116516113,1.5758428573608398,-0.23699496686458588,-0.20633211731910706,-0.22747395932674408,-0.02643531560897827,-0.27827510237693787,0.3275279104709625,-0.27592384815216064,-0.2613820433616638,-0.22458261251449585,0.07423904538154602,-0.2753491997718811,-0.2781849801540375,-0.27825015783309937,-0.06542181968688965,0.058540862053632736,-0.2719886898994446,-0.18128344416618347,0.08031277358531952,-0.2391025573015213,-0.19633379578590393,0.023263653740286827,0.01966189406812191,-0.23970142006874084,-0.26973018050193787,-0.22560478746891022,-0.25343412160873413,0.3088271915912628,-0.27690067887306213,0.42807161808013916,0.1413690596818924,0.64995938539505,0.19765590131282806,0.2968108057975769,-0.27449101209640503,0.16781295835971832,-0.0010964593384414911,-0.2093145102262497,-0.07805495709180832,0.12274864315986633,-0.22535543143749237,-0.27835723757743835,-0.2765952944755554,-0.08650785684585571,0.3259294629096985,-0.2647157609462738,0.10887663811445236,-0.2687138020992279,-0.27498650550842285,-0.08549921959638596,-0.0819399356842041,0.49471232295036316,-0.27634504437446594,0.4525541067123413,-0.07347467541694641,0.013590254820883274,0.11179105937480927,-0.20620590448379517
65,552,666,563,676,0.5722072124481201,-0.2716413140296936,-0.07843568176031113,0.8285236954689026,-0.015369553118944168,-0.27700474858283997,-0.2168538123369217,-0.2615998387336731,-0.2693748474121094,-0.2591790556907654,1.466508150100708,-0.26372218132019043,-0.25126099586486816,1.494911551475525,-0.2510564625263214,-0.24446140229701996,-0.06527241319417953,-0.21238330006599426,-0.24318352341651917,-0.14201447367668152,-0.25911515951156616,-0.21049192547798157,-0.16741667687892914,-0.27300405502319336,-0.20139460265636444,-0.2665371000766754,-0.202189102768898,-0.26598426699638367,0.4576628506183624,0.2624492645263672,-0.25624120235443115,-0.09272467344999313,-0.0337066724896431,0.4258432388305664,-0.267922967672348,-0.2587317228317261,-0.26311734318733215,0.06354627013206482,-0.2128113955259323,-0.25502461194992065,-0.25298720598220825,-0.2614055275917053,-0.2656780183315277,0.05184769630432129,0.07288419455289841,-0.2673962116241455,-0.2637384831905365,0.8204114437103271,1.224285364151001,0.24122674763202667,0.01088359858840704,-0.23161281645298004,0.2365427315235138,-0.23591803014278412,-0.26690974831581116,-0.1728796660900116,-0.224871426820755,0.03901088610291481,0.01596316695213318,-0.11749745160341263,0.2889605760574341,1.7139972448349,-0.25615668296813965,-0.18539714813232422,2.888805389404297,-0.27645325660705566,-0.2605280876159668,0.1457768678665161,-0.22830505669116974,0.9172881245613098,1.6713910102844238,-0.21963375806808472,-0.27565792202949524,-0.04597398266196251,-0.1579970270395279,-0.2750009298324585,0.34567034244537354,-0.27252089977264404,-0.18529336154460907,-0.12153754383325577,-0.2370252013206482,-0.2578156888484955,-0.27843549847602844,-0.1564374715089798,-0.06057693436741829,-0.27253279089927673,-0.2657988667488098,-0.10725529491901398,0.046920232474803925,-0.2731091380119324,-0.1146877259016037,-0.11034480482339859,-0.24103783071041107,-0.21390779316425323,-0.26711082458496094,-0.18055163323879242,-0.2781042158603668,-0.13196799159049988,-0.251508504152298,0.42426759004592896,-0.09186841547489166,0.40068256855010986,0.34380224347114563,0.9334273338317871,-0.278050035238266,0.4327588975429535,0.12942762672901154,-0.22684988379478455,-0.24961678683757782,0.1574927270412445,-0.23907406628131866,-0.2550601661205292,-0.27529123425483704,0.07885557413101196,0.34716424345970154,-0.2739810347557068,1.9468311071395874,-0.25233563780784607,-0.26170286536216736,-0.11022234708070755,-0.07089181244373322,0.1811923384666443,-0.18937747180461884,0.9419774413108826,-0.09358752518892288,-0.08357180655002594,0.5001121759414673,-0.26108479499816895
66,282,357,292,367,-0.2503563463687897,-0.13463585078716278,0.10422872751951218,0.8648337721824646,-0.025385964661836624,-0.24691997468471527,-0.2737236022949219,-0.25626611709594727,-0.17742377519607544,-0.22381608188152313,1.5414953231811523,-0.25573599338531494,-0.23355013132095337,2.1910579204559326,-0.14617446064949036,-0.2052185833454132,-0.010569465346634388,-0.07578317075967789,0.9866542816162109,-0.12127023190259933,-0.2107451856136322,-0.22011281549930573,-0.1542176455259323,-0.265647292137146,0.9223213791847229,-0.278131902217865,-0.18605881929397583,-0.19021707773208618,-0.2066638320684433,-0.12730924785137177,-0.2668476700782776,-0.10640864074230194,-0.2598190903663635,0.629874587059021,-0.2784530520439148,-0.17504964768886566,-0.26021385192871094,-0.2752801477909088,-0.22508612275123596,-0.1260046809911728,-0.1810765266418457,-0.2321477085351944,0.8777892589569092,-0.24480295181274414,-0.0940212681889534,-0.2766575813293457,-0.1202428862452507,0.90528404712677,3.6039929389953613,1.3792616128921509,-0.09275638312101364,-0.2771807014942169,-0.11246171593666077,-0.26778826117515564,-0.27123120427131653,-0.030346253886818886,-0.20894573628902435,-0.10441212356090546,0.44678476452827454,-0.037477824836969376,1.7610703706741333,0.6778508424758911,0.11030758172273636,-0.21410709619522095,0.14293184876441956,-0.26179561018943787,-0.2607117295265198,-0.2783130705356598,-0.25640740990638733,1.1577264070510864,0.07366099208593369,0.2260584682226181,-0.27845364809036255,-0.2532208263874054,0.07802268117666245,-0.2585706412792206,-0.24437583982944489,-0.19663582742214203,-0.2766748368740082,-0.058140967041254044,-0.10394212603569031,-0.2762833535671234,-0.2383466511964798,0.003385379211977124,-0.0801786407828331,-0.1844259798526764,-0.0976615697145462,-0.06843560934066772,-0.2733250558376312,-0.2267431914806366,-0.14264118671417236,0.13033699989318848,-0.2702223062515259,-0.23802626132965088,-0.1477852314710617,-0.16971154510974884,-0.270152747631073,-0.20748399198055267,0.5119154453277588,0.12910638749599457,-0.269704133272171,-0.20330660045146942,0.09998980164527893,0.6346540451049805,-0.15653783082962036,0.505889892578125,-0.2517792880535126,-0.19334274530410767,-0.11972161382436752,0.24624715745449066,-0.2560971677303314,-0.26879584789276123,-0.23859332501888275,-0.2307346761226654,0.6905751824378967,-0.27836084365844727,4.045908451080322,0.7553958892822266,-0.27839839458465576,-0.25284528732299805,-0.022952768951654434,0.16602618992328644,-0.23285038769245148,1.2145036458969116,-0.2081848382949829,-0.16966062784194946,-0.18821440637111664,-0.27731820940971375
67,446,283,457,293,0.3271757662296295,-0.2518404722213745,0.060442205518484116,1.0147913694381714,-0.12764514982700348,-0.2772284746170044,-0.14387671649456024,-0.19256652891635895,-0.2763865888118744,-0.22338464856147766,0.6867384910583496,-0.24602575600147247,0.5441581010818481,0.11361990869045258,-0.123438261449337,-0.13936679065227509,-0.24936312437057495,-0.1925666481256485,-0.24640332162380219,-0.27650129795074463,-0.2418222427368164,0.00720880925655365,0.2481543868780136,-0.036842312663793564,0.22609125077724457,-0.1850692629814148,-0.17698469758033752,-0.26992157101631165,-0.004423175938427448,0.4853454828262329,-0.0333770215511322,-0.22649085521697998,0.04747516289353371,0.1895650178194046,-0.24534453451633453,-0.2717890441417694,-0.22679416835308075,0.1604103296995163,-0.2762656509876251,-0.07351334393024445,-0.2756064832210541,-0.2210238128900528,-0.27491143345832825,-0.027713699266314507,0.5469622611999512,-0.23815004527568817,-0.1457834392786026,0.47940880060195923,-0.03817512094974518,-0.11316870152950287,0.48076432943344116,-0.22429287433624268,0.1509430855512619,-0.18499264121055603,0.037877317517995834,-0.2045423835515976,-0.2716679871082306,-0.12018154561519623,0.020233185961842537,-0.262515127658844,-0.11720923334360123,1.1465669870376587,-0.15147501230239868,-0.2548912465572357,0.1901320517063141,0.031792450696229935,-0.21218736469745636,-0.018926886841654778,0.13489218056201935,0.505619466304779,0.7151648998260498,-0.27586430311203003,-0.18904513120651245,-0.08784714341163635,-0.17177505791187286,-0.25913843512535095,0.3346512019634247,-0.22688396275043488,-0.22394369542598724,-0.2328072190284729,-0.026311106979846954,-0.27751222252845764,-0.2725145220756531,-0.21889713406562805,-0.12134373188018799,0.1023004949092865,-0.24714168906211853,-0.18773265182971954,0.4037414491176605,-0.2374892383813858,-0.2638882100582123,0.1086936742067337,0.2626793086528778,-0.2652157247066498,-0.23520685732364655,-0.2547829747200012,-0.2011103481054306,0.4563611149787903,-0.20447957515716553,0.27957892417907715,0.11989215761423111,0.6247954368591309,0.1675887107849121,0.467315137386322,-0.2725537419319153,0.04998570308089256,0.16147300601005554,-0.24121400713920593,0.1587611585855484,0.035262711346149445,-0.12822537124156952,-0.276627779006958,-0.2634005546569824,-0.15730543434619904,0.30100488662719727,-0.24799373745918274,0.5206919312477112,-0.2758375108242035,-0.27785494923591614,-0.16881434619426727,-0.07727986574172974,0.5051578283309937,-0.2772257924079895,0.2499932199716568,-0.06091766804456711,0.23721806704998016,-0.1241581067442894,-0.21870946884155273
68,303,233,313,243,0.25766241550445557,-0.25730279088020325,0.18992911279201508,0.9950454235076904,-0.17442260682582855,-0.2710733115673065,-0.22535614669322968,-0.18268996477127075,-0.27676406502723694,-0.1907767653465271,0.6171797513961792,-0.2539467215538025,0.4240110218524933,0.06609243154525757,-0.10435906052589417,-0.13588888943195343,-0.1871979534626007,-0.1783834993839264,-0.26070860028266907,-0.2780408263206482,-0.21634776890277863,0.00028252569609321654,0.4280020594596863,-0.0580337829887867,0.15941157937049866,-0.19965754449367523,-0.17066441476345062,-0.2727958559989929,-0.12274496257305145,0.49825623631477356,-0.012983144260942936,-0.210889533162117,0.03572572395205498,0.1868061125278473,-0.222758486866951,-0.2713092565536499,-0.24413491785526276,0.04590412229299545,-0.2662135064601898,-0.21957312524318695,-0.27490952610969543,-0.23272858560085297,-0.25557956099510193,-0.10324841737747192,0.534756600856781,-0.2449532002210617,-0.1342766433954239,0.4419383108615875,0.023490287363529205,-0.011572194285690784,0.28404954075813293,-0.2046506553888321,0.13055819272994995,-0.20553603768348694,0.03713054582476616,-0.2065030336380005,-0.27312856912612915,0.018318356946110725,0.11305258423089981,-0.2630805969238281,-0.015476620756089687,0.9745578765869141,-0.13044266402721405,-0.27802735567092896,0.09039771556854248,0.0430484265089035,-0.15591871738433838,0.002470501931384206,0.04842131584882736,0.4891979396343231,0.6651548147201538,-0.2782384753227234,-0.13485155999660492,-0.023047512397170067,-0.11531791090965271,-0.2738226056098938,0.19713979959487915,-0.25036585330963135,-0.2676076292991638,-0.2473585307598114,0.11470633000135422,-0.27846190333366394,-0.2703404128551483,-0.2012149542570114,-0.07965455949306488,0.4967397153377533,-0.06259343773126602,-0.184030219912529,0.21867735683918,-0.21286159753799438,-0.25883665680885315,0.2104928344488144,0.3624582588672638,-0.25373613834381104,-0.25731584429740906,-0.2617056667804718,-0.19821861386299133,0.29890885949134827,-0.2053154706954956,0.36272716522216797,-0.02522142045199871,0.4026715159416199,0.13294750452041626,0.37538066506385803,-0.26266881823539734,0.1159275621175766,0.06797441095113754,-0.24780023097991943,0.2900707721710205,-0.007107091136276722,-0.12292193621397018,-0.2756398320198059,-0.2762613296508789,-0.20537269115447998,0.438547819852829,-0.2687258720397949,0.3528251051902771,-0.27846255898475647,-0.27565431594848633,-0.10703650116920471,-0.08724813908338547,0.596177339553833,-0.26351186633110046,0.1521872729063034,-0.08318042010068893,0.2659904658794403,-0.22745256125926971,-0.21989579498767853
69,563,203,574,214,1.363936424255371,-0.2560264468193054,-0.19490906596183777,0.8556796908378601,-0.010840930044651031,-0.27836862206459045,-0.2266354262828827,-0.26603835821151733,-0.21957692503929138,-0.2767471969127655,0.5315818786621094,-0.2538321614265442,-0.24950096011161804,0.9072602987289429,-0.1927040070295334,-0.18150687217712402,-0.06614819169044495,-0.20210076868534088,-0.11921646445989609,-0.19613662362098694,-0.2293475717306137,0.06148784980177879,-0.24476465582847595,-0.20882061123847961,-0.15297281742095947,-0.103748619556427,-0.27405470609664917,-0.27843528985977173,0.21075688302516937,0.4903140366077423,-0.26943081617355347,-0.20549601316452026,0.20307376980781555,0.1175680160522461,-0.26411697268486023,-0.25708940625190735,-0.26725858449935913,0.13767904043197632,-0.2588127553462982,-0.2731478214263916,-0.27051109075546265,-0.2557501196861267,-0.20702539384365082,-0.2104898989200592,0.7509483695030212,-0.24280686676502228,-0.26521027088165283,0.5792001485824585,0.0271363016217947,-0.23196221888065338,0.24819475412368774,0.09468267112970352,-0.014900680631399155,-0.2100357860326767,-0.2001812756061554,-0.15064707398414612,-0.2370484173297882,-0.04456581547856331,-0.09260959178209305,-0.19461344182491302,0.21258719265460968,1.2745580673217773,-0.25857803225517273,-0.2682505249977112,3.158590793609619,-0.2784246504306793,-0.18190592527389526,0.0952925980091095,-0.2229246199131012,0.4270492494106293,2.531120777130127,-0.19984804093837738,-0.2642320990562439,-0.2775147557258606,0.060941532254219055,-0.2779381573200226,0.5788814425468445,-0.2760925889015198,-0.27117854356765747,-0.10480567067861557,-0.003065000055357814,-0.23165775835514069,-0.2766489088535309,-0.2677806615829468,0.2864067852497101,-0.24805337190628052,-0.2449420988559723,-0.09383521229028702,0.05324925109744072,-0.2765423357486725,-0.09069906920194626,-0.09404066205024719,-0.22755014896392822,-0.21698066592216492,-0.2694593071937561,-0.14249716699123383,-0.27846452593803406,-0.07079548388719559,-0.251630038022995,0.589682936668396,0.1369684785604477,1.3734369277954102,0.22051556408405304,0.589217483997345,-0.2749998867511749,0.35739371180534363,-0.12883177399635315,-0.14603912830352783,-0.2780795395374298,0.15145274996757507,-0.25955983996391296,-0.26466697454452515,-0.2783662676811218,0.367699533700943,0.24152615666389465,-0.2585257291793823,0.1601746529340744,-0.2604461908340454,-0.2760758697986603,0.03879885375499725,-0.04332298785448074,0.14931657910346985,-0.201930969953537,1.020043134689331,-0.1033521220088005,-0.15295368432998657,0.8633226156234741,-0.21384330093860626
70,431,672,442,682,0.23519423604011536,-0.27487286925315857,-0.13370396196842194,1.0117816925048828,-0.07297413796186447,-0.26986509561538696,0.5378472805023193,-0.21993915736675262,-0.27538439631462097,-0.22084465622901917,0.5542610287666321,-0.17946548759937286,0.29775309562683105,0.2269841730594635,-0.06570025533437729,-0.14752453565597534,-0.22601313889026642,-0.2449055016040802,-0.2481352984905243,-0.27583247423171997,-0.2768101990222931,0.177622452378273,0.25461864471435547,0.04018997400999069,0.32757511734962463,-0.26209601759910583,-0.11652781069278717,-0.24643053114414215,0.0273178331553936,0.0953608900308609,0.0049670967273414135,-0.1584249883890152,0.12889589369297028,0.2679232358932495,-0.24692022800445557,-0.27845290303230286,-0.22031226754188538,0.10294351726770401,-0.2763509750366211,0.13120152056217194,-0.2784014642238617,-0.2081627994775772,-0.27835163474082947,-0.19472627341747284,0.38086798787117004,-0.13731442391872406,-0.19616244733333588,0.7896845936775208,0.047196466475725174,0.020063169300556183,0.5018199682235718,-0.2660064101219177,0.16364751756191254,-0.18313591182231903,-0.17084862291812897,-0.17685678601264954,-0.2630384564399719,-0.24161922931671143,-0.00984911434352398,-0.2688950300216675,-0.04458829015493393,0.8377638459205627,-0.10387487709522247,-0.2385503500699997,0.28514721989631653,-0.24360530078411102,-0.22439876198768616,-0.025459691882133484,0.4846195578575134,0.18901270627975464,0.749398410320282,-0.2771158814430237,-0.24318012595176697,-0.08038322627544403,-0.1662638932466507,-0.27602094411849976,0.30363160371780396,-0.2772117555141449,-0.24836625158786774,-0.14117684960365295,-0.10676898062229156,-0.2665572464466095,-0.27623891830444336,-0.25821352005004883,0.2045341432094574,-0.21675607562065125,-0.22152385115623474,-0.13733094930648804,0.8196536302566528,-0.275949090719223,-0.237490713596344,0.10549136996269226,0.170850932598114,-0.27228614687919617,-0.23554934561252594,-0.2718431353569031,-0.19183562695980072,0.2795409560203552,-0.20534339547157288,0.25294896960258484,0.2512403726577759,0.4575221538543701,0.019833793863654137,0.39179930090904236,-0.26687464118003845,-0.017021188512444496,0.2513859272003174,-0.2779069244861603,-0.02240411937236786,-0.08984564989805222,-0.04461923986673355,-0.2773503065109253,-0.27131298184394836,-0.08632836490869522,0.1534923017024994,-0.2458188533782959,0.5830116868019104,-0.2761303186416626,-0.27662500739097595,-0.0055732871405780315,0.007999223656952381,0.6862213015556335,-0.27839890122413635,0.3889243006706238,-0.12166358530521393,0.5716360807418823,-0.19331428408622742,-0.19584915041923523
71,586,563,597,573,-0.2469770908355713,-0.13172997534275055,-0.14974290132522583,0.8264738321304321,-0.02488524839282036,-0.247233584523201,-0.2693900167942047,-0.24444454908370972,-0.15243396162986755,-0.2620013356208801,1.2793588638305664,-0.24763387441635132,-0.12006157636642456,0.7715198397636414,-0.11279550939798355,-0.2239355891942978,-0.03389909490942955,-0.11439070850610733,0.8851912617683411,-0.09625686705112457,-0.26128920912742615,-0.18462935090065002,-0.08638665825128555,-0.09224507957696915,2.1447131633758545,-0.21127650141716003,-0.18031151592731476,-0.1196049377322197,-0.2678448259830475,0.238226518034935,-0.27650436758995056,-0.1472807377576828,-0.2760588824748993,0.4570177495479584,-0.27546125650405884,-0.14879347383975983,-0.2743925452232361,-0.20914070308208466,-0.24732577800750732,-0.14428448677062988,-0.19944582879543304,-0.2600261867046356,0.5580756664276123,-0.2755410671234131,0.2922596335411072,-0.26309502124786377,-0.10425199568271637,0.792670488357544,2.6247172355651855,1.4605143070220947,-0.0884191170334816,-0.277590811252594,-0.15946191549301147,-0.2667127251625061,-0.2638901472091675,-0.023215370252728462,-0.17237849533557892,-0.23673377931118011,0.06295986473560333,-0.03218439593911171,1.2110098600387573,0.47675859928131104,0.3775097131729126,-0.2714479863643646,-0.24980370700359344,-0.2128390222787857,-0.14710135757923126,-0.2747232913970947,0.044575564563274384,1.0813130140304565,-0.02822449989616871,-0.04555671662092209,-0.2683939039707184,-0.2778649628162384,0.05306366831064224,-0.2751516103744507,-0.2783986032009125,-0.17157354950904846,-0.2315579205751419,-0.04821626469492912,-0.11744669079780579,-0.24269451200962067,-0.22701962292194366,0.13233667612075806,0.18770326673984528,-0.2603035271167755,-0.08351340889930725,-0.06107068434357643,-0.27091333270072937,-0.19052501022815704,-0.11210272461175919,0.38574033975601196,-0.26729658246040344,-0.21116408705711365,-0.1331268548965454,-0.24875187873840332,-0.2779736816883087,-0.22202424705028534,0.2357238233089447,0.25497105717658997,-0.2774614989757538,-0.2646891474723816,0.021346282213926315,0.5383810997009277,-0.16785740852355957,-0.1374954879283905,-0.20901286602020264,-0.17316386103630066,0.0023783117067068815,0.11096261441707611,-0.27699053287506104,-0.25122642517089844,-0.24263669550418854,-0.23565174639225006,1.0643244981765747,-0.27846449613571167,4.0419440269470215,1.0294827222824097,-0.2632397711277008,-0.22816650569438934,0.044698502868413925,0.39130574464797974,-0.2638337314128876,1.61750328540802,-0.23130694031715393,0.4535526633262634,-0.17133386433124542,-0.27827170491218567
72,698,399,708,408,0.3346503674983978,-0.25347256660461426,0.032167647033929825,1.0022624731063843,-0.11456654965877533,-0.27837273478507996,-0.1358872950077057,-0.19414924085140228,-0.269406795501709,-0.2502743601799011,0.7590938210487366,-0.24258695542812347,0.4900229871273041,0.08291614055633545,-0.12220189720392227,-0.13126108050346375,-0.24183142185211182,-0.1688534915447235,-0.252747118473053,-0.2629561722278595,-0.23016147315502167,0.05043143779039383,0.24473844468593597,-0.0017004364635795355,0.2792193591594696,-0.19372965395450592,-0.20107530057430267,-0.2684841752052307,-0.04755427688360214,0.4145495295524597,-0.09760397672653198,-0.2620709538459778,0.057448722422122955,0.21293440461158752,-0.22432585060596466,-0.26196834444999695,-0.2455049306154251,0.1854950338602066,-0.26891669631004333,-0.10727900266647339,-0.2784634232521057,-0.2189026027917862,-0.2754769027233124,-0.03507794067263603,0.5265626311302185,-0.22726260125637054,-0.159091979265213,0.5229381918907166,-0.10395534336566925,-0.11174235492944717,0.5625795125961304,-0.2405586838722229,0.1316697597503662,-0.1846792846918106,0.0996692031621933,-0.19045716524124146,-0.2778535783290863,-0.07148432731628418,0.06713107228279114,-0.2688432037830353,-0.020666081458330154,0.7951174974441528,-0.08504638820886612,-0.25688090920448303,0.08192167431116104,-0.0661337748169899,-0.21567557752132416,0.09827637672424316,0.09875644743442535,0.41387060284614563,0.7528499364852905,-0.26643863320350647,-0.20241482555866241,0.01629415899515152,-0.09603846818208694,-0.27223217487335205,0.2561492919921875,-0.24981072545051575,-0.24382808804512024,-0.24188734591007233,0.04670528694987297,-0.27836546301841736,-0.27660325169563293,-0.13216985762119293,-0.06875675916671753,0.028402140364050865,-0.24001544713974,-0.16179443895816803,0.5443239212036133,-0.23077258467674255,-0.26109832525253296,0.18459460139274597,0.2849288284778595,-0.2594423294067383,-0.23369044065475464,-0.2522657513618469,-0.2187720686197281,0.5046409964561462,-0.2352810502052307,0.28269344568252563,0.16823139786720276,0.28393784165382385,0.12997163832187653,0.33088427782058716,-0.2772064805030823,0.12561467289924622,0.030941737815737724,-0.27444466948509216,0.08967924863100052,-0.015927191823720932,-0.058195821940898895,-0.27095863223075867,-0.2655324339866638,-0.16730789840221405,0.3364066779613495,-0.2509678900241852,0.31034570932388306,-0.2782001793384552,-0.2775793969631195,-0.15839242935180664,-0.08277270942926407,0.5716560482978821,-0.27263784408569336,0.22611744701862335,-0.09975475817918777,0.29487118124961853,-0.15654371678829193,-0.22147506475448608
73,324,761,334,771,0.8791977763175964,-0.27725186944007874,-0.15605966746807098,1.0201125144958496,-0.022318478673696518,-0.211097851395607,-0.2666666805744171,-0.27050045132637024,-0.18051910400390625,-0.26436886191368103,0.32602187991142273,-0.2256086766719818,-0.2565915882587433,3.649223566055298,-0.21366915106773376,-0.2201676368713379,-0.022364405915141106,-0.2784467041492462,-0.18990778923034668,-0.17566445469856262,-0.1655588299036026,0.91110759973526,-0.27816155552864075,-0.26188376545906067,-0.2363896518945694,-0.25538110733032227,-0.18489523231983185,-0.2777615487575531,0.6339152455329895,-0.1296989619731903,-0.24993687868118286,-0.20302128791809082,-0.0897967740893364,0.25074291229248047,-0.27300262451171875,-0.2782425880432129,-0.12688332796096802,-0.2687268853187561,-0.20285724103450775,-0.2749845087528229,-0.24965769052505493,-0.13664750754833221,-0.2755741477012634,0.11738846451044083,-0.18702824413776398,-0.15565329790115356,-0.2578122615814209,0.8172908425331116,0.7107747793197632,-0.27191218733787537,0.3954634368419647,0.7267497777938843,-0.06929377466440201,-0.18863999843597412,-0.24188145995140076,-0.2602832019329071,-0.2665610611438751,-0.1932772994041443,0.001527538406662643,-0.20822420716285706,-0.24479816854000092,0.8638512492179871,-0.26302191615104675,-0.21937242150306702,4.8896870613098145,-0.25904595851898193,-0.16299211978912354,0.4687435030937195,-0.26245924830436707,0.30567696690559387,2.289137125015259,-0.1325955092906952,-0.2682516276836395,-0.20049573481082916,-0.027979591861367226,-0.2745278775691986,1.2012799978256226,-0.2509743273258209,-0.05518997460603714,-0.09553844481706619,0.6079517602920532,-0.2533257007598877,-0.27466854453086853,-0.25932809710502625,0.05935242399573326,-0.2041057050228119,-0.24016423523426056,-0.16824641823768616,-0.26413360238075256,-0.25447022914886475,-0.12699037790298462,-0.17305923998355865,-0.2728365957736969,-0.278351753950119,-0.2701362371444702,-0.032606642693281174,-0.2779369056224823,-0.27527332305908203,-0.27063724398612976,0.19889523088932037,-0.20147466659545898,-0.09476886689662933,0.3294336497783661,0.5301620960235596,-0.24537450075149536,0.43868106603622437,0.47732967138290405,-0.2768007516860962,-0.26155999302864075,0.04999686777591705,-0.20501664280891418,-0.2755802273750305,-0.278078556060791,0.7859988808631897,-0.22332842648029327,-0.2604342997074127,-0.16490042209625244,-0.24661047756671906,-0.21437343955039978,0.3282729387283325,0.05308416858315468,-0.13569709658622742,-0.1728973537683487,0.970599353313446,-0.17056964337825775,-0.27530670166015625,0.7473894953727722,-0.16769589483737946
74,255,600,264,609,0.07296603918075562,-0.27832090854644775,-0.05792432278394699,0.9430748224258423,-0.07918050140142441,-0.27543240785598755,-0.18071910738945007,-0.2463829070329666,-0.26111215353012085,-0.22901426255702972,0.7226923704147339,-0.17864342033863068,0.719115138053894,0.13661228120326996,-0.17138606309890747,-0.21011368930339813,-0.24652668833732605,-0.15618900954723358,-0.21868757903575897,-0.2673429250717163,-0.27307093143463135,0.06307567656040192,0.31587111949920654,-0.09919144958257675,0.2800884544849396,-0.1555074006319046,-0.19666558504104614,-0.2108943611383438,-0.09366443008184433,0.6320216059684753,-0.09566444158554077,-0.1913287341594696,0.18994727730751038,0.03150760754942894,-0.27372536063194275,-0.27846235036849976,-0.24024982750415802,-0.14004844427108765,-0.26090577244758606,-0.22820323705673218,-0.2684389054775238,-0.23405469954013824,-0.27758994698524475,-0.17019090056419373,0.564330518245697,-0.2511294186115265,-0.20175275206565857,0.48007914423942566,0.01678038202226162,-0.10151848942041397,0.5840637683868408,-0.17457278072834015,-0.04322270676493645,-0.1795996129512787,-0.240873783826828,-0.11230912804603577,-0.24866311252117157,-0.042111556977033615,-0.11968802660703659,-0.23334164917469025,-0.169489324092865,0.7492331862449646,-0.06445310264825821,-0.2782251238822937,-0.07620450109243393,-0.10383487492799759,-0.0907452180981636,-0.03599806874990463,0.2614472508430481,0.5726410746574402,0.5685219168663025,-0.2766876816749573,-0.2596002221107483,-0.13723202049732208,-0.10190579295158386,-0.27316004037857056,0.2754862606525421,-0.2714606821537018,-0.27458807826042175,-0.11269257962703705,-0.005116212647408247,-0.24442893266677856,-0.2690166234970093,-0.2591577172279358,0.0017473913030698895,-0.14441697299480438,-0.22599980235099792,-0.12116704881191254,0.1533113270998001,-0.27255067229270935,-0.21483001112937927,0.1161273866891861,0.17842411994934082,-0.26599395275115967,-0.276227742433548,-0.27342018485069275,-0.1877683848142624,0.7142515778541565,-0.22225041687488556,0.3131335973739624,0.1096908450126648,0.3299020826816559,0.09856842458248138,0.34138965606689453,-0.27408158779144287,-0.16276903450489044,-0.03766297176480293,-0.220671609044075,0.12567146122455597,-0.06640270352363586,-0.08732205629348755,-0.27352792024612427,-0.2550060451030731,-0.10228841006755829,0.3047003746032715,-0.2763563096523285,0.09477491676807404,-0.27677983045578003,-0.27256932854652405,-0.1619432121515274,-0.01532326266169548,0.6556188464164734,-0.27387115359306335,0.3122905194759369,-0.11066623032093048,0.4340658187866211,-0.20896978676319122,-0.22059914469718933
75,256,614,267,623,-0.2005068063735962,-0.10221445560455322,0.1063491627573967,1.613424301147461,-0.0286724790930748,-0.23049265146255493,-0.0954979732632637,-0.27815505862236023,-0.08419734239578247,-0.26217082142829895,0.6365503668785095,-0.10212650895118713,-0.18098025023937225,5.4307732582092285,0.8271567225456238,-0.26288464665412903,-0.07299092411994934,0.9133546948432922,-0.15267439186573029,-0.27786555886268616,-0.1963624358177185,4.513306617736816,-0.24876800179481506,-0.2525942027568817,1.7680166959762573,-0.11003854870796204,0.19733907282352448,-0.27778497338294983,-0.07891833782196045,-0.17155595123767853,-0.226414754986763,-0.20152558386325836,-0.2338012307882309,-0.0722539871931076,-0.27443429827690125,-0.21718023717403412,0.5655974745750427,-0.08197899162769318,-0.15473707020282745,-0.238865926861763,-0.2784016728401184,0.37444350123405457,0.976594090461731,1.0279531478881836,-0.11175647377967834,0.48958903551101685,-0.07075892388820648,1.0386518239974976,-0.16879597306251526,-0.03291866555809975,0.10617925226688385,-0.27429789304733276,-0.27342841029167175,-0.1800190806388855,-0.11621462553739548,-0.18761393427848816,-0.27842244505882263,-0.10277944058179855,0.01022365503013134,-0.27467966079711914,-0.1612367033958435,-0.21213696897029877,0.022383499890565872,-0.27648717164993286,3.1749916076660156,0.3816632032394409,-0.012044425122439861,-0.0009099480812437832,-0.27302756905555725,-0.27668723464012146,0.2049400955438614,-0.2170776128768921,-0.26634252071380615,-0.15647324919700623,0.13407842814922333,-0.258611798286438,-0.14065377414226532,-0.2722263038158417,0.1559198945760727,-0.03745332360267639,0.818340003490448,-0.26851874589920044,-0.2715156376361847,-0.2741222083568573,-0.1207117885351181,-0.012420790269970894,-0.06902789324522018,-0.05579483136534691,2.23062801361084,-0.2468034029006958,-0.22901150584220886,-0.27359363436698914,-0.0733586922287941,0.9375879764556885,-0.24695125222206116,-0.2235170304775238,0.539901077747345,-0.12219999730587006,0.41134750843048096,-0.2538055181503296,2.398101568222046,-0.01608606055378914,2.005380630493164,-0.1915513426065445,-0.03533058986067772,-0.08284752815961838,2.5182228088378906,-0.25758862495422363,-0.23955915868282318,-0.27498751878738403,-0.042214926332235336,-0.16818059980869293,-0.11385606229305267,2.9281442165374756,-0.21869443356990814,-0.17977622151374817,-0.1763981580734253,-0.27793750166893005,0.7968177199363708,0.5987604260444641,0.6978839635848999,-0.04393310472369194,-0.26768574118614197,0.8655582070350647,-0.2499978244304657,-0.07549282908439636,-0.11501952260732651,0.6002259254455566
76,601,672,611,681,-0.25183171033859253,-0.21835817396640778,-0.14637728035449982,1.4971036911010742,-0.1007392480969429,0.46881139278411865,-0.25235623121261597,-0.2416839897632599,-0.0869017019867897,0.41561320424079895,-0.27626705169677734,-0.1557409167289734,-0.2362831085920334,4.7073893547058105,0.7906765341758728,-0.21480485796928406,-0.1321348249912262,2.402440309524536,-0.21055404841899872,0.02204069122672081,-0.12224399298429489,2.706428050994873,-0.2627418339252472,-0.0682738721370697,1.3390777111053467,-0.2742132842540741,-0.021173125132918358,-0.23481278121471405,-0.20774346590042114,-0.25548452138900757,-0.274006724357605,-0.26205071806907654,0.008940878324210644,0.04790434241294861,-0.25089430809020996,-0.23586975038051605,0.34481215476989746,-0.21145156025886536,-0.21780067682266235,-0.23948445916175842,-0.273436576128006,0.35739511251449585,0.36039674282073975,0.02732687257230282,-0.2766060531139374,0.8052797317504883,-0.2564487159252167,1.0426554679870605,0.5090541839599609,-0.278461217880249,0.8277811408042908,1.054802417755127,-0.03148458153009415,-0.19901980459690094,-0.257013738155365,-0.22740523517131805,-0.1143459677696228,-0.2326541244983673,0.1414547860622406,-0.22894789278507233,-0.27396655082702637,-0.015193295665085316,0.022869085893034935,0.009423653595149517,4.128783226013184,-0.08130969107151031,-0.22976869344711304,0.0038329579401761293,-0.21942880749702454,-0.2198047786951065,1.3638865947723389,-0.2651536762714386,-0.26061147451400757,-0.10681122541427612,-0.07548303157091141,-0.2777754068374634,-0.2201920449733734,-0.1957147866487503,-0.24446161091327667,-0.13770006597042084,3.0291330814361572,-0.26870298385620117,-0.24936600029468536,-0.18355180323123932,-0.12311098724603653,-0.05207018181681633,-0.16033264994621277,-0.25709810853004456,-0.030679700896143913,-0.2666258215904236,-0.07786192744970322,-0.0007477018516510725,-0.23865965008735657,0.6452019810676575,-0.2780076265335083,-0.21442416310310364,-0.20486125349998474,-0.20860648155212402,0.3043271601200104,-0.16826124489307404,-0.17663568258285522,-0.26298534870147705,0.15420067310333252,0.3471525311470032,-0.2368382215499878,-0.019987493753433228,2.781358003616333,0.5626986622810364,-0.27403581142425537,0.075885109603405,-0.2368435263633728,-0.2294558435678482,-0.07298418879508972,2.4439308643341064,-0.25486162304878235,-0.16140122711658478,-0.24051335453987122,-0.20908620953559875,0.3734877109527588,1.2121328115463257,0.5090118050575256,-0.014232304878532887,-0.22910083830356598,1.7102806568145752,-0.04290399327874184,-0.25227248668670654,-0.253646582365036,0.4272511899471283
77,262,295,274,306,0.027601484209299088,-0.24570584297180176,-0.061648864299058914,1.3900721073150635,-0.04572637006640434,-0.027135133743286133,-0.26230013370513916,-0.2475113421678543,-0.19124089181423187,-0.20496489107608795,0.4996407628059387,-0.2583642899990082,-0.2724533975124359,4.60846471786499,0.06884201616048813,-0.14649660885334015,-0.004840382840484381,-0.14609363675117493,-0.19014687836170197,0.022156476974487305,-0.2609274089336395,0.8977074027061462,-0.2736877501010895,-0.2780367136001587,-0.03228580951690674,-0.2784111201763153,-0.05582751706242561,-0.2727259397506714,0.7299554347991943,-0.2743891477584839,-0.2656169533729553,-0.2263903021812439,-0.256034791469574,0.9202654957771301,-0.20732703804969788,-0.1418696641921997,0.30948999524116516,-0.20290468633174896,-0.2698976993560791,-0.16699360311031342,-0.25715354084968567,0.4411802291870117,0.8139322400093079,0.3123486638069153,-0.20909138023853302,-0.13652199506759644,-0.2770729959011078,0.7095238566398621,4.5963544845581055,0.4341146647930145,0.6779037117958069,0.0090238768607378,-0.18649961054325104,0.04881792142987251,-0.19203177094459534,-0.25980550050735474,-0.24764440953731537,1.814835786819458,0.4188515543937683,-0.11176631599664688,0.36437854170799255,1.2628681659698486,-0.11203189939260483,-0.0944603905081749,4.347851276397705,-0.26207756996154785,-0.25000694394111633,0.5616030097007751,-0.2674206495285034,0.4332699775695801,1.2737717628479004,-0.1756734699010849,-0.2783706784248352,-0.11606941372156143,-0.13261379301548004,-0.19459812343120575,1.2111361026763916,-0.27339980006217957,1.0645802021026611,-0.08095648139715195,0.4582887291908264,-0.03492610156536102,-0.2507287263870239,-0.2654757499694824,-0.20111282169818878,-0.04766092076897621,-0.07010450214147568,-0.2783435881137848,-0.25193360447883606,-0.24598291516304016,0.38122546672821045,0.12690719962120056,-0.0858088955283165,0.2016509622335434,-0.246425598859787,-0.10705706477165222,-0.26223665475845337,-0.24171169102191925,0.8460472226142883,-0.22226394712924957,-0.2743920385837555,-0.24817140400409698,0.43071702122688293,0.6747992634773254,-0.20373407006263733,2.718778371810913,0.6580634117126465,-0.27691417932510376,-0.198911651968956,0.05549612641334534,-0.2551112174987793,-0.21768949925899506,-0.13908931612968445,-0.013189294375479221,-0.26913607120513916,-0.17464426159858704,0.4239960014820099,-0.05578529089689255,-0.033108796924352646,0.1740204244852066,0.16730158030986786,-0.11499689519405365,-0.12697391211986542,0.312820166349411,0.35617944598197937,-0.25138840079307556,0.3547775447368622,-0.21653218567371368
78,242,727,252,736,-0.2083626389503479,-0.1915530562400818,0.7609003186225891,1.4348790645599365,-0.014816037379205227,0.06884432584047318,-0.20897044241428375,-0.2766987085342407,-0.06348636746406555,-0.23837441205978394,0.9072328209877014,-0.13274505734443665,-0.20987246930599213,5.6189422607421875,-0.028484096750617027,-0.27540960907936096,-0.03746259585022926,1.47003972530365,-0.2528630495071411,-0.25143131613731384,-0.15698890388011932,3.689300537109375,-0.27423712611198425,-0.2759838402271271,1.1553939580917358,-0.25954893231391907,0.8193349838256836,-0.27631711959838867,1.153138279914856,-0.21830321848392487,-0.1595933735370636,-0.19992093741893768,0.0006510825478471816,0.26780030131340027,-0.27764493227005005,-0.14757442474365234,0.37115031480789185,-0.21152742207050323,-0.14684507250785828,0.12403818964958191,-0.2643371522426605,0.2348242700099945,0.5955162644386292,2.051478862762451,-0.1951414793729782,0.23725585639476776,-0.07337509095668793,1.3450971841812134,0.014433656819164753,0.06962032616138458,0.17335239052772522,0.47285741567611694,-0.019897745922207832,0.17891591787338257,-0.24029511213302612,-0.18955013155937195,-0.2747633457183838,-0.2137145847082138,-0.1963912695646286,-0.2765599191188812,-0.17660225927829742,0.07582405209541321,-0.2111927568912506,-0.10954070091247559,5.365306854248047,0.028272883966565132,-0.10247868299484253,0.616851270198822,-0.26988381147384644,0.32980647683143616,1.0921036005020142,-0.27468341588974,-0.25648072361946106,-0.07203466445207596,-0.25070178508758545,-0.26471754908561707,-0.2635757327079773,-0.2774461805820465,0.9114651679992676,-0.028941739350557327,1.0282087326049805,-0.27345994114875793,-0.2782275080680847,-0.2775523364543915,-0.09047889709472656,-0.0032648213673382998,-0.02174627222120762,-0.08166828751564026,0.3251088857650757,-0.15014836192131042,-0.16776829957962036,-0.26916253566741943,-0.09040564298629761,0.4633617103099823,-0.2612040042877197,-0.05876542255282402,-0.15674366056919098,-0.21873854100704193,-0.0169216338545084,-0.23057200014591217,0.4977297782897949,-0.08719376474618912,3.637434959411621,0.1467995047569275,-0.1261768639087677,-0.2013927698135376,2.8798434734344482,-0.27481213212013245,-0.15080387890338898,-0.25666049122810364,-0.05224400386214256,-0.27300432324409485,-0.26750648021698,3.115654945373535,-0.2601928114891052,-0.22378596663475037,-0.18020384013652802,-0.2553616464138031,1.23687744140625,0.9777237772941589,0.3450345993041992,-0.20641298592090607,-0.27839213609695435,1.701945185661316,-0.22271867096424103,-0.10433022677898407,0.14483430981636047,0.12696540355682373
79,744,381,753,389,0.6934480667114258,-0.26679176092147827,0.0092475526034832,0.9374759197235107,-0.06918381154537201,-0.2783065736293793,0.11895565688610077,-0.2701248824596405,-0.27845504879951477,-0.23340976238250732,0.6915426850318909,-0.2780480682849884,-0.011065893806517124,0.3464701175689697,-0.06731480360031128,-0.12089711427688599,-0.23748837411403656,-0.1916324496269226,-0.2525146007537842,-0.2766049802303314,-0.256895512342453,-0.03525888919830322,0.05701394006609917,-0.16750623285770416,-0.041980862617492676,-0.2408606857061386,-0.1842181235551834,-0.2737572193145752,0.10117983818054199,0.33208078145980835,-0.2605588734149933,-0.18908005952835083,-0.007153314538300037,0.20771406590938568,-0.20975220203399658,-0.27846455574035645,-0.254109263420105,-0.07086625695228577,-0.27846452593803406,-0.22033293545246124,-0.2758401036262512,-0.23965846002101898,-0.2782817780971527,-0.07577972859144211,0.6016944646835327,-0.24250321090221405,-0.1942175328731537,0.5823185443878174,0.18599708378314972,0.005498881451785564,0.24267005920410156,-0.20150834321975708,0.018379518762230873,-0.19823744893074036,-0.12051013112068176,-0.2141476422548294,-0.26914069056510925,0.012341899797320366,0.12598395347595215,-0.22845759987831116,0.7097038626670837,1.3017295598983765,-0.13766656816005707,-0.031073102727532387,0.9909593462944031,-0.1511579155921936,-0.27744489908218384,0.09424406290054321,-0.09434241056442261,0.6943125128746033,1.1368513107299805,-0.26912325620651245,-0.15247361361980438,0.056421466171741486,-0.12176334857940674,-0.27477794885635376,0.2941649854183197,-0.2566351592540741,-0.21659837663173676,-0.1683683842420578,-0.09104210883378983,-0.27091965079307556,-0.2750677466392517,-0.2470063418149948,0.10309888422489166,-0.05871998891234398,-0.19625186920166016,-0.17902016639709473,0.11315838247537613,-0.25571152567863464,-0.18685099482536316,-0.016168266534805298,0.09854604303836823,-0.2327495515346527,-0.26919883489608765,-0.2201692909002304,-0.25250327587127686,0.043724413961172104,-0.2515270709991455,0.33803677558898926,0.00786480214446783,0.5437988042831421,0.05611627921462059,0.7378629446029663,-0.24901798367500305,0.23546946048736572,0.032053180038928986,-0.2562306821346283,-0.08229968696832657,-0.07994667440652847,-0.2614496052265167,-0.27818483114242554,-0.27061334252357483,-0.04911249876022339,0.385338693857193,-0.24859409034252167,0.9554001092910767,-0.27559444308280945,-0.2780933082103729,-0.0037828253116458654,-0.08208485692739487,0.4150274991989136,-0.2784532904624939,0.5530420541763306,-0.04773932322859764,0.24654927849769592,0.008708499372005463,-0.23320774734020233
80,556,430,567,441,0.3812025189399719,-0.2775610089302063,-0.03717874363064766,0.9847164154052734,-0.04926497861742973,-0.27800244092941284,-0.01880713552236557,-0.18392369151115417,-0.2781333923339844,-0.17376644909381866,0.7027413249015808,-0.15220509469509125,0.2516690492630005,0.24155893921852112,-0.22954273223876953,-0.17001043260097504,-0.2479047030210495,-0.2020382285118103,-0.1712791472673416,-0.2784516513347626,-0.27835074067115784,0.17784644663333893,0.3058375120162964,-0.17508608102798462,0.20660024881362915,-0.26708492636680603,-0.26608890295028687,-0.26824310421943665,0.06364090740680695,0.26547589898109436,-0.038452886044979095,-0.1726599782705307,0.0018585987854748964,-0.0353180430829525,-0.2732246518135071,-0.2760201692581177,-0.22293546795845032,0.27545374631881714,-0.27638524770736694,-0.015129489824175835,-0.2715413570404053,-0.20535902678966522,-0.2625437080860138,-0.23730093240737915,-0.0332922600209713,-0.16688300669193268,-0.259614497423172,0.6456723213195801,-0.05880240723490715,-0.08797325938940048,0.31728798151016235,-0.27824071049690247,-0.010818295180797577,-0.15099698305130005,-0.03694402426481247,-0.14377734065055847,-0.266342431306839,-0.2581256628036499,-0.08278615772724152,-0.2714571952819824,-0.14724336564540863,0.994459331035614,-0.12754274904727936,-0.2764255702495575,0.3090396523475647,-0.26421108841896057,-0.2662088871002197,0.0986398234963417,0.03706749156117439,0.2685289680957794,0.7734066247940063,-0.2783118784427643,-0.2600294351577759,-0.1414133757352829,-0.08777198940515518,-0.2690879702568054,0.13372938334941864,-0.2784595787525177,-0.26653915643692017,-0.12209610641002655,0.23024329543113708,-0.2628664970397949,-0.27147480845451355,-0.25606799125671387,-0.1222928836941719,-0.21306104958057404,-0.2783011198043823,-0.11295150965452194,0.7461857795715332,-0.27066904306411743,-0.20566777884960175,0.13721852004528046,0.31676197052001953,-0.26653364300727844,-0.2533862292766571,-0.27815163135528564,-0.18195879459381104,0.24292339384555817,-0.18102332949638367,0.23298528790473938,-0.019072983413934708,0.4112011790275574,0.09126189351081848,0.47111040353775024,-0.2781527042388916,-0.027922451496124268,-0.0388382188975811,-0.2625620365142822,-0.11258239299058914,-0.07881578058004379,-0.21968168020248413,-0.27828744053840637,-0.2723279595375061,0.026998965069651604,0.1763453632593155,-0.24128109216690063,0.18840840458869934,-0.27630555629730225,-0.27764829993247986,-0.045345887541770935,-0.020787734538316727,0.49591612815856934,-0.2654229700565338,0.18294920027256012,-0.12257672101259232,-0.08317512273788452,-0.2564024031162262,-0.19571013748645782
81,555,251,566,261,0.6723864078521729,-0.2646239995956421,0.10967045277357101,0.9327290654182434,-0.0923151820898056,-0.27835601568222046,-0.1463678926229477,-0.249125137925148,-0.2780325412750244,-0.18716654181480408,0.7044288516044617,-0.2560943067073822,0.21410490572452545,0.2503952383995056,-0.05279531329870224,-0.1728794276714325,-0.2760418951511383,-0.24322932958602905,-0.2657535970211029,-0.26404792070388794,-0.24265211820602417,-0.05314254388213158,0.37417349219322205,-0.15052925050258636,0.00031936675077304244,-0.14104005694389343,-0.1456483006477356,-0.27835431694984436,0.20817452669143677,0.6137640476226807,-0.09074677526950836,-0.18203705549240112,0.14299620687961578,0.07392212748527527,-0.24653923511505127,-0.27308157086372375,-0.25380924344062805,0.14425574243068695,-0.27819880843162537,-0.06026596575975418,-0.2716566324234009,-0.24944661557674408,-0.27514198422431946,-0.07086136192083359,0.36798393726348877,-0.2527369260787964,-0.2221408635377884,0.5795378684997559,0.11629033088684082,-0.014165312051773071,0.18530312180519104,-0.1228424459695816,0.1351768672466278,-0.2221977412700653,-0.12306033819913864,-0.21321554481983185,-0.2643603980541229,0.10215113312005997,0.08464881777763367,-0.26594194769859314,-0.03083977848291397,0.8884958624839783,-0.20477193593978882,-0.27000051736831665,0.7484949827194214,-0.15079019963741302,-0.21520386636257172,0.2535978853702545,-0.010351278819143772,0.5193466544151306,0.949256956577301,-0.27671894431114197,-0.1725960522890091,0.04123011976480484,-0.09023178368806839,-0.2775624096393585,0.3894641697406769,-0.272722452878952,-0.2572767436504364,-0.16463999450206757,-0.018246950581669807,-0.265247106552124,-0.2679172456264496,-0.18214043974876404,-0.019864389672875404,0.22823190689086914,-0.17575813829898834,-0.14503978192806244,0.19846077263355255,-0.2697609066963196,-0.2059684842824936,-0.06790828704833984,0.11289182305335999,-0.24262602627277374,-0.27254554629325867,-0.2558341324329376,-0.22878365218639374,0.3474750816822052,-0.22603432834148407,0.36516034603118896,0.12497252225875854,0.5248468518257141,0.10522100329399109,0.4471036195755005,-0.24970930814743042,0.1068253368139267,0.17211365699768066,-0.23874115943908691,0.047029294073581696,0.013452623970806599,-0.20545542240142822,-0.27736741304397583,-0.2744963467121124,-0.11703866720199585,0.46600794792175293,-0.2631950080394745,0.7225872278213501,-0.2773265540599823,-0.27838826179504395,-0.04512514919042587,-0.0912768617272377,0.5233396887779236,-0.27840614318847656,0.24719218909740448,-0.10343112051486969,0.32941654324531555,0.11207359284162521,-0.20228992402553558
82,244,555,254,565,1.202703595161438,-0.22178536653518677,-0.24414528906345367,0.871043860912323,-0.0018498486606404185,-0.17876838147640228,-0.2598753869533539,-0.2291725128889084,-0.22138474881649017,-0.25138241052627563,0.9024581909179688,-0.06632538884878159,-0.23721632361412048,1.2363685369491577,-0.27830028533935547,-0.24456848204135895,-0.07317359745502472,-0.26439350843429565,-0.09122797846794128,-0.09827091544866562,-0.23612210154533386,0.47619399428367615,-0.1255996972322464,-0.0757819414138794,-0.1658693104982376,-0.14772891998291016,0.25474825501441956,-0.18736428022384644,0.3095100224018097,-0.2681918740272522,-0.099124014377594,-0.15551941096782684,0.06915155053138733,3.2215607166290283,-0.27749189734458923,-0.2393832504749298,-0.2102707475423813,-0.2636217474937439,-0.18505695462226868,-0.2784537076950073,-0.22752714157104492,-0.25509870052337646,-0.22196634113788605,0.061271339654922485,0.823862612247467,0.005181059241294861,-0.25167131423950195,1.1667563915252686,0.3527882695198059,-0.0010474950540810823,0.48240312933921814,-0.20258638262748718,-0.014271517284214497,-0.11886246502399445,-0.2658543586730957,-0.024833500385284424,-0.21406565606594086,0.28933024406433105,-0.035402484238147736,-0.2539343535900116,-0.2746996581554413,2.620844602584839,-0.2632775902748108,-0.21023355424404144,2.865215539932251,-0.2299947887659073,-0.08738149702548981,-0.25969627499580383,0.008910657837986946,0.10621386021375656,2.5599145889282227,-0.25517311692237854,-0.2170414924621582,-0.2774808406829834,-0.09405037015676498,-0.23954568803310394,0.887032151222229,-0.2564275562763214,-0.27657514810562134,-0.029315846040844917,-0.2666705548763275,-0.19129164516925812,-0.2240438461303711,-0.07692956179380417,-0.13880126178264618,-0.24634917080402374,-0.2509831488132477,-0.030267197638750076,0.2826962172985077,-0.2748793959617615,-0.07708021998405457,-0.01863233372569084,-0.2728210389614105,-0.23705001175403595,-0.16619502007961273,-0.24227896332740784,-0.27820080518722534,-0.11246111989021301,-0.24084629118442535,0.2047094702720642,0.2594774067401886,0.4204884171485901,0.9325944185256958,0.7083407640457153,-0.0707811638712883,-0.030185645446181297,0.09053520113229752,-0.06917594373226166,-0.273965448141098,-0.25490128993988037,-0.27603772282600403,-0.26051509380340576,-0.2780419588088989,-0.2493072748184204,0.34649458527565,-0.25142067670822144,-0.06690449267625809,-0.25731682777404785,-0.2771531641483307,-0.02257593721151352,-0.04109010845422745,0.46493586897850037,-0.11356131732463837,0.27205315232276917,-0.1706956923007965,-0.11747019737958908,1.3110034465789795,-0.2068670690059662
83,296,355,307,365,-0.20369531214237213,-0.19440622627735138,-0.2079402506351471,1.1603039503097534,-0.04923446848988533,-0.06591298431158066,-0.2778501808643341,-0.26704609394073486,-0.25079581141471863,-0.21398882567882538,0.8651177287101746,-0.22228007018566132,-0.20261293649673462,1.2847124338150024,-0.19796635210514069,-0.2576709985733032,-0.10646229237318039,-0.005315073300153017,2.489544630050659,-0.25790172815322876,-0.23481981456279755,-0.27340713143348694,-0.27813103795051575,-0.08118338882923126,2.906683921813965,-0.11669070273637772,-0.2613702118396759,-0.1210971400141716,-0.24896590411663055,-0.19981634616851807,-0.14706093072891235,-0.16373655200004578,-0.19591598212718964,2.3341195583343506,-0.27547475695610046,-0.27844706177711487,-0.14928469061851501,-0.2397116869688034,-0.12388566881418228,-0.2774873971939087,-0.2779209315776825,0.07581712305545807,1.5185471773147583,-0.2493782639503479,-0.18692433834075928,0.72804856300354,-0.21152383089065552,2.506268262863159,5.138422012329102,1.7307945489883423,0.05143287032842636,-0.17276737093925476,0.8793296813964844,-0.09108929336071014,0.18587791919708252,-0.015753136947751045,-0.24769939482212067,1.7351242303848267,0.02328023687005043,-0.19245408475399017,3.3367507457733154,0.12536877393722534,0.1819709837436676,-0.027502235025167465,-0.25577613711357117,-0.17772303521633148,0.47673577070236206,-0.26431140303611755,0.1212819367647171,0.14520031213760376,0.2409190684556961,-0.19015252590179443,-0.2137681394815445,0.3467356562614441,-0.14511534571647644,-0.2120361328125,-0.19967584311962128,-0.18494176864624023,-0.27723458409309387,-0.09762222319841385,-0.11792027205228806,-0.2173038274049759,-0.2784413695335388,0.4390338361263275,0.015254841186106205,-0.06659429520368576,-0.024892594665288925,-0.01537697110325098,0.11346518993377686,-0.16646061837673187,-0.27846190333366394,1.3048359155654907,-0.2746983468532562,-0.22990210354328156,-0.2782374918460846,-0.1822080910205841,-0.20533376932144165,-0.11426062881946564,0.5147459506988525,-0.23803161084651947,-0.20638571679592133,-0.11911341547966003,0.6499548554420471,1.3714832067489624,-0.15625356137752533,3.9425644874572754,-0.16184553503990173,-0.27111300826072693,-0.2730996310710907,-0.22516517341136932,-0.2446848452091217,-0.2638297975063324,2.3293094635009766,-0.2513252794742584,0.37535524368286133,0.16667619347572327,2.827155828475952,1.6890199184417725,-0.13200566172599792,0.20407846570014954,-0.10606600344181061,0.8504405617713928,-0.2760079801082611,1.7253814935684204,-0.25661522150039673,0.6290532946586609,-0.2718966603279114,-0.2780534625053406
84,626,652,636,662,1.1064248085021973,-0.2663753926753998,-0.21164129674434662,0.9135270118713379,-0.01725999265909195,-0.2784540355205536,-0.2072657197713852,-0.2758830487728119,-0.23833148181438446,-0.26005125045776367,0.3828085958957672,-0.17699818313121796,-0.019880354404449463,0.49644735455513,-0.16243068873882294,-0.19241829216480255,-0.10761374235153198,-0.18778684735298157,-0.12239717692136765,-0.22163575887680054,-0.27298399806022644,0.12006861716508865,-0.16001233458518982,-0.16372746229171753,-0.0008760229684412479,-0.10944648087024689,-0.2777862846851349,-0.2732202112674713,0.14080797135829926,0.6137886047363281,-0.26422837376594543,-0.21133734285831451,0.17084088921546936,-0.08420763909816742,-0.27140018343925476,-0.2746133804321289,-0.24208109080791473,0.05117359012365341,-0.274556428194046,-0.2714771032333374,-0.2662928104400635,-0.2330493927001953,-0.2289343923330307,-0.2303362637758255,0.6669780611991882,-0.2339445799589157,-0.27827188372612,0.588421106338501,-0.09031626582145691,-0.2515898048877716,0.3937937319278717,-0.040365494787693024,-0.09556526690721512,-0.191412553191185,-0.15146483480930328,-0.11442521959543228,-0.2372736781835556,-0.04675848037004471,-0.12218301743268967,-0.22300949692726135,0.013241352513432503,1.2119134664535522,-0.21302175521850586,-0.27733054757118225,1.9803624153137207,-0.2524344325065613,-0.18110665678977966,0.0701926127076149,-0.16302403807640076,0.2971794605255127,1.9182218313217163,-0.237388476729393,-0.25884103775024414,-0.23687340319156647,0.05202362313866615,-0.27056583762168884,0.6496644616127014,-0.2753959596157074,-0.27497002482414246,-0.07644179463386536,0.2544591426849365,-0.22719021141529083,-0.2569972276687622,-0.24489261209964752,0.28920072317123413,-0.21891427040100098,-0.25993144512176514,-0.09902607649564743,0.17562204599380493,-0.2766313850879669,-0.12406183779239655,-0.07944580167531967,-0.058187417685985565,-0.252462238073349,-0.2679089307785034,-0.23808348178863525,-0.26433703303337097,0.08312707394361496,-0.2759850323200226,0.4300808608531952,0.09609361737966537,1.6099616289138794,0.11285698413848877,0.4951015114784241,-0.2729538381099701,0.11561518907546997,-0.15091432631015778,-0.12501627206802368,-0.2468567192554474,0.02046220563352108,-0.2771451771259308,-0.2761763632297516,-0.26214057207107544,0.23674948513507843,0.17444908618927002,-0.2479240596294403,-0.0647246465086937,-0.26649996638298035,-0.2638627290725708,0.0022187517024576664,-0.03128970414400101,0.30045825242996216,-0.20749518275260925,0.6876648664474487,-0.0631929486989975,-0.1618105173110962,0.1553666889667511,-0.18450699746608734
85,585,237,595,246,-0.2710716724395752,-0.16989555954933167,-0.176499605178833,1.3383349180221558,-0.0017796277534216642,-0.1383933275938034,-0.24796582758426666,-0.27411654591560364,-0.27782580256462097,0.23894809186458588,0.30946800112724304,-0.17174342274665833,-0.27835050225257874,-0.24651718139648438,-0.16546429693698883,-0.20417766273021698,-0.06966017186641693,0.3764786422252655,-0.057681016623973846,-0.27311599254608154,-0.2754039466381073,0.6824893951416016,-0.19545982778072357,4.282495021820068,0.32843121886253357,-0.2675549387931824,-0.265182763338089,-0.27255603671073914,-0.1649710237979889,-0.2781166434288025,-0.2522802948951721,-0.07904589176177979,0.3879753351211548,-0.11095546931028366,-0.27122002840042114,-0.27318164706230164,-0.046540651470422745,0.7123745679855347,-0.10362954437732697,6.414362907409668,0.14436036348342896,0.13735537230968475,-0.27742788195610046,-0.25739920139312744,-0.14605090022087097,0.25672638416290283,-0.05625355616211891,0.5708300471305847,-0.27700093388557434,0.6349932551383972,0.9242768287658691,-0.21402159333229065,-0.1868196576833725,0.08393406867980957,-0.05023390054702759,-0.045291781425476074,-0.1899537742137909,-0.27825936675071716,-0.15570107102394104,-0.19157254695892334,-0.23854978382587433,0.36567267775535583,-0.26359617710113525,-0.11677221208810806,-0.2651444375514984,-0.21765738725662231,-0.027632998302578926,-0.2325764149427414,5.744619846343994,0.18644264340400696,0.8847804665565491,-0.26812756061553955,0.21137365698814392,2.0355467796325684,-0.2266940474510193,-0.13819225132465363,-0.2766222059726715,-0.27463433146476746,-0.24229393899440765,-0.03894895315170288,-0.24667240679264069,-0.27347150444984436,-0.27374449372291565,-0.040071263909339905,-0.13251151144504547,-0.07423689216375351,-0.024587804451584816,-0.04849143326282501,5.930492877960205,-0.24366050958633423,-0.2729140818119049,-0.2616684138774872,-0.15583142638206482,-0.1472921222448349,-0.2262902408838272,-0.2755472958087921,0.12717697024345398,-0.14927919209003448,-0.15142734348773956,-0.13780570030212402,4.384066104888916,0.38364794850349426,0.6509725451469421,0.4578503370285034,-0.07422305643558502,-0.2726813852787018,1.7085902690887451,-0.15077902376651764,-0.1752101182937622,-0.08588414639234543,0.5193232893943787,-0.2673839330673218,-0.10440541058778763,0.9718992710113525,-0.21206174790859222,0.899586021900177,0.49151453375816345,0.8117862939834595,0.19135428965091705,0.23312686383724213,0.5288461446762085,0.8917467594146729,-0.116488017141819,0.05972345918416977,0.7314807772636414,-0.2774363160133362,-0.13849513232707977,0.2542858421802521
86,260,505,271,514,0.020126987248659134,-0.08842726796865463,-0.2244882881641388,1.1065540313720703,-0.006292538717389107,-0.24640195071697235,-0.154849112033844,-0.21669289469718933,-0.21180489659309387,-0.2591198980808258,0.5855130553245544,-0.10152771323919296,-0.15768209099769592,3.9897682666778564,-0.277119904756546,-0.23115898668766022,-0.0023631236981600523,-0.27223819494247437,-0.19484621286392212,-0.06415757536888123,-0.13441184163093567,1.2436649799346924,-0.26531529426574707,-0.27783843874931335,-0.23873522877693176,-0.022594984620809555,0.21184678375720978,-0.10206501185894012,0.19115154445171356,-0.08475959300994873,-0.04934726655483246,-0.1143953800201416,-0.25920650362968445,4.405938148498535,-0.2784597873687744,-0.2413330376148224,0.16650553047657013,-0.08669885247945786,-0.1725711226463318,-0.27729228138923645,-0.27838072180747986,-0.02276049554347992,-0.2557627260684967,-0.0064812214113771915,-0.24226926267147064,0.5930785536766052,-0.17801520228385925,2.045459747314453,2.5147626399993896,-0.0642007365822792,0.03236260637640953,-0.277750164270401,0.2772552967071533,-0.10342226177453995,-0.2591252028942108,-0.032492417842149734,-0.269767165184021,0.5263026356697083,0.1023326888680458,-0.07870714366436005,-0.11689206957817078,2.450211763381958,-0.26873889565467834,-0.08591015636920929,4.882221698760986,-0.17267276346683502,-0.08291660994291306,-0.23427814245224,-0.2771908640861511,-0.2778591513633728,2.5653796195983887,-0.2751370370388031,-0.15090470016002655,-0.22275377810001373,-0.1502537876367569,-0.17423053085803986,1.2367314100265503,-0.160017192363739,0.010686478577554226,-0.03784072399139404,-0.27681341767311096,-0.2708217203617096,-0.2637740671634674,-0.09697481989860535,-0.23478879034519196,-0.03250308707356453,-0.24405016005039215,-0.06598430126905441,-0.14681845903396606,-0.26758238673210144,-0.07870493084192276,0.30855587124824524,-0.2784561216831207,-0.23854409158229828,-0.1400175541639328,-0.13710129261016846,-0.27844560146331787,-0.16058196127414703,-0.19410327076911926,-0.14134512841701508,-0.1752307265996933,-0.18459126353263855,0.9345840215682983,1.3038232326507568,-0.008926264010369778,1.5408650636672974,0.6379714608192444,-0.1279987096786499,-0.18593637645244598,-0.25355708599090576,-0.18199114501476288,-0.27817729115486145,-0.27677252888679504,-0.22505290806293488,-0.2573760449886322,-0.23460473120212555,0.15220406651496887,-0.23716482520103455,-0.06279437243938446,0.2534637749195099,0.1644650101661682,0.4984892010688782,-0.07452910393476486,0.1575608104467392,-0.10692676901817322,-0.2759370505809784,0.4994302988052368,-0.1637871265411377
87,362,634,374,645,0.36313167214393616,-0.2783799469470978,0.11663132160902023,0.877822995185852,-0.03937215358018875,-0.2668920159339905,-0.05454492196440697,-0.2780275344848633,-0.2653338611125946,-0.2780553698539734,1.5138771533966064,-0.2652638554573059,-0.096722811460495,0.7491151690483093,-0.20429623126983643,-0.1722690314054489,-0.16369538009166718,-0.12071990966796875,-0.24978280067443848,-0.20501768589019775,-0.27842554450035095,-0.27264246344566345,-0.0955844298005104,-0.19707003235816956,-0.05395469069480896,-0.24300125241279602,-0.19444343447685242,-0.2748933732509613,0.3509312868118286,0.24608580768108368,-0.27344220876693726,-0.12521964311599731,-0.06076428294181824,0.49425625801086426,-0.23322409391403198,-0.26012280583381653,-0.27242687344551086,0.005898861680179834,-0.2740083634853363,-0.26610100269317627,-0.25436583161354065,-0.26697006821632385,-0.24408367276191711,-0.07007931917905807,0.5914174318313599,-0.2782268524169922,-0.2681732773780823,0.6306652426719666,0.7669414281845093,0.2936740219593048,0.06642068177461624,-0.27432048320770264,0.1911187469959259,-0.2585446238517761,-0.19536659121513367,-0.19714874029159546,-0.24653840065002441,-0.0016102332156151533,0.04089679941534996,-0.1476544886827469,0.6666836738586426,1.708693265914917,-0.17439281940460205,0.139596089720726,1.6340631246566772,-0.2547525465488434,-0.19525094330310822,-0.07872634381055832,-0.1789684146642685,1.3422504663467407,1.2090554237365723,-0.22396188974380493,-0.22128888964653015,-0.12110166251659393,-0.17494864761829376,-0.2757679522037506,0.3511161208152771,-0.2713510990142822,-0.24001166224479675,-0.23151615262031555,-0.24312880635261536,-0.27571535110473633,-0.2766207158565521,-0.05928478389978409,-0.18934355676174164,-0.0988697037100792,-0.27085432410240173,-0.1302436739206314,0.011715167202055454,-0.2735920548439026,-0.18059085309505463,0.0029061026871204376,-0.2100609987974167,-0.19872216880321503,-0.2620863616466522,-0.21621960401535034,-0.2784164249897003,-0.19641758501529694,-0.17749817669391632,0.40975990891456604,-0.030927132815122604,0.12129645049571991,0.2582874596118927,0.5242579579353333,-0.2534750998020172,0.43841806054115295,0.04582780972123146,-0.21548058092594147,-0.10060758888721466,0.4333069622516632,-0.2783235013484955,-0.2624949812889099,-0.1623372733592987,-0.18466468155384064,0.671486496925354,-0.2711891829967499,2.762145519256592,-0.24035930633544922,-0.2784212529659271,-0.24757418036460876,-0.11494705080986023,0.2030593603849411,-0.27457356452941895,0.8629342317581177,-0.12344940751791,0.401609867811203,0.14402221143245697,-0.26873087882995605
88,731,294,741,304,-0.27801650762557983,-0.2281256467103958,0.6417424082756042,0.7405325174331665,-0.03920648619532585,-0.252107709646225,-0.25034764409065247,-0.27238041162490845,-0.2784641981124878,-0.2747498154640198,1.3407583236694336,-0.20702864229679108,-0.1270742267370224,1.2950592041015625,-0.20129728317260742,-0.24586255848407745,-0.05222013592720032,-0.27653536200523376,-0.20117196440696716,-0.04462861642241478,-0.07966331392526627,-0.23784518241882324,-0.13704842329025269,-0.05579578876495361,0.8294402956962585,-0.20520122349262238,-0.13634617626667023,-0.18097089231014252,-0.2651093304157257,-0.23082205653190613,-0.22747984528541565,-0.17760208249092102,1.0214029550552368,0.9660714864730835,-0.27641981840133667,-0.18385037779808044,-0.2611196041107178,2.5605456829071045,-0.14745959639549255,0.3759181499481201,-0.18452782928943634,-0.27792778611183167,-0.18530069291591644,-0.256198912858963,-0.19776268303394318,1.1788321733474731,-0.07488220185041428,2.220078229904175,-0.23344635963439941,-0.22237923741340637,-0.032600633800029755,-0.12601427733898163,0.7719687223434448,-0.27843180298805237,0.0887615978717804,-0.06664618104696274,-0.26916301250457764,-0.24918833374977112,-0.2582341134548187,-0.2715738117694855,-0.2664087414741516,0.8240920305252075,-0.20818661153316498,-0.26494869589805603,0.19873549044132233,-0.10875779390335083,-0.2596093714237213,-0.23374629020690918,0.1183987706899643,-0.2783779203891754,1.3298643827438354,-0.27284204959869385,-0.22242867946624756,-0.1979496330022812,-0.26758578419685364,-0.23137126863002777,-0.27497225999832153,-0.21269384026527405,-0.13689497113227844,-0.09006691724061966,-0.09437312185764313,-0.27583205699920654,-0.2778279483318329,2.294938087463379,-0.275232195854187,-0.18990463018417358,-0.10818547755479813,-0.0014872270403429866,3.8493194580078125,-0.13314573466777802,-0.15653352439403534,0.8204296231269836,-0.2679596543312073,-0.1535833179950714,0.23243480920791626,-0.23605002462863922,-0.2613396644592285,-0.2753892242908478,-0.24137960374355316,0.30283015966415405,0.5515170693397522,-0.2683097720146179,1.729570984840393,0.2225315272808075,-0.04464661702513695,0.13118796050548553,-0.2603921592235565,-0.2162514477968216,-0.23199020326137543,0.46695002913475037,-0.27136650681495667,-0.2575814127922058,-0.27362048625946045,-0.20819158852100372,0.9207316040992737,-0.2776890993118286,0.1991434097290039,-0.22429580986499786,-0.21762225031852722,0.001614292268641293,-0.09362970292568207,1.1969197988510132,-0.27260535955429077,0.43962806463241577,-0.2506018579006195,1.4264122247695923,-0.2775195240974426,-0.2727479934692383
89,339,772,349,782,-0.11311621218919754,-0.09640119224786758,-0.16588056087493896,1.6429307460784912,-0.0500231496989727,0.7469770908355713,-0.1852230578660965,-0.2729203999042511,-0.16213184595108032,-0.19480660557746887,-0.22315172851085663,-0.09060448408126831,-0.10242407768964767,4.288712501525879,0.8304800987243652,-0.24690721929073334,-0.16503287851810455,-0.27835068106651306,-0.26316866278648376,-0.0693419873714447,-0.10098003596067429,4.612608909606934,-0.24175919592380524,-0.14186224341392517,2.906312942504883,-0.12226500362157822,-0.2409903109073639,-0.15462014079093933,-0.16480688750743866,-0.15280979871749878,-0.23198585212230682,-0.2279316782951355,-0.1890363097190857,0.0904654935002327,-0.27829474210739136,-0.27406010031700134,0.6780261993408203,-0.014458310790359974,-0.12908312678337097,-0.2146594077348709,-0.26658836007118225,0.6712449193000793,1.7162057161331177,-0.2744144797325134,-0.22800152003765106,0.39759182929992676,-0.11542156338691711,2.1363179683685303,0.6681377291679382,-0.17818737030029297,0.28775879740715027,1.691701054573059,-0.27238309383392334,-0.09463109076023102,-0.2777288854122162,-0.13643518090248108,-0.27644839882850647,-0.22715438902378082,0.7278777956962585,-0.25403910875320435,-0.2663377523422241,-0.23860788345336914,0.2120709866285324,-0.2783624827861786,0.21221737563610077,-0.23689651489257812,-0.260015070438385,-0.2466123402118683,-0.2671859562397003,-0.23948271572589874,1.0376719236373901,-0.24287647008895874,-0.23835702240467072,-0.10382313281297684,0.27152019739151,-0.26587048172950745,-0.1492534875869751,-0.05776745080947876,-0.23292581737041473,-0.091249980032444,2.9565930366516113,-0.24741913378238678,-0.2743207812309265,-0.27332839369773865,-0.2784428596496582,-0.03708131983876228,-0.24694785475730896,-0.09821014106273651,-0.2620299756526947,-0.25292661786079407,-0.24193309247493744,0.4766656756401062,-0.1341642588376999,1.3167306184768677,-0.24127249419689178,-0.05965329334139824,-0.08782053738832474,-0.13225550949573517,0.5103920102119446,-0.22782643139362335,-0.274777889251709,-0.03508470207452774,0.17221496999263763,-0.21364422142505646,-0.029290268197655678,0.18138694763183594,1.8631293773651123,-0.0873476192355156,0.27253028750419617,-0.15477211773395538,-0.10919325798749924,-0.22534306347370148,-0.25954124331474304,0.574685275554657,-0.19208815693855286,-0.24296340346336365,-0.06652670353651047,-0.2721743583679199,0.12499120831489563,0.6321207880973816,0.6524212956428528,0.4253329932689667,-0.24450331926345825,0.3466481566429138,-0.2523503005504608,-0.1713663786649704,-0.06851398944854736,0.617966890335083
90,493,843,503,852,0.37687960267066956,-0.2503533661365509,0.21441790461540222,1.0119632482528687,-0.14578606188297272,-0.2706630527973175,-0.1420111209154129,-0.1871689110994339,-0.2753318250179291,-0.1986868679523468,0.7022531628608704,-0.2611720860004425,0.5309693813323975,0.13146594166755676,-0.11672087758779526,-0.10941728949546814,-0.2348378598690033,-0.1771533489227295,-0.27002212405204773,-0.2762605845928192,-0.24558782577514648,-0.04377571865916252,0.28234079480171204,-0.0381048209965229,0.1734079122543335,-0.18668575584888458,-0.14726001024246216,-0.25850170850753784,0.03886813670396805,0.47656887769699097,0.003578105242922902,-0.21079444885253906,0.05919354036450386,0.27056169509887695,-0.22936822474002838,-0.2711917459964752,-0.23745030164718628,0.11475738883018494,-0.2634603977203369,-0.14222879707813263,-0.27292555570602417,-0.22294872999191284,-0.271839439868927,-0.014011434279382229,0.6787655353546143,-0.24741017818450928,-0.1277284473180771,0.4861446022987366,0.03687785938382149,-0.017199136316776276,0.2583872973918915,-0.21723155677318573,0.15956106781959534,-0.17968177795410156,-0.00838608480989933,-0.22538554668426514,-0.27377015352249146,-0.046067994087934494,0.004864430986344814,-0.24870100617408752,0.037749454379081726,1.1670310497283936,-0.14204859733581543,-0.23318971693515778,0.4100096821784973,0.10679646581411362,-0.15348941087722778,0.04531431198120117,0.08793720602989197,0.6348642110824585,0.8531132340431213,-0.2783188819885254,-0.15818989276885986,-0.09570400416851044,-0.15133410692214966,-0.2702518701553345,0.30285924673080444,-0.22143588960170746,-0.2464144378900528,-0.2654598355293274,0.02127932384610176,-0.2782261371612549,-0.27717939019203186,-0.22625356912612915,-0.1635790467262268,0.2263679951429367,-0.2212340086698532,-0.2025064378976822,0.24135209619998932,-0.18987278640270233,-0.26498204469680786,0.11487219482660294,0.19563917815685272,-0.2595296800136566,-0.2441258430480957,-0.256400465965271,-0.21160052716732025,0.4056839346885681,-0.19367894530296326,0.32305997610092163,0.026542341336607933,0.5948745012283325,0.2004966139793396,0.4943259358406067,-0.2683682143688202,0.15032699704170227,0.22588513791561127,-0.2434251606464386,0.19496315717697144,0.0703754872083664,-0.154768705368042,-0.2778458297252655,-0.2536771595478058,-0.15587987005710602,0.3933129906654358,-0.2569340765476227,0.6816134452819824,-0.2758726179599762,-0.27783843874931335,-0.14803719520568848,-0.08268147706985474,0.515936017036438,-0.2751260995864868,0.2760065197944641,-0.042504433542490005,0.2783564627170563,-0.11578492820262909,-0.21646495163440704
91,801,427,811,437,-0.08956758677959442,-0.15314142405986786,-0.12166529148817062,1.502661108970642,-0.0035460793878883123,1.2452292442321777,-0.2480490654706955,-0.2639775574207306,-0.2672275900840759,0.10656952112913132,-0.2712954580783844,0.07530082017183304,-0.26347556710243225,-0.16952264308929443,-0.1797868013381958,-0.24414421617984772,-0.021392831578850746,-0.1277390718460083,-0.2642102539539337,-0.2722376585006714,-0.2775091230869293,1.5024478435516357,-0.17789311707019806,5.258061408996582,0.03719524294137955,-0.27782735228538513,-0.24965986609458923,-0.266448050737381,-0.19169564545154572,-0.20592926442623138,-0.18023057281970978,-0.056125301867723465,-0.23421479761600494,0.6931776404380798,-0.24509111046791077,-0.2712806165218353,0.5164559483528137,-0.05986737459897995,-0.17465396225452423,2.6030197143554688,-0.226706400513649,0.7425645589828491,-0.274792343378067,-0.2409263551235199,0.0680818259716034,-0.2275572270154953,-0.10712215304374695,0.9500856995582581,5.643036365509033,1.521471381187439,0.8437102437019348,0.015472437255084515,-0.2596687078475952,0.40617403388023376,-0.22929835319519043,-0.07041057199239731,-0.2278083711862564,2.0895469188690186,-0.18197257816791534,-0.14311553537845612,0.5558726787567139,0.11656616628170013,-0.252747505903244,-0.052946947515010834,-0.06394758075475693,-0.21812452375888824,-0.2634712755680084,-0.17422179877758026,5.38508415222168,1.4745113849639893,2.2510364055633545,-0.278460294008255,-0.2218465507030487,-0.24690845608711243,-0.15712472796440125,-0.21250656247138977,-0.2656242847442627,-0.2777535021305084,-0.19105249643325806,-0.04431901499629021,0.4389088451862335,-0.26903417706489563,-0.2744380831718445,-0.22666576504707336,1.0605422258377075,-0.03877444565296173,-0.020113693550229073,-0.13937225937843323,-0.2784000635147095,-0.23448437452316284,-0.25901058316230774,1.6011550426483154,-0.21772928535938263,0.3914613425731659,-0.27737677097320557,-0.05606350302696228,-0.23910848796367645,-0.245008647441864,-0.27609285712242126,-0.22516578435897827,-0.25659069418907166,0.8563029766082764,0.3229210674762726,0.6925104260444641,-0.22562047839164734,1.3921773433685303,1.5543299913406372,-0.21470291912555695,-0.17774003744125366,-0.2617163360118866,0.7181092500686646,-0.2019767314195633,-0.2754190266132355,-0.11952222138643265,-0.26646584272384644,0.8329634070396423,-0.21444503962993622,1.021686315536499,0.02664104290306568,0.6693906188011169,0.24117814004421234,-0.07970527559518814,-0.13884848356246948,1.1592909097671509,1.6846638917922974,-0.26485008001327515,0.42944878339767456,0.11819198727607727
92,714,293,724,303,-0.20566748082637787,-0.2753883898258209,0.7721642255783081,1.0024218559265137,-0.08853836357593536,-0.27542954683303833,-0.22764801979064941,-0.27718546986579895,-0.25596028566360474,-0.1708737462759018,0.607161819934845,-0.08355522155761719,-0.13525766134262085,2.1314544677734375,-0.21911339461803436,-0.2663414776325226,-0.2641568183898926,3.198911190032959,2.0578997135162354,-0.2558303475379944,-0.09482213854789734,-0.2437698394060135,-0.2767549455165863,-0.13495120406150818,3.9888975620269775,0.2039232850074768,-0.24719388782978058,0.10752664506435394,-0.2623130977153778,-0.16932755708694458,-0.2271682620048523,-0.27591004967689514,1.2970705032348633,-0.1339191496372223,-0.26700833439826965,-0.23231001198291779,-0.27704060077667236,4.125614166259766,-0.20283856987953186,2.853388547897339,-0.14636564254760742,-0.2117934376001358,0.5415297150611877,-0.2386058270931244,-0.12113764882087708,1.3936184644699097,-0.07357893139123917,1.4204941987991333,0.10354530811309814,-0.0768042802810669,0.4742695987224579,-0.23565010726451874,0.41446369886398315,-0.21324653923511505,0.24980159103870392,-0.19128276407718658,-0.26278868317604065,-0.2701987624168396,-0.10363323986530304,-0.21114124357700348,-0.13375097513198853,-0.02911435253918171,-0.2546120285987854,-0.27042508125305176,0.24205315113067627,-0.13465377688407898,-0.20316572487354279,0.11381801217794418,0.285302996635437,-0.051514990627765656,0.41391003131866455,-0.06692540645599365,-0.2421976923942566,0.9924429655075073,-0.21423983573913574,-0.22357577085494995,-0.1489117443561554,-0.1560000479221344,-0.20630721747875214,-0.18378005921840668,0.32193782925605774,-0.21684643626213074,-0.2778184413909912,5.740477085113525,-0.27515172958374023,-0.04410455375909805,-0.01273350976407528,-0.011420113034546375,5.221035480499268,-0.07769431918859482,-0.25766536593437195,0.45529624819755554,-0.1433272361755371,-0.26404649019241333,0.25266286730766296,-0.2615121603012085,-0.27764588594436646,-0.2681434154510498,0.32165658473968506,0.032770607620477676,1.7375731468200684,-0.26285263895988464,1.7745120525360107,0.301162451505661,1.2583608627319336,-0.029619352892041206,0.17763884365558624,0.8442627787590027,-0.2757040560245514,-0.17263196408748627,-0.24700124561786652,-0.2765088677406311,-0.259822279214859,0.14780022203922272,0.9456313252449036,0.02017904631793499,0.4541124701499939,1.2404811382293701,0.38533979654312134,0.06008217856287956,0.041117116808891296,0.7942768931388855,-0.25000888109207153,1.716385841369629,-0.27257734537124634,1.2987111806869507,-0.23547473549842834,-0.13484054803848267
93,617,691,627,700,-0.17452047765254974,-0.1637062281370163,-0.27539336681365967,0.9798080325126648,-0.0232597216963768,-0.2758430540561676,-0.26612868905067444,-0.2611182928085327,-0.14899617433547974,-0.22691674530506134,0.7787622213363647,-0.21586930751800537,-0.2043389230966568,0.7511976957321167,-0.08762705326080322,-0.20515407621860504,-0.03530796617269516,-0.04100778326392174,0.8370667099952698,-0.15199622511863708,-0.2227477878332138,-0.24943649768829346,-0.24831904470920563,-0.08617520332336426,3.002908229827881,-0.2782905101776123,-0.20547202229499817,-0.14977702498435974,-0.2327408343553543,-0.11491464078426361,-0.2095455527305603,-0.15875279903411865,-0.268898069858551,0.519134521484375,-0.27621468901634216,-0.16117632389068604,-0.217755526304245,-0.20313867926597595,-0.22585523128509521,-0.10672438144683838,-0.24487850069999695,-0.16646724939346313,1.339656114578247,-0.2525956332683563,-0.018429670482873917,-0.27054083347320557,-0.10337568074464798,0.595350980758667,4.285948276519775,1.385757565498352,0.3983865976333618,-0.2760304808616638,-0.27414220571517944,-0.2782461941242218,-0.25199538469314575,-0.016247272491455078,-0.20385418832302094,0.14747528731822968,0.36402207612991333,-0.04263317584991455,1.3739063739776611,-0.055991511791944504,0.2778278887271881,-0.25246837735176086,-0.24082061648368835,-0.27842971682548523,-0.049760401248931885,-0.24188850820064545,0.028231101110577583,1.0732651948928833,-0.1509670615196228,-0.03984555974602699,-0.27520951628685,-0.27399879693984985,0.23190763592720032,-0.27379313111305237,-0.18843036890029907,-0.1545816957950592,-0.22869452834129333,-0.06074243411421776,-0.039018917828798294,-0.2736724615097046,-0.2345077097415924,-0.022467782720923424,0.3640287220478058,-0.18528833985328674,-0.08590169250965118,-0.0397314578294754,-0.2659229338169098,-0.18932463228702545,-0.1480926126241684,0.6347728371620178,-0.23330506682395935,-0.2747381329536438,-0.1310543566942215,-0.07822487503290176,-0.2751484513282776,-0.2421017438173294,0.3061080873012543,-0.04933016002178192,-0.2448522001504898,-0.2230883240699768,-0.07496531307697296,0.20156589150428772,-0.11638695746660233,0.14353828132152557,-0.14916270971298218,-0.18827974796295166,0.04744105041027069,0.28498566150665283,-0.2674987316131592,-0.27564236521720886,-0.1954120248556137,-0.2763024568557739,0.5467936396598816,-0.23026728630065918,3.31301212310791,1.308834433555603,-0.2610314190387726,-0.2619394361972809,0.04735885560512543,0.2224707156419754,-0.26988354325294495,1.7738254070281982,-0.22224920988082886,-0.2271827906370163,-0.10332472622394562,-0.27795326709747314
94,302,290,312,300,-0.19285938143730164,-0.19016435742378235,-0.11812290549278259,1.3309332132339478,-0.05783036723732948,-0.11594700813293457,-0.2756892740726471,-0.26812615990638733,-0.18534982204437256,-0.18736831843852997,0.5384241938591003,-0.27730292081832886,-0.27829158306121826,4.524392127990723,-0.1003783717751503,-0.19071625173091888,-0.0026538209058344364,-0.19485469162464142,-0.22693143784999847,-0.20530785620212555,-0.22701357305049896,0.4789803922176361,-0.2783532738685608,-0.2748320996761322,-0.07817423343658447,-0.26129111647605896,-0.0648939460515976,-0.2498043179512024,0.4979042708873749,-0.26628419756889343,-0.2449347972869873,-0.10988850146532059,-0.27846434712409973,0.8393592834472656,-0.24698592722415924,-0.2574732303619385,0.30623534321784973,-0.23603305220603943,-0.24482031166553497,-0.2784465253353119,-0.2311309278011322,0.358859658241272,0.4241393208503723,0.20720824599266052,-0.2772573232650757,-0.0851244106888771,-0.2741697430610657,1.0331661701202393,4.452671051025391,0.4546121656894684,0.22527527809143066,-0.1089659035205841,-0.2005406767129898,-0.039970606565475464,-0.23095715045928955,-0.21945655345916748,-0.2725636065006256,1.308040976524353,0.4696519672870636,-0.062494177371263504,0.2574624717235565,1.0855522155761719,-0.10930448770523071,-0.11640733480453491,4.260533809661865,-0.2779295742511749,-0.20572026073932648,0.36577150225639343,-0.27845025062561035,0.17776890099048615,1.1036943197250366,-0.22963835299015045,-0.2719680070877075,-0.07742655277252197,-0.18286055326461792,-0.2257460653781891,0.5354932546615601,-0.2702603042125702,0.6272526383399963,-0.08939933776855469,0.42633920907974243,-0.1652068793773651,-0.2738863229751587,-0.24307584762573242,-0.14013320207595825,-0.05328843742609024,-0.09737759828567505,-0.27497002482414246,-0.25133001804351807,-0.2685058116912842,-0.19746384024620056,0.11606328189373016,-0.2144446074962616,0.1594761461019516,-0.22434799373149872,-0.15013211965560913,-0.21966084837913513,-0.17974458634853363,0.8554531335830688,-0.20751696825027466,-0.27808594703674316,-0.2675848603248596,0.2398899793624878,0.6160625219345093,-0.21274252235889435,2.3186450004577637,0.343718945980072,-0.27732715010643005,-0.24069201946258545,0.026386631652712822,-0.22705543041229248,-0.23795627057552338,-0.24927683174610138,0.05489695072174072,-0.2554508447647095,-0.25678032636642456,0.564829409122467,0.13357822597026825,-0.12520192563533783,0.04778280854225159,0.21619834005832672,-0.031745828688144684,-0.1031222715973854,0.3465126156806946,0.3872295320034027,-0.23693455755710602,-0.2572917938232422,-0.22712832689285278
95,218,340,229,350,-0.27770620584487915,-0.17734558880329132,0.09767553210258484,0.841593325138092,-0.03166509047150612,-0.23390832543373108,-0.2655865550041199,-0.26374414563179016,-0.20187315344810486,-0.23768247663974762,1.565966010093689,-0.2609817385673523,-0.1767965406179428,1.2632619142532349,-0.13885389268398285,-0.15588641166687012,-0.033806804567575455,-0.12375909090042114,0.503744900226593,-0.1401757299900055,-0.17594842612743378,-0.22233498096466064,-0.10925895720720291,-0.25102096796035767,1.0129553079605103,-0.2610345482826233,-0.11605305224657059,-0.19732266664505005,-0.16098029911518097,-0.011147873476147652,-0.27687641978263855,-0.12558016180992126,-0.27732619643211365,0.6115195155143738,-0.2704758942127228,-0.18615929782390594,-0.2696017324924469,-0.2225680649280548,-0.2551696002483368,-0.18600040674209595,-0.2307480126619339,-0.2489793747663498,0.5427283644676208,-0.2036741077899933,0.2913874387741089,-0.27655521035194397,-0.15552392601966858,0.7109650373458862,2.481137752532959,1.2053724527359009,-0.10161332786083221,-0.27788618206977844,-0.05124494060873985,-0.2720176875591278,-0.27667897939682007,-0.047720424830913544,-0.21926279366016388,-0.15420447289943695,0.41300931572914124,-0.059535980224609375,1.2592250108718872,0.8314211368560791,0.2514679729938507,-0.1480955183506012,-0.09637588262557983,-0.20167256891727448,-0.22058577835559845,-0.2693679928779602,-0.16136063635349274,1.2318040132522583,0.06996311992406845,0.06940896809101105,-0.2345852553844452,-0.20223431289196014,0.052999041974544525,-0.24275344610214233,-0.2381843775510788,-0.20876926183700562,-0.277466356754303,-0.06790773570537567,-0.21543510258197784,-0.271652489900589,-0.25602129101753235,0.017439469695091248,-0.011713650077581406,-0.2681087553501129,-0.17438173294067383,-0.09098303318023682,-0.2746272683143616,-0.23702333867549896,-0.1252836287021637,0.1146496906876564,-0.27841606736183167,-0.21202470362186432,-0.18596552312374115,-0.18092390894889832,-0.27643826603889465,-0.25521865487098694,0.25209754705429077,0.1901286542415619,-0.2743307054042816,-0.27030909061431885,0.05950867757201195,0.4590037763118744,-0.1503247767686844,0.20133666694164276,-0.227922722697258,-0.19075116515159607,0.0821736752986908,0.31429052352905273,-0.27844029664993286,-0.26496389508247375,-0.2612365186214447,-0.2473771870136261,0.7674700617790222,-0.2749500274658203,3.9814913272857666,0.4826161563396454,-0.27846410870552063,-0.2733612656593323,-0.05999942496418953,0.38495492935180664,-0.27353808283805847,1.0490461587905884,-0.20603539049625397,0.2010466456413269,-0.258769690990448,-0.27846452593803406
96,359,679,370,689,-0.24476942420005798,-0.173203244805336,-0.14964033663272858,1.419722080230713,-0.03052600473165512,-0.17953790724277496,-0.27521032094955444,-0.2709611654281616,-0.1459130495786667,-0.27181267738342285,0.9763993620872498,-0.2647843658924103,-0.27800947427749634,4.3506269454956055,-0.08936050534248352,-0.1666078269481659,-0.00313735892996192,-0.05227867513895035,0.028644844889640808,-0.16472695767879486,-0.27266019582748413,0.20579753816127777,-0.25928613543510437,-0.27022117376327515,0.15731990337371826,-0.21622896194458008,-0.02111990936100483,-0.276944637298584,0.19664978981018066,-0.2649989128112793,-0.2014329731464386,-0.15268057584762573,-0.2779173254966736,1.405274748802185,-0.22767694294452667,-0.27243533730506897,0.3710857629776001,-0.1379561424255371,-0.2488330751657486,-0.25916436314582825,-0.26199397444725037,0.5105471014976501,1.3354299068450928,0.1828063726425171,-0.2741667330265045,-0.15220777690410614,-0.2628162205219269,1.0805668830871582,5.840925216674805,1.3081780672073364,0.29650548100471497,-0.2782832682132721,-0.11445315182209015,-0.017210152000188828,-0.25533342361450195,-0.14987260103225708,-0.26075562834739685,2.3160934448242188,0.638784646987915,-0.07005521655082703,1.1335877180099487,1.3170742988586426,0.13766205310821533,0.25572043657302856,3.732583999633789,-0.22050675749778748,-0.2562965452671051,0.5587288737297058,-0.2515014410018921,0.45756468176841736,1.0380619764328003,-0.16484388709068298,-0.2751566469669342,0.09839291125535965,-0.1374482810497284,-0.14983123540878296,0.07623987644910812,-0.2735655903816223,0.6008532047271729,-0.03887942060828209,0.17833957076072693,0.02932657301425934,-0.2183094620704651,-0.27762576937675476,-0.27336034178733826,-0.017440177500247955,-0.03033686801791191,-0.23617136478424072,-0.2629728317260742,-0.2608271837234497,0.019856037572026253,0.38599640130996704,-0.27568259835243225,0.310158908367157,-0.21376870572566986,-0.030724383890628815,-0.2781978249549866,-0.17458997666835785,1.281734585762024,-0.26615557074546814,-0.2718433141708374,-0.25451788306236267,0.5805320739746094,0.704652726650238,-0.11995481699705124,3.190897226333618,0.3231947422027588,-0.24307367205619812,-0.20629402995109558,0.06339532881975174,-0.2444569170475006,-0.20993275940418243,0.16476354002952576,-0.20311392843723297,-0.27305322885513306,-0.14610116183757782,1.3327069282531738,0.5520314574241638,0.17467565834522247,-0.03357546776533127,0.12397806346416473,-0.0315827801823616,-0.10390602797269821,0.43878811597824097,0.4116077125072479,-0.20907160639762878,-0.17702549695968628,-0.24602721631526947
97,595,677,605,686,-0.25183171033859253,-0.21835817396640778,-0.14637728035449982,1.4971036911010742,-0.1007392480969429,0.46881139278411865,-0.25235623121261597,-0.2416839897632599,-0.0869017019867897,0.41561320424079895,-0.27626705169677734,-0.1557409167289734,-0.2362831085920334,4.7073893547058105,0.7906765341758728,-0.21480485796928406,-0.1321348249912262,2.402440309524536,-0.21055404841899872,0.02204069122672081,-0.12224399298429489,2.706428050994873,-0.2627418339252472,-0.0682738721370697,1.3390777111053467,-0.2742132842540741,-0.021173125132918358,-0.23481278121471405,-0.20774346590042114,-0.25548452138900757,-0.274006724357605,-0.26205071806907654,0.008940878324210644,0.04790434241294861,-0.25089430809020996,-0.23586975038051605,0.34481215476989746,-0.21145156025886536,-0.21780067682266235,-0.23948445916175842,-0.273436576128006,0.35739511251449585,0.36039674282073975,0.02732687257230282,-0.2766060531139374,0.8052797317504883,-0.2564487159252167,1.0426554679870605,0.5090541839599609,-0.278461217880249,0.8277811408042908,1.054802417755127,-0.03148458153009415,-0.19901980459690094,-0.257013738155365,-0.22740523517131805,-0.1143459677696228,-0.2326541244983673,0.1414547860622406,-0.22894789278507233,-0.27396655082702637,-0.015193295665085316,0.022869085893034935,0.009423653595149517,4.128783226013184,-0.08130969107151031,-0.22976869344711304,0.0038329579401761293,-0.21942880749702454,-0.2198047786951065,1.3638865947723389,-0.2651536762714386,-0.26061147451400757,-0.10681122541427612,-0.07548303157091141,-0.2777754068374634,-0.2201920449733734,-0.1957147866487503,-0.24446161091327667,-0.13770006597042084,3.0291330814361572,-0.26870298385620117,-0.24936600029468536,-0.18355180323123932,-0.12311098724603653,-0.05207018181681633,-0.16033264994621277,-0.25709810853004456,-0.030679700896143913,-0.2666258215904236,-0.07786192744970322,-0.0007477018516510725,-0.23865965008735657,0.6452019810676575,-0.2780076265335083,-0.21442416310310364,-0.20486125349998474,-0.20860648155212402,0.3043271601200104,-0.16826124489307404,-0.17663568258285522,-0.26298534870147705,0.15420067310333252,0.3471525311470032,-0.2368382215499878,-0.019987493753433228,2.781358003616333,0.5626986622810364,-0.27403581142425537,0.075885109603405,-0.2368435263633728,-0.2294558435678482,-0.07298418879508972,2.4439308643341064,-0.25486162304878235,-0.16140122711658478,-0.24051335453987122,-0.20908620953559875,0.3734877109527588,1.2121328115463257,0.5090118050575256,-0.014232304878532887,-0.22910083830356598,1.7102806568145752,-0.04290399327874184,-0.25227248668670654,-0.253646582365036,0.4272511899471283
98,436,747,446,756,1.685176134109497,-0.2774936556816101,-0.24201753735542297,0.8269873261451721,-0.00337029411457479,-0.27844366431236267,-0.2776728868484497,-0.2431337982416153,-0.215685173869133,-0.2713479697704315,0.6212149262428284,-0.2416103184223175,-0.276971697807312,1.6307913064956665,-0.26486387848854065,-0.22004668414592743,-0.021872680634260178,-0.23506592214107513,-0.07598916441202164,-0.1149062067270279,-0.21820412576198578,0.06017538532614708,-0.2773754298686981,-0.27763327956199646,-0.23971013724803925,-0.14590522646903992,-0.2784433364868164,-0.2742230296134949,0.3908997178077698,0.4307703673839569,-0.19899559020996094,-0.13929419219493866,0.11408703029155731,0.13629330694675446,-0.27802181243896484,-0.24542467296123505,-0.2539033591747284,0.08264647424221039,-0.2111087590456009,-0.27845871448516846,-0.2627493441104889,-0.25953420996665955,-0.1608423888683319,-0.1416623294353485,0.2750432789325714,-0.25771379470825195,-0.20285852253437042,0.6954447627067566,0.12508995831012726,-0.2624267339706421,0.2101821005344391,0.10895043611526489,-0.02021648921072483,-0.22929608821868896,-0.25863000750541687,-0.10671770572662354,-0.21735316514968872,-0.0422837920486927,-0.15266376733779907,-0.14510580897331238,-0.05471111834049225,1.5654886960983276,-0.2757519483566284,-0.27809014916419983,3.9597456455230713,-0.26971933245658875,-0.12677010893821716,-0.009403405711054802,-0.2745232582092285,0.44548526406288147,2.744969606399536,-0.05748917534947395,-0.27807360887527466,-0.2741968631744385,-0.0731026902794838,-0.2759050726890564,1.0895874500274658,-0.2734474539756775,-0.2225998193025589,-0.044700708240270615,-0.09810246527194977,-0.19454844295978546,-0.2536276578903198,-0.25024381279945374,0.11322478204965591,-0.2481287717819214,-0.18286733329296112,-0.06101105734705925,-0.044762756675481796,-0.2591128945350647,-0.0645987018942833,-0.17458970844745636,-0.2692227065563202,-0.22207891941070557,-0.24100708961486816,-0.06772453337907791,-0.2686445713043213,-0.2401154488325119,-0.24480147659778595,0.5657646059989929,0.10931263118982315,1.4049144983291626,0.4480530023574829,0.59077388048172,-0.2709328234195709,0.2966245710849762,-0.11855494976043701,-0.1001277044415474,-0.26596277952194214,-0.01301761157810688,-0.2213473618030548,-0.25856688618659973,-0.2783302068710327,0.49026739597320557,0.10612274706363678,-0.2562004625797272,0.2976454198360443,-0.26687419414520264,-0.2782110869884491,-0.02661173604428768,-0.06549249589443207,-0.0006751026376150548,-0.13308802247047424,1.1836967468261719,-0.11168327927589417,-0.2685849368572235,1.1025283336639404,-0.2292371392250061
99,759,474,770,484,0.8370413780212402,-0.2784634232521057,-0.13214857876300812,0.8358251452445984,-0.011193394660949707,-0.27240216732025146,-0.19703494012355804,-0.24796973168849945,-0.2623506784439087,-0.27843642234802246,1.5336533784866333,-0.25775498151779175,-0.2742805480957031,1.3955559730529785,-0.2422945499420166,-0.20428049564361572,-0.06514113396406174,-0.10966434329748154,-0.23065170645713806,-0.175551176071167,-0.24907450377941132,-0.16135165095329285,-0.2366061806678772,-0.2647070586681366,-0.22878319025039673,-0.2775072157382965,-0.21031959354877472,-0.2770273983478546,0.3654729127883911,0.062227312475442886,-0.229591965675354,-0.14666758477687836,0.04186766967177391,0.6400014758110046,-0.23787395656108856,-0.2627647817134857,-0.2752004563808441,-0.012172030285000801,-0.24010871350765228,-0.27120915055274963,-0.2686915397644043,-0.26405954360961914,-0.2634635269641876,-0.15753324329853058,0.12888017296791077,-0.2615751028060913,-0.2496551275253296,0.7281521558761597,1.0459469556808472,0.1915956288576126,0.06143058091402054,-0.2401580661535263,0.26953718066215515,-0.21215176582336426,-0.23927152156829834,-0.14746706187725067,-0.24261461198329926,0.2849591076374054,0.04114794731140137,-0.14906662702560425,0.6455332040786743,1.6031450033187866,-0.20957863330841064,-0.1358371078968048,3.0154848098754883,-0.24514026939868927,-0.25705376267433167,0.059420231729745865,-0.22965843975543976,0.9622475504875183,2.012355327606201,-0.22624973952770233,-0.2670605182647705,-0.09171278029680252,-0.05556894838809967,-0.24797894060611725,0.3495080769062042,-0.27348563075065613,-0.20906774699687958,-0.15205638110637665,-0.2551751732826233,-0.26005473732948303,-0.2783583104610443,-0.15477190911769867,-0.046422362327575684,-0.2713657319545746,-0.27846431732177734,-0.09163238108158112,0.09153565019369125,-0.27724069356918335,-0.1058981865644455,0.012444413267076015,-0.23150251805782318,-0.19518113136291504,-0.27751681208610535,-0.14638058841228485,-0.2737467885017395,-0.16057799756526947,-0.27623873949050903,0.481365829706192,-0.04737961292266846,0.15055589377880096,0.3766539990901947,0.5045733451843262,-0.2453794926404953,0.8807454705238342,0.04717371612787247,-0.2483658492565155,-0.2777683138847351,0.28156715631484985,-0.2388257533311844,-0.25849130749702454,-0.2134067863225937,-0.08629361540079117,0.3819279074668884,-0.26530513167381287,1.7092618942260742,-0.2736525237560272,-0.2468041181564331,0.008000190369784832,-0.09392458945512772,0.19762273132801056,-0.2288789600133896,1.018528938293457,-0.1406978815793991,-0.10622765868902206,0.9824934005737305,-0.2673819661140442
100,828,430,837,439,-0.0012610573321580887,-0.2755764424800873,-0.021092407405376434,1.0160611867904663,-0.07680201530456543,-0.2532237470149994,-0.2784505784511566,-0.26354044675827026,-0.26876533031463623,-0.2670974135398865,0.7855004072189331,-0.07476336508989334,0.5545804500579834,0.29957282543182373,-0.27162808179855347,-0.1751265823841095,-0.24293294548988342,-0.25318485498428345,-0.2162732034921646,-0.16922998428344727,-0.27153488993644714,0.3918054401874542,0.8130048513412476,0.14499936997890472,0.3516237437725067,-0.17286328971385956,0.5881484150886536,-0.1044866293668747,-0.09176173061132431,-0.27845922112464905,-0.2548808157444,-0.20034649968147278,0.2446659952402115,3.8529069423675537,-0.21712422370910645,-0.2781018614768982,-0.17054447531700134,-0.26976168155670166,-0.27796298265457153,-0.2312493771314621,-0.12079504877328873,-0.20951232314109802,-0.2671840190887451,0.048700809478759766,1.1738197803497314,0.13366974890232086,1.286950707435608,0.9594587087631226,0.4624878764152527,0.4220696687698364,0.9361032843589783,-0.2617235779762268,0.37470364570617676,-0.04131918027997017,-0.19318784773349762,-0.049392759799957275,-0.27248886227607727,0.2944071888923645,-0.06618822365999222,-0.2748749852180481,-0.22593140602111816,2.011430263519287,-0.09878668189048767,-0.276431679725647,-0.1515849083662033,-0.27384158968925476,-0.2639774978160858,-0.2774282991886139,1.1738953590393066,-0.10637468099594116,0.568164050579071,-0.20828786492347717,-0.27767428755760193,-0.15918199717998505,-0.18111087381839752,-0.20817789435386658,0.24251747131347656,-0.24647946655750275,-0.27687394618988037,-0.14773312211036682,-0.2778483033180237,-0.2784201204776764,-0.27408915758132935,-0.20734059810638428,-0.15888111293315887,-0.13251471519470215,0.43658146262168884,-0.07513806223869324,0.711611807346344,-0.10142859816551208,-0.2727692127227783,0.34409141540527344,0.4196012616157532,-0.27840858697891235,-0.24039779603481293,-0.2780519425868988,-0.1877133995294571,0.9750826954841614,-0.2463872879743576,0.044245705008506775,0.18120694160461426,0.1835615038871765,0.6155060529708862,0.49786683917045593,-0.14397183060646057,-0.1227954626083374,1.0252145528793335,-0.18629340827465057,0.048796020448207855,-0.23218455910682678,0.024537362158298492,-0.27791163325309753,-0.26779887080192566,-0.27517467737197876,0.6598538756370544,-0.24775904417037964,-0.09102318435907364,-0.26106885075569153,-0.27715227007865906,-0.05986480414867401,-0.03285856917500496,1.1936156749725342,-0.23595386743545532,-0.18129099905490875,-0.12300419807434082,1.2797043323516846,0.290655255317688,-0.23302756249904633
101,825,438,835,447,-0.2778414487838745,-0.18154460191726685,-0.16033372282981873,0.876782238483429,-0.028140878304839134,-0.23806042969226837,-0.11855407804250717,-0.2699928283691406,-0.1473577320575714,-0.2640281021595001,1.163574457168579,-0.2608965039253235,-0.08499256521463394,1.5800889730453491,-0.19537240266799927,-0.18285799026489258,-0.023440076038241386,-0.09331139922142029,0.6299556493759155,-0.14046068489551544,-0.18645291030406952,-0.25486254692077637,-0.09374187141656876,-0.18425427377223969,0.5091082453727722,-0.2783110737800598,0.007459830958396196,-0.26643282175064087,0.020145177841186523,-0.12429231405258179,-0.25646790862083435,-0.1295497864484787,-0.2696908712387085,0.529382586479187,-0.27136966586112976,-0.16433671116828918,-0.24931946396827698,-0.2602640688419342,-0.18237093091011047,-0.1739705204963684,-0.22060859203338623,-0.2349471151828766,0.46532389521598816,-0.15634964406490326,-0.06684019416570663,-0.273193359375,-0.14252743124961853,0.39073994755744934,3.395813226699829,1.5792752504348755,0.15187858045101166,-0.27747902274131775,-0.029707085341215134,-0.2773098945617676,-0.2530457377433777,-0.0917908325791359,-0.21294450759887695,-0.1365119367837906,0.35906797647476196,-0.07133208960294724,0.9373060464859009,1.2689205408096313,0.11118210852146149,-0.18700487911701202,0.7142783999443054,-0.2756776809692383,-0.24325168132781982,-0.2250305563211441,-0.18388763070106506,1.8155133724212646,0.3139632046222687,0.1435142308473587,-0.27435529232025146,-0.27760547399520874,-0.10051903128623962,-0.2488836795091629,-0.24602679908275604,-0.2370796501636505,-0.27637043595314026,-0.12850768864154816,-0.10766397416591644,-0.27846378087997437,-0.26285189390182495,-0.2006230354309082,-0.07762845605611801,-0.26523691415786743,-0.13146822154521942,-0.1487296223640442,-0.2533383369445801,-0.2484583854675293,-0.16238823533058167,0.37882137298583984,-0.2783292233943939,-0.22716152667999268,-0.2338079810142517,-0.20544059574604034,-0.27598100900650024,-0.24805355072021484,0.1686684936285019,0.1448194831609726,-0.2655748724937439,-0.27273890376091003,0.09146550297737122,0.8961682915687561,-0.11471212655305862,0.11352671682834625,-0.19086909294128418,-0.17528076469898224,-0.20152005553245544,0.797487735748291,-0.27826398611068726,-0.2656169533729553,-0.2721898555755615,-0.22307491302490234,0.5718060731887817,-0.2782246768474579,3.5091426372528076,0.10686307400465012,-0.27734336256980896,-0.2583521604537964,-0.043323542922735214,-0.06492964923381805,-0.2536022961139679,1.5596593618392944,-0.17870205640792847,-0.22169260680675507,-0.25154823064804077,-0.2784639000892639
102,225,554,236,564,-0.17357417941093445,-0.23623281717300415,-0.236887589097023,1.5345693826675415,-0.03371942788362503,0.4474860429763794,1.8900445699691772,-0.15880048274993896,-0.20050139725208282,1.4606901407241821,-0.27005064487457275,-0.27779000997543335,-0.2463354766368866,1.1998605728149414,1.0813895463943481,-0.1810026615858078,-0.10479964315891266,0.7042765021324158,0.001255848677828908,0.23762713372707367,-0.23593425750732422,2.437307834625244,-0.2609168589115143,2.235384702682495,1.7159889936447144,-0.2532412111759186,-0.18977734446525574,-0.2777685225009918,-0.0019599897786974907,-0.22041115164756775,-0.2320198267698288,-0.2776719331741333,-0.1715439110994339,0.27070894837379456,-0.03038923256099224,-0.23417337238788605,0.24505925178527832,-0.0783349797129631,-0.27585262060165405,0.023059943690896034,-0.22409261763095856,0.6281881332397461,1.5852819681167603,-0.2502448558807373,-0.10029448568820953,0.36360833048820496,-0.21138425171375275,1.1241614818572998,4.726202487945557,0.3410298228263855,0.8181890845298767,0.796840488910675,-0.2775290608406067,0.03515948727726936,-0.22958345711231232,-0.17668281495571136,-0.19056248664855957,0.5118076205253601,-0.2780778408050537,-0.2764286994934082,0.6020030975341797,0.5817346572875977,-0.14311333000659943,-0.15930716693401337,2.1839966773986816,-0.18133729696273804,-0.2690858542919159,-0.25909513235092163,2.340327262878418,0.06295724958181381,1.536939263343811,-0.26998740434646606,-0.1587400883436203,-0.24960429966449738,-0.27503809332847595,-0.2784165143966675,-0.22895416617393494,-0.16163702309131622,-0.17211103439331055,-0.24407045543193817,2.686353921890259,-0.1248902752995491,-0.26915407180786133,-0.2722684442996979,2.1190357208251953,-0.10473890602588654,-0.09197164326906204,-0.25578969717025757,-0.24066689610481262,-0.27574634552001953,0.7798826694488525,1.8248436450958252,0.2104160189628601,0.3743450939655304,-0.27487167716026306,-0.26230525970458984,-0.2717895805835724,-0.2652713656425476,0.06766895204782486,-0.21906228363513947,-0.23638437688350677,0.847111701965332,-0.16747261583805084,0.4360089898109436,-0.1222890168428421,0.9876101016998291,2.8290109634399414,1.3746274709701538,-0.23820051550865173,0.4263401925563812,0.16495150327682495,-0.22123843431472778,0.07461714744567871,0.5385569334030151,-0.2673083543777466,0.17706990242004395,-0.2651258707046509,0.20289935171604156,0.257321298122406,1.1505528688430786,0.43747225403785706,0.10841237008571625,-0.1996236890554428,1.779810905456543,0.6953850388526917,-0.2767159342765808,-0.25907421112060547,0.15587356686592102
103,712,371,723,380,-0.15586988627910614,-0.1874319612979889,-0.2746076285839081,1.0552557706832886,-0.011306537315249443,-0.27531319856643677,-0.25565406680107117,-0.25832971930503845,-0.12951266765594482,-0.17882075905799866,0.9069641828536987,-0.2646436095237732,-0.11442527174949646,0.46970102190971375,0.11039084941148758,-0.21278534829616547,-0.026213079690933228,-0.03004024177789688,1.7938839197158813,-0.16764406859874725,-0.18849696218967438,-0.2611122131347656,-0.2777063846588135,0.10411404073238373,3.5135672092437744,-0.2764095664024353,-0.2129485160112381,-0.11661019176244736,-0.2440582662820816,-0.120701365172863,-0.21195724606513977,-0.22285665571689606,-0.2780064642429352,0.727957546710968,-0.2724616527557373,-0.22128163278102875,-0.20612217485904694,-0.1524062305688858,-0.2527455985546112,-0.09553711116313934,-0.2514704763889313,-0.028621414676308632,1.3745787143707275,-0.2632618546485901,-0.1579349935054779,-0.25809183716773987,-0.12249943614006042,1.077451229095459,4.875319004058838,1.517479419708252,0.20492009818553925,-0.27457669377326965,-0.2510973811149597,-0.26752257347106934,-0.2459390014410019,-0.01245822012424469,-0.24807795882225037,0.5451561212539673,0.03533988445997238,-0.03341527283191681,2.1584064960479736,-0.10640750080347061,0.2810070514678955,-0.2674044668674469,-0.20784293115139008,-0.2643967270851135,0.046413131058216095,-0.269706666469574,0.14496125280857086,0.8393915295600891,-0.15396448969841003,0.005979057867079973,-0.27846387028694153,-0.2572699785232544,0.1355656534433365,-0.2758764624595642,-0.17124632000923157,-0.18813316524028778,-0.24991700053215027,-0.04830210655927658,-0.008788533508777618,-0.27776479721069336,-0.2540309429168701,0.3760102689266205,0.3930984139442444,-0.10260369628667831,-0.04124007746577263,-0.06221307814121246,-0.24478042125701904,-0.1984747350215912,-0.18805938959121704,0.3973163962364197,-0.19074471294879913,-0.2736537456512451,-0.13161832094192505,-0.05578823387622833,-0.267322838306427,-0.2458600401878357,0.21799610555171967,-0.19513937830924988,-0.2557729482650757,-0.27488386631011963,-0.023861467838287354,0.10110269486904144,-0.15156550705432892,0.3740650415420532,-0.1676541119813919,-0.15811732411384583,-0.0786888375878334,0.02647961862385273,-0.2560935616493225,-0.2764354944229126,-0.1858961582183838,-0.26120856404304504,0.5536396503448486,-0.0723840743303299,3.5613749027252197,2.1972200870513916,-0.19796574115753174,-0.2583761513233185,-0.02480080910027027,0.32317498326301575,-0.2607850432395935,2.0492379665374756,-0.15375488996505737,-0.17661644518375397,-0.13439224660396576,-0.27309316396713257
104,700,291,710,301,-0.22588993608951569,-0.22941114008426666,-0.07121149450540543,0.877592921257019,-0.06058410555124283,-0.25382906198501587,-0.1855112463235855,-0.27412131428718567,-0.22483603656291962,-0.2746478319168091,1.161329746246338,-0.21684697270393372,0.023532142862677574,0.46792536973953247,-0.11829356849193573,-0.19858309626579285,-0.13801535964012146,-0.18373340368270874,-0.03887060284614563,-0.17604894936084747,-0.2532157003879547,-0.27137407660484314,0.04902411997318268,-0.11192027479410172,0.8586615920066833,-0.16002467274665833,-0.04839314892888069,-0.16793498396873474,-0.06761839240789413,0.3026781678199768,-0.21671681106090546,-0.18258370459079742,-0.2128462940454483,0.38159477710723877,-0.26188087463378906,-0.2224808931350708,-0.27097055315971375,-0.025699235498905182,-0.2782498300075531,-0.27805736660957336,-0.2457682192325592,-0.2627258002758026,0.121711865067482,-0.21823576092720032,0.8554149866104126,-0.26683807373046875,-0.23882971704006195,0.5452103018760681,0.8529660105705261,0.7884114980697632,0.11173239350318909,-0.25290465354919434,-0.038516368716955185,-0.2723994255065918,-0.25547584891319275,-0.07970725744962692,-0.21088272333145142,-0.25840651988983154,0.006808770354837179,-0.10854865610599518,0.19393199682235718,1.085351824760437,0.24384859204292297,-0.2535141408443451,-0.014158057048916817,-0.06333287060260773,-0.14181625843048096,-0.25820258259773254,0.2444002777338028,1.313604712486267,0.12498415261507034,-0.2410760521888733,-0.16691578924655914,-0.21137844026088715,-0.10469543933868408,-0.27544137835502625,-0.006466914899647236,-0.2510587275028229,-0.27817466855049133,-0.09800352901220322,-0.2173020839691162,-0.25364598631858826,-0.250462144613266,-0.03964601829648018,0.0969695970416069,-0.23115143179893494,-0.23041674494743347,-0.09837430715560913,-0.044138479977846146,-0.24701903760433197,-0.1575731635093689,0.17479752004146576,-0.200963094830513,-0.21636350452899933,-0.2515486180782318,-0.2587861716747284,-0.24973317980766296,-0.27371668815612793,-0.00351792317815125,0.3310107886791229,-0.058494385331869125,-0.20819233357906342,0.0006587741663679481,0.5085587501525879,-0.1623300015926361,-0.22402380406856537,0.0579669326543808,-0.21548989415168762,0.03390772268176079,0.021242842078208923,-0.15827831625938416,-0.2515122890472412,-0.26791834831237793,-0.1962316930294037,0.68349289894104,-0.2780912220478058,2.8440499305725098,0.021313270553946495,-0.27266091108322144,-0.2782178819179535,0.014269817620515823,0.5476738810539246,-0.2777707278728485,0.8769574165344238,-0.1856345683336258,0.9336318373680115,-0.27548927068710327,-0.2682912349700928
105,252,510,262,519,-0.1693596988916397,-0.22225196659564972,-0.152879998087883,1.5620062351226807,-0.01714904233813286,0.7599228620529175,-0.2698075771331787,-0.22726112604141235,-0.1806190460920334,0.8274105787277222,-0.14102137088775635,-0.13324937224388123,-0.21870006620883942,-0.27846401929855347,0.20781831443309784,-0.26032349467277527,-0.013800498098134995,-0.2570441663265228,-0.20877361297607422,-0.13994812965393066,-0.20203423500061035,0.613940417766571,-0.27455687522888184,2.8428683280944824,3.156161308288574,-0.2679266631603241,-0.2256658971309662,-0.21888038516044617,-0.2464366853237152,-0.2259434461593628,-0.2771752178668976,-0.19657865166664124,-0.27798253297805786,0.2072020322084427,-0.25606569647789,-0.2603335380554199,0.46006983518600464,-0.08153358101844788,-0.2782639265060425,-0.2761762738227844,-0.2758132517337799,0.9056681394577026,0.4399906396865845,-0.15408791601657867,-0.27807024121284485,0.1386948972940445,-0.18131157755851746,1.3120440244674683,6.24822473526001,1.8307535648345947,-0.07942687720060349,0.009667864069342613,-0.24272365868091583,0.33275875449180603,-0.2598637342453003,-0.0334801971912384,-0.24138596653938293,0.9116579294204712,-0.2509360909461975,-0.12938395142555237,0.24477528035640717,-0.2765628397464752,-0.14907731115818024,-0.020006349310278893,-0.26897624135017395,-0.2609201669692993,-0.2773432433605194,-0.24655631184577942,2.860119581222534,0.006691972725093365,0.04039347171783447,-0.23940975964069366,-0.2634247839450836,-0.25931039452552795,-0.2748347520828247,-0.2675725519657135,-0.10970450937747955,-0.17563693225383759,-0.2781449854373932,-0.1851349174976349,1.6163957118988037,-0.15009047091007233,-0.27569183707237244,0.41570302844047546,1.3794426918029785,-0.07894612103700638,-0.03850993514060974,-0.2108754813671112,-0.2784636914730072,-0.26974403858184814,-0.15502537786960602,0.9045711755752563,-0.2783648669719696,0.7718890309333801,-0.14264732599258423,-0.1612246036529541,-0.004598082508891821,-0.21236160397529602,-0.009351808577775955,-0.27795419096946716,-0.24073705077171326,1.0713473558425903,-0.16232623159885406,-0.04328840225934982,-0.19924980401992798,0.412919819355011,1.8516680002212524,-0.2691861093044281,-0.24966634809970856,-0.26346394419670105,-0.2782357931137085,-0.16521397233009338,-0.14198695123195648,0.15628963708877563,-0.12881377339363098,0.015210449695587158,0.007109221536666155,2.0371782779693604,0.05976581200957298,0.300076961517334,0.49986129999160767,0.3821071684360504,-0.21268585324287415,1.4458062648773193,1.166887879371643,-0.2517834007740021,-0.13105230033397675,0.14543144404888153
106,336,740,349,751,-0.2582052946090698,-0.2718092203140259,0.11301951855421066,1.5094677209854126,-0.26564764976501465,-0.27010107040405273,0.09531357139348984,-0.10893175005912781,-0.18564431369304657,-0.2201063632965088,-0.24294602870941162,-0.19412918388843536,-0.27672746777534485,3.533885955810547,3.2044944763183594,-0.2583731412887573,-0.27261683344841003,1.9282835721969604,-0.03292006626725197,2.435698986053467,-0.2619711458683014,3.4939825534820557,-0.2072664052248001,-0.2326499968767166,3.3992104530334473,-0.2713472545146942,0.0882878452539444,-0.27254772186279297,-0.198208287358284,-0.18090888857841492,-0.2744709849357605,-0.21223443746566772,-0.2261478453874588,0.41042035818099976,-0.17467406392097473,-0.26070839166641235,0.22219082713127136,-0.13766783475875854,-0.27811065316200256,0.12343212217092514,-0.22217664122581482,0.43611520528793335,1.6777749061584473,-0.1148989349603653,-0.2748233675956726,0.9099150896072388,-0.26543453335762024,1.030429482460022,-0.27719947695732117,-0.24936272203922272,0.7850284576416016,1.1200780868530273,-0.2505330443382263,-0.1963508278131485,0.48662176728248596,-0.25118231773376465,0.3294121026992798,-0.2737954556941986,1.0233254432678223,-0.11134088784456253,0.17197245359420776,-0.24523216485977173,-0.1284584403038025,0.2574280798435211,0.15321588516235352,-0.171671524643898,-0.2166256457567215,-0.16397877037525177,-0.01418057456612587,-0.2542084753513336,0.45531150698661804,-0.2676340937614441,-0.14978013932704926,-0.2777788043022156,0.9955707788467407,-0.12591446936130524,-0.27792370319366455,-0.2655782401561737,0.2490355670452118,-0.20036666095256805,0.5783848762512207,-0.0803946852684021,-0.27758511900901794,-0.24037666618824005,-0.04855171963572502,-0.07908272743225098,-0.20361581444740295,-0.24539460241794586,0.9236457943916321,-0.20035144686698914,1.4796037673950195,-0.2422962486743927,-0.2783852815628052,0.5684884786605835,-0.26117342710494995,-0.19145016372203827,0.18568196892738342,-0.2511384189128876,0.3684554100036621,-0.21327471733093262,2.1248226165771484,-0.15943682193756104,0.08270208537578583,0.04883773252367973,-0.08586433529853821,-0.1707550436258316,1.1946520805358887,0.01763438992202282,-0.17421121895313263,-0.2128167599439621,-0.2707971930503845,-0.0881345346570015,-0.19095847010612488,1.8713831901550293,-0.27804386615753174,0.02393321506679058,-0.27833572030067444,-0.07826408743858337,0.03726628050208092,0.9461978673934937,0.5064877867698669,0.8970356583595276,-0.1707078069448471,0.7114368677139282,-0.19161249697208405,-0.1991378217935562,-0.15611283481121063,0.359604150056839
107,230,542,240,552,0.5248355269432068,-0.2730467915534973,0.005145454779267311,0.9579450488090515,-0.06322997063398361,-0.2756916582584381,0.05702841281890869,-0.24184849858283997,-0.26161038875579834,-0.25975528359413147,0.7954196333885193,-0.22688564658164978,0.25279003381729126,0.2011251002550125,-0.14619773626327515,-0.13611337542533875,-0.2736378312110901,-0.14663207530975342,-0.21402138471603394,-0.27844974398612976,-0.2636953592300415,-0.03961317241191864,0.08087120950222015,-0.04149412736296654,0.11516281962394714,-0.22601349651813507,-0.2101483792066574,-0.2550756633281708,0.012123648077249527,0.33058640360832214,-0.17901308834552765,-0.21719834208488464,0.08553458750247955,0.18985022604465485,-0.24323733150959015,-0.2766329348087311,-0.2600850462913513,0.13312534987926483,-0.2783403992652893,-0.2070637345314026,-0.2728571593761444,-0.23908959329128265,-0.2775824964046478,-0.15349504351615906,0.6023375988006592,-0.23124447464942932,-0.23782585561275482,0.6531991362571716,-0.03322116285562515,-0.12053032219409943,0.2853992283344269,-0.2557172179222107,0.07684168219566345,-0.1881675124168396,-0.16805629432201385,-0.15955747663974762,-0.2550065517425537,-0.07956022769212723,-0.0004285151662770659,-0.23705759644508362,0.351061075925827,0.9274422526359558,-0.11045117676258087,-0.18798956274986267,0.6906712651252747,-0.15238410234451294,-0.2634584903717041,0.06001601368188858,0.03814268484711647,0.47395575046539307,1.3008121252059937,-0.25623103976249695,-0.20989634096622467,-0.10744442790746689,-0.06504739820957184,-0.2781795263290405,0.35968032479286194,-0.2689056694507599,-0.26306140422821045,-0.15049640834331512,-0.020072368904948235,-0.2712576389312744,-0.2752760052680969,-0.2697204053401947,-0.007926098071038723,-0.0781315416097641,-0.27320048213005066,-0.13519839942455292,0.2978144586086273,-0.27085986733436584,-0.2030237317085266,0.08565133064985275,0.051050521433353424,-0.2358880192041397,-0.2746003270149231,-0.24888944625854492,-0.25243452191352844,0.1577884703874588,-0.26088109612464905,0.3863690197467804,0.1332569122314453,0.6153610348701477,0.09540825337171555,0.41747090220451355,-0.2724406123161316,0.1995590478181839,-0.0605086013674736,-0.2341129183769226,-0.03989683836698532,-0.012199419550597668,-0.2107880413532257,-0.2778415381908417,-0.27520692348480225,-0.11997004598379135,0.36671677231788635,-0.2557414174079895,0.5130934715270996,-0.2784450352191925,-0.27744585275650024,-0.12040862441062927,-0.0721086785197258,0.5501871109008789,-0.2758237421512604,0.36755019426345825,-0.07577166706323624,0.21483728289604187,-0.071165531873703,-0.21526429057121277
108,262,514,272,522,-0.057351004332304,-0.14279215037822723,-0.2067113220691681,1.5307674407958984,-0.006407270673662424,-0.19511079788208008,-0.11481165140867233,-0.2783771753311157,-0.17385949194431305,0.015080485492944717,1.4193437099456787,-0.2168905884027481,-0.19802428781986237,0.5124021768569946,0.2667202055454254,-0.27834954857826233,-0.046394266188144684,-0.06959480047225952,0.3374657928943634,-0.2535842955112457,-0.17118914425373077,0.9072104096412659,-0.16310545802116394,1.3819568157196045,4.373448371887207,-0.11010339856147766,-0.05493800714612007,-0.19409465789794922,-0.25592175126075745,-0.07800538092851639,-0.07738127559423447,-0.14295582473278046,0.05185350775718689,0.8375800848007202,-0.2782200872898102,-0.24444539844989777,0.19562989473342896,-0.03522904962301254,-0.0998711958527565,-0.171328604221344,-0.26596584916114807,0.6921087503433228,3.6095528602600098,-0.21868392825126648,-0.12285582721233368,0.044453468173742294,-0.06456995010375977,2.92440128326416,6.070079803466797,0.5847602486610413,-0.18168534338474274,-0.22968284785747528,-0.27837347984313965,0.3407804071903229,-0.12588456273078918,-0.00897013396024704,-0.2687898278236389,1.2533057928085327,-0.2517756521701813,-0.0952237918972969,1.4731297492980957,-0.24284261465072632,-0.04972909390926361,-0.13508474826812744,-0.2573530375957489,-0.08232122659683228,-0.23015262186527252,-0.2599056363105774,2.6535329818725586,0.5813503861427307,0.6037178635597229,-0.27778440713882446,-0.25825273990631104,-0.25990426540374756,-0.24086213111877441,-0.24218375980854034,-0.04018683359026909,-0.05190140753984451,-0.030416252091526985,-0.08265244960784912,0.3498383164405823,-0.031954918056726456,-0.2381294220685959,-0.217845156788826,-0.2713671028614044,-0.008559979498386383,-0.010413683019578457,-0.03722429648041725,-0.23171770572662354,-0.23027874529361725,-0.12365003675222397,0.46467724442481995,-0.08862071484327316,0.6060053706169128,-0.24048906564712524,0.032637856900691986,-0.2647232711315155,-0.17136862874031067,0.824238657951355,-0.2722502052783966,-0.2774353325366974,-0.2318030148744583,1.159591555595398,0.014248660765588284,-0.012122885324060917,1.255002498626709,2.7967424392700195,-0.2357463836669922,-0.27578750252723694,0.30614426732063293,-0.11731691658496857,-0.2561444938182831,-0.26617470383644104,-0.029854480177164078,-0.2649329900741577,0.35853713750839233,0.5056594610214233,1.5375012159347534,1.4908456802368164,0.06830117851495743,0.3855988085269928,0.783505380153656,-0.2770780920982361,1.9811556339263916,0.13561585545539856,-0.1011209711432457,-0.0961645245552063,-0.10507629811763763
109,357,727,366,737,-0.08051132410764694,-0.2463337779045105,-0.18916933238506317,1.363510012626648,-0.1061837300658226,-0.09512529522180557,-0.27771610021591187,-0.25027257204055786,-0.10136846452951431,0.010579604655504227,0.012223307974636555,-0.25332388281822205,-0.27756384015083313,4.896825313568115,0.3473060131072998,-0.11065291613340378,-0.010954730212688446,0.32682228088378906,-0.2590905725955963,0.09940530359745026,-0.18982340395450592,1.6200001239776611,-0.2770044207572937,-0.27769044041633606,0.2566884160041809,-0.26318275928497314,0.26461511850357056,-0.1991511732339859,0.5836047530174255,-0.25757718086242676,-0.26629823446273804,-0.26785433292388916,-0.2368231862783432,0.6988795399665833,-0.2606842815876007,-0.27352309226989746,0.28933289647102356,-0.24800337851047516,-0.20657671988010406,-0.22865250706672668,-0.2716512978076935,0.28887850046157837,0.33221128582954407,0.40892156958580017,-0.2544133961200714,0.22319099307060242,-0.2730063498020172,0.9104764461517334,2.2620010375976562,-0.14178049564361572,0.5684089660644531,1.3065494298934937,0.05188271403312683,-0.03344747796654701,-0.27843210101127625,-0.2722591161727905,-0.13333313167095184,0.09377793967723846,0.1706271916627884,-0.15355773270130157,-0.21821026504039764,0.8380159735679626,-0.11456500738859177,0.2645564377307892,4.866968631744385,-0.18018752336502075,-0.1914224624633789,0.4996984004974365,-0.2612546384334564,0.05522081255912781,1.514177680015564,-0.27466514706611633,-0.27843987941741943,-0.24572740495204926,-0.11902642995119095,-0.2581491768360138,0.3552970290184021,-0.2700192928314209,0.38026753067970276,-0.09508493542671204,1.1362115144729614,-0.23272757232189178,-0.26867538690567017,-0.27609983086586,-0.1320001631975174,-0.05136694014072418,-0.11087674647569656,-0.27752259373664856,-0.2463858276605606,-0.2784227132797241,-0.05710957199335098,0.05660600587725639,-0.27787747979164124,0.2758425772190094,-0.24265936017036438,-0.13182982802391052,-0.2072833776473999,-0.21036066114902496,0.35515129566192627,-0.1843210756778717,-0.18379256129264832,-0.21600055694580078,0.40645545721054077,0.46676820516586304,-0.23347502946853638,0.967971682548523,1.6746729612350464,-0.18115337193012238,-0.24620509147644043,-0.06638487428426743,-0.20811466872692108,-0.2505258023738861,-0.2613794207572937,0.8920880556106567,-0.27624696493148804,-0.20794513821601868,-0.149576798081398,-0.0594961941242218,0.08541100472211838,0.4826493561267853,0.31793075799942017,-0.0872737392783165,-0.20587468147277832,1.093828558921814,0.130780890583992,-0.263836532831192,-0.13703656196594238,-0.07495865225791931
110,642,714,652,724,-0.2429255247116089,-0.2619669437408447,-0.27838364243507385,1.0436360836029053,-0.14382527768611908,-0.23748868703842163,0.44161781668663025,-0.2784552574157715,-0.10181603580713272,-0.17206043004989624,0.13247014582157135,-0.22490935027599335,0.056719064712524414,2.041015863418579,-0.020850518718361855,0.20670439302921295,-0.15581980347633362,-0.18891938030719757,0.46825501322746277,-0.20683695375919342,-0.2750759720802307,-0.11592619121074677,0.016789216548204422,-0.23241162300109863,2.0084526538848877,-0.24703919887542725,0.392856627702713,-0.23390845954418182,-0.23680219054222107,-0.09797254949808121,-0.19133782386779785,-0.22881120443344116,-0.15608784556388855,0.31159695982933044,-0.2745548188686371,-0.1814602166414261,-0.18992997705936432,-0.27719950675964355,-0.231370747089386,-0.2741537392139435,-0.25745272636413574,-0.15444646775722504,0.3116159439086914,-0.26300740242004395,-0.26328590512275696,-0.12150217592716217,-0.2281201183795929,0.031023379415273666,2.530285358428955,1.1162866353988647,0.9570755958557129,0.06133465841412544,0.463888019323349,-0.08191681653261185,-0.225814089179039,-0.15595123171806335,-0.13071830570697784,0.6741836667060852,0.3368653357028961,-0.1311933398246765,1.6445506811141968,0.8976361751556396,0.7662805318832397,0.03338061273097992,1.4512825012207031,-0.27206748723983765,0.09232407063245773,0.7314170598983765,-0.14278142154216766,1.1517223119735718,0.7358245849609375,-0.2782978117465973,-0.26485636830329895,-0.2670440971851349,0.20500046014785767,-0.2676220238208771,-0.22375017404556274,-0.214278906583786,-0.23099541664123535,-0.20014290511608124,0.7206376791000366,-0.2662118077278137,-0.27093371748924255,-0.09844537079334259,-0.03519078344106674,-0.166169673204422,-0.11281871795654297,-0.16657955944538116,-0.23200814425945282,-0.2609592080116272,-0.21140971779823303,1.6043823957443237,-0.2616611123085022,-0.272688090801239,-0.27046141028404236,-0.255073219537735,-0.26877903938293457,-0.22830787301063538,0.19495117664337158,0.05786759406328201,-0.27846455574035645,-0.2568014860153198,0.7631666660308838,0.24680349230766296,-0.18247269093990326,0.16804203391075134,0.7076699137687683,0.1385137289762497,-0.2767620384693146,0.27021464705467224,-0.2766914367675781,-0.272975355386734,-0.12016523629426956,-0.07772126793861389,0.26086485385894775,-0.2283477932214737,0.7475569844245911,0.19287508726119995,0.045093029737472534,0.007761380635201931,0.08260316401720047,-0.03176875784993172,-0.2740073800086975,3.401855230331421,-0.20520594716072083,-0.24081724882125854,-0.2546134293079376,-0.26436057686805725
111,338,805,349,815,-0.1983499974012375,-0.212823286652565,0.03223080933094025,1.552301287651062,-0.18939867615699768,-0.2222948521375656,-0.27437153458595276,-0.199331134557724,-0.14859923720359802,-0.21880775690078735,-0.24108093976974487,-0.17185825109481812,-0.2368445098400116,4.484889030456543,2.24868106842041,-0.2699733376502991,-0.15701963007450104,0.3807442784309387,-0.016939714550971985,1.1829668283462524,-0.21521145105361938,3.5568602085113525,-0.25786247849464417,-0.23467662930488586,2.235807418823242,-0.22590145468711853,0.13829335570335388,-0.22859148681163788,-0.2783500850200653,-0.17887087166309357,-0.2783581018447876,-0.24834759533405304,-0.24333205819129944,0.4327286183834076,-0.25371912121772766,-0.2649625837802887,0.3187306821346283,-0.07974251359701157,-0.1996382474899292,-0.2771587371826172,-0.27824896574020386,0.5461080074310303,1.5109447240829468,-0.1995152235031128,-0.23634850978851318,0.8118734955787659,-0.25202855467796326,1.6438755989074707,-0.0005188646027818322,-0.2683320641517639,0.28953850269317627,1.5475741624832153,-0.19736561179161072,-0.1750161349773407,-0.1882547289133072,-0.26619210839271545,-0.08338364958763123,-0.2594417631626129,1.0107218027114868,-0.2713607847690582,-0.1798628568649292,-0.2769836485385895,-0.020640971139073372,0.0790153294801712,0.9678198099136353,-0.13323232531547546,-0.264314204454422,-0.2164251059293747,-0.2555810213088989,-0.24628500640392303,0.8840641975402832,-0.2759159505367279,-0.27676284313201904,-0.20870794355869293,0.6692644357681274,-0.2677331268787384,-0.25427019596099854,-0.18459098041057587,0.03203001245856285,-0.20495067536830902,1.680540919303894,-0.16358768939971924,-0.27261584997177124,-0.27799466252326965,-0.24529880285263062,-0.06474635004997253,-0.2425628900527954,-0.26497721672058105,-0.19755835831165314,-0.2563563883304596,0.7753830552101135,-0.1629323661327362,-0.23685793578624725,0.7827005982398987,-0.23686222732067108,-0.12762536108493805,0.07324980199337006,-0.17172706127166748,0.39460477232933044,-0.21753297746181488,0.5924376845359802,-0.10254111140966415,0.03710189089179039,-0.15094004571437836,-0.07402239739894867,0.24220231175422668,1.5117945671081543,-0.0931549221277237,-0.17690038681030273,-0.1672254502773285,-0.16422316431999207,-0.12009871751070023,-0.2784421443939209,1.328841209411621,-0.2719428539276123,-0.19993434846401215,-0.2590693533420563,-0.09986218810081482,0.17519350349903107,0.8355914354324341,0.4712742865085602,0.6545109748840332,-0.25635623931884766,0.5288578271865845,-0.1933078169822693,-0.27635231614112854,-0.12753741443157196,0.4518917202949524
112,247,452,257,460,-0.0924350693821907,-0.15794983506202698,-0.2502279281616211,1.2505923509597778,-0.025953631848096848,-0.17801225185394287,-0.27846285700798035,-0.2766869366168976,-0.1012275367975235,-0.21509243547916412,0.20765022933483124,-0.1981791853904724,-0.2564490735530853,2.1618590354919434,-0.055402789264917374,-0.24451473355293274,-0.010175822302699089,-0.12762631475925446,1.6594537496566772,-0.25592041015625,-0.2645873725414276,-0.23551754653453827,-0.27260157465934753,-0.23710879683494568,3.284738540649414,-0.23018643260002136,0.08830209076404572,-0.1359291970729828,-0.23666132986545563,-0.2457660734653473,-0.19738098978996277,-0.10974984616041183,-0.24638621509075165,0.16805294156074524,-0.2781304121017456,-0.21363584697246552,0.07473215460777283,-0.10235849022865295,-0.199991375207901,-0.07491204887628555,-0.2240670621395111,0.3937041759490967,1.5710244178771973,-0.2297196388244629,-0.2606971561908722,-0.1614966094493866,-0.18150286376476288,1.5943337678909302,6.450649261474609,1.5310856103897095,-0.15873703360557556,-0.2109072208404541,-0.2665514051914215,-0.12431106716394424,-0.2230995148420334,-0.008981993421912193,-0.24407465755939484,0.10015634447336197,0.20915623009204865,-0.024569012224674225,1.4302482604980469,-0.2772994935512543,0.7268459796905518,-0.10394605994224548,-0.27830806374549866,-0.2128138542175293,-0.27762162685394287,-0.250853031873703,0.06662965565919876,0.2638152837753296,-0.2540231943130493,-0.24581655859947205,-0.24684745073318481,-0.2681571841239929,0.24399349093437195,-0.2737880051136017,-0.16755560040473938,-0.09843206405639648,-0.27551397681236267,-0.09558204561471939,0.8399427533149719,-0.2768785357475281,-0.2718898355960846,-0.2752348780632019,0.12939763069152832,-0.035710543394088745,-0.05981289595365524,-0.1746896207332611,-0.2522653043270111,-0.21858876943588257,-0.19635005295276642,0.39617976546287537,-0.22400085628032684,0.04495744779706001,-0.08476080745458603,-0.16568666696548462,-0.26666060090065,-0.17123694717884064,1.3084585666656494,-0.236334890127182,-0.17541682720184326,-0.22355933487415314,-0.06888901442289352,0.18841508030891418,-0.13593488931655884,0.4748377203941345,0.36862441897392273,-0.2781534790992737,-0.11862072348594666,-0.12975437939167023,-0.23421069979667664,-0.2739589214324951,-0.1004776880145073,-0.048017799854278564,-0.21697716414928436,-0.21465978026390076,0.8846837878227234,1.3281850814819336,-0.18220198154449463,-0.23665224015712738,0.37206152081489563,0.5736629366874695,-0.24838067591190338,1.31450617313385,-0.12165087461471558,-0.15134675800800323,-0.054676491767168045,-0.22279703617095947
113,364,719,376,729,0.2841566801071167,-0.27731025218963623,-0.09228584170341492,0.980117917060852,-0.09170445799827576,-0.27386659383773804,-0.07614593207836151,-0.21645408868789673,-0.27315518260002136,-0.2713455557823181,0.648404061794281,-0.219924196600914,0.1684470921754837,-0.03744658827781677,-0.1473785936832428,-0.14548927545547485,-0.2548798620700836,-0.18973693251609802,-0.21049417555332184,-0.276740700006485,-0.18887606263160706,0.02066531591117382,0.44709283113479614,0.05192405730485916,0.13786254823207855,-0.2300986796617508,-0.18837471306324005,-0.27547454833984375,-0.17814341187477112,0.347722589969635,-0.09454337507486343,-0.20628038048744202,-0.029495786875486374,0.2101162075996399,-0.23825198411941528,-0.275673508644104,-0.25124990940093994,0.0986078530550003,-0.2684980630874634,-0.10554764419794083,-0.2782093286514282,-0.2355400174856186,-0.2715531885623932,-0.20630523562431335,0.13094228506088257,-0.22995257377624512,-0.276217520236969,0.4082178473472595,-0.03830380737781525,-0.036527860909700394,0.4466293752193451,-0.25441470742225647,0.20630089938640594,-0.232822448015213,-0.12415466457605362,-0.211775004863739,-0.2659834027290344,-0.1377844363451004,0.23000961542129517,-0.2782931625843048,-0.08222974091768265,0.5844404697418213,-0.13564597070217133,-0.27323341369628906,-0.042534518986940384,-0.1660650074481964,-0.2183324098587036,0.10874433070421219,0.10310161858797073,0.41278275847435,0.6568247675895691,-0.2700982689857483,-0.15086235105991364,-0.20050731301307678,-0.09471192955970764,-0.2527562081813812,-0.08479728549718857,-0.2752523720264435,-0.27757376432418823,-0.1408575028181076,0.06283503770828247,-0.269885390996933,-0.278021901845932,-0.21482457220554352,-0.09583981335163116,0.13617219030857086,-0.16554923355579376,-0.15603028237819672,0.2162778377532959,-0.2660779654979706,-0.21716640889644623,0.288239985704422,0.0449075847864151,-0.24457842111587524,-0.2646745443344116,-0.2346537858247757,-0.22219547629356384,0.10765884071588516,-0.2496214658021927,0.35967621207237244,-0.007269586902111769,0.20985044538974762,0.10401301085948944,0.1459880769252777,-0.27821066975593567,0.0963059514760971,-0.02369944006204605,-0.24729008972644806,-0.07477717846632004,-0.08724777400493622,-0.1917458176612854,-0.2733064293861389,-0.27181366086006165,-0.23681819438934326,0.3031328022480011,-0.2591610252857208,0.37031301856040955,-0.2779543697834015,-0.27440470457077026,-0.10369797796010971,-0.10232365131378174,0.47497236728668213,-0.2749346196651459,0.1964743584394455,-0.1535552740097046,0.03960717096924782,-0.20374251902103424,-0.21716544032096863
114,594,238,603,247,0.3373878300189972,-0.2441837191581726,0.05107241868972778,0.9586023092269897,-0.09340079873800278,-0.2761678695678711,-0.16472233831882477,-0.2343267947435379,-0.256113201379776,-0.2022051215171814,0.6232728958129883,-0.20207096636295319,0.5072179436683655,0.055160921066999435,-0.14735572040081024,-0.16378121078014374,-0.2691744565963745,-0.1362544745206833,-0.2321094423532486,-0.27829280495643616,-0.24180570244789124,-0.04780935123562813,0.38103312253952026,-0.10451111942529678,0.2645709812641144,-0.16197054088115692,-0.25420698523521423,-0.27446696162223816,-0.12192856520414352,0.6560896039009094,-0.12075142562389374,-0.2415826916694641,0.08232912421226501,-0.0956631600856781,-0.25257065892219543,-0.27758917212486267,-0.2594538927078247,0.1019110232591629,-0.2775692939758301,-0.22514599561691284,-0.27161818742752075,-0.24091695249080658,-0.2784590721130371,-0.17384842038154602,0.2995683550834656,-0.25720924139022827,-0.2544119358062744,0.32357534766197205,-0.09689505398273468,-0.0479741171002388,0.251871258020401,-0.1963043063879013,0.05773065611720085,-0.19679804146289825,-0.07037506252527237,-0.17610850930213928,-0.24594442546367645,0.009669403545558453,-0.04345708340406418,-0.27279970049858093,0.009397913701832294,0.6877065300941467,-0.12008398026227951,-0.2784510552883148,0.06342987716197968,0.013033760711550713,-0.23669521510601044,0.17929300665855408,0.0899951159954071,0.5296096205711365,0.7447931170463562,-0.25966590642929077,-0.16159334778785706,-0.07917246967554092,-0.07788297533988953,-0.24523967504501343,0.20368900895118713,-0.2774050235748291,-0.27843013405799866,-0.18285071849822998,0.22602111101150513,-0.26583757996559143,-0.27119073271751404,-0.26384812593460083,-0.041638776659965515,0.20352022349834442,-0.26830822229385376,-0.12728996574878693,0.17313112318515778,-0.27081263065338135,-0.23959897458553314,0.1790989190340042,0.2778204381465912,-0.24771441519260406,-0.2779406011104584,-0.27053388953208923,-0.22752630710601807,0.1959102302789688,-0.24562692642211914,0.36066827178001404,-0.04972299933433533,0.6378021836280823,0.04229600355029106,0.49783623218536377,-0.2775871455669403,0.01085183210670948,-0.14868780970573425,-0.18857987225055695,0.11958067119121552,-0.09370221197605133,-0.11103888601064682,-0.2767595648765564,-0.27636024355888367,-0.14088623225688934,0.44663307070732117,-0.27336281538009644,0.12690408527851105,-0.27716347575187683,-0.26119354367256165,-0.09791969507932663,-0.07824117690324783,0.5971047282218933,-0.2775666117668152,0.21231654286384583,-0.07760992646217346,0.372445285320282,-0.09998299181461334,-0.21259254217147827
115,234,345,244,354,-0.24157215654850006,-0.24460308253765106,0.12787869572639465,0.9792519211769104,-0.06723254919052124,-0.24590358138084412,-0.0477730892598629,-0.2781771421432495,-0.2778064012527466,-0.15969543159008026,0.3337932229042053,-0.273057222366333,-0.16997584700584412,1.903760552406311,-0.2548871338367462,-0.27718716859817505,-0.18515542149543762,0.9302896857261658,1.594251275062561,-0.2742932140827179,-0.09116040170192719,-0.2608529329299927,-0.005961766932159662,-0.08395353704690933,3.3129258155822754,-0.20747819542884827,-0.23570242524147034,-0.2784639894962311,-0.27416497468948364,-0.0480324923992157,-0.2784368097782135,-0.27577558159828186,1.0469388961791992,0.9209799766540527,-0.2726749777793884,-0.27746835350990295,-0.2783624231815338,3.6869046688079834,-0.2649833858013153,1.2151751518249512,-0.21395130455493927,-0.19702564179897308,0.022355329245328903,-0.26457083225250244,-0.19867733120918274,1.8850007057189941,-0.13577081263065338,1.431753396987915,1.5160915851593018,0.8331096768379211,0.5044334530830383,-0.20240235328674316,1.4034608602523804,-0.19824758172035217,0.3813401460647583,-0.1570190042257309,-0.27782970666885376,-0.26807039976119995,-0.17170119285583496,-0.25237202644348145,0.3095247447490692,0.10994651913642883,-0.2201089709997177,-0.24392777681350708,0.010895105078816414,-0.11928185075521469,-0.27744513750076294,-0.13326123356819153,0.6602544188499451,-0.16154570877552032,0.2851710915565491,-0.19204238057136536,-0.25351482629776,0.569170355796814,-0.20383726060390472,-0.2587364912033081,-0.2784624397754669,-0.2655940353870392,-0.19371938705444336,-0.1593017578125,0.4024970829486847,-0.22437919676303864,-0.2676066756248474,5.17489767074585,0.615486204624176,-0.10482053458690643,-0.022383680567145348,-0.014592635445296764,4.161732196807861,-0.10839616507291794,-0.1277422457933426,1.293862223625183,-0.2367565929889679,-0.26059651374816895,-0.0008750040433369577,-0.23171748220920563,-0.2783673405647278,-0.2145569622516632,0.09578589349985123,0.011202031746506691,0.2645965814590454,-0.2147989124059677,0.5009579062461853,0.6658732891082764,2.0887062549591064,0.7914642691612244,-0.03991275280714035,0.4539358913898468,-0.27845674753189087,-0.2271503359079361,-0.24424022436141968,-0.27810558676719666,-0.21835489571094513,-0.06786445528268814,1.4102643728256226,-0.038161009550094604,1.945968508720398,1.7671359777450562,0.1187458261847496,0.3049817681312561,0.04653258994221687,1.1866239309310913,-0.2784592807292938,1.8483808040618896,-0.2778337597846985,2.992415189743042,-0.277481347322464,-0.18209072947502136
116,649,710,659,719,-0.2429255247116089,-0.2619669437408447,-0.27838364243507385,1.0436360836029053,-0.14382527768611908,-0.23748868703842163,0.44161781668663025,-0.2784552574157715,-0.10181603580713272,-0.17206043004989624,0.13247014582157135,-0.22490935027599335,0.056719064712524414,2.041015863418579,-0.020850518718361855,0.20670439302921295,-0.15581980347633362,-0.18891938030719757,0.46825501322746277,-0.20683695375919342,-0.2750759720802307,-0.11592619121074677,0.016789216548204422,-0.23241162300109863,2.0084526538848877,-0.24703919887542725,0.392856627702713,-0.23390845954418182,-0.23680219054222107,-0.09797254949808121,-0.19133782386779785,-0.22881120443344116,-0.15608784556388855,0.31159695982933044,-0.2745548188686371,-0.1814602166414261,-0.18992997705936432,-0.27719950675964355,-0.231370747089386,-0.2741537392139435,-0.25745272636413574,-0.15444646775722504,0.3116159439086914,-0.26300740242004395,-0.26328590512275696,-0.12150217592716217,-0.2281201183795929,0.031023379415273666,2.530285358428955,1.1162866353988647,0.9570755958557129,0.06133465841412544,0.463888019323349,-0.08191681653261185,-0.225814089179039,-0.15595123171806335,-0.13071830570697784,0.6741836667060852,0.3368653357028961,-0.1311933398246765,1.6445506811141968,0.8976361751556396,0.7662805318832397,0.03338061273097992,1.4512825012207031,-0.27206748723983765,0.09232407063245773,0.7314170598983765,-0.14278142154216766,1.1517223119735718,0.7358245849609375,-0.2782978117465973,-0.26485636830329895,-0.2670440971851349,0.20500046014785767,-0.2676220238208771,-0.22375017404556274,-0.214278906583786,-0.23099541664123535,-0.20014290511608124,0.7206376791000366,-0.2662118077278137,-0.27093371748924255,-0.09844537079334259,-0.03519078344106674,-0.166169673204422,-0.11281871795654297,-0.16657955944538116,-0.23200814425945282,-0.2609592080116272,-0.21140971779823303,1.6043823957443237,-0.2616611123085022,-0.272688090801239,-0.27046141028404236,-0.255073219537735,-0.26877903938293457,-0.22830787301063538,0.19495117664337158,0.05786759406328201,-0.27846455574035645,-0.2568014860153198,0.7631666660308838,0.24680349230766296,-0.18247269093990326,0.16804203391075134,0.7076699137687683,0.1385137289762497,-0.2767620384693146,0.27021464705467224,-0.2766914367675781,-0.272975355386734,-0.12016523629426956,-0.07772126793861389,0.26086485385894775,-0.2283477932214737,0.7475569844245911,0.19287508726119995,0.045093029737472534,0.007761380635201931,0.08260316401720047,-0.03176875784993172,-0.2740073800086975,3.401855230331421,-0.20520594716072083,-0.24081724882125854,-0.2546134293079376,-0.26436057686805725
117,564,243,574,252,-0.06582825630903244,-0.16455106437206268,-0.2758069336414337,1.6620094776153564,-0.03353533893823624,0.5641353726387024,-0.0581284798681736,-0.2762468755245209,-0.17390601336956024,1.0189522504806519,0.10161468386650085,-0.11154014617204666,-0.19225198030471802,2.261720895767212,1.2099409103393555,-0.27092811465263367,-0.10896261781454086,-0.27244922518730164,0.06296727061271667,-0.010482773184776306,-0.1697729229927063,3.641206979751587,-0.2438361942768097,1.1631404161453247,3.520094156265259,-0.134102463722229,-0.1510302722454071,-0.1742105334997177,-0.24401170015335083,-0.178989976644516,-0.23126889765262604,-0.27761638164520264,-0.01815982721745968,-0.25647714734077454,-0.2777097225189209,-0.2777964174747467,0.412708580493927,-0.01637459546327591,-0.06170480698347092,-0.22044095396995544,-0.2627616822719574,0.7413278222084045,3.043200731277466,-0.2678840756416321,-0.1410425901412964,0.06035292521119118,-0.16929039359092712,3.1962296962738037,2.8797740936279297,-0.23449361324310303,-0.22974653542041779,1.4574891328811646,-0.2517136335372925,0.29505953192710876,-0.15255533158779144,-0.05386429652571678,-0.2766816020011902,-0.020280277356505394,-0.23802067339420319,-0.15735599398612976,-0.1287214607000351,-0.27332568168640137,0.5507782101631165,-0.24175016582012177,0.0019916128367185593,-0.21727436780929565,-0.23707528412342072,-0.27846431732177734,0.8547065854072571,-0.27819207310676575,0.852760910987854,-0.24824194610118866,-0.25513792037963867,-0.08728998899459839,-0.12975458800792694,-0.2698099911212921,-0.03456728160381317,-0.030134644359350204,-0.15850013494491577,-0.20586536824703217,3.5514540672302246,-0.2757606506347656,-0.274957537651062,-0.2634091079235077,-0.27820199728012085,-0.05275709554553032,-0.1447351574897766,-0.12194497138261795,-0.2566329836845398,-0.27838632464408875,-0.1606660932302475,0.897590696811676,-0.1465560346841812,1.0066927671432495,-0.25027304887771606,-0.1875978410243988,-0.22550731897354126,-0.1751902550458908,0.7113237380981445,-0.259382426738739,-0.22306936979293823,-0.12659041583538055,0.12041693180799484,0.035336121916770935,-0.03043541871011257,0.6528276801109314,2.9166042804718018,0.2299121916294098,0.9829568266868591,0.2825416028499603,-0.10661350935697556,-0.21905049681663513,-0.22634257376194,0.5735713839530945,-0.2286565601825714,-0.1841593235731125,-0.11106570810079575,-0.12637042999267578,0.034593239426612854,0.11567328870296478,0.7346786856651306,0.6160845756530762,-0.0901164785027504,0.6869821548461914,-0.0077536022290587425,-0.054029762744903564,-0.037131793797016144,0.5505120754241943
118,273,439,283,449,-0.2548500895500183,-0.2732352912425995,-0.18355359137058258,1.5011272430419922,-0.21349728107452393,0.25521519780158997,0.1633448600769043,-0.08863270282745361,-0.244696244597435,0.029961545020341873,-0.18447791039943695,-0.1471146196126938,-0.2784345746040344,2.2766857147216797,1.7332229614257812,-0.2779451608657837,-0.2773014307022095,-0.1711036115884781,-0.25882720947265625,2.0957767963409424,-0.1716514378786087,3.446995735168457,-0.26260697841644287,-0.2780861556529999,3.6549510955810547,-0.25643593072891235,-0.22412143647670746,-0.18761764466762543,-0.25687891244888306,-0.21117670834064484,-0.24607275426387787,-0.2231261432170868,-0.2649734616279602,0.07760611176490784,-0.19040623307228088,-0.16161943972110748,0.33370599150657654,-0.08836573362350464,-0.14299212396144867,-0.25882434844970703,-0.270243763923645,0.5729147791862488,1.3287500143051147,-0.27081099152565,-0.025178588926792145,0.44380319118499756,-0.2621641755104065,1.290290355682373,0.5870164632797241,-0.27235862612724304,0.6412143707275391,1.1895674467086792,-0.25596854090690613,0.03225038945674896,0.20323389768600464,-0.12481240928173065,-0.14481429755687714,-0.17704139649868011,0.15648049116134644,-0.2713615596294403,-0.032659318298101425,-0.27475330233573914,-0.06279993802309036,-0.27717435359954834,-0.27725398540496826,-0.2689710557460785,-0.26709240674972534,-0.27845901250839233,0.4908900260925293,-0.24143482744693756,0.10148479789495468,-0.27761828899383545,-0.23600366711616516,-0.2641623616218567,0.3351074159145355,-0.2524948716163635,-0.010436499491333961,-0.21804089844226837,0.5970442295074463,-0.20306403934955597,0.8298097848892212,-0.2471163272857666,-0.2751085162162781,-0.24333225190639496,0.8436368703842163,-0.1269659399986267,-0.27549493312835693,-0.1689239740371704,-0.07020808756351471,-0.21968188881874084,0.5944313406944275,0.09926790744066238,-0.017636647447943687,0.47195687890052795,-0.23558850586414337,-0.14944680035114288,0.01521273236721754,-0.27101054787635803,0.32739025354385376,-0.21360662579536438,-0.013412452302873135,-0.27421826124191284,-0.034347053617239,0.03054145537316799,-0.08358270674943924,0.1917918175458908,1.1476874351501465,0.10569331049919128,0.0744638741016388,-0.25398746132850647,-0.27320173382759094,-0.21539925038814545,-0.14254382252693176,0.9418444633483887,-0.27778226137161255,-0.12557882070541382,-0.21819151937961578,-0.26243507862091064,-0.1510172337293625,1.1836916208267212,0.5142539143562317,0.937640368938446,-0.1895761787891388,0.14995412528514862,-0.13015349209308624,-0.27347633242607117,-0.15683923661708832,0.09689715504646301
119,233,339,242,348,-0.24157215654850006,-0.24460308253765106,0.12787869572639465,0.9792519211769104,-0.06723254919052124,-0.24590358138084412,-0.0477730892598629,-0.2781771421432495,-0.2778064012527466,-0.15969543159008026,0.3337932229042053,-0.273057222366333,-0.16997584700584412,1.903760552406311,-0.2548871338367462,-0.27718716859817505,-0.18515542149543762,0.9302896857261658,1.594251275062561,-0.2742932140827179,-0.09116040170192719,-0.2608529329299927,-0.005961766932159662,-0.08395353704690933,3.3129258155822754,-0.20747819542884827,-0.23570242524147034,-0.2784639894962311,-0.27416497468948364,-0.0480324923992157,-0.2784368097782135,-0.27577558159828186,1.0469388961791992,0.9209799766540527,-0.2726749777793884,-0.27746835350990295,-0.2783624231815338,3.6869046688079834,-0.2649833858013153,1.2151751518249512,-0.21395130455493927,-0.19702564179897308,0.022355329245328903,-0.26457083225250244,-0.19867733120918274,1.8850007057189941,-0.13577081263065338,1.431753396987915,1.5160915851593018,0.8331096768379211,0.5044334530830383,-0.20240235328674316,1.4034608602523804,-0.19824758172035217,0.3813401460647583,-0.1570190042257309,-0.27782970666885376,-0.26807039976119995,-0.17170119285583496,-0.25237202644348145,0.3095247447490692,0.10994651913642883,-0.2201089709997177,-0.24392777681350708,0.010895105078816414,-0.11928185075521469,-0.27744513750076294,-0.13326123356819153,0.6602544188499451,-0.16154570877552032,0.2851710915565491,-0.19204238057136536,-0.25351482629776,0.569170355796814,-0.20383726060390472,-0.2587364912033081,-0.2784624397754669,-0.2655940353870392,-0.19371938705444336,-0.1593017578125,0.4024970829486847,-0.22437919676303864,-0.2676066756248474,5.17489767074585,0.615486204624176,-0.10482053458690643,-0.022383680567145348,-0.014592635445296764,4.161732196807861,-0.10839616507291794,-0.1277422457933426,1.293862223625183,-0.2367565929889679,-0.26059651374816895,-0.0008750040433369577,-0.23171748220920563,-0.2783673405647278,-0.2145569622516632,0.09578589349985123,0.011202031746506691,0.2645965814590454,-0.2147989124059677,0.5009579062461853,0.6658732891082764,2.0887062549591064,0.7914642691612244,-0.03991275280714035,0.4539358913898468,-0.27845674753189087,-0.2271503359079361,-0.24424022436141968,-0.27810558676719666,-0.21835489571094513,-0.06786445528268814,1.4102643728256226,-0.038161009550094604,1.945968508720398,1.7671359777450562,0.1187458261847496,0.3049817681312561,0.04653258994221687,1.1866239309310913,-0.2784592807292938,1.8483808040618896,-0.2778337597846985,2.992415189743042,-0.277481347322464,-0.18209072947502136
120,563,237,573,246,1.7556169033050537,-0.2776283919811249,0.06011856719851494,0.8734027743339539,-0.016955077648162842,-0.2673388719558716,-0.025923995301127434,-0.26729121804237366,-0.2731625735759735,-0.24597221612930298,0.47215282917022705,-0.22712235152721405,-0.1999259740114212,0.6732722520828247,-0.1759686917066574,-0.2320900708436966,-0.1544298380613327,-0.2508043348789215,-0.1986720860004425,-0.16509222984313965,-0.2760232090950012,-0.15214215219020844,-0.0240281131118536,-0.26159825921058655,-0.2186030000448227,-0.04609695449471474,-0.2704456150531769,-0.26795879006385803,0.7278616428375244,0.8573635220527649,-0.26302507519721985,-0.12488795816898346,0.19730842113494873,0.025588693097233772,-0.24948552250862122,-0.2567072808742523,-0.2578771412372589,0.24137750267982483,-0.2765841782093048,-0.23647911846637726,-0.26770204305648804,-0.26059994101524353,-0.21803396940231323,-0.0844750925898552,0.4433637261390686,-0.25548607110977173,-0.256144255399704,0.6414807438850403,0.0002074075600830838,-0.029517699033021927,-0.10925357043743134,-0.07181188464164734,0.1739712953567505,-0.222182959318161,-0.1758527159690857,-0.22521492838859558,-0.22295324504375458,-0.1265120804309845,-0.10302283614873886,-0.2147958129644394,0.17797501385211945,1.1226606369018555,-0.2343597710132599,-0.2678992450237274,2.6042847633361816,-0.20299434661865234,-0.25606486201286316,0.14934636652469635,-0.17033956944942474,0.5491736531257629,1.749218225479126,-0.27290672063827515,-0.18082816898822784,-0.2241584211587906,-0.13647055625915527,-0.2680954039096832,1.0221279859542847,-0.24851281940937042,-0.27279195189476013,-0.06550545990467072,0.0012146647786721587,-0.18868304789066315,-0.25177037715911865,-0.2780532240867615,0.15130987763404846,-0.14105477929115295,-0.27660804986953735,-0.0819186419248581,-0.03195875883102417,-0.2450297772884369,-0.10456599295139313,-0.16093870997428894,-0.0666055828332901,-0.22654063999652863,-0.27143943309783936,-0.22582145035266876,-0.26752716302871704,-0.1810379922389984,-0.27834245562553406,0.5118350386619568,-0.019832508638501167,1.3920950889587402,0.028656771406531334,0.6630294919013977,-0.2112492173910141,0.015396135859191418,-0.026251139119267464,-0.1641400158405304,-0.2184491604566574,-0.14426589012145996,-0.2718634605407715,-0.26238319277763367,-0.262076735496521,0.32611754536628723,0.36413970589637756,-0.25038325786590576,0.6127618551254272,-0.277727335691452,-0.27126073837280273,0.07452517002820969,-0.054478298872709274,0.27507469058036804,-0.2604319453239441,0.6028815507888794,-0.06694678962230682,0.2684307098388672,0.8490976691246033,-0.2046017050743103
121,274,437,285,447,-0.2548500895500183,-0.2732352912425995,-0.18355359137058258,1.5011272430419922,-0.21349728107452393,0.25521519780158997,0.1633448600769043,-0.08863270282745361,-0.244696244597435,0.029961545020341873,-0.18447791039943695,-0.1471146196126938,-0.2784345746040344,2.2766857147216797,1.7332229614257812,-0.2779451608657837,-0.2773014307022095,-0.1711036115884781,-0.25882720947265625,2.0957767963409424,-0.1716514378786087,3.446995735168457,-0.26260697841644287,-0.2780861556529999,3.6549510955810547,-0.25643593072891235,-0.22412143647670746,-0.18761764466762543,-0.25687891244888306,-0.21117670834064484,-0.24607275426387787,-0.2231261432170868,-0.2649734616279602,0.07760611176490784,-0.19040623307228088,-0.16161943972110748,0.33370599150657654,-0.08836573362350464,-0.14299212396144867,-0.25882434844970703,-0.270243763923645,0.5729147791862488,1.3287500143051147,-0.27081099152565,-0.025178588926792145,0.44380319118499756,-0.2621641755104065,1.290290355682373,0.5870164632797241,-0.27235862612724304,0.6412143707275391,1.1895674467086792,-0.25596854090690613,0.03225038945674896,0.20323389768600464,-0.12481240928173065,-0.14481429755687714,-0.17704139649868011,0.15648049116134644,-0.2713615596294403,-0.032659318298101425,-0.27475330233573914,-0.06279993802309036,-0.27717435359954834,-0.27725398540496826,-0.2689710557460785,-0.26709240674972534,-0.27845901250839233,0.4908900260925293,-0.24143482744693756,0.10148479789495468,-0.27761828899383545,-0.23600366711616516,-0.2641623616218567,0.3351074159145355,-0.2524948716163635,-0.010436499491333961,-0.21804089844226837,0.5970442295074463,-0.20306403934955597,0.8298097848892212,-0.2471163272857666,-0.2751085162162781,-0.24333225190639496,0.8436368703842163,-0.1269659399986267,-0.27549493312835693,-0.1689239740371704,-0.07020808756351471,-0.21968188881874084,0.5944313406944275,0.09926790744066238,-0.017636647447943687,0.47195687890052795,-0.23558850586414337,-0.14944680035114288,0.01521273236721754,-0.27101054787635803,0.32739025354385376,-0.21360662579536438,-0.013412452302873135,-0.27421826124191284,-0.034347053617239,0.03054145537316799,-0.08358270674943924,0.1917918175458908,1.1476874351501465,0.10569331049919128,0.0744638741016388,-0.25398746132850647,-0.27320173382759094,-0.21539925038814545,-0.14254382252693176,0.9418444633483887,-0.27778226137161255,-0.12557882070541382,-0.21819151937961578,-0.26243507862091064,-0.1510172337293625,1.1836916208267212,0.5142539143562317,0.937640368938446,-0.1895761787891388,0.14995412528514862,-0.13015349209308624,-0.27347633242607117,-0.15683923661708832,0.09689715504646301
122,230,546,239,555,-0.17357417941093445,-0.23623281717300415,-0.236887589097023,1.5345693826675415,-0.03371942788362503,0.4474860429763794,1.8900445699691772,-0.15880048274993896,-0.20050139725208282,1.4606901407241821,-0.27005064487457275,-0.27779000997543335,-0.2463354766368866,1.1998605728149414,1.0813895463943481,-0.1810026615858078,-0.10479964315891266,0.7042765021324158,0.001255848677828908,0.23762713372707367,-0.23593425750732422,2.437307834625244,-0.2609168589115143,2.235384702682495,1.7159889936447144,-0.2532412111759186,-0.18977734446525574,-0.2777685225009918,-0.0019599897786974907,-0.22041115164756775,-0.2320198267698288,-0.2776719331741333,-0.1715439110994339,0.27070894837379456,-0.03038923256099224,-0.23417337238788605,0.24505925178527832,-0.0783349797129631,-0.27585262060165405,0.023059943690896034,-0.22409261763095856,0.6281881332397461,1.5852819681167603,-0.2502448558807373,-0.10029448568820953,0.36360833048820496,-0.21138425171375275,1.1241614818572998,4.726202487945557,0.3410298228263855,0.8181890845298767,0.796840488910675,-0.2775290608406067,0.03515948727726936,-0.22958345711231232,-0.17668281495571136,-0.19056248664855957,0.5118076205253601,-0.2780778408050537,-0.2764286994934082,0.6020030975341797,0.5817346572875977,-0.14311333000659943,-0.15930716693401337,2.1839966773986816,-0.18133729696273804,-0.2690858542919159,-0.25909513235092163,2.340327262878418,0.06295724958181381,1.536939263343811,-0.26998740434646606,-0.1587400883436203,-0.24960429966449738,-0.27503809332847595,-0.2784165143966675,-0.22895416617393494,-0.16163702309131622,-0.17211103439331055,-0.24407045543193817,2.686353921890259,-0.1248902752995491,-0.26915407180786133,-0.2722684442996979,2.1190357208251953,-0.10473890602588654,-0.09197164326906204,-0.25578969717025757,-0.24066689610481262,-0.27574634552001953,0.7798826694488525,1.8248436450958252,0.2104160189628601,0.3743450939655304,-0.27487167716026306,-0.26230525970458984,-0.2717895805835724,-0.2652713656425476,0.06766895204782486,-0.21906228363513947,-0.23638437688350677,0.847111701965332,-0.16747261583805084,0.4360089898109436,-0.1222890168428421,0.9876101016998291,2.8290109634399414,1.3746274709701538,-0.23820051550865173,0.4263401925563812,0.16495150327682495,-0.22123843431472778,0.07461714744567871,0.5385569334030151,-0.2673083543777466,0.17706990242004395,-0.2651258707046509,0.20289935171604156,0.257321298122406,1.1505528688430786,0.43747225403785706,0.10841237008571625,-0.1996236890554428,1.779810905456543,0.6953850388526917,-0.2767159342765808,-0.25907421112060547,0.15587356686592102
