id,x0,y0,x1,y1,f0,f1,f2,f3,f4,f5,f6,f7,f8,f9,f10,f11,f12,f13,f14,f15,f16,f17,f18,f19,f20,f21,f22,f23,f24,f25,f26,f27,f28,f29,f30,f31,f32,f33,f34,f35,f36,f37,f38,f39,f40,f41,f42,f43,f44,f45,f46,f47,f48,f49,f50,f51,f52,f53,f54,f55,f56,f57,f58,f59,f60,f61,f62,f63,f64,f65,f66,f67,f68,f69,f70,f71,f72,f73,f74,f75,f76,f77,f78,f79,f80,f81,f82,f83,f84,f85,f86,f87,f88,f89,f90,f91,f92,f93,f94,f95,f96,f97,f98,f99,f100,f101,f102,f103,f104,f105,f106,f107,f108,f109,f110,f111,f112,f113,f114,f115,f116,f117,f118,f119,f120,f121,f122,f123,f124,f125,f126,f127
0,294,516,307,528,-0.1169305145740509,-0.15229666233062744,-0.05882980674505234,1.5404201745986938,-0.07137453556060791,0.6896384954452515,-0.2677766978740692,-0.254377156496048,-0.15467897057533264,-0.2760232388973236,-0.003899418516084552,-0.13227418065071106,-0.2669934928417206,3.717116594314575,-0.226128488779068,-0.27826470136642456,-0.009808157570660114,-0.039140041917562485,-0.1408708691596985,0.20650245249271393,-0.18805593252182007,0.9657602906227112,-0.27652251720428467,-0.2724606990814209,2.479506731033325,-0.22638928890228271,-0.2402171641588211,-0.2197914868593216,-0.23489327728748322,-0.27419212460517883,-0.2102583795785904,-0.061052434146404266,-0.24040335416793823,0.06400116533041,-0.2715977132320404,-0.2746823728084564,0.7898151874542236,-0.06634534150362015,-0.24866534769535065,-0.12283731251955032,-0.22431594133377075,0.9304295182228088,1.6041337251663208,-0.22526070475578308,-0.22137612104415894,-0.17560842633247375,-0.2582205832004547,1.2144906520843506,6.143407821655273,0.32721224427223206,0.34561240673065186,-0.15278197824954987,-0.2605920433998108,0.2503546476364136,-0.23314884305000305,-0.0446641631424427,-0.25708532333374023,0.805751621723175,2.0382378101348877,-0.06715872138738632,-0.05987846851348877,-0.26266157627105713,0.40070465207099915,-0.18964478373527527,-0.15045319497585297,-0.24243856966495514,-0.27025488018989563,-0.2782299816608429,-0.27836355566978455,-0.15661776065826416,-0.17368090152740479,-0.23850150406360626,-0.22822614014148712,-0.2702905535697937,0.1838187277317047,-0.1745332032442093,-0.2655010223388672,-0.14932391047477722,-0.026546483859419823,-0.07447409629821777,1.5275297164916992,-0.1814877688884735,-0.2686993181705475,-0.2570156455039978,-0.20543518662452698,-0.02316083014011383,-0.07554454356431961,-0.22597432136535645,-0.25461599230766296,-0.2501888871192932,-0.17863447964191437,0.9000824689865112,-0.2779378890991211,1.135909914970398,-0.20707692205905914,-0.08733154088258743,-0.11887136846780777,-0.10268453508615494,1.5046137571334839,-0.25788670778274536,-0.18703293800354004,-0.15867729485034943,0.0031933486461639404,0.14664945006370544,-0.16805845499038696,1.669613242149353,-0.2575337886810303,-0.2314060777425766,-0.17597311735153198,-0.21853044629096985,-0.2415066808462143,-0.21816182136535645,-0.22598060965538025,-0.1581467241048813,-0.24498991668224335,-0.26929715275764465,-0.27795830368995667,-0.08417108654975891,-0.23871223628520966,-0.06284233182668686,0.44695615768432617,0.25002071261405945,-0.16358500719070435,0.13528472185134888,-0.0776682049036026,-0.1244296059012413,-0.053747668862342834,-0.20685356855392456
1,436,725,451,739,-0.10521405190229416,-0.10055533051490784,0.03224881365895271,1.6140364408493042,-0.04215584322810173,0.5268983840942383,-0.1082516610622406,-0.26749923825263977,-0.2224418967962265,-0.26966923475265503,0.17248231172561646,-0.08761084079742432,-0.18569086492061615,5.047760009765625,-0.20853249728679657,-0.2730604112148285,-0.005832310765981674,-0.07228118181228638,-0.19994604587554932,0.06459514796733856,-0.14732018113136292,2.99768328666687,-0.2784309685230255,-0.2566477060317993,1.2767480611801147,-0.2220446914434433,-0.26352834701538086,-0.2550239562988281,-0.24058683216571808,-0.22178936004638672,-0.22322288155555725,-0.08047185838222504,-0.2617802023887634,0.06525442749261856,-0.277741402387619,-0.17488841712474823,0.8372447490692139,-0.052479419857263565,-0.14209939539432526,-0.14424194395542145,-0.18102319538593292,0.8745185136795044,1.1678327322006226,-0.12213075160980225,-0.11725494265556335,-0.09819839149713516,-0.21355271339416504,1.2798370122909546,3.6001336574554443,-0.26395246386528015,0.25545310974121094,0.9102824926376343,-0.25121596455574036,0.38814350962638855,-0.2500624358654022,-0.09839634597301483,-0.2291111797094345,0.6886232495307922,2.234468698501587,-0.11604560911655426,-0.19748573005199432,-0.26120954751968384,0.0668865367770195,-0.23973973095417023,0.5219666361808777,-0.2771683633327484,-0.23219740390777588,-0.27843520045280457,-0.2199123203754425,-0.2659713327884674,0.16087277233600616,-0.23047523200511932,-0.2299744188785553,-0.24265216290950775,0.2737548053264618,-0.1513749659061432,-0.26941168308258057,-0.12978507578372955,0.2831835150718689,-0.043054550886154175,1.974626898765564,-0.24790459871292114,-0.2769034504890442,-0.27157628536224365,-0.27755266427993774,-0.04583854228258133,-0.1602383702993393,-0.18356455862522125,-0.24642983078956604,-0.2645409107208252,-0.048688944429159164,0.6514888405799866,-0.2737836539745331,1.1986854076385498,-0.20514598488807678,-0.047625791281461716,0.1355719417333603,-0.06520997732877731,0.9728171229362488,-0.1977134793996811,-0.2731662392616272,-0.08570270240306854,0.060361072421073914,-0.2593176066875458,-0.1343647837638855,1.535111427307129,-0.25194334983825684,-0.22035814821720123,-0.2093210369348526,-0.24926798045635223,-0.11783001571893692,-0.17500685155391693,-0.13759207725524902,-0.19707618653774261,-0.21323741972446442,-0.27700531482696533,-0.1505877524614334,-0.2784188687801361,-0.20203791558742523,-0.01586015522480011,0.5197904109954834,0.15758921205997467,-0.1129649430513382,-0.21426750719547272,-0.1405186504125595,-0.10683529078960419,-0.06529327481985092,-0.07973048090934753
2,343,532,357,545,-0.16246472299098969,-0.20242933928966522,0.022507918998599052,1.3273340463638306,-0.09560501575469971,-0.050090085715055466,-0.27209097146987915,-0.2499024122953415,-0.14962361752986908,-0.2772548794746399,0.487371027469635,-0.2190377116203308,-0.23370704054832458,3.1274149417877197,-0.1187497228384018,-0.23284295201301575,-0.027043607085943222,-0.059602294117212296,0.7960793375968933,-0.14432449638843536,-0.2783726751804352,-0.09431147575378418,-0.2411305457353592,-0.26448798179626465,2.082279920578003,-0.2318139672279358,-0.09394071251153946,-0.22658121585845947,-0.2758120894432068,-0.27800944447517395,-0.23972822725772858,-0.10631430894136429,-0.25720107555389404,0.5485535860061646,-0.26507022976875305,-0.2649070918560028,0.21248725056648254,-0.15050818026065826,-0.23232834041118622,-0.2098277509212494,-0.2467961311340332,0.4455929696559906,1.9223297834396362,-0.12851141393184662,-0.2574561536312103,-0.21061861515045166,-0.26333239674568176,1.0833516120910645,5.983852863311768,1.5082941055297852,0.34752777218818665,-0.27599793672561646,-0.2453961968421936,-0.12728261947631836,-0.24746492505073547,-0.06850628554821014,-0.27537205815315247,0.8521348237991333,1.1789109706878662,-0.08653751015663147,1.5876718759536743,-0.18484416604042053,0.18499204516410828,-0.2507310211658478,0.05801243335008621,-0.277835875749588,-0.17182433605194092,-0.10924233496189117,-0.22403286397457123,0.2629862427711487,-0.05941362679004669,-0.13063830137252808,-0.2714698314666748,-0.05845409259200096,0.10529065877199173,-0.23541253805160522,-0.2727793753147125,-0.2090788334608078,-0.16217409074306488,-0.10114278644323349,0.8217517733573914,-0.08510517328977585,-0.2458929568529129,-0.2561603784561157,-0.20680205523967743,-0.05143523961305618,-0.0663299560546875,-0.2646345794200897,-0.2783651053905487,-0.2715303599834442,-0.15826162695884705,0.4551181197166443,-0.2784579396247864,0.20512773096561432,-0.20962874591350555,-0.14076882600784302,-0.2695874571800232,-0.20224949717521667,1.5342239141464233,-0.23669660091400146,-0.2026635706424713,-0.18036985397338867,0.11654756963253021,0.5804719924926758,-0.16726982593536377,1.7841864824295044,-0.047197360545396805,-0.25462448596954346,-0.12059473246335983,0.029941290616989136,-0.271968811750412,-0.23812812566757202,-0.2780929505825043,-0.17382490634918213,-0.25803300738334656,-0.21491524577140808,0.8943333625793457,0.659573495388031,-0.17045609652996063,-0.12300178408622742,0.13322855532169342,0.18728680908679962,-0.2157738357782364,0.6283813714981079,-0.010825947858393192,-0.22159546613693237,-0.11473603546619415,-0.25499531626701355
3,316,660,330,673,0.04787146672606468,-0.27627646923065186,0.16060572862625122,0.8845895528793335,-0.1110776886343956,-0.2762979567050934,-0.21770714223384857,-0.26561248302459717,-0.2359878271818161,-0.22469830513000488,0.8390679359436035,-0.22719638049602509,0.30127182602882385,0.4103703200817108,-0.04866790026426315,-0.1838379055261612,-0.26282429695129395,-0.23842740058898926,-0.20068077743053436,-0.22774864733219147,-0.1947089284658432,-0.2431304007768631,0.39800283312797546,-0.1996116191148758,0.2958208918571472,-0.11491875350475311,-0.02918958105146885,-0.24924704432487488,0.21870487928390503,0.7104008793830872,-0.002153054578229785,-0.1666649729013443,-0.10603302717208862,0.10665261000394821,-0.23914621770381927,-0.26606518030166626,-0.2623158097267151,-0.0722929835319519,-0.2767631709575653,-0.2490796446800232,-0.2629842460155487,-0.2543668746948242,-0.15653204917907715,-0.14269743859767914,0.6310890913009644,-0.25657498836517334,-0.2535572052001953,0.4033001959323883,0.5023543238639832,0.47489091753959656,0.38678690791130066,-0.1884356588125229,0.20485705137252808,-0.24663087725639343,-0.16203072667121887,-0.16849489510059357,-0.2667410373687744,-0.18602322041988373,0.03944133594632149,-0.21619002521038055,-0.0930473580956459,0.8821248412132263,-0.05067208781838417,-0.2772791385650635,0.13562679290771484,-0.18302161991596222,-0.14928355813026428,0.10636396706104279,0.061215054243803024,1.1435216665267944,0.09390851855278015,-0.27654552459716797,-0.14338961243629456,-0.04152015224099159,-0.07410663366317749,-0.2774583697319031,0.32260656356811523,-0.27846449613571167,-0.2735859751701355,-0.17307843267917633,-0.14245128631591797,-0.269942969083786,-0.2768288850784302,-0.11559762060642242,0.08245857059955597,0.052723780274391174,-0.26582929491996765,-0.19730302691459656,0.05911077558994293,-0.269138365983963,-0.2011304497718811,-0.02197001688182354,0.16452249884605408,-0.22725948691368103,-0.2784554362297058,-0.2721097469329834,-0.21771623194217682,0.08346108347177505,-0.08604101836681366,0.2776036262512207,-0.009883050806820393,0.031731002032756805,0.013502777554094791,0.9767735004425049,-0.2693830132484436,-0.11602155864238739,0.19015108048915863,-0.2434924989938736,0.010898730717599392,0.06623689830303192,-0.1598527729511261,-0.2704440653324127,-0.2623693645000458,-0.08274169266223907,0.6798245310783386,-0.27417898178100586,1.6702775955200195,-0.24480468034744263,-0.2784246504306793,-0.17920464277267456,-0.04678530991077423,0.470584511756897,-0.2720671594142914,0.3913559317588806,-0.17213769257068634,0.7245729565620422,-0.09813711047172546,-0.24725434184074402
4,381,359,394,371,0.14568176865577698,-0.27400892972946167,0.08490350842475891,0.9461783170700073,-0.11468246579170227,-0.2781323790550232,-0.19407521188259125,-0.22487062215805054,-0.26191163063049316,-0.19132782518863678,0.7496225237846375,-0.22987529635429382,0.4726223647594452,0.2036486268043518,-0.06432390958070755,-0.17709355056285858,-0.2584112584590912,-0.20559647679328918,-0.27330341935157776,-0.26469752192497253,-0.2565295994281769,-0.07319319248199463,0.329071968793869,-0.10007500648498535,0.30067017674446106,-0.16930855810642242,-0.1725732535123825,-0.2571336627006531,0.030535686761140823,0.6385744214057922,0.1178634837269783,-0.19405117630958557,0.06780444085597992,0.05178646370768547,-0.25540000200271606,-0.27782416343688965,-0.246272474527359,0.09026201069355011,-0.2782098054885864,-0.14641481637954712,-0.2655278146266937,-0.23834501206874847,-0.2712027430534363,-0.13811244070529938,0.4479326903820038,-0.21604011952877045,-0.13246554136276245,0.5905110836029053,0.059947047382593155,-0.03536039963364601,0.5053889155387878,-0.22198820114135742,0.2657037675380707,-0.21198789775371552,-0.05663556233048439,-0.18962687253952026,-0.26900479197502136,-0.1640225499868393,-0.0026539235841482878,-0.2494380921125412,-0.1220804750919342,0.8632836937904358,-0.14737552404403687,-0.2690250873565674,0.15693655610084534,-0.1497383415699005,-0.16298770904541016,0.16453230381011963,0.08075200021266937,0.4549143314361572,0.5459887981414795,-0.27846452593803406,-0.22319655120372772,-0.026934919878840446,-0.08248282223939896,-0.2780326008796692,0.2874580919742584,-0.2784600555896759,-0.2685243785381317,-0.20346783101558685,0.02087910659611225,-0.27088409662246704,-0.2781703472137451,-0.16806019842624664,0.06673404574394226,0.13326948881149292,-0.23085975646972656,-0.20316505432128906,0.37341493368148804,-0.22685280442237854,-0.22391092777252197,-0.01811237633228302,0.2112073451280594,-0.25199243426322937,-0.2639302909374237,-0.27101585268974304,-0.20395027101039886,0.5156592726707458,-0.16784630715847015,0.3030054569244385,0.09423360973596573,0.4449065625667572,0.038742050528526306,0.7618521451950073,-0.2742736041545868,0.0548621229827404,0.1001741886138916,-0.2591996192932129,0.11928142607212067,0.05351582169532776,-0.17361287772655487,-0.27809882164001465,-0.27326729893684387,-0.0835021436214447,0.4055844247341156,-0.2674572169780731,0.6966604590415955,-0.27462390065193176,-0.27630648016929626,-0.1379522830247879,-0.049518030136823654,0.5217654705047607,-0.278438001871109,0.26976490020751953,-0.1008036658167839,0.5376191139221191,-0.1361234486103058,-0.215606689453125
5,564,703,579,717,0.38818439841270447,-0.25410208106040955,0.33003658056259155,0.9654516577720642,-0.16189053654670715,-0.2759155333042145,-0.1723361611366272,-0.2013937532901764,-0.26185235381126404,-0.1809791922569275,0.6535550951957703,-0.253652960062027,0.36005303263664246,0.039696332067251205,-0.004731044173240662,-0.08168952167034149,-0.2544706463813782,-0.17655587196350098,-0.2676162123680115,-0.2454070746898651,-0.17080271244049072,0.14109869301319122,0.5557416081428528,-0.08816786855459213,0.19775889813899994,-0.20895488560199738,-0.058690547943115234,-0.2735828757286072,0.07183748483657837,0.5685340166091919,-0.11868032813072205,-0.27783674001693726,0.02439836971461773,0.19048331677913666,-0.17754410207271576,-0.27647748589515686,-0.2746582627296448,0.17143514752388,-0.23139163851737976,-0.2472202181816101,-0.2770148813724518,-0.22361572086811066,-0.24952664971351624,-0.219166100025177,0.7068725228309631,-0.20945361256599426,-0.15169861912727356,0.4261574149131775,0.002323137829080224,0.07545430213212967,0.21066968142986298,-0.15820227563381195,0.28162139654159546,-0.16967688500881195,-0.04966557025909424,-0.17200502753257751,-0.27656081318855286,0.04996974393725395,0.09827468544244766,-0.2756665349006653,0.24925319850444794,0.6469746828079224,0.24418215453624725,-0.27548569440841675,0.005718473345041275,-0.08003845065832138,-0.2291218787431717,0.03345863148570061,0.2261802703142166,0.6252926588058472,0.7340162396430969,-0.27598094940185547,-0.0555681474506855,0.10921072214841843,0.12810400128364563,-0.27266478538513184,0.036671388894319534,-0.27242720127105713,-0.26849013566970825,-0.25437259674072266,0.13520261645317078,-0.2783542275428772,-0.27367061376571655,-0.19130656123161316,-0.06694155931472778,0.049429163336753845,0.03094644658267498,-0.22588089108467102,0.28509265184402466,-0.22262977063655853,-0.23329083621501923,0.23270787298679352,0.4900358319282532,-0.23178499937057495,-0.2784552276134491,-0.26627835631370544,-0.20436175167560577,0.5172631144523621,-0.242007315158844,0.38433346152305603,0.022571062669157982,0.1381794661283493,0.2047603577375412,0.07530248165130615,-0.2782007157802582,0.09235437959432602,0.1362333595752716,-0.2749157249927521,-0.14172767102718353,-0.08277370780706406,-0.1468748301267624,-0.27206796407699585,-0.2762145400047302,-0.19685354828834534,0.6622092723846436,-0.2713152766227722,-0.030192453414201736,-0.2767297625541687,-0.2652932107448578,0.08785495907068253,-0.10353182256221771,1.0014125108718872,-0.23251411318778992,0.17089614272117615,-0.10557711124420166,0.24430324137210846,-0.05933911353349686,-0.21344195306301117
6,527,588,541,601,0.16148389875888824,-0.27813318371772766,-0.05368693545460701,0.9467933177947998,-0.07390539348125458,-0.27535441517829895,-0.24294103682041168,-0.20334360003471375,-0.25655946135520935,-0.2667723000049591,0.8075610399246216,-0.16390787065029144,0.40884774923324585,-0.006174619309604168,-0.2023037075996399,-0.21482008695602417,-0.26089146733283997,-0.11996623128652573,-0.2186645120382309,-0.2659032940864563,-0.22803664207458496,0.029085127636790276,0.39388328790664673,-0.20732125639915466,0.19215555489063263,-0.24426023662090302,-0.24749766290187836,-0.26144224405288696,0.0996420606970787,0.39521998167037964,-0.09552499651908875,-0.19942355155944824,0.0305430106818676,0.10700563341379166,-0.26220738887786865,-0.26600226759910583,-0.24146664142608643,-0.15892907977104187,-0.27791908383369446,-0.22549547255039215,-0.26946309208869934,-0.207191601395607,-0.2741853594779968,-0.23615004122257233,0.17968827486038208,-0.2500121295452118,-0.22415466606616974,0.5184458494186401,-0.001346335280686617,-0.09868033230304718,0.4391344487667084,-0.2646420896053314,0.03660969436168671,-0.19145353138446808,-0.07340565323829651,-0.1002880185842514,-0.2692292332649231,-0.10627242177724838,-0.10217075049877167,-0.2783479690551758,-0.19840282201766968,0.6174013614654541,-0.14184249937534332,-0.27313441038131714,-0.19851678609848022,-0.2481982260942459,-0.15025384724140167,0.2763628661632538,-0.011416229419410229,0.5825106501579285,0.41117268800735474,-0.2688467800617218,-0.2640768885612488,-0.03445917367935181,0.06800926476716995,-0.27838534116744995,0.2596951127052307,-0.2776232957839966,-0.26796838641166687,-0.16366274654865265,-0.024467555806040764,-0.26961225271224976,-0.2783745229244232,-0.2131059169769287,-0.06718221306800842,-0.08669093251228333,-0.20274455845355988,-0.09809405356645584,0.14002108573913574,-0.14452527463436127,-0.2161373347043991,0.21312275528907776,0.45059165358543396,-0.25194504857063293,-0.27453815937042236,-0.260628342628479,-0.22712023556232452,0.7600462436676025,-0.22010193765163422,0.20459622144699097,-0.09638435393571854,0.14327651262283325,-0.011685634031891823,0.690176248550415,-0.27731645107269287,0.05154778063297272,-0.09304136782884598,-0.24233388900756836,-0.03316213935613632,-0.08654437959194183,-0.1580626368522644,-0.2749484181404114,-0.26954320073127747,-0.20443260669708252,0.4759431481361389,-0.26665499806404114,0.05878860503435135,-0.26850777864456177,-0.2782243490219116,-0.12718310952186584,-0.0860537737607956,0.5737540125846863,-0.27324116230010986,0.054116133600473404,-0.13425996899604797,0.24289676547050476,-0.23700055480003357,-0.2220725268125534
7,365,276,378,288,0.037651799619197845,-0.2737380564212799,0.15378573536872864,0.8835846185684204,-0.09422329813241959,-0.27776339650154114,-0.21337531507015228,-0.2672174870967865,-0.24252943694591522,-0.22080682218074799,0.9504839181900024,-0.20945186913013458,0.29048264026641846,0.39006736874580383,-0.12189283221960068,-0.21726880967617035,-0.26955869793891907,-0.21011166274547577,-0.2490401566028595,-0.21835263073444366,-0.246637225151062,-0.2292795181274414,0.3277920186519623,-0.19989964365959167,0.2966301143169403,-0.14273855090141296,-0.09783897548913956,-0.24151690304279327,0.215812087059021,0.6471267938613892,0.060287561267614365,-0.1419302225112915,-0.06133732944726944,0.1499965637922287,-0.2486436516046524,-0.26211223006248474,-0.2553344666957855,0.008091388270258904,-0.27818024158477783,-0.20182976126670837,-0.2569306194782257,-0.25370416045188904,-0.23656265437602997,-0.10365017503499985,0.549072265625,-0.24559757113456726,-0.2485724836587906,0.5729666948318481,0.38812732696533203,0.38096630573272705,0.4406560957431793,-0.23801913857460022,0.2913852632045746,-0.23148207366466522,-0.15225425362586975,-0.17438817024230957,-0.2583378255367279,-0.23477472364902496,-0.017123287543654442,-0.21387548744678497,-0.14571017026901245,0.86494380235672,-0.10564257204532623,-0.2718406915664673,0.19063834846019745,-0.2114899903535843,-0.13272206485271454,0.12124945968389511,0.11000213027000427,0.9694151282310486,0.19674581289291382,-0.2779155671596527,-0.21378321945667267,-0.0427413247525692,-0.11619172245264053,-0.2751135230064392,0.4773484766483307,-0.27846309542655945,-0.2645219564437866,-0.15097753703594208,-0.18397711217403412,-0.2642810642719269,-0.2783730626106262,-0.0983426496386528,0.04520652815699577,-0.08390802145004272,-0.2772991955280304,-0.18154610693454742,0.20203936100006104,-0.27355191111564636,-0.19987861812114716,-0.05223878473043442,0.17911501228809357,-0.23398956656455994,-0.2752089202404022,-0.27227312326431274,-0.21022328734397888,0.13115403056144714,-0.10964063555002213,0.29115715622901917,0.03813741356134415,0.078712597489357,0.059713661670684814,1.1292458772659302,-0.2725103497505188,-0.11281303316354752,0.1365954577922821,-0.2405870258808136,0.06804865598678589,-0.03518873453140259,-0.16992326080799103,-0.2692623734474182,-0.26438164710998535,-0.04988383501768112,0.5583314299583435,-0.2747209370136261,1.5922727584838867,-0.26326802372932434,-0.2769760191440582,-0.1754785031080246,-0.029651092365384102,0.4747885763645172,-0.2783944606781006,0.37816113233566284,-0.15913738310337067,0.8627445697784424,-0.0574193112552166,-0.24768441915512085
8,609,604,622,616,1.1457207202911377,-0.27843230962753296,-0.07791950553655624,0.8796419501304626,-0.025853782892227173,-0.2758106589317322,-0.09500449895858765,-0.2784498333930969,-0.21438294649124146,-0.2522404193878174,0.6732430458068848,-0.1755446493625641,0.20125411450862885,0.6585246920585632,-0.2465437650680542,-0.23725521564483643,-0.14963479340076447,-0.19054238498210907,-0.13956134021282196,-0.20357157289981842,-0.2773478031158447,-0.0736173465847969,0.021777717396616936,-0.18502134084701538,0.05082065984606743,-0.05259183421730995,-0.24930740892887115,-0.2496352195739746,0.5038427114486694,0.9560070037841797,-0.19853830337524414,-0.14780676364898682,0.08207390457391739,-0.06514694541692734,-0.27818840742111206,-0.2572196424007416,-0.23542453348636627,0.20996643602848053,-0.24873600900173187,-0.2440519779920578,-0.24513982236385345,-0.2565321922302246,-0.18395540118217468,0.02939591184258461,0.00764603354036808,-0.23646073043346405,-0.27780821919441223,0.4557144343852997,-0.04163370653986931,-0.024985581636428833,0.32051682472229004,-0.12230799347162247,0.22936536371707916,-0.12557026743888855,-0.26711487770080566,-0.16000714898109436,-0.21491771936416626,-0.1990947276353836,-0.1732444316148758,-0.23193344473838806,-0.2155638039112091,1.0657812356948853,-0.22983844578266144,-0.27618759870529175,2.3622992038726807,-0.1941346824169159,-0.22219794988632202,0.6921905279159546,-0.13155797123908997,0.681143581867218,1.5550371408462524,-0.26104360818862915,-0.24797384440898895,-0.2759844660758972,-0.13089005649089813,-0.2747909724712372,0.7803756594657898,-0.2702048718929291,-0.27426794171333313,-0.043511707335710526,0.021322164684534073,-0.19886985421180725,-0.2648811340332031,-0.2638769745826721,-0.002830835524946451,-0.22241537272930145,-0.1834828108549118,-0.09209030121564865,0.0667584165930748,-0.261879026889801,-0.14333881437778473,0.005486837588250637,-0.10451853275299072,-0.2477835863828659,-0.26781097054481506,-0.26196739077568054,-0.2485457956790924,-0.001945050316862762,-0.2784189283847809,0.46143943071365356,-0.028850745409727097,1.3102881908416748,0.28436538577079773,1.2658562660217285,-0.22248907387256622,-0.180664524435997,-0.11362762004137039,-0.1363455206155777,-0.18213093280792236,-0.14966970682144165,-0.2740037441253662,-0.2618618607521057,-0.2641698718070984,0.4505201280117035,0.18442900478839874,-0.25817736983299255,0.22815285623073578,-0.2732384502887726,-0.26781174540519714,-0.07966294139623642,-0.014800467528402805,0.12777717411518097,-0.19629040360450745,0.8346600532531738,-0.06965237855911255,-0.11096008121967316,0.4705103039741516,-0.20138584077358246
9,593,571,606,584,1.8373427391052246,-0.2381143569946289,-0.1334119737148285,0.852008581161499,-0.00881898682564497,-0.274391770362854,-0.23392345011234283,-0.26516276597976685,-0.19294537603855133,-0.2776658236980438,0.40955519676208496,-0.23461809754371643,-0.251797080039978,1.1436712741851807,-0.21668042242527008,-0.18330249190330505,-0.06060091033577919,-0.2511614263057709,-0.11928698420524597,-0.16131451725959778,-0.2600362300872803,0.053635746240615845,-0.26937335729599,-0.24764055013656616,-0.1872188150882721,-0.055942047387361526,-0.27831417322158813,-0.27843672037124634,0.606103777885437,0.5980143547058105,-0.25692594051361084,-0.19280995428562164,0.2120763212442398,0.09509824216365814,-0.2703778147697449,-0.25394514203071594,-0.25223836302757263,0.15381668508052826,-0.2611808180809021,-0.26232901215553284,-0.27271145582199097,-0.2489652931690216,-0.16840799152851105,0.0069916145876049995,0.6440040469169617,-0.24854685366153717,-0.2755885720252991,0.5913465023040771,-0.03046119026839733,-0.2561449408531189,0.2606976330280304,0.13517840206623077,0.12712565064430237,-0.19753246009349823,-0.19447602331638336,-0.19231848418712616,-0.2439042031764984,-0.10595551878213882,-0.16549426317214966,-0.20035070180892944,0.08433691412210464,1.2964589595794678,-0.27497702836990356,-0.2331056296825409,3.852843999862671,-0.27747058868408203,-0.1527700573205948,0.4929782748222351,-0.2653043568134308,0.498696893453598,2.716050624847412,-0.052469417452812195,-0.2738940715789795,-0.27839940786361694,0.02697927877306938,-0.273694783449173,1.1135423183441162,-0.2711789608001709,-0.22322221100330353,-0.10431887209415436,-0.04265166074037552,-0.23304924368858337,-0.2781454026699066,-0.23090176284313202,0.1683255136013031,-0.27304401993751526,-0.17042474448680878,-0.10642184317111969,0.009359322488307953,-0.2779495120048523,-0.08371835201978683,-0.20115292072296143,-0.24292311072349548,-0.21813222765922546,-0.26912906765937805,-0.09661336988210678,-0.2746994197368622,-0.05954660847783089,-0.24681136012077332,0.4879470765590668,0.0955280289053917,1.5203673839569092,0.27382388710975647,1.5059642791748047,-0.24380439519882202,0.26866671442985535,-0.04436422884464264,-0.15185219049453735,-0.27786585688591003,0.1523398607969284,-0.25730061531066895,-0.2710663676261902,-0.2737828195095062,0.6959760189056396,0.19790589809417725,-0.2151969075202942,0.1622857302427292,-0.2516888380050659,-0.27846139669418335,0.018784407526254654,-0.06428986042737961,-0.008996261283755302,-0.17677848041057587,1.04840087890625,-0.05763613432645798,-0.1848306953907013,1.4256330728530884,-0.19927449524402618
10,380,548,395,561,0.01662016659975052,-0.2537938058376312,0.11063502728939056,0.8642863631248474,-0.07029423117637634,-0.27057766914367676,-0.203840970993042,-0.2743781507015228,-0.24392004311084747,-0.27321764826774597,1.0090928077697754,-0.18550139665603638,0.24085751175880432,0.3007670044898987,-0.1473882794380188,-0.23738610744476318,-0.2591351270675659,-0.13617287576198578,-0.26654163002967834,-0.1990187019109726,-0.25702929496765137,-0.25006958842277527,0.4103430211544037,-0.21141953766345978,0.39310333132743835,-0.15797333419322968,-0.18306119740009308,-0.2098144292831421,0.1346946507692337,0.5952185988426208,0.22137552499771118,-0.1227988749742508,-0.08842065930366516,0.012016174383461475,-0.27272576093673706,-0.26679378747940063,-0.26656416058540344,-0.04336058720946312,-0.27828386425971985,-0.25958308577537537,-0.22747017443180084,-0.2662983238697052,-0.22258250415325165,-0.24419762194156647,0.34327489137649536,-0.26450327038764954,-0.26804518699645996,0.6075695157051086,0.2509258985519409,0.3970082998275757,0.25686466693878174,-0.2703895568847656,0.011540873907506466,-0.2547520697116852,-0.19552913308143616,-0.1121704950928688,-0.2316320836544037,-0.2617688477039337,-0.07636746019124985,-0.2115439474582672,-0.1646655797958374,0.5462234020233154,-0.09691465646028519,-0.2772386968135834,0.02200763113796711,-0.19381192326545715,-0.018705295398831367,-0.013012905605137348,0.0015615057200193405,0.8974079489707947,0.18543261289596558,-0.27506208419799805,-0.21566052734851837,-0.20702247321605682,-0.0738636702299118,-0.27754098176956177,0.5187851786613464,-0.2689117193222046,-0.278430700302124,-0.07944045960903168,-0.175853431224823,-0.23240520060062408,-0.2684474587440491,-0.17118799686431885,0.022290965542197227,-0.01234845444560051,-0.2762734591960907,-0.08010571449995041,0.030905859544873238,-0.2716374099254608,-0.15585052967071533,0.05175025761127472,0.09072021394968033,-0.22050023078918457,-0.2784236669540405,-0.27429714798927307,-0.2327370047569275,-0.06165723875164986,-0.13264262676239014,0.3980860710144043,-0.0522722490131855,-0.06365709751844406,-0.0022025294601917267,0.6705666780471802,-0.2711404263973236,-0.1764359176158905,-0.0732722207903862,-0.19689638912677765,0.09758877754211426,-0.12777677178382874,-0.18046920001506805,-0.2541693150997162,-0.2643912434577942,-0.12426511943340302,0.5705930590629578,-0.27765730023384094,1.6279149055480957,-0.27562883496284485,-0.26559171080589294,-0.25136369466781616,-0.028985079377889633,0.47396454215049744,-0.27846401929855347,0.34976086020469666,-0.21550844609737396,0.7379626631736755,-0.21705269813537598,-0.25089961290359497
11,758,711,771,724,0.11430968344211578,-0.17764407396316528,-0.16285504400730133,1.306888222694397,-0.02069741114974022,-0.11968904733657837,-0.1829347014427185,-0.2724485695362091,-0.1602185070514679,-0.274877667427063,0.8614345788955688,-0.27823641896247864,-0.22935347259044647,4.910979747772217,-0.1990966945886612,-0.24923987686634064,-0.0014803442172706127,-0.20983567833900452,-0.2759135365486145,-0.23062099516391754,-0.21149364113807678,0.7787607312202454,-0.23271526396274567,-0.2602751553058624,-0.25542035698890686,-0.2702515423297882,-0.13523830473423004,-0.2597086429595947,0.9101865291595459,-0.26717084646224976,-0.211825892329216,-0.12321070581674576,-0.27838027477264404,0.8845856785774231,-0.27496254444122314,-0.27691519260406494,0.4338010847568512,-0.19651292264461517,-0.20514707267284393,-0.2726749777793884,-0.21238425374031067,0.2854773998260498,-0.04004903510212898,0.8568740487098694,-0.2691178023815155,-0.18071848154067993,-0.27211296558380127,1.0880720615386963,3.896399974822998,0.01971604861319065,0.2869117558002472,0.05928866192698479,-0.1256469041109085,-0.05154610425233841,-0.24406567215919495,-0.27770695090293884,-0.27837252616882324,1.2517600059509277,0.4890882670879364,-0.05523720756173134,-0.23429450392723083,1.0228596925735474,-0.2411840856075287,-0.07000286877155304,5.682043075561523,-0.2784448564052582,-0.16876840591430664,0.8551957011222839,-0.22756296396255493,0.2234911322593689,1.6506903171539307,-0.10629963129758835,-0.24407832324504852,-0.26696187257766724,-0.22822286188602448,-0.18996119499206543,1.219862937927246,-0.2736426591873169,1.0891724824905396,-0.0360402874648571,0.11037804186344147,-0.2576037347316742,-0.2783612608909607,-0.23793216049671173,-0.22446544468402863,-0.034783776849508286,-0.051632702350616455,-0.25613099336624146,-0.2775099575519562,-0.2577362060546875,-0.2689042091369629,-0.04086434096097946,-0.2598039209842682,0.08567167073488235,-0.2241695374250412,0.15840716660022736,-0.2529822289943695,-0.12938368320465088,0.4170159101486206,-0.21200770139694214,-0.2545550763607025,-0.2779453694820404,0.4365943968296051,0.9447993636131287,-0.22075361013412476,1.857823371887207,0.4521760642528534,-0.24814607203006744,-0.18715634942054749,-0.1202521100640297,-0.1635778397321701,-0.23873567581176758,-0.2642306983470917,0.05985944718122482,-0.2780732810497284,-0.24054071307182312,0.4892525374889374,-0.07541503012180328,0.011819351464509964,-0.12479865550994873,0.15649066865444183,-0.23890532553195953,-0.05658039078116417,0.30701762437820435,0.2555200755596161,-0.20609165728092194,0.1692461371421814,-0.21413809061050415
12,416,400,429,412,-0.15628142654895782,-0.24673165380954742,-0.2539709806442261,1.6021056175231934,-0.10280583053827286,-0.23188140988349915,0.025718877092003822,-0.23485901951789856,-0.154067724943161,-0.2736012041568756,-0.2767356336116791,-0.22707447409629822,-0.2784547209739685,-0.2695029675960541,3.6384737491607666,-0.25856927037239075,-0.27818426489830017,0.06810940057039261,-0.2772509753704071,1.2674469947814941,-0.19085285067558289,4.732155799865723,-0.26481738686561584,2.74225115776062,5.084888458251953,-0.16245967149734497,-0.07980644702911377,-0.2259569615125656,-0.10763632506132126,-0.14917249977588654,-0.25457850098609924,-0.16126976907253265,-0.24206599593162537,0.07296163588762283,-0.27102017402648926,-0.27269527316093445,0.7318106889724731,-0.01393930148333311,-0.2749549448490143,-0.2782566249370575,-0.27313435077667236,0.7909207940101624,0.1311226338148117,-0.26557716727256775,-0.26987162232398987,1.3744667768478394,-0.27769389748573303,1.6985560655593872,-0.2647301256656647,-0.2172478437423706,0.5439893007278442,1.1026397943496704,-0.24898558855056763,0.15485242009162903,0.2356894612312317,-0.12957100570201874,-0.1658295840024948,-0.2760155498981476,0.31431934237480164,-0.17894317209720612,-0.13033069670200348,-0.23759420216083527,-0.2727397382259369,-0.17402127385139465,-0.2170579731464386,-0.24925455451011658,-0.23966333270072937,-0.27829328179359436,0.2634979486465454,-0.11488188803195953,1.1900805234909058,-0.278409868478775,-0.27019113302230835,-0.09750039130449295,-0.09239283949136734,-0.15651863813400269,-0.05872724577784538,-0.1439250260591507,-0.2552969455718994,-0.2565278708934784,0.39228591322898865,-0.2775936722755432,-0.27677345275878906,-0.24254141747951508,0.9499517679214478,-0.08157924562692642,-0.1275629997253418,-0.17143350839614868,-0.21216925978660583,-0.066954106092453,-0.19430004060268402,-0.0807458758354187,-0.0695253312587738,0.8765612244606018,-0.1836404949426651,0.3910861611366272,0.8608386516571045,-0.2782643139362335,-0.27840301394462585,-0.275366872549057,2.2686831951141357,-0.2763243019580841,-0.15414142608642578,-0.21093960106372833,-0.02519388310611248,-0.2780725657939911,0.6107524037361145,-0.20660117268562317,-0.18246988952159882,-0.27023547887802124,-0.17521023750305176,0.2271278351545334,-0.21577416360378265,1.8286815881729126,-0.27748584747314453,0.022693796083331108,-0.1676139384508133,-0.09515639394521713,0.017025906592607498,-0.048633914440870285,0.7224618792533875,0.6618979573249817,-0.27631059288978577,1.0891673564910889,0.2565711438655853,-0.27841973304748535,-0.06140652298927307,1.3155092000961304
13,310,337,323,350,-0.186893031001091,-0.27845069766044617,-0.2746674120426178,1.5922242403030396,-0.03873356431722641,0.8363643884658813,-0.26586905121803284,-0.16470780968666077,-0.13922926783561707,-0.23433908820152283,-0.1474006623029709,-0.27162083983421326,-0.25768253207206726,0.32700246572494507,0.12735271453857422,-0.27759286761283875,-0.03901571035385132,-0.08973999321460724,-0.2635563015937805,0.25364455580711365,-0.15740008652210236,1.2912312746047974,-0.2750686705112457,0.3899407982826233,4.774011611938477,-0.24575583636760712,-0.26697975397109985,-0.2708854079246521,-0.1601264625787735,-0.2594645023345947,-0.24678175151348114,-0.26706936955451965,-0.2718532085418701,-0.015810122713446617,-0.2604225277900696,-0.2784443199634552,0.7028629183769226,-0.05584617704153061,-0.254291296005249,-0.15040822327136993,-0.2724158763885498,0.9580125212669373,0.986477255821228,-0.27022412419319153,-0.2631600797176361,-0.022936640307307243,-0.2780548930168152,1.2285157442092896,5.786130428314209,0.4025258421897888,0.7483590245246887,-0.12836553156375885,-0.26155057549476624,0.35236838459968567,-0.21645350754261017,-0.06179570034146309,-0.2730698883533478,0.8327894806861877,1.1358038187026978,-0.16987407207489014,-0.2249695360660553,-0.244339257478714,-0.09098093211650848,-0.04303530231118202,-0.2640458047389984,-0.22002607583999634,-0.22361843287944794,-0.278441458940506,-0.12944234907627106,-0.2777254581451416,0.06252157688140869,-0.2652606964111328,-0.2517929673194885,-0.24129748344421387,-0.029981762170791626,-0.11873922497034073,-0.10190114378929138,-0.14731140434741974,-0.274271160364151,-0.24029718339443207,1.9235162734985352,-0.03468230739235878,-0.24482710659503937,-0.04910319671034813,0.4343676269054413,-0.053951576352119446,-0.05201147496700287,-0.24487264454364777,-0.2732793986797333,-0.26249781250953674,-0.11739546805620193,1.1565042734146118,-0.22580844163894653,0.9679362773895264,-0.19144950807094574,0.1307259351015091,-0.15707118809223175,-0.2147393673658371,0.11181942373514175,-0.27388471364974976,-0.22081206738948822,0.11077671498060226,-0.14406909048557281,0.02440163493156433,-0.20790918171405792,0.7879568934440613,0.03108549304306507,-0.17261765897274017,-0.24055758118629456,-0.2704128623008728,-0.22719863057136536,-0.04983791336417198,-0.24099288880825043,-0.1868872195482254,-0.2784038186073303,-0.1418880969285965,-0.2641448974609375,0.41558560729026794,-0.15547996759414673,-0.12757281959056854,0.3553203344345093,0.13001945614814758,-0.20816822350025177,0.9775442481040955,0.18971370160579681,-0.19158512353897095,-0.08186333626508713,0.010656557977199554
14,294,542,307,555,-0.1815653294324875,-0.25927841663360596,0.025290314108133316,1.019196629524231,-0.04584244266152382,-0.22894003987312317,-0.18268950283527374,-0.27517423033714294,-0.0762752965092659,-0.15967771410942078,1.6751257181167603,-0.12394902110099792,1.1165342330932617,0.37792137265205383,-0.27647069096565247,-0.18883880972862244,-0.2720615267753601,-0.22281278669834137,-0.14794230461120605,-0.27838248014450073,-0.2780974507331848,0.3793032169342041,0.7263384461402893,-0.12127889692783356,2.37930965423584,-0.10800842195749283,0.3870125114917755,-0.27647295594215393,0.002471056068316102,0.6619799137115479,-0.261492520570755,-0.11812245100736618,0.013210222125053406,-0.06302372366189957,-0.2724612057209015,-0.1322713941335678,-0.17957375943660736,0.1892940104007721,-0.15810462832450867,-0.1353767067193985,-0.2637433111667633,-0.20435765385627747,-0.2646770179271698,1.3570382595062256,-0.2778722643852234,-0.23337456583976746,-0.23092423379421234,0.023769045248627663,-0.030266541987657547,1.3653292655944824,0.39073193073272705,0.009378406219184399,1.1559457778930664,0.34123221039772034,-0.25722742080688477,-0.07574930042028427,-0.2722936272621155,-0.022431425750255585,-0.1290510594844818,-0.22120292484760284,-0.22469551861286163,0.2621234953403473,0.08977091312408447,-0.2783782184123993,0.45802560448646545,0.23426227271556854,-0.27211180329322815,2.1399266719818115,0.27549073100090027,1.2235448360443115,0.19883199036121368,-0.27826929092407227,-0.27233338356018066,-0.2784627079963684,-0.15126222372055054,-0.27244624495506287,-0.1949029117822647,-0.2784081995487213,-0.2752837538719177,-0.07030563801527023,0.46961718797683716,-0.22764062881469727,-0.26519346237182617,-0.2154100090265274,-0.1959979236125946,-0.13438457250595093,-0.07851525396108627,-0.1394628882408142,0.401731014251709,-0.2783930003643036,-0.23606260120868683,0.53139328956604,-0.2695089876651764,-0.2748795747756958,-0.2553395926952362,-0.27160921692848206,0.03289281204342842,0.7894534468650818,-0.2360811084508896,0.17570380866527557,-0.03661248832941055,-0.2079302966594696,2.718484401702881,1.3484469652175903,-0.2466689795255661,-0.2398325353860855,0.32563790678977966,-0.20327994227409363,-0.23975807428359985,-0.2647952437400818,-0.2390722632408142,-0.27533605694770813,-0.2407274693250656,0.6242707967758179,0.3047005534172058,-0.2784358263015747,-0.2742740213871002,-0.276782751083374,-0.13446784019470215,-0.1003422662615776,0.08795858174562454,0.11278416216373444,-0.23454807698726654,1.383626103401184,-0.11011341214179993,-0.2584240734577179,-0.24835720658302307,-0.25711312890052795
15,447,637,461,650,0.22946786880493164,-0.22749361395835876,0.18279260396957397,1.005064845085144,-0.19713623821735382,-0.2676931619644165,-0.1937139928340912,-0.10658308118581772,-0.268130898475647,-0.17822372913360596,0.5438514947891235,-0.2327958196401596,0.3732972741127014,0.09707601368427277,-0.044214535504579544,-0.09623037278652191,-0.24333563446998596,-0.1966719627380371,-0.2627039849758148,-0.2633930742740631,-0.2090299427509308,0.15313325822353363,0.3892150819301605,-0.1437148153781891,0.267000287771225,-0.2078992873430252,-0.2048150599002838,-0.2727585732936859,-0.02304963581264019,0.2641579508781433,0.030622998252511024,-0.2562536597251892,-0.033578161150217056,0.17249822616577148,-0.18957838416099548,-0.2652858793735504,-0.23366031050682068,-0.0567692369222641,-0.2653124928474426,-0.18578149378299713,-0.2783077657222748,-0.17536528408527374,-0.2530844807624817,-0.1352875828742981,0.2368645817041397,-0.19192102551460266,0.03676621988415718,0.46049562096595764,0.05638016760349274,-0.02532254159450531,0.45756107568740845,-0.19025695323944092,0.11966873705387115,-0.19013479351997375,0.2559344172477722,-0.22307123243808746,-0.26521798968315125,0.03684531897306442,0.05426901951432228,-0.27764055132865906,0.09291522949934006,0.5031004548072815,-0.10067758709192276,-0.27289918065071106,-0.05756562948226929,-0.18339800834655762,-0.18941931426525116,0.585902988910675,0.04968273267149925,0.35123199224472046,0.5109115839004517,-0.2737860679626465,-0.17434047162532806,0.021116651594638824,0.008643027395009995,-0.27625954151153564,0.14637380838394165,-0.27334344387054443,-0.25764748454093933,-0.26440444588661194,0.18376676738262177,-0.25231486558914185,-0.2639146149158478,-0.17067451775074005,-0.01752414181828499,0.2669620215892792,-0.07127456367015839,-0.25020933151245117,0.2414824664592743,-0.12775252759456635,-0.27573466300964355,0.14536269009113312,0.5750384330749512,-0.2632339894771576,-0.2388080209493637,-0.254801869392395,-0.19462314248085022,0.6010634899139404,-0.18395057320594788,0.1953301876783371,-0.052178721874952316,0.2224937528371811,0.036309339106082916,0.7597530484199524,-0.2781584858894348,0.33374667167663574,0.04371163249015808,-0.2638820707798004,0.04183473810553551,0.01426316425204277,-0.06121233478188515,-0.24588057398796082,-0.27280962467193604,-0.13987961411476135,0.40067723393440247,-0.2538122832775116,0.09282910823822021,-0.27613604068756104,-0.27016356587409973,0.013233022764325142,-0.07550302147865295,0.5847597718238831,-0.2703634202480316,0.03789261728525162,-0.06240011751651764,0.1645011454820633,-0.24003662168979645,-0.21854831278324127
16,360,503,373,515,-0.15784847736358643,-0.10550788789987564,-0.2741813361644745,1.200055718421936,-0.006860376801341772,-0.25159382820129395,-0.2048986405134201,-0.2648738920688629,-0.13215991854667664,-0.2082017958164215,1.461475133895874,-0.0628662109375,-0.2784467041492462,3.1121840476989746,-0.273518830537796,-0.08660269528627396,-0.005529623944312334,-0.013528304174542427,-0.2212235927581787,-0.14294332265853882,-0.232826367020607,0.2078176587820053,-0.2704668641090393,-0.2777450680732727,-0.11862576007843018,-0.04490722343325615,1.0168061256408691,-0.061740942299366,0.6263822317123413,-0.07519952207803726,-0.07051996886730194,-0.07252347469329834,-0.26310160756111145,4.325432300567627,-0.21370431780815125,-0.2571074962615967,0.3226637840270996,-0.026829443871974945,-0.26998963952064514,-0.22058384120464325,-0.2782159745693207,0.17289532721042633,0.5851711630821228,-0.025929663330316544,-0.2584354281425476,-0.17286938428878784,-0.21916350722312927,0.572080671787262,5.422111511230469,1.4458791017532349,0.9896143078804016,-0.27514493465423584,-0.152936190366745,0.25296589732170105,-0.2140377014875412,-0.012491041794419289,-0.07509185373783112,2.1828229427337646,0.49473491311073303,-0.1238112673163414,-0.24893084168434143,3.268477201461792,-0.04971645772457123,0.7498987913131714,2.4659605026245117,-0.0921349748969078,-0.20518365502357483,0.03447930887341499,-0.24886715412139893,1.4062319993972778,0.3496261239051819,-0.26785263419151306,-0.21343785524368286,-0.26949959993362427,-0.08732765167951584,-0.20202688872814178,1.0344575643539429,-0.2258829027414322,0.06864199042320251,-0.044343411922454834,-0.24199937283992767,-0.25018730759620667,-0.27675896883010864,-0.08358298987150192,-0.25896012783050537,-0.0980367660522461,-0.2441936582326889,-0.1271686851978302,-0.2618279457092285,-0.2686929702758789,-0.22068095207214355,0.5146575570106506,-0.26398739218711853,-0.1646459847688675,-0.22323571145534515,-0.1660548895597458,-0.278349906206131,-0.2550595700740814,0.4622842073440552,-0.27041953802108765,-0.2774388790130615,-0.21078620851039886,0.9479842185974121,1.2980010509490967,-0.0026110345497727394,1.8364617824554443,0.06306266039609909,-0.062396928668022156,-0.1904008537530899,0.05876026675105095,-0.2661252021789551,-0.2760936915874481,-0.24605786800384521,-0.23662804067134857,-0.13557296991348267,-0.21407096087932587,1.4737104177474976,-0.24074217677116394,-0.025266731157898903,-0.008205648511648178,0.042848482728004456,-0.0591285265982151,-0.07272394746541977,0.11850510537624359,-0.03612867370247841,-0.2325412929058075,-0.016612151637673378,-0.27838608622550964
17,438,333,451,345,0.6482218503952026,-0.27465730905532837,0.032502833753824234,0.9527654051780701,-0.06372173130512238,-0.27821752429008484,0.07806484401226044,-0.23739096522331238,-0.2683762311935425,-0.22237442433834076,0.7312453985214233,-0.2102685123682022,0.2225673496723175,0.2569179832935333,0.016270136460661888,-0.1369350105524063,-0.2604641616344452,-0.20906123518943787,-0.24115560948848724,-0.27360737323760986,-0.21656695008277893,0.022332588210701942,0.0735384076833725,-0.07743571698665619,0.1648946851491928,-0.19253386557102203,-0.227094367146492,-0.25347208976745605,0.29994627833366394,0.3076245188713074,-0.14492608606815338,-0.22637304663658142,-0.04571780189871788,0.1404213160276413,-0.22857928276062012,-0.278238445520401,-0.24756109714508057,0.041356414556503296,-0.27584072947502136,-0.16054192185401917,-0.26995816826820374,-0.2252662479877472,-0.27843648195266724,-0.04706203565001488,0.5238829851150513,-0.22561819851398468,-0.1802511364221573,0.6189216375350952,0.09805846959352493,-0.07206036895513535,0.38301682472229004,-0.1561463475227356,0.25124886631965637,-0.20252490043640137,-0.03374321758747101,-0.17217426002025604,-0.27806347608566284,-0.03951938450336456,-0.015206469222903252,-0.23553916811943054,0.2963331639766693,0.9355945587158203,-0.16195756196975708,-0.11933223158121109,0.8643002510070801,-0.1807660013437271,-0.27623555064201355,0.34423136711120605,0.047691959887742996,0.4894096255302429,1.1408731937408447,-0.25863116979599,-0.16255632042884827,-0.07446908205747604,-0.013667422346770763,-0.2769278585910797,0.6568917632102966,-0.27580973505973816,-0.22255229949951172,-0.13528014719486237,0.03551725298166275,-0.2744500935077667,-0.2774887681007385,-0.2732068598270416,0.09741242229938507,-0.1180567815899849,-0.2764056324958801,-0.18525515496730804,0.20636790990829468,-0.2653201222419739,-0.22953717410564423,-0.04186836630105972,0.22640766203403473,-0.2484895884990692,-0.2750890254974365,-0.2471911460161209,-0.2556060254573822,0.2286393940448761,-0.24189874529838562,0.3262809216976166,0.07581600546836853,0.6339591145515442,0.05807378515601158,1.0306427478790283,-0.27401235699653625,0.3207751512527466,0.043506473302841187,-0.2764451205730438,-0.13527509570121765,-0.026881897822022438,-0.16570311784744263,-0.2775186002254486,-0.2765861451625824,0.044387929141521454,0.32301902770996094,-0.24139267206192017,0.5873847603797913,-0.27789250016212463,-0.2781480848789215,-0.06684698164463043,-0.0512339286506176,0.44960376620292664,-0.27691611647605896,0.360147625207901,-0.001700034481473267,0.146511048078537,-0.06353447586297989,-0.22114038467407227
18,251,600,265,614,-0.21216943860054016,-0.19280636310577393,-0.275485634803772,1.0043346881866455,-0.028470363467931747,-0.22577859461307526,-0.27816975116729736,-0.2771870195865631,-0.2151433527469635,-0.15305091440677643,0.5701916217803955,-0.26539236307144165,-0.2784276306629181,-0.16846413910388947,-0.2690609097480774,-0.27333059906959534,-0.22252748906612396,-0.2452331930398941,-0.24418838322162628,-0.1270400732755661,-0.27782079577445984,-0.2636525630950928,0.6346868276596069,1.8586369752883911,-0.09169194847345352,-0.26745450496673584,-0.19235247373580933,-0.27509307861328125,-0.27823805809020996,0.4347635805606842,-0.23664580285549164,-0.20020610094070435,0.6751305460929871,1.4232758283615112,-0.2713809609413147,-0.27683717012405396,-0.24086369574069977,4.3461222648620605,-0.09161929786205292,0.11233315616846085,0.12073114514350891,-0.15909983217716217,-0.2629111409187317,-0.2663431763648987,-0.2778914272785187,2.0543253421783447,-0.2765218913555145,3.193999767303467,0.14778119325637817,0.7459776401519775,-0.09081977605819702,-0.16074542701244354,2.9197165966033936,-0.2593839466571808,0.631783127784729,-0.09208177775144577,-0.26881736516952515,-0.16630631685256958,-0.22538456320762634,-0.18008053302764893,0.9407040476799011,0.7720639705657959,0.012113074772059917,-0.16737927496433258,-0.22324714064598083,-0.25202134251594543,-0.08107061684131622,-0.27620381116867065,2.852198362350464,-0.19964829087257385,0.9915906190872192,0.11957179009914398,-0.27412548661231995,3.362718105316162,-0.2682027816772461,-0.2739439904689789,0.06739737093448639,-0.1785634458065033,-0.23776842653751373,-0.11645981669425964,-0.09191712737083435,-0.2753887176513672,-0.2722301781177521,1.4857268333435059,1.7025710344314575,-0.1323363184928894,-0.10582472383975983,-0.04943981394171715,4.981881618499756,-0.2752271890640259,-0.27783435583114624,0.7334737777709961,1.2599574327468872,-0.27816131711006165,-0.2777378559112549,-0.23911656439304352,-0.26645681262016296,-0.2683912217617035,-0.27152323722839355,-0.01289884839206934,0.21183304488658905,0.7634077668190002,-0.0063374643214046955,0.8691784143447876,2.9776859283447266,1.8701412677764893,-0.24652592837810516,-0.18329894542694092,-0.2209181785583496,-0.27845990657806396,1.88236403465271,-0.18257452547550201,-0.14569738507270813,-0.19731970131397247,0.9332457184791565,-0.011720916256308556,2.459219217300415,2.325918674468994,-0.24732007086277008,-0.02302980236709118,-0.07354327291250229,2.3011651039123535,-0.18663613498210907,0.43914011120796204,-0.061779070645570755,2.1273176670074463,-0.19294127821922302,-0.1693871170282364
19,745,744,758,756,0.16978244483470917,-0.2535352408885956,0.055965621024370193,0.8700060248374939,-0.021911531686782837,-0.27346131205558777,-0.24684149026870728,-0.266752153635025,-0.24365027248859406,-0.2677447199821472,1.9108905792236328,-0.21246670186519623,-0.23187577724456787,1.7291927337646484,-0.24038441479206085,-0.21112358570098877,-0.056769028306007385,-0.0688689649105072,-0.06281226128339767,-0.12826500833034515,-0.2570989429950714,-0.2754882872104645,-0.21879726648330688,-0.2761891186237335,-0.16231225430965424,-0.27658745646476746,-0.24171675741672516,-0.26878488063812256,0.650111734867096,-0.025637146085500717,-0.2429364025592804,-0.08754366636276245,-0.24237710237503052,0.7244022488594055,-0.25394153594970703,-0.2611314654350281,-0.2465464323759079,-0.24704037606716156,-0.25902116298675537,-0.2607102692127228,-0.2410801351070404,-0.2377384603023529,-0.23946692049503326,0.18861505389213562,-0.0628100037574768,-0.2783629298210144,-0.2583537995815277,0.719344973564148,2.1974263191223145,0.8034411072731018,-0.00713244779035449,-0.27791374921798706,0.38065654039382935,-0.26955410838127136,-0.21083122491836548,-0.1905398964881897,-0.25923386216163635,0.514973521232605,0.13213957846164703,-0.1005384549498558,1.2942392826080322,1.856355905532837,-0.20223726332187653,0.46585381031036377,2.3777101039886475,-0.27613919973373413,-0.2578675448894501,0.3702848255634308,-0.27836140990257263,1.4574552774429321,1.0725314617156982,-0.12717440724372864,-0.27691495418548584,0.15142221748828888,-0.13180692493915558,-0.27715104818344116,0.30920305848121643,-0.2774815857410431,-0.20472364127635956,-0.20996980369091034,-0.25023865699768066,-0.2783736288547516,-0.2781890034675598,0.049347396939992905,-0.18026047945022583,-0.2742052674293518,-0.2458040565252304,-0.14350531995296478,-0.22066354751586914,-0.2526935636997223,-0.15187402069568634,0.009076837450265884,-0.26471856236457825,-0.22463786602020264,-0.27734798192977905,-0.15426094830036163,-0.2684321403503418,-0.26657354831695557,-0.020508885383605957,0.16155672073364258,-0.2607130706310272,-0.22210532426834106,0.2279062718153,1.3560642004013062,-0.21141891181468964,1.1315938234329224,-0.07096268981695175,-0.24447980523109436,-0.21471081674098969,0.6012355089187622,-0.25112006068229675,-0.27334064245224,-0.20386740565299988,-0.20298415422439575,0.5974143147468567,-0.26317375898361206,3.450385093688965,-0.09582389891147614,-0.26448437571525574,-0.2464165985584259,-0.12743733823299408,-0.04392528161406517,-0.20736008882522583,0.9636609554290771,-0.06060970202088356,0.019809704273939133,-0.02022656612098217,-0.27822574973106384
20,597,637,612,650,0.6483389139175415,-0.27837666869163513,-0.037184420973062515,0.9180135130882263,-0.04324140027165413,-0.2783716022968292,0.02765546180307865,-0.25356370210647583,-0.2752835154533386,-0.24209704995155334,0.7570182681083679,-0.20057682693004608,0.17084315419197083,0.15483838319778442,-0.0518384613096714,-0.17848710715770721,-0.25278541445732117,-0.16304229199886322,-0.20272500813007355,-0.2730311453342438,-0.23675258457660675,0.0076451487839221954,0.14949548244476318,-0.09873119741678238,0.13784204423427582,-0.22110100090503693,-0.2521376609802246,-0.26114845275878906,0.16584815084934235,0.3215459883213043,-0.12494649738073349,-0.21469303965568542,-0.01297325175255537,0.07204568386077881,-0.25605154037475586,-0.2757219672203064,-0.2550106346607208,0.02983880788087845,-0.2774389982223511,-0.20481549203395844,-0.258786141872406,-0.24173398315906525,-0.2748464047908783,-0.18116708099842072,0.4296383559703827,-0.229261115193367,-0.24728699028491974,0.6923431754112244,0.05672681704163551,-0.15037505328655243,0.342999130487442,-0.19932779669761658,0.1573781669139862,-0.21460600197315216,-0.12641435861587524,-0.14373508095741272,-0.2573367655277252,-0.058372773230075836,-0.02063121646642685,-0.2391320914030075,0.13013416528701782,0.9328162670135498,-0.1864606887102127,-0.23012666404247284,0.6900951266288757,-0.20304274559020996,-0.27739769220352173,0.257843017578125,-0.01136796735227108,0.364501029253006,1.279932975769043,-0.2614835202693939,-0.22737552225589752,-0.09477654844522476,0.017662035301327705,-0.2771521508693695,0.4946119487285614,-0.27569547295570374,-0.260143905878067,-0.10279736667871475,0.08016263693571091,-0.2543213963508606,-0.2733607888221741,-0.2656274735927582,0.09968370944261551,-0.0353788286447525,-0.2740810215473175,-0.16187405586242676,0.11820892989635468,-0.2679237127304077,-0.1799885779619217,0.029475513845682144,0.19898241758346558,-0.23677198588848114,-0.27846387028694153,-0.2510550618171692,-0.25422734022140503,0.2741732895374298,-0.2611050307750702,0.4065699577331543,-0.035476747900247574,0.7003712058067322,0.034564707428216934,0.9086877703666687,-0.2736178934574127,0.2529618442058563,-0.11545304208993912,-0.24293246865272522,-0.11788639426231384,-0.07187043875455856,-0.22324173152446747,-0.27846378087997437,-0.27757492661476135,-0.09084795415401459,0.3827120065689087,-0.25655168294906616,0.3844633102416992,-0.27684348821640015,-0.2735423147678375,-0.1150478795170784,-0.06357822567224503,0.43896380066871643,-0.26904597878456116,0.34484341740608215,-0.0544707365334034,0.17311884462833405,-0.10692384839057922,-0.22263941168785095
21,369,613,382,626,-0.15691661834716797,-0.14836199581623077,0.15892213582992554,1.5292372703552246,-0.15280500054359436,-0.2676539719104767,-0.21203728020191193,-0.2770446240901947,-0.20565691590309143,-0.21610932052135468,-0.24462874233722687,-0.16326215863227844,-0.13333916664123535,4.999791145324707,2.2086031436920166,-0.2554195821285248,-0.0692334696650505,-0.27703651785850525,-0.2370552122592926,0.6853944659233093,-0.2257474809885025,4.211548805236816,-0.2700490653514862,-0.2758452296257019,1.5204081535339355,-0.19544489681720734,-0.06612128764390945,-0.21850721538066864,-0.2742612063884735,-0.10339445620775223,-0.23893104493618011,-0.2362162321805954,-0.24964872002601624,0.6970667243003845,-0.26743847131729126,-0.1975710541009903,0.6845383644104004,-0.02319103665649891,-0.16173960268497467,-0.25216835737228394,-0.24390624463558197,0.6566059589385986,0.7422423362731934,-0.1042231023311615,-0.18480277061462402,0.5856791138648987,-0.23590810596942902,1.7848665714263916,-0.2162901610136032,-0.20945371687412262,0.40922319889068604,2.379847526550293,-0.27805718779563904,-0.13270728290081024,0.14099042117595673,-0.26841646432876587,-0.2260640412569046,-0.19042034447193146,2.0580430030822754,-0.26143985986709595,-0.27650564908981323,-0.24382930994033813,-0.21091723442077637,-0.14688853919506073,0.4360557198524475,-0.16887398064136505,-0.24509340524673462,-0.27741265296936035,-0.2444273978471756,-0.16913875937461853,0.762259304523468,-0.2497400939464569,-0.24297179281711578,-0.20238617062568665,0.9263108968734741,-0.24567773938179016,-0.272081196308136,-0.19091756641864777,0.5812122821807861,-0.11151688545942307,0.4144493639469147,-0.26375043392181396,-0.27838653326034546,-0.26482516527175903,-0.26022738218307495,-0.04581569880247116,-0.2283012568950653,-0.26802411675453186,-0.2713063061237335,-0.2702929377555847,0.13637001812458038,-0.22882795333862305,-0.20388126373291016,1.0854135751724243,-0.20313255488872528,0.27395978569984436,0.5567514896392822,-0.09187692403793335,0.2012123316526413,-0.21725545823574066,1.2802300453186035,-0.028493888676166534,-0.13424624502658844,-0.17013898491859436,-0.041920483112335205,0.10797413438558578,0.009801173582673073,-0.2655300498008728,-0.17720654606819153,-0.27758729457855225,-0.15146350860595703,-0.05723283067345619,-0.22083920240402222,0.8174453377723694,-0.2505967319011688,-0.25154247879981995,-0.20392106473445892,-0.25053465366363525,-0.13579198718070984,0.3526918292045593,0.5342586040496826,0.5267062783241272,-0.2314532995223999,0.021139778196811676,-0.254462331533432,-0.2780722379684448,-0.1035587340593338,0.3124573230743408
22,516,609,530,623,-0.23536688089370728,-0.2670491635799408,-0.25246402621269226,1.607056736946106,-0.0324106365442276,1.446081280708313,-0.2605783939361572,-0.26553794741630554,-0.23419056832790375,-0.2755230665206909,-0.21611885726451874,-0.13611756265163422,-0.22992761433124542,0.8059110045433044,0.4524197280406952,-0.2572711706161499,-0.11954089254140854,-0.17549164593219757,-0.18254011869430542,0.5894055962562561,-0.10555880516767502,3.8254380226135254,-0.2589912414550781,0.14980365335941315,4.8257880210876465,-0.243565171957016,-0.23300984501838684,-0.24887126684188843,-0.1001834124326706,-0.27154794335365295,-0.2548276484012604,-0.2764163613319397,-0.275620698928833,-0.16145187616348267,-0.2570436894893646,-0.2628256678581238,0.845408022403717,-0.024866629391908646,-0.27758610248565674,-0.22494497895240784,-0.2609187960624695,0.738666832447052,1.1691490411758423,-0.20080438256263733,-0.2781912088394165,-0.12449026107788086,-0.26406872272491455,1.345773696899414,2.7897486686706543,-0.2175878882408142,1.7253416776657104,1.258272647857666,-0.26454997062683105,0.12975342571735382,0.15080693364143372,-0.10660445690155029,-0.2518387734889984,0.4988721013069153,2.8865716457366943,-0.2599340081214905,-0.2173055112361908,-0.2171473503112793,-0.2129615992307663,-0.1078467071056366,-0.2540777623653412,-0.23501797020435333,-0.2751646041870117,-0.26682597398757935,-0.26804664731025696,-0.19961589574813843,0.7128674983978271,-0.2732069194316864,-0.2302742451429367,-0.1482008397579193,0.29060935974121094,0.04597242921590805,-0.1324969083070755,-0.08902636915445328,-0.2691234350204468,-0.15354196727275848,3.084343194961548,-0.2733554244041443,-0.2698524594306946,-0.17094677686691284,-0.025442229583859444,-0.11864149570465088,-0.19414085149765015,-0.1154010221362114,-0.2564159035682678,-0.2528728246688843,-0.221046581864357,1.0817817449569702,-0.15202149748802185,0.9985279440879822,-0.27256810665130615,0.358725368976593,-0.1929028481245041,-0.25248029828071594,-0.02358308434486389,-0.22520938515663147,-0.26671797037124634,-0.2746943235397339,-0.08607278764247894,-0.03915635123848915,-0.14726628363132477,1.1112141609191895,-0.2444233000278473,-0.1889098584651947,0.009375530295073986,-0.2784483730792999,-0.23337048292160034,0.017717666923999786,-0.278275728225708,-0.21503551304340363,-0.22322756052017212,-0.22139842808246613,-0.04940398037433624,-0.26736441254615784,-0.2737208306789398,-0.24343010783195496,0.3937681019306183,-0.08853214979171753,-0.25216516852378845,0.14182601869106293,-0.14588747918605804,-0.1776934713125229,-0.06507435441017151,0.22570070624351501
23,427,533,440,547,-0.06562956422567368,-0.2102353721857071,0.2039414495229721,0.8279265761375427,-0.03321261703968048,-0.260704904794693,-0.21762622892856598,-0.2759769558906555,-0.23596526682376862,-0.2758786380290985,1.4434726238250732,-0.22217108309268951,-0.009226330555975437,0.7642291784286499,-0.1753818541765213,-0.20741897821426392,-0.10356667637825012,-0.14871461689472198,-0.056514814496040344,-0.1250494420528412,-0.23227493464946747,-0.2627992331981659,-0.015435860492289066,-0.23037059605121613,0.36049196124076843,-0.22328267991542816,-0.2467363476753235,-0.21579599380493164,0.25194409489631653,0.4127548336982727,-0.09210904687643051,-0.0998137816786766,-0.2428276687860489,0.23146478831768036,-0.2703215181827545,-0.22422723472118378,-0.2631116807460785,-0.056264620274305344,-0.27392953634262085,-0.27492624521255493,-0.2168779820203781,-0.26148146390914917,-0.1380472332239151,-0.09624063968658447,0.5101840496063232,-0.2764897346496582,-0.22437956929206848,0.5996657013893127,1.0959956645965576,0.7500964403152466,0.023144202306866646,-0.2769595980644226,0.4565260708332062,-0.27741023898124695,-0.19446030259132385,-0.13861143589019775,-0.2326001226902008,-0.24160529673099518,0.10399975627660751,-0.08997262269258499,0.4580446481704712,1.2938989400863647,-0.07657971233129501,-0.17134107649326324,0.4952951967716217,-0.20761175453662872,-0.21459747850894928,-0.016519291326403618,-0.18427442014217377,1.0337004661560059,0.31376251578330994,-0.20765867829322815,-0.23989516496658325,-0.2198803424835205,-0.11587787419557571,-0.2678527235984802,0.2386636734008789,-0.26054108142852783,-0.27766790986061096,-0.10947936773300171,-0.1815323680639267,-0.2583601772785187,-0.275211364030838,-0.0894385576248169,-0.1061311736702919,-0.1661538928747177,-0.24298736453056335,-0.16765311360359192,-0.1447126716375351,-0.27371513843536377,-0.1345471441745758,-0.07351065427064896,-0.19932547211647034,-0.20405875146389008,-0.27021315693855286,-0.2615620791912079,-0.27697011828422546,-0.26610681414604187,0.10019885003566742,0.30534809827804565,-0.22252537310123444,-0.12822428345680237,0.10344667732715607,1.1018494367599487,-0.24409297108650208,0.18652409315109253,-0.1671966016292572,-0.1656711846590042,-0.022669833153486252,0.3842409551143646,-0.2695026993751526,-0.26448750495910645,-0.27778708934783936,-0.17460061609745026,0.7756907343864441,-0.27718737721443176,3.3158798217773438,-0.16367295384407043,-0.26292726397514343,-0.2782618999481201,-0.05265243723988533,0.19989638030529022,-0.2692174017429352,0.6728533506393433,-0.16537170112133026,0.608314573764801,-0.2538767457008362,-0.2743155062198639
24,239,332,252,344,0.23486627638339996,-0.26516488194465637,0.0620465949177742,0.9789052605628967,-0.12148895859718323,-0.26560360193252563,-0.21614615619182587,-0.16782857477664948,-0.2717064321041107,-0.22226761281490326,0.6623815298080444,-0.18259169161319733,0.3889629542827606,0.08951897919178009,-0.12015935033559799,-0.1809575855731964,-0.2634851038455963,-0.21176385879516602,-0.24711939692497253,-0.2783176898956299,-0.1964707374572754,0.04642031341791153,0.4316263198852539,-0.19314534962177277,0.2355734407901764,-0.19793899357318878,-0.24538913369178772,-0.27414074540138245,0.10543112456798553,0.5211290121078491,-0.014992364682257175,-0.23390553891658783,-0.024228090420365334,0.101857490837574,-0.23892182111740112,-0.27530813217163086,-0.22220799326896667,0.013253317214548588,-0.2738915979862213,-0.19907529652118683,-0.2780773341655731,-0.18614353239536285,-0.2781294286251068,-0.12066495418548584,0.20686176419258118,-0.2217634916305542,-0.08655935525894165,0.4118277430534363,-0.030447112396359444,-0.07942382246255875,0.5069785714149475,-0.22762176394462585,0.23124651610851288,-0.20055918395519257,0.1928444802761078,-0.20866069197654724,-0.27814432978630066,-0.10033337026834488,0.056797754019498825,-0.27522003650665283,-0.17166739702224731,0.7026560306549072,-0.14250995218753815,-0.2739819288253784,-0.08792014420032501,-0.18613433837890625,-0.22668705880641937,0.4633036255836487,-0.05684329569339752,0.37290969491004944,0.3811611831188202,-0.27398785948753357,-0.22514505684375763,-0.03901321813464165,0.04494039714336395,-0.26199811697006226,0.11714319884777069,-0.274597704410553,-0.2644428014755249,-0.23540963232517242,0.12363851815462112,-0.2784644365310669,-0.2757803201675415,-0.16563501954078674,-0.05217331275343895,0.08973106741905212,-0.11956378817558289,-0.2133619487285614,0.26167628169059753,-0.12094166874885559,-0.24697716534137726,0.11258383840322495,0.47690674662590027,-0.2639349400997162,-0.2625172734260559,-0.2554559111595154,-0.19054777920246124,0.5978474020957947,-0.18197742104530334,0.1729297637939453,-0.07823387533426285,0.28348517417907715,-0.020256945863366127,0.7368825078010559,-0.27008163928985596,0.16265149414539337,0.025694606825709343,-0.27793630957603455,0.02075633592903614,-0.0039115119725465775,-0.17253555357456207,-0.25580355525016785,-0.2766333520412445,-0.13734446465969086,0.41148892045021057,-0.25446373224258423,0.1728537678718567,-0.2766816020011902,-0.2754473090171814,-0.06877799332141876,-0.07232599705457687,0.48914554715156555,-0.27825236320495605,0.0526469387114048,-0.066330686211586,0.21126890182495117,-0.2187642753124237,-0.2121504545211792
25,434,427,447,440,1.5510715246200562,-0.2643519937992096,-0.2119634449481964,0.8595873117446899,-0.011258471757173538,-0.2753775119781494,-0.16806671023368835,-0.2727833688259125,-0.23891563713550568,-0.27767324447631836,0.3141106069087982,-0.1945447325706482,-0.2394513189792633,0.6851679682731628,-0.2147366851568222,-0.21976885199546814,-0.08255288749933243,-0.20443429052829742,-0.10952688753604889,-0.1618228256702423,-0.2744496166706085,-0.016862547025084496,-0.23222459852695465,-0.2303057163953781,-0.11110622435808182,-0.11389827728271484,-0.2689150273799896,-0.278372585773468,0.188097283244133,0.576332688331604,-0.2723722755908966,-0.17135508358478546,0.10663606971502304,-0.014654291793704033,-0.2717543840408325,-0.24103887379169464,-0.25289544463157654,-0.021316584199666977,-0.26518815755844116,-0.2752958834171295,-0.27003756165504456,-0.2549980878829956,-0.20419490337371826,-0.22612279653549194,0.5360805988311768,-0.2558753788471222,-0.25333335995674133,0.39747461676597595,-0.007746962830424309,-0.2498210072517395,0.32612866163253784,-0.005806222092360258,0.03560786321759224,-0.24356642365455627,-0.17329972982406616,-0.17907004058361053,-0.2163810133934021,-0.0419292226433754,-0.12397511303424835,-0.2333255559206009,0.011544497683644295,1.1750891208648682,-0.2748589515686035,-0.2743665874004364,2.7420496940612793,-0.27513957023620605,-0.206872820854187,0.2830037772655487,-0.2415751963853836,0.44261351227760315,2.234724760055542,-0.18190720677375793,-0.2549324929714203,-0.27842944860458374,0.00039169620140455663,-0.25504207611083984,0.9442266225814819,-0.27845609188079834,-0.2766835391521454,-0.07049684226512909,0.09634766727685928,-0.20969009399414062,-0.27030667662620544,-0.24625588953495026,0.3499631881713867,-0.13591068983078003,-0.2306090146303177,-0.08147559314966202,-0.076263427734375,-0.2735871970653534,-0.09364587813615799,-0.036801211535930634,-0.17537567019462585,-0.22123609483242035,-0.26272955536842346,-0.14938417077064514,-0.2780781686306,-0.16025109589099884,-0.26173916459083557,0.5141552686691284,-0.06622198224067688,1.520202398300171,0.09558457136154175,0.9555388689041138,-0.26679009199142456,0.2203560620546341,-0.17944344878196716,-0.1318148970603943,-0.2749132215976715,0.16385532915592194,-0.2758730351924896,-0.27105093002319336,-0.27433204650878906,0.2697693109512329,0.2276134341955185,-0.24283792078495026,0.10179483145475388,-0.2485550493001938,-0.26951003074645996,0.011705581098794937,-0.06251372396945953,0.03986730799078941,-0.1966051459312439,0.8279879093170166,-0.0920577347278595,-0.15857785940170288,0.6757960915565491,-0.21521608531475067
26,277,306,289,318,-0.22987769544124603,-0.2767346501350403,-0.1700950413942337,1.6333730220794678,-0.03445019572973251,1.857787013053894,-0.2630932629108429,-0.26159822940826416,-0.22906087338924408,-0.27843013405799866,-0.2326887845993042,-0.12726689875125885,-0.20985132455825806,1.5336312055587769,0.06889508664608002,-0.2579732835292816,-0.12521374225616455,-0.08878102898597717,-0.2319440096616745,0.27325043082237244,-0.08283060044050217,3.4458072185516357,-0.25493696331977844,-0.2721582353115082,4.879602432250977,-0.24132992327213287,-0.2646784484386444,-0.2767283320426941,-0.13054786622524261,-0.27261316776275635,-0.2650947868824005,-0.24597619473934174,-0.278180330991745,-0.18953293561935425,-0.2612569332122803,-0.2680884897708893,0.85832679271698,-0.025946371257305145,-0.20931735634803772,-0.16571630537509918,-0.26001396775245667,0.9453252553939819,1.0935583114624023,-0.2775667607784271,-0.26635903120040894,-0.0781688317656517,-0.27812331914901733,1.401028037071228,4.1565093994140625,-0.27029815316200256,1.1236027479171753,0.8329001665115356,-0.23332825303077698,0.563080906867981,0.02210816740989685,-0.06220421567559242,-0.2766518294811249,0.1390923410654068,2.395461082458496,-0.21298260986804962,-0.21081118285655975,-0.14674502611160278,-0.12489679455757141,-0.0473945215344429,-0.22860440611839294,-0.2046538144350052,-0.16349342465400696,-0.23845326900482178,-0.27182698249816895,-0.2555278539657593,0.09909699857234955,-0.2522125244140625,-0.21754933893680573,-0.12839819490909576,0.378296434879303,-0.14548052847385406,-0.22213537991046906,-0.0884861946105957,-0.1379178762435913,-0.18265458941459656,2.679044485092163,-0.26663076877593994,-0.2662566304206848,-0.23098210990428925,0.015226411633193493,-0.05849457532167435,-0.1278323531150818,-0.14835263788700104,-0.2357710748910904,-0.21964631974697113,-0.25955143570899963,1.104646921157837,-0.2285546362400055,1.1291391849517822,-0.2531854212284088,0.2958464026451111,-0.20080116391181946,-0.18926377594470978,0.14958186447620392,-0.23508507013320923,-0.22725032269954681,-0.2736075222492218,-0.05867273733019829,0.035114530473947525,-0.16216164827346802,0.8522417545318604,-0.11600586771965027,-0.22867324948310852,-0.03115275129675865,-0.2554391026496887,-0.22496704757213593,-0.1251623034477234,-0.26434412598609924,-0.126566544175148,-0.200168639421463,-0.18181702494621277,-0.0594177320599556,-0.2731960713863373,-0.19402308762073517,-0.055537618696689606,0.4732954502105713,0.06882023811340332,-0.23665718734264374,0.2758857309818268,-0.24190126359462738,-0.14396145939826965,-0.09661155194044113,0.09224939346313477
27,691,326,704,338,-0.2784104347229004,-0.17436842620372772,0.24112333357334137,1.469912052154541,-0.05207762494683266,0.6787174344062805,-0.24385541677474976,-0.2771422266960144,-0.1132507398724556,-0.24203011393547058,-0.21127702295780182,-0.25506818294525146,-0.17076565325260162,5.328598976135254,0.5282403230667114,-0.2767956554889679,-0.025027558207511902,1.6804988384246826,-0.27239614725112915,0.07332359254360199,-0.1734628677368164,3.3947365283966064,-0.2782948315143585,-0.14408208429813385,0.6126999855041504,-0.2686798572540283,-0.045523446053266525,-0.2655893564224243,-0.11407407373189926,-0.2634969651699066,-0.23092307150363922,-0.27833589911460876,-0.21682952344417572,0.46225905418395996,-0.27231350541114807,-0.27758729457855225,0.4965125620365143,-0.13154038786888123,-0.13299959897994995,-0.26979944109916687,-0.27672430872917175,0.38570451736450195,0.3781329393386841,0.8413611650466919,-0.1837552785873413,0.5410107970237732,-0.20593227446079254,1.3415565490722656,1.031873345375061,-0.2752370834350586,0.6279370188713074,2.271879196166992,-0.08001886308193207,-0.09122573584318161,-0.2684260308742523,-0.2555646002292633,-0.1800072342157364,-0.2621082067489624,0.625863254070282,-0.2784304618835449,-0.1777724325656891,-0.09991107136011124,-0.26137152314186096,-0.14943291246891022,4.071964740753174,-0.09029385447502136,-0.24053867161273956,-0.05136711522936821,-0.27808043360710144,-0.27798864245414734,1.2901228666305542,-0.2783999741077423,-0.26146283745765686,-0.10020691156387329,-0.2219100296497345,-0.23433519899845123,-0.21062734723091125,-0.22270682454109192,-0.04544974863529205,-0.06449106335639954,2.488508701324463,-0.2509629428386688,-0.270001620054245,-0.2676225006580353,-0.2758745551109314,-0.025580495595932007,-0.09503877907991409,-0.16202670335769653,-0.2760952115058899,-0.24058786034584045,0.44063621759414673,0.24382515251636505,-0.20991335809230804,0.8360949754714966,-0.27484267950057983,-0.05771712213754654,-0.14608676731586456,-0.14306828379631042,0.010072685778141022,-0.16767658293247223,-0.14778640866279602,-0.1677079200744629,0.5828061699867249,0.17954550683498383,-0.26320329308509827,0.16269926726818085,0.9855599999427795,-0.17488308250904083,-0.24077415466308594,-0.25804272294044495,-0.1878853291273117,-0.16931979358196259,-0.26859304308891296,1.8317404985427856,-0.2555065155029297,-0.2544976770877838,-0.14977969229221344,-0.2671199440956116,0.24548380076885223,0.5373216271400452,0.3818422257900238,-0.1269608438014984,-0.275675892829895,1.064835548400879,-0.06873491406440735,-0.27482619881629944,-0.2746160924434662,0.2058318704366684
28,391,313,404,325,0.7036119103431702,-0.27656975388526917,-0.07522115111351013,0.9642852544784546,-0.02385568805038929,-0.26958513259887695,-0.25629496574401855,-0.2692311108112335,-0.25571295619010925,-0.2774283289909363,1.7168550491333008,-0.24682383239269257,-0.27489474415779114,2.2093281745910645,-0.21836984157562256,-0.22495137155056,-0.05105417221784592,-0.08830194175243378,-0.2670999765396118,-0.17750343680381775,-0.27766600251197815,-0.19493287801742554,-0.27828171849250793,-0.2758411467075348,-0.22862772643566132,-0.2755871117115021,-0.2268180400133133,-0.27841007709503174,0.8843733668327332,-0.13396242260932922,-0.23173758387565613,-0.12615343928337097,-0.18865136802196503,0.8082168698310852,-0.222962886095047,-0.2768227458000183,-0.1867302507162094,-0.2741778790950775,-0.2698657512664795,-0.26647260785102844,-0.2622659206390381,-0.17741338908672333,-0.27376413345336914,0.27678951621055603,-0.06446556001901627,-0.271371066570282,-0.2772928476333618,0.8025734424591064,2.3330190181732178,0.35359424352645874,0.09682689607143402,-0.27097412943840027,0.264590322971344,-0.20968346297740936,-0.09935573488473892,-0.2545103132724762,-0.2739153504371643,1.0785260200500488,0.15509000420570374,-0.10285914689302444,0.620563268661499,1.7220864295959473,-0.23108819127082825,0.3861008882522583,3.533641815185547,-0.26785844564437866,-0.27768412232398987,0.8287220597267151,-0.27759599685668945,1.0576634407043457,1.554198145866394,-0.21137988567352295,-0.27796220779418945,0.32119837403297424,-0.13281284272670746,-0.2784506678581238,0.8641384243965149,-0.2783258855342865,0.08994504064321518,-0.18649142980575562,-0.2585827112197876,-0.27319321036338806,-0.24904273450374603,-0.0832073912024498,-0.1414523422718048,-0.23144084215164185,-0.23537597060203552,-0.18477949500083923,-0.1443038433790207,-0.21519744396209717,-0.1842641830444336,-0.02082981914281845,-0.2409750074148178,-0.2648158669471741,-0.27236631512641907,-0.03246934711933136,-0.2744978666305542,-0.21761754155158997,-0.08214843273162842,0.062443915754556656,-0.21555592119693756,-0.11547639966011047,0.244960218667984,1.2347639799118042,-0.2222055345773697,1.538851022720337,0.20173630118370056,-0.26852482557296753,-0.27516984939575195,0.38273459672927856,-0.2506698668003082,-0.27826133370399475,-0.09361658990383148,-0.14543794095516205,0.13705550134181976,-0.24035070836544037,2.233088970184326,-0.20185647904872894,-0.21180331707000732,-0.04347541555762291,-0.08822590857744217,-0.0183979794383049,-0.17277534306049347,0.6916617155075073,0.03276755288243294,-0.169086754322052,0.8537642359733582,-0.2713966965675354
29,413,653,427,666,0.24894405901432037,-0.2475770115852356,0.11290624737739563,1.0133700370788574,-0.15377841889858246,-0.2725776135921478,-0.24506688117980957,-0.1304667741060257,-0.2689533829689026,-0.23343417048454285,0.47202521562576294,-0.23139025270938873,0.48267850279808044,0.004039958585053682,-0.13836783170700073,-0.10480568557977676,-0.190896138548851,-0.15062062442302704,-0.25732895731925964,-0.2773688733577728,-0.2375284880399704,0.07360664755105972,0.3660677373409271,-0.17721259593963623,0.22628253698349,-0.22147658467292786,-0.20533329248428345,-0.25560304522514343,0.023652786388993263,0.4018394351005554,0.0697597861289978,-0.23543325066566467,0.0799882560968399,0.14115720987319946,-0.23996978998184204,-0.23540526628494263,-0.2307078242301941,-0.08495483547449112,-0.27094388008117676,-0.18279100954532623,-0.2769770920276642,-0.1639673113822937,-0.27764156460762024,-0.21216343343257904,0.15702630579471588,-0.2039252370595932,-0.07585266977548599,0.5542733669281006,-0.012120692059397697,-0.11958159506320953,0.26406529545783997,-0.24772535264492035,0.11849229037761688,-0.18110261857509613,0.1042502224445343,-0.1652669608592987,-0.27763617038726807,-0.07416476309299469,-0.06287705898284912,-0.27834975719451904,-0.11991280317306519,0.4989815652370453,-0.09049668163061142,-0.27793633937835693,-0.16546033322811127,-0.16037467122077942,-0.14001797139644623,0.37705594301223755,0.043219469487667084,0.3066772222518921,0.49533596634864807,-0.27513420581817627,-0.22832944989204407,-0.06343591213226318,0.0062833381816744804,-0.27805018424987793,0.17377972602844238,-0.2775692045688629,-0.2628176212310791,-0.24429088830947876,0.058081626892089844,-0.2779235541820526,-0.26585322618484497,-0.2652723789215088,-0.11337471008300781,0.02196815423667431,-0.04815710708498955,-0.18747620284557343,0.16264106333255768,-0.13082623481750488,-0.2518470585346222,0.05891844257712364,0.45709171891212463,-0.2671978771686554,-0.26424935460090637,-0.2603089511394501,-0.2118341624736786,0.916860818862915,-0.1963619738817215,0.16499488055706024,-0.05393983796238899,0.3432266414165497,0.05542737990617752,0.3745495676994324,-0.27293428778648376,0.1801035851240158,0.06971488147974014,-0.26428884267807007,0.029587918892502785,0.008387145586311817,-0.13853533565998077,-0.2602494955062866,-0.2751467227935791,-0.19621296226978302,0.3727664649486542,-0.24465230107307434,0.03445893153548241,-0.2774127721786499,-0.2697591781616211,-0.01889556087553501,-0.1101369559764862,0.7589043378829956,-0.2784642279148102,0.02707352116703987,-0.08368213474750519,0.13298290967941284,-0.18999214470386505,-0.19606918096542358
30,380,882,394,894,0.10148141533136368,-0.2483031153678894,0.033017124980688095,0.8421491384506226,-0.06869273632764816,-0.2685564458370209,-0.16673222184181213,-0.2783760726451874,-0.23657672107219696,-0.27446284890174866,0.9102197289466858,-0.18651093542575836,0.22818174958229065,0.14463235437870026,-0.05180639028549194,-0.20654676854610443,-0.23195946216583252,-0.25383299589157104,-0.1865764856338501,-0.18174710869789124,0.03236589953303337,-0.2766280472278595,0.374872088432312,-0.11719276010990143,0.21679601073265076,-0.16645222902297974,-0.06825436651706696,-0.25070616602897644,0.11840134114027023,0.633760392665863,-0.11292671412229538,-0.1516847014427185,-0.1772148758172989,0.30966871976852417,-0.23912732303142548,-0.23010507225990295,-0.26843443512916565,-0.12812408804893494,-0.27845531702041626,-0.25202345848083496,-0.25810572504997253,-0.2688473165035248,-0.17259395122528076,-0.027384426444768906,0.5156216621398926,-0.2752833664417267,-0.2739322781562805,0.37096232175827026,0.5519668459892273,0.7234624028205872,0.23329748213291168,-0.23850981891155243,0.6365829110145569,-0.2752809524536133,-0.1499503254890442,-0.13525454699993134,-0.2565491795539856,-0.20766156911849976,0.13401225209236145,-0.17256034910678864,-0.05391709879040718,0.9800643920898438,-0.042296960949897766,-0.27636754512786865,0.05388635769486427,-0.14454346895217896,-0.07806020975112915,0.08125471323728561,0.03947112709283829,1.1210108995437622,0.0988873839378357,-0.2718276381492615,-0.10854411870241165,-0.08702994883060455,-0.12273921817541122,-0.2747103273868561,0.18306545913219452,-0.2784600853919983,-0.2784619629383087,-0.10534031689167023,-0.16826273500919342,-0.25526076555252075,-0.266276478767395,-0.04862263798713684,0.05106683820486069,-0.02507731504738331,-0.2784629464149475,-0.15369673073291779,-0.10007444769144058,-0.27436259388923645,-0.15972059965133667,0.05124441906809807,-0.0211749617010355,-0.20502275228500366,-0.27706021070480347,-0.2527066767215729,-0.24827280640602112,-0.14760132133960724,-0.13409246504306793,0.324845552444458,-0.07348388433456421,-0.05219081789255142,-0.00035698997089639306,1.2033008337020874,-0.2542712688446045,-0.13774295151233673,0.0858587846159935,-0.22210651636123657,-0.051234375685453415,-0.046010516583919525,-0.08785563707351685,-0.27038460969924927,-0.27692678570747375,-0.14820796251296997,0.8209037780761719,-0.2750096023082733,2.4640276432037354,-0.18899843096733093,-0.27790647745132446,-0.25590696930885315,-0.07478712499141693,0.3894962668418884,-0.26544666290283203,0.5505673289299011,-0.1680132895708084,0.8522021770477295,-0.2014176845550537,-0.2603771686553955
31,756,797,772,812,0.561037540435791,-0.275980681180954,0.1805076003074646,0.9477607607841492,-0.08394395560026169,-0.2773997187614441,0.002912146272137761,-0.234297975897789,-0.24987542629241943,-0.19438061118125916,0.9144220948219299,-0.20813964307308197,0.25668972730636597,0.15956775844097137,-0.02525024674832821,-0.17266753315925598,-0.2733462452888489,-0.17569732666015625,-0.23761054873466492,-0.25720465183258057,-0.16687151789665222,0.09293615072965622,0.3178215026855469,-0.01607908494770527,0.1503361016511917,-0.22692759335041046,-0.1694612056016922,-0.26755571365356445,0.35085567831993103,0.2647313177585602,-0.12939490377902985,-0.24846023321151733,-0.06711211800575256,0.22018134593963623,-0.2108830213546753,-0.2773100733757019,-0.2630811929702759,0.03876953944563866,-0.2770625948905945,-0.17481553554534912,-0.27145400643348694,-0.23227006196975708,-0.26709461212158203,-0.03571878373622894,0.44742631912231445,-0.2414722591638565,-0.23325592279434204,0.5951557159423828,0.17738863825798035,0.16363127529621124,0.2467716485261917,-0.1509021818637848,0.3313193917274475,-0.18408901989459991,-0.11410436779260635,-0.1687372475862503,-0.27819207310676575,-0.004787378944456577,0.020607274025678635,-0.27011391520500183,0.2679615616798401,0.771493136882782,-0.09108679741621017,-0.23109644651412964,0.6600457429885864,-0.1799134761095047,-0.2608700692653656,0.4234318435192108,0.14721490442752838,0.6662542223930359,1.1190948486328125,-0.2581314444541931,-0.13299618661403656,-0.04284587502479553,0.013919554650783539,-0.27843189239501953,0.4201699197292328,-0.27286845445632935,-0.23380723595619202,-0.14543883502483368,0.1010657399892807,-0.27768921852111816,-0.27683940529823303,-0.2661246061325073,-0.09176021814346313,-0.08346767723560333,-0.2758198380470276,-0.17562301456928253,0.13090436160564423,-0.2633742392063141,-0.24341954290866852,0.0887279063463211,0.3163226246833801,-0.23583610355854034,-0.27796614170074463,-0.2558341920375824,-0.24898728728294373,0.2480551302433014,-0.24976925551891327,0.36306118965148926,-0.03000510111451149,0.2771548926830292,0.18229244649410248,0.9887516498565674,-0.27377215027809143,0.22634509205818176,0.025769639760255814,-0.2773834764957428,-0.14571696519851685,-0.11015891283750534,-0.1468198597431183,-0.27750036120414734,-0.274494469165802,-0.051986388862133026,0.43843725323677063,-0.2631516754627228,0.32485949993133545,-0.2775721549987793,-0.27767878770828247,-0.03242088854312897,-0.0729077011346817,0.531977117061615,-0.27774590253829956,0.2591440975666046,-0.032273486256599426,0.08997013419866562,-0.03287845849990845,-0.22140899300575256
32,375,761,389,774,0.8024283051490784,-0.27846047282218933,0.0227193683385849,0.9706708788871765,-0.0238313227891922,-0.2755097448825836,-0.24879901111125946,-0.2771119475364685,-0.24925926327705383,-0.2656782269477844,1.5699007511138916,-0.25048378109931946,-0.2266976535320282,2.1169188022613525,-0.2195502370595932,-0.16087204217910767,-0.051247525960206985,-0.09546307474374771,-0.2767960727214813,-0.21076945960521698,-0.2544582188129425,-0.12429703772068024,-0.2737213671207428,-0.27834805846214294,-0.21282663941383362,-0.27817296981811523,-0.18011119961738586,-0.2783172130584717,0.9070002436637878,-0.08896313607692719,-0.23028431832790375,-0.15609583258628845,-0.08609634637832642,0.7179502844810486,-0.22097522020339966,-0.27501705288887024,-0.22724415361881256,-0.2247711420059204,-0.2689347267150879,-0.2756144106388092,-0.26509949564933777,-0.18311011791229248,-0.2780328392982483,0.13932567834854126,0.06244916468858719,-0.2580198645591736,-0.27662017941474915,0.8069360256195068,1.9859732389450073,0.30497443675994873,-0.0036076486576348543,-0.24371777474880219,0.23822718858718872,-0.18327175080776215,-0.19493679702281952,-0.18935467302799225,-0.2759473919868469,1.1800744533538818,0.05329665541648865,-0.10703787952661514,0.8203763365745544,1.8674771785736084,-0.13487015664577484,0.08177769184112549,3.6215715408325195,-0.2653256952762604,-0.2634130120277405,0.4932006597518921,-0.24886833131313324,1.0207396745681763,2.054356575012207,-0.2148977667093277,-0.27714428305625916,0.12662124633789062,-0.08203218877315521,-0.26888716220855713,0.7018784880638123,-0.272831529378891,-0.0464806966483593,-0.21144680678844452,-0.2019331157207489,-0.2713316082954407,-0.2765384316444397,-0.19292865693569183,-0.1888868659734726,-0.24821403622627258,-0.2659604549407959,-0.2004753202199936,-0.0670270025730133,-0.24875092506408691,-0.1989680379629135,-0.04054567962884903,-0.2134644240140915,-0.2624782621860504,-0.27438315749168396,-0.17881466448307037,-0.2772022783756256,-0.18075329065322876,-0.1583770364522934,0.14718285202980042,-0.14842602610588074,0.0757439061999321,0.4961321949958801,0.5766534805297852,-0.22456638514995575,1.4679441452026367,0.16551293432712555,-0.24841535091400146,-0.27841755747795105,0.522783637046814,-0.2529533803462982,-0.2767386734485626,-0.12873229384422302,-0.115481436252594,0.244571253657341,-0.2580277621746063,1.5703562498092651,-0.2267468273639679,-0.22029779851436615,0.05257371813058853,-0.08283354341983795,0.16757787764072418,-0.17979630827903748,0.7460448741912842,0.05770641565322876,-0.22205238044261932,0.8366457223892212,-0.26195773482322693
33,230,586,246,601,0.7825298309326172,-0.27393320202827454,-0.007115322630852461,0.9042152166366577,-0.02473238855600357,-0.2781306803226471,-0.08725463598966599,-0.2780449688434601,-0.25031331181526184,-0.25996237993240356,1.417965292930603,-0.2758803069591522,-0.2103431224822998,1.3251978158950806,-0.17257830500602722,-0.21157824993133545,-0.10600937902927399,-0.1394444853067398,-0.2440313696861267,-0.24221165478229523,-0.27678126096725464,-0.1006680428981781,-0.199024960398674,-0.27010679244995117,-0.15928702056407928,-0.27328863739967346,-0.23171690106391907,-0.27796024084091187,0.8825626969337463,0.06737823784351349,-0.2722553312778473,-0.17642104625701904,-0.05972389876842499,0.47526276111602783,-0.2205560803413391,-0.2713024914264679,-0.24753202497959137,-0.08654558658599854,-0.2758377194404602,-0.273796021938324,-0.2704009711742401,-0.22193589806556702,-0.2723652720451355,0.1297135055065155,0.3928069472312927,-0.2632019817829132,-0.2636185884475708,0.6107782125473022,0.968280017375946,0.16528765857219696,0.1691739559173584,-0.18705415725708008,0.4124160408973694,-0.19306811690330505,-0.15989844501018524,-0.23120896518230438,-0.2674359977245331,0.3584134876728058,0.06930007040500641,-0.1880885511636734,0.6574786901473999,1.64203679561615,-0.23107628524303436,0.17919239401817322,2.809170961380005,-0.27380838990211487,-0.26269152760505676,0.5954378247261047,-0.23519086837768555,1.0266846418380737,1.7838764190673828,-0.17835482954978943,-0.2655303478240967,-0.018091587349772453,0.027161920443177223,-0.2772248089313507,0.6982241272926331,-0.27828821539878845,-0.08166312426328659,-0.22841355204582214,-0.2003694325685501,-0.2784501612186432,-0.2746700346469879,-0.23040616512298584,-0.03761053830385208,-0.26121801137924194,-0.27722758054733276,-0.18405507504940033,0.006614161189645529,-0.1843518614768982,-0.1799030303955078,-0.06558839976787567,-0.10315649956464767,-0.23062561452388763,-0.2782936096191406,-0.1591179519891739,-0.27845755219459534,-0.06379324942827225,-0.24916008114814758,0.27350321412086487,-0.11208648979663849,0.3766494393348694,0.2171357125043869,1.3932700157165527,-0.24715109169483185,0.9177870154380798,0.047619715332984924,-0.2605590224266052,-0.26256078481674194,0.3174534738063812,-0.261033833026886,-0.27674272656440735,-0.22256337106227875,0.003121014917269349,0.3914296329021454,-0.25555890798568726,1.3428970575332642,-0.2784210443496704,-0.2651934027671814,0.05762168765068054,-0.06941019743680954,0.11490102112293243,-0.21118035912513733,0.6963530778884888,0.013751011341810226,-0.032521527260541916,0.7350071668624878,-0.25285643339157104
34,383,495,396,508,0.0491190068423748,-0.2609693109989166,-0.1512400060892105,0.9889205098152161,-0.05749823898077011,-0.2777308523654938,-0.041197482496500015,-0.21578404307365417,-0.25204992294311523,-0.23623789846897125,0.8295925259590149,-0.14768846333026886,0.5805830955505371,0.2066432237625122,-0.21987766027450562,-0.17846521735191345,-0.2339150309562683,-0.14260540902614594,-0.20536251366138458,-0.27765941619873047,-0.27397620677948,0.10624609142541885,0.3539440631866455,-0.09515069425106049,0.4391933083534241,-0.2732374668121338,-0.2364490032196045,-0.21235886216163635,-0.13989469408988953,0.2949998676776886,-0.12375170737504959,-0.14385147392749786,0.046818315982818604,0.1765027642250061,-0.27014049887657166,-0.2755871117115021,-0.22782008349895477,-0.010653757490217686,-0.2642675042152405,-0.1082596629858017,-0.2754344940185547,-0.21840648353099823,-0.2728012204170227,-0.21235322952270508,0.1230299100279808,-0.21439588069915771,-0.2576269507408142,0.4100855588912964,0.031988587230443954,-0.016363542526960373,0.6996011137962341,-0.2774966061115265,0.09892807900905609,-0.21098408102989197,-0.11865423619747162,-0.11189865320920944,-0.2556235194206238,-0.12603659927845,-0.13320541381835938,-0.24030672013759613,-0.1544434279203415,0.6762809157371521,-0.05434694513678551,-0.27642643451690674,-0.09542717039585114,-0.21359720826148987,-0.15809226036071777,0.19881883263587952,0.38298192620277405,0.41581764817237854,0.46636658906936646,-0.27574509382247925,-0.25018998980522156,-0.013470284640789032,-0.13334541022777557,-0.27777552604675293,0.10887826979160309,-0.2751140296459198,-0.2771775722503662,-0.1114339679479599,-0.05236031115055084,-0.26081395149230957,-0.2774880528450012,-0.21870411932468414,-0.011295215226709843,-0.19102713465690613,-0.2698919475078583,-0.10579000413417816,0.6699110865592957,-0.27108117938041687,-0.24532105028629303,0.4887452721595764,0.21160076558589935,-0.271401584148407,-0.27035263180732727,-0.27689942717552185,-0.1843787580728531,0.49750787019729614,-0.1469106823205948,0.22841957211494446,-0.0025132184382528067,0.2220447063446045,0.0682208463549614,0.5126212239265442,-0.2732461392879486,-0.058344341814517975,0.00038403106736950576,-0.26076051592826843,0.06312322616577148,-0.011593910865485668,-0.02226220816373825,-0.2756584882736206,-0.27839744091033936,-0.1826314777135849,0.2814160883426666,-0.27049723267555237,0.3284364640712738,-0.27659615874290466,-0.2764674723148346,-0.16189710795879364,0.00011009444278897718,0.5977993011474609,-0.26988521218299866,0.16791360080242157,-0.10058854520320892,0.27662336826324463,-0.27440086007118225,-0.2339601367712021
35,424,679,438,692,-0.1747148334980011,-0.2381753772497177,-0.27576446533203125,1.0407202243804932,-0.036988601088523865,-0.26842066645622253,-0.21673589944839478,-0.25653108954429626,-0.17889370024204254,-0.268837571144104,0.6882911324501038,-0.2494448721408844,-0.2722564935684204,2.658487558364868,-0.22421513497829437,-0.10804548859596252,-0.07062648981809616,-0.058066483587026596,0.08045242726802826,-0.1946600377559662,-0.27588003873825073,-0.2782666087150574,-0.27486127614974976,-0.26064029335975647,-0.039836443960666656,-0.2568943500518799,-0.1907322257757187,-0.27842190861701965,-0.08286069333553314,-0.09522920101881027,-0.14030760526657104,-0.10628011077642441,-0.2370932549238205,0.7272675633430481,-0.2646276652812958,-0.20001983642578125,-0.08768188953399658,-0.23446936905384064,-0.1601548194885254,-0.2624361515045166,-0.2763587534427643,-0.12501193583011627,-0.10602397471666336,-0.1620815247297287,-0.25106093287467957,-0.27076324820518494,-0.25127068161964417,-0.18009193241596222,3.5702242851257324,0.4549197554588318,1.0692743062973022,-0.27819088101387024,0.18165458738803864,-0.25607624650001526,-0.2288958579301834,-0.27073678374290466,-0.27155622839927673,1.511814832687378,1.0327856540679932,-0.09038570523262024,0.529729962348938,2.3535752296447754,-0.07392582297325134,1.6622601747512817,2.6269023418426514,-0.23152802884578705,-0.2767116129398346,1.126953125,-0.2784360349178314,1.5199240446090698,1.0773200988769531,-0.24760732054710388,-0.2536148726940155,-0.14748981595039368,-0.0877717062830925,-0.22452494502067566,-0.27836334705352783,-0.24410560727119446,-0.2520000636577606,-0.20169752836227417,-0.27626579999923706,-0.27779263257980347,-0.1635330319404602,-0.20193935930728912,0.14612890779972076,-0.2770930528640747,-0.2047293484210968,-0.23841606080532074,-0.22712120413780212,-0.26809161901474,-0.2124650478363037,1.020283579826355,-0.23132605850696564,-0.27837321162223816,-0.27560457587242126,-0.08819842338562012,-0.2774018943309784,-0.2742238938808441,0.48049893975257874,-0.13506288826465607,-0.27815619111061096,-0.227325439453125,-0.1725432127714157,0.8489436507225037,-0.12210994213819504,1.777669072151184,-0.16098833084106445,-0.1941264420747757,-0.20898482203483582,2.714102268218994,-0.23238903284072876,-0.27441084384918213,-0.15430885553359985,-0.27798622846603394,0.1197953000664711,-0.1955377757549286,3.1474406719207764,0.21148647367954254,-0.10798723995685577,-0.24944056570529938,-0.05371176451444626,-0.25068041682243347,-0.15213645994663239,1.0352928638458252,0.02502305619418621,-0.2556445598602295,-0.08051769435405731,-0.26763761043548584
36,672,834,686,848,-0.26247361302375793,-0.26985883712768555,0.620593786239624,1.4865363836288452,-0.17727959156036377,-0.2687937915325165,-0.24959921836853027,-0.2776030898094177,-0.2627858519554138,-0.12908829748630524,-0.27578169107437134,-0.23272348940372467,-0.23341414332389832,2.004875659942627,3.552145481109619,-0.2243773639202118,0.3221088647842407,-0.25487956404685974,-0.1747250109910965,0.6548247933387756,-0.19721025228500366,4.4243316650390625,-0.27671435475349426,-0.278460830450058,4.717896461486816,-0.22025153040885925,-0.051540568470954895,-0.2750968337059021,-0.2629600763320923,-0.130057230591774,-0.27210673689842224,-0.27047523856163025,-0.27517005801200867,0.7555393576622009,-0.2645071744918823,-0.23613405227661133,0.6426005363464355,-0.01371715497225523,-0.14991015195846558,-0.2594074010848999,-0.276528537273407,0.586942195892334,0.7662144899368286,-0.03373449668288231,-0.250456839799881,0.5734047293663025,-0.26221731305122375,1.8569563627243042,-0.27484530210494995,-0.20157040655612946,1.2093479633331299,2.1186299324035645,-0.2763938903808594,-0.14321385324001312,1.3706966638565063,-0.15628862380981445,0.4245314598083496,-0.19693559408187866,3.022953510284424,-0.23705308139324188,0.03521990031003952,-0.17009079456329346,-0.27316948771476746,-0.2738133370876312,-0.21675947308540344,-0.24911737442016602,-0.21337519586086273,-0.26658934354782104,-0.2549678385257721,-0.14641247689723969,0.8902270197868347,-0.1441490352153778,-0.22908560931682587,-0.17419429123401642,1.6590101718902588,-0.22026591002941132,-0.2713620662689209,-0.2113763391971588,0.2586512565612793,-0.24615953862667084,-0.12249209731817245,-0.2768099904060364,-0.27745726704597473,-0.17492732405662537,-0.1744040697813034,-0.06372896581888199,-0.25350335240364075,-0.2602105140686035,-0.27845412492752075,-0.250082403421402,-0.22023706138134003,-0.2783958315849304,-0.1208050400018692,0.9030013084411621,-0.27364107966423035,0.7282488346099854,0.359131783246994,-0.2783206105232239,-0.18047639727592468,-0.24265225231647491,2.693528175354004,-0.08018749207258224,0.07556663453578949,-0.05594883859157562,-0.044167082756757736,-0.23304665088653564,0.007594266440719366,-0.21357949078083038,0.22269488871097565,-0.24116335809230804,-0.21776098012924194,0.17274557054042816,-0.08521852642297745,1.1115082502365112,-0.27733516693115234,0.029203660786151886,-0.18319307267665863,-0.2654949426651001,-0.04635436460375786,-0.1379072368144989,0.43684354424476624,0.6942868828773499,-0.26960432529449463,0.460615336894989,-0.2784460186958313,-0.26831695437431335,-0.09463159739971161,0.4417805075645447
37,253,519,267,532,0.26670971512794495,-0.27842894196510315,-0.005929600913077593,0.8935266733169556,-0.11781353503465652,-0.27589648962020874,-0.11246620118618011,-0.2622172236442566,-0.2497558891773224,-0.24286262691020966,0.841270923614502,-0.24537727236747742,0.5105460286140442,0.20970985293388367,-0.09599706530570984,-0.19424408674240112,-0.26199936866760254,-0.23119519650936127,-0.27499625086784363,-0.2588571608066559,-0.12287125736474991,-0.1993919461965561,0.4208463728427887,-0.11071420460939407,0.13428577780723572,-0.08736661821603775,-0.043011460453271866,-0.2641718089580536,0.140907421708107,0.6360048651695251,-0.18989314138889313,-0.18535804748535156,-0.03805733844637871,0.20788007974624634,-0.239382803440094,-0.2766825258731842,-0.2575433552265167,-0.010903844609856606,-0.27659061551094055,-0.16534174978733063,-0.27182814478874207,-0.26118361949920654,-0.22677253186702728,0.106000617146492,0.6492691040039062,-0.27447953820228577,-0.22468502819538116,0.35132744908332825,0.17919468879699707,0.2724895179271698,0.5278825163841248,-0.16044673323631287,0.1655125766992569,-0.244337797164917,-0.19061733782291412,-0.177781343460083,-0.2579176127910614,-0.02567896991968155,0.023926429450511932,-0.2382650077342987,-0.0612669512629509,1.012019395828247,-0.0959191620349884,-0.24727444350719452,0.31602761149406433,0.06003843620419502,-0.02020614966750145,0.2275366634130478,0.09176064282655716,1.158338189125061,0.4624825716018677,-0.274939626455307,-0.1630452275276184,0.16328901052474976,-0.14639124274253845,-0.27622753381729126,0.3904206454753876,-0.2708110213279724,-0.2653612792491913,-0.17263589799404144,-0.16688419878482819,-0.26990383863449097,-0.27362799644470215,-0.03741740435361862,-0.021092135459184647,0.03396905958652496,-0.27111417055130005,-0.16406266391277313,0.10893867164850235,-0.26485753059387207,-0.22292500734329224,0.1611141562461853,0.07225846499204636,-0.2339138239622116,-0.267117440700531,-0.24956409633159637,-0.23033422231674194,0.2605273425579071,-0.20387035608291626,0.350564569234848,0.0923265591263771,0.14809748530387878,0.07246120274066925,0.9383634328842163,-0.27430567145347595,-0.17841677367687225,0.13277840614318848,-0.26186829805374146,0.15498019754886627,-0.03590238094329834,-0.006594088394194841,-0.27344077825546265,-0.2782648205757141,-0.17098845541477203,0.5852817893028259,-0.2759074866771698,1.1249473094940186,-0.26629748940467834,-0.27791208028793335,-0.2126147300004959,-0.0775335282087326,0.39787817001342773,-0.27114763855934143,0.5110607147216797,-0.12490540742874146,0.7481591105461121,-0.13649074733257294,-0.2524288296699524
38,776,355,790,368,-0.2041945457458496,-0.1535148024559021,-0.06672344356775284,0.9309106469154358,-0.03084694780409336,-0.2778851091861725,-0.27389979362487793,-0.2518327534198761,-0.2128387689590454,-0.19174738228321075,1.3715249300003052,-0.2781493365764618,-0.1932048201560974,1.2821851968765259,-0.18768103420734406,-0.23722906410694122,-0.036532606929540634,-0.03048756718635559,1.321045994758606,-0.12909770011901855,-0.1404753476381302,-0.2334185093641281,-0.2376311868429184,-0.24285238981246948,1.8300899267196655,-0.26697444915771484,-0.20946785807609558,-0.13910625874996185,-0.2782808244228363,-0.1493818163871765,-0.217011958360672,-0.08861606568098068,-0.24475058913230896,0.5264212489128113,-0.2781418263912201,-0.20096422731876373,-0.20083799958229065,-0.21714723110198975,-0.23085452616214752,-0.11825964599847794,-0.21008732914924622,-0.16107475757598877,0.5749061107635498,-0.1512659192085266,-0.25061219930648804,-0.27716848254203796,-0.16751176118850708,1.0757137537002563,4.193490028381348,1.752327561378479,0.05224459245800972,-0.2748989462852478,-0.16719993948936462,-0.277193546295166,-0.2758197486400604,-0.028281375765800476,-0.21561291813850403,0.24544687569141388,0.6963897347450256,-0.03970634937286377,1.9827574491500854,0.12942665815353394,0.15053735673427582,-0.20595820248126984,-0.27808162569999695,-0.22465939819812775,-0.05055389925837517,-0.2722795903682709,-0.23838727176189423,1.1186249256134033,-0.1659928411245346,-0.022465160116553307,-0.27806761860847473,0.1066252589225769,0.032656654715538025,-0.2733369767665863,-0.27458062767982483,-0.20388583838939667,-0.27701085805892944,-0.062264055013656616,-0.14992696046829224,-0.27600476145744324,-0.24887552857398987,0.09257259219884872,0.14071445167064667,-0.14720292389392853,-0.10557450354099274,-0.0713532567024231,-0.2635881006717682,-0.2244095355272293,-0.1379578858613968,0.32286661863327026,-0.2526172399520874,-0.2738889157772064,-0.17900702357292175,-0.08270177990198135,-0.27426421642303467,-0.233396515250206,0.4152877926826477,-0.060805920511484146,-0.2350904494524002,-0.18842151761054993,-0.038394421339035034,1.0403714179992676,-0.148464173078537,0.4931322932243347,-0.275047242641449,-0.2227431833744049,0.38319942355155945,0.0021414223592728376,-0.27521324157714844,-0.276617169380188,-0.2518768608570099,-0.2503597140312195,0.3831416964530945,-0.23840513825416565,3.928703784942627,1.2252187728881836,-0.2775603234767914,-0.2747243642807007,-0.047626372426748276,0.2316913902759552,-0.2555032968521118,1.4440101385116577,-0.22212982177734375,-0.15971167385578156,-0.12472756206989288,-0.27698826789855957
39,697,316,710,328,0.6431223750114441,-0.27819904685020447,0.0546904020011425,0.9003850817680359,-0.04074569791555405,-0.2765547037124634,-0.0596168115735054,-0.2734648883342743,-0.2617535889148712,-0.26590222120285034,0.9788244366645813,-0.2630740702152252,-0.046809375286102295,0.4971978962421417,-0.11533857882022858,-0.1826147437095642,-0.24522048234939575,-0.1543363481760025,-0.24338288605213165,-0.26133108139038086,-0.26408934593200684,-0.11805309355258942,0.07737784087657928,-0.19780899584293365,-0.05277576670050621,-0.2355610728263855,-0.19713328778743744,-0.2757851779460907,0.33019739389419556,0.41613614559173584,-0.24523814022541046,-0.18147245049476624,0.018876709043979645,0.28080040216445923,-0.24026446044445038,-0.2760838568210602,-0.2701456844806671,0.024599552154541016,-0.2784532904624939,-0.25455042719841003,-0.26651841402053833,-0.252785861492157,-0.2772930860519409,-0.1800125688314438,0.5035288333892822,-0.2541581988334656,-0.27118250727653503,0.5870362520217896,0.2831650674343109,-0.02308647893369198,0.19829639792442322,-0.2158791720867157,0.1785544455051422,-0.22110776603221893,-0.17080694437026978,-0.16153667867183685,-0.2634323239326477,0.05133895203471184,0.07698053121566772,-0.23355011641979218,0.280211478471756,1.1252892017364502,-0.17945413291454315,-0.15967194736003876,1.2513089179992676,-0.24936142563819885,-0.2665521204471588,0.20499366521835327,-0.1439620405435562,0.7588984966278076,1.2664703130722046,-0.2527013421058655,-0.20831111073493958,-0.06928709894418716,0.055781688541173935,-0.2779828906059265,0.3990413248538971,-0.2777065634727478,-0.25054746866226196,-0.16628648340702057,-0.1393474042415619,-0.2669570744037628,-0.27803850173950195,-0.24790160357952118,-0.009639150463044643,-0.10526973009109497,-0.25369659066200256,-0.1350407749414444,0.09794741123914719,-0.22832666337490082,-0.16986466944217682,0.028098739683628082,-0.013406378217041492,-0.2116500735282898,-0.2775996923446655,-0.22608239948749542,-0.27118444442749023,0.13721996545791626,-0.26110443472862244,0.42709195613861084,0.011634448543190956,0.39003580808639526,0.11536604911088943,0.7279388308525085,-0.27617040276527405,0.371334969997406,0.00885965209454298,-0.2336481660604477,-0.18676601350307465,0.0788000151515007,-0.27648308873176575,-0.2744171917438507,-0.2721770405769348,-0.12771522998809814,0.5442865490913391,-0.266119122505188,0.9407421350479126,-0.27738890051841736,-0.2755946218967438,-0.05866219103336334,-0.10377202928066254,0.44884875416755676,-0.26439324021339417,0.4673546552658081,-0.10179745405912399,0.1541687548160553,0.1592354029417038,-0.2339833825826645
40,257,712,271,725,0.6852531433105469,-0.25541457533836365,-0.04893428832292557,1.2702183723449707,-0.06754763424396515,-0.2398962378501892,-0.1887018382549286,-0.2778874337673187,-0.13615742325782776,-0.2715001106262207,-0.030075114220380783,-0.22777552902698517,-0.2164093405008316,4.834859848022461,0.5028818249702454,-0.25873303413391113,-0.018213514238595963,-0.26374220848083496,-0.26958584785461426,-0.2757837772369385,-0.23218828439712524,2.3631532192230225,-0.25968459248542786,-0.2642022669315338,-0.24443355202674866,-0.27186354994773865,-0.1118248850107193,-0.23138737678527832,1.0032479763031006,-0.27421170473098755,-0.2388874739408493,-0.27842995524406433,-0.2592330276966095,0.9642956852912903,-0.27222055196762085,-0.24411562085151672,0.3862867057323456,-0.13903436064720154,-0.2494458556175232,-0.23033183813095093,-0.2564505338668823,0.2267935574054718,-0.263051837682724,0.8225256204605103,-0.2392125278711319,0.11804350465536118,-0.2290409356355667,1.2552739381790161,0.050831105560064316,-0.2562572956085205,0.7107966542243958,1.2696774005889893,-0.00016836966096889228,-0.2118046134710312,0.03179202601313591,-0.029340025037527084,-0.2580374479293823,0.06870067119598389,0.40907910466194153,-0.22725827991962433,-0.2752419114112854,0.40624189376831055,-0.2752484977245331,0.32435721158981323,5.666482925415039,-0.0654640719294548,-0.17406409978866577,0.9308133721351624,-0.2036694884300232,-0.23069216310977936,2.5973386764526367,-0.1400124579668045,-0.24107792973518372,-0.23390081524848938,0.09932541102170944,-0.27423402667045593,2.027069091796875,-0.2663554847240448,0.9097412824630737,-0.11585813015699387,0.08743592351675034,-0.26792579889297485,-0.25994524359703064,-0.25339916348457336,-0.1940963864326477,-0.07592663913965225,-0.1328669935464859,-0.27837586402893066,-0.27790698409080505,-0.27726078033447266,-0.2707677185535431,-0.2445785403251648,-0.26494038105010986,0.026430871337652206,-0.2386956363916397,0.381075382232666,-0.15645912289619446,-0.23575878143310547,-0.17761105298995972,-0.16485635936260223,0.4371148347854614,-0.22470363974571228,0.1967668980360031,0.7028365731239319,-0.15776985883712769,0.5171716213226318,0.7030147314071655,-0.24443988502025604,-0.23364204168319702,-0.11400512605905533,-0.20129279792308807,-0.16479118168354034,-0.27783888578414917,0.7970561385154724,-0.27821987867355347,-0.19868212938308716,-0.24873891472816467,-0.2721881568431854,-0.07018285989761353,0.15598326921463013,0.16944265365600586,-0.17856109142303467,-0.13274574279785156,0.31158608198165894,-0.09348804503679276,-0.27174705266952515,0.6922180652618408,0.0193073321133852
41,440,393,452,404,0.030403222888708115,-0.21378526091575623,1.195661187171936,0.9607307314872742,-0.00740241352468729,-0.2543754279613495,-0.27005520462989807,-0.27403759956359863,-0.2208549827337265,-0.2290940135717392,4.097463130950928,-0.26963305473327637,-0.16276468336582184,1.8825924396514893,-0.23771511018276215,-0.26291704177856445,-0.020546291023492813,-0.09241926670074463,-0.2416052520275116,-0.11977531760931015,-0.2653392553329468,0.038206152617931366,-0.1925964206457138,-0.2663991153240204,0.049803365021944046,-0.258497416973114,0.30281245708465576,-0.18495526909828186,2.157592296600342,-0.22778938710689545,-0.14653615653514862,-0.014391176402568817,-0.24702872335910797,0.6269024014472961,-0.2775741219520569,-0.1419418901205063,-0.08322083950042725,-0.10382193326950073,-0.12676440179347992,-0.25148624181747437,-0.27741971611976624,-0.08201340585947037,-0.09505442529916763,2.6576733589172363,-0.27178657054901123,-0.2589820623397827,-0.16801993548870087,2.463698387145996,2.8230597972869873,1.772383689880371,-0.2682746648788452,-0.27617347240448,0.4463542103767395,0.11229504644870758,-0.17018607258796692,-0.1052006334066391,-0.2686169445514679,0.7003045678138733,-0.21841250360012054,-0.06088431179523468,0.6881511211395264,1.0854216814041138,-0.18851451575756073,0.021504269912838936,3.1435306072235107,-0.2396930754184723,-0.19964487850666046,0.9044855833053589,-0.01816815696656704,1.9304239749908447,1.4816855192184448,0.3378061354160309,-0.17903320491313934,0.2834797203540802,-0.2771616578102112,-0.27558624744415283,-0.24192942678928375,-0.24728712439537048,1.6972570419311523,-0.10159052908420563,-0.268310546875,-0.23763054609298706,-0.27783825993537903,-0.1646120250225067,-0.047198254615068436,-0.015041803009808064,-0.06186094880104065,-0.1598522812128067,-0.19746969640254974,-0.2621687948703766,-0.18093949556350708,-0.2782791256904602,-0.22752909362316132,-0.2752979099750519,-0.27730506658554077,-0.09336071461439133,-0.27666327357292175,0.23189561069011688,0.12261009216308594,-0.07761380076408386,-0.19574883580207825,-0.2349836528301239,4.1173529624938965,1.1399309635162354,-0.16551367938518524,-0.13436581194400787,0.3818013370037079,-0.18898122012615204,-0.274224191904068,-0.273917555809021,-0.14612945914268494,-0.27676764130592346,-0.19860684871673584,0.3073718547821045,0.05267244949936867,-0.2781181335449219,1.0839358568191528,-0.27589184045791626,0.1348372995853424,-0.22974461317062378,-0.12181262671947479,0.10083350539207458,-0.13628453016281128,0.9232409000396729,0.11125563830137253,-0.11816427111625671,-0.12445475161075592,-0.27348819375038147
42,793,360,806,374,-0.24553778767585754,-0.19367417693138123,0.5990253686904907,0.8728316426277161,-0.050483036786317825,-0.2563205063343048,-0.16510196030139923,-0.2408062368631363,-0.27807390689849854,-0.21987196803092957,0.5568804144859314,-0.25358474254608154,-0.0719192773103714,2.379990577697754,-0.24198366701602936,-0.27802038192749023,-0.09884438663721085,-0.2635899484157562,0.4767121374607086,-0.03966799005866051,-0.09926322102546692,-0.2687358558177948,-0.12544582784175873,-0.17517587542533875,2.577117681503296,-0.278048038482666,-0.07755539566278458,0.15514563024044037,-0.2697802186012268,0.8209570646286011,-0.277164101600647,-0.1864665299654007,1.541468620300293,0.37862250208854675,-0.2580069303512573,-0.26297053694725037,-0.27806252241134644,4.980202674865723,-0.25904884934425354,1.3419994115829468,-0.14696109294891357,-0.24664191901683807,-0.24290035665035248,-0.23441794514656067,-0.13933336734771729,2.8466458320617676,-0.12402578443288803,1.751164436340332,-0.1683124601840973,0.03400213271379471,1.1383814811706543,-0.053538739681243896,2.3058218955993652,-0.27313241362571716,2.562981128692627,-0.06414202600717545,-0.2696172297000885,-0.27042704820632935,0.27363479137420654,-0.22310516238212585,-0.27786576747894287,0.744412899017334,-0.1879217028617859,-0.12551361322402954,-0.055470798164606094,-0.07878472656011581,-0.0706062987446785,-0.14110450446605682,-0.1102675050497055,-0.20628482103347778,0.35653501749038696,-0.1629619598388672,-0.21180203557014465,1.1990128755569458,-0.23074090480804443,-0.2711051404476166,-0.27844393253326416,-0.27845823764801025,-0.09346465766429901,-0.10724592208862305,0.022295363247394562,-0.27335217595100403,-0.25305303931236267,4.939324378967285,0.49343380331993103,-0.11084600538015366,-0.032298702746629715,-0.004657308105379343,6.570480823516846,-0.13748492300510406,-0.21874409914016724,1.483530044555664,-0.19600088894367218,-0.2241738885641098,0.09119188785552979,-0.19578112661838531,-0.27844634652137756,-0.2598841190338135,0.005295020993798971,0.048916932195425034,0.5919927358627319,-0.27757173776626587,1.085113525390625,0.9295573830604553,3.545830726623535,1.7006332874298096,-0.19264158606529236,-0.1899586021900177,-0.27765512466430664,-0.022882461547851562,-0.27834391593933105,-0.26616987586021423,-0.27175140380859375,-0.27206704020500183,0.9556625485420227,-0.012964586727321148,0.844161331653595,1.2086529731750488,-0.09802526980638504,-0.09739425033330917,-0.02378106117248535,1.2670141458511353,-0.22801877558231354,0.119803786277771,-0.24199426174163818,2.4178688526153564,-0.26318639516830444,-0.22229309380054474
43,528,890,542,904,1.885847568511963,-0.2419595569372177,-0.04374579340219498,0.8957718014717102,-0.013238056562840939,-0.27803173661231995,-0.2484753280878067,-0.2691352367401123,-0.19736607372760773,-0.27840226888656616,0.41068604588508606,-0.24467740952968597,-0.2663012444972992,1.6927064657211304,-0.15667136013507843,-0.1964767724275589,-0.05347283557057381,-0.2780625820159912,-0.1308968961238861,-0.1600722074508667,-0.265127956867218,0.14047209918498993,-0.2627353072166443,-0.27634021639823914,-0.23349066078662872,-0.07247475534677505,-0.2644837200641632,-0.27252060174942017,1.1077287197113037,0.5021896958351135,-0.2671332359313965,-0.20886734127998352,0.10194382816553116,0.13990984857082367,-0.2652539312839508,-0.2642175555229187,-0.23125430941581726,0.09051517397165298,-0.26515939831733704,-0.22436529397964478,-0.27457326650619507,-0.23029111325740814,-0.17191976308822632,0.2873915731906891,0.13504338264465332,-0.2265445739030838,-0.2754274606704712,0.4974285662174225,-0.14566999673843384,-0.2121250033378601,0.1761738359928131,0.19487769901752472,0.30517974495887756,-0.1943974643945694,-0.1012704148888588,-0.252834290266037,-0.2582200765609741,-0.17547059059143066,-0.12976109981536865,-0.23751607537269592,-0.04584641754627228,1.2525452375411987,-0.2753955125808716,-0.18392561376094818,4.208798408508301,-0.2621004581451416,-0.12739111483097076,0.9417587518692017,-0.2751345932483673,0.45673900842666626,2.507582187652588,-0.033805184066295624,-0.2583552598953247,-0.2762414216995239,0.06535189598798752,-0.2639264166355133,1.30398690700531,-0.24261002242565155,-0.1456419676542282,-0.0944032296538353,-0.061665453016757965,-0.24498175084590912,-0.27780821919441223,-0.2573941946029663,0.07599224895238876,-0.27802929282188416,-0.1817977875471115,-0.1344802975654602,0.005196893122047186,-0.2784630060195923,-0.09708574414253235,-0.25377368927001953,-0.2337578535079956,-0.23894299566745758,-0.2754260003566742,-0.08329182863235474,-0.27799850702285767,-0.18991287052631378,-0.2602163553237915,0.3830908536911011,0.30449604988098145,1.0038363933563232,0.2719621956348419,1.4290531873703003,-0.26038816571235657,0.1657332479953766,0.03122873604297638,-0.1657572239637375,-0.2751801908016205,0.08147002756595612,-0.2551329433917999,-0.27667781710624695,-0.27638235688209534,1.0457789897918701,0.10922515392303467,-0.19232866168022156,0.2572055459022522,-0.26183047890663147,-0.26641741394996643,0.17749731242656708,-0.04609048366546631,-0.034003712236881256,-0.16515137255191803,0.9827895760536194,-0.0661243423819542,-0.20370835065841675,1.622968316078186,-0.17148715257644653
44,537,553,551,566,0.5592091083526611,-0.27653080224990845,0.20555537939071655,0.9344726800918579,-0.03453020378947258,-0.27846428751945496,-0.10786647349596024,-0.2772437334060669,-0.2510167062282562,-0.2748825252056122,1.628650188446045,-0.26142263412475586,-0.033362749963998795,1.2216342687606812,-0.21377801895141602,-0.14412273466587067,-0.1322295367717743,-0.08610498905181885,-0.20186536014080048,-0.2151760458946228,-0.27349984645843506,-0.27070140838623047,-0.195311039686203,-0.24090148508548737,-0.07710251212120056,-0.26532548666000366,-0.22707156836986542,-0.254756361246109,0.6541552543640137,0.08493033051490784,-0.2780577540397644,-0.1002732515335083,-0.09026068449020386,0.7049339413642883,-0.23126418888568878,-0.27218112349510193,-0.2363237887620926,-0.1370142698287964,-0.2777138650417328,-0.27015864849090576,-0.26158231496810913,-0.22562964260578156,-0.25542691349983215,0.3306735157966614,0.5260339379310608,-0.27778360247612,-0.2716221213340759,0.7158228158950806,1.5060741901397705,0.5010372996330261,0.0696229636669159,-0.2767924964427948,0.3223479092121124,-0.24857130646705627,-0.19890202581882477,-0.2321363091468811,-0.27030816674232483,0.5959742665290833,0.001450477633625269,-0.12748105823993683,1.4341645240783691,1.8714714050292969,-0.18267539143562317,0.7609544396400452,2.398332118988037,-0.2417570948600769,-0.19943374395370483,0.45170071721076965,-0.21700862050056458,1.394776701927185,1.4780434370040894,-0.2020111232995987,-0.25712448358535767,0.19418928027153015,-0.17042595148086548,-0.2762366235256195,0.5066607594490051,-0.264252632856369,-0.1806773990392685,-0.22565479576587677,-0.23727872967720032,-0.2715791165828705,-0.27209874987602234,-0.1260099858045578,-0.22946740686893463,-0.22570829093456268,-0.25287190079689026,-0.19094513356685638,-0.08470088243484497,-0.24268659949302673,-0.2310480922460556,-0.06577667593955994,-0.21770644187927246,-0.24230358004570007,-0.263374924659729,-0.19589334726333618,-0.2770352065563202,-0.1300329864025116,-0.07032479345798492,0.18016311526298523,-0.17866018414497375,0.126022607088089,0.36987435817718506,1.2488406896591187,-0.2494356334209442,1.0370253324508667,0.10932907462120056,-0.23206201195716858,-0.0904308557510376,0.6643078327178955,-0.277996301651001,-0.27576136589050293,-0.1065124124288559,-0.1649758368730545,0.5667704939842224,-0.250553697347641,2.9105923175811768,-0.20785978436470032,-0.26919376850128174,-0.21773628890514374,-0.11516615003347397,0.0858803391456604,-0.23721911013126373,0.7358059287071228,0.0591745600104332,0.2307446002960205,0.1695731282234192,-0.27121666073799133
45,400,451,412,462,-0.07187801599502563,-0.18959487974643707,0.5492002964019775,1.64347243309021,-0.12202005088329315,-0.2652580738067627,-0.27773821353912354,-0.2768217921257019,-0.07808370143175125,-0.2776034474372864,-0.24556568264961243,-0.1632877141237259,-0.23212221264839172,3.412768840789795,2.8209762573242188,-0.21968156099319458,-0.17720766365528107,1.4973193407058716,-0.27767595648765564,0.08386705070734024,-0.1625121384859085,4.515320777893066,-0.2335212677717209,0.3867957592010498,4.1236958503723145,-0.19507372379302979,0.21314194798469543,-0.27446407079696655,-0.22263513505458832,-0.1575518548488617,-0.2613649368286133,-0.27687638998031616,-0.010403046384453773,-0.07841196656227112,-0.2784551680088043,-0.16029392182826996,0.6605049967765808,-0.018244072794914246,-0.08331220597028732,-0.2423541247844696,-0.27727964520454407,0.5171292424201965,0.903627872467041,-0.011984621174633503,-0.0603361576795578,1.3293172121047974,-0.21809080243110657,2.1196115016937256,-0.16014507412910461,-0.20067189633846283,-0.059440404176712036,0.43694326281547546,-0.2224263697862625,-0.039335690438747406,-0.26995643973350525,-0.17151141166687012,-0.2183915376663208,-0.14360378682613373,0.4204399883747101,-0.2066282033920288,-0.26724106073379517,-0.20816412568092346,-0.19987162947654724,0.016120895743370056,-0.023514052852988243,-0.12290902435779572,-0.1274876743555069,-0.22383765876293182,-0.20898136496543884,-0.15208211541175842,0.8558189868927002,-0.27113860845565796,-0.27652403712272644,-0.038806647062301636,0.4434828460216522,-0.22769083082675934,-0.06440988928079605,-0.18370607495307922,-0.2017950415611267,-0.08079168945550919,0.9930803775787354,-0.2780360281467438,-0.26780861616134644,-0.23282063007354736,-0.233564093708992,-0.03528667613863945,-0.0789979100227356,-0.08890165388584137,0.10494942218065262,-0.278403103351593,-0.17618481814861298,-0.27513614296913147,-0.04626810923218727,1.0777618885040283,-0.2596091628074646,-0.07898670434951782,0.641476571559906,-0.11848205327987671,-0.05204574018716812,-0.2542177736759186,2.6587953567504883,-0.029269706457853317,0.4458840489387512,-0.12303747236728668,-0.03760374337434769,-0.18483377993106842,0.5934672951698303,-0.25144585967063904,0.47063934803009033,-0.1357985883951187,-0.07106931507587433,0.011565557681024075,-0.24148081243038177,3.8331384658813477,-0.19940628111362457,-0.03837594762444496,-0.0834566131234169,-0.24731898307800293,0.08982996642589569,0.446478933095932,0.8044625520706177,0.7391578555107117,-0.2555885314941406,1.1815496683120728,-0.1420409232378006,-0.13293802738189697,-0.04175320267677307,1.2110110521316528
46,429,374,442,385,0.20849435031414032,-0.2782060503959656,0.11090754717588425,0.9239897131919861,-0.10262308269739151,-0.2784343659877777,-0.08942686021327972,-0.24124830961227417,-0.26858723163604736,-0.2539371848106384,0.8184987902641296,-0.21107204258441925,0.38944992423057556,0.23568224906921387,-0.06719181686639786,-0.2017192393541336,-0.25743845105171204,-0.21747002005577087,-0.27827927470207214,-0.2543856203556061,-0.21919876337051392,-0.14241638779640198,0.4008769989013672,-0.16130521893501282,0.2642959654331207,-0.1508956253528595,-0.16056287288665771,-0.2329554706811905,0.18467244505882263,0.6511513590812683,0.10647845268249512,-0.14648082852363586,-0.013804773800075054,0.055571574717760086,-0.2568611800670624,-0.27676257491111755,-0.24015486240386963,-0.07041282951831818,-0.27828285098075867,-0.15246298909187317,-0.2575066387653351,-0.24964308738708496,-0.25224968791007996,-0.060303691774606705,0.4181661307811737,-0.25761011242866516,-0.22491753101348877,0.5161389112472534,0.16813720762729645,0.13286451995372772,0.5159942507743835,-0.21232672035694122,0.2342831939458847,-0.2421465665102005,-0.0979931652545929,-0.17179608345031738,-0.25819873809814453,-0.1988525092601776,0.021379249170422554,-0.25226595997810364,-0.15698379278182983,0.7777078747749329,-0.19326886534690857,-0.23624251782894135,0.13605093955993652,-0.08277192711830139,-0.03753361850976944,0.17050321400165558,0.032047711312770844,0.7688975930213928,0.3202546536922455,-0.2783742845058441,-0.18360376358032227,-0.1388368308544159,-0.13189668953418732,-0.2776138186454773,0.5428931713104248,-0.2770833373069763,-0.257515549659729,-0.13583266735076904,-0.09283626079559326,-0.2637929916381836,-0.27672821283340454,-0.1869857907295227,0.033187512308359146,0.08671297878026962,-0.2547511160373688,-0.1560181975364685,0.126683309674263,-0.27389413118362427,-0.22230571508407593,-0.01908452995121479,0.15940332412719727,-0.2500818967819214,-0.25955668091773987,-0.26079803705215454,-0.22297167778015137,0.14972570538520813,-0.14201563596725464,0.29944682121276855,0.010750270448625088,0.33495911955833435,0.008770736865699291,0.861016571521759,-0.2784220576286316,-0.036391329020261765,0.14610816538333893,-0.24842536449432373,0.16301393508911133,-0.04542015492916107,-0.1403983235359192,-0.27427545189857483,-0.27844780683517456,-0.059513386338949203,0.403037428855896,-0.2674905061721802,1.2286345958709717,-0.2766246199607849,-0.2760424315929413,-0.17814543843269348,-0.04901942238211632,0.37844333052635193,-0.2766277492046356,0.305550217628479,-0.1457112729549408,0.6488021612167358,-0.12561924755573273,-0.2336626648902893
47,730,198,742,210,-0.26942598819732666,-0.1884675770998001,0.21062242984771729,0.8777886033058167,-0.032280150800943375,-0.2702481150627136,-0.2725578248500824,-0.26818472146987915,-0.23007722198963165,-0.21510820090770721,1.9237511157989502,-0.251214861869812,-0.21033409237861633,1.774781584739685,-0.19631777703762054,-0.1795312911272049,-0.031344376504421234,-0.0733497217297554,0.8026265501976013,-0.12243778258562088,-0.11534000933170319,-0.25534963607788086,-0.23161581158638,-0.2556801438331604,0.31166473031044006,-0.26854416728019714,-0.18939773738384247,-0.17692391574382782,0.06504261493682861,-0.2205072045326233,-0.26074275374412537,-0.0892653614282608,-0.2710930109024048,0.8877612948417664,-0.2723538875579834,-0.21519696712493896,-0.24263422191143036,-0.27798178791999817,-0.2319527119398117,-0.21469949185848236,-0.21191196143627167,-0.21753349900245667,0.2414688616991043,0.2960301637649536,-0.2253018021583557,-0.27846336364746094,-0.21055395901203156,1.0204637050628662,3.174239158630371,1.208330750465393,-0.04382259398698807,-0.2743455767631531,0.33686426281929016,-0.2771775722503662,-0.2166549265384674,-0.10663294047117233,-0.2695491313934326,0.13161753118038177,0.4028972387313843,-0.051126834005117416,1.8252055644989014,1.1669282913208008,-0.08085586875677109,0.773303210735321,0.6947373151779175,-0.18143697082996368,-0.20212839543819427,0.07085538655519485,-0.26542729139328003,1.2677509784698486,0.2833063006401062,0.0008160488796420395,-0.2751702070236206,0.017975501716136932,-0.15194933116436005,-0.2719782590866089,-0.10615284740924835,-0.2538755536079407,-0.23388200998306274,-0.09927592426538467,-0.184663325548172,-0.27420172095298767,-0.27697858214378357,0.1801777184009552,-0.15218773484230042,-0.24025675654411316,-0.16626234352588654,-0.1759711652994156,-0.27788421511650085,-0.26760146021842957,-0.16477257013320923,0.051355086266994476,-0.2761198878288269,-0.2427799552679062,-0.25795435905456543,-0.12450147420167923,-0.2642389237880707,-0.26848724484443665,0.3597404658794403,0.05039239674806595,-0.27630695700645447,-0.25169768929481506,0.2037840336561203,1.2218939065933228,-0.1553616225719452,0.9260218143463135,-0.22545914351940155,-0.26012420654296875,-0.020391881465911865,0.39697694778442383,-0.27340227365493774,-0.27746689319610596,-0.2655724883079529,-0.20812663435935974,0.5132677555084229,-0.2592591643333435,4.336721897125244,0.5699328184127808,-0.2567368745803833,-0.27728623151779175,-0.13869398832321167,0.038993753492832184,-0.23624646663665771,1.1262646913528442,-0.12380549311637878,-0.10635757446289062,-0.2602996230125427,-0.27601706981658936
48,369,424,381,436,0.5179111361503601,-0.220559224486351,-0.10302523523569107,1.3234962224960327,-0.04570401459932327,-0.1856108009815216,-0.11808203905820847,-0.27844560146331787,-0.08571691811084747,-0.27808988094329834,-0.16231800615787506,-0.18287742137908936,-0.19365212321281433,5.368619441986084,0.66498863697052,-0.2602357864379883,-0.009234728291630745,-0.08081477880477905,-0.2673884332180023,-0.2660903334617615,-0.22091537714004517,2.706373453140259,-0.23647351562976837,-0.2633878290653229,-0.22421002388000488,-0.27208006381988525,-0.06951075047254562,-0.21778565645217896,0.7631660103797913,-0.2755349278450012,-0.2516368627548218,-0.262238085269928,-0.2537074685096741,0.88307124376297,-0.2765878736972809,-0.2607336938381195,0.5195799469947815,-0.1243068277835846,-0.24548500776290894,-0.26183825731277466,-0.254670113325119,0.3377392590045929,-0.26094159483909607,0.6700659990310669,-0.27471864223480225,0.33054250478744507,-0.2754361629486084,1.2059754133224487,-0.060604028403759,-0.24497877061367035,0.7666081190109253,1.5021048784255981,0.04621566832065582,-0.1983858197927475,-0.11770526319742203,-0.053636472672224045,-0.25213247537612915,-0.210855171084404,0.18487289547920227,-0.21550680696964264,-0.25752848386764526,0.30506476759910583,-0.27663296461105347,0.011800937354564667,6.084347248077393,-0.04602808505296707,-0.11870454996824265,0.7942716479301453,-0.2068040370941162,-0.23617704212665558,2.5573890209198,-0.13752341270446777,-0.24506378173828125,-0.16831733286380768,0.1232682466506958,-0.2780255973339081,2.0681838989257812,-0.2630828320980072,0.9367223381996155,-0.0709247812628746,0.30273234844207764,-0.2766581177711487,-0.26790323853492737,-0.2138071358203888,-0.21659475564956665,-0.0469941720366478,-0.10570470243692398,-0.27551189064979553,-0.2782242000102997,-0.2779059112071991,-0.2707920968532562,-0.2606160044670105,-0.2572666108608246,0.19734875857830048,-0.20920656621456146,0.45438152551651,-0.13715523481369019,-0.1994171142578125,-0.15400247275829315,-0.19775034487247467,0.4657735526561737,-0.20868919789791107,0.2575571835041046,0.7493595480918884,-0.15390998125076294,0.30424371361732483,1.2204078435897827,-0.24646303057670593,-0.18670223653316498,-0.19863198697566986,-0.17051547765731812,-0.10423368215560913,-0.27686607837677,1.3523751497268677,-0.2728826105594635,-0.15807685256004333,-0.272218257188797,-0.2739444673061371,0.13495707511901855,0.32484152913093567,0.29348862171173096,-0.20517781376838684,-0.1374993771314621,0.41497981548309326,-0.054458849132061005,-0.2699703276157379,0.4836064279079437,0.15028992295265198
49,759,221,772,233,0.7287945747375488,-0.2528548538684845,0.088624007999897,0.9320502877235413,-0.07784295827150345,-0.25774773955345154,-0.061824552714824677,-0.2570476233959198,-0.2633551061153412,-0.2131485641002655,0.6782185435295105,-0.22679255902767181,0.18208570778369904,0.39774706959724426,-0.014708956703543663,-0.18211476504802704,-0.2503679096698761,-0.19248360395431519,-0.2431296855211258,-0.2779395878314972,-0.25558921694755554,0.03506971150636673,0.10456261783838272,-0.13724839687347412,0.12960638105869293,-0.16931208968162537,-0.233341246843338,-0.24772854149341583,0.2785699665546417,0.6320241689682007,-0.17843271791934967,-0.24778199195861816,-0.0406903512775898,0.13024817407131195,-0.2298627644777298,-0.277204304933548,-0.25859206914901733,0.10630159080028534,-0.2652648389339447,-0.24442675709724426,-0.26244300603866577,-0.24039049446582794,-0.2611173391342163,-0.012133227661252022,0.4497077465057373,-0.2134728580713272,-0.12612131237983704,0.6193149089813232,0.07518698275089264,-0.09968340396881104,0.3623436689376831,-0.10776449739933014,0.4475821554660797,-0.17268122732639313,0.09583137929439545,-0.1677575558423996,-0.2767632305622101,0.005046737380325794,0.016616566106677055,-0.21832671761512756,0.1407053917646408,0.8488958477973938,-0.13109199702739716,-0.23292145133018494,1.1344538927078247,-0.12892089784145355,-0.2759266495704651,0.34589138627052307,-0.06036609038710594,0.3675285577774048,1.194731593132019,-0.2716403007507324,-0.1866893470287323,-0.08720571547746658,-0.012477646581828594,-0.27717217803001404,0.7509050965309143,-0.27032387256622314,-0.22294169664382935,-0.15330903232097626,0.09642960876226425,-0.2700240910053253,-0.2744021415710449,-0.24513891339302063,0.25059935450553894,-0.11900459229946136,-0.2766707241535187,-0.18282663822174072,0.18270786106586456,-0.27312326431274414,-0.21594206988811493,0.03461751341819763,0.26957717537879944,-0.2434074729681015,-0.27819350361824036,-0.25003722310066223,-0.2431413233280182,0.15022389590740204,-0.2671813666820526,0.42550793290138245,0.04023171588778496,0.7219592332839966,0.07511769980192184,0.9393259286880493,-0.26315683126449585,0.2979893386363983,0.007748527452349663,-0.27508842945098877,-0.14493615925312042,-0.08926952630281448,-0.19322431087493896,-0.27843204140663147,-0.27201077342033386,0.10874412953853607,0.3824676275253296,-0.26647570729255676,0.333824098110199,-0.2740685045719147,-0.27825531363487244,-0.027806086465716362,-0.0652480348944664,0.49975016713142395,-0.27384573221206665,0.4390932023525238,-0.01816387288272381,0.23457929491996765,0.12089959532022476,-0.2275000959634781
50,282,592,295,605,-0.24857467412948608,-0.16194549202919006,-0.2772838771343231,0.8585728406906128,-0.027255073189735413,-0.26738566160202026,-0.2474149912595749,-0.23796464502811432,-0.1799117624759674,-0.2535732686519623,0.9349409937858582,-0.27845698595046997,-0.194286048412323,-0.053474847227334976,-0.030076485127210617,-0.23007752001285553,-0.029125584289431572,-0.1142108365893364,0.3552961051464081,-0.1111687570810318,-0.19148094952106476,-0.21367067098617554,-0.2132875770330429,0.20989562571048737,1.9444562196731567,-0.23649708926677704,-0.2732100784778595,-0.17008836567401886,-0.27236077189445496,0.24279215931892395,-0.26939547061920166,-0.12174372375011444,-0.2677769660949707,0.1923321783542633,-0.2784641981124878,-0.15472830832004547,-0.26377949118614197,-0.26088017225265503,-0.2080191969871521,-0.16156141459941864,-0.2169215828180313,-0.23578551411628723,0.07859712094068527,-0.2563686668872833,-0.09079887717962265,-0.26768168807029724,-0.10179706662893295,0.7906680703163147,2.9430344104766846,1.759618878364563,-0.15982367098331451,-0.24207831919193268,-0.24881020188331604,-0.2644875943660736,-0.2704085409641266,-0.022321147844195366,-0.17237317562103271,-0.11905121803283691,-0.1589800864458084,-0.050993479788303375,1.5780107975006104,-0.0479222871363163,0.07134465873241425,-0.2683849632740021,-0.2613976299762726,-0.26209333539009094,-0.17976117134094238,-0.2755092978477478,0.5060877799987793,1.210490107536316,-0.08853964507579803,-0.07839535176753998,-0.19935394823551178,-0.27024826407432556,-0.08898073434829712,-0.24968409538269043,-0.2644404470920563,-0.17218539118766785,-0.24237164855003357,-0.04627776890993118,-0.12948858737945557,-0.2553788423538208,-0.2202870398759842,0.06307469308376312,0.864068329334259,-0.2319485992193222,-0.0781937837600708,-0.032246191054582596,-0.2674129009246826,-0.1836894303560257,-0.10075093805789948,0.327276349067688,-0.27379241585731506,-0.22724784910678864,-0.1217358186841011,-0.08782543987035751,-0.2782679498195648,-0.21863678097724915,-0.1363428235054016,0.05125149339437485,-0.27026158571243286,-0.2720637619495392,-0.22451508045196533,0.7935501933097839,-0.1443791687488556,-0.10915958136320114,-0.2411249279975891,-0.16914954781532288,-0.0812184289097786,-0.0415426529943943,-0.271276593208313,-0.26656466722488403,-0.21483267843723297,-0.1359117329120636,1.035400152206421,-0.24606919288635254,4.041537284851074,1.2724508047103882,-0.27845799922943115,-0.2734009027481079,0.045239560306072235,0.316215455532074,-0.27391359210014343,1.7966493368148804,-0.13631218671798706,0.19175735116004944,-0.16054359078407288,-0.27568134665489197
51,360,568,374,580,-0.004286505281925201,-0.2590086758136749,0.06205097958445549,0.9710363745689392,-0.052535127848386765,-0.27846449613571167,-0.2242608666419983,-0.27323785424232483,-0.24550125002861023,-0.27572157979011536,1.7392410039901733,-0.10761026293039322,-0.23536348342895508,2.4221835136413574,-0.22411538660526276,-0.22667191922664642,-0.048608385026454926,-0.10497348010540009,0.05749630182981491,-0.18263211846351624,-0.27771249413490295,-0.2767063081264496,-0.22384947538375854,-0.27782273292541504,-0.1803530901670456,-0.27744653820991516,-0.24030078947544098,-0.276712030172348,0.583696722984314,-0.025004029273986816,-0.2583863437175751,-0.08178413659334183,-0.2716875672340393,0.3171822130680084,-0.25694841146469116,-0.264448881149292,-0.18431727588176727,-0.261696457862854,-0.2088538110256195,-0.2679125666618347,-0.2313326746225357,-0.17854540050029755,-0.18991950154304504,0.19605906307697296,-0.25936147570610046,-0.27775686979293823,-0.2658950686454773,0.757522702217102,2.5512545108795166,0.7335118055343628,-0.11635300517082214,-0.2749672532081604,0.1214519664645195,-0.2701145112514496,-0.23710548877716064,-0.2782175540924072,-0.24422350525856018,0.7222376465797424,0.17278940975666046,-0.09385601431131363,1.2473230361938477,1.3148298263549805,-0.21959252655506134,0.5533380508422852,2.702857255935669,-0.2538016736507416,-0.27658557891845703,0.6169554591178894,-0.2780236005783081,1.2206255197525024,0.9197641611099243,-0.09846223145723343,-0.27152219414711,0.21142759919166565,-0.21676014363765717,-0.2386978417634964,0.2528044581413269,-0.2778042256832123,-0.052890121936798096,-0.1893974244594574,-0.18361791968345642,-0.27577322721481323,-0.2774949073791504,0.01026309933513403,-0.1907195746898651,-0.2590228021144867,-0.20212574303150177,-0.18955492973327637,-0.24876974523067474,-0.277527779340744,-0.21335065364837646,-0.02073352225124836,-0.27104148268699646,-0.2709443271160126,-0.2622130215167999,-0.139028400182724,-0.2783711850643158,-0.27612075209617615,0.25696367025375366,0.020346155390143394,-0.2747594714164734,-0.27096468210220337,0.08059584349393845,0.8313933610916138,-0.23287667334079742,1.1447503566741943,-0.07469204068183899,-0.26381823420524597,-0.1740996241569519,0.57569420337677,-0.2530800700187683,-0.27663499116897583,-0.24249225854873657,-0.14667049050331116,0.2986266613006592,-0.26774635910987854,3.048473596572876,0.02432755008339882,-0.27246788144111633,-0.21011458337306976,-0.08006995171308517,-0.06001197174191475,-0.1996384561061859,0.7531117796897888,0.0407710000872612,-0.15549954771995544,-0.08471380174160004,-0.2726370692253113
52,620,582,632,593,0.2504238188266754,-0.2532952129840851,-0.23055608570575714,0.8953734636306763,-0.025315746665000916,-0.21015439927577972,-0.16216245293617249,-0.27845442295074463,-0.21353715658187866,-0.27838313579559326,1.1485822200775146,-0.10379154235124588,0.32820117473602295,0.5186492204666138,-0.2093926966190338,-0.24219393730163574,-0.20116549730300903,-0.22068747878074646,-0.2782278060913086,-0.2050326019525528,-0.006201087962836027,-0.1598277986049652,0.21422593295574188,-0.22124746441841125,0.06603121757507324,-0.25006088614463806,0.756011426448822,-0.23520520329475403,0.7347368597984314,-0.23845107853412628,-0.2722166180610657,-0.1698186993598938,-0.19630330801010132,1.5881211757659912,-0.18441139161586761,-0.27206188440322876,-0.20700763165950775,-0.2660338282585144,-0.27806031703948975,-0.26032719016075134,-0.25666919350624084,-0.2374497354030609,0.26563602685928345,0.10115393251180649,2.566426992416382,-0.2773866653442383,-0.23109440505504608,0.2693711519241333,0.8709380626678467,0.3086780607700348,1.2020318508148193,-0.0015133668202906847,-0.26769718527793884,-0.22238697111606598,-0.2459673136472702,-0.07496620714664459,-0.27820754051208496,0.1961967498064041,0.4328477382659912,-0.20676293969154358,-0.27845242619514465,1.8736443519592285,0.06618937849998474,-0.18020829558372498,0.1777612268924713,-0.27628257870674133,-0.27490606904029846,-0.1979832500219345,-0.011644157581031322,1.8050541877746582,0.051986441016197205,-0.25398609042167664,-0.2711007595062256,-0.06444894522428513,-0.03513573482632637,-0.2736593186855316,0.8587210774421692,-0.27752357721328735,-0.23708784580230713,-0.10328786820173264,-0.27496156096458435,-0.2717900574207306,-0.24916872382164001,-0.2540777921676636,-0.12633714079856873,0.057647109031677246,0.059195924550294876,-0.17447300255298615,-0.20513518154621124,-0.2568358778953552,-0.2038811892271042,-0.1702633649110794,0.05952717363834381,-0.23608088493347168,-0.2618543207645416,-0.2039480060338974,-0.21615104377269745,0.46342748403549194,-0.14545272290706635,0.03302738070487976,0.2982161343097687,-0.07230791449546814,0.23565436899662018,0.4717639088630676,-0.06731364130973816,-0.2739354074001312,0.26198458671569824,-0.14600062370300293,-0.15639278292655945,-0.05693440139293671,-0.10362959653139114,-0.27743732929229736,-0.25926080346107483,-0.2770565152168274,0.7168454527854919,-0.27822399139404297,0.9902269244194031,-0.24136221408843994,-0.26951873302459717,-0.2783794105052948,-0.052301280200481415,0.20270660519599915,-0.2435973882675171,0.017492536455392838,-0.17603951692581177,0.016398537904024124,-0.2491704523563385,-0.27508264780044556
53,267,541,280,554,-0.17914539575576782,-0.2756752669811249,3.340693950653076,0.728888750076294,-0.018707433715462685,-0.2374088168144226,-0.2621142566204071,-0.2714167535305023,-0.24577876925468445,-0.27575066685676575,1.6785681247711182,-0.2762734889984131,-0.2696293294429779,-0.20916515588760376,-0.25356703996658325,-0.25630784034729004,-0.10880017280578613,-0.20479263365268707,-0.15650048851966858,-0.07678162306547165,-0.2645852267742157,0.40097659826278687,-0.07783078402280807,-0.2714788019657135,0.047749925404787064,-0.18658201396465302,-0.2784248888492584,-0.27829867601394653,0.9984192848205566,-0.21921074390411377,-0.19004759192466736,-0.008248110301792622,0.3290042579174042,-0.040734291076660156,-0.2783612608909607,-0.11665458232164383,-0.26250848174095154,0.10155234485864639,-0.20107382535934448,0.7430282235145569,-0.23769690096378326,-0.2538853883743286,0.2778671085834503,0.4417420029640198,0.6088716983795166,-0.24647179245948792,-0.14604619145393372,3.256808280944824,-0.16573196649551392,-0.09605801850557327,-0.27773573994636536,-0.14827987551689148,-0.24058322608470917,0.017800403758883476,-0.2784366309642792,-0.022447049617767334,-0.2390526682138443,-0.16310027241706848,-0.2572214901447296,-0.2275206297636032,-0.25990405678749084,-0.1176801323890686,-0.27846431732177734,-0.2703697383403778,-0.2714342772960663,-0.18297168612480164,-0.2784436047077179,-0.16098761558532715,2.518481731414795,1.8376332521438599,0.9446523189544678,0.7676740288734436,-0.26094213128089905,-0.26324349641799927,-0.2537500560283661,-0.27776509523391724,2.250957727432251,-0.2766903042793274,2.285456657409668,-0.12393448501825333,-0.11794108152389526,-0.27795955538749695,-0.2697872817516327,-0.0933082178235054,-0.06842990964651108,-0.06874487549066544,-0.05650099739432335,-0.00612242054194212,0.5727061033248901,-0.21174517273902893,-0.10317809134721756,-0.26565349102020264,-0.11253321915864944,-0.2181016206741333,0.3628726005554199,-0.1631501466035843,-0.27408623695373535,0.8144922256469727,-0.258552610874176,0.34062960743904114,1.4530950784683228,-0.17635351419448853,3.4512014389038086,1.4422816038131714,-0.1759495735168457,-0.19778822362422943,-0.21318474411964417,-0.07286250591278076,0.23053820431232452,-0.27845633029937744,-0.0015135303838178515,-0.24909693002700806,-0.20921720564365387,1.5992299318313599,-0.17351113259792328,-0.2639765739440918,-0.1568099856376648,-0.07819512486457825,-0.23857469856739044,-0.27625489234924316,-0.11373244971036911,1.2992699146270752,-0.17459852993488312,-0.21751050651073456,-0.26276925206184387,-0.26001641154289246,0.40214866399765015,-0.27529144287109375
54,330,611,343,624,-0.27107512950897217,-0.13323068618774414,0.16162288188934326,0.7513387799263,-0.02533712424337864,-0.23948700726032257,-0.2513997554779053,-0.2413470596075058,-0.2497648447751999,-0.2547976076602936,1.7821956872940063,-0.20216642320156097,-0.18218547105789185,0.6518737077713013,-0.08918499946594238,-0.2460954785346985,-0.032980777323246,-0.12676189839839935,0.2305561751127243,-0.09694847464561462,-0.15915319323539734,-0.19409584999084473,-0.06051954999566078,-0.19847027957439423,0.9741068482398987,-0.24144381284713745,-0.26344817876815796,-0.1541101485490799,-0.10161945968866348,0.2070346176624298,-0.2341797947883606,-0.09447230398654938,-0.27767080068588257,0.294872909784317,-0.2766534686088562,-0.16804170608520508,-0.2783795893192291,-0.13940368592739105,-0.25741857290267944,-0.20908036828041077,-0.16686110198497772,-0.27578192949295044,0.2775750756263733,-0.24754761159420013,0.49352917075157166,-0.2782556116580963,-0.11637184023857117,0.8986377716064453,1.8293547630310059,1.4352598190307617,-0.21255634725093842,-0.2784644663333893,-0.05598566308617592,-0.25720134377479553,-0.2693941295146942,-0.036004580557346344,-0.16781418025493622,-0.25993087887763977,0.08625264465808868,-0.04195677861571312,1.1363537311553955,0.7250869870185852,0.008073174394667149,-0.2722721993923187,-0.13183918595314026,-0.2222571074962616,-0.2562423348426819,-0.2773897647857666,-0.05180396884679794,1.1201640367507935,-0.014946535229682922,-0.11057371646165848,-0.2097717970609665,-0.2343624085187912,-0.05500895902514458,-0.2687342166900635,-0.15144316852092743,-0.2056599110364914,-0.2729912996292114,-0.038276899605989456,-0.2180977612733841,-0.25131458044052124,-0.22874444723129272,-0.021555637940764427,0.07737486064434052,-0.2728925347328186,-0.15148814022541046,-0.03998918831348419,-0.2587643563747406,-0.2071317732334137,-0.10974598675966263,0.013136086985468864,-0.26093244552612305,-0.16666853427886963,-0.15724720060825348,-0.23178862035274506,-0.27707475423812866,-0.2480677217245102,0.08482436090707779,0.3946135938167572,-0.27501142024993896,-0.27544865012168884,-0.0435093492269516,1.3607574701309204,-0.15649475157260895,0.018858784809708595,-0.24949344992637634,-0.14540493488311768,0.05739004537463188,0.0013073369627818465,-0.2753869295120239,-0.24021776020526886,-0.26342013478279114,-0.18175767362117767,1.1514216661453247,-0.2783285975456238,4.4281907081604,0.291108101606369,-0.24101495742797852,-0.25522884726524353,0.012090902775526047,0.4327540099620819,-0.27846431732177734,0.9200059771537781,-0.21431660652160645,0.744417667388916,-0.2400117814540863,-0.27836036682128906
55,602,441,616,455,0.6992325782775879,-0.2720840573310852,0.13697168231010437,0.9572089314460754,-0.06695304065942764,-0.2683778703212738,0.1569824069738388,-0.2550957500934601,-0.2763965129852295,-0.27701830863952637,1.1407109498977661,-0.25304147601127625,0.012719446793198586,0.861720860004425,-0.1658935546875,-0.11059404164552689,-0.20783792436122894,-0.21891674399375916,-0.2604544162750244,-0.2600341737270355,-0.2400096356868744,-0.25464552640914917,0.0019854118581861258,-0.18437519669532776,-0.042767636477947235,-0.23232123255729675,-0.14736585319042206,-0.27811187505722046,0.48391154408454895,0.3401077091693878,-0.26996514201164246,-0.14817290008068085,-0.06679590791463852,0.5846930742263794,-0.21104834973812103,-0.2780334949493408,-0.2580021023750305,0.16966404020786285,-0.2783753275871277,-0.16340234875679016,-0.2747753858566284,-0.24252961575984955,-0.24213092029094696,0.14025172591209412,0.49054476618766785,-0.26983219385147095,-0.277861088514328,0.4849393367767334,0.7393034100532532,0.3938533365726471,0.1270425170660019,-0.2725217640399933,0.36691388487815857,-0.26105743646621704,-0.19870376586914062,-0.2716200649738312,-0.25692325830459595,0.12541712820529938,0.20594538748264313,-0.22409358620643616,0.6291003227233887,1.7432353496551514,-0.18813030421733856,0.2901114821434021,1.8398486375808716,-0.11808121204376221,-0.23693729937076569,0.14443086087703705,-0.171053946018219,1.1776469945907593,1.2537704706192017,-0.20345985889434814,-0.1438041776418686,0.04553601145744324,-0.17212489247322083,-0.23137599229812622,0.24967578053474426,-0.20750540494918823,-0.2352483868598938,-0.2385888546705246,-0.18164551258087158,-0.27145811915397644,-0.2783125340938568,-0.034094929695129395,-0.1832950860261917,-0.04920169338583946,-0.27342689037323,-0.19610203802585602,0.12961024045944214,-0.26882606744766235,-0.24798837304115295,0.010540660470724106,-0.17869356274604797,-0.22856074571609497,-0.2577427327632904,-0.2162579596042633,-0.2772207260131836,-0.19175651669502258,-0.16096220910549164,0.291269987821579,-0.06159192696213722,0.49830707907676697,0.21934394538402557,0.44451457262039185,-0.27831605076789856,0.5685169100761414,0.3066818118095398,-0.24188603460788727,-0.13362367451190948,0.4723716676235199,-0.27777621150016785,-0.2773987650871277,-0.13940127193927765,-0.1999615579843521,0.5886551141738892,-0.2394101470708847,2.575364828109741,-0.17497962713241577,-0.26800742745399475,-0.14689846336841583,-0.14336097240447998,0.19381940364837646,-0.2730003595352173,0.7267342805862427,-0.06633195281028748,0.3225747048854828,0.24625590443611145,-0.24616359174251556
56,510,488,523,500,0.10356142371892929,-0.27363383769989014,0.13768941164016724,0.8886467218399048,-0.08403927087783813,-0.26527056097984314,-0.27843108773231506,-0.2784593403339386,-0.25698256492614746,-0.16625913977622986,0.8739596605300903,-0.2501720190048218,-0.005168007221072912,0.3855658173561096,0.1325177252292633,-0.2424900382757187,-0.27838265895843506,-0.2339758425951004,-0.27827009558677673,-0.24872539937496185,-0.015425251796841621,-0.04143153876066208,0.7139516472816467,-0.2040807455778122,0.295337438583374,0.09061877429485321,-0.2665967047214508,-0.27546927332878113,0.2611684799194336,1.4961963891983032,-0.25049927830696106,-0.25255921483039856,-0.08263503760099411,-0.2748591899871826,-0.25614288449287415,-0.273960143327713,-0.27519723773002625,-0.25086715817451477,-0.2338498830795288,-0.25924524664878845,-0.27301234006881714,-0.2632790803909302,-0.15053945779800415,-0.21016815304756165,-0.12092828750610352,-0.2782050371170044,-0.2745879590511322,-0.015771081671118736,-0.08323457837104797,0.1312548816204071,0.49504607915878296,0.8587857484817505,-0.12212081998586655,-0.2742563784122467,-0.18178874254226685,-0.16773121058940887,-0.2528618276119232,0.36490142345428467,-0.0892687514424324,-0.27576112747192383,-0.19149193167686462,0.21606183052062988,-0.13500870764255524,-0.2692541480064392,-0.022893426939845085,0.044670894742012024,-0.27470770478248596,0.9020253419876099,0.09347987920045853,1.542697787284851,0.007839657366275787,-0.253254234790802,0.3764030635356903,-0.22342120110988617,0.09603485465049744,-0.2541061341762543,-0.058873776346445084,-0.27316027879714966,-0.27846193313598633,-0.13067424297332764,0.4203837215900421,-0.23502042889595032,-0.2635740339756012,-0.21900004148483276,-0.08141220360994339,0.6293321251869202,-0.26406529545783997,-0.15562579035758972,-0.164632186293602,-0.2771284580230713,-0.2338365614414215,0.08387613296508789,0.24616925418376923,-0.22357703745365143,-0.2414495050907135,-0.27082183957099915,-0.19384735822677612,0.010192018002271652,-0.19308042526245117,0.34157124161720276,-0.1903330236673355,-0.2529507875442505,-0.07456190139055252,0.705457866191864,-0.27834948897361755,-0.1791568100452423,0.013928549364209175,-0.20613259077072144,-0.0851997435092926,0.07344750314950943,-0.2107468992471695,-0.27465102076530457,-0.20885947346687317,0.07069534063339233,0.7498263120651245,-0.27843335270881653,0.0690385103225708,-0.2772652208805084,-0.27688470482826233,-0.11155490577220917,-0.03950048238039017,0.23191460967063904,-0.2555377781391144,0.00865907408297062,-0.19562359154224396,-0.03541700914502144,0.16863805055618286,-0.2309887558221817
57,262,482,275,495,-0.20619583129882812,-0.27131855487823486,-0.20074130594730377,1.5832936763763428,-0.06917710602283478,0.8286134600639343,-0.2775633931159973,-0.18264813721179962,-0.1531771719455719,-0.2605683207511902,-0.188615620136261,-0.193480983376503,-0.2753243148326874,1.5889708995819092,0.028304334729909897,-0.2728971540927887,-0.03450430557131767,-0.07959707081317902,-0.27369406819343567,0.4225863516330719,-0.16607916355133057,1.728379249572754,-0.278154581785202,-0.17318198084831238,4.329105854034424,-0.23929309844970703,-0.2602907121181488,-0.2778087854385376,-0.17811664938926697,-0.27816396951675415,-0.21717429161071777,-0.24949395656585693,-0.27199089527130127,0.053579818457365036,-0.2540050446987152,-0.277978777885437,0.7215603590011597,-0.05071062967181206,-0.26506364345550537,-0.18402905762195587,-0.2659229636192322,0.8450387120246887,1.9175076484680176,-0.2374171018600464,-0.27103567123413086,-0.15641920268535614,-0.2619919180870056,1.2238091230392456,5.683409214019775,0.09991894662380219,1.1348615884780884,-0.030879734084010124,-0.2618221640586853,0.2693890333175659,-0.16046106815338135,-0.04469366371631622,-0.27199456095695496,1.025456428527832,2.0689189434051514,-0.15422378480434418,-0.23891493678092957,-0.25345367193222046,0.08390065282583237,-0.08603506535291672,-0.2784643769264221,-0.21284416317939758,-0.24289140105247498,-0.2784483730792999,-0.2570233643054962,-0.2717318534851074,0.1491459459066391,-0.2162264585494995,-0.244587704539299,-0.2631359398365021,0.22047437727451324,-0.083234503865242,-0.18907736241817474,-0.14266854524612427,-0.21803991496562958,-0.16614387929439545,2.2167680263519287,-0.08439482748508453,-0.26741281151771545,-0.24678799510002136,-0.11751517653465271,-0.045512087643146515,-0.07200134545564651,-0.23315459489822388,-0.2692257761955261,-0.24914568662643433,-0.11593033373355865,1.214585542678833,-0.26627230644226074,0.9743872880935669,-0.25966042280197144,0.031186148524284363,-0.23641285300254822,-0.19007480144500732,0.5288731455802917,-0.25805824995040894,-0.2093251794576645,-0.27739328145980835,0.07335840165615082,0.349634051322937,-0.1790178418159485,1.3320040702819824,-0.1220918819308281,-0.1930815577507019,-0.16769638657569885,-0.27188801765441895,-0.2720720171928406,-0.08398159593343735,-0.2749690115451813,-0.2319692075252533,-0.26132655143737793,-0.1970331221818924,-0.19998598098754883,-0.06427336484193802,-0.21065306663513184,-0.18011733889579773,0.3199422061443329,0.1527276635169983,-0.220555379986763,0.4924991726875305,-0.05606968700885773,-0.13620918989181519,-0.06850536912679672,-0.1043129414319992
58,260,341,272,353,-0.159671351313591,-0.10250507295131683,-0.24786697328090668,1.5658690929412842,-0.013698072172701359,0.35294872522354126,-0.14078928530216217,-0.27668529748916626,-0.1850069761276245,-0.2699393928050995,0.12772585451602936,-0.07640956342220306,-0.13111455738544464,5.036865234375,-0.1571563333272934,-0.2722073793411255,-0.007313995156437159,-0.1134917363524437,-0.24282339215278625,-0.026846224442124367,-0.1500988006591797,3.701054573059082,-0.27845147252082825,-0.23775483667850494,1.035834550857544,-0.20293083786964417,-0.2066667377948761,-0.22534121572971344,-0.27114245295524597,-0.1916220486164093,-0.14165081083774567,-0.10580900311470032,-0.23017486929893494,0.07223695516586304,-0.2729972302913666,-0.13711205124855042,0.9147777557373047,-0.01834722049534321,-0.1591934710741043,-0.1855025738477707,-0.21769802272319794,0.721899688243866,1.2917215824127197,-0.16350655257701874,-0.1666829138994217,-0.24738089740276337,-0.16194555163383484,0.598942220211029,3.323880195617676,-0.2523992359638214,1.285273790359497,2.3208439350128174,-0.22048112750053406,0.40549513697624207,-0.1903858482837677,-0.09860436618328094,-0.2551688849925995,0.4879445433616638,1.8648154735565186,-0.24115924537181854,-0.08730266243219376,-0.2784610390663147,-0.04611266776919365,-0.2712703347206116,0.5746055841445923,-0.2548983097076416,-0.19221170246601105,-0.27836352586746216,-0.24997594952583313,-0.18403461575508118,-0.1464991420507431,-0.26350781321525574,-0.25544148683547974,-0.1439703106880188,0.4140491485595703,-0.20186865329742432,-0.23494906723499298,-0.14710544049739838,0.7149704098701477,-0.05063960701227188,1.4110424518585205,-0.2700812518596649,-0.27082163095474243,-0.27844125032424927,-0.21061383187770844,-0.07529778778553009,-0.19710075855255127,-0.1747933328151703,-0.1957586258649826,-0.2589350640773773,-0.253467321395874,0.9996538162231445,-0.2782798111438751,1.1159981489181519,-0.23513491451740265,0.178031325340271,0.11103758215904236,-0.07307343184947968,0.6805247664451599,-0.21526752412319183,-0.2667562663555145,-0.06489536911249161,-0.016957342624664307,-0.21017296612262726,-0.04689186066389084,0.7185271382331848,0.024826932698488235,-0.23427322506904602,-0.27135366201400757,-0.25686100125312805,-0.1341041773557663,-0.2324344366788864,-0.11480732262134552,-0.23209017515182495,-0.20887474715709686,-0.27829763293266296,-0.1150718480348587,-0.23832891881465912,-0.11546962708234787,0.0920102596282959,0.549888014793396,-0.14521068334579468,-0.16232921183109283,-0.2069421410560608,-0.2383011430501938,-0.09830357134342194,-0.15223853290081024,-0.14207406342029572
59,417,569,430,581,1.3034446239471436,-0.2719649374485016,-0.17461365461349487,0.9357702732086182,-0.009273907169699669,-0.27109938859939575,-0.2507122755050659,-0.24792137742042542,-0.16923293471336365,-0.26712244749069214,0.2145088165998459,-0.19688771665096283,-0.2324608862400055,3.7091546058654785,-0.1154477521777153,-0.2536558508872986,-0.019200418144464493,-0.274341344833374,-0.15371868014335632,-0.11018700152635574,-0.2103750854730606,0.9673159122467041,-0.2660621702671051,-0.2565136253833771,-0.275223970413208,-0.2452804148197174,-0.2542808949947357,-0.2781711518764496,0.9550751447677612,-0.18660323321819305,-0.19809342920780182,-0.19548185169696808,-0.12341750413179398,0.3690623641014099,-0.27844011783599854,-0.26323676109313965,-0.13499289751052856,-0.2782709002494812,-0.18702244758605957,-0.27791523933410645,-0.24801941215991974,-0.17973437905311584,-0.2251608967781067,0.23435057699680328,-0.1859418749809265,-0.14971531927585602,-0.25190991163253784,1.0909531116485596,-0.1157987043261528,-0.2650739848613739,0.45638445019721985,0.9110345840454102,-0.018546929582953453,-0.24476273357868195,-0.21426787972450256,-0.25883451104164124,-0.26072007417678833,-0.25205197930336,-0.08620961755514145,-0.19527599215507507,-0.25948822498321533,0.7710272073745728,-0.2728506028652191,-0.09894051402807236,5.709296703338623,-0.2502477467060089,-0.12458018213510513,0.5680490732192993,-0.22238336503505707,0.06310988962650299,2.920536518096924,0.1520010381937027,-0.24920819699764252,-0.1890888512134552,0.14015398919582367,-0.2763589322566986,1.9635223150253296,-0.27371788024902344,0.08012926578521729,-0.06288611143827438,0.0473385751247406,-0.23518513143062592,-0.27844542264938354,-0.21485352516174316,0.08994019031524658,-0.16621068120002747,-0.1532527506351471,-0.120091013610363,-0.26675236225128174,-0.25544747710227966,-0.07368163019418716,-0.2762855887413025,-0.2678563892841339,-0.27260568737983704,-0.24211929738521576,0.21361321210861206,-0.27813833951950073,-0.2784487307071686,-0.2678837180137634,0.2645952105522156,0.1959357112646103,-0.22458617389202118,0.34832462668418884,1.1412876844406128,-0.2340242564678192,0.12905746698379517,0.27459368109703064,-0.24292545020580292,-0.23399507999420166,-0.016387416049838066,-0.19200412929058075,-0.27816882729530334,-0.27028706669807434,1.4034638404846191,-0.21972797811031342,-0.2367982119321823,-0.10609810054302216,-0.2181267887353897,-0.21008948981761932,0.1271468549966812,0.04415329918265343,-0.18518878519535065,-0.13532598316669464,1.1435787677764893,-0.19312137365341187,-0.27817827463150024,0.9667230248451233,-0.14840200543403625
60,761,633,774,646,0.36980298161506653,-0.277644544839859,0.2757151424884796,1.0091241598129272,-0.08217091113328934,-0.2782976031303406,0.12356651574373245,-0.22114498913288116,-0.27226170897483826,-0.24716289341449738,1.1606180667877197,-0.2665719985961914,0.13129183650016785,1.1378638744354248,-0.07391786575317383,-0.08789792656898499,-0.20184998214244843,-0.16253328323364258,0.03135979548096657,-0.2710144519805908,-0.2243504673242569,-0.2482965737581253,-0.011481678113341331,-0.20572571456432343,0.1712188571691513,-0.2510230839252472,-0.07832280546426773,-0.26424190402030945,0.5827057957649231,0.028532659634947777,-0.21186605095863342,-0.1576555371284485,-0.12970060110092163,0.806750476360321,-0.20031912624835968,-0.27691686153411865,-0.23667578399181366,0.001928080222569406,-0.2403564602136612,-0.21058733761310577,-0.2738046944141388,-0.18202327191829681,-0.12052006274461746,0.07383064925670624,0.6237047910690308,-0.2445310801267624,-0.2326892465353012,0.6979965567588806,1.5497273206710815,0.6484125852584839,0.14150302112102509,-0.274750292301178,0.3468726575374603,-0.2282841056585312,-0.18125024437904358,-0.2734764814376831,-0.27776038646698,0.20388448238372803,0.13383761048316956,-0.1800600290298462,1.285834550857544,1.660146713256836,-0.10858283936977386,0.3792980909347534,1.6902953386306763,-0.20514899492263794,-0.0744052305817604,0.2611945867538452,-0.09883562475442886,1.1637741327285767,1.0096591711044312,-0.17157258093357086,-0.21124838292598724,0.25272178649902344,-0.11774155497550964,-0.2673797607421875,0.4212305545806885,-0.24148404598236084,-0.16025103628635406,-0.2732832133769989,-0.15268024802207947,-0.21527594327926636,-0.2611331045627594,-0.025091880932450294,-0.14267899096012115,-0.1783192902803421,-0.2763884663581848,-0.26119866967201233,0.04696971923112869,-0.18242570757865906,-0.27818313241004944,0.020172445103526115,-0.08945896476507187,-0.25314947962760925,-0.2714550197124481,-0.23684623837471008,-0.27565956115722656,-0.0718565285205841,0.08897161483764648,0.1672622263431549,-0.16608890891075134,0.22294703125953674,0.2431735098361969,0.9617928862571716,-0.27380290627479553,0.9153411388397217,0.5197585821151733,-0.2727937400341034,-0.1377098113298416,0.4471542537212372,-0.26356786489486694,-0.27810272574424744,-0.09066222608089447,-0.18894976377487183,0.5292487740516663,-0.22323331236839294,2.807587146759033,-0.09945782274007797,-0.2443695217370987,-0.15196719765663147,-0.10550138354301453,0.24712631106376648,-0.26392611861228943,0.7074158191680908,-0.006140774115920067,0.3910093903541565,0.05317089706659317,-0.2523568570613861
61,385,165,399,179,-0.12939538061618805,-0.05360579863190651,-0.15381015837192535,1.4571902751922607,-0.04935618117451668,-0.27322718501091003,-0.027238670736551285,-0.25908878445625305,-0.2118895798921585,-0.19669859111309052,0.32994794845581055,-0.06383835524320602,-0.05073421075940132,5.506310939788818,1.0431486368179321,-0.20244142413139343,-0.0060796961188316345,-0.27751073241233826,-0.1768546849489212,-0.26804935932159424,-0.24399162828922272,3.480452299118042,-0.27484914660453796,-0.2600556015968323,0.6670591235160828,-0.02123572677373886,-0.24133199453353882,-0.2561796009540558,-0.23198559880256653,-0.0818304568529129,-0.04531329870223999,-0.20579837262630463,-0.20623159408569336,1.7138137817382812,-0.2755158543586731,-0.2156890630722046,0.5972834229469299,-0.042811933904886246,-0.09254615008831024,-0.1144014298915863,-0.27643027901649475,0.5175734758377075,0.8839146494865417,0.004574050661176443,-0.0481790229678154,1.5811797380447388,-0.18814250826835632,4.690735340118408,-0.14301970601081848,-0.23659974336624146,-0.23686730861663818,-0.1841367781162262,0.3622865080833435,-0.2756282389163971,-0.24774543941020966,-0.13672129809856415,-0.2702089846134186,-0.06224001944065094,2.9675819873809814,-0.06679101288318634,-0.2652682662010193,-0.2385871261358261,0.5606318712234497,-0.21223244071006775,1.776062250137329,-0.2602179944515228,-0.06733822077512741,-0.2555811107158661,-0.1522841453552246,-0.04257399961352348,2.246309280395508,0.0408787727355957,-0.14913925528526306,-0.16601435840129852,0.36782488226890564,-0.2784633934497833,-0.15755073726177216,-0.09693355858325958,0.027372848242521286,-0.036341592669487,0.4963347315788269,-0.22449645400047302,-0.2771788239479065,-0.25972944498062134,-0.2559463679790497,-0.0033757323399186134,-0.11416143923997879,-0.0991976335644722,-0.005319776013493538,-0.25947216153144836,-0.2186376005411148,-0.15471826493740082,-0.0874706506729126,0.9463325142860413,-0.08775319159030914,0.0005481729749590158,0.01713293232023716,-0.016586316749453545,0.41313740611076355,-0.2646756172180176,0.21321554481983185,-0.006676199845969677,0.15196719765663147,-0.17979300022125244,-0.0322524830698967,1.5067378282546997,0.24231870472431183,-0.2646886706352234,-0.25491467118263245,-0.26292455196380615,-0.0680508017539978,0.16843156516551971,-0.2726471424102783,0.44026848673820496,-0.21808014810085297,-0.2781218886375427,-0.2506473660469055,0.8993428945541382,0.15707039833068848,-0.192119300365448,0.2891428470611572,0.612342357635498,-0.1882530152797699,-0.16386301815509796,-0.2775701880455017,-0.1461721807718277,-0.07496913522481918,0.3951287567615509
62,374,153,388,166,0.6413860321044922,-0.25834038853645325,-0.15391236543655396,1.081102728843689,-0.01535531971603632,-0.26869550347328186,-0.2631695568561554,-0.2698718011379242,-0.18263563513755798,-0.2362046092748642,1.6906564235687256,-0.2586660087108612,-0.23396119475364685,2.8930206298828125,-0.2151220291852951,-0.21079134941101074,-0.014165520668029785,-0.10438068956136703,-0.2599477171897888,-0.19485870003700256,-0.2784247100353241,-0.009837654419243336,-0.22873692214488983,-0.2710513770580292,-0.2564818561077118,-0.2563163638114929,-0.2600405216217041,-0.27490174770355225,0.9501036405563354,-0.2744830250740051,-0.16504371166229248,-0.14191597700119019,-0.25558987259864807,1.002650260925293,-0.23279421031475067,-0.2589932382106781,-0.02242930606007576,-0.22855637967586517,-0.2391507625579834,-0.27364128828048706,-0.27098703384399414,-0.015927307307720184,-0.21445728838443756,0.867244303226471,-0.271561861038208,-0.2714470326900482,-0.2721557021141052,0.9264991283416748,2.6750948429107666,-0.019631098955869675,0.07490997761487961,-0.2415456622838974,0.5030230283737183,-0.24792642891407013,0.257797509431839,-0.2060202807188034,-0.23268267512321472,1.5261640548706055,0.4655435085296631,-0.09998559206724167,0.18451672792434692,1.6203831434249878,-0.1993977278470993,1.6590505838394165,3.949326276779175,-0.2738770842552185,-0.1885627806186676,1.4761676788330078,-0.2645986080169678,0.7178065180778503,1.6662696599960327,-0.14356088638305664,-0.27804771065711975,-0.10507392138242722,-0.10415899008512497,-0.22027035057544708,0.536204993724823,-0.24893660843372345,0.1759892851114273,-0.050912559032440186,-0.22310404479503632,-0.26352187991142273,-0.197828009724617,-0.27835312485694885,-0.24934962391853333,-0.09506085515022278,-0.15618179738521576,-0.2211918979883194,-0.26554277539253235,-0.27845245599746704,-0.18616963922977448,-0.10574644058942795,-0.2685375213623047,-0.26919612288475037,-0.272126704454422,0.2790274918079376,-0.2636355459690094,-0.26838579773902893,0.02025136910378933,-0.15594758093357086,-0.24576225876808167,-0.24916590750217438,0.3420366644859314,1.0120725631713867,-0.13751594722270966,2.3323915004730225,-0.06125452741980553,-0.18171805143356323,-0.2721867263317108,0.5749146342277527,-0.22951233386993408,-0.2603260576725006,0.24398595094680786,-0.14458614587783813,-0.1776263564825058,-0.16239145398139954,1.697127342224121,-0.16261796653270721,-0.033006150275468826,-0.002709141233935952,-0.1306804120540619,-0.12562225759029388,-0.12831704318523407,0.3785766065120697,0.18054309487342834,-0.2639210820198059,0.6447218656539917,-0.2607913613319397
63,145,690,159,704,-0.2770563066005707,-0.259986937046051,0.1607358604669571,1.5064617395401,-0.06973912566900253,0.21007056534290314,-0.2685609459877014,-0.2764773964881897,-0.2650914788246155,-0.16115935146808624,-0.2720634341239929,-0.2093961238861084,-0.195198655128479,1.5078961849212646,2.3726818561553955,-0.22268494963645935,0.19176708161830902,-0.27622050046920776,-0.27481070160865784,0.44553959369659424,-0.15448541939258575,4.660231590270996,-0.2782924771308899,-0.24863338470458984,4.695150852203369,-0.23909039795398712,-0.2726775109767914,-0.26969510316848755,-0.20653681457042694,-0.20324298739433289,-0.26194244623184204,-0.27584731578826904,-0.27763015031814575,0.33031195402145386,-0.26099467277526855,-0.2261345088481903,0.7206348180770874,-0.013361665420234203,-0.14002461731433868,-0.23550912737846375,-0.272900253534317,0.6175177097320557,0.8597714900970459,-0.1131800040602684,-0.17809656262397766,0.20514604449272156,-0.2721380293369293,1.8435230255126953,-0.06561371684074402,-0.16473646461963654,1.8949872255325317,2.502652645111084,-0.275463342666626,-0.18185736238956451,1.144245982170105,-0.14396150410175323,0.16956454515457153,0.05243804678320885,3.3102004528045654,-0.25892823934555054,-0.2619442045688629,-0.1807471364736557,-0.26314088702201843,-0.22030478715896606,-0.21601751446723938,-0.27591457962989807,-0.18548505008220673,-0.23597650229930878,-0.2541654706001282,-0.1604396253824234,0.9044106602668762,-0.17701013386249542,-0.23100769519805908,-0.1462840586900711,1.201705813407898,-0.16604042053222656,-0.2548212707042694,-0.16285011172294617,-0.07024907320737839,-0.20282471179962158,0.9643324017524719,-0.268705815076828,-0.27811506390571594,-0.16127219796180725,0.0007317308918572962,-0.08827034384012222,-0.2693607211112976,-0.20343805849552155,-0.2630528509616852,-0.27634403109550476,-0.26727157831192017,-0.04611355811357498,-0.12994542717933655,0.8643473982810974,-0.2757225036621094,0.7333580255508423,0.000611661234870553,-0.27836641669273376,-0.18565893173217773,-0.21305416524410248,0.5452868938446045,-0.12600146234035492,0.018647050485014915,-0.11914170533418655,-0.10200315713882446,0.11539992690086365,0.025366228073835373,-0.23762890696525574,0.19806179404258728,-0.25227800011634827,-0.2478405088186264,0.21836896240711212,0.04243624582886696,0.22902826964855194,-0.2661893665790558,-0.04985835403203964,-0.08662343770265579,-0.27593642473220825,-0.09680075198411942,-0.18033194541931152,0.3346515893936157,0.2001800239086151,-0.2780427932739258,0.2279006689786911,-0.2784191370010376,-0.27686387300491333,-0.10297249257564545,0.3991713523864746
64,444,357,457,370,0.02841206081211567,-0.25022900104522705,0.029253743588924408,0.8619291186332703,-0.06683313101530075,-0.2781318128108978,-0.07377810776233673,-0.2783866226673126,-0.2704367935657501,-0.26907026767730713,0.7788217067718506,-0.19278961420059204,-0.028186636045575142,0.2016470581293106,-0.07986841350793839,-0.24482804536819458,-0.2565876841545105,-0.17101280391216278,-0.2730204164981842,-0.21932239830493927,-0.22575168311595917,-0.2713592052459717,0.35916849970817566,-0.1470441371202469,0.22228577733039856,-0.1743372231721878,-0.2746577560901642,-0.22469399869441986,-0.05755968391895294,0.6920328140258789,0.02117871679365635,-0.1232495978474617,-0.15239408612251282,-0.032358039170503616,-0.27759474515914917,-0.24315571784973145,-0.2604656517505646,-0.043205492198467255,-0.27008700370788574,-0.2634519338607788,-0.24466967582702637,-0.2703739106655121,-0.14460626244544983,-0.2050371617078781,0.5441147089004517,-0.27217987179756165,-0.2597840428352356,0.2249937802553177,0.2791903018951416,0.25132596492767334,0.3510529696941376,-0.2343982607126236,0.23791201412677765,-0.27682340145111084,-0.09726545214653015,-0.23461304605007172,-0.23307402431964874,-0.19847695529460907,0.32880446314811707,-0.17222042381763458,-0.015970837324857712,1.1051445007324219,-0.24084991216659546,-0.12809480726718903,0.05986277386546135,-0.10141325742006302,-0.16153334081172943,-0.04975198209285736,-0.030028248205780983,0.8585728406906128,0.25617823004722595,-0.2683528661727905,-0.040619004517793655,-0.21157115697860718,-0.148940771818161,-0.22269408404827118,0.08061613142490387,-0.27823421359062195,-0.25798022747039795,-0.08185833692550659,-0.13934220373630524,-0.24472008645534515,-0.2616851031780243,-0.18564660847187042,0.17599621415138245,0.7711886167526245,-0.2744531035423279,-0.08292239904403687,-0.06313692033290863,-0.27136939764022827,-0.19470691680908203,0.07832315564155579,-0.0594482496380806,-0.2095513790845871,-0.2784174978733063,-0.2686222195625305,-0.2550554871559143,-0.2378959208726883,-0.05810580402612686,0.43376657366752625,-0.19111739099025726,0.23173782229423523,-0.08620287477970123,1.1566559076309204,-0.2704252302646637,0.14374476671218872,-0.18421274423599243,-0.12380043417215347,0.1617990881204605,0.27733150124549866,-0.1893281787633896,-0.25911056995391846,-0.26562508940696716,-0.1548425406217575,0.661906361579895,-0.2743360698223114,2.428969383239746,-0.2567139267921448,-0.24975934624671936,-0.26921355724334717,-0.031460925936698914,0.30246272683143616,-0.2782396078109741,0.3283568322658539,-0.15462006628513336,0.7918874025344849,-0.2677920460700989,-0.25250378251075745
65,625,889,638,902,2.415079116821289,-0.2724170684814453,0.0003463632601778954,0.9400806427001953,-0.00494040222838521,-0.2612415552139282,-0.27526989579200745,-0.23905175924301147,-0.18148691952228546,-0.21571454405784607,0.5180123448371887,-0.23886758089065552,-0.2306346744298935,3.2103776931762695,-0.2182081639766693,-0.24724936485290527,-0.02623767964541912,-0.27558401226997375,-0.1166992336511612,-0.09711777418851852,-0.21659010648727417,0.6538617014884949,-0.2428363710641861,-0.2558404505252838,-0.2779562175273895,-0.18651102483272552,-0.2669108211994171,-0.2735832631587982,1.703316569328308,-0.04235484451055527,-0.17194531857967377,-0.18099462985992432,0.04886910691857338,0.5833303928375244,-0.27841484546661377,-0.24378259479999542,-0.12086530029773712,-0.26362428069114685,-0.22309108078479767,-0.17577527463436127,-0.2732734680175781,-0.19098573923110962,-0.15049853920936584,1.1424837112426758,-0.09728558361530304,-0.2456703782081604,-0.24763332307338715,0.9086519479751587,-0.045216646045446396,-0.27754175662994385,0.28199541568756104,0.5129554867744446,0.3653596043586731,-0.23960797488689423,-0.11153967678546906,-0.2781393527984619,-0.2601928412914276,-0.1386692076921463,-0.010510309599339962,-0.20551417768001556,-0.2480774223804474,1.0844571590423584,-0.2687748968601227,0.2520417273044586,5.967482089996338,-0.2618612051010132,-0.1487337052822113,0.9484804272651672,-0.238320991396904,0.3422777056694031,3.387127161026001,0.2951628565788269,-0.26523804664611816,-0.19443926215171814,-0.03998391330242157,-0.25592344999313354,2.3650224208831787,-0.23676295578479767,0.23878270387649536,-0.04912859946489334,-0.209050714969635,-0.23238946497440338,-0.2773781418800354,-0.2302834540605545,-0.1107000783085823,-0.1487860530614853,-0.11202602088451385,-0.11350426077842712,-0.2661374807357788,-0.23236408829689026,-0.07463450729846954,-0.2764664590358734,-0.253356397151947,-0.26834195852279663,-0.27815836668014526,0.3604440987110138,-0.26772022247314453,-0.27846455574035645,-0.2502232491970062,0.21759817004203796,0.2757965922355652,0.12822717428207397,0.6164917945861816,1.1847590208053589,-0.2784230411052704,0.3028225600719452,0.14833131432533264,-0.13226693868637085,-0.24719811975955963,0.09599711000919342,-0.2014978975057602,-0.276063472032547,-0.20818153023719788,1.2767773866653442,-0.2055785357952118,-0.13139311969280243,0.2938483655452728,-0.23840072751045227,-0.16790319979190826,0.09439835697412491,-0.08438298106193542,-0.21703121066093445,-0.11699328571557999,1.0893802642822266,-0.14494659006595612,-0.26428842544555664,2.7521629333496094,-0.15699853003025055
66,338,498,352,511,-0.2597413957118988,-0.2377225011587143,-0.011735565029084682,1.5396246910095215,-0.04742516204714775,1.171895146369934,-0.27818235754966736,-0.2779949903488159,-0.2588341236114502,-0.2320583611726761,-0.2661204934120178,-0.18292155861854553,-0.18566197156906128,1.448174238204956,1.712755560874939,-0.225521057844162,-0.16096164286136627,-0.2755051553249359,-0.27255281805992126,0.8892881870269775,-0.11349748820066452,4.687166690826416,-0.272038996219635,-0.16194741427898407,4.900410175323486,-0.24171581864356995,-0.2607681155204773,-0.27604636549949646,-0.13002319633960724,-0.2310318648815155,-0.2619451582431793,-0.27259013056755066,-0.26755285263061523,0.03047000803053379,-0.26820218563079834,-0.24069984257221222,0.7922919392585754,-0.016891563311219215,-0.1854836493730545,-0.24125529825687408,-0.27494117617607117,0.5811154842376709,1.0058695077896118,-0.14961133897304535,-0.12771131098270416,0.140086367726326,-0.27560365200042725,1.7930593490600586,0.4999016225337982,-0.15109294652938843,1.8542277812957764,2.4566495418548584,-0.26264992356300354,-0.12681090831756592,0.8525937795639038,-0.10672981292009354,0.029118910431861877,0.18167024850845337,2.978118658065796,-0.27679479122161865,-0.2655910849571228,-0.19943077862262726,-0.2628181576728821,-0.2088443785905838,-0.23176917433738708,-0.27843788266181946,-0.10393526405096054,-0.23811453580856323,-0.26584842801094055,-0.17251302301883698,0.9083669781684875,-0.27580010890960693,-0.22799721360206604,-0.14036846160888672,0.624891996383667,-0.1453973799943924,-0.24286092817783356,-0.12820523977279663,-0.21312947571277618,-0.12095683068037033,1.9750990867614746,-0.25589656829833984,-0.27829548716545105,-0.07285717874765396,0.12468520551919937,-0.100379578769207,-0.25551536679267883,-0.08744218945503235,-0.26290732622146606,-0.2736339271068573,-0.22898747026920319,0.42295774817466736,-0.12382557988166809,0.93784499168396,-0.2766721248626709,0.46191149950027466,-0.10152067989110947,-0.2759588062763214,-0.0651475042104721,-0.21038511395454407,-0.11017816513776779,-0.16417478024959564,0.04168177396059036,-0.03429241478443146,-0.13056036829948425,0.5713401436805725,-0.12987495958805084,-0.239358589053154,0.34594887495040894,-0.2600705921649933,-0.26096951961517334,0.0004743900499306619,-0.03041677549481392,0.14808665215969086,-0.2481648027896881,-0.1667880117893219,-0.05676788464188576,-0.26738181710243225,-0.23420099914073944,-0.207163006067276,0.4066559970378876,0.08825072646141052,-0.27844732999801636,0.14550569653511047,-0.26085904240608215,-0.2744956612586975,-0.0654539242386818,0.3783412575721741
67,738,762,751,774,1.6452475786209106,-0.2761784493923187,0.3174040913581848,0.7876586318016052,-0.0070688738487660885,0.05498895049095154,0.14584356546401978,-0.20994342863559723,-0.17095082998275757,-0.25007733702659607,0.38973405957221985,-0.2784387469291687,-0.2633638381958008,1.713905692100525,-0.2769947052001953,-0.252724289894104,-0.03962700068950653,-0.25520309805870056,-0.14452596008777618,-0.09750280529260635,-0.1870545595884323,0.07411610335111618,-0.2287958562374115,-0.24419327080249786,-0.24641470611095428,-0.011826775036752224,-0.25865694880485535,-0.2732190191745758,1.60244619846344,0.5758764147758484,-0.22934645414352417,-0.06459396332502365,0.16762582957744598,0.07838749140501022,-0.2784639298915863,-0.09570927917957306,-0.25695377588272095,0.2399146556854248,-0.2118331640958786,-0.12691378593444824,-0.27741414308547974,-0.26977765560150146,-0.13248750567436218,0.452066034078598,-0.0975390300154686,-0.22487817704677582,-0.15345177054405212,0.777128279209137,0.5009531378746033,0.6333301067352295,-0.07705597579479218,0.06913702934980392,0.1928839385509491,-0.13355635106563568,-0.2762756049633026,-0.15799929201602936,-0.23059312999248505,-0.25538432598114014,-0.27029794454574585,-0.19966454803943634,0.04290856048464775,0.9923807382583618,-0.27605411410331726,-0.2258204221725464,5.053447246551514,-0.2732110023498535,-0.19805677235126495,0.4025685489177704,-0.005374217871576548,1.4961215257644653,2.4859116077423096,-0.23335352540016174,-0.27754637598991394,-0.15412195026874542,-0.2533818483352661,-0.25259849429130554,1.5400782823562622,-0.251423180103302,-0.2449086308479309,-0.04479774832725525,0.15264667570590973,-0.17192453145980835,-0.2689346671104431,-0.23117156326770782,-0.06669807434082031,-0.1556909829378128,-0.08483818173408508,-0.041812583804130554,-0.14153793454170227,-0.2056402564048767,-0.04359981417655945,-0.046066511422395706,-0.267039954662323,-0.21929806470870972,-0.27554988861083984,-0.21008633077144623,-0.2781078517436981,-0.244529128074646,-0.23494058847427368,0.6505155563354492,-0.20552195608615875,-0.07221147418022156,1.323098063468933,1.8628084659576416,-0.10180936753749847,-0.25133103132247925,0.01887405849993229,-0.2341611385345459,-0.22550399601459503,-0.20095479488372803,-0.2751699686050415,-0.2115737795829773,-0.18688775599002838,2.7432076930999756,-0.0613817535340786,-0.2510671019554138,-0.02329185977578163,-0.22634167969226837,-0.2433559000492096,0.43224456906318665,-0.00532487453892827,-0.131888747215271,-0.22432367503643036,2.1253457069396973,-0.18151690065860748,-0.273917555809021,1.8136659860610962,-0.24008359014987946
68,765,701,777,712,0.1900872141122818,-0.2784345746040344,0.0693804994225502,0.9910336136817932,-0.09148561209440231,-0.27303144335746765,-0.2500559985637665,-0.1674065738916397,-0.2680967450141907,-0.21488264203071594,0.636915922164917,-0.19505353271961212,0.5010293126106262,0.058331966400146484,-0.11089862883090973,-0.13112345337867737,-0.26204803586006165,-0.13149689137935638,-0.2345765084028244,-0.27643680572509766,-0.20667916536331177,0.10282909125089645,0.3570884168148041,-0.1417706459760666,0.31870120763778687,-0.250772088766098,-0.23861949145793915,-0.23753681778907776,-0.06156027317047119,0.396095871925354,0.013298282399773598,-0.19879412651062012,0.020235057920217514,0.10662870854139328,-0.2569558024406433,-0.2727113962173462,-0.23787017166614532,-0.061150576919317245,-0.2774503231048584,-0.22445376217365265,-0.26736322045326233,-0.1997891366481781,-0.27821606397628784,-0.22838526964187622,0.3546779453754425,-0.20457392930984497,-0.1402507722377777,0.6057015657424927,0.0364893302321434,-0.13315728306770325,0.39010894298553467,-0.24651819467544556,0.1434650868177414,-0.1783362478017807,-0.06832044571638107,-0.12106703966856003,-0.2740715742111206,-0.0401654876768589,-0.08192429691553116,-0.2588820159435272,-0.047145090997219086,0.7309956550598145,-0.10221093147993088,-0.27761194109916687,-0.1115856021642685,-0.1511462777853012,-0.2215547412633896,0.1215028464794159,0.07853655517101288,0.33087432384490967,0.5563842058181763,-0.27810433506965637,-0.23906269669532776,-0.01693209446966648,0.003624630393460393,-0.27792850136756897,0.2388768345117569,-0.27784645557403564,-0.2630782723426819,-0.184708833694458,0.15778395533561707,-0.27528929710388184,-0.27669191360473633,-0.26949581503868103,-0.06920251250267029,0.03765224292874336,-0.10053044557571411,-0.1824691742658615,0.23538143932819366,-0.15969572961330414,-0.2373942881822586,0.10216832160949707,0.4466857314109802,-0.260919451713562,-0.2783585488796234,-0.2709481418132782,-0.2161007523536682,0.6736509799957275,-0.18336957693099976,0.25682273507118225,-0.07176686823368073,0.41344380378723145,0.10748301446437836,0.7130328416824341,-0.27790510654449463,0.2545001208782196,0.05144330859184265,-0.2544415593147278,0.0015212420839816332,-0.10869812965393066,-0.1975458264350891,-0.27390164136886597,-0.2687337100505829,-0.19813446700572968,0.4160720109939575,-0.261934757232666,0.0809829831123352,-0.278115451335907,-0.2784121334552765,-0.07145930081605911,-0.06353968381881714,0.6783210635185242,-0.27683666348457336,0.03256072476506233,-0.061734944581985474,0.15402263402938843,-0.2498488873243332,-0.21051116287708282
69,410,298,423,311,0.6344302892684937,-0.2656201124191284,0.10987472534179688,0.9183402061462402,-0.06688525527715683,-0.2772224545478821,0.09082211554050446,-0.26424795389175415,-0.26833614706993103,-0.26985615491867065,1.0575767755508423,-0.27822455763816833,-0.05174046754837036,0.5701754093170166,-0.11783056706190109,-0.16719067096710205,-0.2396385669708252,-0.18020302057266235,-0.2776915729045868,-0.2543655335903168,-0.25867342948913574,-0.21419981122016907,-0.01772901974618435,-0.20737223327159882,-0.08345606178045273,-0.22343489527702332,-0.21084155142307281,-0.27715134620666504,0.5316565632820129,0.3162790834903717,-0.24374157190322876,-0.1411203145980835,-0.07195813953876495,0.30950888991355896,-0.2186494618654251,-0.27382761240005493,-0.2558416724205017,-0.06144890934228897,-0.276620477437973,-0.2489808350801468,-0.26437830924987793,-0.25097742676734924,-0.27233588695526123,-0.028022723272442818,0.5806035995483398,-0.27397045493125916,-0.26287466287612915,0.5856530070304871,0.43567365407943726,0.07984945178031921,0.18314023315906525,-0.23446179926395416,0.16845250129699707,-0.2431049793958664,-0.06526503711938858,-0.23565056920051575,-0.2709401249885559,0.027755102142691612,0.09121354669332504,-0.21090899407863617,0.3491179347038269,1.4070820808410645,-0.2514244616031647,0.18200130760669708,1.6657545566558838,-0.23540718853473663,-0.21074073016643524,0.274228036403656,-0.20686842501163483,0.9870906472206116,1.1896333694458008,-0.2302849292755127,-0.1893487125635147,-0.06322425603866577,-0.12707193195819855,-0.26498034596443176,0.6733742356300354,-0.2431022971868515,-0.18750877678394318,-0.2508198320865631,-0.20854352414608002,-0.27807849645614624,-0.27835333347320557,-0.21143412590026855,-0.07430245727300644,-0.014108598232269287,-0.27761948108673096,-0.14944200217723846,0.04509860277175903,-0.2259611040353775,-0.21925696730613708,-0.028582097962498665,-0.06910210102796555,-0.2203637808561325,-0.25951215624809265,-0.18396055698394775,-0.2750832736492157,-0.0542757473886013,-0.22115647792816162,0.3288858234882355,0.008714037016034126,0.5337314605712891,0.05915755778551102,1.016607403755188,-0.27789977192878723,0.48187753558158875,0.11473188549280167,-0.24105305969715118,-0.07814212143421173,0.2555626332759857,-0.2735997438430786,-0.27665066719055176,-0.1695985347032547,-0.08372834324836731,0.551174521446228,-0.25932326912879944,1.9864815473556519,-0.27367037534713745,-0.2768475413322449,-0.17422698438167572,-0.11430004984140396,0.17409344017505646,-0.27259325981140137,0.5597773790359497,-0.06366919726133347,0.19039340317249298,0.07980894297361374,-0.2511287033557892
70,408,442,420,454,0.6087502837181091,-0.2773023247718811,0.0038550980389118195,0.8739029765129089,-0.0280016977339983,-0.27837705612182617,0.021742716431617737,-0.274771124124527,-0.2732349634170532,-0.2688003480434418,1.4708534479141235,-0.2775590419769287,-0.18483157455921173,1.22292959690094,-0.15159952640533447,-0.21688227355480194,-0.09797974675893784,-0.13681793212890625,-0.27825504541397095,-0.2074524611234665,-0.2772742807865143,-0.23369184136390686,-0.1362088918685913,-0.2728272080421448,-0.19335460662841797,-0.27205368876457214,-0.19389642775058746,-0.2774660885334015,0.8106769323348999,0.088272325694561,-0.2753061056137085,-0.10724125802516937,-0.10830716043710709,0.44999632239341736,-0.22980321943759918,-0.2604891061782837,-0.2535477578639984,-0.17179878056049347,-0.2741360068321228,-0.2780380845069885,-0.25801578164100647,-0.24419549107551575,-0.27178916335105896,0.0880073830485344,0.36243921518325806,-0.27608975768089294,-0.2776925563812256,0.7314817905426025,1.375213623046875,0.449346661567688,0.05158733204007149,-0.23081158101558685,0.3114749789237976,-0.22347089648246765,-0.20881515741348267,-0.19584892690181732,-0.263063907623291,0.31540587544441223,0.1155860647559166,-0.14052951335906982,0.9340982437133789,1.7427016496658325,-0.24294981360435486,0.18714787065982819,2.4768481254577637,-0.2776174247264862,-0.27115628123283386,0.20283803343772888,-0.24174438416957855,1.2160626649856567,1.3473881483078003,-0.2209947258234024,-0.2574882507324219,0.16803941130638123,-0.1176595687866211,-0.2762714624404907,0.6687030792236328,-0.27705883979797363,-0.11429804563522339,-0.18014852702617645,-0.23594391345977783,-0.27588701248168945,-0.27791088819503784,-0.17678014934062958,-0.016882214695215225,-0.26876553893089294,-0.27819910645484924,-0.12452959269285202,-0.10286957025527954,-0.2610280513763428,-0.16438575088977814,-0.12105489522218704,-0.15265803039073944,-0.22373755276203156,-0.2784319221973419,-0.17563782632350922,-0.278378427028656,-0.10636407881975174,-0.19367554783821106,0.27717483043670654,-0.12309123575687408,0.225236177444458,0.17754322290420532,1.191834568977356,-0.23813186585903168,0.8065245747566223,0.09010914713144302,-0.25998038053512573,-0.2500500977039337,0.17140166461467743,-0.2713089883327484,-0.26843389868736267,-0.1997036635875702,-0.018314745277166367,0.4929499924182892,-0.26166656613349915,2.4480061531066895,-0.25403285026550293,-0.26707392930984497,-0.07481671124696732,-0.08145629614591599,0.14568538963794708,-0.23720289766788483,0.8863180875778198,-0.03095293790102005,0.09567560255527496,0.32021093368530273,-0.2673637568950653
71,502,497,515,509,-0.1613553762435913,-0.25924205780029297,-0.2648497521877289,1.625815510749817,-0.04150381684303284,0.8817482590675354,-0.2706526219844818,-0.16343209147453308,-0.12148983031511307,-0.07298839837312698,-0.15134169161319733,-0.26508828997612,-0.2634629011154175,0.5258258581161499,0.20766697824001312,-0.2773655951023102,-0.03560590371489525,-0.12101311981678009,-0.2529072165489197,0.17035482823848724,-0.14909473061561584,1.3643953800201416,-0.26517176628112793,0.6325668692588806,4.681556224822998,-0.26216331124305725,-0.27353590726852417,-0.2784549295902252,-0.1650349646806717,-0.26078498363494873,-0.24212247133255005,-0.2679412364959717,-0.2780243158340454,-0.03763309866189957,-0.26390400528907776,-0.2784552276134491,0.740420937538147,-0.049816444516181946,-0.2779148519039154,-0.16411851346492767,-0.2651664614677429,0.9450127482414246,1.399178147315979,-0.2689077854156494,-0.26535993814468384,-0.013151636347174644,-0.2748861014842987,1.3093490600585938,5.755581855773926,0.251885324716568,0.6110448241233826,-0.004278243985027075,-0.24799485504627228,0.2493763267993927,-0.2740129232406616,-0.05877383425831795,-0.27250537276268005,1.0736441612243652,0.6291240453720093,-0.12897756695747375,-0.21335072815418243,-0.2671198546886444,-0.017433634027838707,-0.04816591739654541,-0.27846434712409973,-0.226400226354599,-0.2081766128540039,-0.2784160375595093,0.13390253484249115,-0.27809828519821167,0.20378993451595306,-0.2782611846923828,-0.26414352655410767,-0.21670512855052948,-0.11747695505619049,-0.15177740156650543,-0.10749071836471558,-0.1367569863796234,-0.27789098024368286,-0.15545685589313507,2.100172519683838,-0.10210147500038147,-0.2658325731754303,0.0003501470491755754,0.5003073215484619,-0.04961950331926346,-0.04584641009569168,-0.20422421395778656,-0.2706117331981659,-0.24845494329929352,0.0037317597307264805,1.3418560028076172,-0.22983577847480774,1.0701234340667725,-0.18958383798599243,0.023532560095191002,-0.15785853564739227,-0.19259104132652283,0.2506828010082245,-0.27333864569664,-0.22090595960617065,0.0744195207953453,-0.11129111051559448,-0.010315602645277977,-0.2002352625131607,0.7892947793006897,0.1600365936756134,-0.16538996994495392,-0.22258995473384857,-0.2277950495481491,-0.2515546381473541,-0.0919179618358612,-0.22909247875213623,-0.2051807940006256,-0.27836301922798157,-0.17167212069034576,-0.25137048959732056,0.5487456917762756,-0.19172319769859314,-0.16515472531318665,0.45782992243766785,0.1778707057237625,-0.22234205901622772,0.9565895795822144,0.3480556309223175,-0.19429050385951996,-0.059732768684625626,0.03850476071238518
72,355,427,367,439,1.8079547882080078,-0.26963409781455994,-0.1657465249300003,0.8527031540870667,-0.00693143205717206,-0.26671162247657776,-0.26629477739334106,-0.25517934560775757,-0.2327451854944229,-0.2780231237411499,0.7470064163208008,-0.2389836460351944,-0.2667931318283081,1.5018638372421265,-0.23161746561527252,-0.22963589429855347,-0.05040747672319412,-0.26634281873703003,-0.11427466571331024,-0.152854323387146,-0.24208955466747284,0.14128327369689941,-0.2714414894580841,-0.2685796320438385,-0.22528572380542755,-0.15346764028072357,-0.2697792053222656,-0.2724122703075409,0.6405255794525146,0.3828088641166687,-0.24005462229251862,-0.17380593717098236,0.12422523647546768,0.2326219379901886,-0.2694849371910095,-0.26133042573928833,-0.2406136393547058,0.05879039317369461,-0.24446430802345276,-0.24378876388072968,-0.2592693865299225,-0.25573694705963135,-0.18514615297317505,0.33000168204307556,0.5009238123893738,-0.26533323526382446,-0.2748810946941376,0.6570562720298767,0.22434808313846588,-0.24831241369247437,0.38058727979660034,0.19009755551815033,0.20144076645374298,-0.2019212543964386,-0.16277268528938293,-0.19611838459968567,-0.23593907058238983,0.04597901180386543,-0.019574491307139397,-0.16756169497966766,0.006509764585644007,1.4177794456481934,-0.2783187925815582,-0.2343614250421524,4.280365943908691,-0.2774367928504944,-0.17285612225532532,0.40080687403678894,-0.2784525156021118,0.5465628504753113,2.7793054580688477,-0.12331021577119827,-0.2784249186515808,-0.26940861344337463,-0.03442365303635597,-0.2783498764038086,1.1538296937942505,-0.2779107689857483,-0.1744687557220459,-0.0976390540599823,-0.046612922102212906,-0.22446998953819275,-0.274861603975296,-0.2770586907863617,0.15056058764457703,-0.27724096179008484,-0.21738556027412415,-0.11428212374448776,-0.060767095535993576,-0.27735719084739685,-0.08446779102087021,-0.1842707395553589,-0.2646600008010864,-0.22264444828033447,-0.2721098065376282,-0.03129015862941742,-0.2759130895137787,-0.10926232486963272,-0.25632137060165405,0.5273687243461609,0.044684868305921555,1.2506678104400635,0.3224174976348877,1.3236823081970215,-0.26505738496780396,0.40558376908302307,0.04022147133946419,-0.2058602273464203,-0.2783820927143097,0.007916073314845562,-0.2407020628452301,-0.26765045523643494,-0.2746979296207428,0.4167972207069397,0.14433573186397552,-0.2504942715167999,0.3457551598548889,-0.2555096745491028,-0.2782077491283417,-0.046593956649303436,-0.055282436311244965,-0.09165069460868835,-0.1662357896566391,0.9655846953392029,-0.05628538876771927,-0.20011329650878906,1.253121256828308,-0.22370395064353943
73,311,569,324,581,-0.18516162037849426,-0.2683291435241699,0.074504554271698,1.243655800819397,-0.15159128606319427,-0.19630151987075806,-0.2610284984111786,-0.2683568000793457,-0.1694350242614746,-0.10956090688705444,0.3292456865310669,-0.24032507836818695,-0.21127629280090332,3.878837823867798,-0.2426327019929886,-0.2083682119846344,-0.19382116198539734,2.4013729095458984,0.11852870881557465,-0.27811333537101746,-0.12004853785037994,-0.2758270502090454,-0.27846160531044006,-0.22856475412845612,2.58974552154541,0.49926912784576416,-0.2579377293586731,0.08448653668165207,-0.24020543694496155,0.297161340713501,-0.27843666076660156,-0.2736339569091797,0.5470523238182068,-0.2520799934864044,-0.2773682773113251,-0.27306145429611206,-0.2109052836894989,4.237681865692139,-0.23518458008766174,2.0018131732940674,-0.09054466336965561,-0.047462303191423416,0.4194340407848358,-0.18981444835662842,-0.18126127123832703,1.4953820705413818,-0.1694515198469162,0.42229339480400085,-0.25227463245391846,-0.023874757811427116,1.4973841905593872,-0.21479898691177368,-0.1655873954296112,-0.12791301310062408,1.490930199623108,-0.2701846659183502,-0.24887892603874207,-0.2750086486339569,0.8424811959266663,-0.22736157476902008,-0.20009355247020721,0.4143904745578766,0.14398029446601868,-0.2782909572124481,1.0676703453063965,-0.2716498076915741,-0.07037091255187988,0.5098637342453003,-0.1366773247718811,-0.2779122591018677,-0.17742566764354706,-0.2172621637582779,-0.27366188168525696,1.638805866241455,0.03588174656033516,0.09275560826063156,-0.21459408104419708,-0.19188959896564484,-0.1961449831724167,-0.19916443526744843,0.07442805916070938,-0.20286348462104797,-0.2675873339176178,3.0769689083099365,0.04428735375404358,-0.0983956977725029,-0.06564485281705856,-0.055253151804208755,6.362008094787598,-0.22906410694122314,-0.21277663111686707,0.2240620106458664,-0.2675095498561859,-0.21711571514606476,-0.12115989625453949,-0.23683002591133118,-0.04719256982207298,-0.26406413316726685,0.9071674346923828,-0.030581660568714142,2.952057361602783,-0.27383992075920105,0.4160875678062439,0.06144999340176582,0.1640162318944931,-0.17088335752487183,0.03301839157938957,-0.15526381134986877,-0.27752482891082764,-0.0649510845541954,-0.27348724007606506,-0.2663310170173645,-0.21111570298671722,0.08710802346467972,-0.04425736144185066,-0.15413901209831238,0.040776196867227554,1.1048502922058105,0.0701029896736145,0.21772408485412598,0.2627217471599579,0.7709118723869324,-0.17569312453269958,0.519266664981842,-0.2262510359287262,0.8537294864654541,-0.19842210412025452,-0.003973056096583605
74,499,897,513,910,-0.2595575451850891,-0.24838754534721375,-0.2377767711877823,1.581435203552246,-0.02667718008160591,1.2330294847488403,-0.2774531841278076,-0.2752755582332611,-0.2353106588125229,-0.24322032928466797,-0.24806803464889526,-0.21351176500320435,-0.14342723786830902,0.5932450294494629,1.0144305229187012,-0.23105087876319885,-0.2694176733493805,-0.2747693955898285,-0.23130790889263153,0.10734131187200546,-0.12889884412288666,4.763133525848389,-0.25943636894226074,0.4385884702205658,4.655645370483398,-0.22920477390289307,-0.23463018238544464,-0.07153379917144775,-0.11792906373739243,-0.2649269998073578,-0.2530127763748169,-0.2649167478084564,-0.27845433354377747,-0.13159534335136414,-0.2596694827079773,-0.25906750559806824,0.8411129117012024,-0.013213630765676498,-0.2767913043498993,-0.2358292043209076,-0.2784484922885895,0.7173802852630615,0.870439887046814,-0.17373742163181305,-0.26702597737312317,-0.02464890666306019,-0.2780592143535614,1.9987000226974487,1.2199686765670776,-0.1604263335466385,1.7827613353729248,2.193325996398926,-0.27845269441604614,-0.09865494072437286,0.3878219425678253,-0.17679813504219055,-0.16303656995296478,0.1275738924741745,2.9679102897644043,-0.2638535797595978,-0.19928619265556335,-0.17658613622188568,-0.2584679126739502,-0.1364257037639618,-0.2627253532409668,-0.2356463074684143,-0.2575823664665222,-0.2422710359096527,-0.26591959595680237,-0.14655707776546478,1.0767879486083984,-0.24096408486366272,-0.23576967418193817,-0.1101716086268425,0.32927384972572327,-0.025520943105220795,-0.11238811165094376,-0.08925407379865646,-0.23672950267791748,-0.1842530071735382,3.0827853679656982,-0.2756969928741455,-0.2731884717941284,-0.05356629192829132,0.005703953094780445,-0.09153056889772415,-0.20999081432819366,-0.12890855967998505,-0.23372521996498108,-0.2702937126159668,-0.27772417664527893,0.9910203218460083,-0.10729946941137314,0.9321188926696777,-0.2776699960231781,0.7194411158561707,-0.18896403908729553,-0.23413172364234924,-0.20681464672088623,-0.1953764259815216,-0.278106689453125,-0.17566081881523132,-0.07318822294473648,-0.0941215381026268,-0.16775210201740265,0.615759551525116,0.03581419214606285,-0.26242008805274963,0.09595196694135666,-0.27164795994758606,-0.22962677478790283,0.27569299936294556,-0.15036511421203613,-0.13055840134620667,-0.21347829699516296,-0.12654994428157806,-0.0401465930044651,-0.27095577120780945,-0.11565878987312317,-0.2058694064617157,0.30884850025177,-0.10376950353384018,-0.2783277928829193,0.2882353365421295,-0.24229677021503448,-0.20272716879844666,-0.08164692670106888,0.4969339072704315
75,253,504,266,516,0.23863524198532104,-0.2784478962421417,-0.018543949350714684,0.9177793860435486,-0.05989474430680275,-0.2761663794517517,-0.2403101772069931,-0.2601471543312073,-0.2679201066493988,-0.2716679275035858,0.8167029023170471,-0.2446845918893814,0.27088412642478943,0.19421949982643127,-0.14803044497966766,-0.17731308937072754,-0.27832821011543274,-0.15239107608795166,-0.25403672456741333,-0.25709137320518494,-0.2487473338842392,-0.05134954676032066,0.23407100141048431,-0.16487616300582886,0.13751322031021118,-0.1933799684047699,-0.20994317531585693,-0.23458285629749298,-0.027554107829928398,0.6009042263031006,-0.2142600566148758,-0.17611269652843475,0.11645480990409851,0.08519188314676285,-0.26312410831451416,-0.2728407084941864,-0.2616115212440491,-0.10226646065711975,-0.2694316506385803,-0.22397956252098083,-0.2668220102787018,-0.24415484070777893,-0.2765558660030365,-0.19499382376670837,0.436271995306015,-0.2531731426715851,-0.26259317994117737,0.5819116830825806,0.057827744632959366,-0.07396411150693893,0.400131493806839,-0.2087007462978363,-0.024635499343276024,-0.22022387385368347,-0.14381200075149536,-0.09691425412893295,-0.26417991518974304,-0.009318049997091293,-0.037781376391649246,-0.25627759099006653,-0.05348695442080498,0.8460514545440674,-0.12686748802661896,-0.2664811611175537,0.021383626386523247,-0.14858557283878326,-0.24898852407932281,-0.023414501920342445,0.001725356443785131,0.6721763610839844,0.47426870465278625,-0.2757399380207062,-0.2161693274974823,0.02169063687324524,-0.045982737094163895,-0.2771901488304138,0.16588513553142548,-0.2751389145851135,-0.2662336528301239,-0.11871930211782455,-0.07470143586397171,-0.2588101327419281,-0.27344056963920593,-0.26676851511001587,-0.024236779659986496,-0.08341469615697861,-0.1950197070837021,-0.10809885710477829,0.18813791871070862,-0.24825909733772278,-0.19376994669437408,-0.015548820607364178,0.11677272617816925,-0.24208877980709076,-0.2784481644630432,-0.26240161061286926,-0.2508760988712311,0.42974936962127686,-0.23452109098434448,0.31253957748413086,0.08231854438781738,0.22690317034721375,0.14990364015102386,0.49189504981040955,-0.2706427574157715,0.01439778320491314,0.0040818615816533566,-0.19911080598831177,-0.045234594494104385,-0.049466293305158615,-0.2385895699262619,-0.27501896023750305,-0.2701818346977234,-0.1426355540752411,0.454931378364563,-0.2674241364002228,0.5388350486755371,-0.27697810530662537,-0.2783094048500061,-0.09464747458696365,-0.09894314408302307,0.6646751165390015,-0.278330534696579,0.3298253118991852,-0.1442819982767105,0.31885024905204773,-0.1367347538471222,-0.22904475033283234
76,376,569,389,582,0.43718475103378296,-0.24367555975914001,0.23363469541072845,0.9201439023017883,-0.04178775101900101,-0.27840307354927063,-0.24064920842647552,-0.26594024896621704,-0.25658902525901794,-0.17609921097755432,0.8216677904129028,-0.24436409771442413,-0.2509745955467224,2.3085341453552246,-0.24571068584918976,-0.25193163752555847,-0.14035354554653168,-0.2387305051088333,-0.2779695987701416,-0.08068446815013885,-0.13029754161834717,-0.2782358229160309,-0.1909332275390625,-0.27184271812438965,-0.012979959137737751,-0.2740946412086487,-0.2306901514530182,-0.2493458390235901,0.21124935150146484,0.5232921838760376,-0.26200443506240845,-0.05190473049879074,0.30777621269226074,0.2453898787498474,-0.2782287001609802,-0.22926698625087738,-0.23232512176036835,3.0030486583709717,-0.2765287160873413,0.5862619876861572,-0.2751971483230591,-0.2506023943424225,-0.19739042222499847,-0.11370957642793655,-0.26691943407058716,0.7352515459060669,-0.20739392936229706,1.140505313873291,-0.07231444120407104,0.4712854027748108,-0.004323218483477831,-0.18559576570987701,1.2007532119750977,-0.2019183337688446,0.46704235672950745,-0.2596231698989868,-0.23489874601364136,-0.2720673680305481,-0.208650141954422,-0.19609028100967407,-0.196837916970253,2.120854139328003,-0.27001452445983887,-0.23891009390354156,3.614319324493408,-0.19699862599372864,-0.18836362659931183,0.4922850728034973,-0.16727954149246216,-0.14982494711875916,1.5189582109451294,-0.27079859375953674,-0.27055636048316956,0.39411982893943787,-0.2784409523010254,-0.2746207118034363,0.539219319820404,-0.27724993228912354,-0.24254785478115082,-0.11181482672691345,-0.1862955540418625,-0.24986131489276886,-0.26785987615585327,0.32235512137413025,0.034724149852991104,-0.20658868551254272,-0.10860508680343628,-0.026581432670354843,3.2745509147644043,-0.19376316666603088,-0.13060472905635834,0.20489613711833954,-0.23095671832561493,-0.2651546895503998,-0.2542905807495117,-0.2724195718765259,-0.2683453857898712,-0.27823975682258606,-0.15658968687057495,0.27542945742607117,0.13665664196014404,0.8237819671630859,0.5255427956581116,1.6144635677337646,0.508910059928894,0.46225032210350037,-0.1141873374581337,-0.20473770797252655,-0.2310992330312729,-0.0037723216228187084,-0.277244508266449,-0.24287982285022736,-0.20540589094161987,0.18661975860595703,0.3398520052433014,-0.2278323918581009,1.34549081325531,-0.01258242130279541,-0.27651384472846985,0.30407074093818665,0.041115909814834595,0.44103100895881653,-0.1682509034872055,0.7626882195472717,-0.1666395515203476,1.4969319105148315,0.3059208393096924,-0.23417498171329498
77,451,673,464,686,-0.2237461805343628,-0.2298361361026764,-0.2784416377544403,1.5579204559326172,-0.028262203559279442,1.1389172077178955,-0.26559874415397644,-0.2708550691604614,-0.10796456784009933,-0.25726398825645447,-0.10665355622768402,-0.15809020400047302,-0.22661352157592773,0.7752339839935303,0.8276761174201965,-0.2530304193496704,-0.25860095024108887,-0.2518020570278168,-0.22772987186908722,0.8867597579956055,-0.10549148172140121,4.383194923400879,-0.25712916254997253,0.12435103952884674,6.071193695068359,-0.2656923532485962,-0.27845266461372375,-0.25958752632141113,-0.10802681744098663,-0.26473885774612427,-0.17939922213554382,-0.2765463888645172,-0.2428227812051773,-0.05591346323490143,-0.27816250920295715,-0.26686885952949524,0.7586116194725037,-0.024309178814291954,-0.20482879877090454,-0.27797529101371765,-0.27722713351249695,0.5304639935493469,0.5813440680503845,0.07781332731246948,-0.2711990177631378,0.028060367330908775,-0.216765895485878,1.2560375928878784,0.8543020486831665,-0.19278883934020996,1.5738356113433838,2.4062981605529785,-0.2676841616630554,0.19579990208148956,-0.24109968543052673,-0.09440219402313232,-0.166241854429245,0.3987153172492981,2.2556545734405518,-0.2764156758785248,-0.23593570291996002,-0.19898077845573425,-0.18778610229492188,-0.22644364833831787,-0.25733131170272827,-0.2784530818462372,-0.2610265612602234,-0.25224703550338745,-0.2770989239215851,-0.21844953298568726,0.9479340314865112,-0.2778252959251404,-0.2138640433549881,-0.0974450409412384,0.29493632912635803,0.020830869674682617,-0.05403324216604233,-0.09777043014764786,-0.27668046951293945,-0.08347071707248688,2.567880868911743,-0.21670430898666382,-0.27811145782470703,0.13770906627178192,-0.18586263060569763,-0.04543532058596611,-0.1324806958436966,-0.056626636534929276,-0.2552630603313446,-0.23019708693027496,-0.269092321395874,1.3609102964401245,-0.047363992780447006,0.8634523749351501,-0.2330041527748108,0.6306094527244568,-0.1491684466600418,-0.27782827615737915,-0.21808654069900513,-0.2247667908668518,-0.2538417875766754,-0.22156044840812683,0.7176756262779236,-0.11919959634542465,-0.13280269503593445,0.09063176810741425,0.0029600614216178656,-0.2374025136232376,0.08910442888736725,-0.24353545904159546,-0.12498920410871506,-0.11521993577480316,-0.22111521661281586,-0.06422197818756104,-0.24321028590202332,-0.18872709572315216,-0.029442206025123596,-0.27839410305023193,-0.16381704807281494,-0.1562119424343109,0.4278917610645294,-0.07027992606163025,-0.27822983264923096,0.9619947075843811,-0.19372153282165527,-0.20397651195526123,-0.09697368741035461,0.31601572036743164
78,334,569,346,580,0.5733311772346497,-0.2319875955581665,0.031641099601984024,0.8345794677734375,-0.01821109652519226,-0.2669236660003662,-0.24753952026367188,-0.26680082082748413,-0.25143900513648987,-0.26608091592788696,1.098870038986206,-0.16879768669605255,-0.19920694828033447,0.7195949554443359,-0.27753445506095886,-0.2583524286746979,-0.18887445330619812,-0.05969179421663284,-0.1577264964580536,-0.1318439543247223,-0.20975251495838165,-0.23000724613666534,0.09642283618450165,-0.24276846647262573,0.2286577969789505,-0.27844828367233276,-0.2632448971271515,-0.1964767426252365,-0.044246602803468704,0.3321871757507324,-0.18724288046360016,-0.10099056363105774,0.09505098313093185,0.202270045876503,-0.2756827473640442,-0.20702040195465088,-0.2753826975822449,0.9778643250465393,-0.2571988105773926,-0.20931051671504974,-0.22068972885608673,-0.27758076786994934,-0.22098903357982635,-0.2777007818222046,-0.0034700892865657806,-0.015395307913422585,-0.21547254920005798,0.6021724343299866,-0.12045818567276001,0.058668024837970734,0.2424928843975067,-0.24065876007080078,0.19049787521362305,-0.19208119809627533,-0.12183355540037155,-0.09133689850568771,-0.17716553807258606,-0.24240706861019135,-0.21072660386562347,-0.22502942383289337,-0.20625069737434387,1.4753917455673218,-0.2612042725086212,-0.27558672428131104,1.3554753065109253,-0.23780301213264465,-0.27244558930397034,0.17639634013175964,-0.1781696081161499,0.11224795877933502,1.2693383693695068,-0.2768470048904419,-0.2784644365310669,-0.20690709352493286,-0.14651034772396088,-0.275765061378479,0.6479320526123047,-0.2538776993751526,-0.22649018466472626,-0.030409419909119606,-0.08128531277179718,-0.1635226011276245,-0.2548242509365082,-0.24529552459716797,0.03966216370463371,-0.1943899244070053,-0.21813084185123444,-0.02325422689318657,0.9854593276977539,-0.21661904454231262,-0.09901022166013718,0.2754388749599457,0.044509727507829666,-0.20027108490467072,-0.25558117032051086,-0.27252963185310364,-0.2666570246219635,-0.18444573879241943,-0.2722630798816681,0.5534474849700928,-0.07947757840156555,0.5659869909286499,0.1899314820766449,1.0544159412384033,-0.2753872573375702,0.09197981655597687,-0.2771647572517395,-0.12128973007202148,-0.20940400660037994,-0.24656091630458832,-0.27776864171028137,-0.22231018543243408,-0.2776681184768677,-0.17899908125400543,0.7902647256851196,-0.2778235971927643,0.46491917967796326,-0.27813804149627686,-0.21734808385372162,-0.09321997314691544,-0.006029636599123478,0.4508369565010071,-0.19656117260456085,0.3061755895614624,-0.20551617443561554,1.1390361785888672,-0.001581246848218143,-0.24962516129016876
79,263,500,274,511,-0.13475796580314636,-0.2067912071943283,-0.27826276421546936,1.228706955909729,-0.10013731569051743,-0.25431305170059204,-0.26463499665260315,-0.2783796489238739,-0.0503336526453495,-0.2774968147277832,0.526813805103302,-0.2743320167064667,-0.17207758128643036,3.3276443481445312,-0.03106246329843998,-0.045164547860622406,-0.03301120176911354,-0.15605361759662628,1.5770639181137085,-0.24456270039081573,-0.2780683934688568,-0.22177545726299286,-0.27058374881744385,-0.2676769495010376,3.3928420543670654,-0.2740340530872345,0.7736252546310425,-0.15800942480564117,-0.2684275507926941,-0.27839189767837524,-0.09357273578643799,-0.16791793704032898,-0.2784055173397064,0.6785770654678345,-0.26697900891304016,-0.1469944268465042,-0.003497946308925748,-0.18388666212558746,-0.10564181208610535,-0.2124943733215332,-0.275069922208786,0.12997929751873016,1.7093676328659058,-0.1285208910703659,-0.13434791564941406,-0.0009936557617038488,-0.13030466437339783,0.9522647857666016,5.267512798309326,1.4374339580535889,0.7407482266426086,-0.1478261649608612,0.2967904508113861,-0.007067887112498283,-0.1560218334197998,-0.03891780599951744,-0.06404265761375427,0.9796313047409058,0.5341298580169678,-0.04196639358997345,2.2086613178253174,-0.180241197347641,0.5615954995155334,0.04381858557462692,0.3575223982334137,-0.27846387028694153,-0.21527129411697388,0.5544490218162537,-0.2020605504512787,0.6916006207466125,-0.058718010783195496,-0.2620520293712616,-0.2277662605047226,-0.2783505916595459,0.11993759870529175,-0.2719891667366028,-0.07399076968431473,-0.176334947347641,-0.27846360206604004,-0.12802259624004364,0.6496134400367737,-0.24146565794944763,-0.278384804725647,0.020031314343214035,-0.27813732624053955,-0.016485203057527542,-0.017639560624957085,-0.22881366312503815,-0.27801331877708435,-0.224340558052063,-0.26479795575141907,0.9606131911277771,-0.09177815914154053,-0.001679169130511582,-0.18351803719997406,-0.0922299176454544,-0.27846425771713257,-0.23666219413280487,0.9146443009376526,-0.22648918628692627,-0.27535223960876465,-0.15037086606025696,1.3167186975479126,0.5774479508399963,-0.1497543305158615,0.5922891497612,0.9175273180007935,-0.04282475262880325,-0.2781682014465332,-0.11891555041074753,-0.12268441915512085,-0.27051782608032227,-0.27797645330429077,-0.0814419686794281,-0.03606776148080826,-0.11111336201429367,1.0369127988815308,1.9046440124511719,0.5899127721786499,-0.20446698367595673,0.11012540012598038,-0.08555012941360474,-0.23953194916248322,3.507521867752075,-0.18046586215496063,-0.16991592943668365,-0.08790263533592224,-0.27430570125579834
80,298,460,311,473,0.38538092374801636,-0.26959559321403503,0.06019529327750206,0.9960543513298035,-0.10943739861249924,-0.2780851125717163,-0.13900117576122284,-0.14837484061717987,-0.26726481318473816,-0.18145917356014252,0.8267182111740112,-0.2434680014848709,0.429930180311203,0.3230708837509155,-0.18082034587860107,-0.10734932124614716,-0.278255432844162,-0.18557380139827728,-0.2666133940219879,-0.27616965770721436,-0.2631877660751343,-0.08152402937412262,0.125644251704216,-0.17265012860298157,0.28764793276786804,-0.2188321202993393,-0.24271956086158752,-0.23932158946990967,0.16052573919296265,0.37349966168403625,-0.034568313509225845,-0.1846042275428772,-0.021659530699253082,0.12073442339897156,-0.24865740537643433,-0.2760920226573944,-0.2386123687028885,0.23065266013145447,-0.27147427201271057,-0.07249027490615845,-0.26853880286216736,-0.20805640518665314,-0.278463751077652,-0.15884637832641602,0.3416500985622406,-0.20186850428581238,-0.1685323268175125,0.5546687245368958,0.022914642468094826,-0.08013953268527985,0.35677316784858704,-0.27093860507011414,0.04560496658086777,-0.19806310534477234,0.03564255312085152,-0.2043513059616089,-0.2749895751476288,-0.0753721371293068,-0.12099192291498184,-0.2266131192445755,0.011425986886024475,0.9848827123641968,-0.16019757091999054,-0.21336933970451355,0.5521510243415833,-0.1232849732041359,-0.2569230794906616,0.49095654487609863,0.012894396670162678,0.5381007194519043,0.7940905094146729,-0.2771582305431366,-0.21552956104278564,0.0826951339840889,-0.09585553407669067,-0.27391254901885986,0.34255263209342957,-0.26313620805740356,-0.2592785358428955,-0.23893114924430847,0.06171785295009613,-0.27586352825164795,-0.27659091353416443,-0.16627581417560577,-0.09280639886856079,0.0460653081536293,-0.2701992392539978,-0.20901383459568024,0.5746654868125916,-0.20142696797847748,-0.2577332854270935,0.06708832085132599,0.24226777255535126,-0.2566818296909332,-0.2701030373573303,-0.27095460891723633,-0.21633177995681763,0.4035971760749817,-0.1449156254529953,0.23160825669765472,0.03468434885144234,0.6831942796707153,0.0815238431096077,0.7318263649940491,-0.2746579349040985,0.17434906959533691,0.1844945251941681,-0.27292701601982117,0.04709155857563019,0.1512642651796341,-0.20421087741851807,-0.27701327204704285,-0.2782656252384186,-0.12052405625581741,0.46808621287345886,-0.2458215057849884,0.6866028904914856,-0.2731320858001709,-0.27732551097869873,-0.11748488247394562,-0.057048894464969635,0.427171528339386,-0.27091729640960693,0.14544382691383362,-0.046168893575668335,0.16251571476459503,-0.21514420211315155,-0.22502243518829346
81,478,481,490,493,-0.040135663002729416,-0.23685944080352783,-0.07888633012771606,0.9308868646621704,-0.04285752400755882,-0.2722579538822174,-0.08657822012901306,-0.26129138469696045,-0.2536661624908447,-0.27131322026252747,1.0432482957839966,-0.14825211465358734,0.39240795373916626,0.3803750276565552,-0.1654987782239914,-0.22149939835071564,-0.2502530515193939,-0.11878684908151627,-0.27575868368148804,-0.2174212634563446,-0.25769227743148804,-0.21648719906806946,0.270285964012146,-0.2275162935256958,0.56247878074646,-0.252774178981781,-0.23772981762886047,-0.17714543640613556,0.10732045024633408,0.33457356691360474,-0.01289018988609314,-0.09971302002668381,-0.09890400618314743,0.12317736446857452,-0.275951623916626,-0.27232083678245544,-0.24540652334690094,-0.13392284512519836,-0.2779366970062256,-0.26144805550575256,-0.2395969033241272,-0.23933827877044678,-0.2557940185070038,-0.26222461462020874,0.30209586024284363,-0.2588314712047577,-0.2742665410041809,0.6522547006607056,0.4659017026424408,0.2369541972875595,0.23900941014289856,-0.273674875497818,0.03098968043923378,-0.25287505984306335,-0.2256193459033966,-0.08404307812452316,-0.2255716323852539,-0.2170681208372116,-0.14613278210163116,-0.18719062209129333,-0.007589353714138269,0.7247506380081177,-0.02498636394739151,-0.2733023464679718,-0.07672371715307236,-0.21256884932518005,-0.0687551274895668,-0.11407213658094406,0.21029914915561676,0.8780977725982666,0.2311875969171524,-0.27504345774650574,-0.24124673008918762,-0.15199902653694153,-0.09094615280628204,-0.2784561216831207,0.5097122192382812,-0.2674475908279419,-0.26889994740486145,-0.08551467955112457,-0.17855705320835114,-0.23975814878940582,-0.25635164976119995,-0.24071566760540009,0.04952232167124748,-0.12449631839990616,-0.2770307958126068,-0.0809154212474823,0.06850015372037888,-0.2767546772956848,-0.19168353080749512,0.14929595589637756,0.12547507882118225,-0.25233742594718933,-0.27580809593200684,-0.2759002149105072,-0.2287754863500595,-0.1014958992600441,-0.03219946473836899,0.252152681350708,-0.11650682985782623,0.09867346286773682,-0.03867337852716446,0.5792679190635681,-0.2534281611442566,-0.07636939734220505,0.021662335842847824,-0.20089295506477356,0.10513781011104584,0.027965184301137924,-0.1618756204843521,-0.26015207171440125,-0.27164968848228455,-0.1830759346485138,0.46325668692588806,-0.27041831612586975,1.7119004726409912,-0.2508954703807831,-0.2746826410293579,-0.2421637326478958,-0.00025902120978571475,0.5446091890335083,-0.27104640007019043,0.2889864444732666,-0.16395604610443115,0.5405202507972717,-0.26934993267059326,-0.25430023670196533
82,471,648,485,660,0.19901198148727417,-0.16702495515346527,-0.2766426205635071,1.1924915313720703,-0.004155463073402643,-0.27735835313796997,-0.1874999850988388,-0.2661207318305969,-0.07929940521717072,-0.27841848134994507,1.4074732065200806,-0.2276824414730072,-0.2711770534515381,3.451934337615967,-0.25778499245643616,-0.15809105336666107,-0.005112737882882357,-0.04912155494093895,-0.09838748723268509,-0.20770612359046936,-0.23915503919124603,0.15861427783966064,-0.27317309379577637,-0.26556670665740967,-0.22117507457733154,-0.22691479325294495,0.49129223823547363,-0.2673344910144806,1.5303152799606323,-0.26234304904937744,-0.06574517488479614,-0.10437092185020447,-0.23198270797729492,1.3211363554000854,-0.21372520923614502,-0.27730637788772583,0.3908498287200928,-0.05361926928162575,-0.2503660023212433,-0.2340834140777588,-0.27713653445243835,0.20914138853549957,0.9525912404060364,0.4673508107662201,-0.1573188602924347,-0.2512475848197937,-0.24663995206356049,-0.11063252389431,5.289460182189941,1.0797101259231567,1.663735032081604,0.1407126933336258,-0.27846404910087585,-0.06882026791572571,-0.16170379519462585,-0.08524883538484573,-0.11441359668970108,3.070847511291504,0.6987995505332947,-0.10648572444915771,-0.2628932595252991,2.4407215118408203,-0.030696436762809753,0.03692838177084923,3.3118226528167725,-0.16837212443351746,-0.1774309277534485,1.003954291343689,-0.2724423110485077,2.867736577987671,0.20726794004440308,-0.11839547008275986,-0.27842962741851807,-0.022024432197213173,-0.03192351758480072,-0.1979943811893463,0.7368796467781067,-0.2661633789539337,0.3809208273887634,-0.08607231080532074,-0.27070173621177673,-0.26659300923347473,-0.2699526250362396,-0.23083457350730896,-0.251368910074234,-0.1424386352300644,-0.1805681735277176,-0.27477481961250305,-0.23600466549396515,-0.23874910175800323,-0.2563704550266266,0.2236727923154831,-0.26743921637535095,-0.1075192466378212,-0.24170485138893127,0.0888366773724556,-0.27059945464134216,-0.27836084365844727,0.8315934538841248,-0.272954523563385,-0.27658775448799133,-0.24737904965877533,0.5631187558174133,0.9007055163383484,-0.027993129566311836,1.1696372032165527,0.3901147246360779,-0.18313023447990417,-0.18202689290046692,0.6912274360656738,-0.25957798957824707,-0.21856071054935455,-0.2783994972705841,-0.2774295508861542,-0.1267886459827423,-0.23649944365024567,1.244059681892395,-0.24620302021503448,0.3308253288269043,-0.24048568308353424,0.001678099506534636,-0.2783970236778259,-0.08868634700775146,0.06752482056617737,0.2086305022239685,-0.10474022477865219,-0.14869584143161774,-0.2784552574157715
83,539,908,552,920,-0.2744469940662384,-0.24753178656101227,-0.2779851257801056,1.3075507879257202,-0.021335117518901825,-0.24698667228221893,-0.18215662240982056,-0.2613012194633484,-0.2753342390060425,-0.26606544852256775,-0.14750859141349792,-0.20885640382766724,-0.2631099820137024,-0.15634627640247345,1.3638945817947388,-0.23632657527923584,-0.2534272372722626,-0.21195316314697266,-0.10188157856464386,-0.2538582682609558,0.18289914727210999,3.4326043128967285,-0.25202617049217224,5.08668851852417,-0.2651228904724121,-0.2779032289981842,-0.09950897097587585,-0.2776768207550049,-0.27362191677093506,-0.1651623398065567,-0.18333348631858826,-0.2670031189918518,0.28757020831108093,0.8873906135559082,-0.2757415771484375,-0.22960126399993896,0.26759403944015503,-0.04055117443203926,-0.06835891306400299,3.5647687911987305,-0.10685428231954575,0.29917559027671814,-0.21320754289627075,-0.259328693151474,-0.2736510932445526,0.16598010063171387,-0.22219564020633698,1.360177993774414,-0.27247852087020874,-0.2783847451210022,0.15832550823688507,1.7348753213882446,-0.263649582862854,0.1742359697818756,-0.26927056908607483,-0.04174569249153137,-0.2734746038913727,-0.2543626129627228,-0.1518809199333191,-0.2596021890640259,-0.10958674550056458,-0.218150332570076,-0.27018600702285767,-0.06641671806573868,-0.19139400124549866,-0.22655098140239716,-0.25962358713150024,-0.15441465377807617,6.487321376800537,0.03178760036826134,3.2449417114257812,0.1236308217048645,-0.21838277578353882,-0.0896991416811943,-0.2076331377029419,-0.2713513672351837,1.406186580657959,-0.21339228749275208,0.2976095378398895,-0.022174766287207603,-0.22309087216854095,-0.2631036937236786,-0.254602313041687,-0.08495564013719559,-0.06188782677054405,-0.04769454523921013,-0.021450690925121307,-0.11575308442115784,-0.2489655464887619,-0.2072599232196808,-0.26364004611968994,-0.15879696607589722,-0.22660110890865326,-0.03949488699436188,0.10425747185945511,0.1839890480041504,0.0604822114109993,-0.27785295248031616,-0.21367354691028595,-0.17467080056667328,3.3205316066741943,-0.2727404534816742,0.21061119437217712,1.0776785612106323,-0.0475793331861496,-0.2779023349285126,0.09128400683403015,-0.09134752303361893,-0.25411272048950195,-0.2721877694129944,3.7184133529663086,-0.12326008826494217,-0.13177308440208435,2.5095808506011963,-0.2604995667934418,1.0082439184188843,-0.2576935887336731,-0.25734761357307434,0.40114256739616394,-0.07486442476511002,0.2999638617038727,0.9396795034408569,-0.22034701704978943,0.4630625247955322,0.6220905184745789,-0.2679593861103058,0.11535337567329407,0.809558093547821
84,417,584,430,597,0.27243828773498535,-0.2430489957332611,1.8096367120742798,0.9441220760345459,-0.005769291892647743,-0.15725590288639069,0.6303241848945618,-0.24409742653369904,-0.2767578959465027,-0.27739086747169495,0.0603116936981678,-0.26820605993270874,-0.07629850506782532,3.3492794036865234,-0.06608480215072632,-0.2580036520957947,-0.0272917989641428,0.900131106376648,-0.2783461809158325,-0.10513011366128922,-0.12679699063301086,2.46933650970459,-0.2683994770050049,-0.24540159106254578,-0.25308844447135925,-0.23426969349384308,-0.26068776845932007,-0.2286110371351242,1.8496415615081787,-0.17291177809238434,-0.10854827612638474,-0.02634679712355137,-0.0004141402314417064,0.04183005169034004,-0.27751895785331726,-0.07928566634654999,-0.17524570226669312,-0.26816126704216003,-0.12986692786216736,0.8082811832427979,-0.2773476243019104,-0.19321298599243164,-0.25409477949142456,0.3470534086227417,-0.2766856253147125,-0.06600725650787354,-0.12518656253814697,3.2325680255889893,-0.09763164818286896,-0.2761155664920807,-0.152889221906662,0.2803701162338257,-0.25262451171875,-0.15467892587184906,-0.2675377130508423,-0.19462938606739044,-0.2106381505727768,-0.10626202076673508,-0.2664378881454468,-0.2515871226787567,-0.0979868620634079,0.3780790865421295,-0.23657500743865967,1.6635185480117798,5.627526760101318,-0.18941953778266907,-0.12495136260986328,-0.2522244155406952,0.48557034134864807,0.39177823066711426,3.2697625160217285,0.7351202368736267,-0.2471024990081787,-0.09656650573015213,-0.2663058340549469,-0.26146289706230164,2.4598581790924072,-0.27585169672966003,1.6976830959320068,-0.041289668530225754,-0.276336133480072,-0.25155436992645264,-0.27751651406288147,-0.08465088158845901,-0.2742270827293396,-0.013307936489582062,-0.03193500638008118,-0.015027564018964767,0.12598730623722076,-0.10541316121816635,-0.08437902480363846,-0.276289701461792,-0.1760471761226654,-0.2715534269809723,-0.21241916716098785,-0.0294659361243248,-0.27312934398651123,-0.25244101881980896,-0.26890799403190613,0.30490970611572266,0.5717078447341919,-0.15029391646385193,2.1743314266204834,1.1159324645996094,-0.16702933609485626,-0.2721356451511383,0.7826923727989197,-0.2694973647594452,-0.2371455281972885,-0.2307763397693634,-0.22716479003429413,-0.21357522904872894,-0.08027644455432892,3.329348087310791,-0.2742362916469574,-0.1696689873933792,-0.10470935702323914,-0.17824874818325043,0.1251889318227768,0.31042376160621643,0.06323912739753723,0.0746343806385994,-0.2669796347618103,1.1430655717849731,-0.2700517475605011,-0.23543985188007355,1.511736273765564,-0.06365005671977997
85,454,659,467,671,-0.18410871922969818,-0.2666957378387451,-0.264645516872406,1.550394892692566,-0.06406145542860031,0.4065055251121521,-0.26708608865737915,-0.24759365618228912,-0.1251663714647293,-0.2604866623878479,-0.25205934047698975,-0.11481430381536484,-0.26297590136528015,1.884727954864502,-0.02907092496752739,-0.2563941478729248,-0.05513407662510872,-0.09920589625835419,-0.2759040296077728,0.40350088477134705,-0.17289169132709503,1.7141376733779907,-0.27768799662590027,-0.09259818494319916,3.7283711433410645,-0.23594458401203156,-0.2510235607624054,-0.2530120611190796,-0.1508277803659439,-0.2775264382362366,-0.10270117968320847,-0.26922765374183655,-0.278396338224411,-0.04290439561009407,-0.2548227310180664,-0.2510007321834564,0.7112099528312683,-0.03483803942799568,-0.23579874634742737,-0.20844495296478271,-0.2759978771209717,0.5988139510154724,2.30082368850708,-0.2577432096004486,-0.27846449613571167,-0.2555747330188751,-0.2767867147922516,0.29141727089881897,5.087122917175293,-0.22820959985256195,2.221601963043213,0.20358633995056152,-0.2763770520687103,0.08745729178190231,-0.2445991486310959,-0.07236995548009872,-0.2781532406806946,1.0453064441680908,2.467017412185669,-0.1674686223268509,-0.25895923376083374,-0.2640162408351898,0.4573085606098175,-0.20643697679042816,-0.27094006538391113,-0.16189239919185638,-0.25514838099479675,-0.27821946144104004,-0.2432350516319275,-0.14831173419952393,0.2763277292251587,-0.27175185084342957,-0.2741290032863617,-0.18824438750743866,0.37774667143821716,-0.02418464794754982,-0.12912340462207794,-0.12077582627534866,-0.27364999055862427,-0.20501765608787537,1.7976056337356567,-0.23628570139408112,-0.2633460462093353,-0.26360374689102173,0.024096796289086342,-0.10669509321451187,-0.14662297070026398,-0.19690102338790894,-0.2688916027545929,-0.24071510136127472,-0.26107314229011536,2.1928727626800537,-0.22368091344833374,0.7242763638496399,-0.27809274196624756,0.08090770244598389,-0.23877744376659393,-0.18156777322292328,0.6561691164970398,-0.24489367008209229,-0.20329678058624268,-0.2725968360900879,-0.15041473507881165,-0.1032656729221344,-0.09227726608514786,1.1845417022705078,-0.13465794920921326,-0.18424268066883087,-0.11092698574066162,0.39791542291641235,-0.2753916382789612,-0.20525996387004852,-0.24592137336730957,-0.2744899094104767,-0.24885228276252747,-0.23437993228435516,-0.1790577620267868,-0.2405998855829239,-0.21275152266025543,-0.2475128173828125,0.3724743127822876,-0.12931571900844574,-0.27184513211250305,0.5818581581115723,-0.11874198913574219,-0.1334230601787567,-0.08170180767774582,-0.11230605840682983
86,382,470,396,483,0.047422926872968674,-0.27229681611061096,-0.08530890941619873,1.036085605621338,-0.14499825239181519,-0.27844294905662537,0.02411537989974022,-0.11582325398921967,-0.26897138357162476,-0.21911469101905823,0.6792864799499512,-0.20225362479686737,0.3448062241077423,0.22555920481681824,-0.060210149735212326,-0.14893770217895508,-0.1502462476491928,-0.214280903339386,-0.25791677832603455,-0.27830442786216736,-0.2426130771636963,0.17761297523975372,0.29165008664131165,-0.08838346600532532,0.5888132452964783,-0.25223445892333984,-0.23096154630184174,-0.24922500550746918,0.08271728456020355,0.36661747097969055,0.0026363427750766277,-0.17643208801746368,-0.008207527920603752,0.010649285279214382,-0.24672137200832367,-0.27557653188705444,-0.22054482996463776,-0.08699197322130203,-0.27708762884140015,0.06027811020612717,-0.2767432630062103,-0.19038057327270508,-0.26740655303001404,-0.21124354004859924,0.04670897126197815,-0.17713522911071777,-0.13452082872390747,0.5430530309677124,-0.04693256691098213,-0.06703276187181473,0.6566699743270874,-0.24986231327056885,0.1741866171360016,-0.22372861206531525,0.002129323547706008,-0.17806512117385864,-0.26540154218673706,-0.20687824487686157,-0.08119527995586395,-0.278228759765625,-0.1710657924413681,0.5704491138458252,-0.12164057791233063,-0.19868828356266022,-0.05392210930585861,-0.15989910066127777,-0.21859556436538696,0.28564757108688354,0.3516262471675873,0.39018183946609497,0.40576431155204773,-0.27842551469802856,-0.1463453322649002,-0.12053298205137253,-0.11377642303705215,-0.27700191736221313,0.17838642001152039,-0.2762033939361572,-0.24264255166053772,-0.19996848702430725,0.04146356135606766,-0.2783702611923218,-0.27710169553756714,-0.22806529700756073,0.0883055031299591,0.018092675134539604,-0.2265201210975647,-0.1835727095603943,0.64476078748703,-0.23684215545654297,-0.27264460921287537,0.15803544223308563,0.29133540391921997,-0.27222740650177,-0.26398947834968567,-0.26754409074783325,-0.18750379979610443,0.1604045182466507,-0.11223698407411575,0.18480026721954346,0.032397832721471786,0.40779757499694824,-0.012407567352056503,0.39690446853637695,-0.2779262661933899,0.05777944624423981,0.3685899078845978,-0.27789825201034546,0.12708669900894165,0.10947275906801224,-0.16823306679725647,-0.2765390872955322,-0.2782890200614929,-0.11338163167238235,0.18810562789440155,-0.23720552027225494,0.358208566904068,-0.2749250531196594,-0.27236780524253845,-0.010764350183308125,-0.026583392173051834,0.4915328621864319,-0.27688518166542053,0.08938655257225037,-0.12324852496385574,0.21146123111248016,-0.21768870949745178,-0.200331449508667
87,299,565,312,577,-0.2636669874191284,-0.2194448709487915,-0.27747371792793274,0.84755539894104,-0.06240610033273697,-0.23725444078445435,-0.18888385593891144,-0.2722013294696808,-0.1984180212020874,-0.27659544348716736,0.49846044182777405,-0.20949716866016388,-0.03937586024403572,0.5804691910743713,-0.24830257892608643,-0.20493373274803162,-0.16544465720653534,-0.11789509654045105,-0.2784559428691864,-0.12826785445213318,-0.25110745429992676,-0.25941821932792664,0.2104620337486267,-0.074070043861866,0.694462776184082,-0.2381155639886856,-0.2463177740573883,-0.2571602761745453,-0.2686792314052582,1.0104584693908691,-0.27480804920196533,-0.16014191508293152,-0.25615194439888,0.10651469975709915,-0.27590617537498474,-0.15956616401672363,-0.2506577670574188,-0.1888074427843094,-0.21880868077278137,-0.2423328310251236,-0.27573028206825256,-0.2663063704967499,-0.21262282133102417,-0.2739882171154022,0.21733400225639343,-0.2593979239463806,-0.2158380150794983,-0.18102627992630005,0.8213656544685364,0.6463621258735657,1.1395350694656372,-0.2762890160083771,0.1217130795121193,-0.27846235036849976,-0.2768075466156006,-0.23779980838298798,-0.19806350767612457,-0.18982338905334473,0.5048256516456604,-0.11186528950929642,-0.2026078701019287,1.4810168743133545,-0.02724524401128292,-0.2639956772327423,0.05906965211033821,-0.2620897591114044,-0.21310891211032867,-0.01980109140276909,-0.0689236968755722,1.0525039434432983,0.20404112339019775,-0.22921119630336761,-0.161063551902771,-0.26524636149406433,-0.029865309596061707,-0.22761477530002594,-0.27846455574035645,-0.2669329047203064,-0.1565423607826233,-0.15213939547538757,-0.2310766577720642,-0.23880629241466522,-0.27612146735191345,-0.08388984948396683,0.44949018955230713,0.23470538854599,-0.21484176814556122,-0.10075864940881729,-0.007384919095784426,-0.2731447219848633,-0.13147301971912384,1.2368680238723755,-0.24734242260456085,-0.2147020399570465,-0.24994651973247528,-0.2693915069103241,-0.24139609932899475,-0.2655811905860901,0.016994308680295944,0.3416123688220978,-0.2629876732826233,-0.12612135708332062,-0.16576577723026276,1.0085253715515137,-0.2555338740348816,-0.13430610299110413,-0.20174984633922577,-0.10320667177438736,0.009672518819570541,1.4429644346237183,-0.25800731778144836,-0.2598016560077667,-0.2682417333126068,-0.26891136169433594,0.6443634033203125,-0.2766225039958954,2.7100510597229004,-0.023357519879937172,-0.2754458487033844,-0.27045464515686035,0.010904869996011257,-0.01210018340498209,-0.21163757145404816,1.1696866750717163,-0.2209232747554779,0.17467930912971497,-0.2727484107017517,-0.2689492106437683
88,431,577,444,590,0.27243828773498535,-0.2430489957332611,1.8096367120742798,0.9441220760345459,-0.005769291892647743,-0.15725590288639069,0.6303241848945618,-0.24409742653369904,-0.2767578959465027,-0.27739086747169495,0.0603116936981678,-0.26820605993270874,-0.07629850506782532,3.3492794036865234,-0.06608480215072632,-0.2580036520957947,-0.0272917989641428,0.900131106376648,-0.2783461809158325,-0.10513011366128922,-0.12679699063301086,2.46933650970459,-0.2683994770050049,-0.24540159106254578,-0.25308844447135925,-0.23426969349384308,-0.26068776845932007,-0.2286110371351242,1.8496415615081787,-0.17291177809238434,-0.10854827612638474,-0.02634679712355137,-0.0004141402314417064,0.04183005169034004,-0.27751895785331726,-0.07928566634654999,-0.17524570226669312,-0.26816126704216003,-0.12986692786216736,0.8082811832427979,-0.2773476243019104,-0.19321298599243164,-0.25409477949142456,0.3470534086227417,-0.2766856253147125,-0.06600725650787354,-0.12518656253814697,3.2325680255889893,-0.09763164818286896,-0.2761155664920807,-0.152889221906662,0.2803701162338257,-0.25262451171875,-0.15467892587184906,-0.2675377130508423,-0.19462938606739044,-0.2106381505727768,-0.10626202076673508,-0.2664378881454468,-0.2515871226787567,-0.0979868620634079,0.3780790865421295,-0.23657500743865967,1.6635185480117798,5.627526760101318,-0.18941953778266907,-0.12495136260986328,-0.2522244155406952,0.48557034134864807,0.39177823066711426,3.2697625160217285,0.7351202368736267,-0.2471024990081787,-0.09656650573015213,-0.2663058340549469,-0.26146289706230164,2.4598581790924072,-0.27585169672966003,1.6976830959320068,-0.041289668530225754,-0.276336133480072,-0.25155436992645264,-0.27751651406288147,-0.08465088158845901,-0.2742270827293396,-0.013307936489582062,-0.03193500638008118,-0.015027564018964767,0.12598730623722076,-0.10541316121816635,-0.08437902480363846,-0.276289701461792,-0.1760471761226654,-0.2715534269809723,-0.21241916716098785,-0.0294659361243248,-0.27312934398651123,-0.25244101881980896,-0.26890799403190613,0.30490970611572266,0.5717078447341919,-0.15029391646385193,2.1743314266204834,1.1159324645996094,-0.16702933609485626,-0.2721356451511383,0.7826923727989197,-0.2694973647594452,-0.2371455281972885,-0.2307763397693634,-0.22716479003429413,-0.21357522904872894,-0.08027644455432892,3.329348087310791,-0.2742362916469574,-0.1696689873933792,-0.10470935702323914,-0.17824874818325043,0.1251889318227768,0.31042376160621643,0.06323912739753723,0.0746343806385994,-0.2669796347618103,1.1430655717849731,-0.2700517475605011,-0.23543985188007355,1.511736273765564,-0.06365005671977997
89,323,587,335,598,-0.2784450352191925,-0.07144217938184738,-0.238546222448349,1.51025390625,-0.008665166795253754,0.043823808431625366,1.0061545372009277,-0.2680748999118805,-0.1380787193775177,0.22096724808216095,-0.11847710609436035,-0.053964219987392426,-0.08517157286405563,0.05105451121926308,0.5186788439750671,-0.25241607427597046,-0.017042657360434532,-0.2343461662530899,-0.1946607381105423,-0.27297443151474,-0.15821383893489838,4.163741111755371,-0.2230575531721115,2.8683502674102783,1.1036067008972168,-0.04562610387802124,-0.2519534230232239,-0.27259689569473267,-0.2503991425037384,-0.053644269704818726,-0.1376679241657257,-0.1253056675195694,-0.17914578318595886,0.6956661939620972,-0.18036878108978271,-0.276769757270813,0.48714667558670044,-0.026043400168418884,-0.26888635754585266,-0.13194385170936584,-0.278433620929718,0.7625851631164551,1.8505011796951294,-0.25440728664398193,-0.27560505270957947,0.16770605742931366,-0.14914178848266602,4.065603256225586,2.899116039276123,-0.2517739534378052,-0.12494838237762451,-0.002829665085300803,-0.27846452593803406,0.07480929791927338,-0.24300293624401093,-0.041940342634916306,-0.24816837906837463,0.30199122428894043,-0.2782696783542633,-0.14014016091823578,-0.2680041193962097,-0.05712277442216873,-0.11177749186754227,-0.16626818478107452,1.526903510093689,-0.08936318755149841,-0.1196858212351799,-0.22927707433700562,2.6011905670166016,-0.2380729764699936,3.349327325820923,-0.2036212682723999,-0.2523151934146881,-0.23762328922748566,-0.26524218916893005,-0.2719431221485138,-0.27185967564582825,-0.0629018172621727,0.4245430529117584,-0.11571396142244339,1.0523990392684937,-0.25306060910224915,-0.25586998462677,-0.17710661888122559,0.5106343030929565,-0.024789007380604744,-0.07556267827749252,-0.08433695882558823,-0.23175832629203796,-0.2725388705730438,-0.2165859490633011,1.7149522304534912,-0.23771315813064575,0.5057275891304016,-0.27406561374664307,-0.13647820055484772,-0.2507513165473938,-0.1416522115468979,-0.19241413474082947,-0.23866760730743408,-0.25485995411872864,-0.26277628540992737,-0.04083683714270592,0.5847975015640259,-0.01915406621992588,1.3633191585540771,1.3075921535491943,-0.27611738443374634,-0.24580998718738556,-0.21462255716323853,-0.09991579502820969,-0.18028178811073303,-0.023933323100209236,-0.06269865483045578,-0.25463202595710754,-0.1916847974061966,-0.19413717091083527,-0.2601504921913147,-0.020893320441246033,0.15945009887218475,0.5073171257972717,0.969005823135376,-0.27744346857070923,0.21775080263614655,0.6020107865333557,-0.1736990064382553,-0.14320999383926392,0.307818740606308
90,449,497,461,509,-0.09459946304559708,-0.15889158844947815,-0.21505558490753174,1.5482041835784912,-0.14240103960037231,-0.272307425737381,0.0005737553001381457,-0.2636527121067047,-0.2200838029384613,0.20826688408851624,-0.05281808599829674,-0.20603053271770477,-0.24046795070171356,1.7818397283554077,3.2238428592681885,-0.2514360249042511,-0.2544296979904175,-0.13491591811180115,0.28505444526672363,0.18537747859954834,-0.23608681559562683,3.698608160018921,-0.277927428483963,1.1688772439956665,3.3445000648498535,-0.07570545375347137,0.16260485351085663,-0.13765981793403625,-0.26522359251976013,-0.07183391600847244,-0.23216165602207184,-0.27756425738334656,-0.17938973009586334,0.17640213668346405,-0.2732921838760376,-0.2719261050224304,0.2724875807762146,-0.015853293240070343,-0.12297183275222778,-0.16059249639511108,-0.278413325548172,0.5593255758285522,3.0507307052612305,-0.2674810588359833,-0.2440052628517151,0.8596985936164856,-0.24619726836681366,4.4650115966796875,0.024712182581424713,-0.20264168083667755,-0.27769044041633606,0.7240138649940491,-0.26693257689476013,-0.1937045007944107,-0.2620154619216919,-0.0661802589893341,0.025289123877882957,-0.13093510270118713,0.2083095759153366,-0.09052279591560364,1.1689646244049072,-0.27459028363227844,0.7311375141143799,0.2599421441555023,-0.1870277225971222,-0.243230402469635,-0.20027850568294525,-0.2680533528327942,0.2798559069633484,-0.14331933856010437,1.915259838104248,-0.27584442496299744,-0.24625730514526367,-0.25658702850341797,0.24371613562107086,-0.2559472620487213,-0.04408588632941246,-0.043950557708740234,-0.17089997231960297,-0.2630477547645569,1.4420382976531982,-0.2680504620075226,-0.277935266494751,-0.19770820438861847,-0.26336851716041565,-0.06165492907166481,-0.21352683007717133,-0.2602083384990692,-0.25509634613990784,-0.22954463958740234,-0.022283433005213737,-0.2578008770942688,-0.10572945326566696,0.8102178573608398,-0.22597135603427887,-0.22004760801792145,-0.026775287464261055,-0.2241850048303604,0.4052622616291046,-0.272656112909317,0.40610575675964355,-0.09352406114339828,-0.026800984516739845,-0.0509999580681324,-0.011215198785066605,0.2225821614265442,2.1804161071777344,0.030259354040026665,1.41936457157135,0.2053488940000534,-0.14354224503040314,-0.014629460871219635,-0.27842462062835693,1.4427534341812134,-0.27760568261146545,-0.16710089147090912,-0.27366626262664795,0.44262605905532837,0.08113731443881989,-0.2363746017217636,0.5519073009490967,1.454683542251587,-0.10879680514335632,0.35774126648902893,-0.08764860033988953,-0.10007882863283157,-0.015810322016477585,0.7516228556632996
91,325,574,337,585,0.5733311772346497,-0.2319875955581665,0.031641099601984024,0.8345794677734375,-0.01821109652519226,-0.2669236660003662,-0.24753952026367188,-0.26680082082748413,-0.25143900513648987,-0.26608091592788696,1.098870038986206,-0.16879768669605255,-0.19920694828033447,0.7195949554443359,-0.27753445506095886,-0.2583524286746979,-0.18887445330619812,-0.05969179421663284,-0.1577264964580536,-0.1318439543247223,-0.20975251495838165,-0.23000724613666534,0.09642283618450165,-0.24276846647262573,0.2286577969789505,-0.27844828367233276,-0.2632448971271515,-0.1964767426252365,-0.044246602803468704,0.3321871757507324,-0.18724288046360016,-0.10099056363105774,0.09505098313093185,0.202270045876503,-0.2756827473640442,-0.20702040195465088,-0.2753826975822449,0.9778643250465393,-0.2571988105773926,-0.20931051671504974,-0.22068972885608673,-0.27758076786994934,-0.22098903357982635,-0.2777007818222046,-0.0034700892865657806,-0.015395307913422585,-0.21547254920005798,0.6021724343299866,-0.12045818567276001,0.058668024837970734,0.2424928843975067,-0.24065876007080078,0.19049787521362305,-0.19208119809627533,-0.12183355540037155,-0.09133689850568771,-0.17716553807258606,-0.24240706861019135,-0.21072660386562347,-0.22502942383289337,-0.20625069737434387,1.4753917455673218,-0.2612042725086212,-0.27558672428131104,1.3554753065109253,-0.23780301213264465,-0.27244558930397034,0.17639634013175964,-0.1781696081161499,0.11224795877933502,1.2693383693695068,-0.2768470048904419,-0.2784644365310669,-0.20690709352493286,-0.14651034772396088,-0.275765061378479,0.6479320526123047,-0.2538776993751526,-0.22649018466472626,-0.030409419909119606,-0.08128531277179718,-0.1635226011276245,-0.2548242509365082,-0.24529552459716797,0.03966216370463371,-0.1943899244070053,-0.21813084185123444,-0.02325422689318657,0.9854593276977539,-0.21661904454231262,-0.09901022166013718,0.2754388749599457,0.044509727507829666,-0.20027108490467072,-0.25558117032051086,-0.27252963185310364,-0.2666570246219635,-0.18444573879241943,-0.2722630798816681,0.5534474849700928,-0.07947757840156555,0.5659869909286499,0.1899314820766449,1.0544159412384033,-0.2753872573375702,0.09197981655597687,-0.2771647572517395,-0.12128973007202148,-0.20940400660037994,-0.24656091630458832,-0.27776864171028137,-0.22231018543243408,-0.2776681184768677,-0.17899908125400543,0.7902647256851196,-0.2778235971927643,0.46491917967796326,-0.27813804149627686,-0.21734808385372162,-0.09321997314691544,-0.006029636599123478,0.4508369565010071,-0.19656117260456085,0.3061755895614624,-0.20551617443561554,1.1390361785888672,-0.001581246848218143,-0.24962516129016876
92,342,152,353,163,-0.2783222794532776,-0.2727550268173218,0.08124241232872009,1.4771171808242798,-0.14294618368148804,0.178231880068779,-0.1043391078710556,0.04992368072271347,-0.17761310935020447,0.38237982988357544,0.014578630216419697,-0.2228935956954956,-0.27511662244796753,3.4937846660614014,1.0991932153701782,-0.1766602247953415,-0.15685537457466125,0.9054935574531555,0.06636200845241547,1.6054660081863403,-0.25700441002845764,2.776146411895752,-0.25110283493995667,-0.08863954991102219,2.492976188659668,-0.2776515483856201,0.022207757458090782,-0.27846425771713257,-0.13004103302955627,-0.2215670496225357,-0.27841663360595703,-0.1863420307636261,-0.18133102357387543,0.4767332673072815,-0.1544615924358368,-0.2357769012451172,0.03699634224176407,-0.21234436333179474,-0.25081247091293335,0.1722225844860077,-0.2724563181400299,0.44384798407554626,2.394545078277588,0.03334241360425949,-0.27778568863868713,0.19990476965904236,-0.2735452950000763,1.3315261602401733,2.8544178009033203,-0.1307186484336853,0.7405340671539307,1.1221717596054077,-0.07362402975559235,-0.10040716081857681,-0.21993021667003632,-0.24474817514419556,0.04858468472957611,0.16721101105213165,0.47184354066848755,-0.27843666076660156,-0.07960239052772522,-0.00646368321031332,-0.11464585363864899,-0.19911733269691467,1.4815289974212646,-0.2728245258331299,-0.26620838046073914,-0.0030845371074974537,0.24396006762981415,-0.14474643766880035,0.9371330142021179,-0.15021906793117523,-0.23164726793766022,-0.2685779333114624,0.07312513887882233,-0.23773011565208435,-0.2207535058259964,-0.2029004544019699,0.3571063280105591,-0.21088847517967224,2.6961512565612793,0.2805544137954712,-0.2375287115573883,-0.22288785874843597,-0.14836373925209045,-0.07559891045093536,-0.19298426806926727,-0.27549293637275696,-0.07848268002271652,-0.2713395357131958,2.1970255374908447,0.42385798692703247,-0.12963737547397614,0.17628426849842072,-0.2773549258708954,-0.24220232665538788,-0.27656370401382446,-0.2781957685947418,0.5838691592216492,-0.14434584975242615,-0.27089205384254456,-0.277793288230896,0.5741367936134338,0.6209414601325989,-0.19260269403457642,1.3874273300170898,2.079822063446045,1.451136589050293,-0.27370625734329224,-0.17124520242214203,-0.2783239185810089,-0.1649232804775238,0.06822961568832397,0.4250752031803131,-0.27768880128860474,-0.1272229105234146,-0.27846428751945496,-0.09031248092651367,0.271419882774353,1.094525694847107,0.17095735669136047,0.3854963183403015,-0.16715343296527863,0.7430679202079773,0.008871911093592644,-0.27323102951049805,-0.25336533784866333,0.0666147917509079
93,464,657,475,668,-0.1601036936044693,-0.11731791496276855,-0.2774122953414917,1.6882094144821167,-0.09546452015638351,-0.22486872971057892,0.2982792556285858,-0.2112182080745697,-0.20546174049377441,-0.27320653200149536,-0.15159350633621216,-0.119310162961483,-0.22011055052280426,0.7714664340019226,1.954235315322876,-0.2555961310863495,-0.27821823954582214,1.5203508138656616,-0.14440980553627014,-0.047201890498399734,-0.05050353705883026,5.264513969421387,-0.22045764327049255,1.4320409297943115,5.535315990447998,-0.021127425134181976,0.051333945244550705,-0.09382790327072144,-0.2156761884689331,-0.03210562467575073,-0.2640534043312073,-0.2288752943277359,-0.1626603752374649,2.1251025199890137,-0.27764272689819336,-0.25372347235679626,0.7594854235649109,-0.02034095488488674,-0.27726632356643677,-0.012893890030682087,-0.18769589066505432,0.6443105340003967,0.6273899078369141,-0.2677707076072693,-0.14661526679992676,2.7568769454956055,-0.27794814109802246,2.1560986042022705,-0.27725550532341003,-0.12348435074090958,0.5502194166183472,-0.2756574749946594,-0.2533819079399109,0.19671280682086945,0.5320039987564087,-0.031293224543333054,-0.08981086313724518,-0.25084924697875977,-0.27845311164855957,0.04370160773396492,-0.25895556807518005,-0.20883393287658691,-0.26942703127861023,-0.2566358745098114,-0.21350882947444916,-0.25474128127098083,-0.04851723462343216,-0.21325643360614777,1.732804298400879,-0.11843331158161163,0.5385482907295227,-0.14484260976314545,-0.2506267726421356,-0.032521795481443405,-0.2409239113330841,-0.2223128378391266,-0.1621858924627304,-0.14182080328464508,-0.03300413861870766,-0.09571469575166702,0.034483298659324646,-0.2777436375617981,-0.2779194712638855,-0.17977860569953918,0.20790818333625793,-0.02385607548058033,-0.08239325135946274,-0.08810219913721085,1.7654951810836792,-0.21555911004543304,0.01879091188311577,0.36261335015296936,-0.17397722601890564,0.9359107613563538,-0.21570003032684326,-0.2696613669395447,0.4722200632095337,-0.20531626045703888,-0.261676549911499,-0.27534928917884827,1.9967647790908813,-0.2208835482597351,0.9442479014396667,0.7628520131111145,-0.003137424122542143,-0.23023295402526855,2.2298929691314697,-0.2543403208255768,-0.2722926735877991,-0.232261061668396,-0.18944771587848663,-0.16687770187854767,-0.004896773491054773,1.8259692192077637,-0.278200626373291,0.28761929273605347,-0.10771223902702332,-0.13439616560935974,0.05734974518418312,1.115339756011963,0.9823398590087891,1.211417555809021,-0.22638234496116638,0.8877856731414795,0.006637467071413994,-0.2731187343597412,-0.11947578936815262,0.7709718346595764
94,444,492,456,502,0.12052609771490097,-0.2782810926437378,-0.0523088239133358,0.9548935294151306,-0.0763418897986412,-0.2780053913593292,-0.19091829657554626,-0.2231607288122177,-0.2508109509944916,-0.2682998478412628,0.7737402319908142,-0.19898077845573425,0.37543657422065735,0.09959568083286285,-0.22265754640102386,-0.166581392288208,-0.27168652415275574,-0.11330991983413696,-0.2401876151561737,-0.263224720954895,-0.2703630328178406,-0.0886886864900589,0.2121109664440155,-0.15537652373313904,0.19070611894130707,-0.24254287779331207,-0.22943469882011414,-0.23388011753559113,0.033609841018915176,0.4286760985851288,-0.07426342368125916,-0.1857735961675644,0.11251699179410934,0.1206086277961731,-0.2609611451625824,-0.27250146865844727,-0.2495444267988205,-0.12311884015798569,-0.2780410051345825,-0.1998949497938156,-0.2696882486343384,-0.21523788571357727,-0.2752602696418762,-0.24694669246673584,0.23979955911636353,-0.24131391942501068,-0.24192620813846588,0.5711861848831177,-0.01510574296116829,-0.0736793577671051,0.4233635365962982,-0.27841421961784363,-0.029488643631339073,-0.1969522386789322,-0.14066967368125916,-0.11300038546323776,-0.26773950457572937,-0.16005797684192657,-0.1297859102487564,-0.26074886322021484,-0.12596698105335236,0.6523284912109375,-0.09470325708389282,-0.25607070326805115,-0.041293174028396606,-0.23992767930030823,-0.13793015480041504,0.24005158245563507,0.0008685653447173536,0.5767858028411865,0.5790225267410278,-0.27342256903648376,-0.2490081936120987,-0.06838542222976685,0.0005032566259615123,-0.27812591195106506,0.10185490548610687,-0.27838701009750366,-0.27818235754966736,-0.17415891587734222,-0.10071119666099548,-0.27163782715797424,-0.2696905732154846,-0.24241723120212555,-0.10978766530752182,-0.1549806147813797,-0.26440930366516113,-0.08799029886722565,0.2991890013217926,-0.2224682867527008,-0.20289212465286255,0.14125633239746094,0.14743293821811676,-0.24865631759166718,-0.2682071924209595,-0.26507002115249634,-0.2386854588985443,0.6346944570541382,-0.20153804123401642,0.21953830122947693,-0.018259866163134575,0.149178609251976,0.007422394119203091,0.4473513662815094,-0.2769702076911926,0.05888132378458977,-0.05131424218416214,-0.23158615827560425,0.05608243867754936,0.076665498316288,-0.19261175394058228,-0.27844488620758057,-0.2696181535720825,-0.17460882663726807,0.41759446263313293,-0.25742781162261963,0.4137539863586426,-0.27793803811073303,-0.27696436643600464,-0.15884004533290863,-0.0767170861363411,0.5871430039405823,-0.271628201007843,0.1993401199579239,-0.1432057023048401,0.25533902645111084,-0.21235184371471405,-0.21569283306598663
95,326,583,337,591,-0.2784450352191925,-0.07144217938184738,-0.238546222448349,1.51025390625,-0.008665166795253754,0.043823808431625366,1.0061545372009277,-0.2680748999118805,-0.1380787193775177,0.22096724808216095,-0.11847710609436035,-0.053964219987392426,-0.08517157286405563,0.05105451121926308,0.5186788439750671,-0.25241607427597046,-0.017042657360434532,-0.2343461662530899,-0.1946607381105423,-0.27297443151474,-0.15821383893489838,4.163741111755371,-0.2230575531721115,2.8683502674102783,1.1036067008972168,-0.04562610387802124,-0.2519534230232239,-0.27259689569473267,-0.2503991425037384,-0.053644269704818726,-0.1376679241657257,-0.1253056675195694,-0.17914578318595886,0.6956661939620972,-0.18036878108978271,-0.276769757270813,0.48714667558670044,-0.026043400168418884,-0.26888635754585266,-0.13194385170936584,-0.278433620929718,0.7625851631164551,1.8505011796951294,-0.25440728664398193,-0.27560505270957947,0.16770605742931366,-0.14914178848266602,4.065603256225586,2.899116039276123,-0.2517739534378052,-0.12494838237762451,-0.002829665085300803,-0.27846452593803406,0.07480929791927338,-0.24300293624401093,-0.041940342634916306,-0.24816837906837463,0.30199122428894043,-0.2782696783542633,-0.14014016091823578,-0.2680041193962097,-0.05712277442216873,-0.11177749186754227,-0.16626818478107452,1.526903510093689,-0.08936318755149841,-0.1196858212351799,-0.22927707433700562,2.6011905670166016,-0.2380729764699936,3.349327325820923,-0.2036212682723999,-0.2523151934146881,-0.23762328922748566,-0.26524218916893005,-0.2719431221485138,-0.27185967564582825,-0.0629018172621727,0.4245430529117584,-0.11571396142244339,1.0523990392684937,-0.25306060910224915,-0.25586998462677,-0.17710661888122559,0.5106343030929565,-0.024789007380604744,-0.07556267827749252,-0.08433695882558823,-0.23175832629203796,-0.2725388705730438,-0.2165859490633011,1.7149522304534912,-0.23771315813064575,0.5057275891304016,-0.27406561374664307,-0.13647820055484772,-0.2507513165473938,-0.1416522115468979,-0.19241413474082947,-0.23866760730743408,-0.25485995411872864,-0.26277628540992737,-0.04083683714270592,0.5847975015640259,-0.01915406621992588,1.3633191585540771,1.3075921535491943,-0.27611738443374634,-0.24580998718738556,-0.21462255716323853,-0.09991579502820969,-0.18028178811073303,-0.023933323100209236,-0.06269865483045578,-0.25463202595710754,-0.1916847974061966,-0.19413717091083527,-0.2601504921913147,-0.020893320441246033,0.15945009887218475,0.5073171257972717,0.969005823135376,-0.27744346857070923,0.21775080263614655,0.6020107865333557,-0.1736990064382553,-0.14320999383926392,0.307818740606308
