id,x0,y0,x1,y1,f0,f1,f2,f3,f4,f5,f6,f7,f8,f9,f10,f11,f12,f13,f14,f15,f16,f17,f18,f19,f20,f21,f22,f23,f24,f25,f26,f27,f28,f29,f30,f31,f32,f33,f34,f35,f36,f37,f38,f39,f40,f41,f42,f43,f44,f45,f46,f47,f48,f49,f50,f51,f52,f53,f54,f55,f56,f57,f58,f59,f60,f61,f62,f63,f64,f65,f66,f67,f68,f69,f70,f71,f72,f73,f74,f75,f76,f77,f78,f79,f80,f81,f82,f83,f84,f85,f86,f87,f88,f89,f90,f91,f92,f93,f94,f95,f96,f97,f98,f99,f100,f101,f102,f103,f104,f105,f106,f107,f108,f109,f110,f111,f112,f113,f114,f115,f116,f117,f118,f119,f120,f121,f122,f123,f124,f125,f126,f127
0,442,352,488,397,0.6481804847717285,-0.1037762239575386,0.3707009255886078,1.087998628616333,-0.24672885239124298,-0.1828291267156601,0.315460205078125,-0.103872150182724,-0.19011163711547852,-0.20483915507793427,0.20465213060379028,0.03180508315563202,-0.008210566826164722,0.18568718433380127,0.29175668954849243,-0.14882740378379822,-0.1462826132774353,-0.10742462426424026,0.17144760489463806,-0.06395591795444489,0.22008199989795685,0.06429168581962585,0.7604652643203735,0.15230122208595276,0.10506252944469452,0.17789404094219208,-0.1447056084871292,-0.08658584952354431,0.538794755935669,0.40607890486717224,-0.05885368213057518,-0.22595526278018951,-0.05461481213569641,0.32909461855888367,-0.10498016327619553,-0.07697438448667526,-0.207188680768013,0.5974978804588318,-0.18928904831409454,0.3822379410266876,-0.17858098447322845,-0.14225058257579803,0.14578133821487427,0.46280086040496826,0.16946689784526825,-0.16120795905590057,-0.20009374618530273,0.4825000464916229,0.3392697870731354,0.6502404808998108,0.2994315028190613,-0.04362111911177635,0.7395496964454651,-0.19195488095283508,0.40673476457595825,0.056147586554288864,-0.19362346827983856,0.16385847330093384,0.5516710877418518,-0.1827988177537918,0.3686363697052002,0.6509028673171997,-0.1303444802761078,-0.08200334757566452,0.3120046854019165,0.14411740005016327,-0.08442842215299606,0.3154686689376831,0.28526535630226135,0.6972949504852295,0.6310285329818726,-0.05882878229022026,0.10331818461418152,0.43297484517097473,-0.20038320124149323,0.014476598240435123,0.33532029390335083,0.028607867658138275,-0.08481798321008682,-0.19972622394561768,0.0965999960899353,-0.11121583729982376,-0.2690149247646332,0.4351818561553955,-0.003962875809520483,0.06511009484529495,-0.20924146473407745,-0.23444359004497528,0.3885340094566345,-0.2571795582771301,0.05819329246878624,0.29870232939720154,0.4324832260608673,-0.2701791822910309,-0.021508779376745224,-0.1934988796710968,-0.21424779295921326,-0.07990612834692001,-0.1721038818359375,0.13591399788856506,0.03308811038732529,0.3585262596607208,0.12205683439970016,0.6621508002281189,0.2667304277420044,0.42608901858329773,0.20295293629169464,-0.0066025410778820515,-0.06356391310691833,-0.13377061486244202,0.351610004901886,-0.16801193356513977,0.18090879917144775,-0.12037243694067001,0.4714246988296509,-0.09262216836214066,0.8722942471504211,-0.15706667304039001,-0.20622757077217102,0.07218301296234131,-0.15260303020477295,0.33762359619140625,-0.0346686877310276,0.45734187960624695,-0.0396917499601841,0.590388298034668,0.07750566303730011,-0.17100703716278076
1,270,489,319,534,0.57197505235672,-0.074567511677742,0.4622936248779297,1.0866972208023071,-0.22251646220684052,-0.18353930115699768,0.191349059343338,-0.03906003758311272,-0.16750332713127136,-0.2019461989402771,0.1725509911775589,-0.0015853781951591372,0.018910404294729233,0.19652961194515228,0.20291312038898468,-0.12714745104312897,-0.1656150370836258,-0.08813408017158508,0.1358676552772522,-0.07776954770088196,-0.07617039233446121,0.09746109694242477,0.7571795582771301,0.037721190601587296,0.19038374722003937,0.11567363142967224,-0.09905913472175598,-0.07148777693510056,0.5304898023605347,0.36439913511276245,-0.031418658792972565,-0.242666557431221,-0.05878515541553497,0.22197368741035461,-0.13281027972698212,-0.17334941029548645,-0.20543664693832397,0.5893108248710632,-0.18411141633987427,0.2263980656862259,-0.19493822753429413,-0.1309901922941208,0.18549004197120667,0.2649625837802887,0.06218086555600166,-0.137897327542305,-0.12689389288425446,0.46079984307289124,0.2294590175151825,0.4495059847831726,0.22386880218982697,-0.07839449495077133,0.5534080862998962,-0.19070127606391907,0.42920270562171936,0.09163296967744827,-0.15387389063835144,0.022364262491464615,0.5818119645118713,-0.17223067581653595,0.16100181639194489,0.6020670533180237,-0.11688867211341858,-0.10092351585626602,0.2546209692955017,0.08059565722942352,-0.09393011778593063,0.2785898745059967,0.09630326926708221,0.6607860922813416,0.630125880241394,-0.11062859743833542,0.02721261791884899,0.17249757051467896,-0.17679907381534576,-0.029087936505675316,0.10479842871427536,-0.12981615960597992,-0.15540103614330292,-0.006459667347371578,0.1509607434272766,-0.12213488668203354,-0.26059648394584656,0.47196051478385925,-0.04490049183368683,0.12108132988214493,-0.13743263483047485,-0.23296135663986206,0.29514169692993164,-0.2464587539434433,-0.07107234001159668,0.25789764523506165,0.31047555804252625,-0.2693782150745392,0.007501758169382811,-0.19972150027751923,-0.2065535932779312,-0.007227706722915173,-0.15578033030033112,0.13818690180778503,-0.0051191383972764015,0.27329692244529724,0.16295306384563446,0.32331427931785583,0.10321982949972153,0.29801663756370544,0.1988963782787323,0.005771249532699585,-0.06542106717824936,-0.10220420360565186,0.13165095448493958,-0.15790453553199768,0.2016269415616989,-0.1378106325864792,0.5477315187454224,-0.16332893073558807,0.6718040108680725,-0.19038906693458557,-0.18799591064453125,0.07464661449193954,-0.15617260336875916,0.3723486065864563,-0.03121459297835827,0.461631715297699,-0.07134797424077988,0.4478535056114197,-0.05548436567187309,-0.16790927946567535
2,284,391,322,428,0.7528912425041199,-0.07403985410928726,0.3718356788158417,1.0775450468063354,-0.22329792380332947,-0.172659233212471,0.4446999430656433,-0.10178033262491226,-0.180329829454422,-0.21676620841026306,0.0542028546333313,0.14418767392635345,0.015242179855704308,0.19916389882564545,0.31208306550979614,-0.15649224817752838,-0.07795249670743942,0.009050583466887474,0.3236529231071472,0.004943573381751776,0.1620573103427887,-0.0063814157620072365,0.8043754696846008,0.0062472461722791195,-0.014446991495788097,0.4320630133152008,-0.08413513004779816,-0.13485625386238098,0.8978112936019897,0.5535466074943542,-0.06459847837686539,-0.23961897194385529,-0.06248636916279793,0.3359124958515167,-0.09909047186374664,0.06576754152774811,-0.19255021214485168,0.5081540942192078,-0.15699933469295502,0.26182687282562256,-0.1704656183719635,-0.1281861960887909,-0.003997218795120716,0.49063220620155334,0.08209705352783203,-0.14169128239154816,-0.1499805748462677,0.49744874238967896,0.2754025459289551,0.6918373703956604,0.31923943758010864,0.13222673535346985,0.6247493028640747,-0.186878502368927,0.5174117684364319,0.013134514912962914,-0.06092709302902222,0.18005435168743134,0.5085610747337341,-0.15069298446178436,0.1882745772600174,0.5568128228187561,-0.14348198473453522,0.06945254653692245,0.2948276400566101,0.11630034446716309,0.033862024545669556,0.36951032280921936,0.2348157912492752,0.7533519864082336,0.42168307304382324,-0.1122850626707077,0.12015704810619354,0.4184076189994812,-0.21103382110595703,-0.00427576620131731,0.6285711526870728,0.13574858009815216,-0.010331029072403908,-0.14508378505706787,-0.04006189480423927,-0.13590224087238312,-0.264209508895874,0.5422864556312561,0.1757442206144333,0.02145296335220337,-0.17411649227142334,-0.2263038158416748,0.2692689895629883,-0.24850383400917053,0.11459865421056747,0.1864394247531891,0.5950099229812622,-0.26765626668930054,0.14521071314811707,-0.1600191295146942,-0.20569317042827606,0.03389742225408554,-0.22613325715065002,0.11166349798440933,0.14038509130477905,0.38697314262390137,0.08852161467075348,0.5395796895027161,0.5253961682319641,0.2240000069141388,0.13795877993106842,-0.0010426908265799284,-0.06727325916290283,-0.15120571851730347,0.5025776624679565,-0.15086106956005096,0.14648652076721191,-0.014302128925919533,0.5461277961730957,-0.07857070863246918,0.8917969465255737,-0.09882206469774246,-0.1778067797422409,0.11713526397943497,-0.16144521534442902,0.38188204169273376,-0.0011612207163125277,0.5505050420761108,-0.06496256589889526,0.7023491263389587,0.0449148528277874,-0.19739563763141632
3,181,446,223,485,0.7028811573982239,-0.0993555560708046,0.46917957067489624,1.0752490758895874,-0.18228831887245178,-0.19638179242610931,0.4115324914455414,-0.10169227421283722,-0.22278206050395966,-0.23012475669384003,0.17085082828998566,0.16097097098827362,0.05106770619750023,0.222234308719635,0.2107561081647873,-0.16657674312591553,-0.14612837135791779,-0.10119559615850449,0.35712653398513794,-0.020550094544887543,0.08909866958856583,-0.0405421257019043,0.8496426343917847,0.09180110692977905,0.09121992439031601,0.26700496673583984,-0.10744241625070572,-0.09650727361440659,0.6564470529556274,0.567857563495636,-0.09984956681728363,-0.22270458936691284,-0.03366735950112343,0.28943324089050293,-0.13430021703243256,-0.1119784340262413,-0.21856190264225006,0.7198222279548645,-0.22065269947052002,0.2279929667711258,-0.19378265738487244,-0.14899231493473053,0.07653763145208359,0.49354973435401917,-0.0009447395568713546,-0.14459241926670074,-0.19157439470291138,0.48070380091667175,0.22158965468406677,0.6624599695205688,0.16125474870204926,-0.0458814799785614,0.6692698001861572,-0.2043265849351883,0.28252002596855164,0.17568211257457733,-0.15724001824855804,0.1385520100593567,0.5921739935874939,-0.17482303082942963,0.2959838807582855,0.5772466063499451,-0.0988788902759552,0.00854708906263113,0.32645726203918457,0.20927251875400543,-0.051062002778053284,0.33560580015182495,0.1467372477054596,0.6705823540687561,0.6731206774711609,-0.11174683272838593,0.009280160069465637,0.36602097749710083,-0.2083214372396469,0.013714156113564968,0.18682125210762024,-0.02298746071755886,-0.15326379239559174,0.04121962562203407,0.06574437767267227,-0.15769487619400024,-0.2592569589614868,0.6187903881072998,-0.07475700229406357,0.011451618745923042,-0.15923702716827393,-0.23389968276023865,0.30623331665992737,-0.2503422796726227,-0.03528904914855957,0.306953489780426,0.35946762561798096,-0.2693851590156555,0.006549234502017498,-0.2032473385334015,-0.218172088265419,-0.029349250718951225,-0.19673103094100952,0.13396510481834412,0.029252057895064354,0.36118924617767334,0.10049449652433395,0.38096290826797485,0.34624016284942627,0.2697456479072571,0.08169201761484146,-0.04625038057565689,-0.02397414669394493,-0.11324992775917053,0.21964193880558014,-0.17891977727413177,0.13440154492855072,-0.13101817667484283,0.5984576940536499,-0.15280723571777344,0.87628573179245,-0.09310585260391235,-0.20821937918663025,0.034882985055446625,-0.1682146191596985,0.3980533480644226,-0.07396691292524338,0.5427126884460449,-0.032982856035232544,0.6137821078300476,0.036961156874895096,-0.18160124123096466
4,164,309,201,345,0.6283060312271118,-0.1465841680765152,0.18155695497989655,1.0918519496917725,-0.24285370111465454,-0.22106437385082245,0.4935954213142395,-0.07191582024097443,-0.24958683550357819,-0.220659077167511,0.15147095918655396,0.03396252542734146,0.05838436260819435,0.07331567257642746,0.2658802270889282,-0.13341523706912994,-0.11932780593633652,-0.031035391613841057,0.06932343542575836,0.06790085881948471,0.12629938125610352,0.1766238957643509,0.6323239803314209,0.4204980731010437,0.07956309616565704,0.13030901551246643,-0.10753247886896133,-0.09110766649246216,0.5028883218765259,0.3437998294830322,-0.1424349844455719,-0.22546081244945526,-0.10752164572477341,0.5118628740310669,-0.11588017642498016,-0.1533810943365097,-0.18716973066329956,0.5313530564308167,-0.23315425217151642,0.3623225688934326,-0.10035350918769836,-0.11073466390371323,0.02528536319732666,0.37724441289901733,0.06054268032312393,-0.11045520752668381,-0.1949259638786316,0.5939795970916748,0.2750239372253418,0.6203558444976807,0.3908132314682007,-0.083183154463768,0.6525015830993652,-0.2055293619632721,0.23064060509204865,-0.001285552978515625,-0.05186261236667633,0.20078207552433014,0.4487687945365906,-0.1793552041053772,0.27507853507995605,0.689716100692749,-0.10526648163795471,-0.06584759056568146,0.23594263195991516,-0.052888717502355576,-0.08418228477239609,0.24876409769058228,0.5093719363212585,0.5830320119857788,0.7992200255393982,-0.03691820055246353,-0.004614371806383133,0.34989455342292786,-0.2220647782087326,0.0168915968388319,0.2802470326423645,-0.04045668616890907,-0.035898320376873016,-0.2145451307296753,-0.013964666984975338,-0.087918721139431,-0.26994597911834717,0.3479774594306946,0.013551192358136177,-0.004071936476975679,-0.20802932977676392,-0.22894656658172607,0.40223151445388794,-0.2508431375026703,0.07481835782527924,0.30605027079582214,0.2936330735683441,-0.2628309726715088,0.031201431527733803,-0.17126579582691193,-0.22342577576637268,-0.041242193430662155,-0.22426673769950867,0.10635446757078171,0.17525030672550201,0.28718996047973633,0.19642327725887299,0.5319830179214478,0.22339126467704773,0.3271360397338867,0.15158791840076447,-0.009780867025256157,-0.08690723776817322,-0.11050942540168762,0.5456287264823914,-0.11112111061811447,0.28323572874069214,-0.08429708331823349,0.4055728018283844,-0.06570544838905334,0.7612646222114563,-0.10547161847352982,-0.1321578323841095,0.07290108501911163,-0.15755639970302582,0.38686278462409973,-0.06755935400724411,0.6651965975761414,0.007976250723004341,0.4546346366405487,-0.018439628183841705,-0.16883884370326996
5,163,373,213,422,0.7069103717803955,-0.05148032680153847,0.31100714206695557,1.0757420063018799,-0.18895941972732544,-0.20696158707141876,0.3766948878765106,-0.08709034323692322,-0.14662650227546692,-0.19849082827568054,0.06790051609277725,0.1398358941078186,0.02295832522213459,0.147630974650383,0.305749773979187,-0.16071388125419617,-0.13324712216854095,0.20908111333847046,0.15066730976104736,0.01970343291759491,0.1304166615009308,0.027714204043149948,0.8048548102378845,0.06542128324508667,0.033793795853853226,0.31471723318099976,-0.10184340924024582,-0.06901831924915314,0.6986056566238403,0.47502532601356506,-0.07004296779632568,-0.2101265788078308,-0.08361893892288208,0.19967372715473175,-0.12369298934936523,-0.09361834079027176,-0.20353108644485474,0.6875932216644287,-0.14456313848495483,0.2343425154685974,-0.15464937686920166,-0.1342923939228058,0.08347747474908829,0.3202067017555237,0.008647609502077103,-0.1222950741648674,-0.16924799978733063,0.39844751358032227,0.21165680885314941,0.5664834976196289,0.2534836530685425,0.06636589765548706,0.5741001963615417,-0.1914665400981903,0.4990062713623047,0.1324930042028427,-0.0661691278219223,0.07121353596448898,0.577377438545227,-0.1658318191766739,0.23989541828632355,0.6575600504875183,-0.1134638637304306,-0.06598947942256927,0.2551846206188202,0.018527185544371605,-0.08600577712059021,0.3099842667579651,0.15166990458965302,0.6902803778648376,0.5399705171585083,-0.08245988190174103,0.1259027123451233,0.46581533551216125,-0.1979195773601532,0.035960569977760315,0.3440028727054596,0.039853814989328384,-0.14584535360336304,-0.06266233325004578,0.055905137211084366,-0.13627487421035767,-0.26470696926116943,0.52864670753479,0.11332686990499496,0.12667758762836456,-0.12169750779867172,-0.22447045147418976,0.365818589925766,-0.24367162585258484,0.0995282307267189,0.2583305537700653,0.5325404405593872,-0.2623829245567322,0.04541203752160072,-0.185995951294899,-0.19933046400547028,0.004606636241078377,-0.20753028988838196,0.11061390489339828,0.0743272602558136,0.43621551990509033,0.03709668293595314,0.4557761549949646,0.46240296959877014,0.24909840524196625,0.10903860628604889,0.038894977420568466,-0.11072331666946411,-0.08936525136232376,0.3934837579727173,-0.13998742401599884,0.21122847497463226,-0.020190080627799034,0.5920910239219666,-0.1078353151679039,0.7721775770187378,-0.11535347998142242,-0.17327585816383362,0.0733833983540535,-0.162547767162323,0.3732963800430298,-0.03405867516994476,0.527996301651001,-0.05184488743543625,0.4817916452884674,-0.06231722608208656,-0.17683781683444977
6,256,155,287,185,0.5086492300033569,-0.13987962901592255,0.20979681611061096,1.0194437503814697,-0.25455623865127563,-0.23128849267959595,0.48043814301490784,-0.13665230572223663,-0.18185284733772278,-0.2280169427394867,0.3536016345024109,-0.09944050759077072,0.05467215180397034,0.09352949261665344,0.06035663187503815,-0.2004522681236267,-0.07542027533054352,-0.224491149187088,0.039245229214429855,-0.10027383267879486,-0.012363582849502563,-0.013824626803398132,0.6892489194869995,0.06776173412799835,0.04127851873636246,0.06843909621238708,-0.12404512614011765,-0.09704060107469559,0.5013452768325806,0.3400251865386963,-0.13258399069309235,-0.22181139886379242,-0.09884011745452881,0.22969543933868408,-0.14198756217956543,-0.19024479389190674,-0.22696968913078308,0.514514684677124,-0.2431488335132599,0.129118412733078,-0.22498640418052673,-0.1802680492401123,-0.11114943027496338,0.14236827194690704,-0.03743918985128403,-0.1786673367023468,-0.19969312846660614,0.5279613733291626,0.0852932333946228,0.5374745726585388,0.21670518815517426,-0.1480945646762848,0.6070613861083984,-0.19039320945739746,0.4014158248901367,-0.02528061717748642,-0.19735249876976013,-0.061806365847587585,0.5632739663124084,-0.1627805233001709,0.19127874076366425,0.6243159770965576,-0.09769894182682037,-0.12973493337631226,0.16837477684020996,-0.08370468765497208,-0.007007163017988205,0.21353638172149658,0.14598865807056427,0.6546409726142883,0.5616405010223389,-0.1574670970439911,-0.0740114077925682,0.22816675901412964,-0.1999242752790451,-0.06807095557451248,0.07128730416297913,-0.12180930376052856,-0.13786904513835907,-0.22797805070877075,0.0026826635003089905,-0.20182788372039795,-0.27048924565315247,0.5824664831161499,-0.018079999834299088,0.1346394270658493,-0.19762058556079865,-0.22200387716293335,0.3274129033088684,-0.2449241280555725,-0.1895199716091156,0.26486995816230774,0.24213387072086334,-0.25456953048706055,0.12485268712043762,-0.18653510510921478,-0.21189278364181519,-0.03753114119172096,-0.23604004085063934,0.1893484890460968,0.0156108932569623,0.18379053473472595,0.06755836308002472,0.4010392725467682,0.0713866651058197,0.12375856935977936,0.032057568430900574,0.07007171958684921,-0.10325264930725098,-0.059061095118522644,0.13109426200389862,-0.2102685421705246,0.10716623812913895,-0.1439347118139267,0.5365884304046631,-0.19541887938976288,0.7507152557373047,-0.20832359790802002,-0.22559773921966553,0.019515637308359146,-0.16384154558181763,0.34848523139953613,0.07135643064975739,0.6118106842041016,-0.09891679137945175,0.5570122599601746,-0.07915087044239044,-0.20846381783485413
7,229,343,262,374,0.7400041818618774,-0.12472184002399445,0.3538208305835724,1.0764433145523071,-0.23360881209373474,-0.22557155787944794,0.570905327796936,-0.08770748227834702,-0.20174822211265564,-0.23831753432750702,0.2056683599948883,-0.01824958249926567,0.07368047535419464,0.13107740879058838,0.18491852283477783,-0.17255975306034088,-0.07336267083883286,-0.12042232602834702,0.1729200780391693,0.021417487412691116,-0.019072208553552628,0.08265914022922516,0.7786973118782043,0.060817115008831024,0.08037714660167694,0.1507873237133026,-0.10118752717971802,-0.09018915891647339,0.573386549949646,0.40413349866867065,-0.09974950551986694,-0.23633737862110138,-0.06901077181100845,0.3183411955833435,-0.13621433079242706,-0.15271730720996857,-0.2119855433702469,0.5368059873580933,-0.20376256108283997,0.1308748424053192,-0.18560124933719635,-0.14464883506298065,-0.1151307076215744,0.33698901534080505,-0.021119967103004456,-0.13173562288284302,-0.1815246194601059,0.5567560791969299,0.1567031890153885,0.5036218762397766,0.1385343372821808,-0.05241606757044792,0.6543869376182556,-0.1940504014492035,0.29191261529922485,0.02525634691119194,-0.12536588311195374,-0.0017541497945785522,0.5333302617073059,-0.09225547313690186,0.2853991389274597,0.5539118051528931,-0.1113562136888504,0.025269765406847,0.2282368242740631,-0.01076689176261425,-0.06276067346334457,0.3136700987815857,0.18549823760986328,0.5909706354141235,0.6592980623245239,-0.09338171780109406,-0.03615053370594978,0.19260261952877045,-0.2183275669813156,-0.022926049306988716,0.27272677421569824,-0.036718063056468964,-0.09908527880907059,-0.1625712811946869,0.01738641783595085,-0.18039700388908386,-0.2698383331298828,0.2632442116737366,0.0289436224848032,0.029768437147140503,-0.15297456085681915,-0.2194938212633133,0.2626950740814209,-0.2568604350090027,-0.0682443156838417,0.25386112928390503,0.3598562479019165,-0.2666883170604706,0.005531144328415394,-0.1897132843732834,-0.2183440625667572,-0.025101125240325928,-0.23425574600696564,0.11583487689495087,0.02895900048315525,0.341320276260376,0.09561093896627426,0.3860700726509094,0.1504673808813095,0.2835724949836731,0.0241580568253994,-0.03506889194250107,-0.049299608916044235,-0.08937200158834457,0.3023335933685303,-0.18561498820781708,0.1625005453824997,-0.08995159715414047,0.47866711020469666,-0.15409943461418152,0.7013402581214905,-0.1764923632144928,-0.19502708315849304,0.07070638984441757,-0.1657528132200241,0.45078936219215393,-0.0049359677359461784,0.508314311504364,-0.04291024059057236,0.5358273983001709,0.07298563420772552,-0.1770598292350769
8,330,188,361,221,0.6372264623641968,-0.12278605997562408,0.33012378215789795,1.0538913011550903,-0.20576879382133484,-0.24419140815734863,0.4703764319419861,-0.10485304892063141,-0.20451605319976807,-0.2581213712692261,0.1593257635831833,0.23076076805591583,0.031606439501047134,0.10833939164876938,0.1969902217388153,-0.17413385212421417,-0.13539575040340424,0.08903516829013824,0.2868730425834656,-0.016063278540968895,0.044130515307188034,0.005061950534582138,0.7384003400802612,0.09875722229480743,0.1154254898428917,0.3005644977092743,-0.12898562848567963,-0.0676104873418808,0.6452512145042419,0.48281970620155334,-0.1312863677740097,-0.2448444813489914,-0.08716042339801788,0.31505903601646423,-0.12290868908166885,-0.11086644977331161,-0.21706676483154297,0.660133421421051,-0.20334239304065704,0.23292621970176697,-0.1855134516954422,-0.16030225157737732,-0.023765701800584793,0.5047896504402161,-0.08929330855607986,-0.14650267362594604,-0.18804779648780823,0.48088473081588745,0.21709103882312775,0.5605553388595581,0.3712565302848816,-0.008326446637511253,0.7139009237289429,-0.22423836588859558,0.7673683762550354,-0.020942045375704765,-0.018121257424354553,0.09119443595409393,0.7233205437660217,-0.15271104872226715,0.2688175141811371,0.5089004635810852,-0.13399681448936462,-0.025193918496370316,0.1780494898557663,-0.02871311828494072,-0.10230986028909683,0.33491653203964233,0.02516215108335018,0.6263815760612488,0.49109944701194763,-0.08493266999721527,0.032096292823553085,0.426319420337677,-0.20763461291790009,0.02963612601161003,0.2530284523963928,-0.03890645503997803,-0.15549156069755554,-0.2277284413576126,0.015034000389277935,-0.16708198189735413,-0.2631390392780304,0.6044477224349976,0.10777585208415985,0.02756553888320923,-0.17011545598506927,-0.22598740458488464,0.3946731984615326,-0.2524809241294861,-0.07302655279636383,0.18283523619174957,0.31071776151657104,-0.26254206895828247,0.22358441352844238,-0.17842985689640045,-0.2279234379529953,-0.021718531847000122,-0.2368839532136917,0.12348715960979462,0.07967051863670349,0.19070890545845032,0.08653409779071808,0.4564446806907654,0.39246150851249695,0.2697201669216156,0.013937083072960377,0.08544814586639404,-0.09545566886663437,-0.1046944260597229,0.24139051139354706,-0.15526804327964783,0.4301389753818512,-0.08753176033496857,0.6176560521125793,-0.11142770200967789,0.9742811918258667,-0.04114886373281479,-0.17694690823554993,0.036517709493637085,-0.17845138907432556,0.3269893527030945,0.06676574051380157,0.6028801202774048,-0.09350287914276123,0.5992592573165894,-0.11026827245950699,-0.19320721924304962
9,272,204,300,230,0.7199787497520447,-0.15141141414642334,0.03253617510199547,1.0578755140304565,-0.2452395260334015,-0.2083386331796646,0.5345339775085449,-0.12946756184101105,-0.21274767816066742,-0.24183160066604614,0.0819181427359581,-0.19590076804161072,0.03393468260765076,0.14006952941417694,0.347881555557251,-0.17925268411636353,0.002847902476787567,0.001978229731321335,0.1091427132487297,0.16106748580932617,0.09593693166971207,0.03332049772143364,0.6020691394805908,0.44850045442581177,0.06171739473938942,0.5351449251174927,-0.15100052952766418,-0.12323790788650513,0.6443582773208618,0.5986229181289673,-0.09905590862035751,-0.14481830596923828,-0.04268209636211395,0.3115922510623932,-0.13318239152431488,-0.09777683764696121,-0.20785978436470032,0.4254700839519501,-0.18338823318481445,0.24598757922649384,-0.14416931569576263,-0.1500273048877716,-0.06721340119838715,0.3393761217594147,0.17721106112003326,-0.11153005808591843,-0.17725607752799988,0.5399344563484192,0.20750389993190765,0.5833691358566284,0.5764660835266113,0.11113442480564117,0.7002788782119751,-0.2184031903743744,0.4916646480560303,-0.1130104586482048,0.06671251356601715,0.29203858971595764,0.7007178664207458,-0.1840188205242157,0.40249016880989075,0.4506601095199585,-0.06572744250297546,-0.05327611416578293,0.2779635488986969,-0.09922395646572113,0.10901226103305817,0.26744627952575684,0.14670388400554657,0.43274205923080444,0.5022262334823608,-0.14036929607391357,-0.015839366242289543,0.25039142370224,-0.17181511223316193,-0.00681496225297451,0.4283450245857239,-0.027520934119820595,-0.06759834289550781,-0.21561932563781738,0.1620531976222992,-0.18278393149375916,-0.26147371530532837,0.47986719012260437,0.28136175870895386,-0.1114160493016243,-0.21606463193893433,-0.18497855961322784,0.33868372440338135,-0.2421548217535019,0.042829908430576324,0.1959737241268158,0.36649706959724426,-0.25908488035202026,0.02239210158586502,-0.1492827981710434,-0.22813808917999268,0.1202457994222641,-0.2522939443588257,0.1314176470041275,0.23969225585460663,0.21703504025936127,0.08061240613460541,0.46930575370788574,0.24772125482559204,0.2574634552001953,0.060295552015304565,0.27505195140838623,-0.150687575340271,-0.15880589187145233,0.519334077835083,-0.12955708801746368,0.2136668711900711,0.048173435032367706,0.47731953859329224,-0.1092664897441864,0.6330553889274597,-0.15937891602516174,-0.16491585969924927,0.08133837580680847,-0.13912953436374664,0.33254724740982056,0.09758853912353516,0.7765774726867676,-0.07831166684627533,0.5964125394821167,0.03752735257148743,-0.1972416490316391
10,438,449,494,502,0.6907922625541687,-0.0900924950838089,0.32587528228759766,1.070814847946167,-0.15980969369411469,-0.18776804208755493,0.2292371690273285,-0.1008874773979187,-0.06329236924648285,-0.1756260097026825,0.15402115881443024,0.012131523340940475,0.010567800141870975,0.13866397738456726,0.2699005603790283,-0.11774364113807678,-0.15601195394992828,-0.04548773542046547,0.08943668007850647,-0.10840865224599838,0.06819600611925125,0.07317749410867691,0.8267128467559814,-0.017842231318354607,0.04468876123428345,0.13548950850963593,-0.09462156891822815,-0.09160751104354858,0.5604206919670105,0.46160367131233215,-0.11556878685951233,-0.24166734516620636,-0.0466078445315361,0.2209206223487854,-0.11528157442808151,-0.08970446139574051,-0.2158113569021225,0.4643908441066742,-0.16607525944709778,0.15235409140586853,-0.15855123102664948,-0.14289504289627075,0.08325105905532837,0.17310236394405365,0.017977211624383926,-0.12220588326454163,-0.0922437459230423,0.5051795244216919,0.1741032898426056,0.493137001991272,0.1437322199344635,0.03669750317931175,0.5105023980140686,-0.18977876007556915,0.4589061439037323,-0.021682778373360634,-0.10830507427453995,0.11758656054735184,0.5893051624298096,-0.20268936455249786,0.2130282074213028,0.5916107892990112,-0.08176082372665405,-0.08156857639551163,0.19330932199954987,-0.08875461667776108,-0.12940523028373718,0.20781105756759644,0.09017553180456161,0.5552330613136292,0.557062566280365,-0.13341622054576874,0.07832071185112,0.46068406105041504,-0.1552688330411911,-0.0951923057436943,0.1506483554840088,-0.06086653470993042,-0.12967565655708313,0.007341402117162943,0.04866981506347656,-0.15244193375110626,-0.2647242844104767,0.44616690278053284,0.10875730961561203,0.12498694658279419,0.07371637970209122,-0.21057727932929993,0.34786173701286316,-0.23157945275306702,-0.07817584276199341,0.276123970746994,0.588698148727417,-0.26572465896606445,-0.036865197122097015,-0.17346514761447906,-0.20353494584560394,0.037303876131772995,-0.19117361307144165,0.14415839314460754,0.004731897264719009,0.21299397945404053,0.03748883679509163,0.3437947928905487,0.173492431640625,0.33829808235168457,0.19434089958667755,0.12572728097438812,-0.04262574389576912,-0.12370818108320236,0.16179119050502777,-0.15167975425720215,0.08448785543441772,-0.15121164917945862,0.6145181655883789,-0.14614741504192352,0.7062537670135498,-0.16530291736125946,-0.1657772660255432,0.12064025551080704,-0.1512441188097,0.45496508479118347,0.005469821393489838,0.4098145663738251,-0.07229962944984436,0.40638795495033264,-0.06549926847219467,-0.18476015329360962
11,288,142,320,169,0.5292032957077026,-0.13463538885116577,0.2370506078004837,1.0339702367782593,-0.2271125465631485,-0.21524693071842194,0.5971042513847351,-0.1726037710905075,-0.15241435170173645,-0.2376268059015274,0.29150697588920593,0.1234038844704628,-0.051779936999082565,0.12199718505144119,0.25124508142471313,-0.18825577199459076,-0.17159251868724823,-0.0728260800242424,0.17653599381446838,-0.09058322012424469,-0.09020760655403137,0.08753202855587006,0.6152613162994385,0.05404358729720116,-0.012336019426584244,0.10935609042644501,-0.10644499212503433,-0.11438162624835968,0.7638282179832458,0.31941673159599304,-0.14443808794021606,-0.17019325494766235,-0.11458242684602737,0.21339184045791626,-0.1481023132801056,-0.21046046912670135,-0.2225072681903839,0.4278598129749298,-0.23226965963840485,0.2717268168926239,-0.22429536283016205,-0.17975540459156036,-0.08283393830060959,0.1893613338470459,-0.03996989503502846,-0.15860511362552643,-0.19179357588291168,0.6931631565093994,0.08964069932699203,0.49240830540657043,0.2451430857181549,0.005993668455630541,0.5723840594291687,-0.20732280611991882,0.5847707390785217,-0.09349299967288971,-0.0870438739657402,-0.05325416103005409,0.43504562973976135,-0.16394183039665222,0.30640551447868347,0.5075615048408508,-0.16776970028877258,0.059894826263189316,0.22406288981437683,-0.13180561363697052,-0.07809815555810928,0.1385500282049179,0.17833061516284943,0.5983965396881104,0.5658068060874939,-0.18469858169555664,-0.0002940495905932039,0.104413241147995,-0.2126951962709427,-0.08241268247365952,0.3094085156917572,-0.13458611071109772,-0.048657167702913284,-0.24478687345981598,0.04677740857005119,-0.23101672530174255,-0.2698838412761688,0.6198655366897583,0.16940245032310486,-0.0019450465915724635,-0.2183208018541336,-0.1812143623828888,0.29574862122535706,-0.24619732797145844,-0.19258470833301544,0.18195131421089172,0.26651328802108765,-0.2581659257411957,0.14578509330749512,-0.17291206121444702,-0.2095915526151657,-0.10337328910827637,-0.24243657290935516,0.17549021542072296,0.11393491178750992,0.10384277999401093,0.04461399093270302,0.3439854681491852,0.09403073787689209,0.17643976211547852,0.044000789523124695,0.2122884839773178,-0.1275871843099594,-0.12219356000423431,0.2797650098800659,-0.21043869853019714,0.2693210244178772,0.03343040868639946,0.5077599287033081,-0.1644333004951477,0.8629777431488037,-0.14894923567771912,-0.2190651297569275,0.13627026975154877,-0.1484469324350357,0.36927953362464905,0.09403637796640396,0.6176967620849609,-0.13827767968177795,0.6504374146461487,0.018791373819112778,-0.20579156279563904
12,192,181,223,210,0.729577898979187,-0.18718576431274414,0.196702778339386,1.0619643926620483,-0.18695217370986938,-0.19436104595661163,0.699965238571167,-0.1450294852256775,-0.21737542748451233,-0.24445831775665283,0.20485638082027435,-0.09653043746948242,-0.0017775222659111023,0.21878299117088318,0.32633039355278015,-0.14382749795913696,-0.12834513187408447,0.021679125726222992,0.13204316794872284,0.23587140440940857,0.13804632425308228,0.015917791053652763,0.6653597354888916,0.19026781618595123,0.10833676904439926,0.35650578141212463,-0.1564754992723465,-0.17616510391235352,0.5620179176330566,0.4027945101261139,-0.19413214921951294,-0.16280558705329895,-0.0794430524110794,0.48719322681427,-0.11722125113010406,-0.09610193222761154,-0.20042341947555542,0.477178692817688,-0.2387562394142151,0.10576797276735306,-0.090001180768013,-0.132180318236351,0.06626607477664948,0.6343376040458679,0.059284284710884094,-0.1011185571551323,-0.18978078663349152,0.7754343748092651,0.22712856531143188,0.4906933903694153,0.40581437945365906,0.1405407041311264,0.8436021208763123,-0.23372609913349152,0.41208600997924805,-0.14815108478069305,0.21290665864944458,0.30429261922836304,0.7143916487693787,-0.20409312844276428,0.4127635955810547,0.34221792221069336,-0.04289902001619339,0.37669825553894043,0.20954491198062897,-0.012300366535782814,0.04065665602684021,0.39270684123039246,0.14776137471199036,0.3256486654281616,0.5944176912307739,-0.06868837028741837,-0.033951763063669205,0.3610818386077881,-0.18528790771961212,-0.0005132965743541718,0.3082466721534729,-0.09670128673315048,-0.12064111232757568,-0.21733848750591278,0.026468344032764435,-0.1725226491689682,-0.267717182636261,0.3116843104362488,0.19859552383422852,-0.11980585753917694,-0.21671590209007263,-0.19425801932811737,0.34449565410614014,-0.2565564513206482,-0.02507394552230835,0.14213624596595764,0.262251615524292,-0.25076454877853394,0.11767338216304779,-0.1411142349243164,-0.24063271284103394,-0.07963219285011292,-0.24613624811172485,0.08461340516805649,0.2413301020860672,0.14425231516361237,0.12770777940750122,0.4088377356529236,0.2371615767478943,0.4382987916469574,-0.013190381228923798,0.08618098497390747,-0.05131731927394867,-0.1864103078842163,0.5246217250823975,-0.10377589613199234,0.3385264277458191,-0.04949033260345459,0.4299551248550415,-0.08552540093660355,0.7513165473937988,-0.08513975143432617,-0.11767274886369705,0.11918281018733978,-0.1664876639842987,0.4543572664260864,0.0983353778719902,0.6539206504821777,-0.05222437158226967,0.6185914278030396,-0.06980934739112854,-0.20084050297737122
13,168,115,211,156,0.6124342083930969,-0.12703321874141693,0.25775009393692017,1.1055471897125244,-0.2194068431854248,-0.2292385697364807,0.4074206054210663,-0.06425217539072037,-0.21795639395713806,-0.20374809205532074,0.23127394914627075,0.03821995481848717,0.06659824401140213,0.24382704496383667,0.3205823302268982,-0.11265324056148529,-0.166666179895401,0.20429308712482452,0.2856214940547943,0.1319134384393692,0.08737555891275406,0.11072398722171783,0.6686198115348816,0.21336814761161804,0.23123382031917572,0.2599790692329407,-0.06061379611492157,-0.0015786737203598022,0.6043708920478821,0.35972002148628235,-0.14226306974887848,-0.13507528603076935,-0.04172893986105919,0.44909659028053284,-0.10730398446321487,-0.073661670088768,-0.19283385574817657,0.5787103176116943,-0.22499895095825195,0.3041999936103821,-0.06853491812944412,-0.10072196274995804,0.1340714395046234,0.4901418089866638,0.05423898622393608,-0.1113983765244484,-0.1792639046907425,0.5202820897102356,0.3073854148387909,0.5526037812232971,0.4320526421070099,0.011885106563568115,0.6614083051681519,-0.18890751898288727,0.1687772423028946,0.03513438254594803,0.04175380617380142,0.21400557458400726,0.6254560351371765,-0.17493772506713867,0.23069772124290466,0.8094754815101624,-0.055273547768592834,0.08854644745588303,0.3163701891899109,-0.08523666858673096,-0.11476431787014008,0.2780221104621887,0.3041022717952728,0.6467279195785522,0.7136604189872742,-0.020393524318933487,0.020176930353045464,0.3944769501686096,-0.18649224936962128,0.0296055655926466,0.11168576776981354,-0.019307397305965424,-0.10003984719514847,-0.15826156735420227,0.052439577877521515,-0.07804860919713974,-0.265501469373703,0.4194112718105316,-0.0837109386920929,-0.04043532535433769,-0.19317276775836945,-0.23267938196659088,0.45411744713783264,-0.2513595521450043,0.20708219707012177,0.2655757963657379,0.3384750783443451,-0.25288262963294983,0.04472314566373825,-0.16827379167079926,-0.22018130123615265,0.04486729949712753,-0.18532899022102356,0.08722720295190811,0.14419959485530853,0.33823585510253906,0.2705986201763153,0.3939444422721863,0.27001893520355225,0.37395912408828735,0.23409953713417053,0.10484622418880463,-0.0809330940246582,-0.057833652943372726,0.22197318077087402,-0.09252914786338806,0.2309243083000183,-0.09338144958019257,0.44692352414131165,-0.06307266652584076,0.7112977504730225,-0.06868453323841095,-0.092287078499794,0.08951079845428467,-0.16146908700466156,0.38320767879486084,-0.07146869599819183,0.654331386089325,-0.017650362104177475,0.3979697525501251,0.022426435723900795,-0.1595236361026764
14,205,474,242,509,0.8476325869560242,-0.1285635232925415,0.48344653844833374,1.0734364986419678,-0.24177893996238708,-0.1485256552696228,0.5609785318374634,-0.16257837414741516,-0.18255268037319183,-0.21914002299308777,0.08225405216217041,0.19361498951911926,0.08361315727233887,0.2380383014678955,0.46068596839904785,-0.17136068642139435,-0.09598466008901596,0.2846038341522217,0.6710466146469116,0.1943681240081787,0.330048143863678,0.004476810805499554,0.894325852394104,0.2718088626861572,0.11843959987163544,0.6351862549781799,-0.11306680738925934,-0.13852956891059875,0.8135849237442017,0.781522810459137,-0.13522328436374664,-0.15698805451393127,0.05451668053865433,0.36075448989868164,-0.12326210737228394,0.008586471900343895,-0.21126511693000793,0.8307287096977234,-0.1651119887828827,0.33802711963653564,-0.12056247889995575,-0.14410629868507385,0.02723986841738224,0.6635879278182983,0.0817486047744751,-0.1160774827003479,-0.21052198112010956,0.5070366859436035,0.3723132014274597,0.733434796333313,0.3140885829925537,0.2820889353752136,0.8233725428581238,-0.20736536383628845,0.45588594675064087,-0.01467679999768734,0.08106233179569244,0.27153903245925903,0.5963550209999084,-0.16784849762916565,0.45172613859176636,0.5067265629768372,-0.11344604194164276,0.09201987832784653,0.3162076473236084,0.1491093635559082,0.015714488923549652,0.3228517472743988,0.2750532031059265,0.6166557669639587,0.5592342019081116,-0.10287223011255264,0.13428349792957306,0.5269344449043274,-0.2204800844192505,0.04335549473762512,0.3932264447212219,0.21962666511535645,-0.1197962537407875,-0.14635036885738373,0.12351562827825546,-0.1855579912662506,-0.2708267867565155,0.5986483693122864,0.16871050000190735,-0.11261188983917236,-0.19647681713104248,-0.2086944580078125,0.37812596559524536,-0.25076720118522644,0.23995459079742432,0.23436066508293152,0.42014989256858826,-0.2568628191947937,0.09604471176862717,-0.18636366724967957,-0.23212099075317383,0.03624919056892395,-0.22236919403076172,0.09994875639677048,0.10401786863803864,0.47369518876075745,0.15109047293663025,0.5134836435317993,0.9521585702896118,0.3089003562927246,0.12853822112083435,0.2453034222126007,-0.09453301876783371,-0.1689263880252838,0.5462218523025513,-0.1385689079761505,0.12969855964183807,0.0641755759716034,0.5650279521942139,-0.021478848531842232,0.8878785371780396,0.07561910152435303,-0.12666946649551392,0.07500045001506805,-0.1622759848833084,0.3788314759731293,0.10617248713970184,0.7227963209152222,-0.011751731857657433,0.8652044534683228,0.1272515505552292,-0.17960646748542786
15,241,400,280,434,0.7023500204086304,-0.047623150050640106,0.3935803771018982,1.0691248178482056,-0.19306865334510803,-0.16004666686058044,0.4266527593135834,-0.12283756583929062,-0.14961759746074677,-0.14954093098640442,0.16823215782642365,0.42730990052223206,-0.026349788531661034,0.18194353580474854,0.2830295264720917,-0.1726626604795456,-0.04346438869833946,0.2921796441078186,0.5914560556411743,-0.06285430490970612,0.0904482826590538,-0.023065831512212753,0.8203986883163452,0.06883943825960159,0.045037150382995605,0.5636537075042725,-0.11573033034801483,-0.030964594334363937,0.7611483335494995,0.621951699256897,-0.06217999383807182,-0.2304118573665619,-0.05775851011276245,0.2860930562019348,-0.11442365497350693,0.015470546670258045,-0.20010283589363098,0.8523308038711548,-0.1418089121580124,0.23786477744579315,-0.1039692759513855,-0.12325732409954071,-0.1055881604552269,0.42276620864868164,-0.05320963263511658,-0.059951651841402054,-0.1522354632616043,0.6468221545219421,0.3199075758457184,0.7531562447547913,0.21778300404548645,0.10455086082220078,0.7740740776062012,-0.1737835705280304,0.5186113119125366,0.23767313361167908,0.11034803092479706,0.0629672184586525,0.5120101571083069,-0.1916617751121521,0.27482134103775024,0.49372950196266174,-0.11943099647760391,-0.09483989328145981,0.2676156163215637,-0.058284640312194824,0.023763293400406837,0.22173063457012177,0.2725978493690491,0.5761640667915344,0.44750791788101196,-0.09261384606361389,0.020435407757759094,0.34402427077293396,-0.23209789395332336,0.0014659606385976076,0.4085606038570404,0.07900216430425644,-0.0480661615729332,-0.07670857012271881,0.06293189525604248,-0.1229943186044693,-0.2683917284011841,0.7456698417663574,0.2398795187473297,-0.0367463156580925,-0.20799259841442108,-0.2229158580303192,0.39704030752182007,-0.24867534637451172,0.22623150050640106,0.19675691425800323,0.5752196907997131,-0.2595096230506897,0.11578094959259033,-0.19550293684005737,-0.2074531763792038,-0.0035711645614355803,-0.21946582198143005,0.14211606979370117,0.05772613361477852,0.3449210822582245,0.1491706371307373,0.519125759601593,0.9093867540359497,0.17492938041687012,0.18813705444335938,0.3404286205768585,-0.09648804366588593,-0.1738230139017105,0.5035905241966248,-0.11885607242584229,0.13579705357551575,0.06737961620092392,0.4954302906990051,-0.04381546750664711,0.8543105125427246,-0.024008095264434814,-0.10068093240261078,0.1476595252752304,-0.15803544223308563,0.3991154730319977,0.02501385286450386,0.7545232176780701,-0.06607238203287125,0.714714765548706,0.08922137320041656,-0.18761014938354492
16,428,148,476,194,0.7341854572296143,-0.03469298407435417,0.432282954454422,1.092581868171692,-0.20584887266159058,-0.17926232516765594,0.34070369601249695,-0.09421472251415253,-0.17243464291095734,-0.21723505854606628,0.15348601341247559,0.29161059856414795,0.07579383254051208,0.1443728357553482,0.3190339207649231,-0.12128499895334244,-0.06538985669612885,-0.06612091511487961,0.363883912563324,0.012606905773282051,0.06377766281366348,0.0953945592045784,0.7963906526565552,0.05268808826804161,0.10669858008623123,0.33655595779418945,-0.07828186452388763,-0.08442753553390503,0.6759915351867676,0.5661976933479309,-0.12339052557945251,-0.19395649433135986,0.009299695491790771,0.32119104266166687,-0.115714892745018,0.020402899011969566,-0.20304010808467865,0.5194931626319885,-0.14559306204319,0.1528327912092209,-0.11304271221160889,-0.1116328090429306,-0.029241962358355522,0.44210106134414673,0.11952478438615799,-0.1363505870103836,-0.08944116532802582,0.5831806063652039,0.22143933176994324,0.5542575716972351,0.25159943103790283,0.09199924767017365,0.6089892387390137,-0.17014747858047485,0.3730252981185913,0.06952239573001862,0.03405340760946274,0.23828241229057312,0.5909561514854431,-0.18118414282798767,0.2727367877960205,0.6447093486785889,-0.05468675121665001,-0.03959885239601135,0.2132812887430191,-0.00975792482495308,0.0009756386280059814,0.2208872139453888,0.19428738951683044,0.5547888278961182,0.6431430578231812,-0.09125575423240662,0.010595177300274372,0.48391902446746826,-0.18512733280658722,-0.03140231966972351,0.23913945257663727,0.008112583309412003,-0.09461338073015213,0.06918341666460037,0.02013026736676693,-0.12760990858078003,-0.26719966530799866,0.4913838803768158,-0.010185418650507927,-0.07035348564386368,-0.09948097914457321,-0.21962882578372955,0.32412996888160706,-0.21196754276752472,0.04692333936691284,0.2688690423965454,0.49268171191215515,-0.27084672451019287,0.061085887253284454,-0.1773291677236557,-0.2165358066558838,0.17722564935684204,-0.21638745069503784,0.093775674700737,0.05732940882444382,0.24136431515216827,0.17824721336364746,0.37866055965423584,0.37996426224708557,0.3364664614200592,0.15655823051929474,0.0786082074046135,-0.016292164102196693,-0.14048436284065247,0.28274184465408325,-0.12630663812160492,0.16390526294708252,-0.09402310848236084,0.49979278445243835,-0.09759834408760071,0.6303040981292725,-0.11460043489933014,-0.14655883610248566,0.1058846265077591,-0.16783396899700165,0.500053882598877,-0.00017982721328735352,0.5912744998931885,-0.010923299938440323,0.5170201063156128,0.10011692345142365,-0.17359550297260284
17,240,309,266,334,0.625755786895752,-0.21720051765441895,0.30868494510650635,1.0392136573791504,-0.21051804721355438,0.014177937991917133,0.4650474786758423,-0.15450169146060944,0.024463990703225136,-0.20199275016784668,0.3380540907382965,-0.18710888922214508,-0.10339201241731644,0.15937907993793488,0.3716863691806793,-0.22312979400157928,-0.05142093822360039,0.39598605036735535,-0.0067315795458853245,0.054644376039505005,0.07957304269075394,0.27216771245002747,0.7104089260101318,0.23619548976421356,0.32524600625038147,0.6341606974601746,-0.18085797131061554,-0.08980409055948257,0.6438567638397217,0.6774092316627502,-0.12568365037441254,-0.17838972806930542,-0.12487208843231201,0.09358201175928116,-0.18441744148731232,-0.14010702073574066,-0.15494494140148163,0.7387117743492126,-0.21747373044490814,0.14969587326049805,-0.021176211535930634,-0.10847252607345581,-0.1162550151348114,0.5571098923683167,-0.10260656476020813,0.02840152382850647,-0.17729420959949493,1.1914057731628418,-0.004300976637750864,0.26162204146385193,0.37609973549842834,0.2754019796848297,0.5630891919136047,-0.20198087394237518,0.6604599356651306,-0.17329931259155273,0.20188169181346893,0.01829889975488186,0.9777910709381104,-0.23978810012340546,0.12188831716775894,0.06547180563211441,-0.11561908572912216,-0.013050000183284283,0.025070639327168465,0.03767882287502289,0.05659840628504753,0.11028856784105301,0.2575056850910187,0.1154635027050972,0.4508223235607147,-0.04313580319285393,-0.10758673399686813,0.09992978721857071,-0.1313866823911667,-0.019806472584605217,0.23499542474746704,-0.17702823877334595,0.09880644083023071,-0.21605078876018524,0.4185892641544342,-0.20738627016544342,-0.2599691152572632,0.4209509789943695,0.22029657661914825,-0.18183809518814087,-0.22170686721801758,-0.14646629989147186,0.4186263978481293,-0.22702355682849884,-0.11105445772409439,-0.013327141292393208,0.3287033140659332,-0.20823661983013153,0.13696546852588654,-0.13243091106414795,-0.21612615883350372,-0.05803496763110161,-0.23792539536952972,0.13874591886997223,0.13289543986320496,-0.11371719092130661,0.1946498304605484,0.3678719699382782,0.8427595496177673,0.0836159884929657,0.043554168194532394,0.5630463361740112,-0.09733790904283524,-0.22808599472045898,0.6052212119102478,-0.0010134527692571282,0.07946942001581192,0.4931453764438629,0.2397371530532837,-0.0737769678235054,0.29819661378860474,-0.16507865488529205,-0.07174327969551086,0.12512531876564026,-0.12510287761688232,0.49113452434539795,0.19997143745422363,0.5728258490562439,-0.13514508306980133,0.33561477065086365,-0.08533626049757004,-0.16763567924499512
18,128,380,172,428,0.8040205836296082,-0.11517155915498734,0.3571850657463074,1.0857579708099365,-0.20765307545661926,-0.18442577123641968,0.3331177830696106,-0.1255583018064499,-0.1736193597316742,-0.19930514693260193,0.12048446387052536,0.27682217955589294,-0.017251688987016678,0.22786878049373627,0.37135687470436096,-0.17595729231834412,-0.16477279365062714,0.09702775627374649,0.44591283798217773,0.03737546131014824,0.28900453448295593,0.04654475301504135,0.7954080104827881,0.03723418340086937,0.0394301638007164,0.43008095026016235,-0.14836135506629944,-0.05059429630637169,0.8063672184944153,0.5157039761543274,-0.07885228097438812,-0.1988389641046524,-0.03748176991939545,0.3345423936843872,-0.10340707749128342,0.06900124251842499,-0.19387072324752808,0.6443457007408142,-0.11055956035852432,0.22148849070072174,-0.1457829773426056,-0.12456723302602768,0.07524159550666809,0.557195782661438,0.06636719405651093,-0.1222904697060585,-0.1799369752407074,0.49498018622398376,0.33455708622932434,0.5825360417366028,0.3391437828540802,0.09486892074346542,0.816857099533081,-0.1979999542236328,0.6393762826919556,0.04202139377593994,0.04921539127826691,0.342152863740921,0.6413610577583313,-0.189783975481987,0.32453569769859314,0.6326351761817932,-0.08932650834321976,0.06612841039896011,0.24758736789226532,0.05247347429394722,-0.04514579102396965,0.3462945222854614,0.1937974989414215,0.615836501121521,0.4910998046398163,-0.07462691515684128,0.10032489150762558,0.6310537457466125,-0.20293842256069183,0.04740559682250023,0.4961177110671997,0.13422194123268127,-0.07267601042985916,-0.13625843822956085,0.004507323261350393,-0.15891368687152863,-0.2658783197402954,0.615673303604126,0.09309680759906769,-0.07779089361429214,-0.1719835251569748,-0.22745098173618317,0.34368225932121277,-0.24216525256633759,0.21844473481178284,0.24651217460632324,0.6246798634529114,-0.26410025358200073,0.1050051674246788,-0.16472990810871124,-0.20532789826393127,-0.011360798962414265,-0.20616155862808228,0.0744289979338646,0.04973273724317551,0.31933221220970154,0.08974744379520416,0.5355413556098938,0.6588087677955627,0.3754606246948242,0.0844258964061737,0.06499442458152771,-0.10861745476722717,-0.12210971862077713,0.5126413702964783,-0.11330897361040115,0.26068463921546936,-0.08019142597913742,0.5604344606399536,-0.047144126147031784,0.7926206588745117,-0.038547907024621964,-0.15098541975021362,0.06969781965017319,-0.16654589772224426,0.39521896839141846,0.007409270387142897,0.5200207829475403,-0.021072279661893845,0.5582391619682312,0.00732714356854558,-0.1916959583759308
19,290,122,319,146,0.5110087394714355,-0.1817179024219513,0.3979496955871582,0.9955554604530334,-0.22922348976135254,-0.17916403710842133,0.5981827974319458,-0.23215126991271973,-0.08458920568227768,-0.24058645963668823,0.43040981888771057,0.22422923147678375,-0.16472142934799194,0.30059564113616943,0.17911887168884277,-0.21154360473155975,-0.21646033227443695,-0.05967499315738678,0.28100988268852234,-0.13814173638820648,-0.15656402707099915,0.10312584042549133,0.6083058714866638,-0.020699474960565567,-0.036234915256500244,0.22344154119491577,-0.17768709361553192,-0.1297883242368698,0.6820014119148254,0.3766389489173889,-0.21515829861164093,-0.20470784604549408,-0.07329554110765457,0.1751841902732849,-0.16754992306232452,-0.19491775333881378,-0.2468705177307129,0.488907128572464,-0.24961921572685242,0.18895769119262695,-0.1817852109670639,-0.19597524404525757,-0.1979888528585434,0.09226617217063904,-0.18736153841018677,-0.12887027859687805,-0.21984674036502838,1.0100423097610474,0.09554214030504227,0.5116300582885742,0.12978467345237732,-0.029934624210000038,0.5396477580070496,-0.19543865323066711,0.6026346683502197,-0.06609852612018585,0.012118167243897915,-0.09548866748809814,0.5883729457855225,-0.18274646997451782,0.4894525110721588,0.24907933175563812,-0.09599938988685608,0.22178150713443756,0.20463839173316956,-0.18461750447750092,-0.06525299698114395,0.11377472430467606,0.12408346682786942,0.4106600284576416,0.518151581287384,-0.1940281242132187,-0.1281641125679016,0.20178882777690887,-0.15303324162960052,-0.1691925823688507,0.1245744600892067,-0.20158399641513824,0.002052863361313939,-0.21452879905700684,0.13737843930721283,-0.24710406363010406,-0.26714521646499634,0.8892728090286255,0.0894869863986969,-0.12355588376522064,-0.14047746360301971,-0.14079686999320984,0.314447283744812,-0.23279115557670593,-0.23604631423950195,0.10579671710729599,0.22720104455947876,-0.2534431219100952,0.38821494579315186,-0.15670980513095856,-0.233380526304245,-0.17296065390110016,-0.24627569317817688,0.20908872783184052,0.017808053642511368,-0.12934929132461548,0.022246969863772392,0.3595469892024994,0.16599813103675842,0.24669139087200165,-0.041753120720386505,0.627964198589325,-0.11750125885009766,-0.18533417582511902,0.2486708164215088,-0.20455195009708405,0.17887161672115326,0.1384952813386917,0.4913254976272583,-0.18631410598754883,0.717843770980835,-0.12509427964687347,-0.18564102053642273,0.2441546618938446,-0.1514117568731308,0.47591283917427063,0.24452072381973267,0.6343588829040527,-0.17791777849197388,0.7439167499542236,0.07366690039634705,-0.22171881794929504
20,88,259,116,286,0.6236727237701416,-0.18335740268230438,0.20228639245033264,1.052992343902588,-0.22380495071411133,-0.22622349858283997,0.5620686411857605,-0.15244409441947937,-0.2167675793170929,-0.2660764455795288,0.3404710292816162,-0.07038170844316483,0.021960008889436722,0.2107968032360077,0.3349727988243103,-0.17174214124679565,-0.07210693508386612,-0.06708210706710815,0.04467673599720001,0.1574442982673645,0.15443144738674164,0.17157334089279175,0.6439996957778931,0.1389293521642685,0.18295451998710632,0.25764036178588867,-0.1431809961795807,-0.17423617839813232,0.5488196015357971,0.4823559522628784,-0.20480221509933472,-0.19660882651805878,-0.08186493813991547,0.3940376341342926,-0.14818686246871948,-0.1022539883852005,-0.19106876850128174,0.4709194302558899,-0.18775306642055511,0.05576949566602707,-0.1077616810798645,-0.12237701565027237,-0.13174399733543396,0.49473410844802856,-0.05254916474223137,-0.1025901734828949,-0.113161601126194,0.8865382671356201,0.2368856966495514,0.45538878440856934,0.27991923689842224,0.07216431200504303,0.7683448195457458,-0.21610715985298157,0.41029828786849976,-0.19100219011306763,0.05281832814216614,0.28743988275527954,0.670087456703186,-0.2111865133047104,0.49244630336761475,0.31864747405052185,-0.0517573207616806,0.29520195722579956,0.11136550456285477,-0.052543554455041885,-0.03639934957027435,0.42682552337646484,0.27237239480018616,0.23248815536499023,0.6028744578361511,-0.13185206055641174,-0.05166301503777504,0.4697009027004242,-0.15692314505577087,-0.04597463458776474,0.20267248153686523,-0.03946004807949066,-0.06213288754224777,-0.1482992172241211,-0.015945207327604294,-0.17723315954208374,-0.26844874024391174,0.2544354796409607,0.10924530029296875,-0.18486140668392181,-0.1894831657409668,-0.19092345237731934,0.3786160349845886,-0.22027269005775452,-0.0335172638297081,0.1424865573644638,0.20684091746807098,-0.2470242977142334,0.013825107365846634,-0.11975639313459396,-0.23186324536800385,-0.029126450419425964,-0.24626588821411133,0.06128435209393501,0.1907525658607483,0.1925949901342392,0.15823686122894287,0.4293457269668579,0.4453186094760895,0.419540673494339,-0.016401587054133415,0.06466897577047348,-0.05067040026187897,-0.17737670242786407,0.40284818410873413,-0.12102534621953964,0.10753687471151352,-0.014811515808105469,0.3660651743412018,-0.1022157222032547,0.6021347045898438,0.02362498641014099,-0.08367930352687836,0.14324694871902466,-0.15920326113700867,0.5641052722930908,-0.015107385814189911,0.5431146025657654,-0.007216393947601318,0.40853431820869446,-0.011922109872102737,-0.18917125463485718
21,401,473,455,524,0.558282732963562,-0.105829156935215,0.39567187428474426,1.0652856826782227,-0.21489235758781433,-0.20564110577106476,0.2852453589439392,-0.0820523351430893,-0.1523033231496811,-0.16518744826316833,0.21493953466415405,-0.010483049787580967,-0.024842122569680214,0.21674218773841858,0.2358451634645462,-0.1419888287782669,-0.14455443620681763,-0.05778622627258301,0.1499621868133545,-0.1385645568370819,0.005897770170122385,0.04949605464935303,0.8004615306854248,0.008834226988255978,0.09165502339601517,0.11685875058174133,-0.0746922492980957,-0.10140259563922882,0.5154727101325989,0.3416809141635895,-0.1017887219786644,-0.24917149543762207,-0.07245291024446487,0.2987804114818573,-0.10798624157905579,-0.163960799574852,-0.2160222977399826,0.5771653056144714,-0.195392906665802,0.18714262545108795,-0.18508924543857574,-0.15072064101696014,0.19463905692100525,0.26183590292930603,0.10385661572217941,-0.1255018413066864,-0.15452741086483002,0.5607330799102783,0.2773064970970154,0.6468346118927002,0.20113880932331085,-0.02996695786714554,0.5009830594062805,-0.19108547270298004,0.36833861470222473,0.05408644676208496,-0.1549600213766098,0.018452009186148643,0.5962172746658325,-0.19202792644500732,0.20954281091690063,0.6602749824523926,-0.11167958378791809,-0.10191042721271515,0.3240697979927063,0.03552144020795822,-0.10749727487564087,0.15240272879600525,0.12384148687124252,0.6253827214241028,0.6104238033294678,-0.09686201810836792,0.013823281973600388,0.41332343220710754,-0.1761222928762436,-0.07531780004501343,0.16172507405281067,-0.10561823099851608,-0.12231442332267761,-0.05073682218790054,0.09952540695667267,-0.08552181720733643,-0.2645649313926697,0.5253859758377075,0.05742442607879639,0.0761411190032959,-0.08646990358829498,-0.20919963717460632,0.3924519121646881,-0.24792902171611786,-0.07382377237081528,0.27735209465026855,0.42807692289352417,-0.26615989208221436,-0.0379614420235157,-0.18722742795944214,-0.2034231275320053,-0.02378959208726883,-0.1612951159477234,0.16576622426509857,0.03480515629053116,0.21304509043693542,0.1051630824804306,0.4601860046386719,0.09881912171840668,0.23843997716903687,0.2417551726102829,0.1395728886127472,-0.04935548081994057,-0.13575680553913116,0.15550042688846588,-0.1793733686208725,0.11219252645969391,-0.12614606320858002,0.5543217658996582,-0.1732621043920517,0.770401656627655,-0.16676007211208344,-0.19689708948135376,0.08140918612480164,-0.14274288713932037,0.40355032682418823,-0.01747152954339981,0.5013825297355652,-0.07377400994300842,0.532841145992279,-0.07376357167959213,-0.1828511357307434
22,244,214,268,236,0.5043370723724365,-0.22608399391174316,-0.001455118297599256,0.959162175655365,-0.18445046246051788,-0.1994590014219284,0.8059771060943604,-0.21485917270183563,0.10364101082086563,-0.2279646098613739,0.3114689588546753,-0.21815429627895355,-0.10279104113578796,0.25935256481170654,0.3193756639957428,-0.22516308724880219,-0.183285653591156,-0.10903508216142654,-0.15127260982990265,-0.14816556870937347,-0.1617177128791809,-0.027365704998373985,0.5815685987472534,0.03019820898771286,-0.11143766343593597,0.23724719882011414,-0.1095224916934967,-0.19137078523635864,0.7059974074363708,0.2456507384777069,-0.2060944139957428,-0.20383650064468384,-0.06032063066959381,0.18628519773483276,-0.187836691737175,-0.10315573215484619,-0.23677290976047516,0.27617281675338745,-0.23868826031684875,0.028758419677615166,-0.18966935575008392,-0.19963423907756805,-0.18501943349838257,0.0013141731033101678,-0.03501107543706894,-0.08974172174930573,-0.21674424409866333,1.0142581462860107,0.09496177732944489,0.5304584503173828,0.32337209582328796,0.04783483222126961,0.3988901674747467,-0.21869255602359772,0.48856067657470703,-0.22845077514648438,-0.07064465433359146,-0.05460428074002266,0.4962964653968811,-0.2090335488319397,0.5236294269561768,0.23359298706054688,0.004186093807220459,0.09782355278730392,0.2058379203081131,-0.21545928716659546,-0.16954390704631805,0.14401239156723022,0.25841349363327026,0.3452959358692169,0.36209699511528015,-0.21337918937206268,-0.12392479926347733,0.038606539368629456,-0.07013341784477234,-0.13629263639450073,0.31472593545913696,-0.21206682920455933,-0.026324113830924034,-0.1604299694299698,-0.00868077203631401,-0.25263839960098267,-0.24490928649902344,0.41753530502319336,0.6539123058319092,-0.08602842688560486,-0.21266411244869232,-0.11335614323616028,0.24460145831108093,-0.2175344079732895,-0.23545821011066437,0.08560773730278015,0.38541126251220703,-0.24634477496147156,0.3581951856613159,-0.13026262819766998,-0.20125651359558105,-0.08150652796030045,-0.2680763006210327,0.224399596452713,0.47062480449676514,0.0013034758158028126,-0.050272636115550995,0.4590347111225128,-0.17438699305057526,0.1390632539987564,-0.0720745250582695,0.4314294755458832,-0.16054214537143707,-0.18794001638889313,0.3515854775905609,-0.2144959270954132,-0.01405942440032959,0.3423376679420471,0.47528111934661865,-0.21000756323337555,0.5444728136062622,-0.18421527743339539,-0.21781912446022034,0.27739012241363525,-0.08639990538358688,0.5472126603126526,0.12287012487649918,0.628890872001648,-0.17379066348075867,0.6751217246055603,-0.06717488914728165,-0.23096540570259094
23,307,192,334,221,0.8768633008003235,-0.13079926371574402,0.2057785540819168,1.0668416023254395,-0.22785578668117523,-0.2069815993309021,0.7267687916755676,-0.11574523150920868,-0.2012656331062317,-0.25595951080322266,0.11884687840938568,0.07845643907785416,0.06253229081630707,0.17780441045761108,0.3205548822879791,-0.17941062152385712,0.0751112550497055,0.01275253389030695,0.2628474533557892,0.10001860558986664,0.10249185562133789,0.1135730966925621,0.6900074481964111,0.09594160318374634,0.019943024963140488,0.3925272822380066,-0.13053354620933533,-0.15168412029743195,0.7895939946174622,0.42060232162475586,-0.1275797188282013,-0.23920762538909912,-0.09889200329780579,0.46759456396102905,-0.0891382172703743,-0.04321979358792305,-0.20303943753242493,0.35288017988204956,-0.1758584827184677,0.18838107585906982,-0.14577138423919678,-0.13566462695598602,-0.09997155517339706,0.5110971927642822,0.04900621250271797,-0.13036976754665375,-0.18890732526779175,0.6026896238327026,0.3332085609436035,0.521740198135376,0.42549872398376465,0.2099064290523529,0.8043155074119568,-0.21379871666431427,0.7597788572311401,0.015118058770895004,0.11238125711679459,0.19001317024230957,0.6904394030570984,-0.17480893433094025,0.3628239929676056,0.4899154603481293,-0.1358320713043213,-0.013125846162438393,0.25990456342697144,-0.091489776968956,0.1091846376657486,0.2543734312057495,0.15922820568084717,0.5775189399719238,0.5045786499977112,-0.0643681064248085,-0.03518835827708244,0.38441336154937744,-0.21452340483665466,-0.022665884345769882,0.5738551616668701,0.05685308203101158,0.0662008598446846,-0.2065250724554062,-0.01213410310447216,-0.1399630308151245,-0.2728571891784668,0.3112558424472809,0.25538548827171326,0.009818639606237411,-0.16075101494789124,-0.2225492298603058,0.20008128881454468,-0.250730037689209,0.08885292708873749,0.12419233471155167,0.3967586159706116,-0.2658720016479492,0.17746347188949585,-0.13451267778873444,-0.23760347068309784,0.06213854253292084,-0.2496902197599411,0.10129094868898392,0.1303611695766449,0.18881180882453918,0.22740191221237183,0.5375592112541199,0.5298917293548584,0.27201446890830994,0.06401441991329193,0.05657070875167847,-0.16873180866241455,-0.13201391696929932,0.561229407787323,-0.1319209635257721,0.5228333473205566,-0.039659615606069565,0.512593686580658,-0.07289347052574158,0.8234055042266846,-0.15454404056072235,-0.12203434109687805,0.08243094384670258,-0.18053069710731506,0.3431519865989685,0.1005241870880127,0.787996768951416,-0.0845862552523613,0.6307743787765503,0.06830976903438568,-0.20988720655441284
24,394,206,425,235,0.652654767036438,-0.13633906841278076,0.36496540904045105,1.025627851486206,-0.18263693153858185,-0.20618969202041626,0.5954880714416504,-0.1671142727136612,0.006543552502989769,-0.23078463971614838,0.31653469800949097,-0.006849212571978569,-0.0007978607900440693,0.21990200877189636,0.362109899520874,-0.18347561359405518,-0.038559723645448685,0.08060981333255768,0.5165988206863403,0.0061148060485720634,0.01263127475976944,-0.02722693793475628,0.7449009418487549,0.11140558123588562,0.1498929113149643,0.5047826170921326,-0.11249563097953796,-0.044736750423908234,0.741340160369873,0.43338650465011597,-0.19672560691833496,-0.11101280152797699,-0.014500187709927559,0.3016759157180786,-0.12619498372077942,-0.01423073559999466,-0.23215220868587494,0.6256835460662842,-0.17218652367591858,0.1909736692905426,-0.09128015488386154,-0.16021066904067993,0.05641762912273407,0.33629167079925537,0.019946709275245667,-0.07883729040622711,-0.18504667282104492,0.9898433089256287,0.19676917791366577,0.574433445930481,0.28609591722488403,0.11093119531869888,0.7385019063949585,-0.20952226221561432,0.4714277386665344,-0.03437831625342369,0.10973396897315979,0.22908559441566467,0.736370861530304,-0.22882920503616333,0.44988107681274414,0.23553740978240967,-0.02747451700270176,0.15541328489780426,0.15959222614765167,-0.1322222650051117,0.12932488322257996,0.19482961297035217,0.2395239621400833,0.36347001791000366,0.5084024667739868,-0.05997215956449509,-0.07585970312356949,0.43368539214134216,-0.1542307734489441,-0.0557711236178875,0.26741382479667664,-0.12160861492156982,-0.008854679763317108,-0.14238247275352478,0.04869181290268898,-0.1861245036125183,-0.2576630115509033,0.588248610496521,0.153363436460495,-0.1758899986743927,-0.17684975266456604,-0.1803307682275772,0.43059709668159485,-0.23569372296333313,-0.10719510167837143,0.058811675757169724,0.314022421836853,-0.2662261724472046,0.21370762586593628,-0.14920061826705933,-0.23941893875598907,0.056997478008270264,-0.2398412823677063,0.1390831023454666,0.25164955854415894,0.04462652653455734,0.1472276896238327,0.3007669448852539,0.34638530015945435,0.2753295600414276,0.04508880525827408,0.5231001973152161,-0.06548411399126053,-0.17951245605945587,0.29592472314834595,-0.15081006288528442,0.18151645362377167,0.09828168153762817,0.4672805070877075,-0.09682437032461166,0.7614235877990723,-0.12859003245830536,-0.10816516727209091,0.1332925260066986,-0.15834881365299225,0.4531918168067932,0.2893349230289459,0.7256259322166443,-0.11260788142681122,0.6768849492073059,0.012515850365161896,-0.21001794934272766
25,301,261,328,287,0.6674016714096069,-0.20757198333740234,0.16265638172626495,1.034355640411377,-0.22776579856872559,-0.21662770211696625,0.8123239874839783,-0.19616377353668213,-0.14510853588581085,-0.2492169290781021,0.163926899433136,-0.12178753316402435,-0.11344853788614273,0.25862833857536316,0.3581714928150177,-0.16563096642494202,-0.1684977412223816,-0.1283911168575287,0.14543814957141876,0.054717183113098145,0.009001602418720722,0.05053027719259262,0.7101366519927979,0.07481880486011505,0.00794553104788065,0.23227688670158386,-0.1860833764076233,-0.22085219621658325,0.6543098092079163,0.3274640738964081,-0.22611448168754578,-0.23649467527866364,-0.09076789021492004,0.2849928140640259,-0.14050136506557465,-0.11355597525835037,-0.22059249877929688,0.4148988425731659,-0.23375505208969116,0.12887635827064514,-0.07535344362258911,-0.14341823756694794,-0.09303141385316849,0.09310945868492126,-0.1205410435795784,-0.06294900923967361,-0.1817149519920349,0.9002600908279419,0.2531515657901764,0.5721638202667236,0.2274894416332245,0.12462323158979416,0.7803157567977905,-0.23107105493545532,0.5731083750724792,-0.19478577375411987,0.13349753618240356,0.20448559522628784,0.5157864093780518,-0.21240684390068054,0.6112326979637146,0.19880349934101105,-0.0761081725358963,0.171415776014328,0.17161332070827484,-0.16750992834568024,-0.006878385785967112,0.2362343966960907,0.2934090495109558,0.25392889976501465,0.4211067855358124,-0.19636279344558716,-0.04654160514473915,0.4154539108276367,-0.14082513749599457,-0.13952594995498657,0.31101730465888977,-0.18356011807918549,-0.05026811361312866,-0.2006949633359909,0.11364027857780457,-0.21616563200950623,-0.25898197293281555,0.5225475430488586,0.5190298557281494,-0.224811390042305,-0.20682647824287415,-0.13429783284664154,0.34573104977607727,-0.23386989533901215,-0.1698223203420639,0.20271272957324982,0.4417880177497864,-0.2665269076824188,0.21179987490177155,-0.15879791975021362,-0.23629723489284515,-0.147846519947052,-0.24836526811122894,0.11243299394845963,0.10700733214616776,-0.007563326042145491,-0.010903704911470413,0.33623093366622925,0.16990593075752258,0.3711371421813965,-0.035219550132751465,0.5044043064117432,-0.15547190606594086,-0.22075825929641724,0.6314870119094849,-0.17960739135742188,0.21635103225708008,0.16493310034275055,0.4538223445415497,-0.11043637245893478,0.6313348412513733,-0.0270782969892025,-0.12940412759780884,0.29838287830352783,-0.13939186930656433,0.5121394991874695,0.18929210305213928,0.7311331629753113,-0.11215194314718246,0.6301445364952087,-0.11556140333414078,-0.2232467085123062
26,252,362,299,408,0.9038058519363403,-0.10893116146326065,0.39822903275489807,1.093435525894165,-0.18851180374622345,-0.17504529654979706,0.6148624420166016,-0.139770969748497,-0.1044330894947052,-0.19654932618141174,0.08817601203918457,0.3182864487171173,-0.002067618304863572,0.24373942613601685,0.4386223554611206,-0.1566598117351532,-0.12106353789567947,0.3233241140842438,0.45129188895225525,0.16013899445533752,0.21295997500419617,0.015373330563306808,0.8427015542984009,0.20207206904888153,-0.004945346619933844,0.5024012923240662,-0.14883939921855927,-0.06978480517864227,0.9589661955833435,0.5853626728057861,-0.06977324187755585,-0.14778460562229156,-0.010486307553946972,0.3818105459213257,-0.12066809833049774,0.12017286568880081,-0.19201017916202545,0.8512250781059265,-0.11963126063346863,0.34694206714630127,-0.07659953832626343,-0.1085653081536293,-0.025675857439637184,0.6476708054542542,0.07980577647686005,-0.06513327360153198,-0.17912310361862183,0.6777416467666626,0.3033443093299866,0.613508939743042,0.32028529047966003,0.18103933334350586,1.0484331846237183,-0.1906830370426178,0.6378017663955688,0.14668206870555878,0.2305012196302414,0.35721123218536377,0.6214001178741455,-0.21190030872821808,0.45600318908691406,0.6107142567634583,-0.05864160507917404,0.18851833045482635,0.4134192168712616,0.03176697716116905,-0.05611849203705788,0.37023723125457764,0.28591200709342957,0.45264527201652527,0.5783235430717468,-0.0708799958229065,0.09436655789613724,0.5643610954284668,-0.20310074090957642,0.04813292622566223,0.4913526773452759,0.13363710045814514,-0.04130419343709946,-0.04529769718647003,0.04305489361286163,-0.14437419176101685,-0.26029425859451294,0.4446333944797516,0.14522509276866913,-0.1355438083410263,-0.18819071352481842,-0.1729743629693985,0.47871437668800354,-0.22705814242362976,0.2784311771392822,0.18993741273880005,0.5813170075416565,-0.2597008943557739,0.13715991377830505,-0.18310895562171936,-0.2221541553735733,0.11814690381288528,-0.21927599608898163,0.07848048955202103,0.16658492386341095,0.4388429522514343,0.10379239171743393,0.5878100395202637,0.8273214101791382,0.4919905364513397,0.09179167449474335,0.10979261994361877,-0.12225280702114105,-0.17246931791305542,0.6481276154518127,-0.07517361640930176,0.34831103682518005,0.060646820813417435,0.5255556702613831,-0.008919769898056984,0.9117186069488525,0.01429437380284071,-0.1141909807920456,0.11558252573013306,-0.16324017941951752,0.4458879232406616,-0.03116808645427227,0.6597894430160522,0.008534623309969902,0.6206080913543701,0.08671364188194275,-0.1813706010580063
27,263,227,286,249,0.5160843133926392,-0.2122172713279724,-0.03637438267469406,0.9586323499679565,-0.18911464512348175,-0.16092033684253693,0.7472734451293945,-0.21327024698257446,0.27177509665489197,-0.21672450006008148,0.19927304983139038,-0.20758751034736633,-0.1411033272743225,0.21407854557037354,0.4735923409461975,-0.24138116836547852,-0.03400547057390213,0.20885014533996582,0.2857326865196228,-0.013517584651708603,-0.13091152906417847,-0.008602647110819817,0.67618328332901,0.3951152563095093,-0.025468744337558746,0.6820831894874573,-0.1881219446659088,-0.19460426270961761,0.7007529139518738,0.47860875725746155,-0.19004416465759277,-0.13333958387374878,-0.0647500678896904,0.045061226934194565,-0.17011964321136475,-0.09100374579429626,-0.25207674503326416,0.6354811191558838,-0.09675684571266174,0.07311791926622391,-0.10940596461296082,-0.20162682235240936,-0.1382405161857605,0.04241831973195076,0.09890399873256683,0.05295189842581749,-0.20424063503742218,1.2170372009277344,0.2184320092201233,0.97890305519104,0.1993018239736557,0.08564527332782745,0.620439887046814,-0.23881152272224426,0.9804005026817322,-0.2219504714012146,0.040115732699632645,0.09212225675582886,0.7496004104614258,-0.24415063858032227,1.2674585580825806,-0.07909423857927322,0.019754406064748764,0.049717411398887634,0.1972196102142334,-0.19839127361774445,0.0471222884953022,-0.03859749808907509,0.2728577256202698,0.05907757952809334,0.2516700029373169,-0.24590545892715454,-0.011163251474499702,0.18218094110488892,-0.12331240624189377,-0.1287115216255188,0.49509090185165405,-0.20251703262329102,-0.0677536204457283,-0.1693742871284485,0.2749553918838501,-0.23531924188137054,-0.2307659238576889,0.5264784693717957,1.3325680494308472,-0.14631284773349762,-0.22854717075824738,-0.06533602625131607,0.6082560420036316,-0.20816294848918915,-0.10581571608781815,0.19030839204788208,0.5020581483840942,-0.24530029296875,-0.08953218907117844,-0.14252716302871704,-0.224215567111969,-0.054259225726127625,-0.2654837369918823,0.2920275926589966,0.253765732049942,0.054486896842718124,-0.09755502641201019,0.548904538154602,0.15745384991168976,0.28623712062835693,-0.10374966263771057,1.203611969947815,-0.17093120515346527,-0.21623581647872925,0.32629844546318054,-0.21784549951553345,0.1075415387749672,0.6143714189529419,0.4018978476524353,-0.13383008539676666,0.8325087428092957,-0.1275600790977478,-0.19436600804328918,0.32822683453559875,-0.050189536064863205,0.4859533905982971,0.321827232837677,0.8434789180755615,-0.18234345316886902,0.9380592703819275,-0.13164161145687103,-0.23321761190891266
28,237,533,270,563,0.7778941988945007,-0.10018645226955414,0.32380861043930054,1.1056113243103027,-0.2050495445728302,-0.21626214683055878,0.5462774634361267,-0.075652576982975,-0.19762054085731506,-0.2180136740207672,0.24315688014030457,0.28904470801353455,-0.06450967490673065,0.2978721857070923,0.2645672857761383,-0.1435394585132599,-0.031014952808618546,0.07245192676782608,0.3874000012874603,-0.032008856534957886,0.010265794582664967,0.09312660992145538,0.6181526184082031,0.08966504037380219,0.1056271642446518,0.16820095479488373,-0.10006149113178253,-0.017246097326278687,0.7993865013122559,0.30886709690093994,-0.1473848819732666,-0.17195534706115723,-0.06746178865432739,0.36900845170021057,-0.07978930324316025,-0.059219956398010254,-0.20872464776039124,0.3940677046775818,-0.18170401453971863,0.29198071360588074,-0.11165072023868561,-0.11116348206996918,-0.06380625069141388,0.20749226212501526,-0.022345682606101036,-0.11808124929666519,-0.20697228610515594,0.5399209856987,0.27712178230285645,0.7088865041732788,0.1294616162776947,-0.035850219428539276,0.5754618048667908,-0.19481071829795837,0.3067593574523926,0.3699039816856384,-0.0350375771522522,0.07419280707836151,0.45329222083091736,-0.14396126568317413,0.35372108221054077,0.649500846862793,-0.09695720672607422,0.05934877321124077,0.4196295142173767,-0.18607035279273987,-0.08051303774118423,0.2803121507167816,0.3221891522407532,0.737005352973938,0.7441812753677368,-0.04883747175335884,0.05529307574033737,0.2784368693828583,-0.20837612450122833,-0.014063884504139423,0.24259456992149353,-0.011262485757470131,-0.05263357609510422,0.08871518075466156,-0.03804068639874458,-0.07609511911869049,-0.25530806183815,0.572062611579895,0.01410585641860962,-0.009452784433960915,-0.1845029592514038,-0.22733497619628906,0.3472054600715637,-0.2507687509059906,0.14059822261333466,0.24947991967201233,0.3591264486312866,-0.26256465911865234,0.06464367359876633,-0.18292728066444397,-0.21508152782917023,-0.0895175188779831,-0.20005860924720764,0.11847742646932602,0.13449159264564514,0.32432693243026733,0.15289880335330963,0.26889604330062866,0.2711368203163147,0.2746199667453766,0.23419928550720215,0.10932403802871704,-0.09734809398651123,-0.0259318258613348,0.23227819800376892,-0.14193709194660187,0.1435973197221756,-0.07404627650976181,0.49048835039138794,-0.06680912524461746,0.9320055246353149,-0.11703197658061981,-0.09639790654182434,0.1928664743900299,-0.16258737444877625,0.3598201274871826,0.003346091601997614,0.6369633674621582,-0.05771566554903984,0.5166058540344238,0.17805778980255127,-0.16719631850719452
29,275,259,297,280,0.6445125341415405,-0.2305169701576233,0.12848879396915436,1.0641061067581177,-0.2421530932188034,-0.15130113065242767,0.5929147601127625,-0.1380942463874817,0.20739418268203735,-0.24221642315387726,0.14810703694820404,-0.2508982717990875,0.012731407769024372,0.2868784964084625,0.7051092982292175,-0.17825429141521454,-0.07114492356777191,0.7324073314666748,0.04004594683647156,0.40069183707237244,0.3139619529247284,0.0922693982720375,1.002078652381897,0.38297632336616516,0.4012341797351837,0.5882496237754822,-0.1110348179936409,-0.16694782674312592,0.5318066477775574,0.7772305607795715,-0.1496240347623825,-0.09250115603208542,-0.1172805055975914,0.31534770131111145,-0.1853882074356079,0.018550261855125427,-0.13704626262187958,0.8713499903678894,-0.009049256332218647,-0.026085054501891136,0.1756032109260559,-0.07021079212427139,0.08064741641283035,0.8416712284088135,0.09858868271112442,0.19009722769260406,-0.10236646980047226,1.2836650609970093,-0.0017283782362937927,0.6372472643852234,0.4628450870513916,0.3957299292087555,1.1100783348083496,-0.24550722539424896,0.6287859082221985,-0.23630420863628387,0.537913978099823,0.33351919054985046,1.1942132711410522,-0.24211634695529938,0.5446385741233826,0.0023854572791606188,0.051222920417785645,0.4794624149799347,0.15133439004421234,-0.052461620420217514,-0.1850607842206955,0.39002907276153564,0.12378136068582535,-0.07541758567094803,0.4682970941066742,-0.013689239509403706,-0.09119970351457596,0.2550218999385834,-0.04312567412853241,0.0655435100197792,0.3109334409236908,-0.04780610278248787,-0.09086161106824875,-0.1410316377878189,0.2958696186542511,-0.19450849294662476,-0.2537022829055786,-0.023699117824435234,0.4170425832271576,-0.18383491039276123,-0.23708896338939667,-0.16040430963039398,0.749751091003418,-0.23433049023151398,0.07329399138689041,0.11203906685113907,0.2729795575141907,-0.18893963098526,-0.11490201950073242,-0.10579738020896912,-0.2125820517539978,0.07863931357860565,-0.23534224927425385,0.0738205835223198,0.5883781909942627,0.06991279125213623,0.16480080783367157,0.34523096680641174,1.15884268283844,0.26912322640419006,0.004855737090110779,0.45615828037261963,-0.05658299848437309,-0.23097534477710724,0.5180063843727112,0.08389931917190552,0.12807825207710266,0.5405885577201843,0.18834304809570312,0.011237393133342266,0.3889198303222656,0.06492436677217484,0.07577987760305405,0.021195704117417336,-0.09967809170484543,0.5105611681938171,0.08994919806718826,0.6442866921424866,-0.047042641788721085,0.17786820232868195,-0.18889515101909637,-0.1734376698732376
30,124,437,169,470,0.645129919052124,-0.08949290961027145,0.38904285430908203,1.0932013988494873,-0.20906393229961395,-0.15347589552402496,0.3448069393634796,-0.12337786704301834,-0.17199398577213287,-0.18940353393554688,0.13855862617492676,0.5454009175300598,-0.013281047344207764,0.24610786139965057,0.4027358293533325,-0.16456201672554016,-0.022850684821605682,0.05901557579636574,0.564460039138794,-0.008914456702768803,0.17502275109291077,0.0035428106784820557,0.7320337891578674,0.0657099261879921,0.1119496077299118,0.32124245166778564,-0.12461656332015991,0.06628073006868362,0.7037414312362671,0.6613254547119141,-0.14393359422683716,-0.17627768218517303,0.010597135871648788,0.24969428777694702,-0.1293540894985199,-0.051298145204782486,-0.21018579602241516,0.6389672160148621,-0.18826769292354584,0.0912761241197586,-0.11323806643486023,-0.11727169901132584,-0.013595428317785263,0.4103967547416687,0.019815677776932716,-0.12210509181022644,-0.15194594860076904,0.37928372621536255,0.2046700119972229,0.6165984272956848,0.2129211574792862,0.0378914438188076,0.7240623235702515,-0.2138877660036087,0.5078305602073669,0.4069862365722656,-0.03875310346484184,0.2723252475261688,0.6412279009819031,-0.1880858838558197,0.3463672995567322,0.6945882439613342,-0.07153171300888062,0.020452015101909637,0.3043546974658966,0.007928951643407345,0.048428818583488464,0.32173773646354675,0.07634333521127701,0.612241268157959,0.6588391065597534,-0.09890630096197128,0.02883870154619217,0.4346100687980652,-0.15364089608192444,0.06796396523714066,0.09411416947841644,-0.021491674706339836,-0.1204349622130394,0.2544437050819397,0.0585288368165493,-0.12508635222911835,-0.27327805757522583,0.9200080037117004,0.029431039467453957,-0.030535127967596054,-0.08587557822465897,-0.13275383412837982,0.36039111018180847,-0.18085508048534393,0.05178498104214668,0.38972365856170654,0.350857138633728,-0.26581764221191406,0.03084612637758255,-0.15841327607631683,-0.20450828969478607,0.08908174186944962,-0.17448575794696808,0.11236704140901566,0.1147720217704773,0.30796802043914795,0.04263552278280258,0.3747183084487915,0.4646236300468445,0.30626967549324036,0.12199903279542923,0.14352065324783325,-0.05966653674840927,-0.05487596616148949,0.1518985778093338,-0.09883014857769012,0.22918415069580078,-0.12556037306785583,0.6359776854515076,-0.11212372034788132,0.82745760679245,-0.015958022326231003,-0.11023125797510147,0.072057344019413,-0.16814468801021576,0.3970590829849243,-0.07331717014312744,0.6843141317367554,-0.004197816830128431,0.6522576808929443,-0.02539704367518425,-0.1533539742231369
31,167,182,195,209,0.8132181763648987,-0.21338821947574615,0.04868049919605255,1.0422226190567017,-0.1880946010351181,-0.11432874202728271,0.815460205078125,-0.2049972265958786,-0.17702490091323853,-0.2304859757423401,0.030378563329577446,-0.11235243082046509,-0.07208050042390823,0.21263182163238525,0.40400707721710205,-0.1845177859067917,0.026111731305718422,0.32310447096824646,0.17043668031692505,0.00925744790583849,0.05279342457652092,0.06860507279634476,0.7006023526191711,0.40275487303733826,-0.1259174346923828,0.45537376403808594,-0.1348564773797989,-0.1836421936750412,0.5052383542060852,0.5305032134056091,-0.15850083529949188,-0.16623170673847198,-0.10260879993438721,0.5592074990272522,-0.12385372072458267,-0.10080931335687637,-0.19761575758457184,0.3829488754272461,-0.21864598989486694,0.10794683545827866,0.10792753100395203,-0.13849787414073944,-0.1758742481470108,0.1770998239517212,0.010787715204060078,0.12027154117822647,-0.2227688580751419,1.0413227081298828,0.23925356566905975,0.35679522156715393,0.2522047460079193,0.3543054163455963,0.9302964210510254,-0.24124650657176971,0.5537722706794739,-0.09674787521362305,0.32533717155456543,0.01613459922373295,0.6829515099525452,-0.1726415902376175,0.4110911786556244,0.2289951592683792,-0.06384988129138947,0.11880376189947128,0.31923815608024597,-0.13512678444385529,0.20703506469726562,0.15354666113853455,0.25955602526664734,0.1083337739109993,0.631413459777832,-0.13586176931858063,-0.10175836831331253,0.23965762555599213,-0.20932148396968842,-0.12354838848114014,0.487886905670166,-0.101276695728302,-0.08196844905614853,-0.20734275877475739,0.16115017235279083,-0.21760153770446777,-0.2655485272407532,-0.024404408410191536,0.6943230032920837,-0.12439452856779099,-0.18456070125102997,-0.16436465084552765,0.2473359853029251,-0.2526834309101105,-0.12093109637498856,0.030777668580412865,0.2988297641277313,-0.2611396610736847,0.048099104315042496,-0.14285530149936676,-0.2293548434972763,0.05171244218945503,-0.25053372979164124,0.12039363384246826,0.2420075386762619,0.1069120541214943,0.0296284481883049,0.47352147102355957,0.7062168121337891,0.3356660306453705,0.024139827117323875,0.38253724575042725,-0.18837152421474457,-0.1556939333677292,0.8939976692199707,-0.1290910840034485,0.38543906807899475,0.3125481903553009,0.3394413888454437,-0.06910517066717148,0.6841037273406982,-0.04003966599702835,-0.014258856885135174,0.16048048436641693,-0.14981181919574738,0.4714004099369049,0.1411626636981964,0.8545877933502197,-0.1034122109413147,0.6503617167472839,-0.0903368592262268,-0.1910424679517746
32,187,489,224,525,0.8436371088027954,-0.12450191378593445,0.4336097240447998,1.102013111114502,-0.24492302536964417,-0.177888885140419,0.5640192627906799,-0.1310025006532669,-0.16830764710903168,-0.24405914545059204,0.14613404870033264,0.3000985085964203,0.037819307297468185,0.1830066442489624,0.4287071228027344,-0.17387083172798157,0.07822016626596451,0.010105950757861137,0.7675233483314514,0.14557717740535736,0.29627230763435364,0.06754329800605774,0.7378447651863098,0.17457321286201477,0.18075717985630035,0.4900355935096741,-0.1436273157596588,-0.11722585558891296,0.7407703995704651,0.6414645314216614,-0.13074935972690582,-0.16004854440689087,0.05269891768693924,0.44065791368484497,-0.09917555004358292,0.10274358838796616,-0.1900041699409485,0.5781804323196411,-0.1583883911371231,0.17327980697155,-0.08357469737529755,-0.098233163356781,0.07575375586748123,0.6650049686431885,0.12457932531833649,-0.10280323028564453,-0.16109710931777954,0.7062990665435791,0.30834484100341797,0.5670468807220459,0.35416123270988464,0.11357073485851288,0.7983445525169373,-0.21011796593666077,0.43911173939704895,0.11137373000383377,0.1285010427236557,0.42153698205947876,0.694226861000061,-0.18844623863697052,0.5366148948669434,0.4888099730014801,-0.08814716339111328,0.24124737083911896,0.21346908807754517,0.10760392993688583,0.05693879723548889,0.28876036405563354,0.14225493371486664,0.5674566030502319,0.5794697403907776,-0.05836004763841629,-0.021430134773254395,0.6594229340553284,-0.21852724254131317,0.01393950916826725,0.2796221971511841,0.15678218007087708,-0.027244532480835915,-0.054955869913101196,0.023726243525743484,-0.12489835917949677,-0.26592114567756653,0.5848267078399658,0.0661882758140564,-0.09666085988283157,-0.18171705305576324,-0.2111513912677765,0.279049277305603,-0.24080871045589447,0.18029946088790894,0.21965962648391724,0.3931112289428711,-0.2597237527370453,0.12032198160886765,-0.1331857293844223,-0.23559677600860596,0.11323723196983337,-0.2319682240486145,0.04720987007021904,0.0627003014087677,0.2981202006340027,0.16965341567993164,0.4476191997528076,0.6734719276428223,0.3711068630218506,0.1157819852232933,0.23417478799819946,2.4428367396467365e-05,-0.15570369362831116,0.3959615230560303,-0.06496376544237137,0.20829616487026215,-0.1014304906129837,0.5616886615753174,-0.01665365695953369,0.7835328578948975,-0.012831139378249645,-0.11032059788703918,0.05316449701786041,-0.17855510115623474,0.39888256788253784,0.132963165640831,0.6706526875495911,-0.015884490683674812,0.8344603180885315,0.11996816843748093,-0.17892348766326904
33,109,242,131,263,0.5049102902412415,-0.2168310135602951,0.13776905834674835,1.046514868736267,-0.22298233211040497,0.10509846359491348,0.5137679576873779,-0.1908598691225052,-0.10234133154153824,-0.242646262049675,0.5920743346214294,-0.08029485493898392,-0.025473609566688538,0.4188592731952667,0.37260735034942627,-0.20863540470600128,0.020547131076455116,-0.06668324023485184,-0.035305678844451904,0.09005103260278702,0.1753443479537964,0.16460303962230682,0.5041489601135254,0.1879366636276245,0.2488424926996231,0.5424064993858337,-0.09788664430379868,-0.20526297390460968,0.411427766084671,0.6950175166130066,-0.1852780133485794,-0.2034931629896164,-0.12060463428497314,0.4910144805908203,-0.16102756559848785,-0.14914138615131378,-0.1632262021303177,0.2144664078950882,-0.00503385066986084,-0.11303574591875076,-0.056443218141794205,-0.12108919769525528,-0.08151417970657349,0.5939909815788269,0.06011831760406494,-0.0844116136431694,-0.1593896746635437,1.0754647254943848,0.45719990134239197,0.47826313972473145,0.35654115676879883,0.48074284195899963,0.6464962363243103,-0.21893002092838287,0.36123016476631165,-0.2053258866071701,0.11596652120351791,0.38605713844299316,0.920240581035614,-0.2345626801252365,0.46906015276908875,0.267554372549057,-0.05300707742571831,0.49513617157936096,0.15424810349941254,0.15595680475234985,0.34755492210388184,0.38152480125427246,0.09383542090654373,0.0839744284749031,0.5165656208992004,-0.14543046057224274,-0.1609780341386795,0.4956871271133423,-0.10930130630731583,-0.11429335922002792,0.2787511944770813,-0.16739754378795624,-0.018685990944504738,-0.17992711067199707,0.16872794926166534,-0.21390163898468018,-0.268360435962677,0.24002008140087128,0.26546183228492737,-0.20116423070430756,-0.17679445445537567,-0.1630503386259079,0.20800475776195526,-0.21800637245178223,-0.12982319295406342,0.12384066730737686,0.0821712538599968,-0.2284444123506546,-0.11529606580734253,-0.007823598571121693,-0.2347426861524582,-0.008449185639619827,-0.26024559140205383,0.06661660224199295,0.21576635539531708,-0.010393217206001282,0.20538534224033356,0.49716565012931824,0.631175696849823,0.31732603907585144,-0.009419109672307968,0.23191986978054047,-0.030838022008538246,-0.22445857524871826,0.561810314655304,-0.08913147449493408,0.06735137850046158,0.09976913779973984,0.2205207347869873,-0.11328357458114624,0.4846615493297577,0.005714287515729666,-0.07698231935501099,0.16698814928531647,-0.14640207588672638,0.5416765809059143,-0.041065800935029984,0.7835977673530579,-0.08168912678956985,0.3231034576892853,-0.08475613594055176,-0.19973720610141754
34,365,119,396,148,0.74232017993927,-0.23407939076423645,0.17253273725509644,1.1017295122146606,-0.19977548718452454,-0.15376317501068115,0.5690982937812805,-0.18116985261440277,-0.07584764808416367,-0.25034698843955994,0.1042521595954895,0.19916445016860962,-0.09004315733909607,0.13814827799797058,0.626545250415802,-0.1539035588502884,-0.1782638132572174,0.5728501081466675,0.24728913605213165,0.011548759415745735,0.2929718792438507,0.07533372938632965,0.9317716956138611,0.43498194217681885,0.08892244100570679,0.6130537986755371,-0.13212639093399048,-0.14551281929016113,0.7091290354728699,0.7738142609596252,-0.15475207567214966,-0.17442673444747925,-0.11740056425333023,0.5209600925445557,-0.14331744611263275,-0.050935544073581696,-0.07331226021051407,0.7606799602508545,0.04486890137195587,0.0044245608150959015,0.4274543523788452,-0.001205967739224434,0.12280317395925522,0.5926221609115601,0.024776631966233253,0.27422699332237244,-0.11210265755653381,1.4809045791625977,0.18447543680667877,0.4610670804977417,0.3742067813873291,0.434370219707489,0.857585072517395,-0.20662856101989746,0.41521644592285156,-0.1425446718931198,0.846842348575592,0.5790868997573853,0.8477987051010132,-0.23369340598583221,0.38662832975387573,0.1280832588672638,0.04939065873622894,0.5680208802223206,0.05445649474859238,-0.07784822583198547,0.07860741764307022,0.24836400151252747,0.43979015946388245,0.05188867822289467,0.5266136527061462,0.09878630191087723,-0.05889907479286194,0.38032159209251404,-0.19658881425857544,0.05779612436890602,0.5918057560920715,0.050178442150354385,0.21952156722545624,-0.19559380412101746,0.14307363331317902,-0.1831100881099701,-0.25086525082588196,0.3483182191848755,0.5580026507377625,-0.16978435218334198,-0.19686058163642883,-0.17929813265800476,0.547351062297821,-0.24382899701595306,-0.07475829124450684,0.04841753467917442,0.6249212026596069,-0.15065449476242065,0.049499958753585815,-0.024682264775037766,-0.20123213529586792,0.05901452898979187,-0.25851038098335266,-0.009191489778459072,0.5217252373695374,0.09256821125745773,0.24260170757770538,0.41078096628189087,1.2580400705337524,0.3357319235801697,0.05024692788720131,0.49309876561164856,0.07435759902000427,-0.15649719536304474,0.8596715927124023,0.22859562933444977,0.17730392515659332,0.3410335183143616,0.2882036566734314,0.13403242826461792,0.5801646709442139,0.24573491513729095,0.17274253070354462,0.08035694062709808,-0.1418498456478119,0.5720245242118835,0.03795992583036423,0.5894675254821777,-0.011030771769583225,0.3666645288467407,-0.08530359715223312,-0.1742856800556183
35,104,310,132,336,0.8448923230171204,-0.18188691139221191,0.27573361992836,1.0488309860229492,-0.1918453723192215,-0.16872000694274902,0.5292696952819824,-0.20068351924419403,-0.1354958564043045,-0.2109711617231369,0.2734418213367462,0.055787961930036545,-0.08184582740068436,0.07964089512825012,0.4388519525527954,-0.1883232444524765,-0.14140434563159943,0.4631870985031128,0.20293794572353363,-0.08755525201559067,0.14584027230739594,0.07091745734214783,0.6851299405097961,0.21602724492549896,0.09118696302175522,0.580597460269928,-0.14954827725887299,-0.05823323503136635,0.8308398723602295,0.3845166265964508,-0.2098732739686966,-0.05843302235007286,-0.07626063376665115,0.5835461020469666,-0.1390312761068344,0.044413965195417404,-0.1555875688791275,0.6683453917503357,-0.1527257114648819,0.14607906341552734,0.33628812432289124,-0.06277154386043549,0.06711489707231522,0.4117095470428467,0.05413467064499855,0.15181924402713776,-0.10697415471076965,1.5148195028305054,0.15511836111545563,0.33137014508247375,0.38007521629333496,0.4795417785644531,0.7989887595176697,-0.18878839910030365,0.25293558835983276,0.005694583058357239,0.7563167214393616,0.26466700434684753,0.7315893173217773,-0.20966555178165436,0.2770096957683563,0.14976996183395386,0.024400481954216957,0.12415144592523575,0.0058744498528540134,-0.21166367828845978,0.17124037444591522,0.02291014790534973,0.549368679523468,0.24015706777572632,0.6279943585395813,0.24341940879821777,-0.1458229422569275,0.4340757131576538,-0.2195700854063034,-0.056218136101961136,0.5992828011512756,-0.037362657487392426,0.28184816241264343,-0.15164437890052795,-0.05362580344080925,-0.18580599129199982,-0.2653955817222595,0.24986839294433594,0.11864034086465836,-0.08924832195043564,-0.13295958936214447,-0.19266849756240845,0.47820451855659485,-0.25225475430488586,-0.006485690828412771,-0.03373657912015915,0.4781464636325836,-0.18836431205272675,0.1776728481054306,-0.0698729082942009,-0.23165269196033478,0.09056242555379868,-0.2564842104911804,0.07764977216720581,0.4196365177631378,0.015148703940212727,0.36660638451576233,0.44250011444091797,0.4634033143520355,0.22497856616973877,0.07109531760215759,0.4895673990249634,-0.07883838564157486,-0.20491687953472137,0.6886126399040222,0.1416713446378708,0.2092461735010147,0.16708405315876007,0.3318655490875244,0.0806923508644104,0.49200764298439026,0.041771337389945984,0.14116187393665314,0.038945410400629044,-0.16102182865142822,0.5676628351211548,0.14544625580310822,0.6090032458305359,-0.06327784061431885,0.539385974407196,0.1302318423986435,-0.21018700301647186
36,210,508,244,539,0.8539412021636963,-0.13268649578094482,0.3557422459125519,1.088317632675171,-0.19748418033123016,-0.17029604315757751,0.6957844495773315,-0.16948747634887695,-0.11245277523994446,-0.2610528767108917,0.21588437259197235,0.16778939962387085,-0.05221603065729141,0.20139716565608978,0.4740983247756958,-0.17298941314220428,0.06748680770397186,0.10938218235969543,0.6148788928985596,0.06260015815496445,0.33324047923088074,0.032875627279281616,0.9012231230735779,0.11741377413272858,0.07400231063365936,0.3704565167427063,-0.1473754346370697,-0.07522990554571152,0.8583824038505554,0.5408403277397156,-0.18446682393550873,-0.2446146160364151,-0.012915831059217453,0.48526203632354736,-0.09501181542873383,0.049310341477394104,-0.2067602276802063,0.4047701954841614,-0.09697626531124115,0.18058711290359497,-0.09744545817375183,-0.12737523019313812,-0.005370553582906723,0.545504629611969,0.038700371980667114,-0.10149923712015152,-0.2166871279478073,0.7637838125228882,0.3563658595085144,0.7069617509841919,0.20397962629795074,0.2921261787414551,0.9658488035202026,-0.21782530844211578,0.45475640892982483,0.09685816615819931,0.0840969830751419,0.29953527450561523,0.6323954463005066,-0.14954495429992676,0.5385961532592773,0.43747642636299133,-0.14479705691337585,0.24552366137504578,0.31252604722976685,0.0829453319311142,0.1130577102303505,0.2977452874183655,0.2009013593196869,0.4760069251060486,0.4947946071624756,-0.12770424783229828,0.09273415803909302,0.6115061044692993,-0.22374571859836578,-0.032327454537153244,0.45436781644821167,0.22367405891418457,-0.028413288295269012,-0.07263662666082382,0.016982242465019226,-0.15671966969966888,-0.2694101333618164,0.45950645208358765,0.2442166656255722,-0.13059671223163605,-0.17883290350437164,-0.2029646337032318,0.26732224225997925,-0.261569082736969,0.14835049211978912,0.1945628821849823,0.47007232904434204,-0.26651376485824585,0.011325652711093426,-0.1471806764602661,-0.23328791558742523,0.0013763848692178726,-0.2433987557888031,0.0678105428814888,0.02182343229651451,0.2887464463710785,0.07232291251420975,0.4766296148300171,0.736234188079834,0.3996328115463257,0.15765142440795898,0.1443171203136444,-0.012813404202461243,-0.16202686727046967,0.40384945273399353,-0.14297425746917725,0.18938952684402466,-0.024008076637983322,0.5473670959472656,-0.013313294388353825,0.9773567914962769,0.04014619439840317,-0.1131402924656868,0.1616666316986084,-0.17186026275157928,0.41878294944763184,0.13873502612113953,0.6675698757171631,-0.06528384238481522,0.844260573387146,0.1931007206439972,-0.1910983920097351
37,123,143,163,175,0.850202202796936,-0.15607978403568268,0.34479016065597534,1.112256407737732,-0.24480557441711426,-0.1566590517759323,0.49933749437332153,-0.09440072625875473,-0.23460111021995544,-0.2320953905582428,0.26999610662460327,0.38153403997421265,0.08117063343524933,0.3902595043182373,0.4956340193748474,-0.09175296872854233,-0.1805287003517151,0.08036629855632782,0.3979584574699402,0.3324044346809387,0.2637832462787628,0.19931165874004364,0.6303866505622864,0.24499920010566711,0.18221403658390045,0.40540027618408203,-0.07131327688694,-0.12341544777154922,0.846782386302948,0.4629741609096527,-0.1887790709733963,-0.127831369638443,-0.014054195955395699,0.5998491048812866,-0.08022512495517731,0.06423459947109222,-0.1946561634540558,0.4272926449775696,-0.1796174943447113,0.26920709013938904,-0.05973454564809799,-0.09227512776851654,0.06528323888778687,0.7252488136291504,0.11861942708492279,-0.1487118899822235,-0.15478676557540894,0.5457970499992371,0.5371086001396179,0.6404938697814941,0.4748174548149109,0.220774844288826,0.8021114468574524,-0.2058284729719162,0.3122612535953522,-0.10154648870229721,0.23761777579784393,0.6103553771972656,0.5958565473556519,-0.20005083084106445,0.5507763028144836,0.7126888036727905,-0.011599141173064709,0.2734648585319519,0.38495907187461853,-0.07620645314455032,-0.10735905170440674,0.3910754323005676,0.38338977098464966,0.6398334503173828,0.8052010536193848,-0.04780641943216324,0.06383462250232697,0.6065837740898132,-0.17299149930477142,-0.0036261738277971745,0.32514268159866333,0.05229560658335686,0.010317506268620491,-0.19411535561084747,0.05070921778678894,-0.086339071393013,-0.2610791027545929,0.6134552955627441,-0.04557226970791817,-0.20142388343811035,-0.18770398199558258,-0.2400042563676834,0.3747936189174652,-0.23967139422893524,0.40589627623558044,0.2912963628768921,0.4425179064273834,-0.2581248879432678,0.15457472205162048,-0.16498473286628723,-0.24639186263084412,0.1269778162240982,-0.19523189961910248,0.04312347248196602,0.1570618897676468,0.25405561923980713,0.3061741590499878,0.4367996156215668,0.49735695123672485,0.6777428388595581,0.1859959065914154,0.16478219628334045,-0.12765687704086304,-0.12112152576446533,0.45010480284690857,-0.08518160879611969,0.449146568775177,-0.1001267209649086,0.4522005617618561,-0.017956120893359184,0.7681158781051636,0.06274066120386124,-0.022505199536681175,0.16618305444717407,-0.1736222505569458,0.44086629152297974,-0.02887970209121704,0.701867938041687,0.06285251677036285,0.4139302670955658,0.14848986268043518,-0.1816798895597458
38,384,199,409,222,0.6472810506820679,-0.15948010981082916,0.2965942621231079,1.050464153289795,-0.22048191726207733,-0.22632765769958496,0.6025001406669617,-0.13379724323749542,-0.015886450186371803,-0.24677719175815582,0.22655846178531647,-0.07793315500020981,0.054227035492658615,0.24508364498615265,0.5035392642021179,-0.18076317012310028,-0.037127330899238586,0.04417237266898155,0.4250420033931732,0.15124927461147308,0.0283952783793211,0.04286041855812073,0.7603763937950134,0.08057037740945816,0.28303083777427673,0.47617292404174805,-0.0895020142197609,-0.16826866567134857,0.6458906531333923,0.5150730609893799,-0.17714236676692963,-0.1498229056596756,-0.003124028444290161,0.21921509504318237,-0.16231493651866913,-0.00022515033197123557,-0.21814441680908203,0.46337589621543884,-0.14064456522464752,0.028216706588864326,-0.14183789491653442,-0.15320487320423126,0.11978036910295486,0.39232754707336426,0.0372055247426033,-0.10357730835676193,-0.1803998500108719,0.8130344748497009,0.25825074315071106,0.49513161182403564,0.3986051082611084,0.13325221836566925,0.5479257702827454,-0.19839203357696533,0.42567041516304016,-0.12800368666648865,0.08940017223358154,0.2864427864551544,0.7949644923210144,-0.20115120708942413,0.4809480607509613,0.37750244140625,-0.022775014862418175,0.2486542910337448,0.1411259025335312,-0.09346406906843185,-0.006313852965831757,0.25727763772010803,0.06710409373044968,0.4277143180370331,0.46613362431526184,-0.08440318703651428,-0.054764945060014725,0.30660054087638855,-0.09498339891433716,-0.0076481350697577,0.30312156677246094,-0.11328158527612686,-0.1019611582159996,-0.21722573041915894,0.06130580976605415,-0.19698800146579742,-0.26125431060791016,0.33572566509246826,0.20617549121379852,-0.16568128764629364,-0.1852688044309616,-0.1983799934387207,0.2835451364517212,-0.24637611210346222,-0.10357106477022171,0.06811676174402237,0.2591113746166229,-0.2666817605495453,0.09237829595804214,-0.13785283267498016,-0.23788988590240479,-0.02901480160653591,-0.24113576114177704,0.1094885841012001,0.2729010283946991,0.1842910200357437,0.13757957518100739,0.3379412889480591,0.10358830541372299,0.34248456358909607,0.009125381708145142,0.4900047481060028,-0.06924396008253098,-0.19178026914596558,0.25041186809539795,-0.1656554490327835,0.22268615663051605,0.1598065048456192,0.4262666404247284,-0.09738170355558395,0.6652427315711975,-0.14136458933353424,-0.11687848716974258,0.10014917701482773,-0.15142114460468292,0.462249755859375,0.1987021118402481,0.7029962539672852,-0.07624238729476929,0.46965643763542175,-0.11913895606994629,-0.19627343118190765
39,137,289,161,311,0.676952600479126,-0.23249514400959015,-0.004470128566026688,1.111107587814331,-0.23103919625282288,0.03050129860639572,0.6287265419960022,-0.17652077972888947,-0.1587182879447937,-0.2445899248123169,0.28879499435424805,-0.15503740310668945,0.004314254969358444,0.2516588866710663,0.5209000110626221,-0.17451703548431396,-0.15958449244499207,0.352772057056427,-0.11774654686450958,0.02231725864112377,0.06788134574890137,0.39088019728660583,0.47995197772979736,0.4877041280269623,0.2548004388809204,0.520676851272583,0.1490083783864975,-0.14951469004154205,0.41842183470726013,0.43420183658599854,-0.05151216685771942,-0.079153873026371,-0.1302393525838852,0.9405744671821594,-0.1181880384683609,-0.04924552142620087,-0.04976779967546463,0.05862855911254883,-0.0013469792902469635,-0.02330712601542473,0.20967605710029602,-0.026725690811872482,0.10353294014930725,0.48869335651397705,0.21438154578208923,0.17733532190322876,-0.03214990347623825,1.2203336954116821,0.26130566000938416,0.3026546239852905,0.4966045618057251,0.5882537364959717,0.4832421541213989,-0.18648210167884827,0.5501062870025635,-0.2352057248353958,0.4076995253562927,0.4541511535644531,0.9027727246284485,-0.21710653603076935,0.40738534927368164,0.35885000228881836,0.053502604365348816,0.24184268712997437,0.11208267509937286,-0.058637697249650955,0.05680149421095848,0.12260898947715759,0.31288236379623413,0.06557304412126541,0.668454647064209,-0.14528179168701172,-0.17673349380493164,0.48002713918685913,-0.14628633856773376,-0.07168853282928467,0.6281229853630066,-0.1307794451713562,0.13338306546211243,-0.16533347964286804,0.18919667601585388,-0.19540941715240479,-0.2617579698562622,0.07149031013250351,0.49140211939811707,-0.18276718258857727,-0.186621755361557,-0.18298333883285522,0.2826842665672302,-0.23690977692604065,-0.09867299348115921,0.16433103382587433,0.22412151098251343,-0.13697916269302368,-0.09130027145147324,-0.014190364629030228,-0.15945395827293396,0.06874996423721313,-0.250123530626297,-0.01592310704290867,0.6579874157905579,0.02439064532518387,0.30733126401901245,0.3350999355316162,0.2804165780544281,0.24380746483802795,0.0575944185256958,0.2620968818664551,-0.1357678920030594,-0.2415694147348404,0.9480503797531128,0.06927619874477386,0.4281531274318695,0.1670563668012619,0.14866606891155243,-0.0378916896879673,0.11596739292144775,-0.015304135158658028,-0.015421813353896141,0.06271529197692871,-0.10738317668437958,0.5831973552703857,0.01008610799908638,0.7297535538673401,-0.02236802875995636,0.24345296621322632,-0.1326563060283661,-0.15793925523757935
40,325,265,355,293,0.5466398000717163,-0.23129209876060486,0.06525156646966934,1.1011872291564941,-0.22304844856262207,-0.14632011950016022,0.567821204662323,-0.20545034110546112,-0.18901018798351288,-0.2300247848033905,0.2255951464176178,-0.12654715776443481,-0.032416049391031265,0.26419100165367126,0.4549950659275055,-0.1779676079750061,-0.050996631383895874,0.4120548367500305,0.031688809394836426,0.13953816890716553,0.147751584649086,0.22629567980766296,0.6780010461807251,0.5450806617736816,0.37776699662208557,0.6076270341873169,-0.13298916816711426,-0.21770888566970825,0.4211791455745697,0.7334320545196533,-0.17458583414554596,-0.1464472860097885,-0.12236972153186798,0.49103307723999023,-0.15145434439182281,-0.14496181905269623,-0.10912898927927017,0.5666194558143616,-0.235505610704422,0.05408743768930435,0.063260018825531,-0.06341665983200073,0.12122330069541931,0.5134558081626892,-0.022427907213568687,0.041990794241428375,-0.20243346691131592,1.092045783996582,0.4210026264190674,0.5875983238220215,0.4154570698738098,0.43376439809799194,0.8146055936813354,-0.22884579002857208,0.2911096513271332,-0.24389909207820892,0.2793697416782379,0.39829930663108826,0.9744485020637512,-0.22443251311779022,0.48027461767196655,0.1702709048986435,-0.04490389674901962,0.35521912574768066,0.1385621726512909,0.015024438500404358,0.09251093119382858,0.2087925225496292,0.304539293050766,0.04330320283770561,0.5413152575492859,-0.14382727444171906,-0.06967362761497498,0.3689936101436615,-0.15466046333312988,0.01346253976225853,0.11845800280570984,-0.10443025827407837,-0.08012564480304718,-0.1995699107646942,0.23361420631408691,-0.17887847125530243,-0.25986525416374207,-0.026583077386021614,0.3471040725708008,-0.21910050511360168,-0.20359718799591064,-0.15486301481723785,0.4333529472351074,-0.25580617785453796,-0.07368719577789307,0.23192648589611053,0.23011992871761322,-0.1651395857334137,-0.1423104703426361,-0.055531371384859085,-0.20816528797149658,0.003646496683359146,-0.2172050029039383,0.03783349692821503,0.27074533700942993,0.03704279661178589,0.11214964836835861,0.39314788579940796,0.7752043604850769,0.4278051257133484,0.019420482218265533,0.23206789791584015,-0.04279316961765289,-0.19136033952236176,0.5256399512290955,-0.016651272773742676,0.1571899652481079,0.16006214916706085,0.2101341187953949,-0.05359099805355072,0.5142160654067993,0.06857942789793015,-0.046959519386291504,0.17284832894802094,-0.12355992197990417,0.502656877040863,0.022267647087574005,0.6755362749099731,-0.03884255141019821,0.23038047552108765,-0.08024938404560089,-0.16141308844089508
41,368,238,396,259,0.4883233308792114,-0.18487666547298431,0.2107284516096115,1.075723648071289,-0.21659672260284424,-0.04421444609761238,0.4735300540924072,-0.13612443208694458,-0.12116085737943649,-0.23592837154865265,0.2150704711675644,0.5791687369346619,-0.026070863008499146,0.3934437334537506,0.5546748042106628,-0.17947496473789215,-0.033534884452819824,-0.09718971699476242,0.29035183787345886,0.17440824210643768,-0.017856180667877197,0.17428632080554962,0.6892700791358948,0.07856503874063492,0.34410151839256287,0.4644293487071991,-0.10834428668022156,-0.18636293709278107,0.7073893547058105,0.6973817944526672,-0.15668094158172607,-0.20843887329101562,-0.10638921707868576,0.20568694174289703,-0.14636681973934174,-0.008840538561344147,-0.20641811192035675,0.3902529180049896,-0.0020096302032470703,-0.09841891378164291,-0.12845422327518463,-0.1093754768371582,-0.056707631796598434,0.35780856013298035,-0.003363353433087468,-0.02266966737806797,-0.16098089516162872,0.7861219048500061,0.3149183988571167,0.5232546925544739,0.27387121319770813,0.3031080663204193,0.5371713638305664,-0.18910366296768188,0.4343351423740387,-0.1904430389404297,0.06782591342926025,0.4668298065662384,0.6984732151031494,-0.19014418125152588,0.4565601646900177,0.3454526662826538,-0.05972849950194359,0.16926831007003784,0.051007021218538284,0.028234675526618958,0.29234370589256287,0.23851697146892548,0.17725010216236115,0.22049649059772491,0.43856844305992126,-0.14762450754642487,-0.018277501687407494,0.45742467045783997,-0.08271846920251846,-0.07195720821619034,0.5510520339012146,-0.1024421826004982,0.06710191816091537,-0.2414349913597107,-0.009371466934680939,-0.18139301240444183,-0.2611643970012665,0.9016072750091553,0.6164321899414062,-0.19603116810321808,-0.13803333044052124,-0.18158955872058868,0.29882967472076416,-0.23996762931346893,-0.002643560292199254,0.2117059826850891,0.6252145171165466,-0.26138415932655334,-0.05175256356596947,-0.11697402596473694,-0.19682151079177856,-0.05082089081406593,-0.2476213574409485,0.09069287776947021,0.2586546838283539,0.16970954835414886,0.09548083692789078,0.32920530438423157,0.7156400680541992,0.4246231019496918,-0.038100291043519974,0.31498613953590393,0.11665263026952744,-0.13459761440753937,0.24040423333644867,-0.13611745834350586,0.08088020235300064,0.09487634152173996,0.39617833495140076,-0.07983480393886566,0.549204409122467,0.08319202810525894,-0.05599343404173851,0.339132159948349,-0.1369970291852951,0.6195674538612366,-0.06165283918380737,0.6964390873908997,-0.07019586116075516,0.5391449332237244,-0.07113330811262131,-0.19812239706516266
42,241,96,273,125,0.8807738423347473,-0.22847150266170502,0.14963841438293457,1.072339653968811,-0.2150684893131256,-0.19057685136795044,0.5274328589439392,-0.18451951444149017,-0.057403720915317535,-0.22921139001846313,0.3095335364341736,-0.10798562318086624,-0.03307052329182625,0.017122460529208183,0.2796439826488495,-0.16811388731002808,-0.1383327841758728,0.15269500017166138,0.05790705233812332,-0.12141046673059464,0.21413661539554596,0.17842893302440643,0.8642339110374451,0.26575517654418945,-0.07476139068603516,0.31088513135910034,-0.1365094780921936,-0.1025610864162445,0.49563050270080566,0.41050735116004944,-0.2126712054014206,-0.20455065369606018,-0.12479281425476074,0.6238102316856384,-0.1295773684978485,-0.06733090430498123,-0.10669514536857605,0.5816222429275513,0.03464601933956146,-0.0013342984020709991,0.24746166169643402,-0.05936969444155693,-0.12041842937469482,0.20493431389331818,0.10188498347997665,0.1271357536315918,-0.12464922666549683,1.280747890472412,0.1534643918275833,0.4735444486141205,0.2587527334690094,0.16162431240081787,0.888852059841156,-0.21771025657653809,0.4339720904827118,-0.1689908653497696,0.28746142983436584,0.4504273533821106,0.6569752097129822,-0.21671734750270844,0.3620302379131317,0.28439387679100037,0.01963048055768013,-0.015303747728466988,0.06356098502874374,-0.1323310285806656,0.013776104897260666,0.03175562620162964,0.5044235587120056,0.29734498262405396,0.6447209715843201,-0.013238679617643356,-0.1024983674287796,0.48546627163887024,-0.2058369517326355,-0.06918622553348541,0.5954031944274902,-0.02715025097131729,0.10053589195013046,-0.15840676426887512,0.05170357972383499,-0.2190261036157608,-0.26122552156448364,0.24388784170150757,0.40612614154815674,-0.12505333125591278,-0.12241577357053757,-0.1506393551826477,0.49072831869125366,-0.23005397617816925,-0.1561318039894104,0.24030330777168274,0.4370468556880951,-0.16259442269802094,0.008871613070368767,-0.022455599159002304,-0.2194461226463318,0.0757339596748352,-0.25286850333213806,0.08232524991035461,0.2577052414417267,0.04282082989811897,0.22170312702655792,0.3093917667865753,0.5864776372909546,0.30720219016075134,0.04985249042510986,0.465452641248703,-0.10374174267053604,-0.19632673263549805,0.945024311542511,0.046287208795547485,0.19035929441452026,0.1046377420425415,0.3321610689163208,-0.003696031868457794,0.5424082279205322,0.0009666904807090759,-0.03795118257403374,0.10386326909065247,-0.15301905572414398,0.618373692035675,0.04655483365058899,0.5579966306686401,-0.0633343756198883,0.3756498098373413,-0.09903185814619064,-0.20226646959781647
43,165,275,187,295,0.25335535407066345,-0.2406410127878189,0.010054554790258408,1.0968810319900513,-0.20781539380550385,-0.18568715453147888,0.8018539547920227,-0.20788834989070892,-0.07765132188796997,-0.2347097396850586,0.26324236392974854,-0.243873730301857,-0.07935362309217453,0.1912272572517395,0.6228050589561462,-0.22635269165039062,-0.054926797747612,0.462228924036026,-0.18368734419345856,-0.16593842208385468,-0.1147753894329071,0.32425540685653687,0.41506025195121765,0.7216232419013977,0.14835304021835327,0.7255743145942688,0.16427826881408691,-0.24121850728988647,0.7866445183753967,0.25488054752349854,-0.12613599002361298,-0.08155330270528793,-0.10880888998508453,0.6483334302902222,-0.1704784333705902,-0.055525925010442734,0.025002168491482735,0.06095375120639801,0.12404350191354752,-0.00605378532782197,0.208282470703125,0.02636457234621048,0.06178024038672447,0.38890016078948975,0.28162601590156555,0.2401304543018341,-0.046904902905225754,1.485628366470337,-0.032180070877075195,0.36770474910736084,0.7534210681915283,0.6292421221733093,0.14594143629074097,-0.11445237696170807,0.6333116888999939,-0.21531468629837036,0.4659998118877411,0.20899008214473724,0.9185826182365417,-0.22007842361927032,0.3383904695510864,0.1988171488046646,0.03285422548651695,0.4496169686317444,0.10994739830493927,-0.10146723687648773,-0.16593509912490845,-0.02748865634202957,0.5694782733917236,-0.013163195922970772,0.41681692004203796,-0.15368196368217468,-0.19054840505123138,0.00493914308026433,-0.17566902935504913,-0.05233940854668617,0.8617384433746338,-0.22340334951877594,0.3909676671028137,-0.18062114715576172,0.13063274323940277,-0.23248274624347687,-0.24683448672294617,-0.16260869801044464,0.6612496972084045,-0.16276787221431732,-0.23840631544589996,-0.1708621382713318,0.3370911180973053,-0.24183255434036255,-0.22128073871135712,-0.026629408821463585,0.38808393478393555,-0.0793408527970314,0.04190968722105026,0.06901852041482925,-0.024401791393756866,0.007558577693998814,-0.2605152130126953,0.03963107615709305,1.5448718070983887,-0.08784017711877823,0.22811299562454224,0.35283055901527405,-0.03662225604057312,-0.04966098070144653,0.048208121210336685,0.2423177808523178,-0.09279860556125641,-0.2161354422569275,0.8683900833129883,0.09237027168273926,0.14089390635490417,0.8622257709503174,0.03527833893895149,-0.08920412510633469,0.15217794477939606,-0.21361543238162994,-0.024059951305389404,0.14474445581436157,0.017892243340611458,0.6714968085289001,-0.04741587117314339,0.623758852481842,-0.04932735860347748,0.3498816192150116,-0.03955799341201782,-0.15711897611618042
44,148,496,183,527,0.7428730130195618,-0.12390489876270294,0.2861112058162689,1.1125435829162598,-0.1753970831632614,-0.1868298351764679,0.42128410935401917,-0.07193434238433838,-0.1165548786520958,-0.23121805489063263,0.08209539949893951,0.11782963573932648,0.04039150848984718,0.07764594256877899,0.41857999563217163,-0.14375533163547516,-0.002456465270370245,-0.05811004713177681,0.5233814716339111,0.030946558341383934,0.22542902827262878,0.16043302416801453,0.7508838772773743,0.11801914125680923,0.11835549771785736,0.23335745930671692,-0.1256776750087738,0.010108421556651592,0.6890445351600647,0.47980427742004395,-0.14226990938186646,-0.21487757563591003,-0.017348160967230797,0.44727152585983276,-0.0813400074839592,0.01737614907324314,-0.18904326856136322,0.3161371350288391,-0.1468353271484375,0.12439584732055664,-0.02731626108288765,-0.07435333728790283,-0.02553633414208889,0.28339824080467224,0.05037025362253189,-0.07732401043176651,-0.13954667747020721,0.6592953205108643,0.21358132362365723,0.578719437122345,0.2691870927810669,0.05671043321490288,0.8015012741088867,-0.19754870235919952,0.46821069717407227,0.18052521347999573,0.1121516227722168,0.2800752520561218,0.6343771815299988,-0.1766667366027832,0.33744311332702637,0.5241754651069641,-0.07470903545618057,0.1386629343032837,0.11471452564001083,-0.1689365804195404,0.03663719445466995,0.20720501244068146,0.26350197196006775,0.4502762258052826,0.5952552556991577,-0.0782470703125,0.018322771415114403,0.43312186002731323,-0.18401090800762177,-0.056574612855911255,0.2517939507961273,0.08608157932758331,-0.031886059790849686,0.1947231888771057,0.0002912640629801899,-0.0843050479888916,-0.2590014934539795,0.45473605394363403,0.14816400408744812,-0.07133134454488754,-0.0792538970708847,-0.1987105756998062,0.3447970747947693,-0.19427378475666046,0.11627738177776337,0.2880980372428894,0.5479773283004761,-0.269113153219223,0.10190559923648834,-0.12851528823375702,-0.21174292266368866,0.10317504405975342,-0.22429494559764862,0.05316225811839104,0.07984904944896698,0.3281477093696594,0.07394355535507202,0.3280515968799591,0.3994843661785126,0.3964696526527405,0.2110174149274826,0.17307868599891663,-0.08827865868806839,-0.09492931514978409,0.2955052852630615,-0.04320673644542694,0.07404355704784393,-0.12175853550434113,0.5264363288879395,-0.04096575453877449,0.7537342309951782,-0.08967240899801254,-0.043175108730793,0.12062058597803116,-0.1626637876033783,0.4267767071723938,0.10950597375631332,0.5492131114006042,-0.03432990238070488,0.5446878671646118,0.09937316924333572,-0.16358508169651031
45,351,252,372,272,0.7916433811187744,-0.23049388825893402,0.13958385586738586,1.080309510231018,-0.16677530109882355,0.10055774450302124,0.815936803817749,-0.2292553037405014,-0.04869253933429718,-0.2528631091117859,0.382242888212204,-0.13815543055534363,-0.2070290744304657,0.3880535662174225,0.3371679186820984,-0.21875029802322388,-0.02776412107050419,-0.0863504633307457,-0.10631133615970612,0.09003451466560364,-0.04703936725854874,0.3893924057483673,0.4464387893676758,0.18461066484451294,0.075280100107193,0.6441221237182617,-0.10124414414167404,-0.21195727586746216,0.5407964587211609,0.5770251154899597,-0.17881202697753906,-0.208485946059227,-0.11055633425712585,0.39200150966644287,-0.11901436746120453,-0.08018433302640915,-0.11270581185817719,0.32186901569366455,0.1052665039896965,-0.02883201465010643,0.00017937189841177315,-0.08495448529720306,-0.12366574257612228,0.161472886800766,0.15175458788871765,0.022672997787594795,-0.22081905603408813,1.0700459480285645,0.2677309811115265,0.18063293397426605,0.34702470898628235,0.549797534942627,0.3412199914455414,-0.22406472265720367,0.6238651275634766,-0.2433878779411316,0.04538489878177643,0.13626253604888916,0.8753921985626221,-0.19931329786777496,0.268806129693985,0.18301337957382202,-0.07614443451166153,-0.032869406044483185,0.09888288378715515,0.05956236645579338,0.3429372012615204,0.14484471082687378,0.2316153347492218,0.10809256136417389,0.4746934473514557,-0.192324697971344,-0.1532704085111618,0.2628735899925232,-0.14441806077957153,-0.14475809037685394,0.5541899800300598,-0.22336681187152863,0.01115547027438879,-0.21429872512817383,0.15019522607326508,-0.22100958228111267,-0.2689673602581024,0.17793887853622437,0.5702716708183289,-0.24415649473667145,-0.17834098637104034,-0.17078883945941925,0.21407794952392578,-0.244369775056839,-0.20133359730243683,0.15342074632644653,0.23478487133979797,-0.2023165076971054,-0.06534908711910248,-0.003968623001128435,-0.2031821608543396,-0.13054460287094116,-0.26300048828125,0.061541132628917694,0.28697752952575684,-0.012445607222616673,0.07816585898399353,0.36783158779144287,0.45785844326019287,0.1263228803873062,-0.0929616391658783,0.0461222268640995,-0.17499731481075287,-0.23630040884017944,0.8449797630310059,-0.08645366132259369,0.11739068478345871,0.12719875574111938,0.16617923974990845,-0.08917029947042465,0.1936713308095932,-0.15971392393112183,-0.09435120224952698,0.26001110672950745,-0.116343654692173,0.5889298915863037,-0.10495681315660477,0.5678947567939758,-0.10809561610221863,0.37355169653892517,-0.15619058907032013,-0.19695234298706055
46,59,358,109,403,0.7618809342384338,-0.09732071310281754,0.25394952297210693,1.1057701110839844,-0.219369575381279,-0.12488017976284027,0.3328705430030823,-0.09111776202917099,-0.17947322130203247,-0.22150251269340515,0.07369021326303482,0.5350682735443115,-0.02896696701645851,0.1458217203617096,0.2958256006240845,-0.1336923986673355,-0.08207877725362778,0.06129797175526619,0.4216335713863373,-0.020213373005390167,0.19293826818466187,0.10879814624786377,0.7962924838066101,0.05653076618909836,0.09052390605211258,0.24690236151218414,-0.09043189883232117,-0.00835955049842596,0.841364324092865,0.6264475584030151,-0.12591013312339783,-0.2375192642211914,-0.050913915038108826,0.32619068026542664,-0.10302877426147461,0.10979687422513962,-0.181684672832489,0.46357011795043945,-0.11362777650356293,0.14508837461471558,-0.0594552606344223,-0.06915909796953201,-0.08862309157848358,0.3654974699020386,0.0211650338023901,-0.12319923937320709,-0.14622639119625092,0.3982667326927185,0.27549853920936584,0.7396910190582275,0.30275362730026245,0.013356978073716164,0.6475681662559509,-0.17491677403450012,0.475718230009079,0.17144177854061127,0.11423655599355698,0.23464979231357574,0.6330588459968567,-0.15209168195724487,0.22658364474773407,0.716785728931427,-0.007854508236050606,0.03834111988544464,0.22567838430404663,-0.06369083374738693,0.0360400527715683,0.3479941487312317,0.1285560429096222,0.6672315001487732,0.5677626132965088,-0.08923745155334473,0.07116750627756119,0.6108267903327942,-0.16177929937839508,0.023782603442668915,0.13448531925678253,0.02375674992799759,-0.076197549700737,0.3968393802642822,-0.012011640705168247,-0.11228957772254944,-0.26233601570129395,0.511131763458252,0.015593145042657852,-0.03115992061793804,-0.026075460016727448,-0.2162524312734604,0.3490044176578522,-0.06483299285173416,0.06788621097803116,0.37204378843307495,0.5942098498344421,-0.26648691296577454,0.014549543149769306,-0.14771510660648346,-0.20417216420173645,0.1836431920528412,-0.20699268579483032,0.06716983020305634,0.026863843202590942,0.31092849373817444,0.04619850218296051,0.45505455136299133,0.4592876434326172,0.3299834430217743,0.2044985145330429,0.01747749000787735,-0.040246978402137756,-0.07182380557060242,0.2099480926990509,-0.061821289360523224,0.22365471720695496,-0.1332254856824875,0.6085839867591858,-0.06454513967037201,0.7525404691696167,-0.09445575624704361,-0.06051396578550339,0.12191467732191086,-0.1695297360420227,0.37086808681488037,-0.10680437088012695,0.5195097327232361,0.010134834796190262,0.3607715368270874,-0.0372200571000576,-0.1693434864282608
47,220,244,238,261,0.44009336829185486,-0.24864916503429413,-0.04931208863854408,1.1333560943603516,-0.2355026751756668,0.22878038883209229,0.5535020232200623,-0.2188325971364975,0.371713787317276,-0.16958646476268768,0.23924867808818817,-0.26818782091140747,-0.14511717855930328,0.01799216866493225,0.8319757580757141,-0.22814065217971802,0.46438026428222656,0.41840028762817383,-0.20624293386936188,-0.09987577050924301,0.013941590674221516,1.12600839138031,0.41995036602020264,0.7271602749824524,0.06948349624872208,0.21497856080532074,-0.08792342990636826,-0.20911012589931488,0.4209251403808594,0.47528076171875,-0.2076878696680069,-0.21906816959381104,-0.22221362590789795,0.7187865376472473,-0.12648706138134003,0.048851802945137024,0.019160280004143715,0.2648135721683502,-0.019174128770828247,-0.12917767465114594,0.17674373090267181,0.06596934050321579,-0.01529483962804079,0.509240448474884,-0.09159813076257706,0.32830527424812317,-0.13518096506595612,2.0980889797210693,0.11093136668205261,0.27145135402679443,0.1536431759595871,0.501704752445221,0.33830347657203674,-0.16229943931102753,0.8397431373596191,-0.2351023107767105,0.25518402457237244,0.7945206761360168,0.9165927767753601,-0.23586057126522064,0.7374348640441895,-0.07006657123565674,0.04469629004597664,0.11229441314935684,-0.018176687881350517,0.2488611936569214,-0.16940291225910187,0.03149755671620369,0.7613794207572937,-0.20161183178424835,0.9081165194511414,-0.0815487876534462,-0.15242283046245575,0.42624354362487793,-0.22479794919490814,-0.1267450600862503,0.9421671032905579,-0.2540920078754425,0.6635234355926514,-0.13263672590255737,0.5052152276039124,-0.21866893768310547,-0.2539895474910736,-0.20512455701828003,0.9694636464118958,-0.15833920240402222,-0.2385130375623703,-0.17440460622310638,0.19758684933185577,-0.24046127498149872,-0.21115224063396454,0.006010932382196188,0.48590219020843506,-0.07285226136445999,-0.18539495766162872,0.14985349774360657,-0.17892087996006012,-0.05133745074272156,-0.2599128782749176,-0.02480422519147396,0.6681444048881531,-0.19420194625854492,0.24448490142822266,0.2677525579929352,0.739966869354248,0.30197930335998535,-0.04254249110817909,0.6546167135238647,-0.07556826621294022,-0.25560033321380615,1.942305088043213,0.17788006365299225,0.3469826281070709,1.0749973058700562,-0.1339700073003769,-0.0634971335530281,0.09679632633924484,-0.1101122796535492,-0.0693456307053566,0.352623850107193,-0.04935785010457039,0.8536766171455383,0.02056950330734253,0.5684099197387695,-0.05027759075164795,0.025792321190238,0.0380035936832428,-0.12777431309223175
48,180,252,199,270,0.2847839891910553,-0.25452736020088196,0.04047462344169617,1.0874509811401367,-0.2501906454563141,0.5092426538467407,0.30278342962265015,-0.21745891869068146,0.11462696641683578,-0.22698576748371124,0.234045147895813,-0.258633017539978,-0.044812802225351334,0.880131185054779,0.809535562992096,-0.22103174030780792,-0.1139271929860115,1.0633997917175293,-0.13959316909313202,0.3056194484233856,0.05401281639933586,0.8000747561454773,0.46733900904655457,0.4966878592967987,0.5228643417358398,0.9916526675224304,0.0784958079457283,-0.11395484209060669,-0.017068900167942047,0.8189106583595276,-0.23176054656505585,-0.08106804639101028,-0.16262929141521454,0.6565780639648438,-0.17124612629413605,-0.13006024062633514,-0.06925838440656662,0.2770635187625885,0.4072612524032593,-0.12905697524547577,0.19341109693050385,-0.03607705980539322,0.047312114387750626,0.26322320103645325,-0.03330548107624054,0.41073286533355713,-0.14550437033176422,1.4023451805114746,0.252341091632843,0.03197309747338295,0.3537023365497589,1.2041188478469849,0.42084360122680664,-0.2223130464553833,0.8028056621551514,-0.2398640364408493,0.4125461280345917,0.13644416630268097,1.114762306213379,-0.25463855266571045,0.1988193541765213,-0.003975798841565847,0.022595340386033058,-0.02772112749516964,0.10657892376184464,0.1779167503118515,0.4586580991744995,0.0756099745631218,0.06509683281183243,-0.2471216470003128,0.5533788800239563,-0.07568619400262833,-0.20743601024150848,0.04610666632652283,-0.024255072697997093,-0.08207809925079346,0.7115080952644348,-0.2635047137737274,0.13190943002700806,-0.13770943880081177,0.6701313853263855,-0.21492384374141693,-0.25734850764274597,0.15343990921974182,0.8788566589355469,-0.15723806619644165,-0.2576916515827179,-0.1408151537179947,0.14213091135025024,-0.21357953548431396,-0.09160902351140976,0.1586344689130783,-0.11814675480127335,-0.16282644867897034,-0.14189483225345612,-0.015565444715321064,-0.18373282253742218,-0.02468995191156864,-0.24802231788635254,0.05294029787182808,0.45427072048187256,-0.03757842257618904,0.15399031341075897,0.12763725221157074,1.0923930406570435,0.11989658325910568,0.03687448799610138,0.7363465428352356,-0.21120382845401764,-0.22817783057689667,1.0610836744308472,0.06038329005241394,0.031814053654670715,0.9107182025909424,-0.05777701362967491,-0.10701975971460342,-0.13734649121761322,-0.009664207696914673,0.08862307667732239,0.3365679085254669,-0.015570484101772308,0.710046112537384,0.028769826516509056,1.0159438848495483,-0.11465951055288315,0.20144234597682953,-0.24669082462787628,-0.1476970762014389
49,122,196,146,219,0.7063688635826111,-0.2636457681655884,0.026915796101093292,1.0954375267028809,-0.14560192823410034,-0.13483776152133942,0.5778762102127075,-0.24947711825370789,-0.04509720578789711,-0.14463984966278076,0.23853646218776703,-0.17213664948940277,-0.2329859733581543,0.3970721364021301,0.5914547443389893,-0.2097046673297882,0.02993832714855671,0.43916475772857666,0.2614262104034424,-0.11826533824205399,-0.035085126757621765,0.148193821310997,0.371711790561676,0.17971569299697876,0.40999990701675415,1.1168577671051025,-0.16956037282943726,-0.1798064410686493,0.6180639266967773,0.3929988741874695,-0.20371784269809723,-0.14749307930469513,-0.1215638592839241,0.39012908935546875,-0.16941942274570465,-0.12124089151620865,-0.06661602109670639,0.42318710684776306,0.1141597330570221,0.02229376696050167,0.3060998320579529,0.01167873851954937,0.18926112353801727,0.49327754974365234,0.045617956668138504,0.30628442764282227,-0.14218153059482574,1.8023825883865356,0.3761695921421051,0.28948673605918884,0.22947126626968384,0.52535080909729,0.5945403575897217,-0.16768604516983032,0.5899953246116638,-0.24562914669513702,0.7120215892791748,0.29114797711372375,0.9571148753166199,-0.2351122945547104,0.7735980153083801,0.01588074117898941,0.10061783343553543,0.4817013144493103,-0.0014707049122080207,-0.10563009232282639,0.04723487049341202,0.13127464056015015,0.40927770733833313,-0.09762191772460938,0.41484391689300537,-0.03234045207500458,-0.15430903434753418,0.34207287430763245,-0.16636472940444946,0.016038166359066963,0.8449180126190186,-0.20862065255641937,0.3625417947769165,-0.13275381922721863,0.13570332527160645,-0.23374563455581665,-0.2441623955965042,0.11300967633724213,1.0102102756500244,-0.14384515583515167,-0.20578515529632568,-0.09818963706493378,0.4303872883319855,-0.21355625987052917,-0.17702239751815796,0.0080413818359375,0.6556928157806396,-0.13008414208889008,-0.0825670138001442,0.013923538848757744,-0.21128441393375397,0.0139334537088871,-0.2422551065683365,0.03644601255655289,0.5111937522888184,-0.16339188814163208,0.19504648447036743,0.4227113723754883,0.2998051643371582,0.5462332963943481,-0.10049916058778763,1.0065901279449463,-0.004073818679898977,-0.2015497088432312,0.8522909283638,0.07393581420183182,0.51894611120224,0.4916943311691284,0.11795008182525635,0.0900546982884407,0.48637643456459045,0.01824130304157734,0.07648953795433044,0.26388999819755554,-0.07258264720439911,0.6412222385406494,0.08809901773929596,0.6653726100921631,-0.09797169268131256,0.45069557428359985,-0.1123654842376709,-0.19696204364299774
50,121,476,156,508,0.8249348998069763,-0.0927785187959671,0.31599077582359314,1.112043857574463,-0.13918234407901764,-0.14188939332962036,0.602210521697998,-0.17477640509605408,-0.1048285961151123,-0.2195667028427124,0.06852293014526367,0.5558977723121643,-0.026733417063951492,0.12420826405286789,0.4246329963207245,-0.16811203956604004,0.06620018929243088,-0.0035206563770771027,1.022260069847107,0.12626872956752777,0.33313220739364624,-0.03232744336128235,0.7383947372436523,0.1257830113172531,0.08112095296382904,0.45052531361579895,-0.1438423991203308,0.03160511702299118,0.9135364294052124,0.7172813415527344,-0.19026832282543182,-0.08590924739837646,0.10082279145717621,0.44761762022972107,-0.0801471397280693,0.20340655744075775,-0.18634402751922607,0.4432782232761383,-0.14543120563030243,0.0664791539311409,0.062359027564525604,-0.05630028620362282,-0.13745369017124176,0.497265100479126,0.10492520779371262,-0.0769561231136322,-0.15675795078277588,0.7063611745834351,0.3006746768951416,0.7242549657821655,0.25165075063705444,0.05177817493677139,1.0082846879959106,-0.18186479806900024,0.4467129409313202,0.5148158073425293,0.2591785788536072,0.4318372905254364,0.6474316120147705,-0.22688433527946472,0.4622063636779785,0.7159729599952698,0.05267975479364395,0.2620791494846344,0.19478929042816162,-0.17626573145389557,0.19735516607761383,0.16807089745998383,0.1461891233921051,0.5387147665023804,0.5477207899093628,-0.034493956714868546,-0.01749809831380844,0.708222508430481,-0.21333500742912292,0.016487373039126396,0.2018687129020691,0.19038525223731995,-0.004650427028536797,0.8376913666725159,-0.09155705571174622,-0.130645290017128,-0.26706063747406006,0.6061305999755859,0.12484133243560791,-0.12054794281721115,-0.049412913620471954,-0.07361263781785965,0.3499174118041992,-0.14901404082775116,0.2097759246826172,0.2788958251476288,0.5892179012298584,-0.2709633708000183,0.12509040534496307,-0.1121547594666481,-0.2201022356748581,0.21870237588882446,-0.22692307829856873,0.013932312838733196,0.12471790611743927,0.33878016471862793,0.08163054287433624,0.4995768070220947,0.5982745885848999,0.3843638002872467,0.16165122389793396,0.22642973065376282,-0.027935322374105453,-0.0902596265077591,0.23211368918418884,-0.0025364570319652557,0.16392284631729126,-0.15016566216945648,0.6092838048934937,0.016339417546987534,0.9123108983039856,0.0022392719984054565,-0.02720017544925213,0.10088234394788742,-0.17346931993961334,0.4294402599334717,0.10277951508760452,0.7916125059127808,0.03328423574566841,0.7161146998405457,0.21439996361732483,-0.16895824670791626
51,485,358,525,406,0.824802815914154,-0.08431356400251389,0.3059013783931732,1.1023659706115723,-0.18955250084400177,-0.16539697349071503,0.40414008498191833,-0.11208055168390274,-0.12564116716384888,-0.22270545363426208,0.146070197224617,0.4629315435886383,0.010607721284031868,0.14621545374393463,0.4273390471935272,-0.15109331905841827,-0.01744205132126808,-0.056637659668922424,0.5821556448936462,0.07924100756645203,0.3267101049423218,0.09878116101026535,0.8131961822509766,0.12647125124931335,0.020947236567735672,0.37543314695358276,-0.09617368131875992,-0.0996881052851677,0.7785200476646423,0.6519203186035156,-0.1063137948513031,-0.09550791233778,-0.03125713765621185,0.3858760595321655,-0.10814055055379868,0.2053329050540924,-0.18242166936397552,0.3993440270423889,-0.08195975422859192,0.14886514842510223,-0.06954098492860794,-0.08467637002468109,-0.05049548298120499,0.553452730178833,0.11947324126958847,-0.0983135849237442,-0.06310590356588364,0.5820955634117126,0.2895457148551941,0.6837311387062073,0.3711003363132477,0.12911683320999146,0.8128405213356018,-0.18736028671264648,0.6103488802909851,0.12983161211013794,0.23998336493968964,0.4348730444908142,0.6609522700309753,-0.18255974352359772,0.4166271388530731,0.6386139392852783,-0.08846058696508408,0.06992289423942566,0.18793492019176483,0.012980476953089237,-0.010720713064074516,0.3424561619758606,0.18889597058296204,0.597041666507721,0.49796250462532043,-0.035565655678510666,0.031443800777196884,0.760240912437439,-0.20641864836215973,-0.02746078558266163,0.38258135318756104,0.19116896390914917,0.016842110082507133,0.32717636227607727,-0.031168702989816666,-0.10062260925769806,-0.26181986927986145,0.3797833323478699,0.1342136710882187,-0.03508923202753067,-0.03807118162512779,-0.20174376666545868,0.3037220239639282,-0.174844890832901,0.18959395587444305,0.30859774351119995,0.6395754218101501,-0.25421249866485596,0.03743647411465645,-0.13016317784786224,-0.21032649278640747,0.234211727976799,-0.22732001543045044,0.051463086158037186,0.09335308521986008,0.2788693308830261,0.07873395830392838,0.6506004333496094,0.6252021193504333,0.3676494359970093,0.14394037425518036,0.06558568775653839,-0.03928575664758682,-0.10880548506975174,0.4477420747280121,-0.04542984068393707,0.14264295995235443,-0.12080416083335876,0.5662471652030945,-0.010736024007201195,0.8203979134559631,-0.07416530698537827,-0.06202183663845062,0.06213587895035744,-0.17127850651741028,0.4349808990955353,-0.004116793628782034,0.5319920182228088,0.009849890135228634,0.4610905647277832,0.09194479137659073,-0.1792677938938141
52,256,255,275,273,0.3959231376647949,-0.25973519682884216,0.15738439559936523,1.1513636112213135,-0.2288024127483368,-0.2345363050699234,0.38651105761528015,-0.23714208602905273,0.00827986653894186,-0.18422554433345795,0.2943372428417206,-0.2465285211801529,-0.16891880333423615,0.8746605515480042,0.6891294717788696,-0.20262986421585083,-0.13362199068069458,0.8707437515258789,-0.19191916286945343,0.20412768423557281,0.025883913040161133,0.14094720780849457,0.4625488817691803,0.4621301293373108,0.21178311109542847,0.8912875056266785,0.008814603090286255,-0.25584283471107483,0.7469077706336975,0.308773934841156,-0.21656650304794312,-0.1579904854297638,-0.18899250030517578,0.6576306223869324,-0.2099505066871643,0.029193468391895294,0.09413400292396545,0.57560133934021,-0.09463555365800858,-0.0388917475938797,0.24107986688613892,0.09272810071706772,0.1891569048166275,0.9951117038726807,0.3028849959373474,0.41653814911842346,-0.14038999378681183,1.9068840742111206,0.01631535403430462,0.22764736413955688,0.5127261281013489,0.7238079905509949,0.6898161768913269,-0.1141211986541748,0.3649519085884094,-0.20256853103637695,0.5569436550140381,0.5112898945808411,1.1531922817230225,-0.22683779895305634,0.1949910968542099,0.02015881985425949,0.040528371930122375,1.2600394487380981,0.4423586130142212,0.2607034146785736,-0.16651971638202667,0.37518104910850525,0.5532960295677185,-0.13762490451335907,0.5524167418479919,0.059167154133319855,-0.15634247660636902,0.245953768491745,-0.141531839966774,0.1461365967988968,0.926074743270874,-0.16428643465042114,0.35729414224624634,-0.09993124008178711,-0.017836306244134903,-0.23932695388793945,-0.22299736738204956,-0.16089525818824768,0.5989503264427185,-0.11682959645986557,-0.16802284121513367,-0.15269938111305237,0.621450662612915,-0.21036171913146973,-0.09573643654584885,-0.0919434204697609,0.3440290689468384,0.004185258410871029,-0.1582356095314026,0.16090063750743866,-0.10358673334121704,0.024332284927368164,-0.20055072009563446,-0.09242919087409973,1.62672758102417,-0.07399659603834152,0.1579550951719284,0.36639732122421265,0.6821721196174622,0.30309900641441345,-0.10454028099775314,0.011838223785161972,-0.024125363677740097,-0.21245163679122925,1.2789944410324097,0.0844401940703392,0.20342674851417542,0.727522611618042,-0.05252416804432869,0.021640220656991005,0.38731876015663147,0.16605180501937866,-0.009086844511330128,0.185787171125412,-0.02300395630300045,0.7915469408035278,-0.20079557597637177,0.5410518050193787,0.10973244160413742,0.14157669246196747,-0.007517033256590366,-0.1365843117237091
53,151,231,168,248,0.27346521615982056,-0.2682277262210846,0.11956817656755447,1.2216795682907104,-0.2024068832397461,0.6366997361183167,0.04904394969344139,-0.2386956661939621,-0.2064405232667923,0.00090007483959198,0.2808406352996826,-0.2517520785331726,-0.17768867313861847,0.7818929553031921,0.5896542072296143,-0.23454783856868744,-0.16696465015411377,1.3848174810409546,-0.25496938824653625,0.05389188230037689,-0.1262783706188202,0.7547327280044556,0.4083966612815857,0.06697031855583191,0.602360188961029,1.5127356052398682,-0.17125767469406128,-0.13996239006519318,0.21467050909996033,1.3671801090240479,0.3952403962612152,-0.2706630229949951,-0.24293671548366547,0.22767844796180725,-0.16060031950473785,-0.08344867080450058,0.1492103934288025,1.0243456363677979,0.801323652267456,-0.22885552048683167,0.19100239872932434,0.2443545162677765,0.1337309628725052,0.6148569583892822,-0.2025061845779419,0.6632817983627319,-0.24788767099380493,1.4875127077102661,0.6320356130599976,0.1255953460931778,0.08777658641338348,0.7870209217071533,0.033798642456531525,-0.01590462028980255,0.8868639469146729,-0.21615682542324066,0.4488690197467804,0.7744913101196289,0.6059601306915283,-0.2281143218278885,0.5401527881622314,0.024668533354997635,-0.04428466409444809,0.9596170783042908,0.038405030965805054,0.04859203100204468,-0.1847929060459137,0.4840686023235321,0.5708811283111572,-0.01934950053691864,0.2352251261472702,-0.12607166171073914,0.07971194386482239,0.39368993043899536,-0.15240684151649475,0.09732061624526978,1.4695065021514893,0.016818299889564514,0.35081946849823,-0.07492096722126007,0.5174074172973633,-0.2231484055519104,-0.22125159204006195,-0.15585453808307648,1.5769339799880981,-0.13309943675994873,-0.17393532395362854,-0.09608865529298782,0.17254142463207245,-0.24911300837993622,-0.1403641700744629,0.2697427570819855,1.022718906402588,0.053335949778556824,-0.19184836745262146,0.13226071000099182,-0.04045318067073822,-0.24606972932815552,-0.17824676632881165,-0.15078389644622803,-0.01294778473675251,0.13133031129837036,0.020369991660118103,0.32589876651763916,2.2785675525665283,0.41569697856903076,-0.17026928067207336,-0.0790264755487442,0.2221563309431076,-0.04873552918434143,1.682367205619812,0.21593023836612701,0.06965450942516327,1.7906633615493774,-0.19752763211727142,0.22495359182357788,-0.11112453043460846,0.35186946392059326,0.03661572188138962,0.600657045841217,-0.003049831837415695,0.6358975768089294,-0.10353133827447891,0.7579311728477478,0.06996554136276245,-0.15129049122333527,-0.2650710642337799,-0.11672880500555038
54,314,288,332,305,0.174366295337677,-0.2686308026313782,-0.07999785244464874,1.172168493270874,-0.19762523472309113,-0.054958492517471313,0.7714073061943054,-0.20322264730930328,-0.010972525924444199,-0.2114509493112564,0.021958239376544952,-0.2040187120437622,-0.1699945330619812,0.10952847450971603,0.8290499448776245,-0.19855539500713348,0.0005240903701633215,1.2789716720581055,-0.07659187912940979,0.09832736849784851,0.08180048316717148,0.1174708902835846,0.23153966665267944,0.996532678604126,0.9480925798416138,1.4089330434799194,-0.1095900759100914,-0.12213844805955887,0.6792305707931519,0.9258929491043091,-0.05127642676234245,-0.1280096024274826,-0.1414555460214615,0.3345946967601776,-0.1837388426065445,-0.14427120983600616,0.027832726016640663,0.5392172336578369,-0.18810223042964935,0.1202445849776268,0.25154346227645874,0.09850862622261047,0.1543245017528534,0.514065146446228,-0.02733057364821434,0.42944058775901794,-0.22026307880878448,1.6405644416809082,0.26002606749534607,0.18610171973705292,0.5513662695884705,0.7534564137458801,0.32466304302215576,-0.16597968339920044,0.1348620057106018,-0.23824244737625122,0.43082448840141296,0.2376975417137146,1.29129958152771,-0.24852310121059418,0.3094756603240967,-0.07972562313079834,-0.10932009667158127,0.2990068197250366,-0.11982247233390808,0.06952747702598572,0.08161458373069763,0.010361171327531338,0.6336619257926941,-0.15146438777446747,0.27816852927207947,0.0652492493391037,-0.10141057521104813,0.18870759010314941,-0.1542786806821823,0.31385135650634766,0.4392586946487427,-0.2412090301513672,0.22713597118854523,-0.15388908982276917,0.273318350315094,-0.1782100796699524,-0.2527954578399658,-0.05498261749744415,0.8865814208984375,-0.17431192100048065,-0.2207309603691101,-0.1370420753955841,0.6506231427192688,-0.23792022466659546,-0.11571274697780609,-0.1258695125579834,0.39744439721107483,-0.016113050282001495,-0.22601181268692017,-0.01242153812199831,-0.09645313769578934,-0.09522774815559387,-0.24416133761405945,-0.08319282531738281,1.2012532949447632,0.11355773359537125,0.05922345444560051,0.24762307107448578,0.598329484462738,0.27718064188957214,0.025187652558088303,0.21735742688179016,0.0033230946864932775,-0.22455671429634094,0.4493594765663147,0.2762872278690338,0.09709489345550537,0.6058823466300964,0.08380571007728577,0.13689714670181274,0.5487339496612549,0.31082311272621155,0.07066809386014938,0.2569359540939331,-0.017460167407989502,0.8070222735404968,-0.15236599743366241,0.5572197437286377,0.01672554761171341,0.45730292797088623,-0.060266945511102676,-0.023782780393958092
55,58,282,97,321,0.9124508500099182,-0.18156106770038605,0.19178643822669983,1.1136630773544312,-0.23217731714248657,-0.21088023483753204,0.4967033267021179,-0.13679082691669464,-0.2276560664176941,-0.2527557611465454,0.1693815290927887,0.36811748147010803,0.03741211071610451,0.12969368696212769,0.4408551752567291,-0.11942165344953537,-0.11684053391218185,0.0279211588203907,0.24800874292850494,0.16497202217578888,0.33359038829803467,0.20582234859466553,0.6834408640861511,0.2204500436782837,0.05292845144867897,0.3299505114555359,-0.1326252967119217,-0.20243072509765625,0.7451393604278564,0.6482494473457336,-0.19278712570667267,-0.18744613230228424,-0.06681938469409943,0.467914342880249,-0.11264337599277496,0.10669343918561935,-0.16773349046707153,0.3111267387866974,-0.1011606976389885,0.13156871497631073,-0.020545225590467453,-0.07637599855661392,-0.09486981481313705,0.6023330092430115,0.11459539085626602,-0.11600286513566971,-0.17596454918384552,0.5783772468566895,0.30924278497695923,0.5671881437301636,0.5113044381141663,0.1748715192079544,0.7483237385749817,-0.20554427802562714,0.4266221523284912,-0.11438049376010895,0.25351765751838684,0.621461808681488,0.5449206829071045,-0.20544862747192383,0.42902716994285583,0.5661664605140686,-0.03590165451169014,0.25790899991989136,0.1924019753932953,-0.027636827901005745,-0.09287499636411667,0.41461899876594543,0.31133729219436646,0.5778247117996216,0.5915477275848389,-0.11524499952793121,0.06751789897680283,0.703154444694519,-0.19720368087291718,-0.012425794266164303,0.3616744875907898,0.19920894503593445,-0.018165547400712967,-0.11881674826145172,-0.04887344315648079,-0.1589774340391159,-0.26516300439834595,0.3689127266407013,0.17841863632202148,-0.0935160219669342,-0.15394121408462524,-0.23529060184955597,0.32046619057655334,-0.23890072107315063,0.1524875909090042,0.30261901021003723,0.463058739900589,-0.24501465260982513,0.03375539183616638,-0.11855390667915344,-0.22967670857906342,0.05713377520442009,-0.23767361044883728,0.01724381186068058,0.1563759595155716,0.3047862946987152,0.17451389133930206,0.4571128189563751,0.5688493251800537,0.4624873101711273,0.08833643049001694,0.0009269309230148792,-0.08027699589729309,-0.14958329498767853,0.5706498026847839,-0.04722021147608757,0.22430519759655,-0.07525884360074997,0.45137831568717957,0.019058091565966606,0.6694450378417969,0.07846001535654068,-0.000574763398617506,0.12799645960330963,-0.17360912263393402,0.45654842257499695,-0.07849636673927307,0.5734632015228271,0.06381897628307343,0.3090324401855469,0.04326006770133972,-0.18337410688400269
56,451,133,486,165,0.6733969449996948,-0.09006956219673157,0.3022572100162506,1.0797224044799805,-0.19402669370174408,-0.1906614452600479,0.7571470737457275,-0.16515986621379852,-0.1768692433834076,-0.23407453298568726,0.21932190656661987,0.39933982491493225,0.019647983834147453,0.22769737243652344,0.40875256061553955,-0.15700137615203857,-0.02458738163113594,0.1628483533859253,0.4479353427886963,0.08810083568096161,0.07654628157615662,0.07921583950519562,0.8069573640823364,0.0824323520064354,0.22070513665676117,0.36530041694641113,-0.09150297939777374,-0.11359649896621704,0.9038715362548828,0.6207164525985718,-0.2105567902326584,-0.16962942481040955,0.0016673645004630089,0.3305932879447937,-0.13400518894195557,-0.005305699072778225,-0.21406087279319763,0.5844217538833618,-0.20885169506072998,0.12676671147346497,-0.04331641644239426,-0.11416906118392944,-0.11087670177221298,0.5423271656036377,-0.014161339029669762,-0.11586513370275497,-0.18067239224910736,0.7452320456504822,0.24756008386611938,0.6822896003723145,0.24904188513755798,0.17207348346710205,0.8255255818367004,-0.18314498662948608,0.15825478732585907,-0.009608160704374313,0.12561658024787903,0.2453024685382843,0.6181513071060181,-0.2128080278635025,0.35012292861938477,0.6188883781433105,-0.006546348333358765,0.14269979298114777,0.2448643147945404,-0.05733306705951691,0.014769911766052246,0.22632206976413727,0.2748512625694275,0.5013142824172974,0.5888176560401917,-0.09516219049692154,-0.03651857003569603,0.5991501212120056,-0.16910596191883087,-0.03185858950018883,0.13637465238571167,-0.023070845752954483,-0.07503712922334671,0.22190889716148376,0.008905509486794472,-0.16902732849121094,-0.27143245935440063,0.43592947721481323,0.054833099246025085,-0.21655231714248657,-0.11616410315036774,-0.16907937824726105,0.4379948675632477,-0.21361751854419708,-0.03658752888441086,0.2632792592048645,0.35281848907470703,-0.27353355288505554,-0.02031109668314457,-0.1655961573123932,-0.23818838596343994,0.22675484418869019,-0.24167601764202118,0.07275749742984772,0.12414728105068207,0.14785222709178925,0.1961134970188141,0.401345431804657,0.5002621412277222,0.2971962094306946,0.13234853744506836,0.225984126329422,-0.07328036427497864,-0.18927136063575745,0.2070382535457611,-0.13298599421977997,0.18252068758010864,0.001085466705262661,0.4882453382015228,-0.07147423177957535,0.6724340319633484,-0.014241587370634079,-0.10711740702390671,0.15275828540325165,-0.16715283691883087,0.5220616459846497,0.015604449436068535,0.8768078088760376,-0.009571228176355362,0.5210393667221069,0.13851965963840485,-0.1780186891555786
57,100,178,126,200,0.5177764296531677,-0.243697389960289,-0.04971936345100403,1.04415762424469,-0.19662074744701385,-0.06529108434915543,0.48062053322792053,-0.20068053901195526,-0.16048385202884674,-0.2271890789270401,0.14648590981960297,-0.17634117603302002,-0.0806986540555954,0.03289489820599556,0.5822538733482361,-0.16566219925880432,0.2262883335351944,0.4536844491958618,0.18305523693561554,0.07744108885526657,0.15791362524032593,0.3170259892940521,0.5509021878242493,0.656437873840332,0.23368524014949799,0.551252543926239,-0.11335080862045288,-0.10919544845819473,0.2470289021730423,0.4820694923400879,-0.2545173466205597,-0.20558606088161469,-0.06555566191673279,0.48784008622169495,-0.1517459899187088,-0.15356241166591644,-0.2065865397453308,0.17329277098178864,-0.17636413872241974,-0.015264698304235935,0.17898988723754883,-0.14352470636367798,-0.03935801982879639,0.39717450737953186,0.0337965227663517,0.034902337938547134,-0.18770647048950195,0.9485969543457031,0.2514314353466034,0.32010555267333984,0.6110853552818298,0.45825815200805664,0.6018471121788025,-0.22702856361865997,0.3755997121334076,-0.25342532992362976,0.35123762488365173,0.414258748292923,0.9369686245918274,-0.1920498162508011,0.5091038346290588,0.31920328736305237,-0.007695103529840708,0.1963956505060196,0.0026360948104411364,0.03918918967247009,0.43941256403923035,0.013319325633347034,0.2277923822402954,0.12809748947620392,0.6415486931800842,-0.13803072273731232,-0.10194030404090881,0.4577677249908447,-0.11631205677986145,-0.10032285004854202,0.17780376970767975,-0.20840205252170563,-0.07368188351392746,-0.19284792244434357,0.1327342540025711,-0.23328785598278046,-0.26004043221473694,0.25708505511283875,0.7207210659980774,-0.18386314809322357,-0.1409033238887787,-0.14127595722675323,0.44113901257514954,-0.22934360802173615,-0.16797490417957306,0.19684596359729767,0.257697731256485,-0.2509976625442505,-0.022656187415122986,-0.08667147159576416,-0.24371623992919922,0.04223095253109932,-0.26694560050964355,0.11872031539678574,0.31010618805885315,-0.06356579810380936,0.15919482707977295,0.3599802553653717,0.5092118382453918,0.36899352073669434,0.03516948223114014,1.0166579484939575,0.06662971526384354,-0.19775278866291046,0.5165523886680603,-0.08819673210382462,0.1776508092880249,0.07727885991334915,0.31999075412750244,-0.06443894654512405,0.25100547075271606,-0.06971783190965652,0.07636617124080658,0.17907719314098358,-0.1342727243900299,0.5283119678497314,0.11550601571798325,0.8220024704933167,-0.09857050329446793,0.4118462800979614,-0.17879696190357208,-0.1931317299604416
58,224,374,258,416,0.9125692248344421,-0.1138865128159523,0.429213285446167,1.0983027219772339,-0.2054194211959839,-0.16482241451740265,0.6330674886703491,-0.1357196718454361,-0.19314584136009216,-0.22232969105243683,0.0970057025551796,0.8500849604606628,0.017202649265527725,0.17651377618312836,0.41108185052871704,-0.1700870394706726,-0.10067937523126602,0.0917467251420021,0.6041840314865112,0.15386232733726501,0.35344240069389343,0.03092133440077305,1.0662332773208618,0.20100803673267365,-0.0011672362452372909,0.5546243190765381,-0.12744870781898499,-0.19237655401229858,1.0578017234802246,0.8605242967605591,-0.13817113637924194,-0.14761802554130554,-0.04819191247224808,0.4158664345741272,-0.1273680329322815,0.1561524122953415,-0.17650511860847473,0.6264640688896179,-0.15934686362743378,0.1161009818315506,-0.046624403446912766,-0.10221980512142181,-0.10852696001529694,0.8738000988960266,0.008282343856990337,-0.05705790966749191,-0.16149480640888214,0.7471268773078918,0.3994444012641907,0.8496156930923462,0.2956241965293884,0.27953770756721497,1.063474178314209,-0.1699800193309784,0.4361181855201721,-0.08109991252422333,0.38355016708374023,0.546766996383667,0.5986136794090271,-0.19849693775177002,0.3943886160850525,0.4769725799560547,-0.05397821590304375,0.30672580003738403,0.2680845260620117,0.14664070308208466,0.013227706775069237,0.4221678376197815,0.3281100392341614,0.48900365829467773,0.5338425040245056,-0.08326741307973862,0.04872613027691841,0.5913434624671936,-0.23228387534618378,0.02173629030585289,0.484745591878891,0.31146201491355896,0.0042875828221440315,0.074582539498806,-0.05166294425725937,-0.15404780209064484,-0.2672131657600403,0.35018736124038696,0.16774968802928925,-0.2020382583141327,-0.11763069778680801,-0.21807296574115753,0.2883378863334656,-0.23080149292945862,0.279029905796051,0.30255839228630066,0.6802353262901306,-0.25179994106292725,0.05164782330393791,-0.15775223076343536,-0.22018006443977356,0.024034013971686363,-0.25532403588294983,0.044385239481925964,0.10938422381877899,0.4005184769630432,0.18470226228237152,0.6286520957946777,1.1198927164077759,0.43780460953712463,0.019357889890670776,0.0964716449379921,-0.018530935049057007,-0.21054133772850037,0.5771690607070923,-0.07975775003433228,0.3406441807746887,0.05373070389032364,0.5058728456497192,0.020788555964827538,0.8233097195625305,0.1065668910741806,-0.025747567415237427,0.12529179453849792,-0.17991821467876434,0.49662667512893677,-0.05294455960392952,0.6445604562759399,0.05491504818201065,0.4395774304866791,0.1317591518163681,-0.1926603466272354
59,246,263,261,276,0.4796927273273468,-0.2653229236602783,0.37924134731292725,1.202048420906067,-0.23241840302944183,0.10268688201904297,0.05618491768836975,-0.26663097739219666,-0.14920586347579956,-0.16099794209003448,0.560075581073761,-0.23617668449878693,-0.2188727706670761,1.3111666440963745,0.6943972706794739,-0.25743329524993896,-0.07513194531202316,0.9521778225898743,-0.13937079906463623,-0.14149565994739532,-0.11409983783960342,0.1505780667066574,0.09783897548913956,0.31193187832832336,0.1198408231139183,1.5264922380447388,0.0432012565433979,-0.25081074237823486,0.8532598614692688,0.3803520202636719,-0.13119004666805267,-0.1581495702266693,-0.19356723129749298,0.6796208024024963,-0.2117871642112732,0.113517165184021,0.2657431662082672,0.06420266628265381,0.09582948684692383,-0.1535598784685135,0.29284200072288513,0.2198687046766281,0.42612114548683167,1.1596311330795288,0.35070934891700745,0.45331230759620667,-0.08809643238782883,2.265953302383423,0.2117743045091629,-0.10340531915426254,0.45759764313697815,1.158180594444275,0.47164082527160645,-0.04658333957195282,0.5625154376029968,-0.1782400757074356,0.8860309720039368,0.45000743865966797,1.2825241088867188,-0.20302323997020721,0.010569274425506592,-0.0763411670923233,0.05945539474487305,2.0232481956481934,0.7041090130805969,0.5696591734886169,-0.1683756709098816,0.2926885187625885,0.5847130417823792,-0.25600048899650574,0.5176037549972534,0.17622250318527222,-0.23583070933818817,-0.011557291261851788,-0.19582499563694,0.18393240869045258,1.4170297384262085,-0.2047521322965622,0.7368476986885071,-0.08583124727010727,0.22267960011959076,-0.24255318939685822,-0.19616015255451202,-0.21526283025741577,0.49135565757751465,-0.06645596772432327,-0.16551245748996735,-0.16433508694171906,0.011156384833157063,-0.18749435245990753,-0.19207720458507538,-0.245968297123909,0.44358861446380615,0.15311013162136078,-0.0770982950925827,0.3190207779407501,-0.05095164105296135,-0.007342606782913208,-0.1389375478029251,-0.18747389316558838,1.9929800033569336,-0.15845011174678802,0.3136610984802246,0.3816545903682709,0.7352215647697449,0.4621199071407318,-0.16676509380340576,-0.1256338357925415,-0.05007198452949524,-0.20382916927337646,2.034059762954712,0.17963695526123047,0.4617604911327362,1.1586015224456787,-0.18727147579193115,0.01756281964480877,0.15799714624881744,-0.089389868080616,0.0009487171773798764,0.20115594565868378,0.022519925609230995,0.8443661332130432,-0.19075578451156616,0.417365700006485,0.10170558840036392,0.16970022022724152,0.17049558460712433,-0.12070620805025101
60,332,124,356,148,0.43921706080436707,-0.23541821539402008,-0.051291897892951965,1.1046980619430542,-0.2236221879720688,-0.23934772610664368,0.6850310564041138,-0.19751474261283875,-0.1606629639863968,-0.20707565546035767,0.16765961050987244,-0.21571661531925201,-0.13199074566364288,0.20702524483203888,0.5878860950469971,-0.1977357268333435,-0.19122301042079926,0.8628906607627869,0.009865866973996162,0.020181430503726006,-0.06127505004405975,0.13125193119049072,0.3450797498226166,0.7323316335678101,0.04508942365646362,0.830149233341217,-0.13717979192733765,-0.13924528658390045,0.6097356677055359,0.43230554461479187,-0.12147099524736404,-0.08193343132734299,-0.12673693895339966,0.31531423330307007,-0.13986901938915253,-0.06403662264347076,-0.08049692213535309,0.5901815891265869,-0.0833510011434555,0.1740904599428177,0.11467429995536804,-0.018660893663764,0.1758159101009369,0.30040061473846436,0.0712006464600563,0.1414223313331604,-0.10139618068933487,1.3623727560043335,0.2723255157470703,0.32155534625053406,0.5512821674346924,0.28705233335494995,0.5014209151268005,-0.17641854286193848,0.4553459882736206,-0.23048418760299683,0.6390708088874817,0.3596435785293579,0.8579529523849487,-0.22999480366706848,0.4038299322128296,0.2768043875694275,0.08031174540519714,0.14630965888500214,0.2145608365535736,-0.12162145972251892,0.02692408114671707,0.030609123408794403,0.28061744570732117,0.1070120632648468,0.5224564671516418,-0.12319263070821762,-0.11805067956447601,0.28925782442092896,-0.20305177569389343,0.06118219345808029,0.2908249795436859,-0.21738161146640778,0.14457768201828003,-0.2107658088207245,0.10607419162988663,-0.21229493618011475,-0.2633045017719269,0.18020716309547424,0.6127402782440186,-0.20009452104568481,-0.22371666133403778,-0.13694557547569275,0.5760772228240967,-0.23319895565509796,-0.15444809198379517,0.033431537449359894,0.36812981963157654,-0.11515349894762039,0.16391724348068237,-0.028516314923763275,-0.1921912580728531,-0.12685298919677734,-0.24618594348430634,0.0341382771730423,0.7212848663330078,0.14561520516872406,0.04934347793459892,0.4116029441356659,0.08304531872272491,0.3208571672439575,0.010287318378686905,0.2481326311826706,-0.1255963295698166,-0.23063962161540985,0.6101844906806946,0.10495369136333466,0.2719131410121918,0.35249602794647217,0.24068672955036163,0.009998693130910397,0.5546770691871643,0.013846484944224358,-0.08147024363279343,0.21823926270008087,-0.08776935935020447,0.530633270740509,-0.003761704545468092,0.7238169312477112,-0.012590961530804634,0.391537606716156,-0.15010735392570496,-0.14037808775901794
61,136,461,175,494,0.8821226358413696,-0.0955280065536499,0.3778931200504303,1.0933163166046143,-0.15184004604816437,-0.14940813183784485,0.5007451176643372,-0.1841922551393509,-0.07485514134168625,-0.21421246230602264,0.0915149375796318,0.6833357214927673,-0.007188030984252691,0.13467362523078918,0.4065418243408203,-0.15810824930667877,0.12456297874450684,0.08834680169820786,0.9820857048034668,0.06743953377008438,0.27240341901779175,-0.04506101831793785,0.8132680654525757,0.14014890789985657,0.026961660012602806,0.528838038444519,-0.1574285328388214,-0.026865486055612564,0.9518359899520874,0.7944058179855347,-0.1899270862340927,-0.10074330866336823,0.06285043805837631,0.3813963532447815,-0.1234535351395607,0.22248633205890656,-0.19489768147468567,0.6552038788795471,-0.16865642368793488,0.17443707585334778,0.06090998649597168,-0.07124433666467667,-0.1542443037033081,0.5518611073493958,0.09762657433748245,-0.08604083210229874,-0.15788331627845764,0.6692146062850952,0.19525091350078583,0.6857284903526306,0.2351973056793213,0.165555939078331,0.9650923013687134,-0.19251824915409088,0.5664994120597839,0.561750590801239,0.2891063392162323,0.38464391231536865,0.5966912508010864,-0.23170439898967743,0.40549832582473755,0.6522902250289917,-0.0012669466668739915,0.20817355811595917,0.20343729853630066,-0.07131968438625336,0.22259584069252014,0.2920634150505066,0.18277327716350555,0.4854336678981781,0.5238440036773682,-0.057079751044511795,-0.011749600991606712,0.6555598974227905,-0.2198464423418045,0.04172917827963829,0.2156994342803955,0.11577162891626358,-0.02151615545153618,0.7253729104995728,-0.06882474571466446,-0.15624210238456726,-0.2706562280654907,0.6739867925643921,0.07274898141622543,-0.13057082891464233,0.02803756669163704,-0.11039135605096817,0.40024104714393616,-0.1381513625383377,0.14903375506401062,0.2253539115190506,0.549449622631073,-0.27000290155410767,0.12483608722686768,-0.13291101157665253,-0.22154374420642853,0.346026211977005,-0.22217142581939697,0.048255641013383865,0.14666733145713806,0.29116684198379517,0.10381181538105011,0.4949902594089508,0.783974826335907,0.3273449242115021,0.161587193608284,0.2555295526981354,-0.02176407352089882,-0.10845372825860977,0.344052791595459,-0.012581232003867626,0.09407798200845718,-0.11067773401737213,0.6290791630744934,-0.004143715836107731,0.9117298126220703,0.014556443318724632,-0.01837848871946335,0.08660987764596939,-0.1766970008611679,0.43944868445396423,0.05341729521751404,0.721534013748169,0.02854399010539055,0.7412337064743042,0.1927015483379364,-0.17163023352622986
62,370,255,396,274,0.6545675992965698,-0.22691576182842255,0.1950511485338211,1.0543125867843628,-0.23199456930160522,0.07268980890512466,0.780751645565033,-0.23273366689682007,0.20132674276828766,-0.2293311208486557,0.2766774594783783,0.923699676990509,-0.23168295621871948,0.10998083651065826,0.5212617516517639,-0.2258230298757553,-0.08289815485477448,0.18655088543891907,0.5418463945388794,-0.07458038628101349,0.12933966517448425,0.19190509617328644,0.878423273563385,0.7470160126686096,-0.1337612271308899,0.6140005588531494,-0.17992782592773438,-0.22237232327461243,1.1535600423812866,1.1107579469680786,-0.21521860361099243,-0.20318277180194855,-0.1952424794435501,0.3384934365749359,-0.13454899191856384,0.11891390383243561,-0.16567115485668182,0.5710439682006836,-0.013670537620782852,-0.012843932956457138,0.1004931703209877,-0.09000593423843384,-0.1406332105398178,0.39493274688720703,-0.0060061016120016575,0.009347611106932163,-0.23213617503643036,1.190793514251709,0.42727363109588623,0.8361846208572388,0.358781635761261,0.3252497613430023,0.572525143623352,-0.22264735400676727,0.7905004024505615,-0.1647680401802063,0.31909140944480896,0.656363844871521,0.8121022582054138,-0.21278569102287292,0.4470762014389038,0.10184615105390549,-0.10697413235902786,0.11084537208080292,0.030296841636300087,0.05825822055339813,0.3493655323982239,0.019873082637786865,0.3815344572067261,0.1659533977508545,0.31267520785331726,-0.17300981283187866,0.01974376104772091,0.7991669774055481,-0.1919945627450943,-0.07370022684335709,0.5877909660339355,-0.15344184637069702,0.25527387857437134,-0.20028159022331238,0.23138411343097687,-0.2259075939655304,-0.24374842643737793,1.1170748472213745,0.9503614902496338,-0.2584920823574066,-0.14479944109916687,-0.13597658276557922,0.43910178542137146,-0.23807236552238464,-0.2167007476091385,0.22081094980239868,0.7048722505569458,-0.23773643374443054,0.03018808364868164,-0.09499963372945786,-0.19442443549633026,-0.16858166456222534,-0.25305891036987305,0.10528586804866791,0.12020158767700195,-0.03152808919548988,-0.014383812434971333,0.4321994483470917,1.4218031167984009,0.33374983072280884,0.014968156814575195,0.6564059257507324,-0.027294017374515533,-0.24787330627441406,0.7897171974182129,0.02551528438925743,0.12165412306785583,0.39143308997154236,0.437574177980423,-0.0008062951965257525,0.6846331357955933,0.16835917532444,0.019597848877310753,0.45633813738822937,-0.12882304191589355,0.5818079710006714,-0.04019513353705406,0.6342118978500366,-0.0804189145565033,0.7456576228141785,-0.0022786525078117847,-0.20635467767715454
63,97,196,122,218,0.918719470500946,-0.24098198115825653,-0.07859981805086136,1.1007360219955444,-0.1148533821105957,0.2164779156446457,0.5888713002204895,-0.2097875028848648,0.0024734362959861755,-0.2169305682182312,-0.0047892555594444275,-0.2185652256011963,-0.17210517823696136,0.008815780282020569,0.890727698802948,-0.1994733065366745,0.14672327041625977,0.9313263297080994,0.255237340927124,0.06179868057370186,0.254212886095047,0.3232124149799347,0.5661509037017822,0.8785414695739746,0.1806797832250595,1.0167378187179565,-0.1082547977566719,-0.18452076613903046,0.5091366171836853,0.7112403512001038,-0.15258605778217316,0.055134158581495285,-0.08135508745908737,0.5958982706069946,-0.15465088188648224,-0.031833674758672714,-0.09351233392953873,0.21887831389904022,0.12487644702196121,0.05029122903943062,0.3864341974258423,-0.028176702558994293,0.08745340257883072,0.4586639106273651,0.16567827761173248,0.25540947914123535,-0.11385051161050797,1.2219170331954956,0.5623960494995117,0.24206691980361938,0.6898515820503235,0.9721493721008301,0.5469633340835571,-0.2332513928413391,0.8100546002388,-0.24206854403018951,0.8431885242462158,0.295417845249176,0.9986498951911926,-0.24698615074157715,0.3059596121311188,-0.01793321967124939,-0.1247721016407013,0.14125226438045502,-0.003722007153555751,0.19317825138568878,0.6749089360237122,-0.12115994840860367,0.45686566829681396,-0.08224109560251236,0.5404946804046631,-0.06190057471394539,-0.07242267578840256,0.2459803819656372,-0.18159110844135284,-0.013861283659934998,0.8809224963188171,-0.07460720092058182,0.037579506635665894,-0.1838972121477127,0.2722112834453583,-0.19680219888687134,-0.2514011561870575,0.11901545524597168,1.3378137350082397,-0.20925112068653107,-0.20078688859939575,-0.11425760388374329,0.3173076808452606,-0.2270958423614502,-0.03314492106437683,0.11475327610969543,0.563106119632721,-0.14703796803951263,-0.011481310240924358,-0.004424914717674255,-0.23993198573589325,-0.0719015896320343,-0.2715182602405548,0.041180964559316635,0.5068095326423645,0.013596226461231709,0.056735809892416,0.4316324293613434,0.9331793189048767,0.3167412579059601,0.1581658273935318,1.063581943511963,-0.012210756540298462,-0.2440052032470703,1.2130976915359497,0.12116237729787827,0.1911667138338089,0.4903019964694977,0.18322151899337769,0.1531975418329239,0.31863167881965637,-0.0021491050720214844,0.33388304710388184,0.2784593999385834,-0.10058792680501938,0.49350306391716003,0.04383973404765129,0.8204860687255859,-0.08934018015861511,0.6266600489616394,-0.15593218803405762,-0.15858779847621918
64,167,232,181,245,0.23929600417613983,-0.25763824582099915,0.3524450361728668,1.2084940671920776,-0.2414494752883911,0.2721802890300751,0.30702754855155945,-0.2235509157180786,-0.12502287328243256,-0.06675314158201218,0.2649843692779541,-0.1476806402206421,-0.15256236493587494,0.9662306904792786,0.6622134447097778,-0.2472243756055832,-0.17809255421161652,1.2151951789855957,-0.2317866086959839,-0.14405426383018494,0.02548290230333805,0.1658925861120224,0.41298770904541016,0.15866795182228088,0.7239866852760315,1.6696768999099731,0.1127593144774437,-0.1691712886095047,0.7015223503112793,0.8131806254386902,0.19156460464000702,-0.19044899940490723,-0.22727353870868683,0.5833550095558167,-0.20557498931884766,-0.1562487930059433,0.2516753375530243,0.6250523924827576,0.3253389298915863,0.017000610008835793,0.28771939873695374,0.25583088397979736,0.46022042632102966,1.0070041418075562,0.20513547956943512,0.5594066977500916,-0.0053733340464532375,2.1244425773620605,-0.06345415115356445,0.12287601083517075,0.12328062206506729,1.2514537572860718,0.16495166718959808,0.021732285618782043,0.24220681190490723,-0.21092046797275543,0.42483580112457275,0.16964156925678253,1.1726218461990356,-0.20829208195209503,-0.16279533505439758,-0.009022568352520466,0.12711547315120697,0.20092026889324188,0.03834669664502144,-0.09886336326599121,-0.2076665610074997,0.09596073627471924,0.9273548126220703,-0.10998240858316422,0.3020803928375244,0.09338086098432541,-0.07251603156328201,-0.006655444856733084,-0.1670728176832199,0.3408035337924957,1.5583027601242065,-0.078619085252285,0.6564095616340637,-0.08928024768829346,0.2728831470012665,-0.23107357323169708,-0.2578405439853668,0.06219226121902466,0.6355100870132446,-0.09650597721338272,-0.14706319570541382,-0.14918334782123566,0.24136249721050262,-0.20791512727737427,-0.18380694091320038,-0.20470429956912994,0.9465279579162598,0.20765738189220428,-0.1975298374891281,0.23628568649291992,0.10649871081113815,-0.1567566692829132,-0.2130967527627945,-0.13221915066242218,1.730222225189209,0.026688000187277794,0.3756901025772095,0.3202192783355713,1.4691476821899414,-0.0976400151848793,-0.10157275199890137,-0.12794475257396698,0.030009200796484947,-0.2057431936264038,1.365249752998352,0.37042033672332764,-0.037757758051157,1.4307494163513184,-0.13096636533737183,0.04673875495791435,-0.07337940484285355,0.2100258320569992,0.02167418599128723,0.20683346688747406,0.07660157233476639,0.9068382382392883,-0.23565728962421417,0.38475117087364197,0.023649469017982483,0.07563016563653946,0.07766485214233398,-0.07887930423021317
65,157,246,174,262,0.20982402563095093,-0.25531867146492004,0.06652781367301941,1.2266095876693726,-0.22127290070056915,0.1459222435951233,-0.09230202436447144,-0.26925453543663025,-0.013845705427229404,-0.12980522215366364,0.052195027470588684,-0.2324649542570114,-0.2201782912015915,0.8197683691978455,0.8453360795974731,-0.25260129570961,-0.15351030230522156,1.0831228494644165,-0.2511550784111023,-0.15836669504642487,-0.11675931513309479,0.7357519865036011,0.2735443115234375,0.6115442514419556,0.17566543817520142,0.7784426808357239,0.07845239341259003,-0.19107435643672943,0.41496598720550537,0.3747439682483673,0.06023623049259186,-0.1426791250705719,-0.21828772127628326,1.0508830547332764,-0.17974460124969482,-0.019704142585396767,0.32218992710113525,0.556814432144165,0.28118133544921875,-0.07509090006351471,0.4797091484069824,0.2751922011375427,0.26259845495224,0.5031049847602844,0.04896265268325806,1.0102652311325073,-0.10755043476819992,2.4138383865356445,0.09309238940477371,-0.0012815826339647174,0.15927909314632416,0.9124647974967957,0.5696396827697754,0.030799133703112602,0.650276780128479,-0.17313025891780853,0.5934796929359436,0.41591060161590576,1.2225311994552612,-0.20762532949447632,0.21284359693527222,-0.02764708176255226,0.14984002709388733,0.7238747477531433,0.3173116445541382,-0.0505535751581192,-0.1786690354347229,0.016104182228446007,1.079909086227417,-0.08077575266361237,0.8115418553352356,0.07150211930274963,-0.17188259959220886,0.0856553316116333,-0.20344310998916626,0.06501861661672592,1.92086923122406,-0.08560632914304733,0.8583433628082275,-0.09080632030963898,0.12765462696552277,-0.24567419290542603,-0.23224012553691864,-0.18964813649654388,1.208909511566162,-0.07517727464437485,-0.14550063014030457,-0.15634116530418396,0.5181167125701904,-0.22696587443351746,-0.20853307843208313,0.07548311352729797,0.8367006778717041,0.17137527465820312,-0.2068968266248703,0.255035936832428,0.03947000205516815,-0.1816188395023346,-0.19373223185539246,-0.1941840946674347,1.763218879699707,-0.0761684700846672,0.16101938486099243,0.41280654072761536,1.0093116760253906,0.2477099597454071,-0.19242611527442932,-0.13116951286792755,-0.12714269757270813,-0.17284639179706573,2.0362772941589355,0.3246375024318695,0.30942368507385254,1.080761194229126,-0.2141149640083313,0.1670043170452118,-0.06007179990410805,0.25436803698539734,0.010193984024226665,0.37117722630500793,0.06936348974704742,1.001166820526123,-0.2013217806816101,0.4790176749229431,0.09699201583862305,0.033572036772966385,0.1345028132200241,-0.07133384048938751
66,113,281,132,298,0.6996970772743225,-0.2666812241077423,0.040805328637361526,1.1577056646347046,-0.1908981204032898,0.12545906007289886,0.5032094120979309,-0.2554171085357666,-0.040550749748945236,-0.15451563894748688,0.38466987013816833,-0.05902954936027527,-0.23164375126361847,0.4591805636882782,0.48041942715644836,-0.19601404666900635,0.24224853515625,0.5150356888771057,-0.05281936004757881,-0.12501440942287445,-0.03096931427717209,0.22827987372875214,0.38584908843040466,0.12110786885023117,0.43445369601249695,1.154317021369934,-0.15310288965702057,-0.23296880722045898,0.370572566986084,0.385246604681015,0.06968111544847488,-0.20629048347473145,-0.15765872597694397,0.9087132811546326,-0.13862615823745728,0.10382693260908127,0.0682467594742775,0.25995951890945435,0.524486243724823,-0.1623883694410324,0.3504899740219116,0.12056133896112442,0.05610714480280876,0.6818531155586243,0.030084669589996338,0.5055204033851624,-0.013431171886622906,1.8384798765182495,0.5159354209899902,0.3019172251224518,0.05958837643265724,0.8173583149909973,0.592517077922821,-0.06627805531024933,0.5803384780883789,-0.2008305788040161,0.47955846786499023,0.6396358609199524,0.8710885047912598,-0.22943706810474396,0.5983368754386902,0.18030516803264618,0.12236082553863525,0.6926536560058594,-0.03463289514183998,0.054911334067583084,0.16362334787845612,0.2003985196352005,0.6109256148338318,-0.1924455612897873,0.5463282465934753,-0.15111741423606873,-0.19248998165130615,0.6782075762748718,-0.19718234241008759,0.033273953944444656,1.3429611921310425,-0.13060428202152252,0.37765610218048096,-0.129037544131279,-0.019829437136650085,-0.24034492671489716,-0.255990594625473,0.26442334055900574,1.4441618919372559,-0.146742045879364,-0.1779612898826599,-0.14757664501667023,0.4285869896411896,-0.21868884563446045,-0.1487954556941986,0.09091416001319885,0.9382204413414001,0.008731032721698284,-0.26709964871406555,0.1604130119085312,-0.08986103534698486,-0.19361960887908936,-0.2404620200395584,-0.08383643627166748,0.5445135235786438,0.005005935672670603,0.10941284894943237,0.42963460087776184,0.6355802416801453,0.5212076306343079,-0.14683318138122559,0.6027628183364868,0.37715694308280945,-0.22043733298778534,1.4253350496292114,0.09667575359344482,0.3814186155796051,0.31373274326324463,0.03143201395869255,0.06129620969295502,0.29559382796287537,0.25508391857147217,0.005071950610727072,0.3868881165981293,-0.04693729802966118,0.8785541653633118,-0.19997800886631012,0.4777872562408447,0.021517328917980194,0.538899838924408,-0.11336859315633774,-0.204229936003685
67,374,291,401,316,0.7209998965263367,-0.1931162327528,0.2838221490383148,1.070627212524414,-0.18623371422290802,-0.0966196283698082,0.4887649714946747,-0.17858977615833282,-0.13838768005371094,-0.16997605562210083,0.2903473675251007,0.08817879110574722,-0.1313113123178482,0.20663948357105255,0.3873685896396637,-0.12875498831272125,-0.07157137989997864,0.356817364692688,0.16787417232990265,-0.14306990802288055,0.07052665948867798,0.09749726206064224,0.7144972681999207,0.30001381039619446,0.07084964960813522,0.3793010711669922,-0.12393584102392197,-0.10241043567657471,0.823143482208252,0.5531343817710876,-0.21862053871154785,-0.22002434730529785,-0.0829940065741539,0.31151676177978516,-0.13942734897136688,-0.10327015072107315,-0.20754937827587128,0.38825762271881104,-0.22536398470401764,0.3441387414932251,0.013655711896717548,-0.12562863528728485,0.02748837135732174,0.3934870958328247,-0.015332236886024475,-0.06667404621839523,-0.24505887925624847,0.8592414855957031,0.1876589059829712,0.5917505621910095,0.37123191356658936,0.2256450653076172,0.5069578886032104,-0.21191804111003876,0.38435861468315125,-0.06726068258285522,0.19021956622600555,0.0857584998011589,0.5425119400024414,-0.20802700519561768,0.3270479738712311,0.38296249508857727,-0.08147037774324417,0.029651755467057228,0.4029516875743866,-0.10153406858444214,0.028908386826515198,0.19333897531032562,0.5738389492034912,0.4901168644428253,0.5966511368751526,-0.10822971910238266,0.03872962296009064,0.3227512836456299,-0.18788033723831177,-0.09291718155145645,0.21171313524246216,-0.09535656124353409,-0.07024357467889786,-0.09622454643249512,0.18171082437038422,-0.1621309518814087,-0.27086973190307617,0.2655365467071533,0.13872192800045013,-0.1133299246430397,-0.17375469207763672,-0.17322556674480438,0.4392170011997223,-0.2107391506433487,-0.08370458334684372,0.10574404150247574,0.3906596601009369,-0.24806855618953705,0.15521468222141266,-0.1697346419095993,-0.2193075269460678,-0.04959709569811821,-0.2367303967475891,0.12683425843715668,0.20360028743743896,0.050753965973854065,0.16284789144992828,0.42842283844947815,0.5633363127708435,0.21478749811649323,0.3694925308227539,0.4774007797241211,-0.14033901691436768,-0.09856516122817993,0.4576006829738617,-0.125895157456398,0.19129039347171783,0.3725224435329437,0.36248695850372314,-0.044314950704574585,0.6780827641487122,-0.018883585929870605,0.029237305745482445,0.1985899657011032,-0.1412852555513382,0.42729446291923523,0.13842502236366272,0.6408258080482483,-0.0709388330578804,0.32731524109840393,0.02551805041730404,-0.1819986253976822
68,163,214,185,233,0.49228721857070923,-0.2204592078924179,0.08544760197401047,1.1099213361740112,-0.2245442122220993,-0.1727718710899353,0.44209787249565125,-0.16036036610603333,0.10022299736738205,-0.230429008603096,0.3571323752403259,-0.14701120555400848,-0.021852770820260048,0.7704436779022217,0.462077260017395,-0.1502288430929184,-0.19890795648097992,0.769376277923584,-0.17505159974098206,0.19897542893886566,0.01673978567123413,0.25133755803108215,0.6010890007019043,0.3727123439311981,0.6170820593833923,0.9642179012298584,0.03446142375469208,-0.15590621531009674,0.181582972407341,0.5886064171791077,-0.2273460179567337,-0.08201012015342712,-0.154963880777359,0.37131044268608093,-0.17031152546405792,-0.06140228733420372,-0.05326761305332184,0.41120922565460205,-0.19825413823127747,-0.018230974674224854,0.08491428196430206,-0.009954697452485561,0.17379648983478546,0.5732879638671875,0.06189725175499916,0.1947270780801773,-0.11336103081703186,1.4231210947036743,0.07566049695014954,0.37908700108528137,0.5117796063423157,0.550484836101532,0.7167701721191406,-0.2071751207113266,0.19726045429706573,-0.2256268709897995,0.4373975992202759,0.2797311544418335,1.2451834678649902,-0.21734507381916046,0.24239982664585114,0.08846262097358704,0.09732727706432343,0.014953712932765484,0.17383481562137604,-0.12045901268720627,0.01338900439441204,0.259867399930954,0.16331595182418823,-0.07661645114421844,0.5426470637321472,-0.08856235444545746,-0.11625277996063232,0.05899035930633545,-0.07852858304977417,0.1477944403886795,-0.0035246131010353565,-0.18322151899337769,-0.0803728774189949,-0.1500861942768097,0.3459770977497101,-0.1904943585395813,-0.25811851024627686,0.2953721582889557,0.23073214292526245,-0.1831502616405487,-0.2000633031129837,-0.15251070261001587,0.5679348111152649,-0.22185471653938293,0.029190706089138985,0.0834745466709137,0.05876682326197624,-0.08606057614088058,0.053800053894519806,0.029109785333275795,-0.17990893125534058,-0.06279974430799484,-0.22946344316005707,0.05145035311579704,0.7675750255584717,0.07965681701898575,0.3452426493167877,0.281393826007843,0.6642582416534424,0.25320446491241455,0.01194282341748476,0.3531116545200348,-0.10069240629673004,-0.21776539087295532,0.6464284062385559,0.17696459591388702,0.023489126935601234,0.4167627990245819,0.08049092441797256,-0.08180604875087738,0.1008584201335907,0.06110769510269165,0.011633985675871372,0.09610550850629807,-0.06726952642202377,0.48706933856010437,-0.10245275497436523,0.8045591711997986,-0.08304896950721741,0.07187320291996002,-0.1822703629732132,-0.13681495189666748
69,135,245,153,263,0.5283638834953308,-0.25406238436698914,-0.09717211127281189,1.1780474185943604,-0.17354266345500946,-0.146797314286232,0.36746126413345337,-0.24159696698188782,-0.1394149214029312,-0.2338092029094696,0.31832629442214966,-0.1720532923936844,-0.18923555314540863,0.5660642981529236,0.5186524987220764,-0.19860346615314484,-0.18816453218460083,0.29755640029907227,-0.2561889886856079,-0.18653957545757294,-0.08149561285972595,0.6108433604240417,-0.036987628787755966,0.5180732011795044,0.3016597628593445,0.9527943730354309,-0.0998602956533432,-0.22963815927505493,0.06257856637239456,0.42970117926597595,-0.1268245130777359,-0.008422679267823696,-0.14313900470733643,1.1017807722091675,-0.16279932856559753,-0.01582149602472782,0.15154562890529633,-0.14813441038131714,-0.038256995379924774,-0.0866931825876236,0.2695920169353485,0.11144304275512695,0.24993546307086945,0.5308306813240051,0.17954900860786438,0.4132416844367981,-0.09590097516775131,1.9086284637451172,0.5864099860191345,0.2614402770996094,0.494512140750885,0.8088936805725098,0.3448392152786255,-0.09839358925819397,0.326768696308136,-0.196400985121727,0.4871765375137329,0.5099278688430786,1.2506330013275146,-0.2183006852865219,0.7939683198928833,0.33068692684173584,0.022173281759023666,0.8499840497970581,0.2811516523361206,0.05584511533379555,-0.10830231755971909,-0.00983540341258049,0.5924288630485535,0.015929443761706352,0.8868735432624817,-0.02271403931081295,-0.20873911678791046,0.32464149594306946,-0.172516867518425,0.07194274663925171,1.0471481084823608,-0.20540693402290344,0.4016362726688385,-0.10964499413967133,0.011040408164262772,-0.25510379672050476,-0.2426740527153015,-0.024211321026086807,0.9040935039520264,-0.14369942247867584,-0.15099447965621948,-0.1342928409576416,0.03934406861662865,-0.22222501039505005,-0.24824826419353485,0.15961021184921265,0.2530321478843689,0.06775382161140442,-0.11311791837215424,0.2458624243736267,-0.2074679583311081,-0.10984059423208237,-0.23885567486286163,-0.12724119424819946,0.8907099962234497,-0.07037301361560822,0.1339624524116516,0.5374028086662292,0.03520655632019043,0.508271336555481,-0.15044623613357544,-0.08969491720199585,-0.03608935326337814,-0.18534709513187408,1.35368013381958,0.22313393652439117,0.572372555732727,0.16646647453308105,-0.027531877160072327,0.11932632327079773,0.4657634198665619,0.11842770129442215,0.01192709431052208,0.41678816080093384,-0.05145807936787605,0.6572322845458984,-0.20165474712848663,0.7693569660186768,-0.006969306152313948,0.18296383321285248,-0.0018739303341135383,-0.12610501050949097
70,144,275,159,289,0.014740034937858582,-0.2714289426803589,0.19026800990104675,1.250953197479248,-0.20396317541599274,0.2006554752588272,0.6227710843086243,-0.242548406124115,-0.06136201694607735,-0.12304577231407166,0.4116806089878082,0.02269270271062851,-0.25325316190719604,0.1190846860408783,0.6805362701416016,-0.2283494919538498,-0.2164682000875473,1.362839937210083,-0.06655061990022659,-0.13890616595745087,-0.21714653074741364,0.0694936215877533,-0.10464981198310852,2.5499050617218018,0.11015629768371582,1.810633897781372,-0.1729077696800232,-0.08986091613769531,0.6075454354286194,1.026370882987976,0.3683093190193176,0.23257018625736237,-0.09840403497219086,0.1448213756084442,-0.2474692165851593,-0.13832440972328186,0.23407483100891113,0.10513648390769958,-0.19451233744621277,-0.08885911852121353,0.628903865814209,0.3111451268196106,0.18385575711727142,-0.04342139512300491,-0.10034884512424469,0.9319097995758057,-0.250449538230896,2.5240607261657715,0.7608598470687866,0.2628079950809479,0.47594767808914185,1.0942450761795044,-0.058192744851112366,-0.07481153309345245,-0.04401310533285141,-0.2364361733198166,0.9130237102508545,0.2579801380634308,0.5541443228721619,-0.23638537526130676,1.3275386095046997,-0.1814565658569336,-0.08939886093139648,0.6756319999694824,-0.1654299646615982,0.16676992177963257,-0.23250442743301392,-0.23955810070037842,1.0480550527572632,-0.10376183688640594,0.38632678985595703,0.20080770552158356,-0.24257107079029083,0.394592821598053,-0.24537809193134308,0.1733579933643341,-0.09628661721944809,-0.19869612157344818,0.6995721459388733,-0.1446439027786255,0.6622219681739807,-0.21446926891803741,-0.256919264793396,-0.20876039564609528,1.5194621086120605,-0.11428909748792648,-0.1541639268398285,-0.10463782399892807,0.4258117079734802,-0.21384787559509277,-0.21475744247436523,0.07979530096054077,-0.1729457825422287,0.2510002851486206,-0.1337951272726059,-0.01883292943239212,0.0029333047568798065,-0.2641647756099701,-0.23110193014144897,-0.2055927813053131,1.4781298637390137,0.5473438501358032,0.2889467775821686,0.26867496967315674,0.5591691732406616,0.42864060401916504,0.0606776624917984,0.39946961402893066,-0.17332063615322113,-0.2549511194229126,1.67307448387146,0.5185502767562866,0.3870798647403717,1.4556972980499268,-0.1415226012468338,0.2397250384092331,0.405522882938385,0.6065890789031982,0.16700945794582367,0.18036994338035583,0.02919718809425831,0.7342555522918701,-0.1878882497549057,1.233513593673706,0.24874234199523926,-0.21493428945541382,-0.0770140215754509,0.15755337476730347
71,298,74,314,89,0.5613572001457214,-0.25684523582458496,-0.11947663873434067,1.2035688161849976,-0.14695794880390167,-0.17909061908721924,0.18387550115585327,-0.20806901156902313,-0.17186065018177032,-0.22950907051563263,0.39421355724334717,-0.09179293364286423,-0.17516128718852997,0.7200468182563782,0.581700325012207,-0.1260722577571869,-0.2229418009519577,0.24662913382053375,-0.2627236843109131,0.09056127816438675,-0.028866618871688843,0.3707987368106842,-0.06359991431236267,0.701636552810669,0.07179408520460129,0.11180392652750015,-0.001347313285805285,-0.23045380413532257,0.5026357769966125,-0.05002269148826599,-0.20993824303150177,-0.02642248012125492,-0.22199274599552155,0.9944229125976562,-0.10991430282592773,-0.028923293575644493,0.06968498229980469,0.04137358441948891,0.25215086340904236,0.1309908777475357,0.1102014109492302,0.1375655084848404,-0.00455454969778657,0.41675999760627747,0.13678885996341705,0.06661846488714218,-0.2140006422996521,1.303328514099121,0.9237198829650879,0.4844953119754791,0.3195187747478485,0.3742462694644928,0.5227221846580505,-0.23694980144500732,0.3705613613128662,-0.20674443244934082,0.15330180525779724,1.356554388999939,0.4418202340602875,-0.22535677254199982,0.9089468121528625,0.5867844223976135,0.1351974457502365,0.6393852233886719,0.6273193955421448,-0.028513900935649872,-0.22813303768634796,0.41394197940826416,0.6698434352874756,0.22425787150859833,1.2614325284957886,-0.18436121940612793,-0.0479566864669323,0.6081714630126953,-0.14161494374275208,-0.03394583985209465,0.7366434931755066,-0.23623578250408173,0.09346470981836319,-0.09626742452383041,-0.13548330962657928,-0.21131481230258942,-0.25527068972587585,0.16176946461200714,0.8002257943153381,-0.1597723811864853,-0.20655591785907745,-0.18970082700252533,0.2248564511537552,-0.25204482674598694,-0.1662711352109909,0.42048683762550354,0.012567411176860332,-0.013545493595302105,-0.19665122032165527,0.25041595101356506,-0.1715420037508011,-0.18946146965026855,-0.20964138209819794,-0.09058088064193726,1.0701665878295898,0.04747379943728447,0.10256397724151611,0.30654406547546387,-0.10641524940729141,0.9981284141540527,0.046842217445373535,-0.03766753524541855,-0.1998637169599533,-0.06537915021181107,1.5278205871582031,0.1327097862958908,0.5410933494567871,-0.1471969485282898,0.008744190447032452,0.08340934664011002,0.5868688821792603,0.40453633666038513,0.05326719954609871,0.41928043961524963,-0.10349259525537491,0.6358689665794373,-0.2448967844247818,0.7850017547607422,0.20901496708393097,-0.005852416157722473,-0.08615001291036606,-0.15875552594661713
72,284,83,304,101,0.7512599229812622,-0.24216678738594055,-0.1567564606666565,1.1776231527328491,-0.18768194317817688,-0.017862413078546524,0.41232556104660034,-0.19939206540584564,-0.10431860387325287,-0.24520982801914215,0.30200469493865967,-0.255249947309494,-0.06791674345731735,0.23045744001865387,0.6378556489944458,-0.15773245692253113,-0.10205652564764023,0.301882266998291,-0.06003813073039055,-0.014784906059503555,0.16682319343090057,0.3154212534427643,0.3727205991744995,0.6997920870780945,0.29889658093452454,0.9476281404495239,0.017916090786457062,-0.14122158288955688,0.2009095996618271,0.6381913423538208,-0.02600429393351078,0.17059165239334106,-0.1341230869293213,0.6838603019714355,-0.14610277116298676,0.14701293408870697,0.058580782264471054,0.10443489253520966,0.3666400909423828,0.050272636115550995,0.49791157245635986,0.11118176579475403,0.04807296022772789,0.15853363275527954,0.33612483739852905,0.3155202269554138,-0.08414007723331451,1.06215238571167,0.22835813462734222,0.3361610770225525,0.6964433789253235,0.7061802744865417,0.6069529056549072,-0.21984362602233887,0.3763516843318939,-0.23742073774337769,0.6690613627433777,0.6191877126693726,0.9203245639801025,-0.23076027631759644,0.20710089802742004,0.18009188771247864,0.08130320906639099,0.16987335681915283,-0.018383316695690155,0.0252924095839262,0.0077145034447312355,0.12490933388471603,0.49061012268066406,0.14060766994953156,0.5387234091758728,-0.027689959853887558,-0.16677860915660858,0.12679965794086456,-0.14364057779312134,0.052441053092479706,0.6173475384712219,-0.16710752248764038,0.056666553020477295,-0.18083323538303375,0.2778237462043762,-0.22641175985336304,-0.2628624141216278,0.17978890240192413,0.7002913951873779,-0.15862300992012024,-0.21621276438236237,-0.1721140742301941,0.31555113196372986,-0.2300906777381897,-0.09881442785263062,0.1943877935409546,0.08926710486412048,0.04054766148328781,-0.12852399051189423,0.11561499536037445,-0.15747743844985962,-0.04036686196923256,-0.2441783994436264,-0.05564069002866745,0.9526797533035278,-0.01824934035539627,0.3159959316253662,0.18731266260147095,0.5430251359939575,0.19406530261039734,0.19889509677886963,0.32040441036224365,-0.2310100644826889,-0.21822811663150787,1.658260703086853,0.3897554278373718,0.26174864172935486,0.2488708794116974,0.07088247686624527,0.1077975258231163,0.08720775693655014,0.02657252550125122,0.22916406393051147,0.11254695057868958,-0.09050629287958145,0.5782883167266846,-0.16873085498809814,0.9158130288124084,-0.014916401356458664,0.22127631306648254,-0.16228872537612915,-0.09739545732736588
73,256,82,275,100,0.7473616003990173,-0.24746640026569366,-0.0464724563062191,1.135246753692627,-0.2186378836631775,-0.22817198932170868,0.6583724617958069,-0.18433062732219696,-0.04714931547641754,-0.1902061104774475,0.24947701394557953,-0.11691970378160477,0.006255063693970442,0.2926369309425354,0.5298557877540588,-0.19359351694583893,-0.11216934770345688,0.5758292078971863,-0.034809231758117676,0.09838619828224182,0.23524512350559235,0.27958381175994873,0.8472217321395874,0.6089802980422974,0.10480839014053345,0.5332567095756531,-0.07462158799171448,-0.13735926151275635,0.3776586651802063,0.512822151184082,-0.1635991781949997,-0.1963154673576355,-0.16929909586906433,0.7074772715568542,-0.1561131477355957,-0.009753439575433731,-0.010927313007414341,0.8392290472984314,0.2175089716911316,-0.09047386050224304,0.4780758321285248,0.05115370452404022,-0.0677199587225914,0.19153721630573273,0.17279411852359772,0.42048418521881104,-0.06876439601182938,1.8087469339370728,0.28062903881073,0.35317516326904297,0.2410634309053421,0.27334222197532654,0.9638589024543762,-0.19734342396259308,0.30049532651901245,-0.19751012325286865,0.43033772706985474,0.8314411640167236,0.8673384189605713,-0.23064899444580078,0.48711639642715454,0.13795973360538483,0.22538331151008606,0.14566892385482788,0.08293458819389343,-0.07798564434051514,-0.04494968429207802,0.02832222916185856,0.593146026134491,-0.10157477110624313,0.7651383876800537,0.05491681396961212,-0.06245654821395874,0.7144573330879211,-0.12054392695426941,-0.02871781587600708,0.5626475214958191,-0.03671872243285179,0.059834759682416916,-0.025446197018027306,0.11076581478118896,-0.2258673459291458,-0.2547505795955658,0.17607402801513672,0.9105064868927002,-0.16022679209709167,-0.1593358814716339,-0.14062261581420898,0.7651653289794922,-0.22256575524806976,-0.06995229423046112,0.270779550075531,0.45794180035591125,-0.0886332094669342,-0.18982112407684326,0.10565859824419022,-0.19720813632011414,0.1992359608411789,-0.25442397594451904,-0.012901630252599716,0.6148977875709534,0.24598892033100128,0.19639679789543152,0.2263631820678711,1.0749939680099487,0.45829451084136963,0.05604992434382439,0.5830462574958801,-0.12692467868328094,-0.1651705652475357,1.355751395225525,0.1939520686864853,0.18111079931259155,0.2955513596534729,0.1030876636505127,0.12532909214496613,0.24832364916801453,0.48905813694000244,0.04141732305288315,0.13101497292518616,-0.1277347356081009,0.8671389222145081,-0.11273113638162613,0.7507734298706055,0.021044854074716568,0.14014990627765656,-0.21163323521614075,-0.1552698016166687
74,131,172,163,193,0.7713484764099121,-0.2088172882795334,0.15676836669445038,1.1481136083602905,-0.2327161580324173,-0.0815286859869957,0.45488402247428894,-0.19498606026172638,-0.1059177815914154,-0.19766880571842194,0.3019237816333771,0.33123135566711426,-0.0673750638961792,0.4891444146633148,0.6652808785438538,-0.14268893003463745,-0.048988938331604004,0.41884398460388184,0.14610926806926727,0.17356909811496735,0.23640483617782593,0.3250023424625397,0.3738670349121094,0.522022008895874,0.4134078025817871,0.842413604259491,-0.09093863517045975,-0.1358644962310791,0.3501679599285126,0.698157787322998,-0.19432425498962402,-0.16075512766838074,-0.11638108640909195,0.5197485685348511,-0.13113941252231598,-0.04775877296924591,-0.10438065975904465,0.3434520959854126,-0.008859719149768353,0.07641641050577164,0.23028402030467987,-0.009120848961174488,0.1460600346326828,0.6711819767951965,0.08310829848051071,0.06656764447689056,-0.187086284160614,1.1210635900497437,0.48567095398902893,0.2860945761203766,0.5270622372627258,0.6580955386161804,0.5778693556785583,-0.2244233936071396,0.26953455805778503,-0.10425854474306107,0.6567448377609253,0.7610228657722473,0.9548397660255432,-0.2358158826828003,0.5955570340156555,0.18956953287124634,0.07274352759122849,0.42706599831581116,0.07309727370738983,-0.028045443817973137,0.2762056887149811,0.35542598366737366,0.3348366916179657,0.06582273542881012,0.7334656715393066,-0.04964577779173851,-0.08787190914154053,0.7520378232002258,-0.14657485485076904,0.0558684766292572,0.4213709533214569,-0.10286214202642441,0.0031347398180514574,-0.18083243072032928,0.2192089557647705,-0.16382695734500885,-0.2607637345790863,0.4760386645793915,0.42313194274902344,-0.1799381822347641,-0.16851185262203217,-0.19457264244556427,0.3042190968990326,-0.23186373710632324,0.059956248849630356,0.06403446942567825,0.2966848313808441,-0.17287828028202057,-0.04520025476813316,0.03443848714232445,-0.24094527959823608,0.13108573853969574,-0.21572332084178925,-0.018349366262555122,0.3874322474002838,0.018434038385748863,0.2449505776166916,0.2891395688056946,0.7838754057884216,0.5985777974128723,0.03677945211529732,0.6551446318626404,8.861223614076152e-05,-0.18253104388713837,1.0927276611328125,0.1389259546995163,0.3975754678249359,0.1585969179868698,0.1542961597442627,0.056302279233932495,0.2937593162059784,0.19618134200572968,0.1691874861717224,0.14983029663562775,-0.15188327431678772,0.5465714335441589,-0.03182131424546242,0.8578465580940247,0.022192321717739105,0.2754077613353729,-0.0459425188601017,-0.1515611857175827
75,149,254,161,265,0.32563069462776184,-0.25101032853126526,0.13956262171268463,1.307357668876648,-0.2271779328584671,-0.13195984065532684,-0.11649588495492935,-0.26953789591789246,-0.05311890318989754,-0.20742535591125488,0.17471186816692352,-0.15190526843070984,-0.22321772575378418,1.1429288387298584,0.9170770645141602,-0.24836941063404083,-0.14907535910606384,1.4557219743728638,-0.25136831402778625,-0.2435474395751953,-0.032315272837877274,0.5970580577850342,-0.23078344762325287,1.3707069158554077,0.7698258757591248,1.8618637323379517,0.16984300315380096,-0.20035071671009064,0.024541571736335754,0.7234870791435242,-0.09119156002998352,0.2094104290008545,-0.05839473381638527,1.1186763048171997,-0.2229927033185959,0.1868126392364502,0.47984930872917175,0.10257380455732346,-0.08121400326490402,-0.12438300997018814,0.6322042346000671,0.3227880299091339,0.6774535179138184,1.1067360639572144,0.6154775023460388,0.8695909976959229,0.05606488510966301,2.4339780807495117,-0.096302330493927,-0.143211230635643,0.9294915199279785,1.502062201499939,0.1646943837404251,-0.09342912584543228,0.42198801040649414,-0.1851089745759964,1.1734387874603271,0.5978299975395203,2.1688778400421143,-0.20130972564220428,-0.040068577975034714,-0.018344664946198463,0.22531943023204803,0.8923199772834778,0.36215463280677795,0.38161587715148926,-0.03483132645487785,-0.025080973282456398,0.4819154739379883,-0.20379309356212616,0.9952793121337891,0.14282262325286865,-0.2432813048362732,-0.15720753371715546,-0.2046641856431961,0.4134523570537567,0.9071195125579834,-0.2195020169019699,0.3087271451950073,-0.0904930830001831,0.08511617034673691,-0.25748467445373535,-0.23725076019763947,0.02957358956336975,0.6072797179222107,-0.07433921843767166,-0.13382995128631592,-0.16836269199848175,0.23792308568954468,-0.1937902718782425,-0.2258330136537552,-0.18089453876018524,0.13951371610164642,0.4766715466976166,-0.06450522691011429,0.561979353427887,-0.056697141379117966,-0.07791822403669357,-0.203677698969841,-0.24249756336212158,2.5978221893310547,-0.21685220301151276,0.3697091042995453,0.2832097113132477,0.17550933361053467,0.07575859874486923,-0.15169359743595123,-0.2377985715866089,0.09234922379255295,-0.20943160355091095,1.9578251838684082,0.734546959400177,0.36096975207328796,0.630913496017456,-0.248474583029747,0.16444221138954163,-0.1257687360048294,0.1678035855293274,0.1380527764558792,0.11935318261384964,0.05203983560204506,0.7442746162414551,-0.24683332443237305,0.5374564528465271,0.07670187950134277,0.024903764948248863,0.09223291277885437,0.038739144802093506
76,250,295,270,315,0.8647502064704895,-0.23947256803512573,0.031784310936927795,1.1613589525222778,-0.19980734586715698,-0.0395519882440567,0.6090331673622131,-0.155687153339386,-0.11578340083360672,-0.16122761368751526,-0.049112334847450256,-0.24880944192409515,-0.1488594263792038,0.4117354154586792,0.9509735107421875,-0.1205800399184227,-0.02839205041527748,0.7084270715713501,-0.013206614181399345,0.1567213535308838,0.1279539316892624,0.5919927954673767,0.3000822067260742,0.5087244510650635,0.11602212488651276,0.9252480268478394,-0.10314381122589111,-0.18620453774929047,0.865401029586792,0.44734370708465576,-0.1640337109565735,-0.138685941696167,-0.1734827160835266,0.4586659073829651,-0.12992331385612488,0.0026023387908935547,0.002702123485505581,0.35605838894844055,-0.11547809094190598,0.007731268648058176,0.29249459505081177,0.10060054808855057,0.14081184566020966,0.5447955131530762,0.22996282577514648,0.19388118386268616,-0.07979123294353485,1.3839088678359985,0.13081420958042145,-0.03910744935274124,0.7116175889968872,1.0509483814239502,0.3521241545677185,-0.19023117423057556,0.37546083331108093,-0.11992025375366211,0.8465530872344971,0.5817702412605286,0.8324239253997803,-0.25273752212524414,0.08900453895330429,0.11129531264305115,-0.016480863094329834,0.43071380257606506,0.3609221279621124,0.07348766922950745,-0.10274071246385574,0.15897896885871887,0.6950382590293884,-0.037270382046699524,0.7725945711135864,0.12041039019823074,-0.15072934329509735,0.033957622945308685,-0.13742239773273468,0.008429103530943394,1.1654447317123413,-0.1864362359046936,0.4383218586444855,-0.202874556183815,0.2625891864299774,-0.16125530004501343,-0.24180109798908234,-0.08541646599769592,0.7153253555297852,-0.18278782069683075,-0.23436659574508667,-0.19927363097667694,0.10359776020050049,-0.2441742718219757,-0.055945172905921936,-0.08246476203203201,0.5577288269996643,-0.124017134308815,-0.027184950187802315,0.044737834483385086,-0.19868959486484528,0.07825617492198944,-0.23038522899150848,-0.05812029168009758,0.9172648191452026,-0.05953386798501015,0.13881608843803406,0.3249909579753876,0.6416914463043213,0.2443210333585739,0.06692113727331161,0.18354350328445435,-0.17120753228664398,-0.1399129182100296,1.6184355020523071,0.20364342629909515,0.1896224170923233,0.5835330486297607,0.024099281057715416,0.0921868234872818,0.1386142075061798,-0.12180924415588379,0.11089369654655457,0.20210692286491394,-0.08697333186864853,0.6817284822463989,-0.08100973069667816,0.7554805278778076,0.024332953616976738,0.1253105252981186,-0.03858467563986778,-0.12642087042331696
77,80,183,100,202,0.500195324420929,-0.19600403308868408,0.11555381864309311,1.155785083770752,-0.16232672333717346,0.052940163761377335,0.4119729697704315,-0.1983427256345749,-0.12863153219223022,-0.21194013953208923,0.31290295720100403,-0.11100117117166519,-0.1335710734128952,0.5122563242912292,0.8545229434967041,-0.18957144021987915,0.057376641780138016,0.9758457541465759,-0.13193506002426147,0.30885398387908936,0.12071400135755539,0.6639902591705322,0.27118706703186035,0.6010282635688782,0.6705368161201477,0.6471424102783203,0.019946567714214325,-0.10978123545646667,0.2286170870065689,0.5101495385169983,-0.14197199046611786,-0.13408517837524414,-0.12804783880710602,0.447563499212265,-0.12705428898334503,-0.09434613585472107,-0.0787292867898941,0.28178274631500244,0.06542912870645523,0.05954199284315109,0.13916248083114624,0.0009973032865673304,0.2562651038169861,0.6299888491630554,0.11811869591474533,0.12066667526960373,-0.1386556327342987,1.0963151454925537,0.46344417333602905,0.13287101686000824,0.80626380443573,0.8442137241363525,0.3198387920856476,-0.20512720942497253,0.5349667072296143,-0.22509363293647766,0.5874689817428589,0.6063797473907471,1.1379237174987793,-0.2424115389585495,0.10645231604576111,0.051608916372060776,-0.016931692138314247,0.12995417416095734,0.09945014119148254,0.16458691656589508,0.12914949655532837,0.28029894828796387,0.29877957701683044,-0.07188358157873154,0.5203058123588562,-0.13106361031532288,-0.09970050305128098,0.49996089935302734,-0.09147964417934418,-0.03949922323226929,0.40649378299713135,-0.0947934091091156,0.004250038880854845,-0.22526492178440094,0.312184602022171,-0.1407051682472229,-0.26374539732933044,0.27658912539482117,0.4855934679508209,-0.16863597929477692,-0.13491147756576538,-0.20279723405838013,0.38773325085639954,-0.24970398843288422,-0.029434971511363983,0.03373336419463158,0.10733354091644287,-0.14186933636665344,-0.09716147929430008,0.031216144561767578,-0.23255914449691772,0.03684590756893158,-0.2542937099933624,-0.025369754061102867,0.6837724447250366,-0.12205371260643005,0.24922029674053192,0.40897253155708313,0.5436378717422485,0.2090027928352356,0.21461431682109833,0.5332357883453369,-0.1540154367685318,-0.22383706271648407,0.9131762385368347,0.08764219284057617,0.1824474036693573,0.40258610248565674,0.031727682799100876,-0.0037609802093356848,-0.04457256570458412,0.03960774466395378,0.1603161245584488,0.26022401452064514,-0.11166515946388245,0.5310548543930054,-0.07974263280630112,0.872732400894165,-0.05097757652401924,0.059006981551647186,-0.10941502451896667,-0.15350914001464844
78,136,260,151,273,0.10918537527322769,-0.27435067296028137,0.2994747757911682,1.1707189083099365,-0.1949855536222458,-0.25359609723091125,0.5869598984718323,-0.24207846820354462,-0.11208030581474304,-0.14409466087818146,0.5956076383590698,-0.13866452872753143,-0.24379974603652954,0.6109794974327087,0.8338706493377686,-0.19895298779010773,-0.18602780997753143,1.23760986328125,-0.12384257465600967,-0.16362114250659943,-0.10659400373697281,0.4922572076320648,0.16004259884357452,0.6407983303070068,0.6498502492904663,1.0088893175125122,-0.11282247304916382,-0.15660999715328217,0.5065518617630005,0.10923803597688675,-0.20131218433380127,-0.0948629155755043,-0.13958938419818878,0.7025443911552429,-0.2245090752840042,-0.269973486661911,0.10880202054977417,0.08681744337081909,-0.1639249473810196,-0.0844806432723999,0.5475085377693176,0.16532908380031586,0.5101804733276367,0.6908955574035645,-0.2591705918312073,0.6905860900878906,-0.20117034018039703,2.6713650226593018,0.41617950797080994,0.35312357544898987,0.09506770968437195,0.9237348437309265,0.160505473613739,-0.027386149391531944,-0.07973397523164749,-0.2002464085817337,0.6830876469612122,0.212537482380867,0.90361088514328,-0.2270824909210205,0.9531822800636292,-0.08002347499132156,0.018973717465996742,1.1655410528182983,-0.08429333567619324,-0.19178126752376556,-0.22844095528125763,-0.09653440117835999,1.2336519956588745,-0.08643388748168945,0.5986414551734924,0.3943603038787842,-0.22584021091461182,0.206389382481575,-0.1829797625541687,0.15792681276798248,0.9320748448371887,-0.25142404437065125,0.9463694095611572,-0.12014070898294449,-0.03743145987391472,-0.22873230278491974,-0.2559104263782501,0.06780105084180832,0.913600742816925,-0.08110866695642471,-0.12254256010055542,-0.11964605003595352,0.4160447418689728,-0.22700698673725128,-0.22600728273391724,-0.059989094734191895,0.2165352702140808,0.07725170999765396,-0.22768068313598633,0.11318642646074295,-0.16470707952976227,-0.23513664305210114,-0.23516304790973663,-0.12933993339538574,1.5412591695785522,0.0989716649055481,0.5590373277664185,0.5311684608459473,-0.15448547899723053,0.27875757217407227,0.01196068525314331,0.3732855021953583,0.13607443869113922,-0.23545847833156586,0.9996783137321472,0.2246566265821457,0.5218415260314941,1.080005407333374,-0.09416988492012024,0.12573319673538208,0.553524911403656,0.25347965955734253,0.2789470851421356,0.3834742605686188,0.029046982526779175,0.971028745174408,-0.20686103403568268,0.9539361000061035,0.08073889464139938,-0.06770394742488861,0.14115768671035767,-0.060284972190856934
79,148,187,169,210,0.9301623702049255,-0.2040567398071289,0.0491989366710186,1.1444162130355835,-0.20744407176971436,0.0492401085793972,0.549314558506012,-0.2058154195547104,-0.018808389082551003,-0.17583002150058746,0.002062886953353882,0.1140768826007843,-0.038918208330869675,0.2043982595205307,0.8829209804534912,-0.15982367098331451,0.1031656488776207,0.7904369831085205,0.17871512472629547,0.1342262178659439,0.2104993611574173,0.3431394100189209,0.5051453709602356,0.6542423367500305,0.32263651490211487,1.0505127906799316,-0.10974892973899841,-0.18075799942016602,0.3467884957790375,0.9010660648345947,-0.17081455886363983,-0.08122193068265915,-0.12895382940769196,0.564242422580719,-0.15279576182365417,-0.016059638932347298,-0.029495373368263245,0.32737264037132263,0.19049668312072754,-0.004328297916799784,0.5156970024108887,0.04443250969052315,0.06286808103322983,0.5595504641532898,0.12437837570905685,0.3561857044696808,-0.09751016646623611,1.523727536201477,0.22396107017993927,0.21432489156723022,0.5770328640937805,0.9512128829956055,0.7293996810913086,-0.17525725066661835,0.6265695691108704,-0.229333758354187,1.0873051881790161,0.503334641456604,0.9840541481971741,-0.2371232509613037,0.6521756052970886,-0.007185479160398245,0.04830853268504143,0.24344569444656372,-0.011710968799889088,0.0589209608733654,0.2832544147968292,0.19717854261398315,0.45196160674095154,-0.15671031177043915,0.6416223645210266,0.03424355015158653,-0.1368049830198288,0.43025508522987366,-0.18414729833602905,0.09074509143829346,0.8244645595550537,-0.06328833848237991,0.2723647356033325,-0.18651653826236725,0.3287815749645233,-0.19745759665966034,-0.2529553472995758,0.13327664136886597,0.8971589207649231,-0.1759624034166336,-0.18182873725891113,-0.16493451595306396,0.29857397079467773,-0.2400168925523758,0.04185508191585541,-0.01461899746209383,0.46465054154396057,-0.12748554348945618,-0.04015633091330528,0.05130647122859955,-0.21227067708969116,0.049109455198049545,-0.2593475580215454,-0.03968758508563042,0.6480855941772461,0.06381192058324814,0.22539126873016357,0.4123668670654297,1.1206332445144653,0.4628031253814697,0.01812201365828514,0.7752182483673096,-0.05831599235534668,-0.25750845670700073,1.5301498174667358,0.24790620803833008,0.5968254208564758,0.6387577652931213,0.06339747458696365,0.15297506749629974,0.15332172811031342,0.13888958096504211,0.290326327085495,0.12073325365781784,-0.110714852809906,0.5964417457580566,0.04155673086643219,0.8898539543151855,-0.008278262801468372,0.2373928278684616,-0.06445935368537903,-0.1383635252714157
80,230,253,249,274,0.4280236065387726,-0.2673209607601166,0.3818190097808838,1.0930873155593872,-0.2413138896226883,0.547877848148346,0.2835589647293091,-0.2148059606552124,0.255972295999527,-0.2383209466934204,0.448530912399292,-0.2509247064590454,-0.16968826949596405,0.9911924004554749,0.47061243653297424,-0.20561103522777557,-0.19156980514526367,1.94955575466156,-0.20476217567920685,0.013871908187866211,-0.020434945821762085,0.35343900322914124,0.5483916401863098,0.4787862300872803,0.2267875224351883,1.2086317539215088,-0.08907210826873779,-0.18711309134960175,0.6253984570503235,1.1927061080932617,-0.1369040459394455,-0.23040728271007538,-0.2049388736486435,0.16169404983520508,-0.21547888219356537,-0.18923278152942657,-0.02837282605469227,0.7909733653068542,-0.03296254947781563,-0.028044497594237328,0.19684748351573944,-0.02770422399044037,0.2406940460205078,0.9477500915527344,-0.1889284998178482,0.3116476833820343,-0.17117094993591309,1.7678451538085938,0.13734251260757446,0.08199796825647354,0.1943449229001999,0.7526829838752747,0.5638720989227295,-0.24901430308818817,0.4962783753871918,-0.2115430384874344,0.619954526424408,0.27158600091934204,1.3006786108016968,-0.2373443990945816,0.07910940796136856,-0.04386644437909126,-0.011297236196696758,1.2321213483810425,0.5980619788169861,0.27204692363739014,-0.19303755462169647,0.31732049584388733,0.07062087953090668,-0.21522797644138336,0.555289626121521,-0.03160322085022926,-0.08776699751615524,-0.029532218351960182,-0.1785205751657486,0.17646044492721558,0.11375153064727783,-0.24384236335754395,0.12275203317403793,-0.08540546894073486,0.9424435496330261,-0.2257498949766159,-0.2337229996919632,-0.2143011838197708,0.30474767088890076,-0.15020303428173065,-0.21814276278018951,-0.13759081065654755,0.335092693567276,-0.20155493915081024,-0.183705136179924,-0.11300040036439896,-0.09488285332918167,-0.13749924302101135,-0.11343414336442947,-0.06626474857330322,-0.21083541214466095,-0.137551411986351,-0.1477702409029007,0.0063145882450044155,0.4161418378353119,-0.16831333935260773,0.34812167286872864,0.35183513164520264,1.6212140321731567,0.33618244528770447,-0.10641524195671082,0.1378920078277588,-0.059061069041490555,-0.20934605598449707,1.2176417112350464,0.0592096745967865,0.34280356764793396,1.750526785850525,-0.15851126611232758,-0.10739755630493164,0.07296407967805862,-0.13748717308044434,-0.042602311819791794,0.10482112318277359,-0.05531666800379753,0.43953752517700195,0.024610841646790504,0.6464740037918091,-0.10748551040887833,-0.20325739681720734,-0.16939227283000946,-0.14584101736545563
81,199,269,215,285,0.45816245675086975,-0.2400244027376175,-0.05212331563234329,1.177685022354126,-0.24636167287826538,0.25892603397369385,0.5038906931877136,-0.16646701097488403,-0.026308046653866768,-0.21724681556224823,0.14414893090724945,-0.22286356985569,0.0185871385037899,0.3413194715976715,0.9297900795936584,-0.1660282015800476,-0.1750524640083313,0.45067569613456726,-0.10410985350608826,0.30950021743774414,0.08520582318305969,0.6732569336891174,0.2438088059425354,0.6790078282356262,0.2764347791671753,0.5780768394470215,-0.10082320868968964,-0.2043331414461136,0.5570875406265259,0.45707380771636963,-0.20838965475559235,-0.13331672549247742,-0.167255699634552,0.8013836145401001,-0.13118115067481995,-0.12949879467487335,0.010274816304445267,0.13997426629066467,0.09675097465515137,0.08602571487426758,0.2680091857910156,0.1014169380068779,0.4425492286682129,0.5170056223869324,0.17791464924812317,0.3066558837890625,-0.10922557860612869,1.731493592262268,0.42903539538383484,-0.0057961889542639256,0.632296621799469,0.8361024260520935,0.4910000264644623,-0.19007748365402222,0.5187171697616577,-0.2289362996816635,0.6899911761283875,0.8083246946334839,1.1080396175384521,-0.23579798638820648,0.7628223299980164,0.18825456500053406,0.23800474405288696,1.4598420858383179,0.2230938822031021,0.1631694734096527,0.2768939733505249,0.09954629838466644,0.5310889482498169,-0.01391419768333435,1.0028082132339478,-0.0027089500799775124,-0.15901798009872437,0.07156696915626526,-0.10816588252782822,-0.003280672710388899,0.9749020338058472,-0.1690683662891388,0.41662105917930603,-0.13996537029743195,0.30803176760673523,-0.1776256114244461,-0.21540893614292145,-0.12892481684684753,0.56854248046875,-0.163793683052063,-0.2119247019290924,-0.16504889726638794,0.12319973111152649,-0.24831591546535492,-0.03604821488261223,-0.035494036972522736,0.3796692192554474,-0.0862201601266861,-0.0967848002910614,0.06051890179514885,-0.19190159440040588,0.024840733036398888,-0.20555733144283295,-0.10563956201076508,0.7188335061073303,0.019294168800115585,0.1604590117931366,0.23346906900405884,0.5835655927658081,0.9087114334106445,0.024850644171237946,0.019899504259228706,-0.12880095839500427,-0.15253446996212006,1.003398060798645,0.1241309642791748,0.9532914757728577,0.5466582775115967,-0.042624685913324356,0.08592614531517029,0.14140693843364716,-0.0074715944938361645,0.062149278819561005,0.27068912982940674,-0.07205568999052048,0.5623581409454346,-0.06421221047639847,0.7014992237091064,0.0008586670155636966,0.15521274507045746,-0.05451232194900513,-0.1438828855752945
82,533,350,559,384,0.8257667422294617,-0.12099619954824448,0.39125335216522217,1.0816668272018433,-0.1183033213019371,-0.21165893971920013,0.8459091782569885,-0.20063306391239166,-0.1758485585451126,-0.25821205973625183,0.09730631113052368,0.46304357051849365,-0.09900867938995361,0.5330542325973511,0.48273083567619324,-0.16491197049617767,0.09550696611404419,0.6473262906074524,0.5480098724365234,0.062000732868909836,0.2930745780467987,0.02118617855012417,0.9463648796081543,0.08215229213237762,0.11996521800756454,0.5513591170310974,-0.13065806031227112,-0.2330329418182373,0.9144988656044006,0.6874866485595703,-0.22915633022785187,-0.16753871738910675,-0.01702880859375,0.5445113778114319,-0.13508886098861694,0.08096159994602203,-0.19135086238384247,0.5787190794944763,-0.2117694616317749,0.20673023164272308,0.024805916473269463,-0.12904994189739227,0.01666201651096344,1.073581337928772,-0.07238606363534927,0.01811467856168747,-0.11965880542993546,0.7812491059303284,0.32420623302459717,0.8908688426017761,0.4555523097515106,0.38104352355003357,1.1136384010314941,-0.21601705253124237,0.7025203108787537,-0.1386171579360962,0.4618387222290039,0.4190383851528168,0.760774552822113,-0.21972393989562988,0.44414547085762024,0.39604926109313965,-0.09316436201334,0.498969167470932,0.4979306757450104,0.1275327056646347,0.09936776012182236,0.5181061625480652,0.08850347250699997,0.3572305142879486,0.3473888337612152,-0.053844716399908066,0.03806929662823677,0.5933571457862854,-0.21617430448532104,0.007389761973172426,0.5523780584335327,0.19948667287826538,0.003605784149840474,-0.10143116861581802,0.03145395591855049,-0.15860944986343384,-0.2668297290802002,0.2838219106197357,0.2735491991043091,-0.23520652949810028,-0.17932063341140747,-0.19952285289764404,0.5170807242393494,-0.25400397181510925,0.14056208729743958,0.20985348522663116,0.44154444336891174,-0.24867664277553558,0.11897784471511841,-0.13167588412761688,-0.24433554708957672,0.030783934518694878,-0.247995063662529,0.05146248638629913,0.2763465940952301,0.06930447369813919,0.18395109474658966,0.795649528503418,0.8537530303001404,0.36183467507362366,0.1522788256406784,0.4155174195766449,-0.08030010759830475,-0.22065891325473785,0.6435815691947937,-0.08928409218788147,0.6785089373588562,0.1939726024866104,0.44487062096595764,0.06317035853862762,0.9863460659980774,0.10402974486351013,0.01975083537399769,0.17585642635822296,-0.17467503249645233,0.3923192024230957,0.017198285087943077,0.7625108361244202,-0.06788334250450134,0.5355605483055115,0.031090736389160156,-0.19657237827777863
83,272,75,289,89,0.807700514793396,-0.2465141862630844,-0.028692856431007385,1.221208095550537,-0.14540961384773254,0.17891713976860046,0.22223034501075745,-0.16304190456867218,-0.26709574460983276,-0.19010913372039795,0.10744869709014893,0.2573208212852478,-0.08609209209680557,0.03480909764766693,0.41030704975128174,-0.0783008337020874,-0.21391956508159637,0.12045218050479889,-0.17329540848731995,0.008937940001487732,0.05053650215268135,0.6590144634246826,0.14720787107944489,1.610676646232605,-0.1295514851808548,1.097965955734253,-0.1566563844680786,-0.20431110262870789,0.33569350838661194,1.19461989402771,0.18006524443626404,0.03771762549877167,-0.1827656328678131,0.6633711457252502,-0.07308581471443176,-0.1453058123588562,0.13056975603103638,0.07956743240356445,-0.09563747048377991,-0.0040802136063575745,0.2989039123058319,0.1686885505914688,-0.09902093559503555,-0.0446382611989975,0.037008851766586304,0.3327694535255432,-0.25116679072380066,1.2910470962524414,1.03043532371521,0.16143929958343506,0.3620651960372925,0.6965263485908508,0.17564016580581665,-0.15598097443580627,0.025727294385433197,-0.20261961221694946,0.5125430822372437,1.1880090236663818,0.5110174417495728,-0.2529926896095276,0.8272765874862671,0.645077109336853,0.02739296481013298,-0.13027721643447876,0.24260199069976807,0.06801769137382507,-0.20354397594928741,-0.02896583080291748,0.7086137533187866,0.459250271320343,1.1372300386428833,-0.07897359132766724,0.0523500069975853,0.8372141122817993,-0.1982502043247223,-0.05345197021961212,0.38520336151123047,-0.06345141679048538,0.10088908672332764,-0.10725963115692139,0.6094256043434143,-0.19768887758255005,-0.2578998804092407,0.006406664848327637,1.0817866325378418,-0.19431817531585693,-0.10084325075149536,-0.13773804903030396,-0.04825589060783386,-0.23954325914382935,-0.042556993663311005,0.5182334184646606,0.13744792342185974,0.07135289907455444,-0.12730377912521362,0.04676632583141327,-0.2055550515651703,0.025116831064224243,-0.23107828199863434,-0.0483575239777565,0.11703889071941376,0.2503267526626587,0.14362099766731262,0.2866021990776062,1.2638545036315918,0.8233152627944946,0.05320701003074646,0.011917613446712494,-0.27424752712249756,-0.1418951153755188,1.9592487812042236,0.39700865745544434,0.1846846342086792,0.5196626782417297,0.07572216540575027,0.22426682710647583,0.25568991899490356,0.3396117687225342,0.14095470309257507,0.2897466719150543,-0.14005355536937714,0.541562557220459,-0.19941942393779755,0.8910176753997803,0.21073144674301147,-0.13094362616539001,-0.0783369317650795,-0.036861203610897064
84,194,235,210,249,0.5352243185043335,-0.27386870980262756,-0.20087726414203644,1.215993046760559,-0.2172176092863083,0.15478459000587463,0.30421239137649536,-0.23663942515850067,-0.2618708908557892,-0.1509861946105957,0.07808037847280502,-0.15090389549732208,-0.2232469916343689,0.11896809190511703,0.9286327958106995,-0.21412217617034912,-0.19667206704616547,1.0904767513275146,-0.2628227770328522,-0.0577143132686615,0.129333958029747,0.573727548122406,0.10209482908248901,1.575656771659851,0.12495309114456177,1.1853997707366943,0.05855803191661835,-0.24548125267028809,0.0691198781132698,0.9149854779243469,0.10907912254333496,0.22934167087078094,-0.22882193326950073,0.9140354990959167,-0.19432194530963898,-0.018343275412917137,0.260438472032547,0.06809323281049728,0.037000030279159546,-0.036485303193330765,0.6722924113273621,0.25236576795578003,0.17982614040374756,0.36036503314971924,0.24994385242462158,0.6011336445808411,-0.033811524510383606,1.461045265197754,0.40785399079322815,0.06349258869886398,0.9074428677558899,1.2882195711135864,0.22409355640411377,-0.2087150663137436,0.4142705202102661,-0.23010797798633575,1.0638806819915771,0.5728563666343689,1.2139166593551636,-0.20786495506763458,0.43274807929992676,0.13735204935073853,-0.06550773233175278,0.32703498005867004,-0.0029286693315953016,0.04126320034265518,-0.24200893938541412,-0.14761503040790558,0.35434842109680176,-0.1727534681558609,0.6827471852302551,-0.04502124711871147,-0.19336281716823578,0.12165409326553345,-0.15394887328147888,0.05780451372265816,0.42568767070770264,-0.22630555927753448,-0.09771203249692917,-0.16528145968914032,0.33772146701812744,-0.2332850694656372,-0.26362764835357666,-0.2707740068435669,1.355721116065979,-0.16497427225112915,-0.23384349048137665,-0.18876998126506805,-0.03924412652850151,-0.2487361580133438,-0.25531795620918274,-0.01592913828790188,0.13259190320968628,0.14618615806102753,-0.18804483115673065,0.36963579058647156,-0.08543185144662857,-0.14488106966018677,-0.24197602272033691,-0.1797187328338623,1.2276747226715088,0.194998100399971,0.02409322001039982,0.2282610684633255,0.9230015873908997,0.251777321100235,-0.08945921063423157,-0.008120420388877392,-0.24443356692790985,-0.24322068691253662,2.0266196727752686,0.7255511283874512,0.2788105607032776,0.6284763216972351,-0.09317898750305176,0.21625828742980957,0.05689890682697296,0.22477082908153534,0.2632368803024292,-0.023566268384456635,-0.06144416332244873,0.5002551674842834,-0.23042576014995575,0.9032349586486816,0.06953093409538269,-0.1318456381559372,-0.2097046822309494,0.0033586397767066956
85,286,296,307,316,0.799897313117981,-0.2317630648612976,0.0017320745391771197,1.1038179397583008,-0.21407796442508698,-0.19523940980434418,0.6714211106300354,-0.1317661702632904,-0.14231033623218536,-0.21269457042217255,0.11255887150764465,-0.24403116106987,-0.07153588533401489,0.2510269284248352,0.7439442276954651,-0.1392279863357544,0.06535769253969193,0.6874135136604309,0.06291742622852325,0.024088717997074127,0.23871561884880066,0.17019657790660858,0.5830652713775635,0.48239225149154663,-0.09279635548591614,0.15003244578838348,-0.21214424073696136,-0.1972009390592575,0.7322566509246826,-0.019903024658560753,-0.19690461456775665,-0.22315698862075806,-0.13084250688552856,0.898390531539917,-0.12726512551307678,0.041990384459495544,-0.1357753723859787,0.6440089344978333,-0.02165794000029564,-0.04240232706069946,0.3771120011806488,0.026492584496736526,0.04367442801594734,0.37836188077926636,0.14461392164230347,0.2839092016220093,-0.08535004407167435,1.8074177503585815,0.621607780456543,0.7260544896125793,0.3064936399459839,0.16269320249557495,0.9827179312705994,-0.19320148229599,0.2936096787452698,-0.19352340698242188,0.743401050567627,0.9323657155036926,0.770763635635376,-0.226143941283226,1.4341434240341187,0.2877848744392395,0.2609419822692871,0.6523342132568359,0.27450132369995117,-0.03802267089486122,-0.09210605919361115,0.005050175823271275,0.602270245552063,-0.020856013521552086,0.8065449595451355,0.0954752042889595,-0.19687806069850922,0.785691499710083,-0.1556161642074585,-0.13000530004501343,0.7975308299064636,-0.0955938994884491,0.22874948382377625,-0.19646140933036804,-0.05466155707836151,-0.15092220902442932,-0.26152631640434265,-0.11986671388149261,0.7002167105674744,-0.17521245777606964,-0.20724835991859436,-0.1524697095155716,0.7072069644927979,-0.25043806433677673,0.049187447875738144,0.10245635360479355,0.8355123996734619,-0.2145327925682068,-0.08958940953016281,-0.04406004399061203,-0.23227792978286743,0.03828530013561249,-0.24019092321395874,-0.06570444256067276,0.6821095943450928,0.11289787292480469,0.07725324481725693,0.37812790274620056,0.36008647084236145,0.9140521287918091,0.07543865591287613,0.689936101436615,-0.16675157845020294,-0.21931570768356323,1.1259558200836182,0.11773771792650223,0.6584622859954834,0.16160109639167786,0.2628367245197296,0.10033520311117172,0.8902360200881958,0.3315030634403229,0.10661286860704422,0.28486618399620056,-0.13722658157348633,0.8268872499465942,-0.13598962128162384,0.8194374442100525,0.03786191716790199,0.3163779675960541,-0.11755290627479553,-0.18415607511997223
86,215,216,237,234,0.558636486530304,-0.2331211268901825,0.09280876070261002,1.1516350507736206,-0.2045481652021408,-0.17932265996932983,0.6266084909439087,-0.13122612237930298,-0.17081515491008759,-0.21444882452487946,0.2505514919757843,0.3355467915534973,0.006439897697418928,0.42905867099761963,0.6235216856002808,-0.14997436106204987,-0.2285088449716568,1.0927690267562866,0.017409073188900948,0.26938337087631226,0.46545642614364624,-0.006571945268660784,0.9024187922477722,1.0393702983856201,0.3582416772842407,0.9388232827186584,-0.11108330637216568,-0.24267642199993134,0.4689314067363739,1.1403758525848389,-0.1835908591747284,-0.17272406816482544,-0.15435890853405,0.2512044310569763,-0.19937390089035034,0.022368649020791054,-0.0021316607017070055,0.6250946521759033,-0.2161436527967453,0.10432444512844086,0.23283126950263977,0.027817215770483017,0.30514174699783325,1.1227107048034668,0.26002466678619385,0.1394500434398651,-0.12408808618783951,1.4146904945373535,0.07392124086618423,0.4177496135234833,0.667834997177124,0.5038221478462219,0.7868244647979736,-0.22773197293281555,0.18635183572769165,-0.22928421199321747,0.5802070498466492,0.7976425886154175,1.3896201848983765,-0.19014938175678253,0.0325528159737587,0.14880797266960144,0.006613800767809153,0.5240418910980225,0.011376003734767437,0.22160494327545166,-0.15275390446186066,0.22213248908519745,0.25088202953338623,-0.048077598214149475,0.3838394582271576,0.009037083946168423,-0.014650573022663593,0.5401344895362854,-0.1801287829875946,0.39663705229759216,0.19928695261478424,-0.027659697458148003,-0.03407303988933563,-0.15289929509162903,0.4404798746109009,-0.2001032531261444,-0.2577410042285919,0.4005826413631439,0.2178451269865036,-0.1935890018939972,-0.2036854773759842,-0.19006818532943726,0.5733540654182434,-0.25556379556655884,-0.06934516131877899,-0.04023132845759392,0.3066611588001251,0.008567959070205688,-0.11687183380126953,0.10342784225940704,-0.15610188245773315,0.05682460591197014,-0.2347431778907776,-0.04141908884048462,0.9098622798919678,0.26945480704307556,0.28914815187454224,0.3332863450050354,1.2123174667358398,0.21652626991271973,-0.01141407061368227,-0.01390869077295065,0.18506288528442383,-0.23778727650642395,0.6720709204673767,0.3697485327720642,0.011366751044988632,0.6446359157562256,0.08059918880462646,0.09059622883796692,0.2577723264694214,0.4627619981765747,0.12351241707801819,0.05277632921934128,-0.12242378294467926,0.4792364835739136,-0.16328410804271698,0.6163246631622314,0.09503208100795746,0.034854281693696976,-0.1546122133731842,-0.10016080737113953
87,166,262,181,277,0.22864024341106415,-0.24382036924362183,0.06553272157907486,1.286004900932312,-0.2413761466741562,-0.23803921043872833,0.31626227498054504,-0.22985832393169403,-0.1869373768568039,-0.25214511156082153,0.12637226283550262,-0.23583121597766876,-0.21247321367263794,0.9632106423377991,1.049751877784729,-0.24427209794521332,-0.07982271909713745,1.5901193618774414,-0.2239389270544052,-0.13340230286121368,-0.11895395070314407,0.6421414017677307,-0.11380591243505478,0.18133024871349335,0.602254331111908,1.2830321788787842,0.2739189565181732,-0.20007525384426117,0.25767824053764343,0.10613267868757248,-0.0883113369345665,-0.07489903271198273,-0.13101798295974731,0.8448498845100403,-0.12674935162067413,0.02851569652557373,0.3128022253513336,0.13953006267547607,0.5792050361633301,-0.24310730397701263,0.4100009500980377,0.29448264837265015,0.5201422572135925,0.7191292643547058,0.16005854308605194,0.7311343550682068,0.011469870805740356,1.8756366968154907,-0.12077030539512634,-0.17227859795093536,0.4372309744358063,1.0552231073379517,0.04649306833744049,-0.09417030215263367,0.8242856860160828,-0.18770086765289307,0.9568257331848145,0.28852179646492004,1.2959986925125122,-0.25591427087783813,0.039502158761024475,0.051731664687395096,0.21707068383693695,0.5764260292053223,0.23000146448612213,-0.02005668915808201,-0.2312765121459961,0.14802242815494537,0.24588273465633392,-0.2585129141807556,0.4816429615020752,-0.059574395418167114,-0.2770296335220337,0.0012377301463857293,-0.19088037312030792,0.22589409351348877,1.2773255109786987,-0.2500283420085907,0.41786301136016846,-0.15586553514003754,-0.09154846519231796,-0.20415131747722626,-0.25756755471229553,-0.16600076854228973,0.9283595085144043,-0.09457764774560928,-0.18694226443767548,-0.21560706198215485,0.33328258991241455,-0.2155880481004715,-0.19705826044082642,-0.027995392680168152,0.21057625114917755,0.1878425031900406,-0.15107257664203644,0.33064767718315125,0.06676492840051651,-0.1747315376996994,-0.194878950715065,-0.20902888476848602,2.316816568374634,-0.16166068613529205,0.195052370429039,0.08179625868797302,-0.16033494472503662,-0.13397251069545746,0.002884579123929143,-0.17035673558712006,-0.12245912104845047,-0.20327270030975342,1.3230677843093872,0.3888169229030609,0.03273073211312294,0.8521532416343689,-0.16333621740341187,-0.02310383878648281,-0.18832330405712128,-0.09246525913476944,0.15453441441059113,-0.07277306169271469,0.09409896284341812,0.900998592376709,-0.20504815876483917,0.4642297029495239,0.05475250259041786,0.13462339341640472,-0.22116123139858246,-0.05930453538894653
88,383,93,405,112,0.7607607245445251,-0.20781657099723816,-0.1161336600780487,1.1592072248458862,-0.2435981184244156,-0.14909516274929047,0.6212825775146484,-0.1197965145111084,-0.07781091332435608,-0.23367102444171906,0.05033668875694275,-0.09245947748422623,-0.10880853980779648,0.036528754979372025,0.6544836163520813,-0.10111743956804276,0.03439535200595856,0.5560550093650818,0.03172953799366951,0.16545003652572632,0.23434363305568695,0.3677237927913666,0.5479609966278076,0.9078760147094727,0.21107377111911774,0.5498560667037964,-0.10549209266901016,-0.1664065718650818,0.25429651141166687,0.4142756164073944,-0.24606752395629883,-0.026296116411685944,-0.10371781885623932,0.6208963394165039,-0.11242593824863434,0.03828519582748413,-0.10983815789222717,0.2214633971452713,-0.14008280634880066,0.12654933333396912,0.4540611803531647,0.029605213552713394,0.1167856827378273,0.1933651566505432,0.12504005432128906,0.17042814195156097,-0.1861121654510498,1.268784999847412,0.5087149143218994,0.37837308645248413,0.6484017968177795,0.33380818367004395,0.7121643424034119,-0.2106773406267166,0.13126197457313538,-0.14149503409862518,0.6254703998565674,0.8031017780303955,0.8108378648757935,-0.25076496601104736,0.41521868109703064,0.21102368831634521,0.09593917429447174,0.3777961730957031,0.11203331500291824,-0.1913118213415146,0.15483222901821136,0.03275688365101814,0.6492009162902832,-0.0004489421844482422,0.9674791693687439,0.08020082861185074,-0.07815758883953094,0.3137926459312439,-0.1270872950553894,-0.04062841460108757,0.16768807172775269,-0.18977801501750946,-0.050740838050842285,-0.18448419868946075,0.21401816606521606,-0.08974496275186539,-0.2645226716995239,0.15387481451034546,0.5548582673072815,-0.18430273234844208,-0.18776190280914307,-0.17688749730587006,0.4559893012046814,-0.24426725506782532,0.0015287200221791863,0.33690744638442993,0.11920979619026184,-0.19537368416786194,-0.011082395911216736,-0.033718232065439224,-0.24973376095294952,0.08742531388998032,-0.2606458067893982,0.008450431749224663,0.3822437524795532,-0.029634207487106323,0.15573708713054657,0.21412241458892822,0.3745267391204834,0.6679473519325256,0.1961541771888733,0.6575273871421814,-0.15496601164340973,-0.15765336155891418,0.9802860617637634,0.2073555588722229,0.3225717544555664,0.1490054577589035,0.0577629953622818,0.14854639768600464,0.3006923794746399,0.1503610908985138,0.23039759695529938,0.26980382204055786,-0.14886170625686646,0.5434651374816895,-0.04328456521034241,0.8929641246795654,0.014714517630636692,0.1430937498807907,-0.11654356122016907,-0.13419920206069946
89,71,200,95,224,0.8430534601211548,-0.21847233176231384,0.3689889907836914,1.1576402187347412,-0.18804258108139038,-0.14491719007492065,0.6055164337158203,-0.18436652421951294,-0.1967541128396988,-0.2594340741634369,0.4957413673400879,-0.12060300260782242,-0.10729028284549713,0.38877835869789124,0.5777060985565186,-0.17831087112426758,-0.21789699792861938,0.5442001819610596,0.056791409850120544,0.13499371707439423,0.21218739449977875,0.37743690609931946,0.35219138860702515,0.3969414532184601,0.572188138961792,0.6697309017181396,-0.05294055864214897,-0.1339959055185318,0.8334251046180725,0.2911186218261719,-0.21369364857673645,0.04634328559041023,-0.05505785718560219,0.6726892590522766,-0.14575165510177612,-0.045195385813713074,-0.10919179767370224,0.30067968368530273,-0.14279580116271973,0.3144321143627167,0.2419312745332718,0.022187067195773125,0.20620182156562805,1.0153707265853882,0.028345419093966484,0.026615675538778305,-0.16706162691116333,1.2683783769607544,0.6857398748397827,0.44720888137817383,0.5888966917991638,0.4135054647922516,0.564232587814331,-0.16645318269729614,0.45506414771080017,-0.16933652758598328,0.7454158663749695,0.4362567961215973,0.8095201849937439,-0.23661671578884125,0.45290061831474304,0.24270646274089813,-0.030676424503326416,0.28921830654144287,0.08741244673728943,-0.17143647372722626,-0.07266347855329514,0.21957029402256012,0.4588373005390167,0.3033287227153778,0.6092049479484558,0.17139405012130737,-0.17642849683761597,0.3057232201099396,-0.19933724403381348,0.01280890591442585,0.3627500534057617,-0.00938511360436678,0.19202575087547302,-0.2248961627483368,0.10483399778604507,-0.1109997034072876,-0.26924288272857666,0.2554417848587036,0.006021539214998484,-0.19260287284851074,-0.21806591749191284,-0.1865522265434265,0.3131827116012573,-0.2523871958255768,0.1466352343559265,0.061256032437086105,0.30603519082069397,-0.18419936299324036,0.21089591085910797,-0.06168503314256668,-0.24440431594848633,0.08612219989299774,-0.24208177626132965,-0.07307282090187073,0.5374295711517334,-0.053448762744665146,0.6244385242462158,0.5571991801261902,0.32194676995277405,0.4773406982421875,0.18984349071979523,0.3420485556125641,-0.1563175469636917,-0.2408476173877716,0.6025705337524414,0.14835582673549652,0.6481398940086365,0.2683676481246948,0.19084660708904266,0.15255799889564514,0.45564258098602295,-0.01814703829586506,0.31710121035575867,0.19219271838665009,-0.143194779753685,0.4729253351688385,-0.07326396554708481,0.7191265821456909,0.0013275998644530773,0.18520686030387878,0.017125329002738,-0.16733820736408234
90,217,230,237,245,0.3096191883087158,-0.25137725472450256,0.1989022046327591,1.1564379930496216,-0.17614929378032684,-0.16797785460948944,0.8351084589958191,-0.20696400105953217,-0.08064562827348709,-0.17704017460346222,0.48412206768989563,0.4795668125152588,-0.1973510980606079,0.945755660533905,0.9912316203117371,-0.21625973284244537,-0.21971260011196136,1.1501493453979492,0.1603773832321167,-0.06639548391103745,0.05376240611076355,0.42962539196014404,0.36493101716041565,0.03724554181098938,0.6082916259765625,0.4247388541698456,0.1089608445763588,-0.2362775355577469,0.6781583428382874,0.22941064834594727,-0.22043664753437042,-0.24282126128673553,-0.23658119142055511,0.8130537867546082,-0.14414410293102264,-0.22963358461856842,0.003785644890740514,0.03373457491397858,-0.1388436108827591,-0.016932964324951172,0.2248292714357376,0.07652147859334946,0.6892169117927551,0.9809181094169617,0.09430018067359924,0.2947181165218353,-0.09949740022420883,2.4151649475097656,0.20902277529239655,0.21177522838115692,0.2718891501426697,0.7689710259437561,0.26157987117767334,-0.14493250846862793,0.06869060546159744,-0.21672238409519196,0.39273905754089355,0.6283135414123535,1.1631778478622437,-0.18187075853347778,0.5517910122871399,0.10665228217840195,0.12899257242679596,0.8502287864685059,0.1399991661310196,-0.07364286482334137,-0.23729507625102997,0.03201950713992119,0.6485676169395447,-0.19407647848129272,0.5263580679893494,0.09257835149765015,-0.1887853890657425,0.25186052918434143,-0.1273632049560547,0.22640322148799896,0.8423392176628113,-0.18358536064624786,0.7262985110282898,-0.12636657059192657,0.0958322286605835,-0.22209329903125763,-0.2655541002750397,0.38721713423728943,0.5529634356498718,-0.12379920482635498,-0.19411945343017578,-0.19108057022094727,0.20514273643493652,-0.2461627721786499,-0.23624378442764282,-0.1952703446149826,0.5210105180740356,-0.015490631572902203,-0.24000023305416107,0.23421710729599,-0.18095071613788605,-0.18822579085826874,-0.21117715537548065,-0.11566249281167984,1.2748357057571411,-0.10998332500457764,0.38515177369117737,0.3398984968662262,0.40438222885131836,0.18952243030071259,0.0942600667476654,0.5300382971763611,0.21966524422168732,-0.2517172396183014,0.5688140392303467,0.18195050954818726,0.27486154437065125,0.7207396626472473,-0.10065323114395142,0.020567648112773895,0.20010603964328766,0.45304247736930847,0.19092927873134613,0.33225956559181213,-0.058021754026412964,0.746676504611969,-0.12718796730041504,0.5586895942687988,-0.045222848653793335,0.061909690499305725,0.02043861150741577,-0.16392295062541962
91,358,294,378,316,0.6265092492103577,-0.212846577167511,0.6322087049484253,1.14729642868042,-0.16523414850234985,-0.13937227427959442,0.4898349940776825,-0.08609291911125183,-0.17438040673732758,-0.15894657373428345,0.32890960574150085,-0.13300162553787231,-0.15906326472759247,1.110079050064087,0.8100841045379639,-0.1738530397415161,-0.09236642718315125,1.5861907005310059,0.30612605810165405,0.1985623836517334,0.17866423726081848,0.41117435693740845,0.8157581090927124,0.13837657868862152,0.6961729526519775,0.8202300071716309,-0.08055314421653748,-0.16174587607383728,1.1672613620758057,0.754090428352356,-0.1563906967639923,-0.121478371322155,-0.1076594889163971,0.3737106919288635,-0.19826865196228027,-0.13085876405239105,-0.11673443764448166,0.969970166683197,-0.12755122780799866,0.006380789913237095,0.2905311584472656,0.034883204847574234,0.36739853024482727,1.0754131078720093,-0.11933616548776627,0.31433698534965515,-0.18557986617088318,1.5334820747375488,0.16750448942184448,0.5262833833694458,0.7039329409599304,0.4961690902709961,0.7453593015670776,-0.2132921814918518,0.27536335587501526,-0.19098423421382904,0.8397719860076904,0.139158234000206,0.9770699739456177,-0.25466716289520264,0.2539670765399933,0.05341283604502678,-0.0034070180263370275,0.7710362076759338,0.5350639820098877,-0.12051685899496078,-0.24464675784111023,0.3602553606033325,0.2653261423110962,0.07531694322824478,0.4484817683696747,0.3380449712276459,-0.08081968128681183,0.08886986970901489,-0.04339173808693886,0.010385051369667053,0.30236220359802246,0.021010437980294228,0.2402336299419403,-0.12655526399612427,0.42602747678756714,0.0141986645758152,-0.26388317346572876,-0.026936084032058716,0.07214108854532242,-0.1478380560874939,-0.22811108827590942,-0.18911872804164886,0.7010250091552734,-0.2184087634086609,0.4279540777206421,-0.11286388337612152,0.4902626574039459,-0.15627777576446533,0.06339108943939209,-0.13231950998306274,-0.21364562213420868,0.030361082404851913,-0.151987686753273,-0.041282348334789276,0.5056898593902588,-0.06868371367454529,0.5702747106552124,0.5275084376335144,1.4104502201080322,0.24067388474941254,0.6142449975013733,0.7414888739585876,-0.06754717230796814,-0.14398400485515594,0.35685285925865173,0.14216743409633636,0.3905801773071289,0.9462423324584961,0.0898282378911972,0.1194097101688385,0.5044133067131042,0.11694514751434326,0.4687195420265198,0.29300394654273987,-0.10265664011240005,0.5344505310058594,-0.05213958024978638,0.7487943768501282,-0.11286129057407379,-0.15163803100585938,-0.04288240894675255,-0.12919826805591583
92,203,92,219,107,0.8261500000953674,-0.21787309646606445,0.37083548307418823,1.2514028549194336,-0.20544275641441345,0.2114795595407486,0.13996466994285583,-0.2235889732837677,-0.14716069400310516,-0.2348216325044632,0.3378865718841553,0.170920729637146,-0.19325169920921326,1.0673515796661377,0.3486529290676117,-0.20412814617156982,-0.22794395685195923,0.48997563123703003,-0.16438470780849457,-0.05461534485220909,0.23567306995391846,0.3060648739337921,0.16164705157279968,0.11090831458568573,0.291934072971344,1.6646491289138794,-0.019985102117061615,-0.2655544877052307,0.7793961763381958,1.3995740413665771,0.09877976775169373,-0.19529277086257935,0.0012484434992074966,0.406391978263855,-0.12593111395835876,0.05970534682273865,0.05198473855853081,0.419704794883728,0.21312901377677917,-0.10875823348760605,0.41673487424850464,0.18152247369289398,0.11144581437110901,1.0519404411315918,-0.032956212759017944,0.24067102372646332,-0.1506393700838089,1.3100144863128662,0.5744863748550415,0.0938778668642044,0.32582271099090576,0.6911452412605286,0.002595212310552597,-0.103094682097435,0.12324696779251099,-0.1177934929728508,0.572738766670227,0.8372604250907898,0.7655318379402161,-0.25968608260154724,0.4257998466491699,0.31765273213386536,0.049463674426078796,1.2160875797271729,0.4133780896663666,0.25312405824661255,-0.11009658873081207,0.5903129577636719,0.4706425666809082,0.28102925419807434,0.5311262011528015,0.2889903783798218,-0.09457743167877197,0.8500184416770935,-0.1933087259531021,0.1405511349439621,1.0186803340911865,0.4361666142940521,0.549149751663208,-0.13932764530181885,-0.07363510131835938,-0.16146601736545563,-0.2569865882396698,0.0680743157863617,0.16469749808311462,-0.1492442786693573,-0.16646529734134674,-0.1501464694738388,0.1310563087463379,-0.22747498750686646,0.013859609141945839,0.018927209079265594,0.7578151226043701,-0.06798243522644043,-0.09866972267627716,0.1441013514995575,-0.18694037199020386,-0.048623278737068176,-0.21055251359939575,-0.19062766432762146,0.7266308069229126,-0.07417967915534973,0.33139568567276,0.4189700484275818,1.5101238489151,0.32846879959106445,-0.010700397193431854,-0.21346454322338104,0.0038712099194526672,-0.07694198191165924,1.2730764150619507,0.2842496633529663,0.26385703682899475,0.8329829573631287,-0.09887395799160004,0.3270127475261688,0.3394050598144531,0.2722359895706177,0.5148466229438782,0.1332114189863205,-0.1392674744129181,0.48157501220703125,-0.14091718196868896,0.50441575050354,0.12472809106111526,-0.16460736095905304,0.060542911291122437,-0.10307307541370392
93,522,259,563,309,0.7035011649131775,-0.08236870914697647,0.3206034004688263,1.1216942071914673,-0.19693683087825775,-0.19667969644069672,0.4234800338745117,-0.08296317607164383,-0.2095751166343689,-0.18435338139533997,0.05333868786692619,0.35096272826194763,-0.03106750175356865,0.1767970770597458,0.4178526699542999,-0.14538611471652985,-0.08486338704824448,0.04201902076601982,0.4047192335128784,0.0867992639541626,0.21109230816364288,0.20471447706222534,0.7771230340003967,0.1661006063222885,0.1292758733034134,0.3464415967464447,-0.07865210622549057,-0.007014235015958548,0.760754406452179,0.588051438331604,-0.06159542128443718,-0.20560550689697266,-0.06539148092269897,0.3604322075843811,-0.092366062104702,0.0512358658015728,-0.1707453429698944,0.3500366508960724,-0.11131246387958527,0.27421626448631287,-0.09418603032827377,-0.08632394671440125,-0.03873984143137932,0.5907924175262451,0.042952802032232285,-0.0887477919459343,-0.12393157929182053,0.46031638979911804,0.35202503204345703,0.7426364421844482,0.4992942810058594,0.04197295382618904,0.8075692057609558,-0.1677916795015335,0.654194176197052,0.07817503809928894,0.16362929344177246,0.26434198021888733,0.6716698408126831,-0.16568361222743988,0.18294765055179596,0.7560064792633057,-0.10498656332492828,0.054677676409482956,0.3323061764240265,-0.06313981860876083,-0.10215304046869278,0.31817489862442017,0.1962183564901352,0.5880301594734192,0.49541857838630676,-0.042394932359457016,0.08918268233537674,0.4853106439113617,-0.20296935737133026,0.041558872908353806,0.35336896777153015,0.17905090749263763,-0.04962329939007759,-0.015995722264051437,-0.015057072043418884,-0.07972030341625214,-0.2553548216819763,0.29879727959632874,0.12857374548912048,-0.14015425741672516,-0.20215080678462982,-0.2186434417963028,0.3882819712162018,-0.21574093401432037,0.24467118084430695,0.29095447063446045,0.6098631620407104,-0.2628595530986786,0.07049166411161423,-0.15578976273536682,-0.20277772843837738,0.014389953576028347,-0.19876089692115784,0.05122780799865723,0.10184697806835175,0.3602944016456604,0.15535372495651245,0.8251014351844788,0.6226656436920166,0.4018261730670929,0.2562938332557678,0.020225249230861664,-0.06906155496835709,-0.09021715819835663,0.348720908164978,-0.09525112807750702,0.45278891921043396,-0.03913259506225586,0.4560874402523041,-0.015602519735693932,0.8410927057266235,-0.05933387950062752,-0.053435396403074265,0.09776954352855682,-0.16108666360378265,0.336338609457016,-0.06830857694149017,0.5535812973976135,0.023875396698713303,0.30806151032447815,0.036472514271736145,-0.15755166113376617
94,134,191,150,207,0.31469690799713135,-0.2576802670955658,0.17631281912326813,1.171985149383545,-0.20597200095653534,-0.0683419480919838,0.40353453159332275,-0.25557664036750793,-0.1722879409790039,-0.0971434935927391,0.2121179848909378,-0.08967024087905884,-0.2525354325771332,0.6615204215049744,0.9900946617126465,-0.2263549417257309,0.5032317042350769,0.46137452125549316,0.37449225783348083,-0.08330333232879639,-0.05855169892311096,0.5547219514846802,-0.08860693126916885,0.21163438260555267,0.9166648387908936,1.2921838760375977,-0.1255435347557068,-0.15821577608585358,0.24115486443042755,0.4901494085788727,-0.16184790432453156,-0.1473846435546875,-0.10394781082868576,0.5220412611961365,-0.1404038667678833,-0.11717569082975388,0.04192133620381355,-0.0007043431396596134,0.24127162992954254,-0.19030703604221344,0.3126056492328644,0.11984249204397202,0.6519530415534973,0.8871360421180725,0.13529135286808014,0.2794351875782013,-0.12214106321334839,1.8856124877929688,0.23212122917175293,-0.1973094940185547,0.662566602230072,1.0487810373306274,-0.017959827557206154,-0.11869142204523087,0.4263153076171875,-0.2674001455307007,1.1004365682601929,0.7000923156738281,1.3709030151367188,-0.20624113082885742,0.4187496602535248,-0.03612865135073662,0.11335776001214981,0.777076005935669,-0.13826735317707062,-0.04688248410820961,0.09038636088371277,0.30037251114845276,0.09901970624923706,-0.1334189921617508,0.44950589537620544,0.043061960488557816,-0.24590341746807098,0.3645389974117279,-0.10655414313077927,0.07969126850366592,0.822324812412262,-0.17463742196559906,0.5711027979850769,-0.17626704275608063,0.06285441666841507,-0.22165127098560333,-0.24173910915851593,0.16299761831760406,0.5197142958641052,-0.13432611525058746,-0.14435668289661407,-0.1849685162305832,-0.013765312731266022,-0.2308739423751831,-0.15974317491054535,-0.15729999542236328,0.3610643148422241,-0.05019969865679741,-0.13201767206192017,0.24242012202739716,-0.17847955226898193,0.24325495958328247,-0.23519892990589142,-0.08824259042739868,1.041959285736084,-0.23826831579208374,0.4049731194972992,0.26764100790023804,0.3747100830078125,0.19267822802066803,-0.09076648950576782,0.7983341217041016,0.21419303119182587,-0.18006092309951782,0.7507650852203369,0.27944472432136536,0.40503981709480286,0.3389199674129486,0.0035180773120373487,0.10036063939332962,-0.05779699608683586,-0.015406261198222637,0.14102359116077423,0.07725394517183304,-0.06948675960302353,0.70066899061203,0.17896775901317596,0.7255673408508301,-0.07872635871171951,0.280030757188797,-0.05115992948412895,-0.1493433266878128
95,241,273,255,287,0.40951627492904663,-0.26906725764274597,-0.07180579006671906,1.2998449802398682,-0.17723049223423004,-0.020072683691978455,-0.054875489324331284,-0.22676175832748413,-0.22769403457641602,-0.13091669976711273,0.27482327818870544,-0.20996840298175812,-0.23841124773025513,0.33578354120254517,0.9790654182434082,-0.23253479599952698,-0.1161469891667366,-0.13341671228408813,-0.20917990803718567,-0.22255060076713562,-0.07413013279438019,0.9861826300621033,-0.09585794806480408,0.45316046476364136,-0.20193934440612793,0.3995029926300049,-0.25884243845939636,-0.26252955198287964,0.5984549522399902,-0.23716410994529724,-0.18797633051872253,-0.1797996163368225,-0.24844470620155334,0.7648090720176697,-0.09421561658382416,-0.07071830332279205,0.34093549847602844,-0.207857146859169,0.732035219669342,-0.13841095566749573,0.8178859949111938,0.6036086082458496,0.1847098469734192,0.03395332396030426,-0.15335795283317566,0.7515652179718018,-0.08017107099294662,2.983916759490967,1.200356125831604,0.06157892942428589,-0.18686337769031525,0.6945021152496338,0.37627023458480835,0.10223608464002609,0.15503013134002686,-0.1938435137271881,0.5385337471961975,0.9258338212966919,-0.02084917575120926,-0.20134487748146057,1.108184814453125,-0.21994329988956451,0.2918005585670471,1.1043468713760376,0.21953363716602325,-0.21301013231277466,-0.24139949679374695,-0.03912945091724396,2.185499429702759,-0.18710944056510925,0.9188659191131592,0.5594149231910706,-0.27431273460388184,0.2947095036506653,-0.24922963976860046,-0.1586264967918396,2.9926400184631348,-0.18246549367904663,1.6955126523971558,-0.12142238020896912,-0.0843687579035759,-0.15765030682086945,-0.23477129638195038,-0.23288577795028687,1.9008570909500122,-0.020386269316077232,-0.09539862722158432,-0.1644323170185089,-0.08741380274295807,-0.2398129403591156,-0.20444683730602264,0.3704026937484741,1.413408637046814,0.21301662921905518,-0.24497424066066742,0.20504093170166016,-0.12785282731056213,-0.23105572164058685,-0.17268171906471252,-0.25412142276763916,0.9683808088302612,-0.18172915279865265,-0.018623940646648407,0.4161139726638794,-0.05486436188220978,1.1683754920959473,-0.20476672053337097,0.23215389251708984,-0.12496377527713776,-0.18020854890346527,3.396528959274292,0.3954410254955292,0.6240416765213013,0.823879063129425,-0.22532415390014648,0.2780227065086365,0.15599870681762695,0.2664928436279297,0.17642579972743988,0.667974591255188,0.07079339772462845,1.330885410308838,-0.22243911027908325,0.4492640495300293,0.3547475337982178,0.04916483163833618,0.05516567826271057,-0.14765658974647522
96,212,272,225,285,0.04642976075410843,-0.24114464223384857,0.6198228001594543,1.2188048362731934,-0.22315695881843567,-0.2525565028190613,0.6890680193901062,-0.19173741340637207,-0.2618947923183441,-0.18433456122875214,0.31110674142837524,-0.14096568524837494,-0.14842888712882996,1.7342193126678467,0.6748954653739929,-0.2457655370235443,-0.11278755217790604,1.5619375705718994,-0.06963540613651276,-0.11873458325862885,-0.22879672050476074,0.25075027346611023,0.5394375920295715,0.05014693737030029,0.48080530762672424,0.29773640632629395,-0.2514798641204834,-0.26235833764076233,1.0764660835266113,0.59171462059021,-0.13202515244483948,-0.23287338018417358,-0.2297355830669403,0.9030941724777222,-0.21679192781448364,-0.21617859601974487,0.026799412444233894,1.344139575958252,-0.2695762515068054,-0.19424477219581604,0.40925613045692444,0.2114769071340561,0.9484305381774902,0.87497878074646,-0.19981947541236877,1.0558879375457764,-0.19677898287773132,3.606461763381958,0.5879061222076416,0.24202942848205566,-0.13748666644096375,-0.1825202852487564,1.2263267040252686,-0.22751270234584808,0.024648837745189667,-0.15318922698497772,0.8764978647232056,0.49281981587409973,1.5701276063919067,-0.20749303698539734,1.179067850112915,-0.011015377938747406,0.9658424854278564,4.317877769470215,1.4255841970443726,-0.0966840535402298,-0.11388031393289566,0.2855193018913269,0.056721918284893036,-0.2533804178237915,1.4515867233276367,0.33971577882766724,-0.17783215641975403,0.17723369598388672,-0.10659963637590408,0.12378847599029541,-0.05901775509119034,-0.13593721389770508,0.21066933870315552,-0.12285541743040085,0.026430301368236542,-0.14678312838077545,-0.18193772435188293,-0.13912734389305115,-0.16562609374523163,-0.05026084929704666,-0.13651105761528015,-0.10521703958511353,1.0502219200134277,-0.2559746503829956,-0.12042351067066193,0.008728332817554474,-0.03085685521364212,0.030035492032766342,-0.14353936910629272,-0.08484135568141937,-0.1554955542087555,-0.1918855607509613,-0.0014250269159674644,-0.19947019219398499,0.27695292234420776,0.05853801965713501,0.12015431374311447,0.3102630376815796,1.441904067993164,1.6215040683746338,-0.08518818020820618,0.10484500229358673,0.12305624783039093,-0.09306702017784119,-0.18431732058525085,0.13723613321781158,1.8909958600997925,0.9193912744522095,-0.1618160605430603,0.14074558019638062,0.6830328702926636,0.6710832118988037,0.05593714118003845,0.07024963200092316,-0.08564373850822449,0.6383188962936401,-0.1779673993587494,0.42714735865592957,-0.07983927428722382,-0.21872840821743011,-0.17641617357730865,-0.12095016241073608
97,376,313,411,344,0.47549062967300415,-0.19071155786514282,0.2170865535736084,1.1678909063339233,-0.21381814777851105,-0.21927900612354279,0.4128497242927551,0.02813117578625679,-0.22963568568229675,-0.15984073281288147,0.19080506265163422,0.22018194198608398,-0.02504563331604004,0.627252995967865,0.6145302057266235,-0.1077505499124527,-0.09829558432102203,0.4624877870082855,0.3824610114097595,0.22241458296775818,0.13129958510398865,0.44913530349731445,0.465424120426178,0.5483763813972473,0.3952096104621887,0.22503411769866943,0.049646325409412384,-0.037452854216098785,0.74503493309021,0.14657118916511536,-0.21627047657966614,-0.11352463066577911,-0.0968795120716095,0.7445577383041382,-0.1050160750746727,-0.01994173601269722,-0.16670118272304535,0.31877246499061584,-0.2451455146074295,0.4369167387485504,0.016393113881349564,-0.010991690680384636,0.5636156797409058,0.41865500807762146,0.12055323272943497,-0.021664168685674667,-0.18399867415428162,0.9419445991516113,0.789795994758606,0.39486750960350037,0.7186070680618286,0.18530167639255524,0.40840640664100647,-0.21007280051708221,-0.05380136892199516,-0.0733281597495079,0.1764264553785324,0.3521355092525482,0.5215620994567871,-0.08815166354179382,0.3129604756832123,0.45305806398391724,-0.06933221966028214,0.17436163127422333,0.43110889196395874,-0.20282304286956787,-0.1577472984790802,0.1703026294708252,0.7679756879806519,0.5394981503486633,0.8043987154960632,0.2181747853755951,0.028963368386030197,0.39157867431640625,-0.14599855244159698,0.001122714253142476,0.18106305599212646,-0.03385911136865616,0.11781176179647446,-0.2285912036895752,0.1348796784877777,0.1252691000699997,-0.2311219722032547,0.22608771920204163,0.13522867858409882,-0.1783725917339325,-0.19914111495018005,-0.22420521080493927,0.3865278661251068,-0.18940629065036774,0.5985552072525024,0.17655864357948303,0.2202952653169632,-0.24253174662590027,-0.09100248664617538,-0.1410250961780548,-0.23797552287578583,-0.007222569081932306,-0.09875823557376862,-0.022070061415433884,0.26695650815963745,0.20967832207679749,0.366612046957016,0.28111663460731506,0.32552120089530945,0.5728127360343933,0.7520359754562378,0.39035406708717346,-0.1300201416015625,-0.0705365389585495,0.36281412839889526,-0.04474912956357002,0.10021865367889404,0.11124304682016373,0.2533704936504364,0.03596050664782524,0.693366527557373,0.22026768326759338,0.14728030562400818,0.22436277568340302,-0.14493313431739807,0.4611220359802246,-0.11456727981567383,0.6496809124946594,0.021459663286805153,0.21259263157844543,0.04651601240038872,-0.10366182029247284
98,114,294,131,310,0.8109795451164246,-0.22594287991523743,-0.02165115624666214,1.163460373878479,-0.21925602853298187,-0.024886084720492363,0.7118232250213623,-0.21348124742507935,-0.13191145658493042,-0.14114640653133392,0.06746329367160797,-0.12569795548915863,-0.15009884536266327,0.28608906269073486,1.0047187805175781,-0.20536629855632782,-0.24757660925388336,1.947124719619751,-0.07911467552185059,0.034801971167325974,0.042500536888837814,0.34069645404815674,0.6050307154655457,0.7995867133140564,0.19147025048732758,0.9533371329307556,0.021902937442064285,-0.13086539506912231,0.5332236886024475,0.2535460889339447,0.021886935457587242,0.07173331826925278,-0.18145479261875153,1.1860523223876953,-0.1562729775905609,0.1911512017250061,0.1277455985546112,0.6349170804023743,0.44807106256484985,-0.07636331766843796,0.7886992692947388,0.14714555442333221,0.11181158572435379,0.6643232107162476,0.31325483322143555,0.8948538303375244,0.14024527370929718,2.0906143188476562,0.14641577005386353,0.2055305391550064,0.5650991797447205,1.15818452835083,0.8897770643234253,-0.12133455276489258,0.5127464532852173,-0.2014184594154358,1.1484906673431396,0.2132408320903778,1.0560493469238281,-0.24194534122943878,0.15757842361927032,0.10968191176652908,0.04750518873333931,0.46218517422676086,0.1349489837884903,-0.2121766209602356,-0.0899108275771141,-0.09216003119945526,0.7329451441764832,-0.21038831770420074,0.8068243265151978,0.16406621038913727,-0.21973103284835815,0.3226259648799896,-0.17879527807235718,0.026653436943888664,1.2828583717346191,-0.003554397262632847,0.286112904548645,-0.17232434451580048,-0.06464981287717819,-0.18585239350795746,-0.25684696435928345,-0.002931958995759487,1.378798484802246,-0.1152188628911972,-0.19834107160568237,-0.1968085765838623,0.7223126888275146,-0.24633720517158508,-0.01060725562274456,-0.07270920276641846,0.7761886715888977,0.027911163866519928,-0.14849121868610382,0.16377899050712585,-0.10382825136184692,-0.06964286416769028,-0.25211870670318604,-0.11777811497449875,1.41756272315979,0.11701779812574387,0.21585668623447418,0.5033282041549683,0.7713927030563354,0.23792621493339539,-0.025220509618520737,0.4746153652667999,-0.1386149823665619,-0.2190224975347519,1.937672734260559,0.36836740374565125,0.48055559396743774,0.65003502368927,0.00541722122579813,0.19838741421699524,0.026997320353984833,0.2988630533218384,0.19303548336029053,0.15731802582740784,-0.039295077323913574,0.9109784364700317,-0.19230160117149353,0.7041140198707581,0.027822842821478844,0.43247926235198975,-0.013242410495877266,-0.10731497406959534
99,209,283,224,296,0.5792399048805237,-0.21770139038562775,0.2796505391597748,1.229203224182129,-0.23616111278533936,-0.2161736935377121,0.8285790085792542,-0.20262153446674347,-0.22814024984836578,-0.15660016238689423,0.08667373657226562,-0.1857699304819107,-0.1885576993227005,0.8155391216278076,1.430245280265808,-0.204781174659729,-0.18540729582309723,0.5086814761161804,0.055372465401887894,-0.06817562133073807,-0.03235604241490364,0.8776822090148926,0.16448716819286346,0.16363154351711273,-0.09555813670158386,0.3584055006504059,-0.18890611827373505,-0.2568242847919464,1.2551742792129517,0.06978043913841248,-0.11796849220991135,-0.16549387574195862,-0.18507981300354004,0.8682577610015869,-0.08142327517271042,-0.10274476557970047,0.10221559554338455,0.23721615970134735,0.0023745198268443346,-0.05034816637635231,0.6307018399238586,0.30630719661712646,0.5935353636741638,0.26571372151374817,-0.050794053822755814,0.6523250937461853,-0.06626418232917786,2.897158622741699,0.14332716166973114,-0.0764666274189949,-0.07312467694282532,0.8231868743896484,0.2344154566526413,-0.06990259140729904,0.1894207000732422,-0.2195379137992859,0.9998709559440613,0.3892161548137665,0.6338112950325012,-0.21819782257080078,0.9793155789375305,-0.04146644100546837,0.49604663252830505,2.2735941410064697,0.7073048949241638,-0.21756984293460846,-0.14817261695861816,-0.04918685555458069,1.354421615600586,-0.09651843458414078,1.2114486694335938,0.4959690570831299,-0.18108884990215302,0.16582997143268585,-0.145547553896904,-0.06682105362415314,2.0460121631622314,-0.02662450633943081,1.370163917541504,-0.1336563378572464,-0.15178509056568146,-0.1678723245859146,-0.2075582891702652,-0.23336434364318848,0.7166900634765625,-0.06621105968952179,-0.16086462140083313,-0.2133968323469162,0.2808351218700409,-0.23463092744350433,-0.08221156150102615,-0.18330766260623932,0.9092680811882019,0.006134308874607086,-0.09839876741170883,0.07267829775810242,-0.11398684978485107,-0.08933635801076889,-0.16064253449440002,-0.20401835441589355,1.2822747230529785,0.07566458731889725,0.04904979467391968,0.38668835163116455,0.27686017751693726,0.6227948069572449,-0.10425359755754471,0.11987952142953873,0.07224132865667343,-0.1861427277326584,1.8018735647201538,0.25849077105522156,0.8120541572570801,1.0754936933517456,-0.18710416555404663,0.21301601827144623,0.21535904705524445,0.013162214308977127,0.2203638106584549,0.38369882106781006,0.010667894966900349,1.1207200288772583,-0.13631926476955414,0.4184657633304596,0.13166625797748566,0.05338399484753609,0.17143690586090088,-0.1281813681125641
100,189,224,209,240,0.5001366138458252,-0.23557063937187195,-0.08134179562330246,1.1532025337219238,-0.23407109081745148,0.01753486506640911,0.4694993793964386,-0.19859276711940765,-0.06941954046487808,-0.12848274409770966,0.1181185245513916,-0.1715574860572815,-0.1997455656528473,0.09257831424474716,0.7882300019264221,-0.19989050924777985,-0.21372634172439575,0.7427940368652344,-0.1674777716398239,-0.11539188027381897,0.11602868139743805,0.30826616287231445,0.43321487307548523,1.1960527896881104,0.016491612419486046,0.9390833377838135,-0.10805029422044754,-0.24137067794799805,0.31440210342407227,0.7402312755584717,0.015523414127528667,0.10414104163646698,-0.21465301513671875,0.698291540145874,-0.18655501306056976,-0.0740152895450592,0.1308077573776245,0.4510582685470581,-0.04552408307790756,-0.13081860542297363,0.5877781510353088,0.17032122611999512,0.05102093890309334,0.24323394894599915,0.15149933099746704,0.5968462228775024,0.020472079515457153,1.8413033485412598,0.22494247555732727,0.2484034150838852,0.48928895592689514,0.8767922520637512,0.5808524489402771,-0.21239714324474335,0.3458837568759918,-0.11912734061479568,0.8465637564659119,0.401997834444046,1.081812858581543,-0.2371406853199005,0.5649217963218689,0.032966919243335724,0.030849702656269073,0.29059505462646484,0.09026440978050232,-0.051145654171705246,-0.22153620421886444,-0.01639040932059288,0.39788511395454407,-0.1824033558368683,0.6992512941360474,0.030651360750198364,-0.18289536237716675,0.2152966856956482,-0.13768070936203003,0.009886675514280796,0.5077146291732788,-0.22071482241153717,-0.004603107925504446,-0.18967914581298828,0.3023506999015808,-0.19602346420288086,-0.2559864819049835,-0.22653335332870483,1.2009694576263428,-0.16675305366516113,-0.24497482180595398,-0.17384225130081177,0.3914605975151062,-0.25138625502586365,-0.19713503122329712,-0.012924019247293472,0.3686405420303345,0.04038769751787186,-0.19645872712135315,0.21123602986335754,-0.12095452845096588,-0.14876991510391235,-0.2479129135608673,-0.06696680188179016,0.9580925703048706,0.1353251338005066,-0.037672922015190125,0.35038334131240845,0.8350018858909607,0.3567928075790405,-0.08091031014919281,0.3145654797554016,-0.18502525985240936,-0.2383982390165329,1.5540108680725098,0.5583820343017578,0.18897193670272827,0.6792198419570923,-0.018224218860268593,0.1268792450428009,0.28047508001327515,0.1354563981294632,0.15840190649032593,0.14360886812210083,-0.057703178375959396,0.6480005979537964,-0.19318252801895142,0.7655220031738281,0.04891214147210121,0.005483183544129133,-0.13285785913467407,-0.04865218698978424
101,346,117,364,133,0.604223906993866,-0.268759161233902,-0.09874309599399567,1.1847784519195557,-0.2396048903465271,-0.19671261310577393,0.4302525222301483,-0.18600089848041534,-0.2314634919166565,-0.21876876056194305,0.0016193290939554572,-0.24608346819877625,-0.09559653699398041,0.18701989948749542,0.8376306891441345,-0.1784772127866745,-0.14389704167842865,1.2788026332855225,-0.1413755714893341,0.0426020622253418,0.20670977234840393,0.21328626573085785,0.35308101773262024,1.1298762559890747,0.08214440941810608,1.1508110761642456,-0.12907090783119202,-0.21507255733013153,0.27004021406173706,0.9318549633026123,0.030990613624453545,-0.07919500768184662,-0.12148596346378326,0.42596352100372314,-0.1485792100429535,-0.0879870280623436,0.12543143332004547,0.8033691048622131,0.21535076200962067,0.1000094786286354,0.475521981716156,0.13615742325782776,0.3945051431655884,0.6257162094116211,0.14877104759216309,0.3920957148075104,0.009174181148409843,1.5148568153381348,0.012738876976072788,0.04533030837774277,0.762302815914154,0.4693884253501892,0.46475929021835327,-0.1693303883075714,0.5199538469314575,-0.21602684259414673,1.2273156642913818,0.879011869430542,1.2238802909851074,-0.24072061479091644,0.29649707674980164,0.18982864916324615,0.20020420849323273,0.5156710147857666,0.11954895406961441,0.03471265733242035,0.0010145107517018914,0.2643722593784332,0.22672155499458313,-0.11386760324239731,0.5510581731796265,-0.064304418861866,-0.14083939790725708,0.2851928472518921,-0.19523662328720093,0.2787243127822876,0.48283734917640686,0.017052147537469864,0.3000272810459137,-0.1438150852918625,0.34675270318984985,-0.2188524454832077,-0.25831982493400574,-0.013242214918136597,0.5422950983047485,-0.15738219022750854,-0.17644241452217102,-0.15284234285354614,0.6672507524490356,-0.19752663373947144,-0.1484268754720688,-0.058491986244916916,0.2831316590309143,0.05702510103583336,0.13841703534126282,0.18784990906715393,-0.14814230799674988,-0.08628442138433456,-0.25256943702697754,-0.08426482230424881,1.288970947265625,0.3118952810764313,0.0979418084025383,0.4526849389076233,0.9049805402755737,0.15114136040210724,-0.07788883149623871,0.07446391880512238,0.02419651858508587,-0.1564522087574005,1.3174993991851807,0.49832719564437866,0.32977432012557983,0.6730325222015381,0.011761173605918884,0.21569795906543732,0.049018070101737976,0.17877714335918427,0.09987054020166397,0.01407681591808796,-0.07920005917549133,0.5338859558105469,-0.099464051425457,0.5900589227676392,0.1004270687699318,0.14922618865966797,-0.18129277229309082,-0.07943473756313324
102,241,84,256,98,0.938173770904541,-0.2717183828353882,-0.14832045137882233,1.2484569549560547,-0.23302268981933594,-0.15805929899215698,0.6402268409729004,-0.11181031912565231,-0.10941150039434433,-0.18716806173324585,0.16509030759334564,-0.2139790803194046,-0.13648518919944763,0.5939903855323792,0.6516631841659546,-0.15045537054538727,-0.2341691553592682,1.3461681604385376,-0.2610682249069214,0.5656765103340149,0.23460796475410461,0.855945348739624,0.6582959890365601,0.9452942609786987,0.19041690230369568,0.4253557026386261,-0.18342213332653046,-0.25639307498931885,0.371498167514801,0.8095919489860535,-0.09828358888626099,-0.22171157598495483,-0.24710501730442047,0.7554033398628235,-0.12225311994552612,-0.08816137164831161,0.07267230749130249,1.2297168970108032,0.13958123326301575,0.14427661895751953,0.34357166290283203,0.11649464815855026,0.07024073600769043,0.2737416923046112,-0.09379023313522339,0.46565181016921997,-0.19766971468925476,1.2248729467391968,0.44036948680877686,0.17821437120437622,0.5820778608322144,0.22218522429466248,0.9123905301094055,-0.2171478569507599,0.22803738713264465,-0.16480708122253418,0.5076050758361816,1.1363003253936768,0.7651958465576172,-0.22600434720516205,0.03587255999445915,0.301075279712677,0.019420772790908813,1.1025829315185547,0.3437550663948059,-0.12768320739269257,-0.09166650474071503,0.34424301981925964,1.058551549911499,-0.019363537430763245,0.9354919791221619,0.014557205140590668,0.23962023854255676,0.5207273960113525,-0.15170516073703766,0.11089394986629486,1.067096471786499,0.29976195096969604,0.25900477170944214,-0.043968189507722855,0.19977562129497528,-0.10904179513454437,-0.1768052726984024,0.019251614809036255,1.0007046461105347,-0.12777644395828247,-0.17269161343574524,-0.1372971534729004,0.9292532801628113,-0.22711744904518127,0.2614680528640747,0.45066627860069275,0.5318331122398376,-0.030321776866912842,-0.21166139841079712,0.13946092128753662,-0.24466904997825623,-0.2524903416633606,-0.1943962424993515,-0.10481348633766174,0.40910255908966064,0.7100930213928223,0.08436433970928192,0.24987396597862244,1.9983782768249512,0.757636547088623,0.05341099202632904,-0.06075511500239372,-0.07875578105449677,-0.0070992931723594666,2.072068691253662,0.20694635808467865,0.25417184829711914,0.6713712811470032,-0.12142342329025269,0.3345145285129547,0.43355119228363037,0.9426531791687012,0.12441860139369965,0.3792138695716858,-0.13676884770393372,0.6596972346305847,-0.24073806405067444,0.6963425278663635,0.1351117342710495,-0.15076526999473572,-0.136090487241745,-0.1002461165189743
103,356,108,377,128,0.5180564522743225,-0.26683542132377625,-0.12176309525966644,1.1735831499099731,-0.22141510248184204,-0.23668581247329712,0.49037012457847595,-0.2010701596736908,-0.08697725832462311,-0.1462211310863495,-0.02924104779958725,-0.18781979382038116,-0.14032898843288422,0.08258480578660965,1.03606116771698,-0.149770125746727,-0.21695587038993835,1.091956615447998,-0.04886038601398468,0.09620758891105652,0.314179927110672,0.21852321922779083,0.506209135055542,1.247010350227356,0.20484310388565063,0.8367268443107605,-0.13432928919792175,-0.2096722275018692,0.4106143116950989,0.49694007635116577,-0.1253136694431305,-0.031387653201818466,-0.1619338095188141,0.6502190828323364,-0.16949160397052765,-0.09679252654314041,0.049563586711883545,0.5391826033592224,0.0815381109714508,0.1392739862203598,0.6461248397827148,0.11953944712877274,0.3295386731624603,0.44510236382484436,0.15096037089824677,0.4719858765602112,-0.06884299218654633,1.702292799949646,0.3968777358531952,0.3859816789627075,0.7205781936645508,0.7748403549194336,0.43577486276626587,-0.16492289304733276,0.13812261819839478,-0.2385006546974182,1.1031252145767212,0.791094183921814,0.8607832789421082,-0.24457716941833496,0.44913896918296814,0.11014307290315628,0.09783507883548737,0.5323436856269836,-0.08228649944067001,-0.002812027931213379,-0.17964114248752594,0.0915384590625763,1.0841572284698486,0.05195850878953934,0.589280903339386,0.13901978731155396,-0.1473061442375183,0.23217317461967468,-0.16993194818496704,0.18651050329208374,0.6575636267662048,-0.1611497849225998,0.3029082119464874,-0.15924504399299622,0.05636068806052208,-0.1955389827489853,-0.2474190592765808,-0.19880782067775726,0.8902653455734253,-0.14358757436275482,-0.19102199375629425,-0.18431313335895538,0.3889137804508209,-0.24781642854213715,-0.11208029836416245,0.0010033465223386884,0.6253915429115295,-0.028985917568206787,-0.18224488198757172,0.15029959380626678,-0.18239252269268036,-0.1354099065065384,-0.2583324611186981,-0.09904150664806366,1.2447080612182617,0.1759801208972931,0.16243872046470642,0.454147070646286,0.5266163349151611,0.34668004512786865,0.1840425729751587,0.49560701847076416,0.014819161966443062,-0.08712543547153473,1.259895920753479,0.32171836495399475,0.18217140436172485,0.6367356777191162,-0.03536484017968178,0.2250838577747345,0.2589269280433655,0.42543700337409973,0.22709687054157257,0.2478439211845398,-0.08500118553638458,0.7415891289710999,-0.12310469150543213,0.7941559553146362,0.17985181510448456,0.02101997472345829,-0.1319545954465866,-0.07398739457130432
104,350,122,367,141,0.6421625018119812,-0.23636393249034882,-0.16180481016635895,1.2243434190750122,-0.23847831785678864,-0.19958250224590302,0.4743877351284027,-0.2242608517408371,-0.17383672297000885,-0.20795315504074097,0.1563541442155838,-0.23051635921001434,-0.12192528694868088,-0.08927878737449646,0.8688483238220215,-0.2374129295349121,-0.17160578072071075,1.0397517681121826,-0.14873088896274567,-0.03473552688956261,0.17010867595672607,0.32654857635498047,0.5230045914649963,1.2153085470199585,-0.0022913317661732435,0.8958179950714111,-0.09538096189498901,-0.11433059722185135,0.31533947587013245,1.0777817964553833,0.09725749492645264,-0.0029709141235798597,-0.14791612327098846,0.6096040606498718,-0.10230650752782822,-0.0649578645825386,0.21670646965503693,0.8402522206306458,0.4056229591369629,-0.03166148066520691,0.6121092438697815,0.2218349128961563,0.17216551303863525,0.4234100878238678,0.15105436742305756,0.6835176944732666,0.059153273701667786,2.019615888595581,0.108185313642025,0.27781179547309875,0.4802371561527252,0.41012677550315857,0.7900328636169434,-0.10171409696340561,0.632514476776123,-0.2046499401330948,1.3049557209014893,0.783450186252594,1.197126865386963,-0.23713307082653046,0.5597499012947083,0.13499869406223297,0.30188047885894775,0.1364714354276657,-0.043150585144758224,-0.06382418423891068,-0.09066790342330933,-0.0033506453037261963,0.43180808424949646,-0.11492309719324112,0.4623478353023529,-0.05225029215216637,-0.17286621034145355,0.35285505652427673,-0.2520608603954315,0.17184334993362427,0.6426482796669006,0.18879367411136627,0.5881080031394958,-0.19133834540843964,0.39777955412864685,-0.2104601413011551,-0.25573480129241943,0.04488012194633484,0.8421700596809387,-0.15209315717220306,-0.19664986431598663,-0.14543719589710236,0.8008177876472473,-0.24871690571308136,-0.11675435304641724,0.019069937989115715,0.41662168502807617,0.14622600376605988,-0.0481802336871624,0.20763874053955078,-0.07656385749578476,-0.07369282096624374,-0.26378801465034485,-0.11367133259773254,1.1075547933578491,0.26549023389816284,0.12425386905670166,0.6602827906608582,1.3228965997695923,0.21121621131896973,-0.05032495781779289,-0.07043826580047607,-0.1503353863954544,-0.23806214332580566,1.4571436643600464,0.6502881050109863,0.6251395344734192,0.8367570042610168,-0.07363861799240112,0.33676353096961975,0.05454345420002937,0.21789395809173584,0.11738309264183044,0.04363487660884857,-0.05541339889168739,0.6128690242767334,-0.09818794578313828,0.7122144103050232,0.11090606451034546,0.08568140864372253,-0.11704200506210327,-0.05612185597419739
105,265,293,283,310,1.015553593635559,-0.2567538022994995,0.17672519385814667,1.1203022003173828,-0.1809898167848587,-0.030389130115509033,0.6783028841018677,-0.15093903243541718,-0.0827161893248558,-0.19321081042289734,0.03088235855102539,-0.24891188740730286,-0.12913276255130768,0.7356016635894775,0.7635774612426758,-0.12662291526794434,-0.162259042263031,1.4236583709716797,0.016805000603199005,0.014260411262512207,0.17458778619766235,0.26875072717666626,0.7037506103515625,0.16915851831436157,-0.05206070840358734,0.737601637840271,-0.12304268777370453,-0.2216956913471222,1.1798776388168335,0.3962140679359436,-0.1762421727180481,-0.19272233545780182,-0.14349356293678284,0.7446720600128174,-0.1605287343263626,-0.02669951319694519,-0.048942212015390396,0.8881356716156006,-0.08107582479715347,0.029744446277618408,0.4258180558681488,0.0691726952791214,0.10087813436985016,0.6804710030555725,0.15511959791183472,0.40368878841400146,-0.10806237161159515,1.7039304971694946,0.19575448334217072,0.24574226140975952,0.4262602627277374,0.7759504318237305,1.0050923824310303,-0.19302943348884583,0.23891623318195343,-0.09076675772666931,0.8705424070358276,0.3277837038040161,0.7912558317184448,-0.23948127031326294,0.26942065358161926,0.23179759085178375,0.019436223432421684,0.6485525369644165,0.7276000380516052,-0.0008558299741707742,-0.0822901576757431,0.14935004711151123,0.716407060623169,0.010308821685612202,0.7628958821296692,0.26863574981689453,-0.1619884967803955,0.2896895408630371,-0.15457388758659363,-0.01567588932812214,1.3002029657363892,-0.06619122624397278,0.46552154421806335,-0.18668702244758606,0.18800149857997894,-0.1534402072429657,-0.24086421728134155,-0.16908402740955353,0.6573178172111511,-0.15179739892482758,-0.21788814663887024,-0.17254045605659485,0.6655736565589905,-0.2419450283050537,0.004104352556169033,-0.0760994404554367,0.8233823776245117,-0.16115042567253113,-0.019526515156030655,-0.062436267733573914,-0.21824584901332855,0.00795002095401287,-0.20387661457061768,-0.057627253234386444,0.8264395594596863,-0.03441287577152252,0.16634927690029144,0.3955009877681732,1.0225918292999268,0.363500714302063,0.11353988200426102,0.30107375979423523,-0.17499104142189026,-0.1709490418434143,1.495048999786377,0.15420645475387573,0.1622825562953949,0.6184483766555786,0.14342720806598663,0.13247738778591156,0.6246845722198486,0.1438625603914261,0.2099582850933075,0.19858397543430328,-0.09874793142080307,0.7803370356559753,-0.13224823772907257,0.6456419229507446,-0.006497442722320557,0.24945852160453796,-0.027541961520910263,-0.14891678094863892
106,155,267,168,280,0.147584930062294,-0.2679283916950226,-0.0009417633409611881,1.2761138677597046,-0.22778593003749847,-0.02418954111635685,0.33257243037223816,-0.2348562330007553,-0.21537566184997559,-0.15881715714931488,0.08512602001428604,-0.25153812766075134,-0.11767783015966415,0.431054025888443,0.8281000256538391,-0.20882649719715118,-0.2163301706314087,2.717752456665039,-0.2515716850757599,-0.12070849537849426,-0.2186036854982376,0.5056772828102112,-0.1089644506573677,1.7695814371109009,0.6985969543457031,2.050856828689575,0.46814408898353577,-0.12018624693155289,0.18107128143310547,0.9626781344413757,0.23535139858722687,0.07553718239068985,-0.02815288119018078,0.6656050682067871,-0.22485856711864471,-0.15832869708538055,0.3521669805049896,0.309704452753067,-0.11620990186929703,-0.041072990745306015,0.8533877730369568,0.28477799892425537,0.22222721576690674,0.5481911897659302,-0.030793040990829468,1.301550269126892,-0.16280022263526917,1.8982633352279663,-0.141170933842659,-0.0510898195207119,0.7810074687004089,1.3520787954330444,-0.11795052886009216,-0.03023223765194416,-0.009266744367778301,-0.19359318912029266,1.1603792905807495,-0.07354851812124252,1.1155539751052856,-0.24718832969665527,-0.08450361341238022,-0.017987310886383057,0.053600117564201355,0.24333524703979492,0.062434013932943344,0.13849835097789764,-0.22710208594799042,-0.0011689364910125732,1.0626825094223022,-0.19835449755191803,0.49831852316856384,0.07954252511262894,-0.25722554326057434,-0.20900587737560272,-0.21732951700687408,0.3311800956726074,0.7872729897499084,-0.250754714012146,0.3609914481639862,-0.12213128805160522,0.40818867087364197,-0.2378680258989334,-0.25978532433509827,-0.23778648674488068,1.1959894895553589,-0.09542057663202286,-0.13731779158115387,-0.19172704219818115,0.6869425177574158,-0.21901756525039673,-0.21396256983280182,-0.18905353546142578,0.07658598572015762,0.27885034680366516,-0.14938639104366302,0.0338207446038723,0.04362617805600166,-0.06470625847578049,-0.2376779317855835,-0.21071554720401764,2.5436055660247803,0.27812057733535767,0.4785405695438385,0.3428371846675873,0.3545101583003998,-0.22428356111049652,0.11625977605581284,-0.1771193891763687,-0.21802084147930145,-0.24884073436260223,1.7627687454223633,0.5039535760879517,0.20636409521102905,1.7322983741760254,-0.18977199494838715,0.16840754449367523,-0.24450047314167023,0.1280873715877533,0.26567742228507996,0.13837288320064545,0.13019727170467377,0.8372542262077332,-0.24955888092517853,1.0790719985961914,0.20182329416275024,-0.1472877413034439,0.06200304627418518,0.1533588021993637
107,267,294,284,314,1.015553593635559,-0.2567538022994995,0.17672519385814667,1.1203022003173828,-0.1809898167848587,-0.030389130115509033,0.6783028841018677,-0.15093903243541718,-0.0827161893248558,-0.19321081042289734,0.03088235855102539,-0.24891188740730286,-0.12913276255130768,0.7356016635894775,0.7635774612426758,-0.12662291526794434,-0.162259042263031,1.4236583709716797,0.016805000603199005,0.014260411262512207,0.17458778619766235,0.26875072717666626,0.7037506103515625,0.16915851831436157,-0.05206070840358734,0.737601637840271,-0.12304268777370453,-0.2216956913471222,1.1798776388168335,0.3962140679359436,-0.1762421727180481,-0.19272233545780182,-0.14349356293678284,0.7446720600128174,-0.1605287343263626,-0.02669951319694519,-0.048942212015390396,0.8881356716156006,-0.08107582479715347,0.029744446277618408,0.4258180558681488,0.0691726952791214,0.10087813436985016,0.6804710030555725,0.15511959791183472,0.40368878841400146,-0.10806237161159515,1.7039304971694946,0.19575448334217072,0.24574226140975952,0.4262602627277374,0.7759504318237305,1.0050923824310303,-0.19302943348884583,0.23891623318195343,-0.09076675772666931,0.8705424070358276,0.3277837038040161,0.7912558317184448,-0.23948127031326294,0.26942065358161926,0.23179759085178375,0.019436223432421684,0.6485525369644165,0.7276000380516052,-0.0008558299741707742,-0.0822901576757431,0.14935004711151123,0.716407060623169,0.010308821685612202,0.7628958821296692,0.26863574981689453,-0.1619884967803955,0.2896895408630371,-0.15457388758659363,-0.01567588932812214,1.3002029657363892,-0.06619122624397278,0.46552154421806335,-0.18668702244758606,0.18800149857997894,-0.1534402072429657,-0.24086421728134155,-0.16908402740955353,0.6573178172111511,-0.15179739892482758,-0.21788814663887024,-0.17254045605659485,0.6655736565589905,-0.2419450283050537,0.004104352556169033,-0.0760994404554367,0.8233823776245117,-0.16115042567253113,-0.019526515156030655,-0.062436267733573914,-0.21824584901332855,0.00795002095401287,-0.20387661457061768,-0.057627253234386444,0.8264395594596863,-0.03441287577152252,0.16634927690029144,0.3955009877681732,1.0225918292999268,0.363500714302063,0.11353988200426102,0.30107375979423523,-0.17499104142189026,-0.1709490418434143,1.495048999786377,0.15420645475387573,0.1622825562953949,0.6184483766555786,0.14342720806598663,0.13247738778591156,0.6246845722198486,0.1438625603914261,0.2099582850933075,0.19858397543430328,-0.09874793142080307,0.7803370356559753,-0.13224823772907257,0.6456419229507446,-0.006497442722320557,0.24945852160453796,-0.027541961520910263,-0.14891678094863892
108,517,359,544,400,0.8865401744842529,-0.10726356506347656,0.26875004172325134,1.1065539121627808,-0.12689660489559174,-0.19529099762439728,0.5961803793907166,-0.1412116289138794,-0.08467491716146469,-0.2315436154603958,0.0924355685710907,0.4096258580684662,-0.039224956184625626,0.2545011639595032,0.5023236870765686,-0.15980015695095062,0.07901501655578613,0.20701877772808075,0.561813235282898,0.10492334514856339,0.28139641880989075,0.09301677346229553,0.7916510105133057,0.14981818199157715,0.06956103444099426,0.4779313802719116,-0.10944774001836777,-0.14884252846240997,0.8800925612449646,0.5731822848320007,-0.17448878288269043,-0.1512291580438614,-0.019199401140213013,0.4995468556880951,-0.11714407056570053,0.2031048685312271,-0.18148498237133026,0.48584461212158203,-0.11406272649765015,0.15207429230213165,0.017280997708439827,-0.07777305692434311,0.01898008957505226,0.6388493776321411,0.10449134558439255,-0.017235197126865387,-0.08821937441825867,0.7098255157470703,0.2880697548389435,0.6343417167663574,0.4631674587726593,0.28817257285118103,0.9109469056129456,-0.19654279947280884,0.6801910996437073,0.13821837306022644,0.4571434557437897,0.4017062485218048,0.7155628800392151,-0.19666212797164917,0.3553098738193512,0.6362687945365906,-0.10270380973815918,0.2520248591899872,0.2502348721027374,-0.029412878677248955,0.042331088334321976,0.3524511158466339,0.18268461525440216,0.42839670181274414,0.47479233145713806,-0.011701404117047787,-0.000193460684386082,0.740501344203949,-0.20230670273303986,-0.023407958447933197,0.4816441237926483,0.17313961684703827,0.043188124895095825,0.42955002188682556,-0.03692838177084923,-0.1098925992846489,-0.2622261643409729,0.2712497115135193,0.3416379392147064,-0.14996443688869476,-0.08143716305494308,-0.1833694577217102,0.4111725091934204,-0.17020533978939056,0.1865154653787613,0.20936493575572968,0.651582658290863,-0.251562237739563,0.09653344005346298,-0.10713294893503189,-0.2296849638223648,0.2960462272167206,-0.239871546626091,0.023489197716116905,0.2212935835123062,0.23480485379695892,0.09944421797990799,0.7157706618309021,0.6648121476173401,0.36518457531929016,0.14211483299732208,0.25440144538879395,-0.08952590078115463,-0.12364485114812851,0.5821393132209778,-0.033884912729263306,0.2949678301811218,-0.04174135997891426,0.5369918942451477,0.05438721179962158,0.85239577293396,-0.009072397835552692,0.011156695894896984,0.1096433624625206,-0.1722434163093567,0.44139790534973145,-0.01015090849250555,0.6536866426467896,-0.016607966274023056,0.5281108617782593,0.0541733093559742,-0.18204568326473236
109,357,87,373,102,0.2626765966415405,-0.2595639228820801,-0.053926050662994385,1.211482286453247,-0.23108959197998047,-0.20058323442935944,0.3456973731517792,-0.11095873266458511,-0.24186454713344574,-0.15371525287628174,0.07405547052621841,-0.10816119611263275,-0.03856731951236725,0.19997096061706543,0.8988593220710754,-0.1472068428993225,-0.24273401498794556,1.262195348739624,-0.23330967128276825,0.4541778564453125,0.2708927392959595,0.520714521408081,0.23716126382350922,1.848227858543396,0.3511005938053131,0.8481009602546692,0.09471633285284042,-0.1517825722694397,0.19768698513507843,0.4668636918067932,-0.0746673047542572,0.14396865665912628,-0.12398073077201843,0.8918003439903259,-0.16378253698349,-0.030412277206778526,0.007823441177606583,0.2732658386230469,-0.2378736287355423,0.30093082785606384,0.45305973291397095,0.1026848703622818,0.20695000886917114,0.6128789782524109,0.15206047892570496,0.30328014492988586,-0.09611458331346512,1.052488923072815,0.30973106622695923,0.25365594029426575,1.143676519393921,1.0580466985702515,0.5311696529388428,-0.20319651067256927,-0.09419640898704529,-0.24189509451389313,0.6196568608283997,0.5133730173110962,0.8778344392776489,-0.2284880429506302,0.027071310207247734,0.3437579870223999,-0.08441736549139023,0.16680048406124115,0.045571643859148026,-0.06047763302922249,-0.24033266305923462,0.05910469591617584,1.2441914081573486,0.12642017006874084,0.9015585780143738,0.09181073307991028,-0.09589188545942307,0.0747872069478035,-0.1516602635383606,0.16930654644966125,-0.11870595812797546,-0.12063837051391602,-0.10820014029741287,-0.17546282708644867,0.14119569957256317,-0.11625389009714127,-0.27238935232162476,-0.08081500232219696,0.46918052434921265,-0.17677143216133118,-0.21933668851852417,-0.2101273089647293,0.5042893886566162,-0.26448386907577515,0.22350852191448212,0.057097792625427246,-0.017570724710822105,-0.031970467418432236,-0.20429426431655884,0.013840870931744576,-0.15137310326099396,-0.030611595138907433,-0.25207218527793884,-0.10308415442705154,1.2994030714035034,0.31332266330718994,0.39048901200294495,0.2775641977787018,0.47344881296157837,0.21746167540550232,0.5000362396240234,-0.11955258250236511,-0.14696645736694336,-0.1202283725142479,0.8788185119628906,0.3246356248855591,0.013300955295562744,0.37573716044425964,0.02187514305114746,0.1765885055065155,0.13417485356330872,0.3646141290664673,0.3321889638900757,0.15841051936149597,-0.09305258840322495,0.6009461879730225,-0.2518230080604553,0.9086802005767822,0.2092607319355011,-0.030375536531209946,-0.12232788652181625,0.033286307007074356
110,344,86,359,100,0.2114885300397873,-0.24418382346630096,-0.2072111815214157,1.215255856513977,-0.20928968489170074,-0.17840759456157684,0.2688438892364502,-0.10535404831171036,-0.26540878415107727,-0.05155716463923454,-0.016422748565673828,-0.060300033539533615,-0.011504148133099079,0.026870617642998695,0.6779305338859558,-0.1182951107621193,-0.2645343840122223,1.41470205783844,-0.20986129343509674,0.4363308846950531,0.22050927579402924,0.2230295091867447,-0.013799045234918594,2.260878562927246,-0.002065122127532959,1.2738717794418335,-0.08381601423025131,-0.17819233238697052,0.07047699391841888,0.7830603718757629,0.029514119029045105,0.1701265126466751,-0.15351484715938568,0.39845362305641174,-0.1532769352197647,-0.11546430736780167,-0.015306532382965088,0.35175254940986633,-0.2299620360136032,0.5217598676681519,0.3697932958602905,0.12324187904596329,-0.0298245158046484,-0.05350488796830177,-0.04116765782237053,0.23169875144958496,-0.18400846421718597,0.8950249552726746,0.8640956878662109,0.42798152565956116,0.8208633065223694,0.8249713778495789,0.16090314090251923,-0.20386116206645966,-0.09650188684463501,-0.19958044588565826,0.5153042674064636,0.23852001130580902,0.6193259358406067,-0.2536887228488922,0.42330625653266907,0.2542021572589874,-0.06785353273153305,0.18146125972270966,-0.12005909532308578,-0.0954751968383789,-0.2262580245733261,-0.022315019741654396,1.723965048789978,0.451794296503067,0.7825412750244141,0.1427742838859558,0.07549909502267838,0.267110675573349,-0.2012929469347,0.16004104912281036,-0.06957029551267624,-0.10590839385986328,-0.1563723087310791,-0.15656346082687378,0.3667144775390625,-0.07355611771345139,-0.26259204745292664,-0.13326315581798553,0.7582864165306091,-0.19217342138290405,-0.14238296449184418,-0.1952437311410904,0.2955436408519745,-0.20093970000743866,0.4348258078098297,0.20021019876003265,0.06910810619592667,-0.06810642033815384,-0.15142397582530975,-0.06070360541343689,-0.1821765899658203,-0.14212264120578766,-0.22877585887908936,-0.12292835861444473,0.942408561706543,0.6627050638198853,0.09315303713083267,0.2940530478954315,0.7260566353797913,0.37653788924217224,0.34669026732444763,-0.01570388674736023,-0.20121252536773682,-0.021483704447746277,1.3417338132858276,0.2732233703136444,-0.017323002219200134,0.6946796774864197,-0.06095162034034729,0.25362321734428406,0.5103397965431213,0.5647088885307312,0.24874436855316162,0.3366171419620514,-0.09637043625116348,0.47410956025123596,-0.20794230699539185,1.1848031282424927,0.31424710154533386,-0.1288842409849167,-0.16633370518684387,0.06142343580722809
111,82,387,124,425,0.878889262676239,-0.14227800071239471,0.2866671085357666,1.0982810258865356,-0.18679657578468323,-0.07107620686292648,0.20480771362781525,-0.1694231629371643,-0.031309839338064194,-0.21486909687519073,0.14961887896060944,1.0570043325424194,-0.06885790824890137,0.05197437107563019,0.2317156195640564,-0.17904168367385864,0.023877136409282684,0.06507083773612976,0.5599696040153503,-0.09554662555456161,0.2871405780315399,-0.02450569160282612,0.941193699836731,-0.03906117007136345,-0.007262656465172768,0.31333214044570923,-0.15596871078014374,-0.05942252278327942,0.9467503428459167,0.9742457866668701,-0.11527422815561295,-0.20269985496997833,-0.0601482018828392,0.23565728962421417,-0.15027208626270294,0.374443918466568,-0.14777396619319916,0.4200284481048584,-0.06586353480815887,-0.0416557677090168,0.06909973919391632,-0.024683313444256783,-0.20999117195606232,0.4588965177536011,-0.02107902802526951,-0.06977376341819763,-0.041572265326976776,0.598330557346344,0.14243024587631226,0.7874881029129028,0.11469721049070358,0.16861484944820404,0.7249858379364014,-0.15883173048496246,0.60675448179245,0.2622435986995697,0.38055941462516785,0.24259451031684875,0.7076176404953003,-0.20771388709545135,0.16613660752773285,0.6868511438369751,-0.02214176021516323,0.15030089020729065,0.05516420677304268,-0.015293717384338379,0.07054489105939865,0.29974764585494995,0.10747701674699783,0.48395541310310364,0.3913089334964752,-0.1378307342529297,0.013085621409118176,0.8391735553741455,-0.18708497285842896,-0.014263009652495384,0.07339472323656082,0.14604192972183228,0.014340562745928764,0.9354612231254578,-0.06846754252910614,-0.19673962891101837,-0.2608698010444641,0.35929152369499207,0.09321757405996323,-0.07033111155033112,0.2448970228433609,-0.1643349826335907,0.2670532166957855,0.1237524002790451,-0.1252463310956955,0.2715674638748169,0.8786823749542236,-0.25238606333732605,-0.09483896940946579,-0.07198312878608704,-0.1742713749408722,0.4465555250644684,-0.23402996361255646,0.04156883805990219,-0.0698026493191719,0.21205222606658936,-0.011575785465538502,0.4902211129665375,0.8129387497901917,0.1683206558227539,0.11917169392108917,-0.014656083658337593,0.1404125839471817,-0.1251634806394577,0.13154105842113495,0.08041847497224808,-0.06868372112512589,-0.12132961302995682,0.671295702457428,0.04224041849374771,0.705742359161377,-0.07771363109350204,0.04191969335079193,0.11813506484031677,-0.16227878630161285,0.4368189871311188,-0.12077812105417252,0.39746353030204773,0.02405371144413948,0.2813508212566376,-0.03580716997385025,-0.19030457735061646
112,304,299,318,312,0.2963060140609741,-0.23906271159648895,0.10505249351263046,1.154726266860962,-0.20534856617450714,-0.17530696094036102,0.46733227372169495,-0.14692558348178864,-0.1592073291540146,-0.24180996417999268,0.29358580708503723,0.09652974456548691,-0.053576644510030746,0.3743472993373871,0.5836207866668701,-0.15639281272888184,-0.18645280599594116,0.6850159168243408,0.014061619527637959,0.20596158504486084,0.17332196235656738,0.06376895308494568,0.17471782863140106,0.6604852676391602,0.8624410033226013,1.0602014064788818,-0.14414647221565247,-0.16296063363552094,0.45370444655418396,0.7422478199005127,-0.12561152875423431,-0.09707963466644287,-0.17660319805145264,0.5970955491065979,-0.1874375343322754,-0.08489257097244263,-0.057842981070280075,0.41840860247612,-0.15246696770191193,-0.17572282254695892,0.39252805709838867,0.11063814163208008,0.3462093770503998,0.6828727126121521,-0.15949872136116028,0.294964462518692,-0.15783128142356873,2.1509196758270264,1.2811099290847778,0.812205970287323,0.2904316186904907,0.3997170925140381,0.5713534355163574,-0.17127354443073273,-0.05751502513885498,-0.19705204665660858,0.9856686592102051,1.0044021606445312,1.2602965831756592,-0.22462092339992523,2.0031325817108154,0.05708560720086098,0.44703760743141174,1.1869217157363892,-0.03657953068614006,-0.14507515728473663,-0.17864568531513214,0.1630483716726303,0.3937263488769531,-0.08922217041254044,0.6102848649024963,0.19032251834869385,-0.20528526604175568,0.6301761865615845,-0.17121385037899017,0.20018573105335236,0.23840950429439545,-0.20053662359714508,0.20767514407634735,-0.14775414764881134,0.2547619044780731,-0.09505104273557663,-0.2584173381328583,0.02036440372467041,0.49182602763175964,-0.1265784651041031,-0.18883848190307617,-0.13295894861221313,0.28683769702911377,-0.23044131696224213,0.16884787380695343,0.11840329319238663,0.2814805805683136,-0.08410986512899399,-0.1707664132118225,-0.03589819744229317,-0.21720755100250244,-0.0754985436797142,-0.22756141424179077,-0.1399005949497223,0.4032195508480072,0.1666245460510254,0.3927669823169708,0.3826240301132202,0.6376900672912598,1.3206216096878052,0.0006342381238937378,0.8040295243263245,-0.017784545198082924,-0.25939396023750305,0.5399664044380188,0.3254574239253998,1.0155645608901978,0.5326024293899536,-0.0029103655833750963,0.225366473197937,0.8499183058738708,0.7455005049705505,0.2634631097316742,0.21539878845214844,-0.14601512253284454,0.5158042311668396,-0.14085842669010162,1.1194368600845337,0.052515070885419846,-0.12990181148052216,-0.1700783371925354,-0.12710343301296234
113,154,262,168,273,0.11271189153194427,-0.26632606983184814,0.10714064538478851,1.2866265773773193,-0.2185489684343338,-0.23487429320812225,0.13073192536830902,-0.23115789890289307,-0.2106693983078003,-0.10928526520729065,-0.015093252062797546,-0.2448185682296753,-0.22290104627609253,0.6491058468818665,1.1239912509918213,-0.213492751121521,-0.18892338871955872,3.66310977935791,-0.26102399826049805,-0.09965843707323074,-0.2527202367782593,0.6024326682090759,-0.23276257514953613,1.1085402965545654,0.8387675285339355,1.7793421745300293,0.3003680408000946,-0.08387871831655502,0.1617845594882965,0.3653605878353119,-0.08479554951190948,-0.0986643061041832,-0.048741623759269714,0.5885424613952637,-0.21056237816810608,-0.24772410094738007,0.31545892357826233,0.5616291761398315,-0.12461300194263458,-0.04329022020101547,0.9173118472099304,0.3013489246368408,0.3124173879623413,0.4765564203262329,-0.1928473711013794,1.488750696182251,-0.17535006999969482,2.1811282634735107,-0.13111025094985962,-0.14200997352600098,0.49407219886779785,1.130107045173645,-0.15139853954315186,0.0077736228704452515,0.11187051236629486,-0.21080981194972992,1.300365924835205,-0.12698966264724731,1.0587104558944702,-0.2567836046218872,-0.032970622181892395,-0.20347216725349426,0.0987214744091034,0.2049892097711563,0.09353704750537872,-0.09670566022396088,-0.21665127575397491,0.021445654332637787,1.3769111633300781,-0.24038678407669067,0.5224087238311768,0.20586726069450378,-0.24961332976818085,-0.23716115951538086,-0.22384516894817352,0.37649571895599365,1.317730188369751,-0.2461196482181549,0.5685703754425049,-0.13220323622226715,0.11154058575630188,-0.23011107742786407,-0.2607904076576233,-0.22283458709716797,1.342804193496704,-0.0616096667945385,-0.11851436644792557,-0.19734878838062286,0.9980653524398804,-0.22975793480873108,-0.1878712773323059,-0.17720749974250793,0.2505342364311218,0.18730118870735168,-0.10033248364925385,0.01396276243031025,-0.03309212252497673,-0.20762330293655396,-0.2282796949148178,-0.22173801064491272,2.9034934043884277,0.23189586400985718,0.3041691780090332,0.45915937423706055,-0.2022160440683365,-0.2062159776687622,0.1231812834739685,-0.16935408115386963,-0.19273683428764343,-0.2416519820690155,1.691173791885376,0.37853971123695374,0.26662999391555786,2.2020034790039062,-0.24954988062381744,0.22143281996250153,-0.2556626796722412,0.16105769574642181,0.33337149024009705,0.3156348764896393,0.18845868110656738,1.0647305250167847,-0.27109408378601074,0.991030216217041,0.2417140007019043,-0.09474794566631317,0.20894388854503632,0.10972566902637482
114,93,305,114,323,0.8107205629348755,-0.22160914540290833,0.06659229844808578,1.1499502658843994,-0.23176686465740204,-0.22351114451885223,0.45233386754989624,-0.2154271900653839,-0.23662430047988892,-0.21507319808006287,0.046602070331573486,-0.058730047196149826,-0.13752608001232147,0.04121924936771393,1.0034394264221191,-0.19293279945850372,-0.13051064312458038,1.3306465148925781,0.027092643082141876,-0.04852103069424629,0.36664101481437683,0.5515345335006714,0.47358858585357666,0.9654510021209717,0.21812909841537476,0.8527917861938477,-0.13193054497241974,-0.07775203883647919,0.43973979353904724,0.6713204383850098,-0.1545153707265854,0.11225628852844238,-0.09562138468027115,0.6773020029067993,-0.15934249758720398,0.007552809081971645,-0.0077925389632582664,0.6403422951698303,-0.18785515427589417,-0.03243415802717209,0.692782461643219,0.06269381195306778,0.2397041618824005,0.8348241448402405,-0.010495279915630817,0.3988153636455536,-0.07160055637359619,1.7178678512573242,0.11916462332010269,0.07866141200065613,0.9115085601806641,0.9932532906532288,0.793644368648529,-0.19412565231323242,0.3773491382598877,-0.1411314457654953,1.4380624294281006,0.5646688342094421,1.2580446004867554,-0.24046246707439423,0.4224449396133423,0.042186908423900604,0.008828073740005493,0.4446934461593628,-0.07203353941440582,-0.1477317214012146,-0.16706234216690063,0.06250806897878647,0.4664050340652466,0.025440029799938202,0.7757038474082947,0.48781096935272217,-0.18647471070289612,0.4724922180175781,-0.15652696788311005,0.062138285487890244,0.24819980561733246,-0.024961955845355988,0.21589195728302002,-0.13917912542819977,0.03913399949669838,-0.18189416825771332,-0.2640039622783661,-0.04853415489196777,0.39856427907943726,-0.1337534636259079,-0.18160080909729004,-0.20345689356327057,0.4256894886493683,-0.24562877416610718,-0.04843589663505554,0.01519075222313404,0.24407583475112915,-0.07729389518499374,0.10284016281366348,0.11537419259548187,-0.23428647220134735,0.1736590564250946,-0.26590314507484436,-0.10161223262548447,0.9006208777427673,0.10444581508636475,0.3893948197364807,0.516194224357605,0.9900853633880615,0.3147638738155365,0.05924134701490402,0.23558034002780914,-0.12136154621839523,-0.22424602508544922,1.0517526865005493,0.5255230665206909,0.4547767639160156,0.40499505400657654,0.12753728032112122,0.2958512604236603,0.10181717574596405,0.22359225153923035,0.44439828395843506,-0.026112692430615425,-0.1459801197052002,0.5532553195953369,-0.03261689841747284,0.7268034219741821,0.00946249533444643,0.01051783561706543,-0.022765226662158966,-0.1062234491109848
115,313,75,327,88,0.7747104167938232,-0.16329999268054962,0.10135465860366821,1.2297544479370117,0.09961042553186417,0.0321681946516037,0.3141426146030426,-0.033439815044403076,-0.12405088543891907,-0.1918358951807022,0.2300868034362793,0.3038385510444641,-0.01537754014134407,0.3420458137989044,0.3124074935913086,-0.11954983323812485,-0.01152808964252472,0.1908179372549057,-0.1894502341747284,0.23162178695201874,-0.04477401822805405,0.14480595290660858,0.21241983771324158,1.4508618116378784,-0.1376330554485321,0.8601266741752625,-0.10807032138109207,-0.19858716428279877,0.38410118222236633,0.8357809782028198,0.17274633049964905,0.20110353827476501,-0.09791943430900574,0.9562034010887146,-0.14537562429904938,0.16035838425159454,0.035827189683914185,0.5124847888946533,0.17570951581001282,0.0015256255865097046,0.4706032872200012,0.23497089743614197,-0.22638526558876038,0.2654619514942169,-0.0803624838590622,0.6804635524749756,-0.04472146928310394,2.0068798065185547,1.4364210367202759,0.7079571485519409,0.07514458149671555,0.42037326097488403,1.1035710573196411,-0.19942554831504822,0.041156649589538574,-0.018703192472457886,0.6069262027740479,1.1170361042022705,0.31005537509918213,-0.24056324362754822,1.5235025882720947,0.47988826036453247,0.17704090476036072,0.3941352069377899,0.7887813448905945,-0.12274500727653503,-0.14858019351959229,0.1755620688199997,1.029186725616455,0.10245652496814728,1.7408833503723145,0.15526099503040314,-0.07715381681919098,0.6920570135116577,-0.23403093218803406,-0.08987288922071457,0.5432068705558777,0.22660991549491882,-0.0728476345539093,-0.16859309375286102,0.21514834463596344,0.006872529163956642,-0.2551974356174469,-0.10314801335334778,1.1956082582473755,-0.1377192735671997,-0.1646510362625122,-0.17687225341796875,0.32574576139450073,-0.24322354793548584,0.5576069355010986,0.6376519799232483,0.4063356816768646,-0.03215787559747696,-0.1764068305492401,-0.05338146165013313,-0.24979661405086517,-0.07619251310825348,-0.24024799466133118,-0.09216878563165665,0.16251923143863678,0.7501500844955444,0.14987239241600037,0.46511852741241455,1.5047310590744019,1.6551754474639893,0.06306638568639755,-0.03215094283223152,-0.2182883769273758,-0.12673009932041168,1.9095821380615234,0.384701132774353,0.9995308518409729,0.147865429520607,0.013926330953836441,0.4001690149307251,0.7398064732551575,0.869046151638031,0.3275701403617859,0.5157254338264465,-0.1728934347629547,0.6776649951934814,-0.25798314809799194,1.1199390888214111,0.20056001842021942,-0.16375145316123962,0.11095515638589859,-0.08091425150632858
116,520,369,544,400,0.9891699552536011,-0.0966702252626419,0.12968595325946808,1.1042734384536743,-0.07171940803527832,-0.22225414216518402,0.7172388434410095,-0.1808929145336151,-0.08807636797428131,-0.24655599892139435,0.048512306064367294,0.6223592758178711,-0.042081303894519806,0.12332725524902344,0.49186548590660095,-0.15994974970817566,0.21462607383728027,0.1966756135225296,0.5524112582206726,0.055493634194135666,0.35004761815071106,0.08235224336385727,0.6378468871116638,0.22999659180641174,-0.05589162930846214,0.5606517195701599,-0.1420905590057373,-0.13777492940425873,0.7242543697357178,0.4778479039669037,-0.20532916486263275,-0.11470199376344681,-0.02314773201942444,0.6630224585533142,-0.09566769748926163,0.37588170170783997,-0.17292973399162292,0.3914196789264679,-0.12279769778251648,0.22631485760211945,0.08373771607875824,-0.07366374135017395,0.001502455328591168,0.6018454432487488,0.16269265115261078,0.009629457257688046,-0.03996436670422554,0.7418609857559204,0.3156711161136627,0.5199798941612244,0.6218149662017822,0.40024736523628235,0.7394462823867798,-0.20834232866764069,0.8152449727058411,0.1735680252313614,0.577483594417572,0.6154640316963196,0.6841762661933899,-0.2185753434896469,0.47509780526161194,0.614670991897583,-0.1266041249036789,0.20363298058509827,0.1169460117816925,0.02706139162182808,0.10402002930641174,0.29761746525764465,0.19673259556293488,0.3732045590877533,0.39625561237335205,-0.048888321965932846,-0.013297022320330143,1.0565632581710815,-0.24052496254444122,-0.06313884258270264,0.61919766664505,0.23238657414913177,0.09670868515968323,0.32203611731529236,-0.09728214144706726,-0.1234121322631836,-0.2691887617111206,0.32235604524612427,0.5399650931358337,-0.13925474882125854,-0.03680608049035072,-0.15553666651248932,0.4231472611427307,-0.1507762223482132,0.2126254141330719,0.15883588790893555,0.6845165491104126,-0.24554961919784546,0.1649099737405777,-0.0711735412478447,-0.23246006667613983,0.5087552666664124,-0.26437172293663025,-0.006447723601013422,0.294653058052063,0.20627649128437042,0.08080334961414337,0.7410222291946411,0.5821792483329773,0.3635934293270111,0.11998901516199112,0.3946307301521301,-0.11844701319932938,-0.1404237598180771,0.8785923719406128,0.0154332360252738,0.47077134251594543,-0.07458879053592682,0.5775442719459534,0.12316552549600601,0.8214024901390076,0.03180170804262161,0.02885306626558304,0.13137421011924744,-0.18357546627521515,0.4724337160587311,-0.025389522314071655,0.700434684753418,-0.02296539768576622,0.7086019515991211,-0.007225414272397757,-0.20529301464557648
117,237,233,267,260,0.596287727355957,-0.24376043677330017,0.06784240156412125,1.1010860204696655,-0.21487392485141754,0.0706910789012909,0.5934723019599915,-0.20867449045181274,0.08698983490467072,-0.2066609263420105,0.05336935073137283,-0.1879330575466156,-0.13737422227859497,0.5965766906738281,0.6063701510429382,-0.18313372135162354,-0.17503318190574646,1.224915862083435,-0.1541721522808075,0.15585005283355713,-0.0040294099599123,0.0911814272403717,0.601889431476593,0.424793004989624,0.14765197038650513,1.0375070571899414,-0.04495782032608986,-0.2399083524942398,0.6361156105995178,0.7477117776870728,-0.17707481980323792,-0.19444294273853302,-0.1818949580192566,0.2327663153409958,-0.2042817622423172,-0.0844995379447937,-0.020158596336841583,0.5765824913978577,-0.17225104570388794,0.04418409243226051,0.12069065868854523,-0.03447773680090904,0.03374709561467171,0.7807555198669434,0.13327845931053162,0.22258195281028748,-0.15194496512413025,1.3492774963378906,0.08224025368690491,0.2616688311100006,0.5014759302139282,0.7073882818222046,0.419149786233902,-0.23456577956676483,0.4894573390483856,-0.23452594876289368,0.6419312357902527,0.2988896071910858,0.9802981019020081,-0.23155716061592102,0.2599296569824219,0.023850349709391594,-0.03258055821061134,0.4473000764846802,0.3530804514884949,0.2468123733997345,-0.16511975228786469,0.29710930585861206,0.33950474858283997,-0.05924515798687935,0.4270187020301819,-0.10059692710638046,-0.0597037635743618,0.11956074088811874,-0.17156752943992615,0.1444459855556488,0.5287928581237793,-0.21106213331222534,0.03745925426483154,-0.13022974133491516,0.3977165222167969,-0.23842687904834747,-0.2510543465614319,-0.11213383078575134,0.6480795741081238,-0.19663408398628235,-0.2184431105852127,-0.14206865429878235,0.3260326683521271,-0.221829354763031,-0.10244970768690109,-0.11040687561035156,0.33670568466186523,-0.10752962529659271,-0.08194780349731445,0.0023246705532073975,-0.15876451134681702,-0.004372928291559219,-0.2262318730354309,0.006425101310014725,0.8844113349914551,0.0038664154708385468,0.10002171248197556,0.383012980222702,0.9087375402450562,0.1857350468635559,-0.05291561782360077,0.2622644901275635,-0.08036483824253082,-0.24390213191509247,1.2260398864746094,0.07021471112966537,0.14643540978431702,1.074842095375061,0.01516738161444664,-0.05438779667019844,0.3689200282096863,-0.0072213150560855865,-0.03108767792582512,0.1947186440229416,-0.05511750280857086,0.5541164875030518,-0.0930522233247757,0.6842727661132812,-0.013237545266747475,0.17614516615867615,-0.17185106873512268,-0.14531907439231873
118,92,295,112,318,0.833354115486145,-0.2478093057870865,-0.14836740493774414,1.1736090183258057,-0.22622084617614746,-0.21558915078639984,0.5066285729408264,-0.21029798686504364,-0.23433378338813782,-0.16051152348518372,-0.08571615070104599,-0.08925874531269073,-0.17168736457824707,-0.045825764536857605,1.1479860544204712,-0.18096964061260223,-0.24858814477920532,1.6893166303634644,-0.18761897087097168,0.06272411346435547,0.33802419900894165,0.5884237289428711,0.4711431860923767,1.3608551025390625,0.1519906222820282,0.9208651781082153,-0.17770403623580933,-0.19077995419502258,0.05958819389343262,0.6941871047019958,-0.11858737468719482,0.3383817672729492,-0.15628525614738464,0.7302550077438354,-0.17931382358074188,0.08853716403245926,0.05614107847213745,0.6647617816925049,-0.0612138956785202,-0.11178464442491531,0.8488647937774658,0.12842459976673126,0.15371304750442505,0.5773740410804749,0.07039695233106613,0.6875208020210266,0.022642670199275017,1.799397587776184,0.27446699142456055,0.1121668815612793,1.0167502164840698,1.1981310844421387,0.867212176322937,-0.21406914293766022,0.3481484055519104,-0.2399798035621643,1.6370412111282349,0.5923154354095459,1.1405388116836548,-0.23901480436325073,0.5724584460258484,-0.019605031237006187,-0.06131235882639885,0.42201340198516846,-0.1189616397023201,-0.1732768714427948,-0.17911753058433533,-0.017196159809827805,0.7237299084663391,-0.1370786875486374,0.776866614818573,0.4393041431903839,-0.16187040507793427,0.429673969745636,-0.16830609738826752,0.04823955148458481,0.5720388889312744,-0.04923788085579872,0.04351094737648964,-0.1711621880531311,0.19200237095355988,-0.190841943025589,-0.2638096511363983,-0.15391328930854797,1.135356068611145,-0.13708524405956268,-0.20458455383777618,-0.1921091079711914,0.501636266708374,-0.24388748407363892,0.01798245683312416,0.03775598108768463,0.39733651280403137,0.004275086801499128,-0.03929821029305458,0.13987180590629578,-0.230130136013031,0.036308858543634415,-0.2669355869293213,-0.13283687829971313,0.9608733057975769,0.24919411540031433,0.1706235259771347,0.6177430748939514,1.2266161441802979,0.49343591928482056,-0.01844678819179535,0.4551612138748169,-0.17864596843719482,-0.225107803940773,1.8142187595367432,0.6401662826538086,0.47091469168663025,0.659295916557312,-0.014026124030351639,0.39264190196990967,0.07510080933570862,0.5317531824111938,0.5102293491363525,0.10159869492053986,-0.12089557200670242,0.6290407776832581,-0.15037992596626282,0.9157765507698059,0.08951158076524734,-0.07599534094333649,-0.21511873602867126,-0.07426539808511734
119,146,267,158,278,0.05600312352180481,-0.27480101585388184,0.4274017810821533,1.2769889831542969,-0.19870787858963013,-0.24603241682052612,0.4051980972290039,-0.2373841404914856,-0.04834822192788124,-0.08798772096633911,0.527439296245575,-0.08912700414657593,-0.2351173460483551,0.7007606029510498,1.057642936706543,-0.2118552327156067,-0.1715472787618637,1.60817551612854,-0.05700003355741501,-0.1364751011133194,-0.22795501351356506,0.7056237459182739,-0.13759423792362213,0.9524807333946228,0.924297571182251,1.6488878726959229,-0.08563552051782608,-0.12315738201141357,0.6708234548568726,0.24941179156303406,-0.18944402039051056,-0.04858264699578285,-0.085220567882061,0.613993227481842,-0.21823720633983612,-0.2743156850337982,0.2682044804096222,0.13210631906986237,-0.11375103145837784,0.006957255303859711,0.7153185606002808,0.3269032835960388,0.7723606824874878,0.7075716257095337,-0.24973967671394348,1.002605676651001,-0.20792439579963684,3.0955302715301514,0.15048258006572723,-0.034366726875305176,0.11102472990751266,1.393820881843567,-0.2044646441936493,0.0853520929813385,-0.06913581490516663,-0.19363389909267426,0.8412528038024902,0.14766621589660645,0.6607083678245544,-0.21154344081878662,0.48219239711761475,-0.20325998961925507,0.018001340329647064,0.8454861640930176,-0.16851921379566193,-0.14883467555046082,-0.22289012372493744,-0.1584484875202179,1.8011234998703003,-0.1561310589313507,0.605354905128479,0.5662473440170288,-0.223664790391922,-0.08752793073654175,-0.22923222184181213,0.3440741300582886,1.522984504699707,-0.2391195148229599,1.446441411972046,-0.10302740335464478,-0.044920604676008224,-0.22279272973537445,-0.2536849081516266,0.21106195449829102,1.2290191650390625,-0.0304323248565197,-0.0882352739572525,-0.13103091716766357,0.4613272547721863,-0.20373593270778656,-0.2096295952796936,-0.1734246164560318,0.34627199172973633,0.25168460607528687,-0.228144109249115,0.2138586938381195,-0.1144610345363617,-0.24617606401443481,-0.2302994728088379,-0.21611158549785614,2.341060161590576,0.2697105407714844,0.7434831857681274,0.4274354577064514,-0.10835213959217072,-0.014290273189544678,0.09932413697242737,0.07697094976902008,0.296391099691391,-0.22145786881446838,1.489173412322998,0.3731214106082916,0.307587593793869,1.42799711227417,-0.18752959370613098,0.2546016573905945,0.10128530859947205,0.3090854287147522,0.36993932723999023,0.486128032207489,0.12078677117824554,1.1767723560333252,-0.23380625247955322,0.8827365040779114,0.18536436557769775,-0.049734391272068024,0.3481387794017792,0.03661404922604561
120,109,297,122,312,0.8216561079025269,-0.23525370657444,-0.09202219545841217,1.2035833597183228,-0.23205222189426422,-0.022775014862418175,0.42043113708496094,-0.22589537501335144,-0.1371811330318451,-0.11031722277402878,-0.08682119101285934,-0.026595553383231163,-0.14473789930343628,0.031109187752008438,1.2709250450134277,-0.20651660859584808,-0.24444645643234253,2.0760560035705566,-0.05106259882450104,-0.01027474831789732,0.1965658962726593,0.2711264491081238,0.44109010696411133,1.542686939239502,0.20600901544094086,1.762605905532837,-0.11886019259691238,-0.13230593502521515,0.3129223585128784,0.8769544363021851,0.08203703165054321,0.4894613027572632,-0.14686083793640137,0.6085346937179565,-0.216728076338768,0.3180907964706421,0.20277324318885803,0.7011878490447998,0.4421790838241577,-0.17620597779750824,1.09303617477417,0.25898098945617676,0.15541809797286987,0.4904593825340271,0.2687791585922241,1.0288361310958862,0.10492298752069473,2.0586233139038086,0.19993513822555542,0.060070887207984924,1.0124675035476685,1.91855788230896,0.6785028576850891,-0.11006639897823334,0.3344399631023407,-0.19098544120788574,1.9374724626541138,0.36974039673805237,1.0637562274932861,-0.2325148582458496,0.11554495245218277,-0.15412752330303192,-0.04580789804458618,0.24155712127685547,-0.10411223769187927,-0.1749451905488968,-0.09437808394432068,-0.12252223491668701,0.8652461767196655,-0.23814694583415985,0.6960580348968506,0.5459339022636414,-0.2077440619468689,0.07303223758935928,-0.16432543098926544,0.10909900814294815,1.2093720436096191,-0.005495077930390835,0.13208520412445068,-0.17860253155231476,0.11994896829128265,-0.19786451756954193,-0.257294237613678,0.01091131940484047,1.7309937477111816,-0.10716855525970459,-0.20385544002056122,-0.19985893368721008,0.44878026843070984,-0.23455725610256195,0.004390643909573555,-0.17424625158309937,0.6660462617874146,0.16609399020671844,-0.10059821605682373,0.2592475414276123,-0.11811479926109314,0.05351937562227249,-0.2574349641799927,-0.1529363989830017,1.5455412864685059,0.34656375646591187,0.19209600985050201,0.4514332413673401,1.399027943611145,0.2605645954608917,-0.003491057315841317,0.3920186460018158,-0.15942591428756714,-0.20213061571121216,2.433631181716919,0.8062756657600403,0.14067599177360535,0.9059882760047913,-0.01085078064352274,0.47014522552490234,-0.06541468948125839,0.5353443622589111,0.6094886064529419,0.07539010792970657,-0.04181084409356117,0.7812182307243347,-0.1998545527458191,0.9415119886398315,0.10404283553361893,0.23372448980808258,-0.12731331586837769,-0.025834033265709877
121,114,261,135,281,0.5601088404655457,-0.2527819871902466,0.22348544001579285,1.0947622060775757,-0.19022931158542633,-0.20153257250785828,0.5368327498435974,-0.2443595975637436,-0.1855715960264206,-0.2641861140727997,0.7719231843948364,-0.06760112196207047,-0.21509069204330444,0.5698291063308716,0.5440752506256104,-0.17919723689556122,0.08051203191280365,0.0180180873721838,-0.11520092934370041,0.018220659345388412,0.13325278460979462,0.15675342082977295,0.38348135352134705,0.00862196460366249,0.47683966159820557,0.7462509870529175,-0.18407650291919708,-0.2511535882949829,0.5337356925010681,0.3100041151046753,-0.20798389613628387,-0.03124990686774254,-0.10475321859121323,0.5378647446632385,-0.17389628291130066,-0.0084161888808012,-0.08133681118488312,0.179582878947258,-0.005366252735257149,-0.10566423833370209,0.13385772705078125,-0.009209473617374897,0.22171424329280853,0.9713486433029175,0.05780303478240967,0.002169382991269231,-0.09694397449493408,1.7239322662353516,0.43730542063713074,0.48245981335639954,0.2525627315044403,0.4408133327960968,0.6068422198295593,-0.21089071035385132,0.18614764511585236,-0.20029747486114502,0.6325674057006836,0.8382441997528076,1.0161486864089966,-0.25113439559936523,1.0198559761047363,0.18317705392837524,0.1403956562280655,1.3182483911514282,0.027991797775030136,0.03526398912072182,0.006622473243623972,0.3689919710159302,0.18575341999530792,-0.038503456860780716,0.51542067527771,0.014852278865873814,-0.19640061259269714,0.6352793574333191,-0.1436004340648651,0.04987885430455208,0.4035531282424927,-0.21890345215797424,0.250595360994339,-0.11900365352630615,-0.06852085143327713,-0.2132633626461029,-0.2576724588871002,0.09158006310462952,0.267971396446228,-0.1560245305299759,-0.19005733728408813,-0.12645623087882996,0.29113924503326416,-0.228387251496315,0.022805266082286835,0.020872699096798897,0.22835837304592133,-0.09787468612194061,-0.20716102421283722,0.04221295192837715,-0.2475002557039261,-0.07095710933208466,-0.23651528358459473,-0.03279416263103485,0.48244422674179077,-0.18705374002456665,0.3835407793521881,0.4899469017982483,0.12190965563058853,0.6200475692749023,-0.12855999171733856,0.2277180403470993,0.35198450088500977,-0.2562675476074219,0.5668613314628601,0.07435368001461029,0.41769516468048096,0.11192628741264343,0.0704679936170578,-0.003060215152800083,0.5839696526527405,0.09289464354515076,0.03669390454888344,0.16273248195648193,-0.13534678518772125,0.6935309171676636,-0.12409582734107971,0.6132706999778748,-0.0092192143201828,0.06706847250461578,-0.09376022219657898,-0.20787355303764343
122,96,377,126,408,1.048303246498108,-0.14921320974826813,0.2550343871116638,1.1095569133758545,-0.19316181540489197,-0.08068539947271347,0.3198411464691162,-0.15930195152759552,-0.043391577899456024,-0.22927990555763245,0.0655735656619072,1.1907658576965332,-0.0034190602600574493,0.022141318768262863,0.37570348381996155,-0.1805630624294281,0.0057085007429122925,0.2098679095506668,0.625963568687439,0.045893408358097076,0.48043009638786316,0.010752050206065178,0.8706384897232056,0.11300510913133621,-0.029066599905490875,0.48170560598373413,-0.16628818213939667,-0.09094841778278351,1.2880849838256836,0.973954975605011,-0.0886625200510025,-0.1754871904850006,-0.05104709044098854,0.29513728618621826,-0.1666945219039917,0.6175727248191833,-0.1403999626636505,0.5214629769325256,0.029599837958812714,0.07928209751844406,0.15115965902805328,0.020800072699785233,-0.16523247957229614,0.6503750085830688,0.10220307856798172,-0.060778070241212845,0.03838988393545151,0.6399439573287964,0.14145538210868835,0.4469138979911804,0.2864842116832733,0.3135981261730194,0.845833957195282,-0.15894010663032532,0.571011483669281,0.26221174001693726,0.6551450490951538,0.43722179532051086,0.6871340870857239,-0.2242390513420105,0.2382233738899231,0.8562659025192261,0.003245428204536438,0.3386229872703552,0.05939652398228645,0.09622697532176971,0.11370480060577393,0.46137866377830505,0.0743403434753418,0.4639841914176941,0.42145615816116333,-0.07568486779928207,0.04273964464664459,1.0003321170806885,-0.17176273465156555,0.04658297076821327,0.27220234274864197,0.3086455166339874,0.08241929858922958,1.120690107345581,-0.04085727408528328,-0.20901158452033997,-0.2651580274105072,0.2828225791454315,0.0653376430273056,-0.16409704089164734,0.20025040209293365,-0.1552896350622177,0.27219778299331665,0.30514639616012573,-0.004347972571849823,0.08866561204195023,0.9260076284408569,-0.24377700686454773,-0.04525625705718994,-0.0842672809958458,-0.1918831616640091,0.8346835374832153,-0.233556866645813,-0.025000939145684242,0.015411388128995895,0.2790190577507019,0.029890581965446472,0.5529593229293823,0.939026951789856,0.3347955048084259,0.09457314014434814,-0.03457584232091904,0.045608825981616974,-0.0827026516199112,0.33529132604599,0.17916521430015564,0.12594592571258545,-0.03634687513113022,0.716675877571106,0.1268550455570221,0.5985874533653259,0.004920247942209244,0.11538302898406982,0.07831453531980515,-0.18133945763111115,0.4628347158432007,-0.1576850712299347,0.4037952423095703,0.07259748876094818,0.2636510729789734,0.025474809110164642,-0.1807876080274582
123,178,238,193,252,0.05762771889567375,-0.2636442184448242,0.1538144201040268,1.1590707302093506,-0.24178379774093628,-0.22432181239128113,0.14200051128864288,-0.24627798795700073,-0.025063978508114815,-0.20713859796524048,0.38869649171829224,-0.18305325508117676,-0.21022547781467438,1.006698727607727,0.7610604763031006,-0.24418902397155762,-0.17045089602470398,0.47351306676864624,-0.2394547462463379,-0.07097996771335602,0.07960795611143112,0.6137186884880066,0.37222912907600403,0.5258111953735352,0.5309129953384399,0.43212637305259705,0.06078265607357025,-0.18051011860370636,0.3007963299751282,0.032440703362226486,-0.2117476761341095,-0.07531853020191193,-0.2423166185617447,0.8567970395088196,-0.1933276653289795,-0.12433724850416183,0.10041113197803497,0.2210387885570526,-0.14909476041793823,-0.08175773918628693,0.22731202840805054,0.1435580551624298,0.42086827754974365,0.5621349811553955,0.1492524892091751,0.3291553854942322,-0.03363923355937004,2.2507832050323486,0.2600739598274231,0.21051695942878723,0.2612711489200592,0.8948317766189575,0.6381148099899292,-0.07645078748464584,0.26460322737693787,-0.23179200291633606,0.2572542130947113,0.4481503665447235,1.3895678520202637,-0.22364504635334015,0.29032424092292786,-0.019134273752570152,0.1552615463733673,0.16550356149673462,0.02876916155219078,-0.1429925113916397,-0.20277920365333557,-0.01126630138605833,0.44426169991493225,-0.13303430378437042,0.671859622001648,0.034333713352680206,-0.24011914432048798,0.23503245413303375,-0.06844432651996613,0.029574062675237656,0.6506317853927612,-0.22038477659225464,0.5356876850128174,-0.14398987591266632,0.10638752579689026,-0.22090540826320648,-0.2708442509174347,0.17776751518249512,0.31191837787628174,-0.09918016195297241,-0.2152981162071228,-0.15658770501613617,0.35775065422058105,-0.23526841402053833,-0.1976436972618103,0.11803453415632248,0.12948232889175415,0.02568862773478031,-0.17412079870700836,0.3171854615211487,-0.08575316518545151,-0.1512184739112854,-0.2334558665752411,-0.05537760257720947,1.4031566381454468,-0.20177415013313293,0.34232252836227417,0.2890251874923706,0.41455984115600586,0.24978426098823547,-0.11208552867174149,0.38438880443573,-0.05206766352057457,-0.23404407501220703,0.806871771812439,0.29232093691825867,0.17299233376979828,0.2878929078578949,-0.12197425961494446,-0.0029167565517127514,0.02091265842318535,0.14525577425956726,-0.00029056932544335723,0.22673434019088745,-0.017202261835336685,0.8053906559944153,-0.1993633657693863,0.6440496444702148,-0.0488898940384388,0.011834065429866314,-0.012291093356907368,-0.1241101548075676
124,303,310,326,332,0.9753143787384033,-0.21404439210891724,0.5201380252838135,1.1679357290267944,-0.23423804342746735,-0.18623346090316772,0.5423722863197327,-0.0724206492304802,-0.20844420790672302,-0.19821853935718536,0.18988150358200073,0.1945478618144989,-0.09536244720220566,0.4887896776199341,0.7068539261817932,-0.11497201025485992,-0.17324185371398926,0.9091461896896362,0.2929267883300781,0.05572861433029175,0.34852200746536255,0.4347608983516693,0.4714393615722656,0.6808140277862549,0.13251200318336487,0.6821429133415222,-0.13425935804843903,-0.13871289789676666,1.1166781187057495,0.38525962829589844,-0.23571263253688812,-0.14510971307754517,-0.08770725131034851,0.6715289354324341,-0.14005745947360992,0.13308221101760864,-0.12403067201375961,0.6056045293807983,-0.18651433289051056,0.17917095124721527,0.5214816331863403,0.07315286993980408,0.44117262959480286,0.9471396207809448,0.05952681601047516,0.19959129393100739,-0.18436574935913086,1.9602631330490112,0.697239875793457,0.3962874412536621,0.4585910439491272,0.47962167859077454,0.5625431537628174,-0.20524819195270538,-0.09103306382894516,-0.11870230734348297,1.0128105878829956,0.8454810380935669,0.5274791717529297,-0.2278057187795639,0.7103333473205566,0.16635626554489136,0.1513473242521286,0.7137445211410522,0.4817357659339905,-0.20326846837997437,-0.07409888505935669,0.0648275688290596,1.0556672811508179,0.1837940216064453,1.0655419826507568,0.526904821395874,-0.10844223946332932,0.48484528064727783,-0.23243188858032227,-0.013034715317189693,0.52458256483078,0.09854669868946075,0.5150097608566284,-0.2101578265428543,0.04178402200341225,0.04923572018742561,-0.2675725519657135,0.11582408845424652,0.39944660663604736,-0.08902280777692795,-0.20332741737365723,-0.19017945230007172,0.5972743034362793,-0.252555251121521,0.5270479917526245,0.0778176486492157,0.4871271848678589,-0.1855679154396057,-0.03150390088558197,-0.12061190605163574,-0.26340925693511963,0.03675980865955353,-0.24420881271362305,-0.0722152516245842,0.43452781438827515,0.11989013105630875,0.6611462831497192,0.37521621584892273,0.7214427590370178,0.6699021458625793,0.4686613082885742,0.5889163613319397,-0.007363203447312117,-0.22341153025627136,1.0827996730804443,0.21727699041366577,0.3257547914981842,0.4172648787498474,0.07701640576124191,0.28369075059890747,0.48408159613609314,0.31812694668769836,0.5020802617073059,0.24196399748325348,-0.17169830203056335,0.6366913914680481,-0.08409353345632553,0.7470746636390686,0.10572728514671326,-0.0012709067668765783,0.23101456463336945,-0.13836994767189026
125,260,252,278,269,0.6884799599647522,-0.24919617176055908,-0.1488523930311203,1.0937182903289795,-0.22951363027095795,-0.24628382921218872,0.594097375869751,-0.21357102692127228,0.2837831676006317,-0.2131933867931366,-0.0655890628695488,-0.2587898373603821,-0.07423879951238632,0.045730140060186386,0.7187020778656006,-0.17307977378368378,-0.09505364298820496,0.6760315895080566,-0.23795856535434723,0.500028669834137,0.24413421750068665,0.19189104437828064,0.7143983840942383,1.2290151119232178,0.024545684456825256,0.5015313625335693,-0.11087196320295334,-0.2526543438434601,0.23060250282287598,0.21310603618621826,-0.26204824447631836,-0.09332460165023804,-0.16856449842453003,0.563073456287384,-0.21263337135314941,0.20980723202228546,0.026733390986919403,0.6956496238708496,-0.23610474169254303,0.11785873770713806,0.21976110339164734,-0.031366851180791855,0.14700323343276978,0.890911877155304,0.7666757106781006,0.19571031630039215,-0.11749111115932465,1.5714257955551147,0.011615559458732605,0.39089149236679077,1.048167109489441,0.5334936380386353,0.9524986147880554,-0.2553120255470276,0.8337463140487671,-0.20547136664390564,0.7029163837432861,1.1669954061508179,1.402016520500183,-0.22654573619365692,0.40600502490997314,0.08206844329833984,-0.028587181121110916,0.28252843022346497,0.3087347745895386,0.3637981712818146,-0.11060105264186859,0.08201756328344345,0.32828763127326965,-0.16608360409736633,0.7592546939849854,-0.08727026730775833,-0.08554992824792862,0.6500111818313599,-0.16541540622711182,0.04952605068683624,0.46322256326675415,-0.20310527086257935,-0.129141703248024,-0.08171635866165161,0.16421398520469666,-0.22959072887897491,-0.24231252074241638,-0.178108811378479,0.46546193957328796,-0.1473221778869629,-0.25499939918518066,-0.14324882626533508,0.9582973718643188,-0.23088973760604858,-0.06122177466750145,0.058780115097761154,0.012125778943300247,-0.03907284140586853,-0.05373062193393707,0.18113192915916443,-0.19127213954925537,0.2945745587348938,-0.2613872289657593,0.012404832988977432,1.526354432106018,-0.02908714860677719,0.07926806062459946,0.4590322971343994,0.8431503772735596,0.3375720977783203,-0.09097667038440704,0.23916001617908478,-0.12357961386442184,-0.20711307227611542,1.688833236694336,0.21057096123695374,0.131755530834198,0.5435051918029785,-0.04359538108110428,-3.9692968130111694e-06,0.3591710329055786,0.19452205300331116,-0.06909317523241043,0.10881949961185455,-0.09647496044635773,0.6410051584243774,-0.1800796389579773,0.7263598442077637,0.09463750571012497,0.08955743908882141,-0.1976006180047989,-0.1395820677280426
126,203,293,220,310,0.607318639755249,-0.21916013956069946,-0.150989830493927,1.220150351524353,-0.21687644720077515,-0.1396191269159317,0.239578515291214,-0.00820713210850954,-0.24996280670166016,-0.13446635007858276,0.14206543564796448,-0.16904118657112122,-0.07461533695459366,-0.061487093567848206,1.0862421989440918,-0.08539757877588272,-0.23401914536952972,1.0351612567901611,-0.07877996563911438,0.19085147976875305,0.23964841663837433,0.6911754012107849,0.15404528379440308,0.951910674571991,0.5241768956184387,0.6909693479537964,-0.08638747781515121,-0.09653633087873459,0.27287110686302185,0.42035895586013794,-0.01780368946492672,0.05105139687657356,-0.0971713438630104,0.6015625,-0.1209908202290535,0.004258579574525356,0.02666458860039711,0.4376288056373596,0.08025382459163666,0.60649573802948,0.661000669002533,0.22304780781269073,0.4207322895526886,0.011546813882887363,-0.010482775047421455,0.4477682113647461,-0.02744293212890625,1.4700016975402832,0.0843329131603241,0.09150835126638412,0.6403086185455322,0.7730712890625,0.2575855255126953,-0.1679999679327011,0.1142268031835556,-0.2616499960422516,0.878081738948822,0.40001800656318665,0.44425949454307556,-0.219935804605484,0.37080809473991394,0.11749234795570374,0.10872496664524078,0.23714753985404968,-0.17152203619480133,-0.17509904503822327,-0.23458963632583618,-0.01600852981209755,1.4700541496276855,0.009422454982995987,0.8781833052635193,0.3770337700843811,-0.09622055292129517,0.4460453391075134,-0.178252711892128,-0.009802784770727158,1.0466923713684082,-0.06465695798397064,0.3979673981666565,-0.20141051709651947,0.06864645332098007,0.08267663419246674,-0.2579178214073181,0.2954089343547821,0.7158057689666748,-0.1536857932806015,-0.19635902345180511,-0.2293185591697693,0.9339204430580139,-0.22134655714035034,0.37074488401412964,0.10855402797460556,0.6306573152542114,-0.03168664500117302,-0.09874198585748672,-0.017865419387817383,-0.19358974695205688,0.055037811398506165,-0.2120353877544403,-0.10837999731302261,1.3062676191329956,0.40734755992889404,0.2410375475883484,0.27947717905044556,0.4471692442893982,0.3172038495540619,0.4931171238422394,0.31829506158828735,-0.0754733607172966,-0.14807885885238647,1.715798258781433,0.4554223418235779,0.1729213148355484,0.5211583375930786,0.03070070967078209,0.3129642605781555,0.196497842669487,0.21828940510749817,0.4807957112789154,0.14427728950977325,-0.053087230771780014,0.8428316116333008,-0.1880365014076233,0.6935203075408936,0.15210731327533722,-0.0579511933028698,-0.09017500281333923,-0.04130733385682106
127,221,85,238,99,0.8976051211357117,-0.2413172423839569,0.24411453306674957,1.1918293237686157,-0.1339658796787262,-0.1843036562204361,0.3987142741680145,-0.12926600873470306,-0.27391552925109863,-0.21080224215984344,0.43906551599502563,0.6709743738174438,-0.05968710407614708,0.5749527215957642,0.5180174112319946,-0.13368286192417145,-0.2662631869316101,0.9529324769973755,-0.23363152146339417,0.14094671607017517,0.17099128663539886,0.5575110912322998,0.31781452894210815,0.9162316918373108,-0.0542868971824646,1.0968271493911743,-0.11144150793552399,-0.24807925522327423,0.8376153111457825,0.9250730276107788,-0.002698078751564026,0.15710844099521637,-0.13215205073356628,0.44703346490859985,-0.17659246921539307,0.024652719497680664,-0.036152154207229614,0.8219773769378662,-0.14868421852588654,-0.057512879371643066,0.37308692932128906,0.07376443594694138,0.19453564286231995,0.7337924242019653,-0.16300827264785767,0.2398974746465683,-0.18672233819961548,1.2948744297027588,0.3959376811981201,0.1735866218805313,0.4345923364162445,0.7356507182121277,0.43672075867652893,-0.2112361639738083,-0.05922462046146393,-0.15040358901023865,0.7538319230079651,0.9901927709579468,0.6352778673171997,-0.2655569314956665,0.1617206633090973,0.47354620695114136,0.008979946374893188,0.9427867531776428,0.6155779957771301,-0.13185161352157593,-0.2402842789888382,0.15633058547973633,0.7965264916419983,0.3171502649784088,1.2799019813537598,0.35605132579803467,0.051592323929071426,0.706661581993103,-0.1893727332353592,0.1028507649898529,0.3521246612071991,0.08411228656768799,0.09645473957061768,-0.09635286033153534,0.04641695320606232,-0.12201187759637833,-0.2679692506790161,0.011530175805091858,0.3256668746471405,-0.15534548461437225,-0.2095804661512375,-0.18795844912528992,0.31405115127563477,-0.2154293954372406,0.2857167720794678,0.05610768496990204,0.26187318563461304,-0.07841914892196655,-0.09084102511405945,-0.006466865539550781,-0.2657366096973419,-0.08533945679664612,-0.2212856113910675,-0.07884512841701508,0.608678936958313,0.516360878944397,0.5297935009002686,0.11414513736963272,1.463578462600708,0.4131826162338257,0.05403655767440796,-0.18661293387413025,-0.12472625821828842,-0.015472706407308578,1.2126121520996094,0.27557092905044556,0.06353622674942017,0.5417926907539368,-0.01946757733821869,0.21273939311504364,0.31517621874809265,0.46990227699279785,0.40182483196258545,0.14734581112861633,-0.18230870366096497,0.696234941482544,-0.24318577349185944,0.6645917296409607,0.21827107667922974,-0.18493327498435974,0.008552059531211853,-0.07576113939285278
128,110,295,129,312,0.6280884742736816,-0.24945203959941864,-0.007628589868545532,1.1556475162506104,-0.22109754383563995,0.05932731553912163,0.6400561332702637,-0.2498306781053543,-0.0743459165096283,-0.09439319372177124,-0.02660578489303589,-0.11921005696058273,-0.18302559852600098,0.10662298649549484,1.1344634294509888,-0.22675742208957672,-0.2383636236190796,2.4446041584014893,-0.054974962025880814,-0.11693847179412842,-0.0720001682639122,0.29252150654792786,0.6075788140296936,1.1383615732192993,0.2889936864376068,1.0958224534988403,-0.061121683567762375,-0.06730321794748306,0.4441033899784088,0.37133917212486267,0.06240300461649895,0.05917677283287048,-0.19548194110393524,0.6750385165214539,-0.2143183946609497,0.11856243759393692,0.1816837340593338,0.905630350112915,0.5852400064468384,-0.15760259330272675,0.8343842625617981,0.1868685483932495,0.06434157490730286,0.53401780128479,0.17023718357086182,1.0907092094421387,-0.014365102164447308,2.29203724861145,0.16266559064388275,0.2221689224243164,0.5367037057876587,1.4794855117797852,0.8048571944236755,-0.09252827614545822,0.5430849194526672,-0.1676560640335083,1.3583532571792603,-0.04304066300392151,1.0054844617843628,-0.23359280824661255,0.19755537807941437,-0.15749506652355194,-0.03714607283473015,0.12354733794927597,-0.04619034752249718,-0.2049289494752884,-0.0726020559668541,-0.1556456834077835,0.7627633213996887,-0.22098617255687714,0.723308265209198,0.2665075659751892,-0.22576184570789337,0.12332791090011597,-0.1626325100660324,0.03749900683760643,1.26738440990448,-0.07539301365613937,0.17576855421066284,-0.18725056946277618,0.03496698662638664,-0.23874258995056152,-0.2565886676311493,0.06486737728118896,1.8118246793746948,-0.10785771161317825,-0.22725452482700348,-0.17834818363189697,0.6549286246299744,-0.23840689659118652,-0.24967648088932037,-0.13415394723415375,0.7325272560119629,0.09854809194803238,-0.12167487293481827,0.2407311052083969,-0.06804222613573074,-0.10256602615118027,-0.2586316764354706,-0.10645174235105515,1.4877928495407104,0.09419535845518112,0.24756745994091034,0.5135684609413147,1.2035151720046997,0.14538714289665222,-0.05623313784599304,0.6645638942718506,-0.1307501345872879,-0.19890213012695312,2.116164207458496,0.46356043219566345,0.25012779235839844,0.9979537129402161,-0.015952691435813904,0.2547154128551483,-0.017760219052433968,0.4159336984157562,0.2493029087781906,0.22105853259563446,-0.0012286901473999023,0.8973002433776855,-0.1670539528131485,0.9627247452735901,-0.0001745497138472274,0.383299320936203,-0.10103350877761841,-0.0653267577290535
129,95,284,115,301,0.7481824159622192,-0.2516533434391022,-0.15905821323394775,1.1237126588821411,-0.19296514987945557,-0.21352356672286987,0.7341146469116211,-0.22139278054237366,-0.21627646684646606,-0.16824515163898468,0.19718284904956818,-0.010799156501889229,-0.17573529481887817,0.01054599229246378,0.8769190311431885,-0.17402935028076172,-0.23423004150390625,1.2392334938049316,-0.19068290293216705,0.03653586283326149,0.1706368327140808,0.29310494661331177,0.34614431858062744,1.0002299547195435,-0.0011484159622341394,0.8523324728012085,-0.17865727841854095,-0.18700425326824188,0.3102191686630249,0.588494062423706,-0.10941485315561295,0.24948209524154663,-0.156629741191864,0.4988647997379303,-0.19059592485427856,0.0743168443441391,-0.030213691294193268,0.4570978581905365,-0.10938429832458496,0.013902902603149414,0.44787612557411194,0.048114191740751266,-0.04093056917190552,0.23937034606933594,-0.07401272654533386,0.4235936403274536,-0.04597190394997597,1.5231266021728516,0.37592995166778564,0.24319778382778168,0.5575264096260071,0.9278550744056702,0.5773059129714966,-0.21815378963947296,0.19267719984054565,-0.2371501922607422,0.9991992115974426,0.39424383640289307,0.6738315224647522,-0.25984442234039307,0.7843914031982422,0.0597347691655159,-0.07538198679685593,0.6507288813591003,-0.07382674515247345,-0.12803658843040466,-0.18779313564300537,0.1794394850730896,0.896056592464447,-0.008811397477984428,0.6430181860923767,0.12744705379009247,-0.0731930062174797,0.5700442790985107,-0.18437626957893372,0.03159264102578163,0.52895587682724,-0.09093299508094788,-0.03442385420203209,-0.14992566406726837,0.06587428599596024,-0.22977215051651,-0.2622007727622986,-0.003921031951904297,1.0665522813796997,-0.17717774212360382,-0.19848434627056122,-0.17744609713554382,0.3409305810928345,-0.24714142084121704,-0.0027134071569889784,0.010708499699831009,0.4495583772659302,-0.06271034479141235,-0.0665501058101654,-0.0005446937284432352,-0.2306976020336151,-0.03449820727109909,-0.25207510590553284,-0.08184434473514557,0.818202555179596,0.26111292839050293,-0.06177123263478279,0.5014222264289856,0.7518032789230347,0.5305624604225159,-0.08156049251556396,0.45242446660995483,-0.10483226180076599,-0.2270895093679428,1.638321876525879,0.2932991683483124,0.2863941788673401,0.5671120285987854,0.08119376748800278,0.22146837413311005,0.5419845581054688,0.45708703994750977,0.21239911019802094,0.2492634654045105,-0.1168532744050026,0.7209113240242004,-0.14707976579666138,0.8304818272590637,0.12934285402297974,0.1596781611442566,-0.12686613202095032,-0.09645910561084747
130,219,289,233,304,0.5378744602203369,-0.24818426370620728,0.17090405523777008,1.2077951431274414,-0.22639229893684387,-0.15540534257888794,0.5630768537521362,-0.12888126075267792,-0.24021928012371063,-0.164906844496727,0.23612931370735168,-0.18876971304416656,-0.16604821383953094,0.5555198192596436,1.1933995485305786,-0.1736924946308136,-0.19018587470054626,1.0049747228622437,-0.009870745241641998,-0.0032747189980000257,0.1411934196949005,0.5884547233581543,0.3724444806575775,0.49138036370277405,0.2542748749256134,0.6058737635612488,-0.12666437029838562,-0.16029776632785797,0.7893384695053101,0.3461769223213196,-0.05146794021129608,0.013853099197149277,-0.16189275681972504,0.9154124855995178,-0.12330479174852371,-0.021622810512781143,0.05692312493920326,0.40387094020843506,0.049228668212890625,0.059520456939935684,0.7038456797599792,0.2626224756240845,0.5705515742301941,0.2999173700809479,0.004574311897158623,0.6913349628448486,0.02065623179078102,2.4271798133850098,0.21015071868896484,0.0969238355755806,0.26329004764556885,0.7738503217697144,0.6246801018714905,-0.1862669587135315,0.1828368604183197,-0.23084518313407898,0.9695408940315247,0.37962931394577026,0.8847454786300659,-0.23118427395820618,0.6873889565467834,0.05126660689711571,0.33374524116516113,1.6202292442321777,0.426513135433197,-0.14209644496440887,-0.16349728405475616,-0.005122300703078508,0.8838338851928711,-0.11725017428398132,1.0598031282424927,0.47827231884002686,-0.20701687037944794,0.36483514308929443,-0.122696653008461,-0.0038770304527133703,0.9029504060745239,-0.1207554042339325,0.5379669070243835,-0.1722901463508606,0.05339204519987106,-0.031636688858270645,-0.22119201719760895,-0.1587723344564438,0.5850293040275574,-0.11623147130012512,-0.1699628233909607,-0.20960597693920135,0.6384187936782837,-0.21199004352092743,0.0901717096567154,-0.06400839239358902,0.5547580718994141,0.013152158819139004,-0.15061895549297333,0.006275127176195383,-0.16433709859848022,0.03193596377968788,-0.16423599421977997,-0.1734192669391632,1.063260793685913,0.10336849093437195,0.09530964493751526,0.2958456873893738,0.642042338848114,0.6866094470024109,0.20325711369514465,0.3523452579975128,0.010169552639126778,-0.1736619472503662,1.3116049766540527,0.4400313198566437,0.6349607110023499,0.748441219329834,-0.033684924244880676,0.2216869294643402,0.36444419622421265,0.2029164880514145,0.36772701144218445,0.13420917093753815,-0.042822256684303284,0.9075126647949219,-0.17428767681121826,0.43657684326171875,0.0798691138625145,-0.03124820813536644,-0.10300341993570328,-0.07592983543872833
131,94,291,112,311,0.833354115486145,-0.2478093057870865,-0.14836740493774414,1.1736090183258057,-0.22622084617614746,-0.21558915078639984,0.5066285729408264,-0.21029798686504364,-0.23433378338813782,-0.16051152348518372,-0.08571615070104599,-0.08925874531269073,-0.17168736457824707,-0.045825764536857605,1.1479860544204712,-0.18096964061260223,-0.24858814477920532,1.6893166303634644,-0.18761897087097168,0.06272411346435547,0.33802419900894165,0.5884237289428711,0.4711431860923767,1.3608551025390625,0.1519906222820282,0.9208651781082153,-0.17770403623580933,-0.19077995419502258,0.05958819389343262,0.6941871047019958,-0.11858737468719482,0.3383817672729492,-0.15628525614738464,0.7302550077438354,-0.17931382358074188,0.08853716403245926,0.05614107847213745,0.6647617816925049,-0.0612138956785202,-0.11178464442491531,0.8488647937774658,0.12842459976673126,0.15371304750442505,0.5773740410804749,0.07039695233106613,0.6875208020210266,0.022642670199275017,1.799397587776184,0.27446699142456055,0.1121668815612793,1.0167502164840698,1.1981310844421387,0.867212176322937,-0.21406914293766022,0.3481484055519104,-0.2399798035621643,1.6370412111282349,0.5923154354095459,1.1405388116836548,-0.23901480436325073,0.5724584460258484,-0.019605031237006187,-0.06131235882639885,0.42201340198516846,-0.1189616397023201,-0.1732768714427948,-0.17911753058433533,-0.017196159809827805,0.7237299084663391,-0.1370786875486374,0.776866614818573,0.4393041431903839,-0.16187040507793427,0.429673969745636,-0.16830609738826752,0.04823955148458481,0.5720388889312744,-0.04923788085579872,0.04351094737648964,-0.1711621880531311,0.19200237095355988,-0.190841943025589,-0.2638096511363983,-0.15391328930854797,1.135356068611145,-0.13708524405956268,-0.20458455383777618,-0.1921091079711914,0.501636266708374,-0.24388748407363892,0.01798245683312416,0.03775598108768463,0.39733651280403137,0.004275086801499128,-0.03929821029305458,0.13987180590629578,-0.230130136013031,0.036308858543634415,-0.2669355869293213,-0.13283687829971313,0.9608733057975769,0.24919411540031433,0.1706235259771347,0.6177430748939514,1.2266161441802979,0.49343591928482056,-0.01844678819179535,0.4551612138748169,-0.17864596843719482,-0.225107803940773,1.8142187595367432,0.6401662826538086,0.47091469168663025,0.659295916557312,-0.014026124030351639,0.39264190196990967,0.07510080933570862,0.5317531824111938,0.5102293491363525,0.10159869492053986,-0.12089557200670242,0.6290407776832581,-0.15037992596626282,0.9157765507698059,0.08951158076524734,-0.07599534094333649,-0.21511873602867126,-0.07426539808511734
132,269,299,285,316,1.015553593635559,-0.2567538022994995,0.17672519385814667,1.1203022003173828,-0.1809898167848587,-0.030389130115509033,0.6783028841018677,-0.15093903243541718,-0.0827161893248558,-0.19321081042289734,0.03088235855102539,-0.24891188740730286,-0.12913276255130768,0.7356016635894775,0.7635774612426758,-0.12662291526794434,-0.162259042263031,1.4236583709716797,0.016805000603199005,0.014260411262512207,0.17458778619766235,0.26875072717666626,0.7037506103515625,0.16915851831436157,-0.05206070840358734,0.737601637840271,-0.12304268777370453,-0.2216956913471222,1.1798776388168335,0.3962140679359436,-0.1762421727180481,-0.19272233545780182,-0.14349356293678284,0.7446720600128174,-0.1605287343263626,-0.02669951319694519,-0.048942212015390396,0.8881356716156006,-0.08107582479715347,0.029744446277618408,0.4258180558681488,0.0691726952791214,0.10087813436985016,0.6804710030555725,0.15511959791183472,0.40368878841400146,-0.10806237161159515,1.7039304971694946,0.19575448334217072,0.24574226140975952,0.4262602627277374,0.7759504318237305,1.0050923824310303,-0.19302943348884583,0.23891623318195343,-0.09076675772666931,0.8705424070358276,0.3277837038040161,0.7912558317184448,-0.23948127031326294,0.26942065358161926,0.23179759085178375,0.019436223432421684,0.6485525369644165,0.7276000380516052,-0.0008558299741707742,-0.0822901576757431,0.14935004711151123,0.716407060623169,0.010308821685612202,0.7628958821296692,0.26863574981689453,-0.1619884967803955,0.2896895408630371,-0.15457388758659363,-0.01567588932812214,1.3002029657363892,-0.06619122624397278,0.46552154421806335,-0.18668702244758606,0.18800149857997894,-0.1534402072429657,-0.24086421728134155,-0.16908402740955353,0.6573178172111511,-0.15179739892482758,-0.21788814663887024,-0.17254045605659485,0.6655736565589905,-0.2419450283050537,0.004104352556169033,-0.0760994404554367,0.8233823776245117,-0.16115042567253113,-0.019526515156030655,-0.062436267733573914,-0.21824584901332855,0.00795002095401287,-0.20387661457061768,-0.057627253234386444,0.8264395594596863,-0.03441287577152252,0.16634927690029144,0.3955009877681732,1.0225918292999268,0.363500714302063,0.11353988200426102,0.30107375979423523,-0.17499104142189026,-0.1709490418434143,1.495048999786377,0.15420645475387573,0.1622825562953949,0.6184483766555786,0.14342720806598663,0.13247738778591156,0.6246845722198486,0.1438625603914261,0.2099582850933075,0.19858397543430328,-0.09874793142080307,0.7803370356559753,-0.13224823772907257,0.6456419229507446,-0.006497442722320557,0.24945852160453796,-0.027541961520910263,-0.14891678094863892
