id,x0,y0,x1,y1,f0,f1,f2,f3,f4,f5,f6,f7,f8,f9,f10,f11,f12,f13,f14,f15,f16,f17,f18,f19,f20,f21,f22,f23,f24,f25,f26,f27,f28,f29,f30,f31,f32,f33,f34,f35,f36,f37,f38,f39,f40,f41,f42,f43,f44,f45,f46,f47,f48,f49,f50,f51,f52,f53,f54,f55,f56,f57,f58,f59,f60,f61,f62,f63,f64,f65,f66,f67,f68,f69,f70,f71,f72,f73,f74,f75,f76,f77,f78,f79,f80,f81,f82,f83,f84,f85,f86,f87,f88,f89,f90,f91,f92,f93,f94,f95,f96,f97,f98,f99,f100,f101,f102,f103,f104,f105,f106,f107,f108,f109,f110,f111,f112,f113,f114,f115,f116,f117,f118,f119,f120,f121,f122,f123,f124,f125,f126,f127
0,294,170,327,199,0.17655453085899353,-0.22026008367538452,-0.09769532829523087,1.0263328552246094,-0.09765639901161194,-0.06481997668743134,0.09692507982254028,-0.2156183123588562,-0.017292022705078125,-0.24396935105323792,0.2782383859157562,0.29675811529159546,-0.07612946629524231,0.18614590167999268,0.0625545084476471,-0.15229956805706024,-0.22990620136260986,-0.25610119104385376,-0.15086796879768372,-0.16741977632045746,-0.2075243592262268,0.1581931710243225,0.06550364196300507,1.0871399641036987,0.3244450092315674,0.6618834733963013,-0.0631103366613388,0.03906510770320892,0.3516606092453003,0.5371547937393188,-0.2600901424884796,-0.23710724711418152,0.08273881673812866,0.22577287256717682,-0.19268715381622314,-0.12763158977031708,-0.23098182678222656,0.15544821321964264,-0.20835638046264648,0.1420244723558426,-0.1764000654220581,-0.1707678735256195,-0.010858982801437378,0.037201568484306335,-0.23756295442581177,-0.21999409794807434,-0.2211158126592636,0.3124197721481323,0.972339928150177,0.49944451451301575,0.7636271119117737,-0.07230324298143387,0.33110299706459045,-0.20082274079322815,0.3066543936729431,-0.22707191109657288,-0.0022199973464012146,0.6043927669525146,0.7215549945831299,-0.24991083145141602,0.3070761561393738,0.5669040679931641,0.05976387858390808,-0.2539394199848175,0.2798152565956116,-0.24459099769592285,0.3081018030643463,0.07444857805967331,0.25718605518341064,0.7290049195289612,0.8341937065124512,-0.1988121122121811,-0.12376619130373001,0.20024806261062622,-0.13755488395690918,-0.16712909936904907,-0.09608630836009979,-0.25668734312057495,-0.15962739288806915,-0.20094743371009827,0.2583339214324951,-0.250194787979126,-0.2591216564178467,1.843843698501587,-0.11000323295593262,-0.04358217865228653,-0.1343112587928772,-0.188836008310318,0.261156290769577,-0.20428743958473206,-0.2590772807598114,0.3224560022354126,-0.08367151021957397,-0.26107048988342285,1.1698201894760132,-0.21015873551368713,-0.23852482438087463,0.06402251124382019,-0.2145209163427353,0.07848013937473297,0.443882018327713,0.11010582745075226,0.35552456974983215,0.20567788183689117,0.01246558129787445,0.4379844069480896,0.07822301983833313,0.4396664798259735,-0.18955419957637787,0.15288473665714264,0.053440093994140625,-0.09393472969532013,0.13018330931663513,-0.18604090809822083,0.7238521575927734,-0.1884392946958542,0.39247941970825195,0.05434944108128548,-0.0037173479795455933,0.13004986941814423,-0.15257683396339417,0.3065408766269684,-0.17608991265296936,0.7282860279083252,-0.030289895832538605,0.29473361372947693,-0.01292402297258377,-0.1995699107646942
1,544,446,581,479,0.24826595187187195,-0.23548297584056854,0.4532410502433777,1.0805902481079102,-0.1840466409921646,0.009078413248062134,0.11629707366228104,-0.23508372902870178,-0.2631499469280243,-0.24099785089492798,0.15817607939243317,-0.22043377161026,-0.015119925141334534,0.26913177967071533,0.4452686011791229,-0.2257324457168579,0.31634536385536194,-0.17202986776828766,-0.12343499809503555,0.08271762728691101,-0.17102636396884918,0.5607293248176575,0.27562224864959717,0.19213706254959106,1.0503194332122803,1.1889041662216187,-0.030192017555236816,-0.11144796013832092,0.48860833048820496,0.2898309826850891,-0.0039442479610443115,-0.18527518212795258,0.154172882437706,0.2852734327316284,-0.20963837206363678,-0.07515721023082733,-0.14176340401172638,-0.03362458199262619,-0.1747378259897232,0.21962851285934448,-0.0075797587633132935,-0.020932108163833618,0.11780763417482376,0.19213660061359406,0.03780341148376465,0.04287581145763397,-0.2374509871006012,1.0756291151046753,0.44701510667800903,0.15623310208320618,0.3576246201992035,0.9604518413543701,-0.054522555321455,0.1400139480829239,-0.0876813679933548,-0.21618247032165527,-0.11892037093639374,0.21065984666347504,0.9088967442512512,-0.21589654684066772,0.21786969900131226,0.12065500766038895,-0.021157214418053627,-0.1911560297012329,-0.17849095165729523,-0.15437936782836914,0.4707135558128357,-0.10142623633146286,1.277382493019104,0.21827301383018494,0.5881137847900391,0.33537694811820984,-0.17672236263751984,0.10483452677726746,0.059852540493011475,-0.21688489615917206,1.3479868173599243,0.04809482395648956,0.687423050403595,-0.11147578060626984,0.458390474319458,-0.24318167567253113,-0.2625136077404022,0.3044999837875366,0.0711832195520401,-0.20050613582134247,-0.09249331057071686,-0.1430061012506485,0.026798270642757416,-0.2086181342601776,-0.00928640365600586,0.20924000442028046,0.8172436356544495,-0.22249463200569153,-0.04627780616283417,-0.18613487482070923,-0.1553085446357727,0.3130244016647339,-0.26399683952331543,0.17085805535316467,0.7786808013916016,-0.04095126688480377,0.5793708562850952,0.35749268531799316,0.24930806457996368,-0.00982058048248291,-0.1652362197637558,0.6056111454963684,0.0030069872736930847,-0.1918187439441681,1.002652645111084,-0.156891867518425,-0.19670242071151733,0.4531422257423401,0.07227664440870285,-0.021609902381896973,-0.027853883802890778,-0.2430228441953659,-0.09978048503398895,0.07912880927324295,-0.029648801311850548,0.9754853248596191,0.12116275727748871,0.59303879737854,-0.02493024617433548,0.17640675604343414,0.5821803212165833,-0.1755874902009964
2,391,520,414,541,0.7140589356422424,-0.2515726089477539,0.020211702212691307,0.9827632904052734,-0.12541425228118896,-0.27814191579818726,0.40784141421318054,-0.20546895265579224,-0.27020764350891113,-0.24137574434280396,0.8106685280799866,-0.2688133716583252,-0.03507077693939209,0.536591649055481,-0.04047606885433197,-0.19486425817012787,-0.2603718638420105,-0.27742093801498413,-0.26226872205734253,-0.26770609617233276,-0.20654979348182678,0.004599668551236391,0.40214768052101135,-0.2015300691127777,-0.08078408241271973,-0.23737362027168274,-0.14447782933712006,-0.18479059636592865,0.7581833600997925,0.33888405561447144,-0.2661912143230438,-0.19009503722190857,-0.10136116296052933,0.32402753829956055,-0.19496001303195953,-0.270988792181015,-0.23645706474781036,0.33559495210647583,-0.27783894538879395,-0.0053367577493190765,-0.27514052391052246,-0.2149919867515564,-0.27114272117614746,0.3092253506183624,-0.024795981124043465,-0.22846555709838867,-0.2535502016544342,0.5615412592887878,0.36946552991867065,0.35125237703323364,0.2203008383512497,-0.16040755808353424,0.5998287200927734,-0.21747428178787231,0.08064724504947662,-0.24733798205852509,-0.27744507789611816,0.1177084892988205,0.3814987540245056,-0.2783506512641907,0.08707863837480545,1.404757022857666,-0.2037176489830017,-0.14356377720832825,1.1210384368896484,-0.16942600905895233,-0.278270959854126,0.29044705629348755,-0.012420167215168476,0.6493868827819824,0.940997302532196,-0.2543189227581024,-0.14919185638427734,0.31804391741752625,-0.13530461490154266,-0.21610255539417267,0.27952075004577637,-0.2234117090702057,-0.09992875158786774,-0.22461722791194916,-0.08501411974430084,-0.26769503951072693,-0.2716788351535797,0.02312176115810871,-0.004588203504681587,-0.22316661477088928,-0.18219523131847382,-0.20820128917694092,0.4648098051548004,-0.23823955655097961,-0.2702576816082001,0.07371524721384048,0.2341364026069641,-0.2626951336860657,-0.23629382252693176,-0.20778301358222961,-0.2389797568321228,-0.07033275067806244,-0.2477508932352066,0.2518867552280426,0.0547587089240551,0.6668714880943298,0.1762600690126419,0.581234872341156,-0.2455451339483261,0.39457982778549194,0.21918560564517975,-0.27640974521636963,-0.18782971799373627,-0.050504785031080246,-0.2273043841123581,-0.27201753854751587,-0.007613469380885363,-0.08369223028421402,0.37803804874420166,-0.2408674657344818,0.9074156284332275,-0.22721488773822784,-0.23566289246082306,0.25411489605903625,-0.1277315616607666,0.43910032510757446,-0.27827855944633484,0.5298904776573181,-0.06387200206518173,0.07848545163869858,0.06535986810922623,-0.2287999540567398
3,325,640,349,662,-0.2714848816394806,-0.2744373381137848,-0.11143215745687485,1.2479225397109985,-0.11370447278022766,-0.10382549464702606,-0.12194749712944031,-0.2551521062850952,-0.27834057807922363,-0.2603779435157776,0.5306528210639954,-0.2719739079475403,-0.27576106786727905,1.0842959880828857,-0.10833723843097687,-0.2525288164615631,-0.2332826405763626,-0.13950659334659576,-0.09470687806606293,-0.2704962193965912,-0.2424086183309555,0.7496137619018555,-0.2553684413433075,-0.12951476871967316,1.635694980621338,-0.216111958026886,-0.1595311015844345,-0.18163737654685974,-0.2784379720687866,-0.2777358889579773,-0.1499888300895691,-0.22276419401168823,-0.2742171883583069,0.45294028520584106,-0.17292749881744385,-0.27444738149642944,0.0224167387932539,-0.10643499344587326,-0.24135300517082214,-0.21561890840530396,-0.2686691880226135,0.1842353492975235,1.5972537994384766,0.37020185589790344,-0.27817365527153015,-0.2749365568161011,-0.2784643769264221,1.2981797456741333,3.9512228965759277,0.37411966919898987,0.8428317308425903,-0.22058019042015076,-0.22434453666210175,-0.22673553228378296,0.019682707265019417,-0.17000870406627655,-0.26283368468284607,0.9352928400039673,2.4828832149505615,-0.23394498229026794,-0.0508180670440197,-0.06403141468763351,0.014668538235127926,-0.13980306684970856,-0.25388285517692566,-0.27807533740997314,-0.25614237785339355,-0.19844044744968414,-0.2771432101726532,0.05612067133188248,0.21415241062641144,-0.14976103603839874,-0.2678329348564148,0.338924378156662,0.14486390352249146,-0.16945262253284454,-0.20497193932533264,-0.22038708627223969,-0.21372975409030914,-0.21866896748542786,1.0708919763565063,-0.11706331372261047,-0.2750069200992584,-0.12802378833293915,-0.11943943053483963,-0.14963585138320923,-0.2694995403289795,-0.23982107639312744,-0.27637940645217896,-0.27837154269218445,-0.26289355754852295,0.40093496441841125,-0.26736220717430115,-0.1554919332265854,-0.2535274028778076,0.19957832992076874,-0.277458518743515,-0.27574622631073,0.08072253316640854,-0.19630067050457,-0.23847299814224243,-0.20664888620376587,0.05294089391827583,0.041681498289108276,-0.17598846554756165,0.7928006052970886,-0.09283985942602158,0.016450131312012672,0.2265729457139969,-0.11839774250984192,-0.2751005291938782,-0.017168836668133736,-0.2532443404197693,-0.27748483419418335,-0.25723329186439514,-0.1400717794895172,-0.052700288593769073,-0.07468167692422867,-0.023779122158885002,0.011734754778444767,-0.13738997280597687,0.125799760222435,-0.22029127180576324,0.7139800190925598,-0.2064816653728485,-0.23273496329784393,-0.10588991641998291,-0.21108613908290863
4,738,226,766,252,-0.26914551854133606,-0.2762323319911957,0.32815074920654297,1.2637680768966675,-0.12116343528032303,0.10448437929153442,-0.2723768651485443,-0.2779766321182251,-0.25687578320503235,-0.2463337928056717,1.0763609409332275,-0.15567174553871155,-0.2533958852291107,2.161776065826416,0.06996769458055496,-0.2758522033691406,-0.12180443853139877,-0.1764363795518875,-0.27190789580345154,0.2167574018239975,-0.2775549292564392,2.4263501167297363,-0.2583569884300232,-0.27450355887413025,1.7321794033050537,-0.2779882252216339,-0.227272167801857,-0.27580907940864563,-0.27022480964660645,-0.27767327427864075,-0.14388668537139893,-0.27084845304489136,-0.27047789096832275,0.13750772178173065,-0.2209242731332779,-0.12933863699436188,-0.07169034332036972,-0.14636854827404022,-0.15662401914596558,-0.27401599287986755,-0.27746039628982544,0.03609050065279007,0.9525935053825378,0.9458122849464417,-0.26386186480522156,-0.2578333616256714,-0.2552312910556793,1.1627799272537231,1.3252863883972168,-0.26409009099006653,0.7574657201766968,0.7895954251289368,-0.27692487835884094,-0.08454760909080505,0.15838125348091125,-0.1974153369665146,-0.2675492763519287,1.2593474388122559,2.1222589015960693,-0.27817830443382263,-0.2665560841560364,-0.20133759081363678,-0.08493130654096603,0.5250756144523621,-0.26620063185691833,0.03583226352930069,-0.2707498371601105,0.028817269951105118,-0.2777130603790283,-0.1275675892829895,0.32509076595306396,-0.25919514894485474,-0.22178740799427032,0.3917323052883148,0.2944653332233429,-0.1780272275209427,-0.2470133751630783,-0.2515965402126312,0.07471616566181183,-0.08985947072505951,0.8200591802597046,-0.25463154911994934,-0.26936259865760803,1.0543971061706543,-0.20695482194423676,-0.18663713335990906,-0.19233821332454681,-0.14682205021381378,-0.2240999937057495,-0.2777516841888428,-0.23199495673179626,0.45836707949638367,-0.27559688687324524,-0.16613131761550903,-0.2564961910247803,0.22716841101646423,-0.26157158613204956,-0.27686917781829834,-0.17995835840702057,-0.095402292907238,-0.2579847276210785,-0.13546542823314667,0.4409879148006439,-0.1606350839138031,-0.21525439620018005,0.3865903317928314,-0.24490873515605927,0.2620757520198822,0.7717041969299316,-0.27122920751571655,-0.23163312673568726,-0.158169686794281,-0.2662840187549591,-0.2497016191482544,-0.2613721787929535,-0.20298029482364655,-0.2389531135559082,-0.2560877203941345,-0.15191064774990082,0.3719859719276428,-0.1215539202094078,0.3117009699344635,-0.10440398007631302,0.23975883424282074,-0.24458293616771698,-0.2745833396911621,-0.1593620777130127,-0.20809492468833923
5,826,313,850,334,0.978939414024353,-0.2468748390674591,-0.054536037147045135,0.9172398447990417,-0.08218096196651459,-0.27483177185058594,0.24993222951889038,-0.24098046123981476,-0.2770484685897827,-0.24785447120666504,0.7424087524414062,-0.23960420489311218,-0.0737200379371643,0.7776600122451782,0.002444818615913391,-0.22784142196178436,-0.23921269178390503,-0.2660963833332062,-0.2379981279373169,-0.266171395778656,-0.20423752069473267,0.09119316935539246,0.23529034852981567,-0.21065571904182434,-0.1258128434419632,-0.10856771469116211,-0.09331641346216202,-0.25819969177246094,0.7932901978492737,0.5047672390937805,-0.2704176604747772,-0.24586033821105957,0.03344915062189102,0.22930842638015747,-0.2199777215719223,-0.27325522899627686,-0.2627331614494324,0.2786734104156494,-0.27363306283950806,-0.08867666125297546,-0.2762213349342346,-0.2474142611026764,-0.26358044147491455,-0.019555993378162384,0.08519583195447922,-0.19459211826324463,-0.27063360810279846,0.6057695150375366,-0.025799866765737534,0.13115771114826202,0.23636242747306824,0.01738598942756653,0.24551743268966675,-0.17370054125785828,-0.10684271156787872,-0.21508002281188965,-0.2610771059989929,-0.010998044162988663,0.15954117476940155,-0.25504809617996216,-0.024719983339309692,0.8943865895271301,-0.15954840183258057,-0.24552661180496216,1.840395212173462,-0.1952853500843048,-0.2618182897567749,0.2703307867050171,-0.04357581585645676,0.4707708954811096,1.2673485279083252,-0.2618083357810974,-0.18711146712303162,0.017845846712589264,-0.016832131892442703,-0.247776061296463,0.5136035084724426,-0.25916147232055664,-0.17063406109809875,-0.1302148699760437,-0.14375881850719452,-0.2630956768989563,-0.26160022616386414,0.06920325756072998,0.23498770594596863,-0.21819844841957092,-0.21271371841430664,-0.13709917664527893,0.38236141204833984,-0.26738375425338745,-0.17945076525211334,-0.012743491679430008,0.06972238421440125,-0.23609882593154907,-0.2755899429321289,-0.17103862762451172,-0.23306280374526978,-0.03724551200866699,-0.26394760608673096,0.423005610704422,0.4913182854652405,0.28162816166877747,0.1513836532831192,0.3036346435546875,-0.27046892046928406,-0.05584612861275673,0.13693778216838837,-0.09963429719209671,-0.22310523688793182,-0.2067195177078247,-0.22442790865898132,-0.27233678102493286,-0.25861597061157227,0.18173979222774506,0.33588624000549316,-0.25433653593063354,0.20335336029529572,-0.26826900243759155,-0.2479752004146576,0.3072149157524109,-0.08628007769584656,0.4841170012950897,-0.277680367231369,0.7974751591682434,-0.1671420782804489,0.2605869770050049,0.6884905099868774,-0.21385371685028076
6,415,350,435,369,0.23928818106651306,-0.2618403434753418,-0.08395147323608398,1.0930461883544922,-0.13798370957374573,-0.2504655122756958,0.03089980036020279,-0.21840964257717133,-0.26723551750183105,-0.2306058406829834,0.34522730112075806,-0.2375515103340149,0.08913916349411011,-0.04622188210487366,0.8319953083992004,-0.17437973618507385,-0.21482393145561218,-0.2509196102619171,-0.24274808168411255,-0.21172413229942322,-0.12934479117393494,0.8125817775726318,0.38121676445007324,0.8016460537910461,0.6400031447410583,-0.20475897192955017,-0.12394171208143234,-0.20544900000095367,0.046850044280290604,0.20383773744106293,-0.21980132162570953,0.14887408912181854,-0.11256550997495651,0.35881727933883667,-0.223180890083313,-0.2105843424797058,-0.013425014913082123,0.08834631741046906,-0.26230865716934204,-0.14021509885787964,-0.2643886208534241,-0.012797340750694275,-0.014249160885810852,0.20269396901130676,0.17344465851783752,-0.19021466374397278,-0.2050892561674118,0.6206207871437073,-0.06903696805238724,0.051373135298490524,0.9311801195144653,0.4559905230998993,0.16980057954788208,-0.2306583672761917,0.14674174785614014,-0.18413090705871582,-0.19160014390945435,0.29686668515205383,1.2097772359848022,-0.23035933077335358,-0.11437015235424042,0.5221246480941772,-0.15348345041275024,-0.23965704441070557,-0.07391411066055298,-0.158677339553833,-0.24298349022865295,0.028195153921842575,0.01837124675512314,0.3727415204048157,0.9176685810089111,-0.15961554646492004,-0.17330509424209595,-0.034328214824199677,0.139398455619812,-0.08443432301282883,0.06985336542129517,-0.23541197180747986,-0.2475757598876953,-0.16142646968364716,-0.08902765065431595,-0.27544063329696655,-0.27219003438949585,-0.15380851924419403,0.003759332001209259,-0.06653684377670288,-0.0582229420542717,-0.2033633291721344,0.20294490456581116,-0.2535772919654846,-0.2558532953262329,0.08209265023469925,0.20247647166252136,0.07547156512737274,-0.2310531884431839,0.2339731901884079,-0.030440524220466614,0.04744400084018707,-0.26205071806907654,0.12922930717468262,1.0825170278549194,0.1437622457742691,0.02994099073112011,0.1176605373620987,-0.21823057532310486,0.026122312992811203,-0.10428126901388168,-0.20691631734371185,-0.16976003348827362,-0.15589722990989685,-0.10093247145414352,0.13162827491760254,-0.20887771248817444,-0.20403683185577393,0.2702769935131073,-0.19025641679763794,0.15514880418777466,-0.2279224991798401,-0.23478707671165466,0.006642812862992287,-0.04226795583963394,0.5182182788848877,-0.232667475938797,0.2639974355697632,-0.10680687427520752,0.15271103382110596,-0.12486355006694794,-0.017665676772594452
7,100,360,125,382,0.6999715566635132,-0.2577531933784485,0.04136453941464424,0.9894766807556152,-0.07642880082130432,-0.27271491289138794,0.5885671973228455,-0.2784132957458496,-0.27580901980400085,-0.2233618050813675,0.8227208256721497,-0.23357099294662476,-0.2672424614429474,1.177482008934021,0.32539311051368713,-0.21862280368804932,-0.23551461100578308,-0.236912801861763,-0.2485109269618988,-0.24794484674930573,-0.2601693272590637,0.4858075976371765,0.11272428184747696,-0.22239889204502106,-0.05835651233792305,-0.27244189381599426,-0.08287733048200607,-0.0957733541727066,1.1295561790466309,-0.08282416313886642,-0.2757416367530823,-0.2610483169555664,-0.11243662238121033,0.4996085464954376,-0.10091076046228409,-0.2779465615749359,-0.25695329904556274,-0.14675913751125336,-0.278096467256546,0.045942775905132294,-0.2740488052368164,-0.21358801424503326,-0.21894828975200653,0.3161291480064392,-0.14594078063964844,-0.21372301876544952,-0.27819371223449707,0.5453917980194092,0.9261956214904785,0.3620389401912689,0.27378419041633606,0.2086477279663086,0.6302195191383362,-0.18851065635681152,0.28405091166496277,-0.25662925839424133,-0.2489677518606186,0.21109111607074738,0.5581877827644348,-0.2665851414203644,0.29900431632995605,1.11300790309906,-0.19825401902198792,-0.06957073509693146,1.8242040872573853,-0.2784537971019745,-0.27630147337913513,0.36467817425727844,-0.08414418995380402,0.6549445986747742,1.04791259765625,-0.2494213730096817,-0.1524398922920227,-0.03016834892332554,-0.04519198462367058,-0.27606073021888733,0.45817768573760986,-0.2764977514743805,0.0726584866642952,-0.24616330862045288,0.016570182517170906,-0.27746790647506714,-0.27114272117614746,0.13360679149627686,0.15672947466373444,-0.2781786024570465,-0.109258271753788,-0.2287743240594864,0.12490073591470718,-0.2725641429424286,-0.26220592856407166,0.036134954541921616,0.12318305671215057,-0.2550915479660034,-0.2457364946603775,-0.14515891671180725,-0.26146164536476135,-0.10372652113437653,-0.2606125771999359,0.23131315410137177,0.04921581223607063,-0.1622871607542038,0.17281529307365417,0.6557084918022156,-0.2619359493255615,0.6977848410606384,0.4192867875099182,0.12099423259496689,-0.2776191830635071,-0.1436534821987152,-0.260848730802536,-0.27735230326652527,0.42023447155952454,0.09213964641094208,0.2921466529369354,-0.2342485934495926,0.705759584903717,-0.2507334053516388,-0.056568074971437454,0.5015324354171753,-0.08503960072994232,0.32611575722694397,-0.25422048568725586,0.7812329530715942,-0.14043250679969788,-0.004467746242880821,0.4081866145133972,-0.23347947001457214
8,92,407,120,434,0.5303195714950562,-0.2731335163116455,-0.15649783611297607,1.0540975332260132,-0.14276938140392303,-0.2530769407749176,-0.02312604710459709,-0.22709867358207703,-0.17605923116207123,-0.1989823579788208,0.4998626708984375,-0.2435881644487381,-0.04749981686472893,0.5036661624908447,0.3942393660545349,-0.22805488109588623,0.4556615650653839,-0.19507154822349548,-0.22864042222499847,-0.21600058674812317,0.027767136693000793,0.21285560727119446,0.2992607355117798,0.1350354552268982,-0.05216196924448013,0.06616464257240295,-0.12326964735984802,-0.23787587881088257,0.17994996905326843,0.1226419135928154,-0.2290298342704773,0.11296318471431732,-0.08405572175979614,0.3902408480644226,-0.19459903240203857,0.33281928300857544,0.009238243103027344,0.12702272832393646,0.1632651686668396,-0.12849479913711548,-0.11625009775161743,-0.008942008018493652,-0.26067590713500977,-0.10142134875059128,0.39059633016586304,-0.1529223769903183,-0.06237833946943283,0.7001702785491943,0.013299107551574707,0.10023395717144012,0.5027581453323364,0.1319834440946579,0.2782094180583954,-0.23248988389968872,0.7696528434753418,-0.20298004150390625,-0.020210839807987213,0.4782854914665222,0.8348232507705688,-0.22240975499153137,-0.23115476965904236,0.4180912375450134,-0.07079029828310013,-0.21224276721477509,0.557727575302124,0.0655800849199295,-0.03428546339273453,0.10642382502555847,-0.10072129219770432,0.2095767855644226,0.5991144776344299,-0.20553076267242432,-0.1713557094335556,0.10262984782457352,0.07081687450408936,-0.0820801854133606,0.602522611618042,-0.25897863507270813,-0.18126672506332397,-0.14396676421165466,-0.04501235485076904,-0.26484501361846924,-0.26243847608566284,0.02042742818593979,0.3030870258808136,-0.13549186289310455,-0.17358574271202087,-0.13824385404586792,0.25224798917770386,-0.2610790431499481,-0.231510192155838,0.08135096728801727,0.057198621332645416,0.09560846537351608,-0.24707931280136108,0.29977983236312866,-0.14126889407634735,0.02599775418639183,-0.2649465799331665,0.2172221541404724,1.2834538221359253,-0.07162062078714371,-0.012569252401590347,0.08791553974151611,-0.19959691166877747,-0.051404085010290146,-0.013055175542831421,0.16406145691871643,-0.1920606791973114,-0.17941255867481232,1.1016366481781006,0.19992373883724213,-0.2481052279472351,-0.055435724556446075,0.2152094841003418,-0.16733625531196594,0.25459176301956177,-0.268149197101593,-0.15063148736953735,0.1798199862241745,-0.0749458447098732,0.7608368992805481,-0.22205062210559845,0.3829229176044464,-0.15104135870933533,0.2797665297985077,-0.04785137623548508,-0.12052038311958313
9,854,372,878,394,-0.27842608094215393,-0.2663804888725281,0.25877127051353455,1.1675424575805664,-0.05502244457602501,-0.12391596287488937,-0.27295732498168945,-0.25588327646255493,-0.20051203668117523,-0.19150076806545258,3.6728100776672363,-0.19508056342601776,-0.2784530520439148,1.9710537195205688,-0.2766282856464386,-0.23343217372894287,-0.18452778458595276,-0.020451555028557777,-0.2567993402481079,-0.27057909965515137,-0.23736214637756348,0.5852301716804504,-0.26747140288352966,-0.27584877610206604,0.7064434289932251,-0.2600996196269989,0.32595276832580566,-0.254744291305542,0.5384723544120789,-0.24286741018295288,-0.06658308207988739,-0.14398841559886932,-0.24690009653568268,0.9558740854263306,-0.25308123230934143,-0.23347261548042297,-0.020518217235803604,-0.17698395252227783,-0.06926213204860687,-0.27694961428642273,-0.20479005575180054,0.12435397505760193,0.2770334482192993,2.4942033290863037,-0.13820937275886536,-0.2771667540073395,-0.21059642732143402,1.8477277755737305,2.3517861366271973,0.8093792796134949,-0.1773584485054016,-0.1028570681810379,0.19444379210472107,0.2566416561603546,-0.25262385606765747,-0.2240312546491623,-0.16210131347179413,2.297067642211914,0.6083824038505554,-0.1875014752149582,0.16408395767211914,0.8734473586082458,0.2289247363805771,3.3261497020721436,0.5271295309066772,-0.16251817345619202,-0.27841460704803467,2.1767513751983643,-0.18842968344688416,1.046653389930725,0.7086663246154785,-0.24491941928863525,-0.2766484022140503,0.7715892195701599,-0.24857591092586517,-0.2645054757595062,-0.13722112774848938,-0.26409754157066345,0.4819868206977844,-0.038318414241075516,-0.2776152789592743,-0.2516506314277649,-0.22573310136795044,0.7602526545524597,-0.11820926517248154,-0.016353998333215714,-0.10593490302562714,-0.1500454843044281,-0.26873019337654114,-0.27582865953445435,-0.27707281708717346,0.18401341140270233,-0.1105489730834961,-0.13095638155937195,-0.258925199508667,0.6190844178199768,-0.2745581865310669,-0.187204509973526,-0.07794032245874405,-0.2630036771297455,-0.2435896396636963,-0.10557747632265091,2.3458855152130127,0.07750781625509262,-0.11937158554792404,0.3109781742095947,-0.2155991941690445,-0.26830795407295227,0.36600735783576965,-0.21650806069374084,-0.1449003964662552,-0.18785536289215088,0.07616578042507172,-0.25392985343933105,-0.24091200530529022,-0.14471079409122467,0.27746662497520447,0.06462883204221725,0.3538651466369629,0.1710839867591858,-0.22641679644584656,0.0610647052526474,-0.2576983571052551,1.1377103328704834,-0.04751964285969734,-0.18839401006698608,-0.21629801392555237,-0.27830326557159424
10,434,336,454,354,-0.27670276165008545,-0.25283944606781006,-0.2752256393432617,1.523564338684082,-0.06286271661520004,-0.08248434215784073,-0.2703854739665985,-0.27118149399757385,-0.26586654782295227,-0.1437564641237259,-0.2169477939605713,-0.21275071799755096,-0.220970019698143,0.3106366693973541,1.6017165184020996,-0.2609665095806122,-0.25311121344566345,-0.27413374185562134,-0.17472070455551147,0.012467378750443459,-0.2766186594963074,4.080914497375488,-0.2713736593723297,1.0555344820022583,3.6609556674957275,-0.27414998412132263,-0.25416335463523865,0.006014029495418072,-0.15399856865406036,-0.2772628962993622,-0.1637193113565445,0.10358332097530365,-0.2713494300842285,0.25650474429130554,-0.26081427931785583,-0.18435809016227722,0.6899219155311584,-0.014025992713868618,-0.2469925880432129,-0.2578252851963043,-0.26193371415138245,0.4991150200366974,0.8741474151611328,0.5963327288627625,-0.262191504240036,-0.20240914821624756,-0.24290449917316437,1.371680736541748,0.1723228394985199,-0.1597166359424591,2.440670967102051,2.0619587898254395,-0.2779032289981842,-0.2653060257434845,0.5324949026107788,-0.16970941424369812,-0.13757234811782837,1.8283984661102295,3.7662007808685303,-0.27380287647247314,-0.2077810913324356,-0.26390647888183594,-0.24114571511745453,-0.2574763298034668,-0.2644231915473938,-0.27390119433403015,-0.2624237537384033,-0.2700561285018921,-0.2649804949760437,-0.13201020658016205,1.4637000560760498,-0.19206970930099487,-0.2726273536682129,-0.24553480744361877,0.6644647121429443,0.38664382696151733,-0.08702518045902252,-0.1558210402727127,-0.25938254594802856,-0.0657687783241272,1.5540350675582886,-0.27789005637168884,-0.26833468675613403,0.004488543141633272,-0.11810483038425446,-0.1353788673877716,-0.24981096386909485,-0.11794818192720413,-0.26271042227745056,-0.2777627110481262,-0.2768179774284363,0.4272093176841736,-0.083858922123909,0.8591473698616028,-0.27224570512771606,1.0342421531677246,-0.10431665182113647,-0.252975195646286,-0.26800537109375,-0.1940973848104477,0.19454166293144226,-0.1707773208618164,-0.029586421325802803,-0.2599802613258362,-0.1677790880203247,0.35700538754463196,-0.21493428945541382,-0.15529419481754303,-0.02499942108988762,-0.2714175581932068,-0.26936134696006775,0.7373855710029602,-0.23210397362709045,-0.27655869722366333,-0.27414602041244507,-0.0678192600607872,-0.06319469213485718,-0.25396114587783813,-0.22145996987819672,-0.27522650361061096,0.09253626316785812,-0.11005203425884247,-0.2695041298866272,0.0212339386343956,-0.20798087120056152,-0.22520628571510315,-0.07397447526454926,0.31012070178985596
11,250,860,276,883,0.41733354330062866,-0.2573588490486145,-0.15905144810676575,1.0907292366027832,-0.11674152314662933,-0.27045363187789917,0.3232573866844177,-0.2518894672393799,-0.24486495554447174,-0.22336450219154358,0.37983617186546326,-0.2469533234834671,-0.036056410521268845,0.03189399465918541,0.2484891265630722,-0.17780397832393646,-0.26041215658187866,-0.2670896649360657,-0.23793905973434448,-0.23430272936820984,-0.013015799224376678,-0.05822623893618584,0.17781558632850647,1.4358118772506714,-0.09267061203718185,0.807285487651825,-0.10529588162899017,-0.25678750872612,0.25015243887901306,0.6899949312210083,0.060325950384140015,0.2015833556652069,-0.025602787733078003,0.3013978600502014,-0.20994743704795837,0.10812446475028992,0.019315093755722046,0.009563915431499481,-0.2723822295665741,-0.029937442392110825,-0.15394963324069977,0.0031773746013641357,-0.15098755061626434,0.29148098826408386,0.7819698452949524,-0.16055670380592346,-0.006978683173656464,0.5680521130561829,0.17472782731056213,0.30270689725875854,1.1717323064804077,0.4762220084667206,0.18843773007392883,-0.203044593334198,0.17611929774284363,-0.19491137564182281,0.106485515832901,0.3284955620765686,1.18876314163208,-0.23913785815238953,0.08809183537960052,0.7109159231185913,-0.09445492923259735,-0.1821131706237793,0.1612541228532791,0.09786257147789001,-0.17197078466415405,0.027104221284389496,0.17514100670814514,0.6473208665847778,0.5942264795303345,-0.22095440328121185,-0.11692985147237778,0.0002829506993293762,-0.1452798694372177,-0.007537148892879486,-0.011902157217264175,-0.2475244402885437,-0.24630844593048096,-0.15988583862781525,-0.03635255619883537,-0.26625746488571167,-0.2571011185646057,-0.12072805315256119,0.11820226907730103,-0.23060481250286102,-0.20447294414043427,-0.17119599878787994,0.18188157677650452,-0.256979763507843,-0.21527829766273499,0.1103251725435257,-0.006725020706653595,0.11834968626499176,-0.11078155785799026,0.11447646468877792,0.007580161094665527,0.21059510111808777,-0.260482519865036,0.11803829669952393,1.2470200061798096,0.15784640610218048,0.06373085826635361,0.18171872198581696,-0.2620963156223297,-0.04352087900042534,-0.028842777013778687,-0.21607181429862976,-0.2432647943496704,-0.09927000850439072,0.30710649490356445,0.27945104241371155,-0.20496653020381927,-0.14383921027183533,0.3038792014122009,-0.11585637181997299,0.5451781749725342,-0.19582155346870422,-0.19441738724708557,0.11643670499324799,-0.08617102354764938,0.4271243214607239,-0.21262037754058838,0.5281227231025696,0.014380976557731628,0.18731606006622314,-0.03209258243441582,-0.04382402449846268
12,406,382,424,398,0.31488192081451416,-0.26596930623054504,-0.01877378672361374,0.9682151079177856,-0.10511800646781921,-0.2686176896095276,0.14366331696510315,-0.22513103485107422,-0.2592334449291229,-0.2774626910686493,0.7060918211936951,-0.2580108344554901,0.16160926222801208,0.04345157742500305,-0.07875100523233414,-0.18801476061344147,-0.24137890338897705,-0.24423959851264954,-0.22293007373809814,-0.2410871386528015,-0.18868941068649292,0.15288442373275757,0.6498313546180725,0.04903247207403183,0.146783247590065,-0.2240474671125412,-0.05438335984945297,-0.25109219551086426,0.11097351461648941,0.4254167079925537,-0.24029293656349182,-0.23551154136657715,0.009015246294438839,0.2119823843240738,-0.21699096262454987,-0.2783113121986389,-0.2541692554950714,0.21680592000484467,-0.2744438350200653,-0.07342277467250824,-0.26807019114494324,-0.23294858634471893,-0.2713293433189392,0.10684473067522049,0.09984530508518219,-0.22121348977088928,-0.2454904168844223,0.48732200264930725,-0.03710947185754776,0.1039126068353653,0.5483659505844116,-0.18579846620559692,0.40776634216308594,-0.19583483040332794,0.033491529524326324,-0.14733529090881348,-0.27551862597465515,-0.0644855946302414,0.4733611047267914,-0.23512579500675201,-0.10408595949411392,0.7367575168609619,-0.09592252224683762,-0.23712052404880524,0.032689083367586136,-0.20191431045532227,-0.2731354236602783,0.08037198334932327,0.18587234616279602,0.436012864112854,0.6444163918495178,-0.2558666169643402,-0.1656491905450821,0.05715193971991539,-0.06741426140069962,-0.26081332564353943,-0.05633251741528511,-0.2702813446521759,-0.2446378916501999,-0.16616295278072357,-0.06533011794090271,-0.277605801820755,-0.26924532651901245,-0.19424790143966675,-0.007777884136885405,-0.1597035974264145,-0.16515326499938965,-0.15282659232616425,0.5634147524833679,-0.2634633183479309,-0.24734371900558472,0.1917402744293213,0.14659157395362854,-0.2550859749317169,-0.2481209635734558,-0.23147360980510712,-0.20828351378440857,0.1450560986995697,-0.2712588310241699,0.2975158989429474,0.26619061827659607,0.31166332960128784,0.19872401654720306,0.22653940320014954,-0.27794331312179565,0.0404999777674675,-0.05398709699511528,-0.246213898062706,-0.09731943905353546,-0.1645534783601761,-0.16170118749141693,-0.27457138895988464,-0.19499564170837402,-0.16160333156585693,0.3638123869895935,-0.2664789855480194,0.14345340430736542,-0.27509382367134094,-0.25637152791023254,0.04520844295620918,-0.1264926940202713,0.6624933481216431,-0.27184754610061646,0.28810006380081177,-0.13436131179332733,0.14105822145938873,-0.06278979033231735,-0.21218933165073395
13,466,219,484,236,0.9897727966308594,-0.21663770079612732,0.05214449390769005,0.9440011382102966,-0.06988968700170517,-0.27606746554374695,0.18238557875156403,-0.2761906683444977,-0.2635819613933563,-0.2605152130126953,0.7031978368759155,-0.2697997987270355,-0.14115609228610992,0.5249024629592896,0.03466249257326126,-0.1862785369157791,-0.23737554252147675,-0.2672516703605652,-0.25114938616752625,-0.26924780011177063,-0.22027289867401123,0.11732998490333557,0.13530054688453674,-0.0922166258096695,-0.16603626310825348,-0.1780707985162735,-0.07003595679998398,-0.25382253527641296,0.7232634425163269,0.49508023262023926,-0.2781200706958771,-0.27462175488471985,-0.03304843604564667,0.5118873119354248,-0.1649520993232727,-0.27844399213790894,-0.26347824931144714,0.06835702061653137,-0.2784566879272461,-0.1898675560951233,-0.26588916778564453,-0.23157812654972076,-0.2763451933860779,0.3589155077934265,0.32302549481391907,-0.24954664707183838,-0.2255045622587204,0.45111772418022156,0.3763800859451294,0.18437090516090393,0.2799758017063141,0.05968595668673515,0.49367615580558777,-0.18632300198078156,-0.06473655253648758,-0.2615772783756256,-0.27841243147850037,0.26165762543678284,0.3854444921016693,-0.2780798077583313,0.31414559483528137,0.9655481576919556,-0.10811950266361237,-0.004891262389719486,1.5919451713562012,-0.22603827714920044,-0.27845266461372375,0.3617050349712372,-0.04902046546339989,0.7028828263282776,1.434480905532837,-0.22832494974136353,-0.11022508144378662,0.00669680442661047,0.009948955848813057,-0.275717556476593,0.3368705213069916,-0.20708909630775452,-0.17367620766162872,-0.17990563809871674,-0.108974888920784,-0.27846428751945496,-0.27737048268318176,-0.10397403687238693,0.16558903455734253,-0.22589413821697235,-0.2165968269109726,-0.18747705221176147,0.07544303685426712,-0.27130672335624695,-0.20994636416435242,0.0019242395646870136,-0.0037292568013072014,-0.23583628237247467,-0.26321354508399963,-0.13645204901695251,-0.2633703052997589,0.0032036076299846172,-0.278206467628479,0.31174641847610474,0.15446774661540985,0.26023226976394653,0.13406336307525635,0.6043737530708313,-0.27564746141433716,0.37730973958969116,0.0956152006983757,-0.2684003710746765,-0.2447310835123062,-0.05689298361539841,-0.24520419538021088,-0.27716657519340515,-0.20931436121463776,0.04770491644740105,0.37285512685775757,-0.2384759783744812,0.538901686668396,-0.25081655383110046,-0.21141469478607178,0.2669317126274109,-0.13725067675113678,0.4052872955799103,-0.2784557342529297,0.6638567447662354,-0.04824865981936455,0.1467338353395462,0.785934567451477,-0.20734451711177826
14,887,522,910,543,0.39374423027038574,-0.27846428751945496,0.17941777408123016,1.0288498401641846,-0.08832220733165741,-0.2509874701499939,0.8030500411987305,-0.17282794415950775,-0.27800434827804565,-0.27838897705078125,1.0492699146270752,-0.27670326828956604,-0.10333379358053207,0.8491312861442566,0.08676991611719131,-0.180222749710083,-0.2632855772972107,-0.19030572474002838,-0.2709938883781433,-0.2019483596086502,-0.17255820333957672,0.4084123969078064,0.42411407828330994,-0.18377599120140076,0.19331759214401245,-0.27557045221328735,0.10533660650253296,-0.17235496640205383,0.8994019627571106,-0.23203466832637787,-0.2774127125740051,-0.17440165579319,-0.14036327600479126,1.0783942937850952,-0.16579674184322357,-0.2738739550113678,-0.22070537507534027,-0.06590945273637772,-0.27794674038887024,-0.037054408341646194,-0.22925066947937012,-0.1645277887582779,-0.15136736631393433,0.6428253650665283,-0.06112499162554741,-0.14385156333446503,-0.2588443458080292,1.2574665546417236,0.43487194180488586,0.3471500277519226,0.15013423562049866,-0.15945984423160553,0.7779040336608887,-0.23006053268909454,-0.04172058030962944,-0.1712794452905655,-0.22973284125328064,0.03752763196825981,0.7292270660400391,-0.2613537609577179,-0.012235655449330807,1.1272777318954468,-0.1553017944097519,0.2640090882778168,0.744540810585022,-0.2709176242351532,-0.2774532437324524,0.0712878555059433,0.03637020289897919,0.10382524877786636,0.9924646615982056,-0.1587662547826767,-0.2356128841638565,0.17796452343463898,-0.02732349932193756,-0.23603549599647522,0.06299592554569244,-0.27507278323173523,0.008958360180258751,-0.1596716195344925,-0.15706469118595123,-0.23700131475925446,-0.2780050039291382,-0.2172684520483017,-0.1841471940279007,-0.22589081525802612,-0.1367187649011612,-0.17658545076847076,0.5216677188873291,-0.26338642835617065,-0.27844032645225525,-0.14609414339065552,-0.02101445384323597,-0.27567002177238464,-0.23777666687965393,-0.19429893791675568,-0.26230180263519287,0.011163400486111641,-0.2305384874343872,0.0855712890625,0.28053024411201477,-0.007625536527484655,0.6348641514778137,0.3151886463165283,-0.26550188660621643,0.5496383309364319,0.23712830245494843,-0.27383267879486084,-0.22496233880519867,-0.17602092027664185,-0.25354838371276855,-0.24409152567386627,0.26978325843811035,-0.054785724729299545,0.2377261072397232,-0.21558722853660583,0.6932253837585449,-0.24005478620529175,-0.05697736144065857,0.2751055955886841,-0.13872948288917542,0.7652167081832886,-0.2739347517490387,0.4513673186302185,-0.1259901374578476,-0.04386472702026367,-0.1462341994047165,-0.2089003324508667
15,464,380,487,401,-0.0610567182302475,-0.2595824897289276,-0.24373352527618408,1.2380616664886475,-0.18922770023345947,-0.2368413656949997,0.3790588676929474,-0.2673172354698181,-0.02536403387784958,-0.18309937417507172,-0.12607522308826447,-0.2436087429523468,0.03249718248844147,-0.16466528177261353,1.4711146354675293,-0.09389078617095947,-0.26869338750839233,-0.2526344656944275,-0.24187786877155304,-0.0328269861638546,0.1849321573972702,1.5469532012939453,0.10428100824356079,2.3478779792785645,0.3166658282279968,-0.21515288949012756,0.1627904772758484,-0.21773076057434082,-0.23117762804031372,0.18394538760185242,-0.23946243524551392,0.05184552073478699,-0.21449221670627594,0.7953615188598633,-0.23025117814540863,0.36214351654052734,0.13419045507907867,-0.08629865944385529,-0.2376939058303833,-0.1996975839138031,-0.14781759679317474,0.1401795744895935,0.04524499177932739,0.21245384216308594,0.30537939071655273,-0.17067751288414001,-0.09160410612821579,0.597388744354248,0.022954091429710388,0.23992684483528137,1.9927783012390137,0.9562627077102661,0.3132084608078003,-0.201074481010437,0.49113598465919495,-0.21052466332912445,0.03375630080699921,1.5712885856628418,1.736558198928833,-0.24251647293567657,0.0390181839466095,0.6513106822967529,0.031611695885658264,-0.23875612020492554,0.10949641466140747,0.15409810841083527,-0.24386627972126007,0.2179732322692871,0.1724640429019928,0.6108048558235168,1.5727118253707886,-0.18363933265209198,-0.12136006355285645,-0.008070994168519974,-0.013402966782450676,-0.05026695504784584,-0.20221035182476044,-0.2502349317073822,-0.24312075972557068,-0.15645796060562134,-0.12560009956359863,-0.23925626277923584,-0.26785552501678467,0.041888121515512466,0.3000108003616333,-0.24485641717910767,-0.26459163427352905,-0.27346271276474,-0.016733556985855103,-0.21552708745002747,-0.20336920022964478,0.5958849787712097,-0.20095908641815186,0.2607402205467224,-0.26329195499420166,0.5377422571182251,0.10306388139724731,-0.03739836439490318,-0.2699771523475647,-0.010495543479919434,1.6059362888336182,0.22329367697238922,-0.014325723052024841,0.06798486411571503,-0.18841508030891418,-0.09784945845603943,0.0022402554750442505,-0.21495209634304047,-0.19432002305984497,-0.028485968708992004,0.14109747111797333,0.5490606427192688,-0.17950019240379333,-0.26135218143463135,0.13791291415691376,-0.06729212403297424,-0.032081857323646545,-0.0049783759750425816,-0.04822538420557976,-0.09541048854589462,-0.02634071372449398,0.18707984685897827,-0.23956507444381714,1.0978537797927856,0.029829751700162888,-0.24182908236980438,-0.160421684384346,0.09475227445363998
16,647,228,694,271,0.45388567447662354,-0.19619713723659515,0.2087753564119339,1.0044645071029663,-0.17474770545959473,-0.17951755225658417,0.11008349806070328,-0.1865675449371338,-0.27286776900291443,-0.25551626086235046,0.38076844811439514,-0.2104579657316208,0.042062465101480484,0.09388834238052368,0.1108880415558815,-0.08574803918600082,0.03584176301956177,-0.20992827415466309,0.13566944003105164,-0.23200881481170654,-0.1688346415758133,0.12152589112520218,0.5977044701576233,0.14991624653339386,0.1088680699467659,-0.002594719408079982,-0.12656928598880768,-0.22213274240493774,0.10133769363164902,0.22891397774219513,-0.20987112820148468,-0.11076775193214417,0.02437286078929901,0.40233147144317627,-0.1475730687379837,-0.18180787563323975,-0.25335702300071716,0.13987533748149872,-0.2766592502593994,0.070018470287323,-0.21706783771514893,-0.2161341905593872,0.04238012433052063,0.07770182937383652,0.02508554421365261,-0.20732778310775757,-0.252081036567688,0.47165095806121826,0.1240147054195404,0.2846449315547943,0.3521972894668579,0.035123616456985474,0.40968549251556396,-0.2167193740606308,0.44785475730895996,-0.20362406969070435,-0.062082093209028244,0.0795525386929512,0.4995776414871216,-0.19006340205669403,0.35422268509864807,0.5454654097557068,-0.0029843624215573072,-0.16167178750038147,0.16602225601673126,-0.13580013811588287,0.21224571764469147,0.13616929948329926,0.013571660034358501,0.5680153369903564,0.7062031626701355,-0.22526498138904572,-0.11189710348844528,-0.05095498636364937,-0.15714076161384583,-0.18982236087322235,0.010998542420566082,-0.212661013007164,-0.23165619373321533,-0.24220533668994904,0.16229286789894104,-0.25081324577331543,-0.27442774176597595,0.03796697035431862,-0.04976509511470795,0.3549879789352417,-0.0003231863083783537,-0.18525980412960052,0.23474901914596558,-0.2508316934108734,-0.22714459896087646,0.36867237091064453,0.15554837882518768,-0.24782180786132812,0.17272071540355682,-0.21121859550476074,-0.2298189401626587,-0.07240787148475647,-0.23405928909778595,0.27215126156806946,0.06329088658094406,-0.010912463068962097,0.20641355216503143,0.1586960405111313,-0.23977668583393097,0.2622312009334564,0.11443426460027695,0.5226427912712097,-0.08901598304510117,-0.06092839315533638,0.09309232980012894,-0.23271799087524414,0.22635918855667114,-0.19779755175113678,0.47687506675720215,-0.2309582233428955,0.43650054931640625,-0.243904709815979,-0.21449530124664307,0.04273383691906929,-0.161143496632576,0.36940208077430725,0.3711453974246979,0.5177050232887268,-0.15490573644638062,0.4490349590778351,-0.12845157086849213,-0.21286316215991974
17,345,886,371,910,0.40422701835632324,-0.21602332592010498,-0.06725775450468063,0.9836679697036743,-0.1689377874135971,-0.27300962805747986,0.48206931352615356,-0.24937468767166138,-0.251054048538208,-0.172106072306633,0.4565202295780182,-0.24071773886680603,-0.12647858262062073,0.9859175682067871,0.6150237321853638,-0.19097012281417847,-0.27791792154312134,-0.08295996487140656,-0.20410728454589844,-0.09458078444004059,-0.15023353695869446,0.24611493945121765,0.2284609079360962,-0.05734434351325035,0.25382354855537415,0.19798710942268372,0.1475103199481964,-0.15353822708129883,0.5083533525466919,0.1846146285533905,-0.25804463028907776,0.09460902214050293,-0.048772796988487244,0.23777590692043304,-0.1382148265838623,-0.2782312035560608,-0.264600932598114,0.046687494963407516,-0.254658043384552,-0.026763111352920532,-0.2627439498901367,-0.21822640299797058,-0.1601552814245224,-0.03138508275151253,-0.026295382529497147,-0.01251152902841568,-0.2777200937271118,0.6996096968650818,0.13169261813163757,0.10969362407922745,0.3355405330657959,0.442238986492157,0.26897478103637695,-0.18390002846717834,-0.1032385379076004,-0.21410375833511353,-0.222223162651062,-0.04088185355067253,0.5920891761779785,-0.26936277747154236,0.04529464617371559,0.6558080911636353,-0.010487191379070282,-0.21067580580711365,1.2999080419540405,-0.21528354287147522,-0.2755140960216522,0.2758811116218567,0.0035823946818709373,0.25222131609916687,1.1262873411178589,-0.24229954183101654,-0.11065784841775894,0.052908651530742645,0.1222529411315918,-0.2531828284263611,0.006101697683334351,-0.26736268401145935,-0.22330287098884583,-0.15635952353477478,0.06441265344619751,-0.2693079113960266,-0.2661505341529846,0.10719817876815796,0.2726280987262726,-0.19944623112678528,-0.13418720662593842,-0.19286000728607178,0.3033176362514496,-0.26909250020980835,-0.270005464553833,-0.01388135552406311,-0.003383070230484009,-0.25546011328697205,-0.2637253999710083,-0.1912873089313507,-0.22350692749023438,-0.015286855399608612,-0.2679033875465393,0.30103951692581177,0.7756376266479492,0.0741579532623291,0.1277557611465454,0.2058410495519638,-0.2765752673149109,0.05879230052232742,0.278775155544281,0.5223819017410278,-0.25714612007141113,-0.13595592975616455,-0.21688289940357208,-0.2671249508857727,-0.18887732923030853,0.3195423483848572,0.2485181987285614,-0.23077461123466492,0.3014926612377167,-0.20849308371543884,-0.13869372010231018,0.36042407155036926,-0.06514922529459,0.5626353621482849,-0.19431522488594055,1.1207900047302246,-0.16914096474647522,0.1010068953037262,0.006582275032997131,-0.16399049758911133
18,163,780,187,801,0.11473684757947922,-0.23213765025138855,-0.14242175221443176,1.2469682693481445,-0.10198123753070831,-0.1943756490945816,0.20113860070705414,-0.24680176377296448,-0.21959936618804932,-0.2348838597536087,0.2818702459335327,-0.2599828839302063,-0.03879454731941223,-0.15441522002220154,0.18998010456562042,-0.21749304234981537,-0.20323774218559265,-0.15105469524860382,-0.20830775797367096,-0.23814386129379272,-0.12540890276432037,1.682722806930542,0.06349778175354004,1.7267100811004639,0.061342526227235794,-0.20410320162773132,-0.18175363540649414,-0.2663809657096863,0.07741750776767731,-0.13789135217666626,-0.19484201073646545,-0.21583698689937592,-0.16861644387245178,0.8416175842285156,-0.14226414263248444,-0.15364253520965576,0.21395587921142578,-0.06771840155124664,-0.27095240354537964,-0.2203063666820526,-0.22049930691719055,0.23629114031791687,0.09061034023761749,0.036720432341098785,-0.0339057594537735,-0.20513996481895447,-0.23347637057304382,1.1438535451889038,1.237119197845459,0.11841922998428345,1.2282788753509521,-0.03884609043598175,0.1822938770055771,-0.21454060077667236,0.47264182567596436,-0.16196881234645844,-0.14430418610572815,1.3190200328826904,1.3623241186141968,-0.2699381113052368,0.3418827950954437,0.47198623418807983,-0.11710464209318161,-0.047357745468616486,-0.08945314586162567,-0.2424037605524063,-0.18496939539909363,-0.06472351402044296,0.02507103979587555,0.3276112973690033,1.1368067264556885,-0.25330179929733276,-0.2097076028585434,0.15681439638137817,-0.19791686534881592,-0.15703442692756653,-0.044107768684625626,-0.20415282249450684,-0.20880961418151855,-0.19107156991958618,0.5389909744262695,-0.2299480438232422,-0.276424765586853,-0.20420151948928833,0.4575006067752838,-0.20579098165035248,-0.18237616121768951,-0.17617344856262207,-0.06698563694953918,-0.25252842903137207,-0.26272329688072205,0.9037804007530212,-0.03192341327667236,0.15876063704490662,-0.20143651962280273,0.2804335653781891,-0.23526564240455627,-0.05105110630393028,-0.26642143726348877,-0.062105678021907806,-0.1387365162372589,-0.08573737740516663,-0.021879442036151886,0.20413261651992798,-0.15766823291778564,0.7032897472381592,-0.16210882365703583,-0.26289623975753784,-0.22914424538612366,-0.19989559054374695,0.20382748544216156,0.29948118329048157,0.017285555601119995,-0.23747432231903076,0.08469268679618835,-0.10548818856477737,0.31204918026924133,-0.20827361941337585,-0.1631292849779129,-0.019892901182174683,-0.10797750949859619,0.3115270435810089,-0.24410408735275269,0.4203449785709381,0.03226784989237785,0.0018805339932441711,-0.12187850475311279,-0.028116390109062195
19,555,421,575,439,0.23379473388195038,-0.27840593457221985,0.38111063838005066,0.971790075302124,-0.14730232954025269,-0.24125859141349792,0.2289569079875946,-0.17470701038837433,-0.25995132327079773,-0.27833789587020874,0.46320584416389465,-0.27667874097824097,-0.009380600415170193,0.8637115955352783,-0.11877235025167465,-0.10811478644609451,-0.24829433858394623,0.5268996953964233,-0.2714013159275055,-0.2403639256954193,-0.27232661843299866,0.024380182847380638,1.1170258522033691,0.13593564927577972,0.49416226148605347,-0.267771452665329,0.03173340484499931,-0.11999876797199249,-0.06525588035583496,-0.0891852080821991,-0.2716790735721588,-0.2148658037185669,-0.11007290333509445,1.6644854545593262,-0.23801931738853455,-0.25769978761672974,-0.2381240278482437,1.6584018468856812,-0.26448574662208557,0.2090137004852295,-0.07946179807186127,-0.21579580008983612,-0.22334720194339752,0.6337993741035461,-0.23047509789466858,0.5434461832046509,-0.08151406794786453,0.8400437235832214,0.4812268316745758,0.9685647487640381,0.7360343933105469,-0.2756517827510834,1.92753005027771,-0.25510331988334656,0.4022124707698822,-0.24368417263031006,-0.12539975345134735,-0.16566722095012665,1.315029263496399,-0.21897760033607483,-0.05912188068032265,1.4266269207000732,-0.2546696364879608,-0.09081018716096878,0.6420361399650574,-0.2669488787651062,-0.23343722522258759,0.0950319841504097,0.1405951827764511,-0.2606431543827057,0.8954830169677734,-0.13315966725349426,-0.2463831901550293,0.519332766532898,-0.17630648612976074,-0.22730232775211334,-0.1544695794582367,-0.24691471457481384,-0.2728852927684784,-0.21167510747909546,0.05712658539414406,-0.20958560705184937,-0.2752879559993744,-0.058718279004096985,0.20226705074310303,-0.26462921500205994,-0.2585969865322113,-0.18450963497161865,2.019744634628296,-0.27417975664138794,-0.27111393213272095,0.32586342096328735,0.1873026043176651,-0.27405214309692383,-0.19568373262882233,-0.27845150232315063,-0.26615241169929504,-0.06744924932718277,-0.2354757934808731,0.1436609923839569,0.1496296525001526,0.47919151186943054,0.49442586302757263,0.834265947341919,-0.014226363971829414,1.056157112121582,-0.05489620193839073,-0.2770777642726898,-0.2589276134967804,-0.2241702526807785,-0.042988862842321396,-0.2368495613336563,0.5993841290473938,-0.059777434915304184,0.6447076201438904,-0.2311677634716034,1.1784530878067017,0.21919547021389008,-0.14443811774253845,0.18971921503543854,-0.1419157087802887,0.8237100839614868,-0.2735690176486969,0.5092984437942505,-0.13682417571544647,0.8082639575004578,-0.1530224084854126,-0.21378299593925476
20,735,479,773,512,0.6567077040672302,-0.1983543485403061,0.05392194539308548,1.0808796882629395,-0.22688528895378113,0.05785706266760826,0.22481118142604828,-0.10591229796409607,-0.06499852240085602,-0.23333989083766937,0.26693442463874817,-0.228751078248024,0.0983748733997345,0.26228445768356323,0.3492666482925415,-0.1560744345188141,0.08652619272470474,-0.2201509177684784,0.0673651173710823,0.07361086457967758,-0.02465081959962845,0.26332029700279236,0.5576378703117371,-0.061045169830322266,0.3657439351081848,0.4594738185405731,-0.07431671023368835,-0.07283636927604675,0.17098559439182281,0.627204179763794,-0.14121055603027344,-0.15676142275333405,-0.014586097560822964,0.23710884153842926,-0.13568955659866333,-0.09482590854167938,-0.20630739629268646,0.1545381247997284,0.1727309226989746,-0.09205085784196854,-0.10962429642677307,-0.11500423401594162,-0.08597817271947861,-0.046473823487758636,0.163340225815773,-0.027566857635974884,-0.20560796558856964,0.5965293049812317,0.22696515917778015,0.133337140083313,0.24747902154922485,0.3775627911090851,0.33406442403793335,-0.21816028654575348,0.5358312129974365,-0.26316726207733154,-0.17008167505264282,0.04200334474444389,0.6961838603019714,-0.13107141852378845,0.12557397782802582,0.3583153784275055,-0.029278874397277832,-0.20269684493541718,-0.024833427742123604,-0.1586878001689911,0.4092673659324646,0.11929745227098465,0.12710803747177124,0.22942253947257996,0.4881254732608795,-0.21486780047416687,-0.0794765055179596,0.07426004856824875,-0.0033814210910350084,-0.17932742834091187,0.537496030330658,-0.15390774607658386,-0.1250942349433899,-0.2167230248451233,0.24587048590183258,-0.21587719023227692,-0.27298370003700256,0.04108373448252678,0.5885510444641113,-0.10407206416130066,-0.0846746489405632,-0.16856858134269714,0.19755315780639648,-0.21135836839675903,-0.2169860452413559,0.23015433549880981,0.3993622660636902,-0.26618215441703796,-0.16022054851055145,-0.12204495817422867,-0.2060755044221878,0.06008705869317055,-0.2575736939907074,0.1409701704978943,0.031053010374307632,0.19700828194618225,0.0800710916519165,-0.011979344300925732,0.426089882850647,0.20457607507705688,0.05866082012653351,0.40769827365875244,-0.1165333092212677,-0.10601890832185745,0.3417437970638275,-0.17428292334079742,-0.15634609758853912,-0.03999512642621994,0.2725781202316284,-0.09934282302856445,0.13316896557807922,-0.2309042066335678,-0.06136344000697136,0.2595820426940918,-0.11542148143053055,0.6647862195968628,0.08965170383453369,0.4068683385848999,-0.13643772900104523,0.4235903322696686,-0.09892496466636658,-0.1797213852405548
21,856,424,881,448,0.7212282419204712,-0.2614988386631012,-0.1683501899242401,1.050999641418457,-0.07017571479082108,0.13321846723556519,0.19706787168979645,-0.2436055839061737,0.15917488932609558,-0.24152997136116028,0.34507936239242554,-0.20795249938964844,-0.11983897536993027,0.4001886248588562,0.041058413684368134,-0.21610364317893982,0.45907461643218994,-0.2658941149711609,-0.2567165493965149,-0.23295320570468903,-0.16608384251594543,-0.08307932317256927,0.16279616951942444,0.8207560181617737,-0.10758563876152039,1.1948152780532837,-0.03138623386621475,-0.22586487233638763,0.1865045726299286,1.1130582094192505,0.18457800149917603,0.138882577419281,0.18458539247512817,0.22870297729969025,-0.21351401507854462,-0.122564896941185,-0.012980014085769653,0.05252280831336975,-0.00614657998085022,-0.15182729065418243,0.09133021533489227,-0.06446103006601334,-0.19462309777736664,-0.1318604201078415,0.6027514338493347,0.19947312772274017,-0.19541211426258087,0.6919342279434204,0.5736963152885437,0.45984429121017456,0.6486343741416931,0.650192379951477,0.17079171538352966,-0.2302655428647995,0.23085570335388184,-0.21146690845489502,0.06321141123771667,-0.0971183106303215,0.9575234651565552,-0.22496169805526733,0.17387601733207703,0.5193621516227722,-0.16149276494979858,-0.23487795889377594,0.865244448184967,0.39753106236457825,0.9420812129974365,0.09544748067855835,0.0008047744631767273,0.4051530659198761,0.641806423664093,-0.25207048654556274,-0.13490459322929382,0.03505905717611313,-0.10869447886943817,-0.12805920839309692,0.37391605973243713,-0.25788670778274536,-0.23611275851726532,-0.13928371667861938,0.40938887000083923,-0.269426167011261,-0.26165881752967834,0.10378171503543854,0.8686075210571289,-0.24033260345458984,-0.22815802693367004,-0.10763340443372726,0.06699933856725693,-0.20779091119766235,-0.21474412083625793,0.144727423787117,-0.07679209858179092,0.044917166233062744,-0.04863481968641281,0.01498652994632721,-0.18055686354637146,-0.16310188174247742,-0.2573072910308838,0.22572027146816254,0.7042853832244873,0.07025854289531708,-0.03721224516630173,0.27479884028434753,0.05039127916097641,-0.06759163737297058,0.010124161839485168,0.04309685528278351,-0.24938353896141052,-0.2107585370540619,1.2682077884674072,0.024502724409103394,-0.20981447398662567,0.20736956596374512,0.21459634602069855,-0.15709926187992096,0.5561364889144897,-0.140421524643898,-0.1547364443540573,0.09518423676490784,-0.049044378101825714,0.3765740394592285,-0.240606889128685,0.8301345109939575,-0.17124927043914795,0.5271763205528259,0.09155543148517609,-0.08446702361106873
22,669,598,699,626,0.6294451355934143,-0.26842886209487915,-0.12125817686319351,1.0651803016662598,-0.148023784160614,-0.26782217621803284,0.04535432159900665,-0.22878433763980865,-0.213958740234375,-0.19734841585159302,0.46816757321357727,-0.2366085648536682,-0.06660889089107513,0.3491191267967224,0.5818336009979248,-0.2194482982158661,0.7338104248046875,-0.19501599669456482,-0.1839902102947235,-0.1826617419719696,0.1690187007188797,0.5521562099456787,0.36468708515167236,0.10121966153383255,-0.018644191324710846,-0.1971406191587448,-0.11420562863349915,-0.21047109365463257,0.17175815999507904,0.1078125536441803,-0.21139949560165405,0.0054586827754974365,-0.05891583859920502,0.4581301510334015,-0.1664075255393982,0.24509555101394653,-0.04524225741624832,0.10176056623458862,0.03330036997795105,-0.15000471472740173,-0.09542208909988403,-0.028656572103500366,-0.22364607453346252,-0.13592395186424255,0.21986214816570282,-0.15533104538917542,-0.16442015767097473,0.6903296113014221,-0.019303325563669205,0.02260742336511612,0.38344380259513855,0.11598660796880722,0.20371729135513306,-0.21631403267383575,0.5955616235733032,-0.227772057056427,-0.05650287866592407,0.43783101439476013,0.7662568092346191,-0.20299695432186127,-0.13160017132759094,0.38495534658432007,-0.02994343638420105,-0.21522663533687592,0.27029502391815186,0.04440850019454956,-0.0066170841455459595,0.08028453588485718,-0.05792400985956192,0.19121383130550385,0.7462998628616333,-0.20274803042411804,-0.1941315233707428,0.14972573518753052,0.15152062475681305,-0.13609954714775085,0.366644024848938,-0.26702114939689636,-0.15591663122177124,-0.1989055722951889,-0.07542627304792404,-0.2678559422492981,-0.2669491767883301,-0.00690864771604538,0.24134887754917145,-0.07254671305418015,-0.05310907959938049,-0.16851496696472168,0.18942001461982727,-0.24836808443069458,-0.24199233949184418,0.132451593875885,0.16662639379501343,-0.004093661904335022,-0.2510519325733185,0.2952726185321808,-0.17839352786540985,0.15480713546276093,-0.26381024718284607,0.17676565051078796,0.8819481134414673,-0.1122049018740654,-0.022958815097808838,-0.011497564613819122,-0.23079447448253632,-0.011600691825151443,0.018048949539661407,0.17145204544067383,-0.19112929701805115,-0.15930098295211792,0.8848743438720703,0.1638699471950531,-0.26460814476013184,-0.15129037201404572,0.2325349897146225,-0.13840387761592865,0.020982710644602776,-0.27086400985717773,-0.03752361238002777,0.16413402557373047,-0.10027951002120972,0.8330481052398682,-0.20092104375362396,0.327378511428833,-0.16812865436077118,0.21327021718025208,-0.0730089619755745,-0.1108425185084343
23,455,343,478,364,-0.2634684443473816,-0.24760235846042633,0.2228170931339264,0.908738374710083,-0.2585899233818054,-0.25831127166748047,-0.2743060290813446,-0.27650079131126404,-0.12171600013971329,-0.22767342627048492,0.2876652181148529,-0.2773623764514923,-0.22166207432746887,1.3580471277236938,-0.27150028944015503,-0.2733139395713806,-0.1420006901025772,0.9497963190078735,-0.27761632204055786,-0.0681646540760994,-0.2705122232437134,-0.27317777276039124,1.92294180393219,0.1478714495897293,1.0388860702514648,-0.167215496301651,-0.2286655604839325,0.0027750274166464806,-0.2554289400577545,0.775673508644104,-0.2428969293832779,-0.11970273405313492,-0.23322704434394836,1.8478823900222778,-0.27817896008491516,-0.17228439450263977,-0.1804160475730896,2.8906030654907227,-0.19144590198993683,-0.26346901059150696,0.36129286885261536,-0.16930179297924042,-0.2778017222881317,0.5939545035362244,-0.09198214113712311,2.1904311180114746,0.21920520067214966,3.119403839111328,0.33079037070274353,1.6606160402297974,0.19279678165912628,-0.14839737117290497,4.614526748657227,-0.25583258271217346,0.9313467144966125,-0.22743016481399536,-0.2430092990398407,-0.25313442945480347,2.767977237701416,-0.15146110951900482,0.36117422580718994,0.44025304913520813,0.008636134676635265,-0.25338640809059143,0.4480348229408264,-0.2686394453048706,-0.020463669672608376,-0.16564525663852692,-0.2457095980644226,-0.08806655555963516,1.0414680242538452,0.11827975511550903,-0.2722504138946533,1.502312183380127,-0.03905852511525154,-0.25610408186912537,-0.1857413649559021,-0.19793015718460083,-0.18922342360019684,-0.21567238867282867,1.0125657320022583,-0.2633630335330963,-0.27157747745513916,-0.07428500056266785,0.49111711978912354,-0.08041852712631226,-0.2277156412601471,-0.055789075791835785,3.682969570159912,-0.2681894302368164,-0.14561934769153595,0.9512404203414917,-0.23406098783016205,-0.262092262506485,-0.2574892044067383,-0.2719145119190216,-0.2728789448738098,-0.20499302446842194,-0.18459701538085938,0.0850919634103775,-0.2682552635669708,-0.2479245662689209,0.5668370127677917,0.8952704071998596,4.15939998626709,2.214282751083374,-0.2257024496793747,-0.05540827289223671,-0.08372867107391357,-0.2736106812953949,-0.27242806553840637,0.15718862414360046,0.9670356512069702,-0.04065157100558281,0.25574320554733276,0.0724368691444397,1.3492826223373413,2.4498918056488037,-0.1861659437417984,0.20775754749774933,-0.1878378689289093,0.6663130521774292,-0.2530798614025116,1.0158218145370483,-0.27818772196769714,0.08266882598400116,-0.2784603536128998,-0.19493389129638672
24,497,350,521,372,0.10670062899589539,-0.2710404098033905,-0.08901625126600266,1.1872153282165527,-0.13902613520622253,-0.2685588300228119,-0.02605801820755005,-0.22706079483032227,-0.1999843567609787,-0.19636224210262299,0.31803756952285767,-0.25407853722572327,0.04569770395755768,-0.03300788253545761,0.8821350336074829,-0.1986369490623474,0.39628398418426514,-0.21495799720287323,-0.2293398082256317,-0.11835642904043198,-0.021429456770420074,1.5219554901123047,0.16336151957511902,1.0895609855651855,0.9035851955413818,-0.2563396096229553,-0.21221476793289185,-0.2732122838497162,-0.08416791260242462,0.014827534556388855,-0.1999230682849884,-0.214273601770401,-0.15296117961406708,0.6398926973342896,-0.25006863474845886,-0.15419453382492065,0.07025475800037384,0.2806142568588257,-0.2251124083995819,-0.23232245445251465,-0.23743709921836853,0.03756241500377655,0.15710239112377167,0.9410327076911926,-0.025418836623430252,-0.20969060063362122,-0.14579980075359344,1.2407371997833252,-0.09251661598682404,-0.041712887585163116,1.0961979627609253,0.5163904428482056,0.35404959321022034,-0.2520529329776764,0.4900103509426117,-0.177544966340065,-0.06626591831445694,1.121695637702942,1.8296089172363281,-0.2404664158821106,0.023570582270622253,0.25317293405532837,-0.09647997468709946,0.20744040608406067,-0.12844522297382355,0.20962843298912048,-0.14620369672775269,-0.08673664927482605,0.016752228140830994,0.05617062747478485,1.3605148792266846,-0.20387014746665955,-0.2387368530035019,0.049256663769483566,0.10028122365474701,-0.09410513937473297,-0.04003202170133591,-0.24940098822116852,-0.24025243520736694,-0.09813150763511658,0.018707791343331337,-0.2717648446559906,-0.2669038474559784,-0.1451050043106079,-0.1759340465068817,-0.22536632418632507,-0.26196956634521484,-0.19885604083538055,0.0693359375,-0.26842230558395386,-0.2293030321598053,-0.03917034715414047,0.023996833711862564,0.15162870287895203,-0.2317114621400833,0.36560946702957153,-0.13288578391075134,0.009558718651533127,-0.27029865980148315,0.02662064880132675,0.8013622164726257,0.11722584813833237,0.18781109154224396,-0.03654841333627701,-0.2152913510799408,0.2960589826107025,-0.20313340425491333,-0.2519773244857788,0.504828929901123,-0.172361820936203,-0.09768636524677277,0.2510192096233368,-0.08887355029582977,-0.24131283164024353,0.09383150190114975,-0.09834647923707962,0.05731479823589325,-0.19318631291389465,-0.19372068345546722,-0.14969713985919952,-0.11730191111564636,0.5474536418914795,-0.2772102952003479,0.17416323721408844,-0.07331360131502151,-0.14414240419864655,-0.15156911313533783,-0.025097504258155823
25,592,890,617,913,0.35622483491897583,-0.20268264412879944,-0.18314188718795776,1.2233819961547852,-0.20393815636634827,-0.27666980028152466,0.181755930185318,-0.23880527913570404,-0.02828153967857361,-0.11117155849933624,0.11440633237361908,-0.2778553366661072,-0.2054443359375,0.21038442850112915,1.4232957363128662,-0.2006220519542694,1.2213653326034546,-0.16596132516860962,-0.2538265883922577,0.037103742361068726,0.294746994972229,1.9911421537399292,0.006958693265914917,1.3065102100372314,0.10850336402654648,-0.22523504495620728,-0.09689105302095413,-0.20587190985679626,0.25958970189094543,-0.12751531600952148,-0.2517956495285034,0.138286292552948,-0.21363306045532227,0.6872133612632751,-0.09683172404766083,0.5725663304328918,0.13200949132442474,-0.027037132531404495,-0.22878849506378174,-0.1622910350561142,-0.20159566402435303,0.17005905508995056,-0.16812634468078613,0.13676254451274872,0.10421477258205414,-0.1357639580965042,-0.08103176951408386,0.9019798040390015,0.07241211831569672,0.045993030071258545,0.9835962057113647,0.880462646484375,0.13116659224033356,-0.21347811818122864,1.1713629961013794,-0.2685910761356354,0.14382705092430115,1.221064805984497,1.3750756978988647,-0.25263717770576477,0.07450208067893982,0.09995093196630478,-0.10188528895378113,-0.19208882749080658,0.4164428114891052,0.23896168172359467,-0.08783099055290222,0.08244924247264862,0.006303027272224426,0.05042412877082825,1.4195339679718018,-0.21835219860076904,-0.134614959359169,0.14516566693782806,0.0497688427567482,-0.18604324758052826,-0.029686113819479942,-0.2773660123348236,-0.09948267787694931,-0.25378715991973877,0.010758154094219208,-0.23120081424713135,-0.27761927247047424,-0.12548987567424774,0.486891508102417,-0.2467469573020935,-0.21746723353862762,-0.2627630829811096,0.004153192043304443,-0.2555901110172272,-0.2457304298877716,0.00828232429921627,-0.0055064857006073,0.22786402702331543,-0.24857640266418457,0.5833848118782043,-0.10907898098230362,0.08360207080841064,-0.2665756940841675,0.019267283380031586,1.1539151668548584,-0.1453951895236969,-0.08320824801921844,0.010237134993076324,-0.22057850658893585,0.05517476052045822,0.1824318766593933,0.2684697210788727,-0.18484750390052795,-0.19698753952980042,1.2809513807296753,0.6209924221038818,-0.24555103480815887,-0.024892054498195648,0.05972623825073242,-0.07731746882200241,-0.07919205725193024,-0.23594200611114502,0.025793004781007767,0.2445375919342041,-0.08209006488323212,0.5762237906455994,-0.19887793064117432,0.4872768521308899,-0.08854246139526367,-0.0935654416680336,0.04680781438946724,0.055978015065193176
26,448,443,468,461,0.8779646158218384,-0.21110692620277405,-0.03850196674466133,0.970964252948761,-0.07868494838476181,-0.2766743302345276,0.3879205584526062,-0.27528464794158936,-0.2668626606464386,-0.2630566656589508,0.6260181665420532,-0.27804797887802124,-0.19358283281326294,0.6056044101715088,0.044260550290346146,-0.1855732798576355,-0.21196478605270386,-0.2649688124656677,-0.22551804780960083,-0.26960477232933044,-0.27261051535606384,0.2676764130592346,0.005409657023847103,-0.07428397983312607,-0.15933352708816528,-0.23251783847808838,-0.10447947680950165,-0.2620965242385864,0.7983967661857605,0.20320291817188263,-0.27818962931632996,-0.27555227279663086,0.011858472600579262,0.49376243352890015,-0.1892349272966385,-0.2784159481525421,-0.2508743405342102,0.01896635815501213,-0.27846425771713257,-0.16562624275684357,-0.2625768482685089,-0.2058524340391159,-0.27442851662635803,0.27747753262519836,0.20830026268959045,-0.2076687216758728,-0.2077322155237198,0.7418786883354187,0.2504723370075226,0.028473418205976486,0.2665308713912964,0.014871718361973763,0.4934554398059845,-0.16647596657276154,-0.0005512720090337098,-0.24739018082618713,-0.2755078375339508,0.10146143287420273,0.3116426467895508,-0.2777955234050751,0.4602408707141876,0.9841492176055908,-0.0975256934762001,0.2546696960926056,1.8565683364868164,-0.23512758314609528,-0.2734493911266327,0.3314649164676666,-0.028026457875967026,0.4376418888568878,1.7341638803482056,-0.22160503268241882,-0.19374051690101624,-0.05998188629746437,-0.007249975111335516,-0.2778851389884949,0.3385014533996582,-0.25559642910957336,-0.15500092506408691,-0.19417394697666168,-0.06157298386096954,-0.2783864736557007,-0.27846434712409973,-0.2094164490699768,0.21938292682170868,-0.27812159061431885,-0.2554728090763092,-0.1811445653438568,0.1587941199541092,-0.2632879316806793,-0.195947527885437,-0.031667374074459076,-0.06421235203742981,-0.25539976358413696,-0.24330787360668182,-0.12409400194883347,-0.2645835876464844,0.04589344188570976,-0.27787360548973083,0.25200000405311584,0.21109157800674438,0.2522294223308563,0.17138218879699707,0.4820755422115326,-0.27764973044395447,0.4389549493789673,0.05196354165673256,-0.26301172375679016,-0.25694990158081055,-0.05917202681303024,-0.24948377907276154,-0.2765384912490845,-0.07384888082742691,0.19116318225860596,0.2037561684846878,-0.22260628640651703,0.28273022174835205,-0.2561908960342407,-0.20994208753108978,0.3633434772491455,-0.12090663611888885,0.4692535698413849,-0.2752140760421753,0.8679126501083374,-0.04682144150137901,0.02305932156741619,0.5911582708358765,-0.1950632482767105
27,119,688,145,712,-0.0802447497844696,-0.2295829951763153,0.11483146250247955,1.1961216926574707,-0.19904974102973938,0.1389804184436798,0.11159122735261917,-0.27081045508384705,-0.2365131974220276,-0.21575166285037994,0.4456222355365753,-0.19376114010810852,-0.1816473752260208,0.8419175148010254,0.05408753082156181,-0.22321265935897827,2.630283832550049,-0.1424793004989624,-0.22392895817756653,-0.2567901611328125,-0.04328277334570885,-0.15558506548404694,0.0763324648141861,0.09314794838428497,1.8175668716430664,2.1489906311035156,-0.15304885804653168,-0.21139585971832275,0.09426841884851456,1.2712604999542236,-0.06149870902299881,-0.11299635469913483,0.46427780389785767,0.11825719475746155,-0.18809935450553894,-0.27071940898895264,0.08371284604072571,-0.1460600048303604,-0.19480866193771362,-0.19462838768959045,0.08951644599437714,0.09363207221031189,0.06154962629079819,1.3172292709350586,-0.1468023955821991,-0.12850403785705566,-0.20698997378349304,0.8309798240661621,0.6798340678215027,0.4087863564491272,0.6561306118965149,0.45569244027137756,0.12188154458999634,-0.2093309760093689,-0.12340053170919418,-0.14358463883399963,-0.24073362350463867,0.20102155208587646,2.429595947265625,-0.21311047673225403,0.16012907028198242,0.31273943185806274,-0.029524970799684525,0.5080779790878296,0.11210877448320389,0.3585458993911743,2.041715621948242,0.1011350154876709,-0.15581592917442322,0.2236584573984146,0.13904453814029694,-0.19126155972480774,-0.13768741488456726,0.23359668254852295,0.005707122385501862,0.24164952337741852,-0.10515519976615906,-0.27447664737701416,-0.15418782830238342,-0.127977654337883,0.2726324796676636,-0.2654294967651367,-0.25706374645233154,0.14087669551372528,-0.013460993766784668,-0.206316739320755,-0.08043568581342697,-0.0986495167016983,-0.056492701172828674,-0.2034599632024765,-0.1981179267168045,-0.09466343373060226,-0.03593655675649643,0.22417446970939636,-0.2659807801246643,0.2869514524936676,-0.15388071537017822,-0.17287838459014893,-0.21981528401374817,0.0423324778676033,0.7745760083198547,-0.22157570719718933,-0.02050471305847168,0.17224018275737762,0.47088074684143066,0.04766826331615448,-0.0012339353561401367,0.008169695734977722,1.185193657875061,-0.2009960412979126,-0.2714236378669739,0.14838862419128418,-0.19362807273864746,-0.10971933603286743,0.06817559897899628,0.03679020702838898,0.8433426022529602,-0.17162126302719116,-0.04227752611041069,-0.014812834560871124,-0.061990056186914444,0.26773256063461304,-0.17024816572666168,0.4257352352142334,-0.20239171385765076,0.1794579178094864,-0.185771182179451,-0.01279972493648529
28,718,823,750,853,0.5429992079734802,-0.2519380450248718,0.05128306895494461,1.054919958114624,-0.17907090485095978,-0.26770538091659546,0.4069962501525879,-0.19671416282653809,-0.21684804558753967,-0.24822436273097992,0.4824763536453247,-0.26785963773727417,-0.08904291689395905,0.2787918448448181,0.29660749435424805,-0.18207964301109314,0.4500148892402649,-0.22599276900291443,-0.1798066645860672,-0.019406095147132874,-0.08749520033597946,0.6549505591392517,0.30777350068092346,0.02042210102081299,0.14606691896915436,-0.2542710304260254,-0.16472072899341583,-0.2136264145374298,0.24917715787887573,-0.03439580649137497,-0.23557543754577637,-0.20329028367996216,-0.08340558409690857,0.5366383790969849,-0.1454918086528778,0.09505057334899902,-0.21039719879627228,-0.005097037181258202,-0.2762031853199005,-0.061035655438899994,-0.20879584550857544,-0.13800352811813354,-0.06103230640292168,0.1068929135799408,-0.04123402759432793,-0.1973361223936081,-0.25330138206481934,0.6540452241897583,0.025012586265802383,0.09619414806365967,0.480929434299469,-0.07784769684076309,0.26285430788993835,-0.20636343955993652,0.6252138614654541,-0.21552662551403046,0.024410873651504517,0.4609779119491577,0.737850546836853,-0.21846500039100647,0.2817603051662445,0.5756312608718872,-0.02310243248939514,-0.01405307650566101,0.06328776478767395,-0.17601539194583893,-0.138970747590065,0.1346314549446106,-0.044596005231142044,0.3267055153846741,0.8164101839065552,-0.23241275548934937,-0.17702986299991608,0.1534138321876526,0.02036742866039276,-0.23119746148586273,0.023217957466840744,-0.2600349485874176,-0.15894782543182373,-0.22831976413726807,-0.06258345395326614,-0.23632219433784485,-0.2656647562980652,-0.051192618906497955,-0.08540629595518112,-0.10860350728034973,-0.11506441980600357,-0.18115577101707458,0.20385868847370148,-0.2535894513130188,-0.20802804827690125,0.1310265213251114,0.13935768604278564,-0.24127021431922913,0.1808193325996399,-0.07480603456497192,-0.23150351643562317,0.012194640934467316,-0.2522644102573395,0.13307197391986847,0.3984810709953308,-0.13127823173999786,0.14516259729862213,0.03473217412829399,-0.24345862865447998,0.23156322538852692,-0.00602356344461441,-0.08331648260354996,-0.13222362101078033,0.023111093789339066,0.3076648712158203,-0.04082717001438141,0.02882741019129753,-0.18118077516555786,0.3385472893714905,-0.16763338446617126,0.2201135754585266,-0.25856736302375793,-0.13144788146018982,0.1623900681734085,-0.1490621417760849,0.5412759780883789,-0.10533327609300613,0.36570462584495544,-0.18742242455482483,0.08691860735416412,-0.1322447657585144,-0.199589341878891
29,163,800,183,818,-0.2469250112771988,-0.24786174297332764,-0.15732602775096893,1.4215419292449951,-0.0409470871090889,-0.1013781875371933,-0.27842050790786743,-0.2719372808933258,-0.2165888398885727,-0.16977494955062866,0.5498755574226379,-0.0362715981900692,-0.22179336845874786,0.7327759861946106,0.441809743642807,-0.2751699984073639,-0.2519013285636902,-0.23006771504878998,-0.25033360719680786,-0.22417473793029785,-0.2545166313648224,3.5657522678375244,-0.24427342414855957,0.14872442185878754,3.8148772716522217,-0.23670150339603424,-0.23232580721378326,-0.05296716094017029,-0.22337226569652557,-0.23319610953330994,-0.07909152656793594,-0.27728453278541565,-0.27800318598747253,0.3285905420780182,-0.27076414227485657,-0.2728336751461029,0.3803766965866089,-0.020091408863663673,-0.10363058000802994,-0.25906136631965637,-0.23717282712459564,0.36735349893569946,1.3379945755004883,1.1035269498825073,-0.19611357152462006,-0.27187687158584595,-0.20438425242900848,1.66633939743042,1.315853238105774,-0.25491049885749817,1.1059197187423706,1.3061587810516357,-0.2778032124042511,-0.10959621518850327,-0.0332520566880703,-0.13669878244400024,-0.06243392080068588,1.7048684358596802,2.669795036315918,-0.2182987630367279,-0.21947824954986572,-0.2781568169593811,-0.09037201851606369,-0.2656807601451874,-0.2726506292819977,-0.2783733308315277,-0.27434292435646057,-0.219670370221138,-0.2764166295528412,-0.2624824345111847,1.216724157333374,-0.10222576558589935,-0.2657107710838318,-0.27332964539527893,0.2968082129955292,0.18326081335544586,-0.05262698605656624,-0.110550157725811,-0.15470008552074432,-0.11026032269001007,1.0070654153823853,-0.2783268988132477,-0.27460888028144836,0.3869815766811371,-0.26445096731185913,-0.0553639754652977,-0.20373062789440155,-0.20172008872032166,-0.2598225772380829,-0.26618123054504395,-0.25177741050720215,0.5003711581230164,-0.07009684294462204,0.35264071822166443,-0.2603881061077118,0.9338780045509338,-0.2620394825935364,-0.27841857075691223,-0.23678231239318848,-0.21828816831111908,-0.17646066844463348,-0.12029609829187393,0.8800461292266846,-0.21352194249629974,-0.10253144800662994,0.12090242654085159,-0.17513756453990936,-0.2581963837146759,0.4853578805923462,-0.2682323157787323,-0.185189887881279,0.28865012526512146,-0.16292791068553925,-0.27768445014953613,-0.2690552771091461,-0.09574256837368011,-0.11482720077037811,-0.19199420511722565,0.15483519434928894,-0.25987181067466736,-0.05723904073238373,0.07234340906143188,-0.27756911516189575,0.6158488988876343,-0.18707740306854248,-0.11476252973079681,-0.08651478588581085,-0.020048808306455612
30,51,565,70,584,-0.17106753587722778,-0.2285962998867035,0.04657967761158943,1.354325771331787,-0.03819650784134865,-0.21531391143798828,-0.2476491779088974,-0.26807135343551636,-0.14858423173427582,-0.1438397616147995,1.2117232084274292,-0.269057959318161,-0.08614049106836319,3.534374237060547,0.1350666731595993,-0.27840685844421387,-0.08637027442455292,-0.13531716167926788,-0.27283796668052673,-0.2679566740989685,-0.27768412232398987,1.5166453123092651,-0.1946420669555664,-0.2628108859062195,-0.04370885714888573,-0.2422444075345993,-0.2636156380176544,-0.27571535110473633,0.154951274394989,-0.2154712975025177,-0.17729990184307098,-0.24206969141960144,-0.27500009536743164,1.1732465028762817,-0.23649665713310242,-0.26944559812545776,0.31867715716362,-0.0770031213760376,-0.1821594387292862,-0.21375174820423126,-0.2756388783454895,0.20791985094547272,0.4984215199947357,1.8880033493041992,-0.1964712291955948,-0.20897670090198517,-0.24671326577663422,1.176092505455017,2.1538100242614746,-0.27095675468444824,0.5139881372451782,-0.030962176620960236,0.4870374798774719,-0.2574177086353302,1.913097858428955,-0.2610013782978058,0.17458419501781464,1.2814468145370483,2.1064488887786865,-0.20514774322509766,-0.2528664469718933,0.3490893542766571,-0.19885565340518951,3.4763011932373047,2.4064996242523193,-0.23334990441799164,-0.2589966952800751,1.5589877367019653,-0.23077179491519928,-0.1442296952009201,1.1075612306594849,-0.22383740544319153,-0.2693149149417877,-0.27670422196388245,-0.0073336707428097725,0.1412038952112198,-0.1917564868927002,-0.19423282146453857,0.1477138102054596,-0.01264041569083929,-0.05836416035890579,-0.2414303719997406,0.022032026201486588,-0.2742917835712433,-0.27821671962738037,-0.03185480460524559,-0.11941981315612793,-0.2230355143547058,-0.2782345712184906,-0.2578050494194031,-0.27349475026130676,-0.07824340462684631,-0.1566397249698639,0.12807884812355042,-0.23990483582019806,1.0205780267715454,-0.2782932221889496,-0.13964219391345978,0.13123539090156555,-0.2588959336280823,-0.14595045149326324,-0.12314485013484955,0.16322487592697144,0.3525143265724182,-0.1080426350235939,2.391003131866455,-0.22708621621131897,-0.2251763790845871,-0.24651610851287842,0.034361522644758224,-0.25014472007751465,-0.13198961317539215,2.060100555419922,-0.14936228096485138,-0.2723653018474579,-0.029962679371237755,0.19115939736366272,-0.13449299335479736,0.5621304512023926,-0.04407905787229538,-0.1333618015050888,-0.10861148685216904,-0.20651057362556458,-0.10299129039049149,-0.07246320694684982,-0.2523180842399597,-0.20762582123279572,-0.18714165687561035
31,537,361,560,383,0.39248916506767273,-0.23425377905368805,0.11922026425600052,1.0011570453643799,-0.1237446665763855,-0.27418237924575806,0.22709311544895172,-0.24247190356254578,-0.24251937866210938,-0.2391713708639145,0.5005725622177124,-0.26762017607688904,-0.09259315580129623,0.8830373883247375,0.2616914212703705,-0.16128747165203094,-0.25135722756385803,-0.10671068727970123,-0.23613619804382324,-0.1195073202252388,-0.21147170662879944,0.3449774384498596,0.2818228602409363,-0.047042470425367355,0.08024585247039795,-0.0762341171503067,0.08764399588108063,-0.18129834532737732,0.5577183961868286,0.2207845151424408,-0.27360326051712036,-0.2176513373851776,-0.02627580799162388,0.20168094336986542,-0.1788732409477234,-0.2782661020755768,-0.24743565917015076,0.21373046934604645,-0.25730741024017334,0.03344383090734482,-0.24380454421043396,-0.19844356179237366,-0.23953436315059662,0.28059279918670654,0.003299575299024582,-0.12505346536636353,-0.2658342123031616,0.6088434457778931,-0.02986176870763302,0.03258787468075752,0.3868984878063202,0.13362866640090942,0.1620132178068161,-0.1886407434940338,-0.026331886649131775,-0.15661387145519257,-0.24895748496055603,-0.08542443811893463,0.4576123356819153,-0.2497715801000595,0.010202392935752869,0.7492856979370117,0.005851157009601593,0.00930909812450409,1.0511423349380493,-0.21131974458694458,-0.2742992639541626,0.37436041235923767,0.20761290192604065,0.32521316409111023,1.0586475133895874,-0.2154223471879959,-0.1201757937669754,0.028111882507801056,-0.006936151534318924,-0.2405797243118286,0.03270560875535011,-0.2538091540336609,-0.17420268058776855,-0.159570574760437,-0.07336141169071198,-0.2681434750556946,-0.2661692500114441,-0.1330709010362625,0.01673031970858574,-0.25553280115127563,-0.21312889456748962,-0.20800265669822693,0.5227227210998535,-0.2649468779563904,-0.2568683326244354,-0.027240902185440063,0.08485791087150574,-0.267250120639801,-0.23388835787773132,-0.19263824820518494,-0.21040380001068115,0.06415776163339615,-0.2686108946800232,0.1904325932264328,0.6110501289367676,0.09586069732904434,0.1915663480758667,0.2700747549533844,-0.2642933130264282,0.04987502843141556,0.01906006969511509,-0.13581866025924683,-0.22820110619068146,-0.09252415597438812,-0.18379071354866028,-0.26467815041542053,-0.22798049449920654,0.22169357538223267,0.16778714954853058,-0.23716029524803162,0.06753460317850113,-0.23071567714214325,-0.17406027019023895,0.23950332403182983,-0.09433171898126602,0.6313769817352295,-0.2622230648994446,0.5028591156005859,-0.07383972406387329,-0.011397473514080048,0.1323261559009552,-0.17339934408664703
32,76,520,97,540,0.7238020300865173,-0.2374960333108902,-0.03286091983318329,1.064711332321167,-0.1164189800620079,-0.2759678363800049,0.045582033693790436,-0.1821049451828003,-0.23495617508888245,-0.27298223972320557,0.17973542213439941,-0.24091751873493195,-0.12933790683746338,1.3088223934173584,0.0663881003856659,-0.054714493453502655,-0.20929135382175446,-0.13163822889328003,-0.24129977822303772,-0.15879763662815094,-0.13098017871379852,0.1291670948266983,-0.04623183608055115,0.39937713742256165,-0.12526407837867737,0.17419931292533875,-0.15426470339298248,-0.24156667292118073,0.790191113948822,0.3670237064361572,-0.2713700532913208,-0.23087072372436523,-0.13996316492557526,0.33600056171417236,-0.22355860471725464,-0.2711741328239441,-0.14717379212379456,0.01818595826625824,-0.2259014993906021,0.32285991311073303,-0.21474219858646393,-0.1306925117969513,-0.2683207094669342,1.02836012840271,0.02816711738705635,-0.19641438126564026,-0.2533774971961975,0.3570781350135803,0.10349177569150925,-0.10702967643737793,0.8175378441810608,0.08489132672548294,0.24371595680713654,-0.2515941560268402,0.023850008845329285,0.1641320288181305,-0.2198355495929718,0.15799188613891602,0.5703271627426147,-0.2709595859050751,-0.24084843695163727,0.9262586236000061,-0.143027201294899,0.7580093145370483,1.7405260801315308,0.08185818791389465,-0.2660963535308838,0.8273160457611084,0.48148488998413086,0.43011245131492615,1.3632962703704834,-0.0986032634973526,-0.0933019369840622,-0.09415877610445023,-0.06873734295368195,0.033807963132858276,0.29915663599967957,-0.16539503633975983,-0.15138331055641174,-0.09432467073202133,-0.12601341307163239,-0.2593182623386383,-0.2663862407207489,-0.10631584376096725,0.052073560655117035,-0.21575580537319183,-0.1963929682970047,-0.18678498268127441,0.2362210750579834,-0.26333364844322205,-0.2701728343963623,-0.044381074607372284,-0.07617944478988647,-0.255459725856781,-0.19810724258422852,-0.005003750324249268,-0.25392946600914,-0.1461496204137802,-0.2636123299598694,0.083720862865448,0.6806922554969788,0.1675952821969986,0.1999690979719162,0.3999481797218323,-0.2502209544181824,0.3312247097492218,-0.026969607919454575,-0.2520795464515686,-0.23106133937835693,0.189287006855011,-0.06771387904882431,-0.222751647233963,-0.25333866477012634,0.07244094461202621,-0.006920307874679565,-0.08998793363571167,0.3845425844192505,-0.19086772203445435,-0.09496770799160004,0.1718759685754776,-0.1438905894756317,0.2538112998008728,-0.23429769277572632,0.542279839515686,0.03756172955036163,-0.08000718802213669,0.5185074806213379,-0.14806243777275085
33,491,387,517,412,-0.2467329502105713,-0.23530298471450806,-0.009264133870601654,1.227683663368225,-0.23374325037002563,-0.272716224193573,-0.06342712044715881,-0.27202850580215454,0.16442462801933289,-0.23250947892665863,0.1657305508852005,-0.24290481209754944,-0.23576268553733826,0.8739262819290161,0.6248529553413391,-0.2450941503047943,0.2778216600418091,0.7292579412460327,-0.12526299059391022,0.6180056929588318,-0.18680045008659363,0.18338096141815186,0.9730861186981201,1.059375524520874,1.589971899986267,0.05350562185049057,-0.025187954306602478,-0.2144605815410614,-0.25808531045913696,0.7978849411010742,-0.224684938788414,-0.15303808450698853,-0.15150557458400726,0.28870078921318054,-0.24713492393493652,-0.24334868788719177,0.08590666949748993,1.4865022897720337,-0.13630348443984985,-0.23310652375221252,0.40426504611968994,0.10018551349639893,0.43862980604171753,0.9962711930274963,-0.1711169183254242,1.0980536937713623,-0.15987546741962433,2.177934408187866,-0.1561713069677353,0.5273389220237732,0.25211983919143677,0.24127119779586792,1.573872447013855,-0.2521074414253235,0.7136310935020447,-0.22638164460659027,0.13148096203804016,0.7201886773109436,2.5136072635650635,-0.20479533076286316,0.3467436730861664,-0.1766693890094757,0.33567482233047485,1.8512269258499146,-0.1480223685503006,0.3769283890724182,0.005303416401147842,0.6355213522911072,-0.07773606479167938,-0.1745360642671585,0.5431775450706482,-0.2059551626443863,-0.20399965345859528,0.5370375514030457,0.07761596888303757,0.3001381754875183,-0.09589318931102753,-0.198097825050354,-0.21894827485084534,-0.08463218808174133,1.0028196573257446,-0.25283312797546387,-0.22003845870494843,-0.01877567172050476,0.45777416229248047,-0.08535243570804596,-0.17053267359733582,-0.1338895708322525,2.2527570724487305,-0.2524052858352661,-0.07849805802106857,0.15356086194515228,-0.17781628668308258,0.12234076857566833,-0.23739910125732422,0.2056102603673935,-0.08305176347494125,-0.21605025231838226,-0.1045379787683487,-0.11715104430913925,0.891791820526123,-0.23545551300048828,0.14916899800300598,0.0921371653676033,2.418351650238037,0.622005045413971,-0.24309836328029633,-0.17306514084339142,0.8463440537452698,0.06725887954235077,-0.15230914950370789,0.23975199460983276,0.08034362643957138,0.40252822637557983,-0.18819910287857056,0.19310739636421204,0.12350334227085114,1.331120252609253,-0.10207845270633698,-0.04318399354815483,-0.05997966229915619,0.5815708637237549,-0.27124547958374023,0.5275696516036987,-0.09268218278884888,-0.20531538128852844,-0.21367311477661133,-0.016302915289998055
34,58,621,72,637,0.609279215335846,-0.27798372507095337,-0.00025356089463457465,1.0340014696121216,-0.1085176020860672,-0.27831345796585083,0.2304697483778,-0.24699465930461884,-0.26728883385658264,-0.2768474221229553,0.21228338778018951,-0.255595326423645,0.02647540532052517,-0.11163190007209778,-0.010722282342612743,-0.13174764811992645,-0.2475968897342682,-0.27801504731178284,-0.25839829444885254,-0.17722317576408386,-0.04687132313847542,0.011219711042940617,0.3660188317298889,0.555055558681488,-0.1289677768945694,-0.22158944606781006,-0.19009609520435333,-0.26185962557792664,0.26944079995155334,0.05562473461031914,-0.22565613687038422,-0.1884722262620926,-0.10219426453113556,0.7098844051361084,-0.16654016077518463,-0.2666301429271698,-0.21463626623153687,-0.018631424754858017,-0.2740837633609772,0.30250468850135803,-0.27639544010162354,-0.21301881968975067,-0.21822711825370789,0.7171536087989807,0.032804735004901886,-0.25564026832580566,-0.25902578234672546,0.5095975399017334,0.654941976070404,0.24021461606025696,0.6811262369155884,-0.19201576709747314,0.7722120881080627,-0.25961747765541077,1.2657208442687988,-0.10879857838153839,-0.004026999231427908,0.16963477432727814,0.4172525703907013,-0.27579474449157715,0.3033392131328583,0.8359591364860535,-0.15684200823307037,-0.0143811646848917,0.01907586306333542,-0.043831851333379745,-0.05343740060925484,0.18629342317581177,0.1740301549434662,0.7128588557243347,0.4555814862251282,-0.2685253322124481,-0.06624729931354523,0.37331801652908325,-0.24373719096183777,-0.18739642202854156,0.5682850480079651,-0.2605813145637512,-0.24454012513160706,-0.09769650548696518,-0.00084461341612041,-0.2784207761287689,-0.2734760642051697,-0.23865297436714172,-0.07958033680915833,-0.2617039978504181,-0.1520874947309494,-0.1447007656097412,0.22372812032699585,-0.26938334107398987,-0.27837640047073364,0.08329040557146072,0.13516244292259216,-0.2770794630050659,0.18771721422672272,-0.21280042827129364,-0.26913881301879883,0.20075513422489166,-0.22649024426937103,0.07089398056268692,0.09751103818416595,0.03992506489157677,0.15698936581611633,0.8815001249313354,-0.2776292860507965,0.7091564536094666,-0.055948399007320404,-0.27278977632522583,-0.20666685700416565,-0.22480781376361847,0.7455798983573914,-0.2597495913505554,0.8993152379989624,-0.1963336020708084,0.4569307267665863,-0.18256723880767822,1.2852272987365723,-0.1473776400089264,-0.14047746360301971,-0.1344519406557083,-0.1834012269973755,0.5097072720527649,-0.22735832631587982,0.2936682403087616,0.0427316352725029,0.10822594910860062,-0.27815037965774536,-0.24218244850635529
35,67,648,85,668,0.44751977920532227,-0.2724432349205017,-0.27660349011421204,1.227639079093933,-0.08263712376356125,-0.27792397141456604,0.9946920871734619,-0.2776963412761688,-0.12441165745258331,-0.27126801013946533,0.1944008618593216,-0.2707521915435791,-0.2775266170501709,0.931909441947937,0.5861238837242126,-0.021878588944673538,-0.2530897259712219,-0.22922559082508087,-0.2751753032207489,0.24293336272239685,-0.2007823884487152,1.101022720336914,-0.253481924533844,0.7024770975112915,0.31717562675476074,-0.27589550614356995,0.12762491405010223,-0.26181039214134216,0.33906522393226624,-0.2238016128540039,-0.18703193962574005,-0.2707526683807373,-0.18885591626167297,0.9534127712249756,-0.12174167484045029,-0.2030806690454483,0.0047523551620543,-0.22388258576393127,-0.2183377593755722,0.5669885277748108,-0.014050009660422802,-0.05765250325202942,-0.21308323740959167,1.1628481149673462,-0.27498459815979004,-0.1364075243473053,-0.268392413854599,-0.06263630092144012,1.0877474546432495,0.15393714606761932,1.9016902446746826,0.33646517992019653,1.6180588006973267,-0.18041154742240906,0.9733402729034424,-0.2557810842990875,0.5569036602973938,1.042736291885376,0.903736412525177,-0.26253899931907654,0.4402303695678711,1.3725274801254272,0.005785745568573475,2.0326991081237793,1.886650562286377,-0.27796071767807007,-0.2671443223953247,1.626821517944336,0.16205669939517975,0.7470155358314514,1.272129774093628,-0.2784126102924347,0.030796963721513748,-0.2711331248283386,-0.23000767827033997,-0.16119500994682312,-0.26079702377319336,-0.2722960114479065,-0.16802552342414856,-0.09538540989160538,-0.02435208670794964,-0.2748749554157257,-0.2681431770324707,-0.1598869264125824,0.056069955229759216,-0.1341673731803894,-0.1832388937473297,-0.20663800835609436,0.03135266527533531,-0.27825096249580383,-0.22191061079502106,0.7202596664428711,-0.27165043354034424,-0.19587230682373047,0.11624603718519211,0.206751748919487,-0.2505992650985718,-0.2416539341211319,-0.1936047226190567,-0.14905443787574768,0.2720458507537842,-0.14638227224349976,0.415057510137558,0.9327561259269714,-0.16703420877456665,1.1693713665008545,0.4190651774406433,-0.20801667869091034,-0.2528773844242096,0.39851194620132446,-0.1200547143816948,-0.2203233391046524,2.977877140045166,0.0350286066532135,-0.12595699727535248,0.09208177030086517,0.6216189861297607,0.249434694647789,0.7898485064506531,0.16580265760421753,-0.09989915043115616,-0.17200787365436554,-0.2779291272163391,1.6295444965362549,0.14626121520996094,-0.27764612436294556,-0.038438212126493454,-0.20477795600891113
36,835,347,860,370,0.33774271607398987,-0.2770216464996338,0.025178194046020508,1.2376806735992432,-0.20286811888217926,-0.2699730396270752,0.3270398676395416,-0.2545497417449951,-0.13191702961921692,-0.24052861332893372,0.4049433469772339,0.18715626001358032,-0.23400038480758667,1.6185150146484375,1.0469660758972168,-0.15871399641036987,-0.005288995802402496,-0.05088302865624428,0.12878750264644623,0.11240345239639282,0.21361227333545685,1.4338955879211426,-0.21752288937568665,0.20539982616901398,0.4732814431190491,-0.2688552737236023,0.35168734192848206,-0.15483084321022034,0.2166077345609665,-0.2407791167497635,-0.17016999423503876,-0.21425358951091766,-0.18246649205684662,1.2129523754119873,-0.17376816272735596,0.43015456199645996,0.06023811548948288,-0.1877020299434662,-0.08286183327436447,-0.17140726745128632,0.13557778298854828,0.1461523324251175,0.7121062874794006,1.530971884727478,0.2268349677324295,-0.12840302288532257,-0.1654321253299713,1.097654938697815,0.3515000343322754,-0.03751756250858307,1.0218902826309204,0.6136490702629089,0.6057889461517334,-0.2394837737083435,0.29487788677215576,-0.24878409504890442,0.9942468404769897,1.492576003074646,0.999332070350647,-0.25446784496307373,0.7552450895309448,0.8030205368995667,0.05007046461105347,1.2035996913909912,1.4355093240737915,0.03487415239214897,-0.02602750062942505,1.3260512351989746,-0.0187685564160347,0.022030897438526154,1.6151858568191528,0.05317743122577667,-0.24497589468955994,0.6978703141212463,-0.11452880501747131,-0.09521177411079407,0.2656969428062439,-0.19196566939353943,0.5749260187149048,-0.14336714148521423,-0.19921617209911346,-0.21067100763320923,-0.25520867109298706,0.14159762859344482,-0.12981492280960083,-0.06805359572172165,-0.1765933781862259,-0.23794026672840118,-0.08829117566347122,-0.260212242603302,-0.07845483720302582,0.18898329138755798,-0.1640060693025589,-0.01885688677430153,0.29337450861930847,0.4821171760559082,-0.2389744520187378,0.4979236423969269,-0.20068445801734924,-0.21577081084251404,0.8351227045059204,-0.23987600207328796,0.7562862634658813,0.28000372648239136,-0.19190827012062073,0.2228545844554901,0.13307246565818787,-0.21494753658771515,-0.16198855638504028,-0.03953611105680466,1.075605034828186,0.2989572584629059,0.6692871451377869,-0.12270058691501617,-0.1034245416522026,0.12717284262180328,-0.05993766337633133,0.040845610201358795,0.5970378518104553,-0.09431155771017075,-0.12567557394504547,0.34424033761024475,-0.11710124462842941,1.1204500198364258,0.01936550997197628,-0.16927482187747955,-0.20972280204296112,-0.17709876596927643
37,634,439,654,458,0.5329805612564087,-0.2663278877735138,0.057513583451509476,1.0280166864395142,-0.08431132137775421,-0.27629968523979187,0.16844245791435242,-0.23988603055477142,-0.278443843126297,-0.24097973108291626,1.0706220865249634,-0.2715498208999634,0.014224719256162643,0.23841801285743713,-0.09920051693916321,-0.0032371904235333204,-0.2663150131702423,-0.15510934591293335,-0.2538677752017975,-0.19541709125041962,-0.06842122226953506,0.08638785034418106,0.05823998898267746,-0.12075283378362656,-0.06662371009588242,-0.26734527945518494,-0.12563616037368774,-0.24790894985198975,0.3994884490966797,0.05968887731432915,-0.25549739599227905,-0.19978244602680206,0.00969215203076601,0.5565928220748901,-0.19177228212356567,-0.24883893132209778,-0.23693493008613586,-0.216384619474411,-0.2769524157047272,-0.05757482349872589,-0.22299529612064362,-0.17093683779239655,-0.2123086005449295,0.41176992654800415,-0.0044960398226976395,-0.2767801284790039,-0.24373990297317505,0.4231293201446533,0.3384779095649719,0.18503840267658234,0.3152080774307251,-0.19462579488754272,0.14177143573760986,-0.2111472636461258,0.002785272430628538,-0.1920674741268158,-0.2670941948890686,0.7972365617752075,0.40426284074783325,-0.2310030162334442,0.6625641584396362,1.154565691947937,-0.09482765197753906,1.6286894083023071,0.13916026055812836,0.11692377179861069,-0.20570148527622223,0.6059273481369019,0.0598539300262928,1.0501816272735596,0.6376359462738037,-0.2669278085231781,0.03966405242681503,0.5776990652084351,-0.08106302469968796,-0.2539784014225006,-0.11768325418233871,-0.21613281965255737,-0.19212886691093445,-0.13488785922527313,-0.21038605272769928,-0.26778650283813477,-0.27820882201194763,-0.19869112968444824,-0.1790214329957962,-0.19717250764369965,-0.02108629420399666,-0.12046675384044647,0.12389010936021805,-0.24323879182338715,-0.26850077509880066,0.21942181885242462,-0.10471856594085693,-0.2702508270740509,-0.15891104936599731,-0.09525541961193085,-0.27630987763404846,0.09416808187961578,-0.23471017181873322,0.022676467895507812,-0.018893487751483917,-0.16880466043949127,0.17885038256645203,0.0005082535208202899,-0.2265111356973648,0.7385669350624084,-0.05167686939239502,-0.27182427048683167,0.0031088043469935656,0.22088147699832916,-0.18859422206878662,-0.26806020736694336,0.10309162735939026,-0.2130962759256363,0.3011052906513214,-0.1653386652469635,1.12918221950531,-0.21845759451389313,-0.1582014560699463,0.2908608317375183,-0.2010330855846405,0.5349828004837036,-0.25664013624191284,0.3535415232181549,-0.04695869982242584,0.11442653089761734,0.019477833062410355,-0.23968687653541565
38,532,285,555,306,0.1865517646074295,-0.27493441104888916,-0.16182942688465118,1.2256882190704346,-0.1414901316165924,-0.10064806789159775,0.19666655361652374,-0.16646665334701538,-0.2647433876991272,-0.23994430899620056,0.23818674683570862,-0.2646726965904236,0.005063161253929138,-0.025135446339845657,0.25705665349960327,-0.055044159293174744,-0.22951272130012512,-0.10459240525960922,-0.25993096828460693,-0.07113140821456909,0.040220826864242554,0.9954322576522827,0.056495435535907745,0.7185987830162048,0.06350316107273102,-0.2425404191017151,-0.18052327632904053,-0.19452932476997375,0.20689669251441956,-0.07573158293962479,-0.2076708972454071,-0.2118043303489685,-0.15890535712242126,0.6764969825744629,-0.14724282920360565,-0.05989738926291466,-0.025376558303833008,-0.11394121497869492,-0.27016681432724,-0.19107958674430847,-0.16706523299217224,0.1570250689983368,0.3888271450996399,0.030069388449192047,0.2529936730861664,-0.24799251556396484,-0.12517772614955902,1.0495049953460693,1.5179123878479004,0.02227853238582611,0.8070927858352661,-0.05329166725277901,0.0511011928319931,-0.14859779179096222,0.21296383440494537,-0.17724376916885376,0.1574418842792511,1.4174120426177979,0.8165394067764282,-0.25915446877479553,0.4517643451690674,0.6873486638069153,0.054329853504896164,0.6963744163513184,-0.09421787410974503,-0.12536455690860748,-0.14714348316192627,0.022898413240909576,0.22961455583572388,0.44119691848754883,0.7619948983192444,-0.26395559310913086,-0.1201852560043335,0.6169410347938538,-0.14194437861442566,-0.2687007784843445,0.006571963429450989,-0.2568957507610321,-0.116754449903965,-0.1795397400856018,0.11093805730342865,-0.17746444046497345,-0.2744140028953552,-0.2562040686607361,0.23547789454460144,-0.25068193674087524,-0.14301128685474396,-0.14352528750896454,-0.1267656832933426,-0.19349846243858337,-0.2679830491542816,0.3463534116744995,0.027030855417251587,-0.10611427575349808,-0.09098878502845764,0.20305714011192322,-0.27157098054885864,0.09173426777124405,-0.22098198533058167,-0.10775643587112427,-0.13647828996181488,-0.03196118026971817,0.05179668962955475,0.0966591015458107,-0.18338561058044434,1.0140832662582397,0.024567894637584686,-0.2709827125072479,-0.006068490445613861,-0.0010729897767305374,0.16819661855697632,0.02942018210887909,-0.14372014999389648,-0.20644138753414154,0.027993768453598022,0.07918205112218857,0.15478569269180298,-0.14074398577213287,-0.05173429846763611,0.21331237256526947,-0.17002469301223755,0.53830486536026,-0.20859257876873016,0.37864652276039124,0.03045911341905594,-0.15148083865642548,-0.11921064555644989,-0.1628435254096985
39,507,459,526,478,0.38380321860313416,-0.2740321457386017,-0.0466015599668026,1.0331343412399292,-0.1094723641872406,-0.277491956949234,0.2167365401983261,-0.1315227597951889,-0.2764386534690857,-0.2664363980293274,0.8109682202339172,-0.25023236870765686,0.32728320360183716,0.06507782638072968,-0.14196078479290009,-0.07062283158302307,-0.27094343304634094,-0.23202578723430634,-0.23532789945602417,-0.22943036258220673,-0.21431966125965118,0.21261335909366608,0.4348745048046112,-0.08484423160552979,0.20229050517082214,-0.26602163910865784,-0.15841908752918243,-0.27634939551353455,0.17510144412517548,0.0914640948176384,-0.2350977659225464,-0.2200453132390976,-0.03058055229485035,0.3351154029369354,-0.22651948034763336,-0.27039289474487305,-0.2270718514919281,0.06664001196622849,-0.2776516377925873,-0.025706885382533073,-0.2652081847190857,-0.1636679470539093,-0.2738915979862213,0.04417547956109047,-0.06018837168812752,-0.2190563976764679,-0.24311546981334686,0.6706936955451965,0.07245928049087524,0.05516337230801582,0.23669874668121338,-0.2446027547121048,0.4848881661891937,-0.2037554681301117,-0.028490133583545685,-0.16843809187412262,-0.26943761110305786,0.05917028337717056,0.12046787887811661,-0.27743417024612427,0.09786873310804367,0.837081253528595,-0.05323227867484093,-0.17209264636039734,0.04881487041711807,-0.16263194382190704,-0.2631244361400604,0.3500421643257141,0.16022396087646484,0.3961610198020935,0.7581831216812134,-0.2608097493648529,-0.218519926071167,0.04080348089337349,-0.09163503348827362,-0.25652652978897095,-0.11560357362031937,-0.2744148373603821,-0.21444599330425262,-0.19385631382465363,0.13889361917972565,-0.27522704005241394,-0.2781337797641754,-0.17692844569683075,-0.21870645880699158,-0.271411269903183,-0.18366578221321106,-0.17439624667167664,0.3753276467323303,-0.2360982894897461,-0.26271969079971313,0.17237401008605957,0.08647872507572174,-0.27519315481185913,-0.21122629940509796,-0.2353125512599945,-0.23398654162883759,0.4166580140590668,-0.22274671494960785,0.11890652030706406,0.02682543732225895,0.11199074983596802,0.42133572697639465,0.06136123090982437,-0.2783941328525543,0.27103039622306824,0.07600639015436172,-0.2781730592250824,-0.14632847905158997,-0.09404230862855911,-0.1565500944852829,-0.24881762266159058,-0.15514805912971497,-0.19052840769290924,0.3267709016799927,-0.23031550645828247,0.20367512106895447,-0.2689586579799652,-0.19977428019046783,0.07391423732042313,-0.1304980218410492,0.6738355159759521,-0.27364107966423035,0.3745672404766083,-0.09056180715560913,-0.0918312519788742,-0.2462906539440155,-0.2161552906036377
40,637,354,656,372,0.2758348882198334,-0.25187647342681885,0.42529985308647156,1.2162182331085205,-0.21206790208816528,-0.27835553884506226,0.01941782236099243,-0.191043421626091,-0.2112846076488495,-0.22657199203968048,0.30916810035705566,-0.2658906579017639,-0.04727005958557129,1.3488221168518066,1.0753488540649414,-0.1725311577320099,-0.27113282680511475,0.4013291597366333,-0.10527807474136353,0.054320886731147766,0.24610762298107147,0.5219628810882568,0.14076800644397736,0.01704294979572296,1.0484042167663574,0.5746673941612244,0.13299351930618286,-0.1804153025150299,0.1404796838760376,0.20445412397384644,-0.267653226852417,0.631866991519928,0.10321713984012604,0.5134588479995728,-0.1978084146976471,-0.17535941302776337,0.004500523209571838,-0.07460294663906097,-0.26125460863113403,-0.14968903362751007,0.028146758675575256,0.07230067253112793,0.7520133852958679,1.3491474390029907,0.1939707100391388,-0.0068131983280181885,-0.16966788470745087,0.7173870801925659,-0.03699006140232086,0.00653095543384552,1.134898066520691,0.7858117818832397,0.44368869066238403,-0.24277541041374207,0.039167892187833786,-0.225040465593338,0.5211572647094727,0.3014827370643616,1.8790005445480347,-0.24018999934196472,0.015620812773704529,0.4110153913497925,0.05062158405780792,0.3365468978881836,0.23626241087913513,-0.02872731164097786,-0.22699928283691406,0.26612168550491333,-0.11629091948270798,0.23081284761428833,0.8133343458175659,0.08802974224090576,-0.15953387320041656,0.04858919978141785,0.24714867770671844,0.02857084572315216,-0.18565863370895386,-0.18323729932308197,-0.11418741941452026,-0.15936991572380066,0.07638987898826599,-0.193307027220726,-0.2740146517753601,-0.0805446058511734,-0.2216290533542633,-0.0522519052028656,-0.03510696440935135,-0.23148463666439056,0.07525160908699036,-0.24746447801589966,0.0832572728395462,0.029431715607643127,-0.037117473781108856,0.05932825803756714,-0.12065336853265762,0.19373732805252075,-0.20523829758167267,-0.048523467034101486,-0.21578724682331085,-0.035162657499313354,1.3387093544006348,-0.1729068160057068,0.28561440110206604,0.024340054020285606,-0.27091968059539795,0.1595723181962967,0.2929009795188904,-0.2546175718307495,-0.13250038027763367,-0.07357612997293472,-0.2107784003019333,0.3211626410484314,-0.11399923264980316,0.12527680397033691,0.11562550067901611,0.11422435194253922,0.1789882332086563,-0.10687615722417831,0.5163288712501526,-0.037009939551353455,-0.10445691645145416,0.40839317440986633,-0.2240518182516098,0.39892685413360596,-0.1121058315038681,-0.03712666034698486,-0.18689574301242828,0.010815232992172241
41,880,566,898,582,-0.2142377644777298,-0.2659933567047119,0.5619663596153259,1.4031697511672974,-0.2181425243616104,-0.275108277797699,-0.2531532645225525,-0.14000467956066132,-0.17683565616607666,-0.24208493530750275,0.5612042546272278,-0.22708244621753693,-0.26059281826019287,4.185385227203369,0.8839744925498962,-0.25598862767219543,-0.05745003744959831,-0.23561792075634003,-0.19431723654270172,0.5134829878807068,-0.2516840100288391,1.5198733806610107,-0.2725767195224762,-0.27699440717697144,0.6028836369514465,-0.18453329801559448,0.1357279270887375,-0.2568744719028473,0.6156448125839233,-0.27810749411582947,-0.25412386655807495,-0.27707552909851074,-0.27505287528038025,1.0766478776931763,-0.24035918712615967,-0.17680197954177856,0.17939533293247223,-0.22660914063453674,-0.24424593150615692,-0.23704437911510468,-0.266633540391922,0.36957165598869324,1.3942989110946655,1.3432767391204834,-0.2784070670604706,0.05571815371513367,-0.27482983469963074,1.4933699369430542,1.1292301416397095,-0.25168487429618835,0.2540740966796875,0.9989385008811951,0.12336696684360504,-0.22355185449123383,-0.1937488615512848,-0.17014573514461517,0.16303777694702148,1.05624520778656,1.685948371887207,-0.26152244210243225,-0.2252083271741867,-0.02266632579267025,-0.08938905596733093,1.4713166952133179,2.148771047592163,0.009722272865474224,-0.2751034200191498,0.8135280609130859,-0.27840426564216614,-0.23529621958732605,1.26253080368042,0.20572790503501892,-0.25880059599876404,-0.19109684228897095,0.26148468255996704,0.18086788058280945,-0.1637466996908188,-0.2546352744102478,0.796934962272644,-0.04550344869494438,-0.10864941030740738,0.1335206776857376,-0.2241639494895935,0.3216441869735718,-0.2694072127342224,-0.0405583381652832,-0.09979403764009476,-0.2644570469856262,-0.24106258153915405,-0.2586820721626282,0.560411274433136,-0.25426506996154785,-0.23516806960105896,0.19437865912914276,-0.27226024866104126,0.38082778453826904,-0.19049493968486786,-0.19516019523143768,0.1691567450761795,-0.2445598989725113,0.726502001285553,-0.22793617844581604,0.6478910446166992,-0.13393379747867584,-0.2708219885826111,1.0267373323440552,0.31865426898002625,-0.26399242877960205,-0.2607126235961914,-0.08977711200714111,-0.19366395473480225,0.1293405443429947,-0.26800107955932617,-0.04712311178445816,-0.2372780740261078,-0.12529192864894867,-0.05738195776939392,0.24031896889209747,0.6646551489830017,0.04383683204650879,-0.057883698493242264,0.2937837541103363,-0.2162782847881317,0.04903498664498329,-0.02225770801305771,-0.27530020475387573,-0.2223787158727646,-0.08548513054847717
42,424,153,441,169,0.639140784740448,-0.22981467843055725,0.03502579778432846,1.0887060165405273,-0.15895143151283264,-0.2752450704574585,0.41316238045692444,-0.1742786467075348,-0.25417229533195496,-0.27768439054489136,0.7639001607894897,-0.16932426393032074,0.07959529012441635,0.04236121475696564,-0.08363519608974457,-0.028464442119002342,-0.2597997486591339,-0.25563085079193115,-0.2765534818172455,-0.03404679521918297,-0.174312561750412,-0.030204949900507927,0.16771771013736725,0.4313538670539856,-0.016543691977858543,-0.1903323233127594,-0.07430922985076904,-0.27641725540161133,0.29404109716415405,0.28739652037620544,-0.26846498250961304,-0.23380453884601593,0.06418304145336151,0.7342351675033569,-0.13756166398525238,-0.27819567918777466,-0.22019466757774353,0.13944977521896362,-0.2775833308696747,0.3125416338443756,-0.18940463662147522,-0.17192138731479645,-0.24704018235206604,0.7462945580482483,0.13760371506214142,-0.24255850911140442,-0.23243513703346252,0.3879525363445282,0.23545806109905243,0.38606032729148865,0.5215835571289062,-0.25818026065826416,0.8199695348739624,-0.2247857302427292,0.28358519077301025,-0.27576640248298645,-0.1808101385831833,0.5080995559692383,0.4440079927444458,-0.2759952247142792,0.6203553080558777,0.9748591780662537,-0.005090299993753433,1.1297756433486938,0.5116448998451233,-0.10236519575119019,-0.15400244295597076,0.7040507197380066,0.2749062478542328,0.9338102340698242,0.9894993305206299,-0.24609360098838806,-0.0347924642264843,0.24027130007743835,-0.22789151966571808,-0.16701699793338776,-0.17714828252792358,-0.1333133578300476,-0.22406069934368134,-0.24399985373020172,-0.15709662437438965,-0.19118846952915192,-0.2552739977836609,0.06523256748914719,-0.24699649214744568,-0.25128522515296936,-0.27620208263397217,-0.26424282789230347,0.541672945022583,-0.26540079712867737,-0.2539559304714203,0.32819151878356934,-0.15620499849319458,-0.2746216952800751,0.11511234939098358,-0.14984892308712006,-0.24981504678726196,0.013844046741724014,-0.22854967415332794,0.04565941542387009,0.33068832755088806,0.24624444544315338,0.40615612268447876,0.27348482608795166,-0.2750351130962372,0.731354832649231,0.0801740512251854,-0.2622986137866974,-0.06717749685049057,0.2240535318851471,-0.08589842170476913,-0.24733196198940277,0.6481562852859497,-0.20062994956970215,0.3684628903865814,-0.17623257637023926,1.425557255744934,-0.1289559006690979,-0.06735862046480179,-0.01790986768901348,-0.1861814260482788,0.40782836079597473,-0.26863807439804077,0.5518234968185425,0.09147269278764725,0.048114921897649765,0.07771841436624527,-0.2147045135498047
