id,x0,y0,x1,y1,f0,f1,f2,f3,f4,f5,f6,f7,f8,f9,f10,f11,f12,f13,f14,f15,f16,f17,f18,f19,f20,f21,f22,f23,f24,f25,f26,f27,f28,f29,f30,f31,f32,f33,f34,f35,f36,f37,f38,f39,f40,f41,f42,f43,f44,f45,f46,f47,f48,f49,f50,f51,f52,f53,f54,f55,f56,f57,f58,f59,f60,f61,f62,f63,f64,f65,f66,f67,f68,f69,f70,f71,f72,f73,f74,f75,f76,f77,f78,f79,f80,f81,f82,f83,f84,f85,f86,f87,f88,f89,f90,f91,f92,f93,f94,f95,f96,f97,f98,f99,f100,f101,f102,f103,f104,f105,f106,f107,f108,f109,f110,f111,f112,f113,f114,f115,f116,f117,f118,f119,f120,f121,f122,f123,f124,f125,f126,f127
0,685,786,694,794,-0.0938119888305664,-0.25133779644966125,-0.06640442460775375,0.9251571297645569,-0.06764736771583557,-0.2778014540672302,-0.2783503830432892,-0.2776340842247009,-0.23520612716674805,-0.20385757088661194,0.8975281119346619,-0.19711485505104065,0.431985080242157,0.2139183133840561,-0.21646778285503387,-0.1728685051202774,-0.2456737756729126,-0.12539105117321014,-0.27590158581733704,-0.17688268423080444,-0.25448572635650635,-0.25840529799461365,0.14902453124523163,-0.07124416530132294,0.4577290713787079,-0.2067832052707672,-0.2050553262233734,-0.1701609194278717,-0.09624557942152023,0.5717142820358276,-0.19403477013111115,-0.16142407059669495,-0.0582759715616703,0.3312166631221771,-0.26274070143699646,-0.25790509581565857,-0.2662724256515503,-0.08984357118606567,-0.27667275071144104,-0.26929596066474915,-0.2558682858943939,-0.25784391164779663,-0.22635328769683838,-0.24926552176475525,0.9054720997810364,-0.2707486152648926,-0.27681559324264526,0.3161979019641876,0.3126894533634186,0.3678574562072754,0.17448462545871735,-0.2523179054260254,-0.04530057683587074,-0.2633790373802185,-0.2483426183462143,-0.09036265313625336,-0.21782812476158142,-0.14294695854187012,-0.20648208260536194,-0.12166042625904083,-0.0336831659078598,1.1496325731277466,0.26051998138427734,-0.2718874514102936,-0.02057286910712719,0.13831043243408203,-0.14942815899848938,-0.21105808019638062,0.5648388266563416,1.253746747970581,0.43399229645729065,-0.27055996656417847,-0.11809838563203812,-0.1340601146221161,-0.14491483569145203,-0.2751796543598175,0.15913702547550201,-0.27763232588768005,-0.26668229699134827,-0.12140538543462753,-0.10513754934072495,-0.24046725034713745,-0.25227320194244385,-0.2108854204416275,-0.13118933141231537,-0.0330713652074337,-0.27740898728370667,-0.09225280582904816,0.10787419974803925,-0.27834296226501465,-0.18881888687610626,0.36164557933807373,0.07709698379039764,-0.23993948101997375,-0.2674124538898468,-0.2783723473548889,-0.21252480149269104,0.010461394675076008,-0.08164530992507935,0.3723352551460266,-0.08706364035606384,-0.05303145572543144,0.12869393825531006,0.23664376139640808,-0.24018116295337677,-0.2189933955669403,0.13275441527366638,-0.18362174928188324,0.17510953545570374,0.20591431856155396,-0.07696637511253357,-0.2577531933784485,-0.23401442170143127,-0.2201472520828247,0.6036691665649414,-0.2773078680038452,1.3610668182373047,-0.19686532020568848,-0.26745063066482544,-0.2561093866825104,0.005335552152246237,0.665169358253479,-0.2784488797187805,0.38466954231262207,-0.12913155555725098,0.5820649862289429,-0.26553410291671753,-0.2596058249473572
1,408,678,418,687,-0.2454492747783661,-0.10964196920394897,0.10111863911151886,1.1129249334335327,-0.011922268196940422,-0.2772541046142578,-0.21178662776947021,-0.25561144948005676,-0.1827070564031601,-0.21901126205921173,1.298985242843628,-0.275954931974411,-0.26819711923599243,3.8068606853485107,-0.11868726462125778,-0.20809245109558105,-0.0036494277883321047,-0.05382159352302551,1.785055160522461,-0.17478175461292267,-0.2310224324464798,-0.27840304374694824,-0.2715908885002136,-0.26630663871765137,0.5063290596008301,-0.23373301327228546,-0.1522754728794098,-0.20406588912010193,-0.146038219332695,-0.25977185368537903,-0.22057616710662842,-0.10879147052764893,-0.2755526006221771,1.1984070539474487,-0.2777043581008911,-0.27180951833724976,-0.13705940544605255,-0.24547350406646729,-0.20651672780513763,-0.2054171860218048,-0.1799546480178833,-0.009648104198276997,1.2717162370681763,-0.15095537900924683,-0.27819910645484924,-0.2581162750720978,-0.12836657464504242,0.846743643283844,5.370042324066162,1.448137879371643,0.1497507095336914,-0.26196902990341187,-0.055569492280483246,-0.27186354994773865,-0.27659285068511963,-0.06303709745407104,-0.23443782329559326,0.7625615000724792,0.34333524107933044,-0.029730482026934624,2.0793628692626953,0.9166809916496277,-0.03644287586212158,-0.16749976575374603,1.7189702987670898,-0.2549217641353607,-0.2764061689376831,-0.20827440917491913,-0.27309051156044006,0.9302653074264526,0.32589173316955566,0.08808320015668869,-0.2705124318599701,-0.2068461924791336,-0.09205491840839386,-0.2648450434207916,-0.1829068809747696,-0.25207552313804626,-0.14771082997322083,-0.0552404411137104,0.05616501718759537,-0.2737293243408203,-0.26830556988716125,0.2501251995563507,-0.22786058485507965,-0.0788961797952652,-0.048685744404792786,-0.18331977725028992,-0.2752688229084015,-0.24878117442131042,-0.26687952876091003,0.19572429358959198,-0.26376810669898987,-0.2501375377178192,-0.16229340434074402,-0.1583893746137619,-0.2728700637817383,-0.1697452813386917,1.2076226472854614,-0.12777751684188843,-0.2559065520763397,-0.18447718024253845,0.2555112838745117,0.27097752690315247,-0.15865981578826904,1.7278987169265747,-0.009255870245397091,-0.24869602918624878,-0.27673572301864624,0.22098615765571594,-0.2070569097995758,-0.2770642936229706,-0.24918070435523987,-0.24473461508750916,0.12091067433357239,-0.24044807255268097,3.530987501144409,1.3160121440887451,-0.1276586949825287,-0.2723889946937561,0.027747560292482376,-0.0497119277715683,-0.1436992585659027,0.9185717701911926,0.017066577449440956,-0.27666768431663513,-0.2582763731479645,-0.2764420509338379
2,414,809,422,817,0.08347897231578827,-0.2766234278678894,0.07120726257562637,0.9809043407440186,-0.11785249412059784,-0.27823272347450256,-0.24331669509410858,-0.2180185765028,-0.26612386107444763,-0.2099497765302658,0.8978491425514221,-0.2434307485818863,0.4989231824874878,0.13728120923042297,-0.1775166243314743,-0.13891106843948364,-0.2583503723144531,-0.11964341253042221,-0.26097339391708374,-0.2634972631931305,-0.2705906629562378,-0.11980970948934555,0.21352477371692657,-0.050777923315763474,0.28837093710899353,-0.21332906186580658,-0.2031632512807846,-0.25073501467704773,-0.07382840663194656,0.5449271202087402,-0.04049862176179886,-0.1707986295223236,0.043217457830905914,0.1539139300584793,-0.24692478775978088,-0.27842622995376587,-0.2536284923553467,-0.024053113535046577,-0.277874231338501,-0.24460269510746002,-0.26185593008995056,-0.2438480406999588,-0.2681010067462921,-0.21996217966079712,0.6236708164215088,-0.2568080425262451,-0.22652241587638855,0.47438502311706543,-0.02068418264389038,-0.022528106346726418,0.28706350922584534,-0.26023542881011963,-0.0023939432576298714,-0.22318807244300842,-0.20363490283489227,-0.18441973626613617,-0.2439090758562088,-0.08581867069005966,-0.09839697182178497,-0.21917060017585754,-0.0008192119421437383,1.0969300270080566,-0.04112240672111511,-0.2623206675052643,0.17042236030101776,-0.02009318210184574,-0.11591781675815582,-0.11098795384168625,0.15264281630516052,0.796684980392456,0.8114646077156067,-0.27844125032424927,-0.15487433969974518,-0.17096799612045288,-0.14726535975933075,-0.2782512903213501,0.16465090215206146,-0.27174440026283264,-0.2766183316707611,-0.2244846522808075,-0.03421511501073837,-0.2721671164035797,-0.2702120840549469,-0.20208626985549927,-0.1545889675617218,0.35860294103622437,-0.23342488706111908,-0.15716706216335297,0.1899242252111435,-0.24984075129032135,-0.24461589753627777,0.19265633821487427,0.12748239934444427,-0.24451345205307007,-0.2700619697570801,-0.2734695374965668,-0.20873232185840607,0.11696159839630127,-0.16592584550380707,0.3969891369342804,-0.019679410383105278,0.3432977497577667,0.13450850546360016,0.17012889683246613,-0.27795910835266113,-0.0030289243441075087,0.08316093683242798,-0.20228949189186096,0.3505958020687103,0.2433335781097412,-0.22003167867660522,-0.2768734395503998,-0.2772689163684845,-0.21871864795684814,0.44593945145606995,-0.274486780166626,0.7424917221069336,-0.27630066871643066,-0.26652613282203674,-0.2056068331003189,-0.0570264607667923,0.5140841007232666,-0.2776451110839844,0.24561645090579987,-0.09984873235225677,0.32025569677352905,-0.21551752090454102,-0.22824253141880035
3,429,248,438,256,0.205604687333107,-0.2698194086551666,0.07886485010385513,0.9419941902160645,-0.06820467859506607,-0.2780851721763611,-0.248814657330513,-0.23849041759967804,-0.2610718607902527,-0.2333710640668869,0.842126727104187,-0.21062305569648743,0.39573416113853455,0.20292221009731293,-0.15812966227531433,-0.15655715763568878,-0.2779131531715393,-0.14526353776454926,-0.2552880048751831,-0.24437223374843597,-0.2459535002708435,-0.1626763641834259,0.34710410237312317,-0.1423383355140686,0.2860938012599945,-0.2098194807767868,-0.25046831369400024,-0.2477443367242813,-0.05169515311717987,0.604232907295227,-0.03429367020726204,-0.14845682680606842,-0.02263454720377922,0.03847583383321762,-0.2643541097640991,-0.2729097306728363,-0.2610827088356018,-0.008060736581683159,-0.2755714952945709,-0.26421552896499634,-0.25422027707099915,-0.2555517256259918,-0.26294004917144775,-0.2534354031085968,0.3908576965332031,-0.26171156764030457,-0.2781583070755005,0.41571474075317383,0.03927870839834213,-0.019676025956869125,0.17859262228012085,-0.2532052993774414,0.011002565734088421,-0.2680208086967468,-0.1820218712091446,-0.1347268521785736,-0.24620351195335388,-0.06333142518997192,-0.05020403489470482,-0.22097721695899963,-0.08276037126779556,0.9089645743370056,-0.08533736318349838,-0.2784505784511566,0.06856542080640793,-0.025888025760650635,-0.17430542409420013,-0.036390915513038635,0.0390167161822319,0.6481648087501526,0.6850818991661072,-0.278458833694458,-0.13217127323150635,-0.15438880026340485,-0.08008027076721191,-0.2733103334903717,0.2144513577222824,-0.27835074067115784,-0.2747870087623596,-0.11412660777568817,0.10863068699836731,-0.2477063238620758,-0.25176194310188293,-0.22890175879001617,-0.11833327263593674,0.2931501567363739,-0.22631721198558807,-0.10098694264888763,0.08805343508720398,-0.27795687317848206,-0.21078313887119293,0.17342384159564972,0.1619156152009964,-0.24007494747638702,-0.277873158454895,-0.27776432037353516,-0.231185644865036,0.06610079109668732,-0.1470709592103958,0.39152637124061584,-0.09858249127864838,0.2311057299375534,0.10036330670118332,0.11812019348144531,-0.2782513201236725,0.005190432537347078,-0.07453270256519318,-0.17584766447544098,0.19296178221702576,0.15445177257061005,-0.20407192409038544,-0.27457568049430847,-0.2665795087814331,-0.21238337457180023,0.5294653177261353,-0.2744731307029724,0.8611331582069397,-0.2739317715167999,-0.2676728367805481,-0.2011200487613678,-0.07512807101011276,0.5454347133636475,-0.27825960516929626,0.15683895349502563,-0.1242176741361618,0.25649765133857727,-0.25888413190841675,-0.23056599497795105
4,393,295,402,304,-0.033256832510232925,-0.18412582576274872,0.15016606450080872,1.0446217060089111,-0.011210479773581028,-0.2759079933166504,-0.25315988063812256,-0.25358423590660095,-0.21421730518341064,-0.24407605826854706,1.6582951545715332,-0.19572339951992035,-0.2638779282569885,3.4003658294677734,-0.09635776281356812,-0.18392817676067352,-0.009091750718653202,-0.07489141821861267,1.0315481424331665,-0.1616503894329071,-0.21540164947509766,-0.27697962522506714,-0.27841323614120483,-0.2765413820743561,-0.053602058440446854,-0.2712900936603546,-0.1973908394575119,-0.2386368215084076,0.5907697081565857,-0.15653184056282043,-0.20135825872421265,-0.13068003952503204,-0.23569321632385254,1.4009768962860107,-0.27348312735557556,-0.27839982509613037,-0.16898560523986816,-0.2783973813056946,-0.26521584391593933,-0.27585381269454956,-0.22949214279651642,-0.11310511827468872,0.4293513000011444,0.41101181507110596,-0.11832810938358307,-0.27313393354415894,-0.21912752091884613,0.8288201689720154,4.234628200531006,1.0667803287506104,0.2502862215042114,-0.27544957399368286,0.3714979588985443,-0.27042487263679504,-0.2740234434604645,-0.15793339908123016,-0.2757966220378876,1.4838320016860962,0.08856905251741409,-0.04387765750288963,2.016988515853882,1.9240437746047974,-0.18374300003051758,0.43256324529647827,3.3452813625335693,-0.25829771161079407,-0.26565247774124146,0.18295130133628845,-0.2765672504901886,1.380163311958313,1.1910227537155151,0.055458731949329376,-0.27804750204086304,0.09873183071613312,-0.1787639856338501,-0.2706282138824463,0.5047592520713806,-0.269465833902359,0.1133570522069931,-0.08166439086198807,-0.2121770828962326,-0.2733627259731293,-0.27654150128364563,0.4525570273399353,-0.2532748579978943,-0.10927990078926086,-0.07660731673240662,-0.19073854386806488,-0.26613685488700867,-0.2735395133495331,-0.25198718905448914,-0.05825934186577797,-0.276589572429657,-0.2780955731868744,-0.23791979253292084,-0.094590924680233,-0.2545178532600403,-0.2647567093372345,0.5760889649391174,-0.09494896978139877,-0.2707268297672272,-0.2775745093822479,0.5633514523506165,0.8167353868484497,-0.21404585242271423,1.9749927520751953,0.3749261200428009,-0.2443724274635315,-0.2679230868816376,0.3664138615131378,-0.2330790013074875,-0.2765849232673645,-0.2621777355670929,-0.2190801501274109,0.3367117941379547,-0.18014240264892578,3.799112558364868,0.8455145955085754,-0.04392046481370926,-0.27784717082977295,-0.08422776311635971,-0.10143260657787323,-0.14535340666770935,1.0129764080047607,0.1531972736120224,-0.14775049686431885,0.18664664030075073,-0.276468962430954
5,614,351,623,360,0.12230518460273743,-0.2781480550765991,0.047477222979068756,0.9985430836677551,-0.07509821653366089,-0.27551892399787903,-0.23945799469947815,-0.20254215598106384,-0.2608453929424286,-0.20215116441249847,0.7659710049629211,-0.17200632393360138,0.6681779623031616,-0.0060906121507287025,-0.1441374123096466,-0.12463103979825974,-0.263894259929657,-0.11835141479969025,-0.20583198964595795,-0.27846434712409973,-0.26189741492271423,0.09179865568876266,0.22204551100730896,0.014746403321623802,0.4136839509010315,-0.2414362132549286,-0.23385944962501526,-0.22802358865737915,-0.177561953663826,0.3704332113265991,0.07176386564970016,-0.2220870405435562,0.08857804536819458,0.13666091859340668,-0.25282377004623413,-0.2783929407596588,-0.24482035636901855,-0.042989976704120636,-0.27844712138175964,-0.24245017766952515,-0.26842227578163147,-0.21956412494182587,-0.2778256833553314,-0.2163372039794922,0.7041875123977661,-0.2298549860715866,-0.21386049687862396,0.5282143950462341,-0.07707676291465759,-0.149673730134964,0.403515487909317,-0.2593134045600891,0.05392349138855934,-0.19154690206050873,-0.13572309911251068,-0.13170965015888214,-0.2639017105102539,-0.0716254934668541,-0.10186295211315155,-0.21500515937805176,0.02559579163789749,0.7230836749076843,-0.026181841269135475,-0.2783218324184418,-0.07929196953773499,-0.08621849864721298,-0.18894626200199127,-0.05266622453927994,0.23109018802642822,0.34711596369743347,0.8759000301361084,-0.2782442569732666,-0.209952712059021,-0.14898869395256042,-0.05475615710020065,-0.2779623568058014,0.13480156660079956,-0.2784583568572998,-0.27809855341911316,-0.15840503573417664,0.18959945440292358,-0.26540878415107727,-0.27267783880233765,-0.2625812292098999,-0.10983818024396896,0.04758944734930992,-0.21329863369464874,-0.14574074745178223,0.2595255672931671,-0.25408658385276794,-0.23360516130924225,0.1554509699344635,0.2653961479663849,-0.25887227058410645,-0.27634674310684204,-0.2749423682689667,-0.19763727486133575,0.6183244585990906,-0.1989051103591919,0.3430694341659546,0.0012823460856452584,0.4138070344924927,0.1466761976480484,0.21904276311397552,-0.27278557419776917,0.0843832865357399,-0.05635211244225502,-0.2344169169664383,0.15828421711921692,-0.03217826038599014,-0.14769655466079712,-0.2777691185474396,-0.26566702127456665,-0.18911373615264893,0.36246123909950256,-0.26720163226127625,0.12161864340305328,-0.276763916015625,-0.27258703112602234,-0.18290595710277557,-0.020787818357348442,0.6875317096710205,-0.2783927321434021,0.09121734648942947,-0.040319837629795074,0.23701409995555878,-0.26018884778022766,-0.20657098293304443
6,669,582,679,591,0.024043910205364227,-0.276872843503952,0.030848171561956406,0.9349774718284607,-0.09241321682929993,-0.2784561812877655,-0.21517573297023773,-0.25686824321746826,-0.2635011076927185,-0.22181887924671173,0.9792932868003845,-0.21502161026000977,0.4330635666847229,0.24882446229457855,-0.14441218972206116,-0.1867668777704239,-0.2711679935455322,-0.16844594478607178,-0.2730441689491272,-0.2556304633617401,-0.2750999331474304,-0.12594303488731384,0.26096484065055847,-0.0781877264380455,0.3420241177082062,-0.1789007931947708,-0.15182532370090485,-0.21853099763393402,-0.03197389468550682,0.6802782416343689,-0.048669762909412384,-0.1582929491996765,0.10690701752901077,0.11867126077413559,-0.2627319395542145,-0.2738519608974457,-0.2630511522293091,-0.011510283686220646,-0.2715611159801483,-0.1859045922756195,-0.25401750206947327,-0.2578940987586975,-0.2592189311981201,-0.18770334124565125,0.634070634841919,-0.252556174993515,-0.24116027355194092,0.5673547387123108,0.0857749953866005,0.03423312306404114,0.4259271025657654,-0.2341746687889099,0.06300730258226395,-0.2262430340051651,-0.23316974937915802,-0.1256612241268158,-0.23915940523147583,-0.19306829571723938,-0.09680398553609848,-0.20604249835014343,-0.08969926089048386,0.8515447378158569,-0.05097369849681854,-0.2648160755634308,0.13748995959758759,-0.04445279389619827,-0.03787125647068024,-0.1397898644208908,0.2534312903881073,0.8897398710250854,0.5599645972251892,-0.27512508630752563,-0.17923420667648315,-0.17412064969539642,-0.13770975172519684,-0.26903560757637024,0.23073217272758484,-0.2784248888492584,-0.27405527234077454,-0.13703833520412445,-0.08380849659442902,-0.2529110908508301,-0.2674122750759125,-0.19116145372390747,-0.01777944527566433,-0.023288460448384285,-0.2535921633243561,-0.10766122490167618,0.23479129374027252,-0.27752426266670227,-0.20948436856269836,0.10418768972158432,0.048067644238471985,-0.24126146733760834,-0.2753768861293793,-0.27467668056488037,-0.21423861384391785,0.2254936695098877,-0.17263445258140564,0.4167589843273163,0.10037662088871002,0.19999128580093384,0.13487562537193298,0.2825365960597992,-0.27468031644821167,-0.12150279432535172,0.18741647899150848,-0.23900394141674042,0.19320224225521088,0.05106685310602188,-0.2023448646068573,-0.261033833026886,-0.2658769190311432,-0.11745549738407135,0.38059940934181213,-0.27525246143341064,0.9387127161026001,-0.2680248022079468,-0.274961918592453,-0.1831621676683426,-0.02266852557659149,0.6351328492164612,-0.2758655250072479,0.3776409327983856,-0.14819198846817017,0.5760268568992615,-0.1593848317861557,-0.2314717173576355
7,193,386,201,393,-0.2065230906009674,-0.1620911806821823,-0.21786800026893616,1.6901870965957642,-0.03298273682594299,-0.25949305295944214,-0.18220213055610657,-0.16195306181907654,-0.2749079763889313,0.47777268290519714,-0.034864433109760284,-0.19580787420272827,-0.2664385139942169,-0.02188982628285885,1.2441860437393188,-0.2782113552093506,-0.27509310841560364,-0.27747246623039246,-0.20580120384693146,-0.26919880509376526,-0.1896502822637558,4.694570064544678,-0.24975840747356415,0.3779480755329132,4.409292697906494,-0.0884862169623375,-0.27740782499313354,-0.1451522409915924,-0.2709817886352539,-0.22936341166496277,-0.15435567498207092,-0.11039908230304718,-0.023756103590130806,-0.15115350484848022,-0.24350763857364655,-0.12732674181461334,0.4696425199508667,-0.06460639834403992,-0.1781657338142395,1.0853430032730103,-0.22042974829673767,0.8263391852378845,-0.18986018002033234,-0.15291129052639008,-0.26418209075927734,1.2087814807891846,-0.22909843921661377,0.9530459046363831,-0.2724910378456116,0.2853158712387085,0.22720734775066376,-0.2758258879184723,-0.2260197401046753,0.3994118571281433,0.7241944670677185,-0.04917217046022415,-0.21173736453056335,-0.19981427490711212,-0.11110735684633255,-0.22679556906223297,-0.2782847285270691,-0.2485964447259903,-0.11149132251739502,-0.06587236374616623,-0.25584107637405396,-0.25086623430252075,-0.027211375534534454,-0.27586740255355835,3.6586928367614746,-0.26512008905410767,-0.11430564522743225,-0.11399465799331665,-0.015409568324685097,-0.2595301866531372,-0.22946716845035553,-0.2389487326145172,-0.2690248489379883,-0.26270049810409546,0.4811365604400635,-0.23389223217964172,0.03450259566307068,-0.2774742841720581,-0.2773154079914093,-0.26219460368156433,0.6490446925163269,-0.10569246858358383,-0.1383555382490158,-0.07933516800403595,3.214383125305176,0.6344620585441589,-0.25995904207229614,0.28133732080459595,-0.11065667122602463,0.7347390651702881,-0.19884121417999268,-0.27391692996025085,0.9751086235046387,-0.26258188486099243,0.14438052475452423,-0.2645319998264313,0.9590108394622803,-0.2782542407512665,0.015002801083028316,0.025838999077677727,-0.04210427403450012,-0.2365918755531311,4.2165727615356445,0.002892482792958617,-0.2718895971775055,-0.24838726222515106,-0.26484954357147217,-0.1649039089679718,-0.23379464447498322,1.809990644454956,-0.2752608358860016,0.8117497563362122,-0.19357110559940338,-0.2104802429676056,0.623050332069397,0.9518808722496033,1.2283260822296143,0.613405168056488,-0.27740275859832764,0.002407747320830822,0.051364023238420486,-0.27468594908714294,-0.21188752353191376,0.6989526748657227
8,671,230,680,238,-0.006967521272599697,-0.2776658833026886,0.0736173763871193,1.030438780784607,-0.11482295393943787,-0.2609185576438904,-0.2694079875946045,-0.16790732741355896,-0.25326669216156006,-0.06196495518088341,0.5713509917259216,-0.183722123503685,0.6075450778007507,0.08092480897903442,-0.03913518786430359,-0.10971993207931519,-0.18333731591701508,-0.2043895721435547,-0.2537333369255066,-0.27677538990974426,-0.26609551906585693,0.25582456588745117,0.3724670708179474,-0.017469093203544617,0.605596125125885,-0.2390819638967514,-0.2168886810541153,-0.2538852095603943,-0.14658769965171814,0.5324070453643799,0.13729098439216614,-0.19936075806617737,0.21532496809959412,0.07543151080608368,-0.24422192573547363,-0.2763425409793854,-0.23394246399402618,0.020605580881237984,-0.27805277705192566,-0.08106213063001633,-0.27702128887176514,-0.189993217587471,-0.2777635157108307,-0.21756073832511902,0.3845510482788086,-0.16557341814041138,-0.07506667077541351,0.5464599132537842,-0.03220583498477936,-0.10101738572120667,0.3252596855163574,-0.2250802367925644,0.2539201080799103,-0.20406094193458557,-0.028586935251951218,-0.14969469606876373,-0.2707708477973938,-0.0672144666314125,-0.10203143954277039,-0.25059449672698975,-0.09412037581205368,0.6219573616981506,0.042170047760009766,-0.268854022026062,-0.16049514710903168,-0.14612223207950592,-0.20974521338939667,0.0739649310708046,0.5435268878936768,0.1484469771385193,0.6467865109443665,-0.26433125138282776,-0.17909228801727295,-0.011469698511064053,-0.02986805886030197,-0.27096864581108093,-0.007559007965028286,-0.2740844488143921,-0.2772024869918823,-0.20903967320919037,0.3047720789909363,-0.27225732803344727,-0.27677619457244873,-0.24525703489780426,0.0028626294806599617,0.08760679513216019,-0.0037543168291449547,-0.19058240950107574,0.6112569570541382,-0.16833564639091492,-0.25159206986427307,0.11716404557228088,0.43465304374694824,-0.27400052547454834,-0.27741673588752747,-0.2784566879272461,-0.12884573638439178,0.8071547746658325,-0.11560683697462082,0.2558291256427765,0.037275973707437515,0.3626660704612732,0.10971498489379883,0.16082656383514404,-0.2665260136127472,0.14165087044239044,0.21207337081432343,-0.2700005769729614,0.205427885055542,0.10289066284894943,-0.14121763408184052,-0.27658918499946594,-0.252633273601532,-0.13182252645492554,0.28864550590515137,-0.26289549469947815,0.01300385408103466,-0.2752387225627899,-0.27833178639411926,0.015271693468093872,-0.0015524569898843765,0.8870779871940613,-0.2757633924484253,-0.02261088788509369,-0.028554346412420273,0.3653564453125,-0.2306431084871292,-0.16806097328662872
9,742,688,750,695,-0.2682532072067261,-0.23824617266654968,-0.23959651589393616,1.4274005889892578,-0.006075921468436718,1.1835304498672485,-0.27168524265289307,-0.2776494026184082,-0.27830713987350464,0.2521016001701355,-0.20299676060676575,-0.2686246633529663,-0.2704247236251831,-0.26082101464271545,-0.17542727291584015,-0.18119943141937256,-0.04402943700551987,-0.21791881322860718,-0.27798911929130554,-0.2695218324661255,-0.2566748857498169,1.8378201723098755,-0.22037817537784576,3.961914300918579,1.044456958770752,-0.25426748394966125,-0.2712225914001465,-0.26433297991752625,-0.2678403854370117,-0.26666656136512756,-0.19782210886478424,-0.11568031460046768,0.17311297357082367,0.3435252904891968,-0.2672368586063385,-0.2768186926841736,0.060935139656066895,-0.08003607392311096,-0.10044214874505997,3.127206563949585,-0.2653784453868866,0.5066152215003967,-0.19324332475662231,-0.24471524357795715,-0.22001881897449493,-0.23801332712173462,-0.13661634922027588,0.949468195438385,4.804446220397949,0.7901951670646667,0.5536869168281555,-0.06612470746040344,-0.2741585373878479,0.2677593231201172,-0.17874787747859955,-0.0407329685986042,-0.14406156539916992,0.5064530372619629,-0.14977727830410004,-0.20050600171089172,-0.11627022176980972,-0.16985256969928741,-0.20273379981517792,-0.07371009886264801,-0.2784538269042969,-0.22537656128406525,-0.2763342261314392,-0.19637496769428253,5.44288444519043,1.6931921243667603,1.4003745317459106,-0.27667540311813354,-0.1974714994430542,-0.25667211413383484,-0.2136191725730896,-0.27680715918540955,-0.27026012539863586,-0.2255314290523529,-0.1049952432513237,-0.12010491639375687,0.7107037901878357,-0.2756487727165222,-0.27496200799942017,-0.2784471809864044,-0.15818165242671967,-0.08240813761949539,-0.04868143051862717,-0.10506371408700943,-0.24982640147209167,-0.25670722126960754,-0.2778487205505371,1.2599982023239136,-0.18153700232505798,0.0067257508635520935,-0.2779393792152405,-0.20401735603809357,-0.2665262520313263,-0.27047160267829895,-0.19082790613174438,-0.18814197182655334,-0.256237268447876,-0.062863789498806,0.44780054688453674,0.7813357710838318,-0.1782175451517105,0.7013365030288696,2.671027421951294,-0.2743600308895111,-0.2663707435131073,-0.12067774683237076,-0.09618473798036575,-0.2661689519882202,-0.15231774747371674,0.11031807214021683,-0.2782474756240845,0.6990213990211487,-0.26875612139701843,0.22189344465732574,0.2618054151535034,0.7533182501792908,0.23569054901599884,0.2073248326778412,-0.2539050281047821,0.382519394159317,0.8733634352684021,-0.25505849719047546,0.47341954708099365,0.18957892060279846
10,349,368,358,376,0.027036061510443687,-0.2764956057071686,-0.021769985556602478,0.9474445581436157,-0.08254539221525192,-0.2777189612388611,-0.1995430439710617,-0.2705453932285309,-0.2606108486652374,-0.21068613231182098,0.8118337392807007,-0.20367272198200226,0.5154295563697815,0.1486097127199173,-0.21474602818489075,-0.16758812963962555,-0.2762368321418762,-0.13834485411643982,-0.27839526534080505,-0.24326683580875397,-0.2742336094379425,-0.1780349314212799,0.1775469183921814,-0.06306333094835281,0.3082568943500519,-0.1965150237083435,-0.1757306307554245,-0.18143050372600555,-0.04443095996975899,0.5633499622344971,-0.12833009660243988,-0.1493903249502182,0.1028534471988678,0.2696097791194916,-0.25905725359916687,-0.26938754320144653,-0.2600497901439667,-0.016817474737763405,-0.27661237120628357,-0.17554447054862976,-0.2659413516521454,-0.2546413242816925,-0.2655135691165924,-0.22346101701259613,0.97943115234375,-0.265882283449173,-0.266853004693985,0.4165171980857849,0.13729313015937805,0.14010502398014069,0.39074352383613586,-0.24901610612869263,0.007764554116874933,-0.21552640199661255,-0.23840291798114777,-0.1377657949924469,-0.23302562534809113,-0.21138927340507507,-0.2080203741788864,-0.1916445940732956,-0.06610614061355591,1.1055402755737305,0.027577346190810204,-0.27054649591445923,0.026192618533968925,0.008168965578079224,-0.0185242909938097,-0.2236618548631668,0.5856162309646606,1.2287724018096924,0.4496937096118927,-0.2706657648086548,-0.18193300068378448,-0.17536552250385284,-0.20163030922412872,-0.27404940128326416,0.37532752752304077,-0.26985400915145874,-0.2754053473472595,-0.19168414175510406,-0.1622375249862671,-0.24839846789836884,-0.26580512523651123,-0.22827166318893433,-0.11683888733386993,0.0029286330100148916,-0.27338993549346924,-0.11853045225143433,0.25660377740859985,-0.2779816687107086,-0.21435563266277313,0.22726504504680634,0.13367526233196259,-0.24556146562099457,-0.2714991569519043,-0.2761807143688202,-0.21310599148273468,0.19075487554073334,-0.15575359761714935,0.36458778381347656,0.015658441931009293,0.15878964960575104,0.1267903745174408,0.35070016980171204,-0.25928592681884766,-0.19517529010772705,0.2892777621746063,-0.22290998697280884,0.1879543662071228,0.09748110920190811,-0.06657137721776962,-0.25719574093818665,-0.2670917809009552,-0.1668134182691574,0.47069624066352844,-0.27335307002067566,1.0857036113739014,-0.26560086011886597,-0.2706041932106018,-0.21301373839378357,-0.011574090458452702,0.6124311089515686,-0.271334707736969,0.4501629173755646,-0.1285673826932907,0.7715468406677246,-0.12593717873096466,-0.25075864791870117
11,225,495,233,503,-0.2737571895122528,-0.25143471360206604,-0.16155138611793518,1.0812976360321045,-0.12314023077487946,-0.27798715233802795,-0.2604486644268036,-0.2782858610153198,-0.11918875575065613,-0.14655441045761108,-0.0824752151966095,-0.12521865963935852,0.6229580044746399,0.06432906538248062,-0.2606082856655121,0.021456953138113022,-0.20219458639621735,-0.20506316423416138,-0.11782184988260269,-0.2764500081539154,-0.2771121561527252,0.22674664855003357,0.8362661004066467,0.5636957883834839,1.3763262033462524,-0.2784578204154968,0.23362690210342407,-0.27655744552612305,-0.2076503336429596,1.1430150270462036,-0.1909715086221695,-0.21081535518169403,0.42600053548812866,0.4249398112297058,-0.2758759558200836,-0.177681103348732,-0.09672840684652328,-0.16976751387119293,-0.21940059959888458,-0.27418866753578186,-0.03426982834935188,-0.19671151041984558,-0.2158803939819336,-0.20006781816482544,-0.0856010690331459,-0.16513721644878387,-0.14390937983989716,-0.2769376039505005,-0.031877461820840836,0.08572132140398026,2.060255289077759,-0.07673036307096481,1.3291821479797363,0.10192935913801193,-0.27548912167549133,-0.08530908077955246,-0.2387544959783554,1.0753860473632812,0.44329288601875305,-0.09868460148572922,-0.2259366512298584,1.3927937746047974,0.8927491903305054,-0.23545072972774506,0.03888174518942833,-0.08026272058486938,-0.23052887618541718,0.8560140132904053,0.35779881477355957,0.39277470111846924,0.9072810411453247,-0.2110203355550766,-0.24589119851589203,0.024618305265903473,0.06744790822267532,-0.2781761586666107,-0.12606443464756012,-0.27839672565460205,-0.16763140261173248,-0.18069331347942352,0.046189915388822556,-0.1817690134048462,-0.24039815366268158,-0.16697506606578827,0.13488447666168213,-0.2558700740337372,-0.20407071709632874,-0.1196863055229187,1.158311367034912,0.005836918018758297,-0.15057575702667236,2.9995455741882324,-0.2674483060836792,-0.24554860591888428,-0.2505356967449188,-0.25373369455337524,0.29818007349967957,0.8395887613296509,-0.1841067671775818,0.20910121500492096,0.05191212147474289,0.14838488399982452,0.5441169142723083,0.10776399821043015,-0.2107614427804947,-0.2713782787322998,0.24824996292591095,-0.17304439842700958,-0.06218581646680832,0.17409469187259674,-0.26257628202438354,-0.27756884694099426,-0.2774493992328644,-0.278446227312088,0.2713121771812439,-0.27420574426651,-0.27440208196640015,-0.025411363691091537,-0.03505582734942436,-0.24335579574108124,0.17828819155693054,0.1465461403131485,-0.15783970057964325,1.9873157739639282,-0.1013442650437355,-0.2659447491168976,-0.23418600857257843,-0.2176896333694458
12,214,685,223,694,0.3261946439743042,-0.2777867615222931,-0.06203026697039604,0.9421682357788086,-0.061361998319625854,-0.27673405408859253,-0.1723501831293106,-0.2621409595012665,-0.26122793555259705,-0.2245306670665741,0.829468846321106,-0.19310933351516724,0.2853550612926483,0.11649462580680847,-0.17731179296970367,-0.17219409346580505,-0.27845317125320435,-0.09226195514202118,-0.197966530919075,-0.25936755537986755,-0.27796119451522827,-0.005055469460785389,0.030606554821133614,0.00850275345146656,0.18170450627803802,-0.23819094896316528,-0.2574583888053894,-0.2483888566493988,-0.14392852783203125,0.4295163154602051,-0.14586928486824036,-0.20624250173568726,0.14363208413124084,0.10101791471242905,-0.25560930371284485,-0.26476892828941345,-0.2689019739627838,-0.019362982362508774,-0.27732688188552856,-0.2662913203239441,-0.2589486837387085,-0.2571326792240143,-0.2735125422477722,-0.2636738419532776,0.7840020060539246,-0.24710088968276978,-0.25935280323028564,0.5447788238525391,-0.10274365544319153,-0.14939361810684204,0.3047797381877899,-0.269298255443573,-0.07000255584716797,-0.19601194560527802,-0.22529339790344238,-0.1630227267742157,-0.2311551719903946,-0.08271001279354095,-0.1081966981291771,-0.19631825387477875,0.29794415831565857,0.9210003018379211,-0.0890975221991539,-0.27386999130249023,0.6457680463790894,-0.17247579991817474,-0.22236356139183044,-0.10989397764205933,0.04468343406915665,0.5012864470481873,1.4115142822265625,-0.27770817279815674,-0.21572642028331757,-0.20997288823127747,-0.06022294983267784,-0.27055442333221436,0.2643108665943146,-0.2779742479324341,-0.27843350172042847,-0.16415129601955414,0.0937105342745781,-0.24832682311534882,-0.26525333523750305,-0.2660716474056244,0.041806068271398544,0.18439923226833344,-0.26338493824005127,-0.09269821643829346,0.1950310915708542,-0.2733866572380066,-0.17568440735340118,0.29594385623931885,0.059077050536870956,-0.22119641304016113,-0.27825015783309937,-0.26853176951408386,-0.24193505942821503,0.20941653847694397,-0.26406651735305786,0.5475915670394897,-0.017610296607017517,0.33684298396110535,0.059339310973882675,0.2326480746269226,-0.27251699566841125,0.041070591658353806,-0.06182996928691864,-0.24631670117378235,0.006583133712410927,0.05684664845466614,-0.24247238039970398,-0.2726851999759674,-0.2763056457042694,-0.15913279354572296,0.36168354749679565,-0.2739228308200836,0.25508129596710205,-0.2737475037574768,-0.2614894211292267,-0.18314026296138763,-0.03607022762298584,0.4777293801307678,-0.27821001410484314,0.3825906813144684,-0.10123196244239807,0.22286184132099152,-0.16870956122875214,-0.220506951212883
13,328,793,336,800,0.6295298933982849,-0.24463528394699097,0.12373674660921097,1.007462978363037,-0.012602395378053188,-0.27230632305145264,-0.26218852400779724,-0.2636134624481201,-0.2304890751838684,-0.277561753988266,1.4611228704452515,-0.06541101634502411,-0.2681288719177246,2.878497362136841,-0.20455195009708405,-0.1349804699420929,-0.01851225271821022,-0.13211636245250702,-0.0027341924142092466,-0.14065317809581757,-0.27735212445259094,-0.25118017196655273,-0.27699553966522217,-0.2770437002182007,-0.19265715777873993,-0.27799832820892334,-0.22502782940864563,-0.275916188955307,0.8218492865562439,-0.02033163793385029,-0.16783729195594788,-0.11627168953418732,-0.09060489386320114,1.098172664642334,-0.2630671262741089,-0.27832189202308655,-0.19776509702205658,-0.25039681792259216,-0.2685638964176178,-0.27074822783470154,-0.26717182993888855,-0.14707690477371216,-0.1687842458486557,0.23310333490371704,0.05541882663965225,-0.26720431447029114,-0.2589006721973419,0.8545024991035461,3.076202869415283,0.5173973441123962,-0.008063845336437225,-0.2767271399497986,0.1780054122209549,-0.2668713331222534,-0.2646319568157196,-0.17689388990402222,-0.27607354521751404,1.7774367332458496,-0.0506398007273674,-0.0602911114692688,1.2883211374282837,2.0562856197357178,-0.19389861822128296,0.19892093539237976,3.972954511642456,-0.27539825439453125,-0.27675217390060425,0.2904692590236664,-0.26769182085990906,1.1758291721343994,1.95926034450531,-0.11183140426874161,-0.2782525420188904,0.3465239703655243,-0.16562025249004364,-0.2779848873615265,0.5874693989753723,-0.2775394320487976,0.012759220786392689,-0.14309892058372498,-0.23446302115917206,-0.27559664845466614,-0.27754074335098267,0.0874883309006691,-0.2686159908771515,-0.1402723789215088,-0.1683190017938614,-0.18589207530021667,-0.13947807252407074,-0.2743779122829437,-0.195345938205719,-0.11553807556629181,-0.2770920395851135,-0.27664488554000854,-0.23892313241958618,-0.10913890600204468,-0.26040032505989075,-0.2549276649951935,0.11933539807796478,-0.012287648394703865,-0.21666723489761353,-0.19859986007213593,0.7546072006225586,0.39220282435417175,-0.25670337677001953,1.6915769577026367,0.6354209184646606,-0.21008147299289703,-0.2697618007659912,0.5817596912384033,-0.2233853042125702,-0.27765530347824097,-0.2509119510650635,-0.18232452869415283,0.377944678068161,-0.20112304389476776,2.6860244274139404,0.2519870102405548,-0.0335785336792469,-0.1876881718635559,-0.1130867600440979,0.07720127701759338,-0.14887802302837372,0.7912399768829346,0.16375434398651123,-0.2152429223060608,0.7721500396728516,-0.2662986218929291
14,618,545,628,554,-0.27065083384513855,-0.14073418080806732,-0.2766847312450409,0.862923800945282,-0.01351556833833456,-0.2719797194004059,-0.2782745957374573,-0.22390875220298767,-0.16936451196670532,-0.27590811252593994,0.9544581770896912,-0.25860822200775146,0.12465342879295349,-0.14949914813041687,-0.2120441198348999,-0.2062762975692749,-0.048402804881334305,-0.11291450262069702,0.24345046281814575,-0.06937277317047119,-0.24931977689266205,-0.2251919060945511,-0.16773444414138794,0.7165514230728149,1.576063871383667,-0.24852201342582703,-0.17464420199394226,-0.11410074681043625,-0.266272634267807,0.23913149535655975,-0.2763064205646515,-0.14778581261634827,-0.2330593466758728,0.8726711869239807,-0.27570590376853943,-0.1438414603471756,-0.27600499987602234,-0.25195348262786865,-0.20542268455028534,-0.26898083090782166,-0.2148151397705078,-0.26312223076820374,-0.14279234409332275,-0.27075740694999695,0.42334169149398804,-0.2751957178115845,-0.10624869167804718,0.6707803010940552,2.5719172954559326,1.7286790609359741,-0.11598790436983109,-0.2754919230937958,-0.11032328009605408,-0.2784103751182556,-0.19004137814044952,-0.02029256895184517,-0.12200669944286346,-0.22644948959350586,-0.27837416529655457,-0.029383886605501175,0.9893636703491211,0.598000705242157,0.2849574685096741,-0.20480112731456757,-0.25920015573501587,-0.17905084788799286,0.06040564179420471,-0.23576143383979797,1.667984127998352,1.8704015016555786,0.3800697922706604,-0.22777599096298218,-0.24833497405052185,-0.2783539593219757,-0.21769686043262482,-0.26554369926452637,-0.271840900182724,-0.21128955483436584,-0.22820809483528137,-0.054811205714941025,-0.17406244575977325,-0.20642878115177155,-0.2134789228439331,0.026383008807897568,0.014452967792749405,-0.24694107472896576,-0.07141660153865814,-0.05066550523042679,-0.2727857530117035,-0.17695920169353485,-0.09095054119825363,0.5697224736213684,-0.27592310309410095,-0.2164456695318222,-0.15807192027568817,-0.260250449180603,-0.2755902409553528,-0.2741507589817047,-0.1266816109418869,0.28610286116600037,-0.26846736669540405,-0.27096986770629883,0.07163937389850616,0.5772173404693604,-0.1554633229970932,-0.2674717903137207,0.31774699687957764,-0.16721998155117035,-0.16966284811496735,-0.01666269265115261,-0.1878017634153366,-0.23102737963199615,-0.1879921555519104,-0.22575831413269043,1.0595852136611938,-0.26145413517951965,3.7103183269500732,1.164931297302246,-0.2783968150615692,-0.2550683915615082,0.07116597890853882,0.472244530916214,-0.26448434591293335,1.927573800086975,-0.1252191811800003,0.6150933504104614,-0.2655785083770752,-0.272352933883667
15,696,302,705,310,0.35048356652259827,-0.276242733001709,-0.056432612240314484,0.9729375243186951,-0.06696430593729019,-0.2764036953449249,-0.2401689887046814,-0.2226453423500061,-0.2759646475315094,-0.2002972960472107,0.4546984136104584,-0.15487994253635406,0.5542848110198975,-0.053784243762493134,-0.20425833761692047,-0.1706366091966629,-0.22387629747390747,-0.1338725984096527,-0.17244240641593933,-0.2509274482727051,-0.2410389482975006,0.0034217522479593754,0.24770310521125793,-0.05747375264763832,0.30230551958084106,-0.22338789701461792,-0.27468031644821167,-0.21587589383125305,-0.21048451960086823,0.4542689621448517,-0.032725896686315536,-0.15960508584976196,0.1991640329360962,0.06924079358577728,-0.27425849437713623,-0.27749788761138916,-0.23478475213050842,-0.05613839998841286,-0.2773765027523041,-0.24189609289169312,-0.27156510949134827,-0.2366497963666916,-0.2747253477573395,-0.2558993995189667,0.6844882965087891,-0.24535301327705383,-0.263129860162735,0.23110824823379517,-0.13917210698127747,-0.2030610293149948,0.38756895065307617,-0.2677782475948334,-0.08087693899869919,-0.22308965027332306,-0.14514343440532684,-0.15779079496860504,-0.2364005297422409,0.08853000402450562,-0.11100536584854126,-0.21955347061157227,-0.14157293736934662,0.8959255814552307,-0.14637914299964905,-0.26746511459350586,-0.06241960823535919,-0.062129419296979904,-0.22253471612930298,0.032411862164735794,0.14817625284194946,0.3646833300590515,0.9216016530990601,-0.2717399299144745,-0.20198750495910645,-0.12918750941753387,-0.09167982637882233,-0.2686557173728943,0.25715917348861694,-0.2784556746482849,-0.2661935091018677,-0.08953774720430374,0.13081394135951996,-0.23577502369880676,-0.2540814280509949,-0.27831393480300903,-0.05586039647459984,0.5275099873542786,-0.1741427481174469,-0.09328390657901764,0.21663440763950348,-0.27452877163887024,-0.21134813129901886,0.25298213958740234,0.24579496681690216,-0.2585580348968506,-0.2782272696495056,-0.27759554982185364,-0.19408780336380005,0.5225692987442017,-0.19765278697013855,0.3650374710559845,-0.01824347674846649,0.8458136916160583,0.12210692465305328,0.24163956940174103,-0.2782481908798218,-0.08661328256130219,-0.12299617379903793,-0.16858035326004028,0.21631841361522675,0.0913340374827385,-0.14520050585269928,-0.27842411398887634,-0.24474680423736572,-0.21874387562274933,0.37047821283340454,-0.26101699471473694,0.038934074342250824,-0.26869553327560425,-0.26662325859069824,-0.18476609885692596,-0.035588473081588745,0.586390495300293,-0.26945286989212036,0.029378816485404968,-0.03345726057887077,0.1723306030035019,-0.2742321193218231,-0.20422564446926117
16,580,302,589,310,0.6581937670707703,-0.2717099189758301,-0.020985158160328865,0.9445342421531677,-0.0618349127471447,-0.25476548075675964,-0.23022544384002686,-0.2607012689113617,-0.26267844438552856,-0.1334814429283142,0.3855368196964264,-0.2261868566274643,0.6108016967773438,0.10718348622322083,-0.15478968620300293,-0.18069015443325043,-0.24653927981853485,-0.14153331518173218,-0.245697021484375,-0.2298607975244522,-0.20266187191009521,-0.10743705183267593,0.33739355206489563,-0.1845749318599701,0.23785899579524994,-0.06797847151756287,-0.2754935026168823,-0.272000253200531,0.008113599382340908,1.0991921424865723,-0.20589670538902283,-0.1829359531402588,0.10530141741037369,-0.16500040888786316,-0.27122971415519714,-0.27788370847702026,-0.24184805154800415,-0.15232031047344208,-0.2773071229457855,-0.2734470069408417,-0.27383068203926086,-0.24122582376003265,-0.26427343487739563,-0.2098144292831421,0.38142678141593933,-0.27509158849716187,-0.24933403730392456,0.023224325850605965,-0.002154226880520582,-0.019798308610916138,0.369130939245224,-0.10002518445253372,-0.14565223455429077,-0.24592801928520203,-0.21617582440376282,-0.22150814533233643,-0.22287657856941223,0.5730761885643005,-0.14662034809589386,-0.2502444088459015,0.09317748248577118,0.8014208078384399,-0.14379902184009552,-0.277922660112381,0.29510021209716797,0.07181834429502487,-0.233844593167305,0.41319990158081055,0.06878102570772171,0.9585973620414734,0.8781173825263977,-0.2712014317512512,-0.0686175674200058,-0.08268028497695923,-0.0206946711987257,-0.23829801380634308,0.408377081155777,-0.2749355137348175,-0.26794612407684326,-0.11279015243053436,0.18997710943222046,-0.21449944376945496,-0.2481033205986023,-0.2781183421611786,0.03508247062563896,0.7118931412696838,-0.23205886781215668,-0.12073460221290588,-0.10244821012020111,-0.2772414982318878,-0.20022086799144745,0.18081070482730865,0.3487004339694977,-0.2545461058616638,-0.26928994059562683,-0.2766352891921997,-0.21293871104717255,0.2816924750804901,-0.2274712175130844,0.36650705337524414,-0.19694089889526367,0.58469557762146,0.0029939371161162853,0.40599513053894043,-0.26625820994377136,-0.1282779574394226,-0.0893121138215065,-0.16209545731544495,0.2139577865600586,0.14428387582302094,-0.15337137877941132,-0.27753880620002747,-0.23234759271144867,-0.16430003941059113,0.555952787399292,-0.26087456941604614,0.09758635610342026,-0.27570655941963196,-0.2604994475841522,-0.10258787870407104,-0.06536487489938736,0.3657124638557434,-0.27041923999786377,0.16175416111946106,-0.011133148334920406,0.23681104183197021,-0.08184592425823212,-0.2060888558626175
17,231,431,240,439,0.06086089462041855,-0.2752692997455597,-0.0486283004283905,0.9936476945877075,-0.07323841005563736,-0.27813848853111267,-0.22087128460407257,-0.22939471900463104,-0.24229051172733307,-0.2022969275712967,0.9478054046630859,-0.1819542795419693,0.49848803877830505,0.07256963849067688,-0.20437149703502655,-0.14617906510829926,-0.25703656673431396,-0.09991629421710968,-0.2209937870502472,-0.27720674872398376,-0.27839475870132446,0.08899063616991043,0.05231586471199989,0.051158394664525986,0.4362298250198364,-0.2450142800807953,-0.2282169759273529,-0.2312362641096115,-0.17364461719989777,0.23104701936244965,-0.06503299623727798,-0.25232836604118347,0.10703354328870773,0.18357594311237335,-0.24259600043296814,-0.27645325660705566,-0.25661501288414,-0.06682369112968445,-0.2760624587535858,-0.21054993569850922,-0.27479079365730286,-0.22388450801372528,-0.27788692712783813,-0.2424408197402954,0.7940624356269836,-0.23346367478370667,-0.24123556911945343,0.4461987316608429,-0.04848212003707886,-0.14298005402088165,0.5765332579612732,-0.264334499835968,-0.06463982164859772,-0.17601579427719116,-0.14203962683677673,-0.16230829060077667,-0.25696349143981934,-0.13667051494121552,-0.12086482346057892,-0.22023817896842957,-0.023739205673336983,0.670841634273529,-0.010789020918309689,-0.27732053399086,0.008870045654475689,-0.21275588870048523,-0.18934552371501923,-0.038838520646095276,0.3343946933746338,0.5594379901885986,0.9425727128982544,-0.2776653468608856,-0.23160871863365173,-0.20200146734714508,-0.06754450500011444,-0.27386024594306946,0.07047773152589798,-0.27844226360321045,-0.2779291272163391,-0.2286256104707718,0.08707975596189499,-0.27466654777526855,-0.2784316837787628,-0.2448493093252182,-0.07888952642679214,0.09297077357769012,-0.26325851678848267,-0.15116426348686218,0.36629584431648254,-0.2511228322982788,-0.24078592658042908,0.2578602731227875,0.18011611700057983,-0.24930454790592194,-0.27161768078804016,-0.270358681678772,-0.20730121433734894,0.5696274638175964,-0.22016994655132294,0.33829596638679504,0.05777670070528984,0.26605233550071716,0.10104230791330338,0.19983842968940735,-0.25087618827819824,-0.024960115551948547,-0.01217822078615427,-0.26104551553726196,0.0952705591917038,0.1722572147846222,-0.1522493213415146,-0.2783713936805725,-0.26884445548057556,-0.19044452905654907,0.3300324082374573,-0.2694142758846283,0.10988549143075943,-0.27167177200317383,-0.27616071701049805,-0.19575105607509613,-0.00801590085029602,0.5487895607948303,-0.278259813785553,0.15204152464866638,-0.10084924846887589,0.24501262605190277,-0.20437400043010712,-0.22508057951927185
18,466,758,475,767,-0.2783220708370209,-0.1379997879266739,-0.20632466673851013,1.6006910800933838,-0.09021223336458206,-0.22099590301513672,-0.12996748089790344,-0.25817736983299255,-0.1623343527317047,-0.030676156282424927,-0.23763088881969452,-0.13798083364963531,-0.16620637476444244,5.835176467895508,0.7585529685020447,-0.27094733715057373,-0.03406143561005592,-0.1490020900964737,-0.27580609917640686,-0.272470623254776,-0.11639607697725296,3.675471782684326,-0.25180569291114807,-0.27801844477653503,0.19600491225719452,-0.13722175359725952,-0.2015250027179718,-0.10057676583528519,-0.04056662693619728,-0.2744797468185425,-0.16025567054748535,-0.23607544600963593,-0.20618732273578644,0.12399240583181381,-0.2629797160625458,-0.2089497148990631,0.5612820386886597,-0.08136188238859177,-0.2772882878780365,-0.2781418561935425,-0.2622718811035156,0.590792179107666,-0.03048005886375904,-0.2693077325820923,-0.2672727108001709,0.9282342791557312,-0.23378761112689972,0.7293074131011963,-0.24651716649532318,-0.26718834042549133,0.6751599311828613,-0.03612472489476204,-0.25499215722084045,-0.13654223084449768,0.23946015536785126,-0.27626821398735046,-0.27719125151634216,-0.17179228365421295,-0.13700951635837555,-0.24599672853946686,-0.22622741758823395,-0.019937416538596153,0.0473136305809021,-0.27839845418930054,4.076663017272949,0.1424495130777359,-0.06698428839445114,-0.21586830914020538,-0.2748970091342926,-0.2652754485607147,0.44218313694000244,-0.19387611746788025,-0.26890864968299866,-0.16975301504135132,0.22498877346515656,-0.23089171946048737,0.3181387484073639,-0.26347801089286804,0.40492650866508484,-0.1471736878156662,1.5509974956512451,-0.27495327591896057,-0.27825498580932617,-0.19017168879508972,-0.07970668375492096,-0.07553860545158386,-0.25115326046943665,-0.16491815447807312,0.6489842534065247,-0.26746007800102234,-0.2614518404006958,-0.20989981293678284,-0.2741856276988983,0.9935483932495117,-0.23416058719158173,-0.24105991423130035,0.41687119007110596,-0.12408681213855743,0.6343319416046143,-0.22043131291866302,0.5327634811401367,-0.07667599618434906,-0.039703384041786194,-0.03924216330051422,-0.07788369804620743,-0.2494608759880066,2.841235876083374,-0.008533645421266556,-0.22882911562919617,-0.045218199491500854,-0.12898434698581696,-0.22942547500133514,-0.21631310880184174,2.142024040222168,-0.21536897122859955,-0.12018287181854248,-0.2584066390991211,-0.2744396924972534,0.39718931913375854,1.6252986192703247,0.8102211952209473,0.048646099865436554,-0.22606149315834045,0.31173175573349,-0.22631603479385376,-0.22685539722442627,-0.27021417021751404,0.4847169518470764
19,335,441,342,448,0.1514347940683365,-0.267180860042572,0.03107794187963009,0.9511944055557251,-0.06641492992639542,-0.2751734256744385,-0.26976996660232544,-0.23949439823627472,-0.27496498823165894,-0.17381371557712555,0.6682196259498596,-0.10956674069166183,0.3780173063278198,0.2913453280925751,-0.27483654022216797,-0.186819389462471,-0.2585807740688324,-0.10714118927717209,-0.17168454825878143,-0.21599431335926056,-0.25228822231292725,0.04960544407367706,0.25313255190849304,-0.19713984429836273,0.6059329509735107,-0.27526140213012695,-0.2750174105167389,-0.15639488399028778,-0.2447485327720642,0.28855884075164795,-0.05320871248841286,-0.11303291469812393,0.30029791593551636,0.2837335169315338,-0.2772709131240845,-0.26711660623550415,-0.2605511248111725,0.06479592621326447,-0.2753848135471344,-0.25062766671180725,-0.25853097438812256,-0.25965237617492676,-0.2703094184398651,-0.27759286761283875,0.5169548988342285,-0.13798953592777252,-0.2679133713245392,0.30453217029571533,-0.09693507850170135,-0.05361524596810341,0.5351439714431763,-0.2725086808204651,-0.14848151803016663,-0.15999233722686768,-0.19040447473526,-0.11204350739717484,-0.21388284862041473,-0.12380000948905945,-0.16646920144557953,-0.2413226217031479,-0.23603233695030212,1.030261754989624,-0.15740089118480682,-0.25912490487098694,0.007450923789292574,-0.19495297968387604,-0.24127702414989471,-0.16838081181049347,0.09878718852996826,0.3385435938835144,0.5663020610809326,-0.2411521077156067,-0.24574457108974457,-0.22393424808979034,-0.13567817211151123,-0.26246070861816406,0.275253564119339,-0.27632462978363037,-0.24155333638191223,-0.057781655341386795,0.15364979207515717,-0.22948680818080902,-0.24081234633922577,-0.2776572108268738,0.09029673039913177,0.3447541892528534,-0.12398648262023926,-0.03315271809697151,0.5442045331001282,-0.2663150429725647,-0.2046934962272644,0.2746252119541168,0.31796202063560486,-0.2412823587656021,-0.2719022035598755,-0.2636798024177551,-0.20752476155757904,0.22856879234313965,-0.21613085269927979,0.43082454800605774,-0.08629170060157776,0.5576173663139343,0.2846754193305969,0.2575995922088623,-0.26270347833633423,-0.14812232553958893,-0.11063617467880249,-0.17400453984737396,0.10097280144691467,-0.12692967057228088,-0.26279979944229126,-0.2490752786397934,-0.2448447346687317,-0.2055779993534088,0.5373231768608093,-0.27507734298706055,-0.04442509636282921,-0.2669035494327545,-0.24079065024852753,0.015079558826982975,0.005903242155909538,0.7404181957244873,-0.2675178349018097,0.05206046998500824,-0.17916272580623627,0.7517713904380798,-0.266514390707016,-0.21760432422161102
20,109,349,118,358,0.20473846793174744,-0.2694922685623169,0.05972059443593025,1.0582606792449951,-0.11807844042778015,-0.27342310547828674,-0.04496506229043007,-0.1305326223373413,-0.2741168141365051,-0.14336243271827698,0.6395200490951538,-0.23096300661563873,0.21804314851760864,0.19340281188488007,-0.17354178428649902,-0.07841838896274567,-0.22453048825263977,-0.20038338005542755,-0.2482423484325409,-0.259806752204895,-0.2715798318386078,0.22326147556304932,0.24546422064304352,0.032238978892564774,0.3711106777191162,-0.26788094639778137,-0.2116040140390396,-0.2721136510372162,-0.07477980107069016,0.1262514591217041,-0.11075279861688614,-0.20369979739189148,0.03945542871952057,0.2496497631072998,-0.2179962694644928,-0.2765326201915741,-0.24140669405460358,0.09378953278064728,-0.2782253324985504,0.24072319269180298,-0.2782938480377197,-0.20127326250076294,-0.24957375228405,-0.18554088473320007,0.2603529393672943,-0.20793655514717102,-0.24476023018360138,0.42316797375679016,0.09807829558849335,0.10283136367797852,0.4037655293941498,-0.27600231766700745,-0.03358419984579086,-0.17882204055786133,-0.034156955778598785,-0.21721352636814117,-0.2653788626194,-0.1595662236213684,-0.03479168191552162,-0.27827051281929016,0.0468224436044693,0.8201634287834167,-0.11261428892612457,-0.2557876706123352,0.2621057629585266,-0.16598625481128693,-0.23109467327594757,0.052397433668375015,0.37450072169303894,0.6176964640617371,0.8220162987709045,-0.2774244546890259,-0.11430543661117554,-0.09646686166524887,-0.15347011387348175,-0.2738901674747467,0.10595600306987762,-0.2564336061477661,-0.25999096035957336,-0.23926594853401184,0.1899501234292984,-0.2684595286846161,-0.2784643769264221,-0.22831113636493683,-0.13557641208171844,0.07409301400184631,-0.24153026938438416,-0.12937815487384796,0.7264321446418762,-0.2368215024471283,-0.2778226137161255,0.4107501208782196,0.23492969572544098,-0.26206183433532715,-0.2332158386707306,-0.27406999468803406,-0.21553461253643036,0.09152413159608841,-0.14711692929267883,0.29674825072288513,-0.03816971182823181,0.15750262141227722,0.20735125243663788,0.32962992787361145,-0.2781044840812683,0.17202621698379517,0.37421852350234985,-0.27118441462516785,-0.0008645913330838084,0.02834502048790455,-0.1327928900718689,-0.2781326472759247,-0.23442432284355164,-0.1572236567735672,0.20140385627746582,-0.237795889377594,0.3513205945491791,-0.2782611548900604,-0.27336937189102173,0.03555423766374588,-0.041549474000930786,0.48930624127388,-0.26651716232299805,0.13841411471366882,-0.12708473205566406,0.11498107761144638,-0.19579064846038818,-0.19184274971485138
21,324,289,333,298,-0.17077989876270294,-0.25763532519340515,-0.1594676524400711,1.6954954862594604,-0.026093848049640656,1.8659405708312988,-0.26858532428741455,-0.23912283778190613,-0.21963466703891754,1.2139931917190552,-0.1609521210193634,-0.24923992156982422,-0.2540900707244873,-0.2630648910999298,0.5943355560302734,-0.2783719301223755,-0.173140287399292,-0.278368204832077,-0.2267853021621704,-0.08515539020299911,-0.09757456928491592,3.7786693572998047,-0.21772654354572296,1.338249683380127,4.665269374847412,-0.23877829313278198,-0.2777475118637085,-0.20072875916957855,-0.20019884407520294,-0.27706849575042725,-0.20252639055252075,-0.2751729488372803,0.1225007027387619,-0.2308097928762436,-0.2535989284515381,-0.22068017721176147,0.5027990341186523,-0.04182097315788269,-0.26683974266052246,-0.13083040714263916,-0.2765982449054718,0.9409813284873962,-0.047299664467573166,-0.1103365570306778,-0.24788029491901398,0.6722218990325928,-0.1896405965089798,1.538902759552002,1.9861860275268555,-0.2314772754907608,-0.050434790551662445,1.1345611810684204,-0.24885819852352142,0.9374990463256836,-0.2505151331424713,-0.09089013934135437,-0.21033327281475067,-0.24119102954864502,-0.15037813782691956,-0.25038832426071167,-0.25033921003341675,-0.2562708556652069,-0.13211403787136078,-0.04073802009224892,-0.22362598776817322,-0.23786522448062897,-0.27163010835647583,-0.2637304961681366,3.3303494453430176,-0.17918485403060913,0.33895015716552734,-0.17288342118263245,-0.25568637251853943,-0.07852397114038467,-0.2784312665462494,-0.2680399417877197,-0.1461714208126068,-0.09706199169158936,-0.13666929304599762,-0.2461540251970291,2.2905070781707764,-0.2768971920013428,-0.2655407786369324,0.07334332168102264,0.7801576256752014,-0.10420109331607819,-0.11366631090641022,-0.08224587142467499,-0.2613321542739868,-0.26120254397392273,-0.2691795229911804,1.298137903213501,-0.278453528881073,0.847627580165863,-0.19554567337036133,-0.08230554312467575,0.12740236520767212,-0.2372705489397049,-0.18953156471252441,-0.26992809772491455,-0.27573126554489136,0.22552615404129028,-0.16651931405067444,-0.16347664594650269,-0.08915821462869644,-0.027663705870509148,3.5528321266174316,0.04988658428192139,-0.2681151032447815,-0.2579251527786255,-0.2243388295173645,-0.21167966723442078,-0.24042774736881256,0.8256967663764954,-0.2781171202659607,0.26892706751823425,-0.10880763083696365,-0.08350119739770889,0.3551337420940399,1.159656286239624,0.9266451001167297,0.3969399929046631,-0.2717377841472626,0.8105250597000122,0.41621676087379456,-0.27331215143203735,-0.24238139390945435,0.7475979924201965
22,175,280,185,288,-0.007171089760959148,-0.2712332606315613,-0.1078631654381752,1.0703624486923218,-0.0983986034989357,-0.2680702209472656,-0.016203071922063828,-0.18988381326198578,-0.2627904415130615,0.0008158941054716706,0.6442580223083496,-0.19979505240917206,0.5955654382705688,0.466337114572525,-0.1000739112496376,-0.08532947301864624,-0.2673110365867615,-0.19236205518245697,-0.2726938724517822,-0.2774580419063568,-0.278118759393692,0.0879926010966301,0.1983681470155716,0.035811685025691986,0.6933911442756653,-0.25426387786865234,-0.1731785237789154,-0.19481074810028076,-0.06285805255174637,0.3995673656463623,-0.008765005506575108,-0.15640002489089966,0.13454276323318481,0.22295521199703217,-0.25394460558891296,-0.2772703170776367,-0.21637271344661713,-0.058599803596735,-0.2749699354171753,-0.0549093633890152,-0.2734440863132477,-0.19047914445400238,-0.2635270953178406,-0.21062825620174408,0.5978834629058838,-0.17838676273822784,-0.18848656117916107,0.47643107175827026,0.37549516558647156,0.14629483222961426,0.5137417912483215,-0.25008296966552734,0.21026189625263214,-0.18793708086013794,-0.24590496718883514,-0.1573030799627304,-0.2587965428829193,-0.14715027809143066,-0.17342343926429749,-0.19940225780010223,0.16572195291519165,1.2233930826187134,0.12764212489128113,-0.2532463073730469,0.345568984746933,-0.07023344188928604,-0.14259906113147736,-0.04745866358280182,0.6507773399353027,0.6273468136787415,0.7247301936149597,-0.2508485019207001,-0.17391857504844666,-0.13877858221530914,-0.15475860238075256,-0.27119240164756775,-0.028755754232406616,-0.2783922553062439,-0.27094781398773193,-0.17285452783107758,0.228861004114151,-0.27392348647117615,-0.27433881163597107,-0.2565552890300751,-0.030409513041377068,-0.16834865510463715,-0.2656804621219635,-0.17375625669956207,0.5172019004821777,-0.2534882426261902,-0.27353954315185547,0.3282140791416168,0.1452856957912445,-0.27794963121414185,-0.2744971215724945,-0.27842605113983154,-0.16310076415538788,0.34241247177124023,-0.01499844342470169,0.2397780567407608,-0.07748133689165115,0.43781426548957825,0.1723794788122177,0.4582551121711731,-0.2754231095314026,0.04783707857131958,0.6501133441925049,-0.2784109115600586,0.08173234760761261,0.26177966594696045,-0.16923579573631287,-0.2740417718887329,-0.27846086025238037,-0.09534212946891785,0.20492342114448547,-0.24863822758197784,0.582245409488678,-0.22401030361652374,-0.27663055062294006,-0.052643999457359314,0.06559500843286514,0.586321234703064,-0.2784622013568878,0.47175368666648865,-0.024864541366696358,0.2869783341884613,-0.2606055736541748,-0.20697051286697388
23,207,511,217,520,-0.19899240136146545,-0.2629694640636444,-0.26314517855644226,0.945380687713623,-0.04578930884599686,-0.2767420709133148,-0.02176624909043312,-0.278280645608902,-0.20437665283679962,-0.202127605676651,0.31600576639175415,-0.2416832000017166,0.1190662756562233,-0.05827765166759491,-0.2644191086292267,-0.2063654512166977,-0.2715422511100769,-0.13886603713035583,-0.2733623683452606,-0.17519314587116241,-0.24226264655590057,-0.20762944221496582,-0.05894369259476662,0.5030004382133484,0.061375368386507034,-0.27074265480041504,-0.24824464321136475,-0.2405996322631836,-0.12817484140396118,0.29261377453804016,-0.2778398096561432,-0.10767082124948502,0.06725048273801804,0.46138328313827515,-0.263181209564209,-0.20997226238250732,-0.2560192346572876,-0.27483415603637695,-0.19264467060565948,-0.23352539539337158,-0.278464138507843,-0.23267365992069244,-0.2784636616706848,-0.2706625461578369,0.9031960368156433,-0.2721008360385895,-0.26495155692100525,0.5296212434768677,0.962495744228363,0.3000926971435547,0.29408466815948486,-0.27846240997314453,-0.2115972638130188,-0.2526964545249939,-0.23222972452640533,-0.10859962552785873,-0.17688578367233276,-0.24730178713798523,-0.2654668688774109,-0.18045128881931305,-0.03784991055727005,1.0201740264892578,0.06567169725894928,-0.2783728539943695,-0.049516983330249786,-0.2751920819282532,0.10592905431985855,-0.27734509110450745,1.392303705215454,1.435232162475586,0.9378026723861694,-0.27840813994407654,-0.2512458562850952,-0.2127259224653244,-0.2444871962070465,-0.274539589881897,-0.001302415388636291,-0.27605995535850525,-0.26769211888313293,-0.19142965972423553,-0.21310804784297943,-0.2564256191253662,-0.2742270529270172,-0.268174946308136,0.001510480884462595,-0.26675811409950256,-0.2682684361934662,-0.05688859894871712,-0.00897114910185337,-0.2688439190387726,-0.15495416522026062,0.7382491827011108,-0.08024362474679947,-0.24234052002429962,-0.27556031942367554,-0.2671678066253662,-0.26366859674453735,0.05305876210331917,-0.22995351254940033,0.2829040288925171,-0.1947423666715622,-0.01885118894279003,-0.04303804039955139,0.5451991558074951,-0.24748282134532928,-0.2136928141117096,0.25798141956329346,-0.19634148478507996,0.017422901466488838,0.5482561588287354,-0.04518862068653107,-0.25865882635116577,-0.22548653185367584,-0.18348146975040436,0.2514957785606384,-0.2571210265159607,0.7572017312049866,-0.25060147047042847,-0.27843770384788513,-0.1825062781572342,-0.016170864924788475,0.491094172000885,-0.2756837010383606,0.8160953521728516,-0.090074822306633,0.23535455763339996,-0.2221621721982956,-0.227895587682724
24,722,681,731,689,1.7609905004501343,-0.27453407645225525,-0.2243739813566208,0.9893097877502441,-0.003304155543446541,-0.26892149448394775,-0.20136219263076782,-0.2445736527442932,-0.1404992938041687,-0.2783748507499695,0.2473774552345276,-0.16153213381767273,-0.2624841332435608,3.5984160900115967,-0.1702735275030136,-0.18525154888629913,-0.02694779820740223,-0.22425508499145508,-0.12741918861865997,-0.07039687037467957,-0.20303912460803986,1.024344801902771,-0.22450774908065796,-0.2694512903690338,-0.24421407282352448,-0.26325881481170654,-0.2759334444999695,-0.2784532308578491,0.9980301260948181,0.03186118230223656,-0.18608254194259644,-0.21175095438957214,0.24074748158454895,0.17992942035198212,-0.2783972918987274,-0.26324737071990967,-0.16294653713703156,-0.23957617580890656,-0.23339204490184784,-0.25526943802833557,-0.27769485116004944,-0.1740654706954956,-0.20281249284744263,-0.01242125779390335,0.11792849749326706,-0.1695988029241562,-0.23261196911334991,0.7303667664527893,-0.2717650234699249,-0.2724774479866028,0.46481260657310486,0.14716918766498566,-0.1172550842165947,-0.267484575510025,-0.21792197227478027,-0.20005467534065247,-0.2554750144481659,-0.2782301902770996,-0.26183390617370605,-0.1664714366197586,-0.26995906233787537,1.3443421125411987,-0.2611474394798279,-0.2650739848613739,5.874643802642822,-0.24837832152843475,-0.04486825317144394,0.2089214324951172,-0.26427608728408813,0.1891176551580429,2.995898723602295,-0.08324864506721497,-0.2757663428783417,-0.22431781888008118,0.25468355417251587,-0.27484574913978577,1.5347706079483032,-0.2782830595970154,-0.05819662660360336,-0.08791254460811615,0.09375740587711334,-0.21584908664226532,-0.2724221348762512,-0.15571683645248413,-0.14875663816928864,-0.1447882503271103,-0.16679039597511292,-0.07502885907888412,0.4006228446960449,-0.26581090688705444,-0.05781582370400429,-0.2782116234302521,-0.26577848196029663,-0.2773429751396179,-0.23670946061611176,-0.04286754131317139,-0.27475136518478394,-0.20120050013065338,-0.2757406234741211,0.2045237272977829,0.5608917474746704,-0.17478305101394653,0.6927860975265503,0.38280826807022095,-0.24807527661323547,-0.22161707282066345,1.2137266397476196,-0.22674697637557983,-0.21613477170467377,0.3088923990726471,-0.17174622416496277,-0.2783346474170685,-0.21439571678638458,1.4806782007217407,-0.236022487282753,-0.09723963588476181,-0.1292417347431183,-0.24162276089191437,-0.05612758547067642,0.2514594793319702,0.06234682351350784,-0.11756013333797455,-0.1498817652463913,1.2613494396209717,-0.18650005757808685,-0.2582377791404724,1.3744257688522339,-0.06763660907745361
25,680,549,688,558,-0.0955672487616539,-0.07839792966842651,-0.042073000222444534,1.2770960330963135,-0.013584316708147526,-0.19400736689567566,-0.19293594360351562,-0.26605337858200073,-0.11592504382133484,-0.2780277132987976,0.6331740021705627,-0.2207239866256714,-0.27837592363357544,4.123334884643555,-0.17281809449195862,-0.24780578911304474,-0.0018599415197968483,-0.09623849391937256,1.767827033996582,-0.24714529514312744,-0.27819862961769104,-0.21366651356220245,-0.26987117528915405,-0.2669619023799896,1.446654200553894,-0.16740743815898895,0.06732814013957977,-0.15509890019893646,-0.27422958612442017,-0.2784532308578491,-0.1855183243751526,-0.06607679277658463,-0.23522819578647614,0.6529821753501892,-0.272451251745224,-0.26357439160346985,0.12143591046333313,-0.13710522651672363,-0.14337480068206787,-0.12891662120819092,-0.1730666160583496,0.38415995240211487,1.6758087873458862,-0.270466685295105,-0.1761654019355774,-0.1978658139705658,-0.12228763848543167,1.2633087635040283,6.777348041534424,1.7116981744766235,-0.0776682123541832,-0.27775663137435913,-0.277436226606369,-0.17884525656700134,-0.24639323353767395,-0.02234232984483242,-0.22239293158054352,0.35524892807006836,0.5488096475601196,-0.024928731843829155,1.6364511251449585,-0.21310539543628693,0.27766045928001404,-0.21372996270656586,0.47034478187561035,-0.2759847939014435,-0.2547883987426758,-0.27660372853279114,-0.2481006234884262,0.3546465337276459,-0.18201696872711182,-0.20211055874824524,-0.24171437323093414,-0.2764544188976288,0.025498714298009872,-0.2784022390842438,-0.2416301965713501,-0.15018650889396667,-0.18948256969451904,-0.05327133461833,0.8070642948150635,-0.27284321188926697,-0.26763010025024414,-0.2652176320552826,-0.2308831512928009,-0.030790774151682854,-0.04949948191642761,-0.19540707767009735,-0.25526100397109985,-0.24820898473262787,-0.25965043902397156,0.40060755610466003,-0.232960045337677,0.14189724624156952,-0.0970793217420578,-0.18431569635868073,-0.26584959030151367,-0.10803040862083435,1.9143716096878052,-0.22619758546352386,-0.17507262527942657,-0.10319451242685318,0.07946494966745377,0.1512843817472458,-0.12484686821699142,1.3140848875045776,0.2533746361732483,-0.27631697058677673,-0.27502068877220154,-0.10707395523786545,-0.16583842039108276,-0.27107465267181396,-0.12009413540363312,-0.10175231099128723,-0.24620002508163452,-0.2520695924758911,1.5488721132278442,1.3642067909240723,-0.04641438648104668,-0.2618390917778015,0.3155112564563751,0.16194941103458405,-0.1541215181350708,0.6198170185089111,-0.005703836213797331,-0.15449634194374084,-0.07844391465187073,-0.24599803984165192
26,568,461,578,470,0.393614798784256,-0.27173560857772827,-0.03941722214221954,0.9336379170417786,-0.06002547964453697,-0.2773810923099518,-0.15558668971061707,-0.27228519320487976,-0.25963935256004333,-0.25442782044410706,1.097943663597107,-0.2626248002052307,0.048115476965904236,0.4669491946697235,-0.23078688979148865,-0.17075079679489136,-0.27448561787605286,-0.10385004431009293,-0.2121078222990036,-0.24104377627372742,-0.2637611925601959,-0.05874468758702278,-0.11882106214761734,-0.04497082903981209,0.10645285248756409,-0.2508251667022705,-0.21483556926250458,-0.25010958313941956,-0.05988507345318794,0.3212388753890991,-0.23608563840389252,-0.18397632241249084,0.177250936627388,0.3178049623966217,-0.24896109104156494,-0.27497828006744385,-0.2716786861419678,0.09716108441352844,-0.2721615433692932,-0.20485414564609528,-0.25994595885276794,-0.26255419850349426,-0.2700408101081848,-0.21566085517406464,0.6538835167884827,-0.23667021095752716,-0.26309287548065186,0.6707449555397034,-0.006163668818771839,-0.12450489401817322,0.4067879617214203,-0.2745949625968933,-0.048896778374910355,-0.18901170790195465,-0.21875393390655518,-0.17826399207115173,-0.22792163491249084,-0.135049968957901,-0.10609869658946991,-0.20068155229091644,0.2937033474445343,1.017980694770813,-0.114886075258255,-0.21844978630542755,1.3640137910842896,-0.20634451508522034,-0.2248004525899887,-0.07437461614608765,0.006768220104277134,0.6963395476341248,1.5477956533432007,-0.2721901535987854,-0.23552052676677704,-0.21988236904144287,-0.15687060356140137,-0.25822269916534424,0.3843180239200592,-0.27411356568336487,-0.2598213255405426,-0.19912585616111755,-0.15188685059547424,-0.2664402425289154,-0.2777622640132904,-0.2438322901725769,-0.030425501987338066,0.016652021557092667,-0.27844107151031494,-0.10505641251802444,0.39805784821510315,-0.27498647570610046,-0.19037581980228424,0.21316999197006226,-0.08441700041294098,-0.21372905373573303,-0.2716887891292572,-0.2526436746120453,-0.2643328309059143,0.07438036054372787,-0.26860299706459045,0.5701595544815063,0.1447521150112152,0.3021019697189331,0.21686692535877228,0.3386916220188141,-0.26818379759788513,0.07729640603065491,0.13295091688632965,-0.2543903589248657,-0.031413037329912186,0.20626777410507202,-0.27362164855003357,-0.26351216435432434,-0.2550164759159088,-0.14353998005390167,0.3002925515174866,-0.2736271917819977,0.6593050956726074,-0.27845025062561035,-0.2763517498970032,-0.16356942057609558,-0.061171211302280426,0.421164870262146,-0.2700746953487396,0.5724264979362488,-0.14474929869174957,0.23728017508983612,0.10102572292089462,-0.2395317256450653
27,301,185,310,193,0.16249963641166687,-0.27563780546188354,0.09246081113815308,0.9665876626968384,-0.06347137689590454,-0.2760910093784332,-0.1464911550283432,-0.24739724397659302,-0.2632361650466919,-0.21075914800167084,1.2476953268051147,-0.2533325254917145,0.30828148126602173,0.2613391876220703,-0.2100808471441269,-0.14232882857322693,-0.27316632866859436,-0.13850542902946472,-0.27191027998924255,-0.26513636112213135,-0.269659161567688,-0.15377795696258545,0.10130587965250015,0.007322972174733877,0.3064015209674835,-0.24984420835971832,-0.21709111332893372,-0.2657378017902374,0.018095390871167183,0.24317945539951324,-0.1566796600818634,-0.17197228968143463,-0.007112046238034964,0.2520151138305664,-0.2424420863389969,-0.27564045786857605,-0.2668936848640442,0.13027983903884888,-0.26973864436149597,-0.1424076408147812,-0.2628597915172577,-0.2530444860458374,-0.23394626379013062,-0.17802929878234863,0.5459756851196289,-0.26818424463272095,-0.27265629172325134,0.5166532397270203,0.11499454081058502,0.19452323019504547,0.1533188372850418,-0.27725550532341003,-0.04155293479561806,-0.24503383040428162,-0.22904542088508606,-0.1937054693698883,-0.23826247453689575,-0.16075915098190308,-0.11255600303411484,-0.22384482622146606,0.22978320717811584,1.3880614042282104,-0.029750149697065353,-0.22883448004722595,0.5403859615325928,-0.1109665036201477,-0.2173214703798294,-0.13698790967464447,0.20387981832027435,1.0748214721679688,0.98681640625,-0.2757599949836731,-0.15908201038837433,-0.13671711087226868,-0.20588581264019012,-0.274524986743927,0.08996507525444031,-0.26878267526626587,-0.27270203828811646,-0.21373264491558075,-0.0238276869058609,-0.2757422924041748,-0.26427116990089417,-0.17422910034656525,-0.24812078475952148,0.17123427987098694,-0.2784600257873535,-0.12329766154289246,0.3534916639328003,-0.2745985686779022,-0.25018879771232605,0.26591452956199646,-0.007790732197463512,-0.2279917597770691,-0.25953415036201477,-0.2754426896572113,-0.2476738691329956,-0.0475376658141613,-0.14462555944919586,0.40977880358695984,-0.04763088747859001,0.10162295401096344,0.272704541683197,0.24486590921878815,-0.26311948895454407,-0.02983248606324196,0.1538570076227188,-0.2458256334066391,0.11172915995121002,0.2760520279407501,-0.23874545097351074,-0.273954302072525,-0.26724281907081604,-0.2170546054840088,0.4490886330604553,-0.2706371545791626,1.251784086227417,-0.2713148295879364,-0.27396902441978455,-0.2265639752149582,-0.06689990311861038,0.3807230293750763,-0.27214089035987854,0.37514758110046387,-0.11227910965681076,0.2682507336139679,-0.21228721737861633,-0.24242377281188965
28,240,553,249,561,0.7264838814735413,-0.25900328159332275,-0.12781845033168793,1.21163010597229,-0.018624315038323402,-0.21984350681304932,-0.26857784390449524,-0.27755165100097656,-0.1740882694721222,-0.010498033836483955,0.6977377533912659,-0.22628886997699738,-0.2744445502758026,3.9751458168029785,-0.062114596366882324,-0.16288341581821442,-0.10459934175014496,-0.1453883945941925,-0.1819775551557541,-0.14240992069244385,-0.16454342007637024,1.9517534971237183,-0.2542082667350769,-0.274041086435318,-0.05703715980052948,-0.24466629326343536,-0.18345366418361664,-0.22624729573726654,1.3404436111450195,-0.2318732887506485,-0.2701697051525116,-0.20338299870491028,0.207747682929039,0.20373626053333282,-0.2612067759037018,-0.2772236168384552,-0.03683220222592354,-0.2745788097381592,-0.27242612838745117,0.16535818576812744,-0.27673575282096863,-0.04478861391544342,-0.277987539768219,0.16344429552555084,0.1953134983778,-0.0004577081126626581,-0.2781032621860504,0.6252245903015137,-0.27395159006118774,-0.1852795034646988,0.7294957637786865,-0.24865669012069702,-0.23111779987812042,-0.22067831456661224,0.09906041622161865,-0.25323769450187683,-0.27422016859054565,-0.27650755643844604,-0.2741570472717285,-0.16115006804466248,-0.2729913890361786,1.8181304931640625,-0.09255581349134445,-0.12172972410917282,5.568758010864258,-0.1377784162759781,-0.035442326217889786,0.30237600207328796,-0.22127406299114227,0.1141122430562973,2.0059640407562256,-0.2709234952926636,-0.2681948244571686,-0.25322216749191284,0.07974980026483536,-0.2479483187198639,0.6863027811050415,-0.2710497975349426,0.14650195837020874,-0.19447855651378632,0.06198463961482048,-0.278367817401886,-0.27845969796180725,-0.2427005022764206,-0.2698112428188324,-0.14143070578575134,-0.1978887915611267,-0.17757225036621094,2.455897808074951,-0.2370835840702057,-0.19545644521713257,-0.27631309628486633,-0.2783893644809723,-0.18132324516773224,-0.27447429299354553,-0.2622629702091217,-0.14540700614452362,-0.019260728731751442,0.0035816433373838663,-0.003908941056579351,1.4585962295532227,-0.2732830047607422,0.9959636926651001,0.23444628715515137,-0.15368349850177765,-0.275473415851593,2.4593653678894043,-0.27843204140663147,-0.25840890407562256,0.4907585680484772,-0.2082328498363495,-0.27751588821411133,-0.2405795007944107,1.433493971824646,-0.2558705508708954,-0.1098698303103447,-0.11894300580024719,-0.2733004093170166,0.04932474344968796,0.37827664613723755,0.2958798110485077,-0.014627371914684772,-0.17204484343528748,0.7681261301040649,-0.15270228683948517,-0.2588314116001129,0.25570017099380493,0.02005075477063656
29,367,766,376,774,-0.07186032831668854,-0.25565725564956665,-0.2614958882331848,1.1135199069976807,-0.2178242951631546,-0.2746428847312927,-0.1047619953751564,-0.14095480740070343,-0.2752145528793335,-0.15023064613342285,0.16245025396347046,-0.23197856545448303,0.31477487087249756,0.3418104350566864,-0.12861880660057068,0.041188959032297134,-0.12218214571475983,-0.23853924870491028,-0.23096776008605957,-0.25341662764549255,-0.2618732154369354,0.1586587280035019,0.3645842671394348,0.30001452565193176,0.5889146327972412,-0.26743051409721375,-0.17948271334171295,-0.2637152075767517,-0.2635829746723175,0.6595750451087952,-0.2631237804889679,-0.23964233696460724,0.19371259212493896,0.43215444684028625,-0.22201840579509735,-0.27845901250839233,-0.21245571970939636,-0.11248042434453964,-0.27762365341186523,-0.08357185870409012,-0.23416157066822052,-0.19188177585601807,-0.250859797000885,-0.2353619784116745,0.8242367506027222,-0.15820595622062683,0.09707668423652649,-0.11266974359750748,0.1114320158958435,-0.09373205900192261,1.3308510780334473,-0.25413763523101807,0.19695505499839783,-0.20536676049232483,-0.04527541995048523,-0.23985396325588226,-0.25563669204711914,0.3480905592441559,0.46357461810112,-0.23953412473201752,-0.06742025166749954,1.4823144674301147,0.16992847621440887,-0.17012692987918854,0.13668207824230194,-0.0390327163040638,-0.23650233447551727,0.04857414588332176,0.2402159869670868,0.3991827368736267,0.8253412246704102,-0.2409176528453827,0.053740475326776505,0.042264487594366074,-0.028449585661292076,-0.27155178785324097,-0.2784332036972046,-0.2400464415550232,-0.24009467661380768,-0.26928022503852844,0.35951802134513855,-0.27286213636398315,-0.2779509425163269,-0.1353689730167389,0.41318652033805847,0.7261412143707275,0.11269655078649521,-0.15911336243152618,0.9367432594299316,-0.08906766027212143,-0.27844858169555664,1.1396598815917969,0.016346069052815437,-0.2767381966114044,-0.2636461853981018,-0.27645620703697205,-0.08470316976308823,0.22285579144954681,-0.05523419380187988,0.2255425900220871,-0.06830206513404846,0.6338275074958801,-0.03024076297879219,-0.12556175887584686,-0.25641772150993347,0.3655323088169098,0.40325719118118286,-0.27819472551345825,0.16532588005065918,1.1558303833007812,-0.23480312526226044,-0.27631452679634094,-0.2670705020427704,-0.2658486068248749,0.2892097532749176,-0.23050785064697266,0.17414017021656036,-0.19362086057662964,-0.2599392235279083,-0.051013052463531494,-0.0037768082693219185,0.3132668435573578,-0.2783808410167694,0.3227398991584778,-0.11061082780361176,0.14308951795101166,-0.27606311440467834,-0.18249393999576569
30,246,638,255,646,0.299760639667511,-0.27616822719573975,-0.10244742780923843,0.9633102416992188,-0.041567400097846985,-0.27843543887138367,-0.1759861409664154,-0.23005156219005585,-0.26859474182128906,-0.2395314872264862,0.8763061165809631,-0.164699524641037,0.46753790974617004,0.06470820307731628,-0.21857978403568268,-0.19283433258533478,-0.27130523324012756,-0.10127152502536774,-0.1745106726884842,-0.26303863525390625,-0.27677345275878906,0.03685116767883301,0.14452622830867767,-0.08110367506742477,0.2384101301431656,-0.24499663710594177,-0.27390921115875244,-0.24650625884532928,0.039402320981025696,0.42104125022888184,-0.07426661998033524,-0.17105086147785187,0.12220719456672668,-0.001118438201956451,-0.2760811746120453,-0.2784273624420166,-0.24353836476802826,0.0597526840865612,-0.2685811519622803,-0.20000645518302917,-0.2601134181022644,-0.22643454372882843,-0.2613331377506256,-0.2571921646595001,0.37106698751449585,-0.23931260406970978,-0.27557703852653503,0.6307365298271179,-0.11656180769205093,-0.16973023116588593,0.32723596692085266,-0.2738991677761078,-0.03492487221956253,-0.18415436148643494,-0.22424635291099548,-0.11498688906431198,-0.23663529753684998,-0.13389621675014496,-0.18570807576179504,-0.24421149492263794,-0.11337436735630035,1.0213202238082886,-0.1248641088604927,-0.27697989344596863,0.21678102016448975,-0.22161836922168732,-0.2745267450809479,-0.05218208581209183,0.15475445985794067,0.4281398355960846,1.0676746368408203,-0.27476683259010315,-0.2619888484477997,-0.1762058436870575,-0.06464815884828568,-0.2777479588985443,0.27021071314811707,-0.2768307626247406,-0.27431830763816833,-0.12470555305480957,0.060336221009492874,-0.24422866106033325,-0.2570916414260864,-0.2762211263179779,-0.13191595673561096,-0.11014378070831299,-0.27819231152534485,-0.08875986188650131,0.3621669113636017,-0.26797324419021606,-0.19105631113052368,0.12321309745311737,0.17327478528022766,-0.25569647550582886,-0.278464138507843,-0.2757796347141266,-0.22455264627933502,0.37532734870910645,-0.23450902104377747,0.33997035026550293,0.007897032424807549,0.5551707148551941,0.14634795486927032,0.29108116030693054,-0.2768028974533081,-0.0044655222445726395,-0.10200652480125427,-0.1739872545003891,0.013925915583968163,0.007836638018488884,-0.23968841135501862,-0.2776244282722473,-0.25705257058143616,-0.15583427250385284,0.30808553099632263,-0.26139357686042786,0.12954075634479523,-0.2734379768371582,-0.26736980676651,-0.15643897652626038,-0.03287415951490402,0.5519782304763794,-0.25699642300605774,0.2246912717819214,-0.07910792529582977,0.09187056869268417,-0.19459261000156403,-0.20238147675991058
31,799,389,808,397,0.05850407853722572,-0.2765500545501709,0.08575789630413055,0.9771010279655457,-0.09150714427232742,-0.25927069783210754,-0.2759675085544586,-0.24281007051467896,-0.2501387894153595,-0.07830564677715302,0.7548912167549133,-0.18456490337848663,0.6954612731933594,0.24389025568962097,-0.19208630919456482,-0.15343981981277466,-0.11625460535287857,-0.15563258528709412,-0.238234281539917,-0.24396033585071564,-0.2784345746040344,0.13230349123477936,0.30123454332351685,-0.07698526233434677,0.4275428354740143,-0.24346327781677246,-0.1927279829978943,-0.20440185070037842,-0.20874431729316711,0.7046858072280884,-0.018388090655207634,-0.15858784317970276,0.3219742774963379,0.10298014432191849,-0.2658499777317047,-0.2776114046573639,-0.250651478767395,-0.09004995971918106,-0.2689306139945984,-0.23205062747001648,-0.2683429419994354,-0.24122437834739685,-0.2764860689640045,-0.20855920016765594,0.608157753944397,-0.2325039803981781,-0.18766041100025177,0.40962979197502136,0.06630860269069672,-0.08298145979642868,0.45393529534339905,-0.24393770098686218,0.1711631715297699,-0.19771915674209595,-0.22354263067245483,-0.1349179744720459,-0.250617116689682,-0.08241081982851028,-0.1584382802248001,-0.20393267273902893,-0.14191149175167084,0.7191369533538818,0.03917620703577995,-0.2517682611942291,-0.013327994383871555,-0.07964503765106201,-0.060334548354148865,-0.07734212279319763,0.34454503655433655,0.5333563089370728,0.6024819612503052,-0.25080689787864685,-0.21857517957687378,-0.12289529293775558,-0.14848239719867706,-0.24504438042640686,0.07633518427610397,-0.2769120931625366,-0.2782818377017975,-0.1668511927127838,0.12579242885112762,-0.24662110209465027,-0.26830849051475525,-0.27066072821617126,-0.0524655245244503,0.03468986600637436,-0.1388193964958191,-0.12486482411623001,0.34059199690818787,-0.2652997076511383,-0.23105362057685852,0.25798091292381287,0.24787059426307678,-0.26320821046829224,-0.27841371297836304,-0.27811428904533386,-0.1793966293334961,0.8879806995391846,-0.15629620850086212,0.3780144453048706,-0.01569974049925804,0.2620384395122528,0.2667633295059204,0.25368553400039673,-0.2764700949192047,-0.14896632730960846,0.27902334928512573,-0.2535037100315094,0.3135845363140106,0.07638999074697495,-0.18081912398338318,-0.26851344108581543,-0.23908936977386475,-0.1460149735212326,0.31988725066185,-0.27684009075164795,0.1134534627199173,-0.2781192362308502,-0.27745264768600464,-0.10612843185663223,-0.004955540876835585,0.7694284915924072,-0.2778497636318207,0.20726771652698517,-0.09416097402572632,0.40904027223587036,-0.20154473185539246,-0.21416251361370087
32,193,597,202,605,-0.14086970686912537,-0.12342103570699692,0.04862603545188904,1.5725510120391846,-0.033265065401792526,-0.2733064591884613,-0.20347273349761963,-0.27035167813301086,-0.18078698217868805,0.07938994467258453,0.7473534345626831,-0.26129645109176636,-0.1626201570034027,4.25108003616333,1.2243242263793945,-0.2752741873264313,-0.2126435786485672,1.9873422384262085,-0.12596829235553741,-0.09056391566991806,-0.17864680290222168,3.6415798664093018,-0.2581421434879303,-0.08209004998207092,2.8174211978912354,-0.17343802750110626,-0.2644515037536621,-0.17429018020629883,-0.13719885051250458,-0.24962690472602844,-0.2608632743358612,-0.1299848109483719,0.02010900154709816,-0.271145224571228,-0.26177388429641724,-0.2780033349990845,0.29070723056793213,-0.1526523232460022,-0.18551775813102722,0.2902897298336029,-0.25292664766311646,0.2946118712425232,1.9065871238708496,-0.19103096425533295,-0.21397362649440765,0.5844649076461792,-0.09815321117639542,0.8478732705116272,-0.24457402527332306,-0.04971899464726448,0.16756056249141693,-0.20550669729709625,-0.25229036808013916,-0.2001143991947174,-0.06295683234930038,-0.16580024361610413,-0.2642340660095215,-0.1639968603849411,-0.26468831300735474,-0.27352696657180786,-0.27102184295654297,0.014847232960164547,-0.100880466401577,-0.0998373031616211,0.9704582095146179,0.0533912368118763,-0.019414134323596954,-0.18343760073184967,0.06874062865972519,-0.22882241010665894,-0.24856658279895782,-0.11907978355884552,-0.02631264179944992,-0.2779708206653595,-0.038566287606954575,-0.24833422899246216,-0.1111912876367569,-0.23467779159545898,0.05733804032206535,-0.0713517889380455,0.882807195186615,-0.27292531728744507,-0.27643606066703796,-0.06817565858364105,-0.23422671854496002,-0.05410432070493698,-0.09727492928504944,-0.022018058225512505,3.656400442123413,-0.2774132192134857,-0.19211603701114655,-0.22896873950958252,-0.11474040150642395,0.7715247273445129,-0.25455039739608765,-0.2762466073036194,0.24418941140174866,-0.2200275957584381,1.2146532535552979,-0.25640666484832764,1.549360752105713,-0.036287859082221985,1.267406940460205,-0.14111144840717316,-0.09189784526824951,-0.18375810980796814,2.6679890155792236,-0.10219670087099075,-0.2709544599056244,0.22886934876441956,-0.06371372193098068,-0.2367040365934372,-0.0754101425409317,2.394305944442749,-0.25843870639801025,0.06669289618730545,-0.21029017865657806,-0.19473141431808472,0.36370548605918884,0.8961037993431091,0.81746906042099,0.23676854372024536,-0.09503363817930222,0.5484349727630615,-0.2227400690317154,-0.16028158366680145,-0.1496933251619339,0.37467777729034424
33,110,661,121,671,0.06352014094591141,-0.2782231271266937,-0.03438601642847061,0.9772650599479675,-0.07595991343259811,-0.27843496203422546,-0.16776533424854279,-0.24675805866718292,-0.2602677047252655,-0.14795395731925964,0.8078455924987793,-0.18056903779506683,0.30821681022644043,0.3993130326271057,-0.1405225694179535,-0.20270413160324097,-0.21638263761997223,-0.17493422329425812,-0.26703593134880066,-0.25485873222351074,-0.27776899933815,0.09185542911291122,0.30141884088516235,-0.16298511624336243,0.4095836579799652,-0.234832763671875,-0.15892939269542694,-0.23846450448036194,-0.0025230813771486282,0.4937460720539093,0.06985408812761307,-0.1586519330739975,0.2380456030368805,0.07578057795763016,-0.25826406478881836,-0.2783943712711334,-0.24134600162506104,-0.003352221567183733,-0.2758803367614746,-0.11151105165481567,-0.26950839161872864,-0.23644660413265228,-0.2757938802242279,-0.2328575849533081,0.49034959077835083,-0.21570906043052673,-0.22666873037815094,0.5126530528068542,0.08482268452644348,-0.0004852087877225131,0.5974663496017456,-0.24516041576862335,0.06681012362241745,-0.17329451441764832,-0.1956838071346283,-0.169971764087677,-0.23467443883419037,-0.2139647901058197,-0.12622371315956116,-0.2614838480949402,-0.20670244097709656,0.7595618367195129,-0.09442658722400665,-0.27821579575538635,0.19188129901885986,-0.23142756521701813,-0.15610437095165253,-0.04549410194158554,0.3035922646522522,0.6256601810455322,0.47027090191841125,-0.2688762843608856,-0.22397656738758087,-0.16358764469623566,-0.1029185801744461,-0.26087355613708496,0.35211801528930664,-0.2774633467197418,-0.26179346442222595,-0.16684679687023163,-0.07667478919029236,-0.2486545592546463,-0.27527308464050293,-0.2268679141998291,0.10765617340803146,0.024399226531386375,-0.2090708613395691,-0.12087398022413254,0.5353053212165833,-0.26558998227119446,-0.21461664140224457,0.11401968449354172,0.23401522636413574,-0.26163139939308167,-0.2689259648323059,-0.2773115932941437,-0.17059436440467834,0.44358304142951965,-0.15650013089179993,0.3168577253818512,0.09051263332366943,0.2687366008758545,0.03167612850666046,0.3589090406894684,-0.27790066599845886,-0.12918755412101746,0.3416643440723419,-0.2615450620651245,0.14890871942043304,0.038820717483758926,-0.20986168086528778,-0.2660992741584778,-0.2501301169395447,-0.12462091445922852,0.2610819637775421,-0.2683790624141693,0.40606993436813354,-0.27841103076934814,-0.2771720886230469,-0.044414274394512177,0.027934005483984947,0.5899485349655151,-0.27840545773506165,0.21738627552986145,-0.16368606686592102,0.6162146925926208,-0.0466078445315361,-0.2024809569120407
34,144,498,152,506,-0.2487877607345581,-0.15787620842456818,-0.22477371990680695,1.563542366027832,-0.024682262912392616,-0.1934424787759781,-0.26328378915786743,-0.27036890387535095,-0.2517074942588806,0.35948023200035095,0.6586500406265259,-0.014815010130405426,-0.2196265310049057,0.4175637662410736,0.9219772815704346,-0.2354099303483963,-0.2188982516527176,-0.22909075021743774,-0.2783297598361969,-0.2772066593170166,-0.21488241851329803,3.411033868789673,-0.23393839597702026,0.5197765231132507,3.6028530597686768,-0.09831307828426361,-0.25509172677993774,-0.17813462018966675,-0.24592164158821106,-0.27654850482940674,-0.2622531056404114,-0.1420341283082962,0.15607692301273346,-0.20089447498321533,-0.2269386351108551,0.4928668737411499,0.09814657270908356,-0.22356410324573517,-0.2421068549156189,2.725449323654175,-0.1114075630903244,0.30438777804374695,0.49817612767219543,-0.21921581029891968,-0.2717199921607971,0.7536440491676331,-0.19498835504055023,0.5164118409156799,-0.23792316019535065,0.14269272983074188,0.9737114310264587,-0.21807163953781128,-0.19456852972507477,-0.10217562317848206,2.26393461227417,-0.06273847073316574,-0.24942661821842194,-0.2332824468612671,-0.17519576847553253,-0.20073068141937256,-0.2436530888080597,0.2887319326400757,-0.09164290130138397,-0.21212448179721832,-0.26664233207702637,-0.2765876054763794,-0.014306776225566864,-0.22442539036273956,2.659682512283325,-0.24663875997066498,-0.20879121124744415,-0.0969165489077568,0.6722385287284851,1.834928035736084,-0.17983852326869965,-0.2698156237602234,-0.20021332800388336,-0.27082663774490356,-0.007204075809568167,-0.2023799866437912,-0.17478127777576447,-0.27544087171554565,-0.2718390226364136,1.1495850086212158,0.3833348751068115,-0.21594741940498352,-0.1757344901561737,-0.052725326269865036,5.977110385894775,0.35507217049598694,-0.2750532627105713,0.19701416790485382,-0.2460133135318756,0.28704461455345154,-0.2759830355644226,-0.27845191955566406,0.43542054295539856,-0.2540668249130249,0.8263049721717834,-0.25451284646987915,2.0321104526519775,-0.24905554950237274,0.10498577356338501,-0.10262613743543625,-0.07639864832162857,-0.27680504322052,3.7841930389404297,0.205534890294075,-0.27773264050483704,-0.09201013296842575,-0.27619343996047974,-0.18972457945346832,-0.21268068253993988,0.30894994735717773,-0.13884128630161285,0.8943119645118713,-0.2619122862815857,0.5948678851127625,0.5970460176467896,0.5143962502479553,0.8193409442901611,0.6929700970649719,-0.24373029172420502,-0.028635064139962196,-0.07963007688522339,-0.27027666568756104,-0.17277295887470245,0.26664796471595764
35,190,447,199,455,-0.02339569851756096,-0.24329903721809387,-0.08110755681991577,1.007822036743164,-0.11382908374071121,-0.2721931040287018,-0.2776646614074707,-0.18117614090442657,-0.18550944328308105,-0.02772078663110733,0.5101046562194824,-0.2096027284860611,0.7806957364082336,0.13139662146568298,-0.21503938734531403,-0.07512886077165604,-0.2258584350347519,-0.15606094896793365,-0.21629515290260315,-0.27331963181495667,-0.2728004455566406,0.12306739389896393,0.27022674679756165,-0.04250633344054222,0.45396965742111206,-0.15151134133338928,-0.20272596180438995,-0.2746480107307434,-0.17966675758361816,0.5093867182731628,-0.1876036375761032,-0.2589062750339508,0.04246179759502411,-0.049918584525585175,-0.22803081572055817,-0.27817144989967346,-0.2434689700603485,-0.23881858587265015,-0.2710839509963989,-0.27841946482658386,-0.2748197615146637,-0.2137477993965149,-0.2528821527957916,-0.25750452280044556,0.6107307076454163,-0.2718960642814636,-0.21641068160533905,-0.09223444014787674,0.021198367699980736,-0.09737493097782135,0.9003075361251831,-0.08280055969953537,-0.2402368038892746,-0.23138026893138885,-0.12883871793746948,-0.17402704060077667,-0.27446937561035156,0.3037653863430023,-0.0996638610959053,-0.26970669627189636,-0.1487647294998169,0.672982931137085,0.16589133441448212,-0.2683640718460083,-0.14889179170131683,-0.18071046471595764,-0.25489550828933716,0.2539963126182556,0.23827171325683594,1.2690658569335938,0.4310944676399231,-0.2784580886363983,-0.07860706001520157,-0.19893550872802734,-0.06252868473529816,-0.27534180879592896,-0.08637716621160507,-0.27839982509613037,-0.26247307658195496,-0.26892924308776855,0.3569132387638092,-0.27843284606933594,-0.277737557888031,-0.2743237018585205,-0.16648665070533752,0.7729061245918274,-0.14521007239818573,-0.20679157972335815,0.08820726722478867,-0.18729010224342346,-0.2782444357872009,0.3612028956413269,0.3543086647987366,-0.2628677785396576,-0.2619623839855194,-0.2783416211605072,-0.13646261394023895,0.8213372826576233,-0.1555848866701126,0.189474418759346,-0.040224526077508926,0.1186336949467659,0.1567160040140152,0.0012484125327318907,-0.2663043141365051,-0.20068961381912231,-0.02220223657786846,-0.22506505250930786,0.10858558118343353,0.7567718625068665,-0.09415274858474731,-0.2751445174217224,-0.2532648742198944,-0.20726008713245392,0.5286356210708618,-0.2784120440483093,-0.19912676513195038,-0.2648119032382965,-0.27839669585227966,-0.17561449110507965,-0.052405837923288345,0.3385373651981354,-0.2782086730003357,0.036797426640987396,-0.10135146975517273,-0.19553178548812866,-0.27846086025238037,-0.2350848764181137
36,434,624,444,632,-0.18533234298229218,-0.19177724421024323,-0.16438937187194824,1.5861780643463135,-0.02230694703757763,0.5928618907928467,-0.24443677067756653,-0.27184149622917175,-0.2455156296491623,0.6779210567474365,-0.26615405082702637,-0.13480859994888306,-0.2602919638156891,-0.20900927484035492,1.0635923147201538,-0.2780984044075012,-0.23238199949264526,-0.23764897882938385,-0.17457233369350433,-0.03338241949677467,-0.2726246416568756,4.111574172973633,-0.2629547119140625,3.710251808166504,2.464205265045166,-0.20983412861824036,-0.23338373005390167,-0.2697146534919739,-0.25477689504623413,-0.23524418473243713,-0.26484283804893494,-0.1725563108921051,0.25045451521873474,-0.00944867916405201,-0.2567128539085388,-0.27468422055244446,0.3999188542366028,-0.05049900710582733,-0.1395374834537506,2.6403632164001465,-0.19267556071281433,0.6929118633270264,-0.25616365671157837,-0.17885684967041016,-0.27209845185279846,0.573388397693634,-0.13028724491596222,1.3421036005020142,-0.074856236577034,-0.10341175645589828,0.024583494290709496,0.4125024378299713,-0.2662320137023926,0.5956950187683105,-0.25807899236679077,-0.07458964735269547,-0.1775880604982376,-0.2653570771217346,-0.12151104211807251,-0.26810264587402344,-0.2359056919813156,-0.27731722593307495,-0.19487187266349792,-0.11613018065690994,-0.17676036059856415,-0.26349449157714844,-0.21201588213443756,-0.22524593770503998,5.427734375,-0.008867187425494194,1.3269139528274536,-0.20577046275138855,-0.1760350912809372,-0.13618236780166626,-0.2529284656047821,-0.2772509753704071,-0.14904887974262238,-0.1943695843219757,-0.17395678162574768,-0.16917438805103302,0.5601235628128052,-0.2601166069507599,-0.27223432064056396,-0.27811771631240845,-0.00427465932443738,-0.09870022535324097,-0.08926015347242355,-0.10101915150880814,0.06585299968719482,-0.04927709326148033,-0.2771775722503662,0.5083766579627991,-0.27329427003860474,0.41190576553344727,-0.26175397634506226,-0.1614496111869812,0.6123201847076416,-0.25454339385032654,-0.2553284466266632,-0.24611568450927734,0.2688547670841217,-0.22935092449188232,0.040780264884233475,0.03721930831670761,-0.04884449392557144,-0.24510060250759125,3.6141388416290283,-0.1619177758693695,-0.2766917943954468,-0.25976356863975525,-0.27286961674690247,-0.1933390498161316,-0.24809840321540833,1.7886377573013306,-0.2769984006881714,0.6081643104553223,-0.17679163813591003,-0.22249431908130646,0.42172133922576904,0.9386968612670898,0.8916432857513428,0.4730374217033386,-0.2751011252403259,0.3345262110233307,0.6588204503059387,-0.2626503109931946,-0.27471449971199036,1.0591777563095093
37,231,602,240,610,0.386685848236084,-0.2399766743183136,-0.10927770286798477,0.8456423878669739,-0.008465075865387917,-0.27495282888412476,-0.2588012218475342,-0.24210341274738312,-0.22498740255832672,-0.2690410614013672,1.1064629554748535,-0.15490397810935974,-0.26475149393081665,2.1505911350250244,-0.27245476841926575,-0.20456625521183014,-0.02527199313044548,-0.10432551056146622,-0.22871632874011993,-0.06122983247041702,-0.20927603542804718,-0.24550756812095642,-0.27655690908432007,-0.2778419852256775,-0.22258058190345764,-0.275966078042984,-0.2724805772304535,-0.237896129488945,0.0726182609796524,-0.07341145724058151,-0.1425769031047821,-0.04713745415210724,-0.1313364952802658,0.21507205069065094,-0.2783586084842682,-0.2138783186674118,-0.2511294186115265,-0.17164389789104462,-0.14461642503738403,-0.2736586034297943,-0.2473287433385849,-0.2501090168952942,-0.27216780185699463,-0.2608114778995514,-0.2045556753873825,-0.2749214470386505,-0.12757360935211182,0.5654802322387695,1.7770109176635742,0.017440879717469215,-0.09724218398332596,-0.2780401408672333,-0.1685759276151657,-0.27322036027908325,-0.26930248737335205,-0.1567820906639099,-0.1969849169254303,0.40587934851646423,-0.23805728554725647,-0.08873184770345688,0.060683198273181915,1.7628051042556763,-0.2784516215324402,-0.2755378782749176,3.665837049484253,-0.26646649837493896,-0.249464213848114,0.28247129917144775,-0.27284103631973267,1.068979024887085,2.2781121730804443,-0.0913715809583664,-0.27011245489120483,-0.2565814256668091,-0.22873938083648682,-0.2779207229614258,0.4958353042602539,-0.2229814976453781,-0.23547478020191193,-0.12668925523757935,-0.2245955616235733,-0.2532837986946106,-0.2780363857746124,-0.26540663838386536,-0.2563255727291107,-0.1994178295135498,-0.17331692576408386,-0.0479779988527298,-0.12459021806716919,-0.2756430208683014,-0.08390642702579498,0.10914728790521622,-0.2771674394607544,-0.22987398505210876,-0.22086279094219208,-0.14315488934516907,-0.24667061865329742,-0.25601473450660706,-0.22922199964523315,0.31408411264419556,-0.2471385896205902,-0.1684165745973587,0.920015811920166,0.5671008229255676,-0.2303202748298645,0.5349075794219971,-0.058192573487758636,-0.15213991701602936,-0.2762104272842407,0.5151326060295105,-0.18919675052165985,-0.25635257363319397,-0.2731657028198242,-0.04856664314866066,0.22867906093597412,-0.2782779335975647,1.2313774824142456,-0.27764829993247986,-0.24328693747520447,-0.13952340185642242,-0.0810011625289917,-0.020491721108555794,-0.1279648393392563,1.0250167846679688,-0.049173347651958466,-0.27688783407211304,0.18409396708011627,-0.27231669425964355
38,482,408,491,417,1.2051548957824707,-0.27363044023513794,-0.13443155586719513,1.1967082023620605,-0.01718803495168686,-0.2433132529258728,-0.178141251206398,-0.2764425575733185,-0.12545305490493774,-0.25799497961997986,-0.10765551775693893,-0.1627768725156784,-0.24753107130527496,4.766568183898926,0.26270514726638794,-0.1885121762752533,-0.02805032767355442,0.33647245168685913,-0.25685834884643555,-0.16103173792362213,-0.18945622444152832,1.8456157445907593,-0.23573267459869385,-0.27304089069366455,-0.2185458540916443,-0.27451086044311523,-0.18314239382743835,-0.27236905694007874,1.0597416162490845,-0.16730687022209167,-0.25960955023765564,-0.27652737498283386,0.15260176360607147,0.5039960145950317,-0.2742823660373688,-0.27714991569519043,0.0488034188747406,-0.27178868651390076,-0.26838418841362,-0.17688168585300446,-0.2775045931339264,0.0570596344769001,-0.2767358720302582,0.25420355796813965,-0.07069014012813568,0.1274992674589157,-0.2780132293701172,0.9082292914390564,-0.14137326180934906,-0.2742680609226227,0.8375203013420105,0.5866916179656982,0.02245817519724369,-0.24586710333824158,-0.19395320117473602,-0.19664694368839264,-0.27846115827560425,-0.27761852741241455,-0.16764739155769348,-0.21380601823329926,-0.27336812019348145,0.7779527902603149,-0.266446053981781,-0.1461600810289383,6.3501739501953125,-0.15855804085731506,-0.10227608680725098,0.2641671597957611,-0.257066547870636,-0.0003692186437547207,2.7676315307617188,-0.10118784010410309,-0.27404749393463135,-0.18678414821624756,0.22053050994873047,-0.2727830410003662,1.9210782051086426,-0.2684038579463959,0.225767120718956,-0.13955838978290558,0.6661205291748047,-0.2749216854572296,-0.27261367440223694,-0.1877443641424179,-0.04152253270149231,-0.09146497398614883,-0.1800728738307953,-0.174332395195961,0.006887432653456926,-0.27581092715263367,-0.18421591818332672,-0.2784481942653656,-0.2763442397117615,-0.16368021070957184,-0.25876301527023315,0.003000935772433877,-0.27369439601898193,-0.2735137641429901,-0.2361024022102356,-0.03689682483673096,0.37206465005874634,-0.2733207941055298,0.37421804666519165,0.4034937918186188,-0.24101212620735168,0.0037181065417826176,2.2662193775177,-0.25255003571510315,-0.1935538947582245,0.11959812045097351,-0.17325954139232635,-0.2568337023258209,-0.2733628749847412,1.9289799928665161,-0.2783046364784241,-0.03449320048093796,-0.15185455977916718,-0.2743842601776123,0.24700812995433807,0.7035584449768066,0.18892258405685425,-0.1572311967611313,-0.1870892494916916,1.2100223302841187,-0.1473834365606308,-0.2783767282962799,1.4073519706726074,0.14950081706047058
39,581,338,589,346,-0.14875493943691254,-0.2702465057373047,-0.2169872373342514,1.7264213562011719,-0.029833046719431877,2.3481431007385254,-0.2730463147163391,-0.22264859080314636,-0.23453223705291748,1.477149486541748,-0.07270686328411102,-0.21731001138687134,-0.26936182379722595,0.3104766607284546,0.2646580636501312,-0.2781462073326111,-0.17187532782554626,-0.19846870005130768,-0.2403154820203781,-0.16863088309764862,-0.0459660068154335,3.1957225799560547,-0.19631478190422058,0.08109351992607117,5.064711570739746,-0.23532415926456451,-0.27745160460472107,-0.09698764234781265,-0.19691000878810883,-0.2774094343185425,-0.1555596888065338,-0.26266351342201233,0.05856375768780708,-0.24216189980506897,-0.2648215591907501,-0.18712270259857178,0.5837109684944153,-0.04473898559808731,-0.24618950486183167,-0.2517470121383667,-0.26387661695480347,1.064860224723816,0.16291563212871552,-0.08578779548406601,-0.27307847142219543,0.6096311807632446,-0.2293587177991867,1.5179874897003174,3.57759165763855,-0.2129434198141098,-0.060484614223241806,0.6237491369247437,-0.18904757499694824,1.1645324230194092,-0.2687414884567261,-0.057206522673368454,-0.20451772212982178,-0.22935235500335693,-0.18251530826091766,-0.1492939293384552,-0.26026180386543274,-0.23566068708896637,0.028650380671024323,-0.020187580958008766,-0.2392563372850418,-0.2346818745136261,-0.1980520337820053,-0.2437010109424591,2.194772958755493,-0.18356332182884216,-0.08403198421001434,-0.16322216391563416,-0.2780337929725647,-0.07380582392215729,-0.25551632046699524,-0.22631266713142395,-0.23629720509052277,-0.08155303448438644,-0.022195318713784218,-0.22734597325325012,2.3057217597961426,-0.27743664383888245,-0.2709255814552307,-0.029614152386784554,1.2647020816802979,-0.09203138947486877,-0.13242600858211517,-0.06225257366895676,-0.27331477403640747,-0.272798091173172,-0.1763005256652832,1.1514273881912231,-0.24936795234680176,1.1331305503845215,-0.16678264737129211,-0.17573748528957367,0.03333303704857826,-0.2570805549621582,0.1069561019539833,-0.2739434242248535,-0.24912266433238983,0.35252708196640015,-0.19046832621097565,-0.15153338015079498,-0.09210693091154099,0.009153766557574272,3.0274996757507324,0.05395973473787308,-0.21936877071857452,-0.27719447016716003,-0.20240744948387146,-0.27196839451789856,-0.19704048335552216,0.7729899287223816,-0.26811593770980835,0.04513750225305557,-0.12667113542556763,-0.04822671785950661,0.09046737849712372,1.1858800649642944,1.0217182636260986,0.5898948907852173,-0.2759399712085724,0.7771654725074768,0.23289471864700317,-0.25411540269851685,-0.16987021267414093,0.437442421913147
40,314,301,324,310,0.34876999258995056,-0.27665379643440247,-0.11401958018541336,0.9580074548721313,-0.0694318488240242,-0.27841487526893616,-0.20888583362102509,-0.24162657558918,-0.27063697576522827,-0.19784913957118988,0.6563982367515564,-0.19400300085544586,0.5337706804275513,0.1674548089504242,-0.09538551419973373,-0.18867777287960052,-0.2332053780555725,-0.16879835724830627,-0.22947070002555847,-0.2645518183708191,-0.2775595486164093,0.06589693576097488,0.16717557609081268,-0.06170874834060669,0.2914178669452667,-0.14839980006217957,-0.19563311338424683,-0.25903967022895813,-0.0915217399597168,0.6700111627578735,0.026379115879535675,-0.2051183432340622,0.2697933316230774,0.016773557290434837,-0.2647974491119385,-0.2672639489173889,-0.24338367581367493,0.12104703485965729,-0.27682316303253174,-0.10619138181209564,-0.26615166664123535,-0.24228331446647644,-0.27355971932411194,-0.20356933772563934,0.7028567790985107,-0.22280584275722504,-0.16483694314956665,0.6200374960899353,-0.06700920313596725,-0.20185868442058563,0.7242394089698792,-0.22780905663967133,-0.009140314534306526,-0.19226503372192383,-0.15127655863761902,-0.14089997112751007,-0.24461545050144196,-0.05066554248332977,-0.02864707261323929,-0.2422395795583725,-0.15351203083992004,0.7054726481437683,-0.1301001012325287,-0.27397188544273376,0.30993643403053284,-0.18175449967384338,-0.19580510258674622,-0.004576990380883217,0.11525116860866547,0.28449609875679016,0.9340002536773682,-0.27830156683921814,-0.256450355052948,0.014132685959339142,-0.05286647379398346,-0.26940491795539856,0.4253786504268646,-0.2768285274505615,-0.26724129915237427,-0.14039142429828644,-0.05249730497598648,-0.24676141142845154,-0.26703694462776184,-0.209480881690979,0.20618836581707,0.04789875075221062,-0.20993462204933167,-0.1187191903591156,0.5721601247787476,-0.27137431502342224,-0.19936597347259521,0.02765674889087677,0.18421827256679535,-0.25935378670692444,-0.2729734778404236,-0.26868686079978943,-0.19203221797943115,0.8378959894180298,-0.24227994680404663,0.3951050341129303,0.31015101075172424,0.5635525584220886,0.061764154583215714,0.26758623123168945,-0.27308332920074463,-0.04146553948521614,0.09784841537475586,-0.2519301176071167,0.13483591377735138,-0.011697632260620594,-0.16597585380077362,-0.2764171063899994,-0.2557774782180786,-0.15907713770866394,0.28197330236434937,-0.2684038281440735,0.17957554757595062,-0.27806317806243896,-0.2721872329711914,-0.136086106300354,-0.024035559967160225,0.6243808269500732,-0.27297720313072205,0.2599075436592102,-0.10894797742366791,0.4578876197338104,-0.09824696183204651,-0.19735457003116608
41,506,650,515,659,0.417038232088089,-0.2756360173225403,0.02341557666659355,0.8615488409996033,-0.022594520822167397,-0.2683580815792084,-0.18431909382343292,-0.2720787227153778,-0.2618483603000641,-0.2783571481704712,1.456130027770996,-0.2209731489419937,-0.19183701276779175,0.9560887813568115,-0.25355926156044006,-0.14927232265472412,-0.11666367948055267,-0.09588948637247086,-0.26540958881378174,-0.14539825916290283,-0.27221864461898804,-0.2738717794418335,-0.21665053069591522,-0.22723375260829926,-0.12099310755729675,-0.2701243758201599,-0.24475756287574768,-0.27430087327957153,0.19731241464614868,0.20271813869476318,-0.26148560643196106,-0.09299152344465256,0.009360810741782188,0.6199249029159546,-0.2442556470632553,-0.25259312987327576,-0.27432045340538025,-0.025717541575431824,-0.2554721236228943,-0.2748008370399475,-0.2614001929759979,-0.2664336860179901,-0.2758464515209198,-0.17420820891857147,0.5295729041099548,-0.27763211727142334,-0.25028300285339355,0.6896986961364746,0.9700382351875305,0.25501760840415955,-0.004718853626400232,-0.2782169580459595,0.13924437761306763,-0.26370254158973694,-0.2705511748790741,-0.18773643672466278,-0.22638094425201416,0.1169368177652359,-0.09339961409568787,-0.12024190276861191,0.9226835370063782,1.8636746406555176,-0.17496605217456818,0.027213310822844505,2.073112726211548,-0.2771359980106354,-0.23417486250400543,-0.16835232079029083,-0.16319255530834198,1.3923306465148926,1.6298009157180786,-0.22228705883026123,-0.2522924542427063,-0.062253210693597794,-0.1974744349718094,-0.2748260200023651,0.31801480054855347,-0.2764504551887512,-0.2456817924976349,-0.23207861185073853,-0.26557931303977966,-0.2726287543773651,-0.27634209394454956,-0.09200228005647659,-0.20159980654716492,-0.19312191009521484,-0.2750348150730133,-0.10089177638292313,0.04583210125565529,-0.27659863233566284,-0.14147551357746124,0.04350632056593895,-0.2484024316072464,-0.19491800665855408,-0.2733331024646759,-0.2163010686635971,-0.27458107471466064,-0.20830899477005005,-0.20629295706748962,0.4342699348926544,-0.07443783432245255,0.09035682678222656,0.37838244438171387,0.3944046199321747,-0.2508757710456848,0.5369710326194763,0.11942995339632034,-0.20542889833450317,-0.17408445477485657,0.6796344518661499,-0.2639837861061096,-0.2574707567691803,-0.24813951551914215,-0.20251645147800446,0.6270039677619934,-0.2670750916004181,2.7902050018310547,-0.22266176342964172,-0.27435752749443054,-0.2119922637939453,-0.11780726909637451,0.2234058380126953,-0.25999322533607483,1.0272552967071533,-0.11680713295936584,0.2721072733402252,0.30053138732910156,-0.27091270685195923
42,413,510,422,518,0.2278893142938614,-0.24248315393924713,0.06846088916063309,1.0169883966445923,-0.1332656890153885,-0.26872381567955017,-0.18178920447826385,-0.1869717389345169,-0.27346786856651306,-0.21009309589862823,0.7232091426849365,-0.2240208089351654,0.5852351188659668,0.08087459206581116,-0.17222078144550323,-0.1554824560880661,-0.10410900413990021,-0.13915777206420898,-0.24797040224075317,-0.2784264385700226,-0.26118457317352295,0.06408779323101044,0.21945936977863312,-0.016544602811336517,0.3062414526939392,-0.21169771254062653,-0.1993032693862915,-0.24335728585720062,-0.11876481771469116,0.46258261799812317,0.012866551987826824,-0.2325124740600586,0.09023898839950562,0.18545086681842804,-0.2424953728914261,-0.24937096238136292,-0.23514749109745026,-0.010391853749752045,-0.2752341032028198,-0.12470416724681854,-0.2700711786746979,-0.2272006869316101,-0.27845826745033264,-0.07552164047956467,0.5003193616867065,-0.2492908239364624,-0.12586715817451477,0.4327823519706726,-0.053370874375104904,-0.09359390288591385,0.47943830490112305,-0.25524282455444336,-0.006798595655709505,-0.15728594362735748,-0.0247233584523201,-0.21617163717746735,-0.2540326714515686,-0.14422734081745148,-0.06349789351224899,-0.2643989324569702,-0.06297214329242706,0.7380179762840271,-0.12077170610427856,-0.26810064911842346,0.13504870235919952,0.04501227289438248,-0.11400134116411209,0.0638820007443428,0.14646708965301514,0.585725724697113,0.7480316162109375,-0.2783966660499573,-0.17966832220554352,-0.16999194025993347,-0.17367462813854218,-0.2773396372795105,0.41524195671081543,-0.2349126636981964,-0.24796044826507568,-0.2437182515859604,-0.014779238030314445,-0.2779203951358795,-0.2782065272331238,-0.24163508415222168,-0.08211181312799454,0.4109088182449341,-0.23755936324596405,-0.13532814383506775,0.32964766025543213,-0.2358022928237915,-0.27013927698135376,0.27407416701316833,0.25040918588638306,-0.26009124517440796,-0.23113752901554108,-0.26061010360717773,-0.2066795527935028,0.38319605588912964,-0.2126694768667221,0.3544364273548126,0.02553572505712509,0.5044839382171631,0.05397482588887215,0.41640907526016235,-0.27339476346969604,-0.0278761088848114,0.21113339066505432,-0.2733617126941681,0.3454930782318115,0.019244229421019554,-0.10307285189628601,-0.2784441411495209,-0.275851309299469,-0.1703798919916153,0.22360913455486298,-0.2614299952983856,0.33276063203811646,-0.27678969502449036,-0.274982213973999,-0.19128334522247314,-0.053256016224622726,0.44605952501296997,-0.275070458650589,0.14650298655033112,-0.10071881860494614,0.3108311891555786,-0.14909720420837402,-0.21722722053527832
43,217,439,226,447,-0.2699374258518219,-0.12705998122692108,-0.009140498004853725,0.8871932625770569,-0.009704881347715855,-0.24575114250183105,-0.21062903106212616,-0.23685601353645325,-0.18773771822452545,-0.24059057235717773,1.829783320426941,-0.2463875561952591,-0.26806962490081787,2.7498061656951904,-0.2416801005601883,-0.18408875167369843,-0.008343988098204136,-0.08275239914655685,0.8784274458885193,-0.07105112820863724,-0.2624949812889099,-0.23099620640277863,-0.2739197015762329,-0.278403103351593,0.012575178407132626,-0.26847338676452637,-0.23589426279067993,-0.22722125053405762,-0.022820858284831047,-0.1113261803984642,-0.21570099890232086,-0.06539943069219589,-0.27505454421043396,0.7049105763435364,-0.27840331196784973,-0.23131485283374786,-0.24251067638397217,-0.2716362774372101,-0.1727207601070404,-0.15478850901126862,-0.1790616661310196,-0.21514350175857544,0.13244248926639557,-0.2129698246717453,-0.22899816930294037,-0.27823808789253235,-0.11605813354253769,0.8521621227264404,3.3405444622039795,0.7074841260910034,-0.17037181556224823,-0.26660624146461487,-0.04933672398328781,-0.26530009508132935,-0.2667332589626312,-0.08331535011529922,-0.21522203087806702,0.225192129611969,0.026844464242458344,-0.02382124774158001,1.328498125076294,1.3944839239120483,-0.06095854192972183,-0.14114123582839966,1.9024749994277954,-0.24468894302845,-0.2723936140537262,-0.16428802907466888,-0.2760660648345947,1.2363492250442505,0.6396389603614807,0.05390218272805214,-0.2765941619873047,-0.20578943192958832,-0.11633912473917007,-0.2627599239349365,-0.1436915248632431,-0.20609334111213684,-0.26636603474617004,-0.09339656680822372,-0.20268985629081726,-0.2714345455169678,-0.26343071460723877,0.06266863644123077,-0.23220668733119965,-0.18668174743652344,-0.13211849331855774,-0.13601362705230713,-0.278437077999115,-0.2588138282299042,-0.10065808147192001,-0.08576347678899765,-0.23512329161167145,-0.2476143091917038,-0.15745432674884796,-0.15598061680793762,-0.26463180780410767,-0.22690758109092712,0.5058174133300781,0.07749984413385391,-0.2784044146537781,-0.25148099660873413,0.23043684661388397,0.27015796303749084,-0.15331649780273438,0.8858079314231873,-0.13447538018226624,-0.20124532282352448,-0.24685905873775482,0.7320429086685181,-0.19285918772220612,-0.27352577447891235,-0.20089134573936462,-0.24346716701984406,0.5921313762664795,-0.27787482738494873,3.949681520462036,0.6179986596107483,-0.26187124848365784,-0.26572391390800476,-0.05138479918241501,-0.006649162154644728,-0.16851574182510376,1.1030237674713135,-0.06093466281890869,-0.22585178911685944,-0.2715510129928589,-0.2783443331718445
44,824,441,833,449,0.2007986307144165,-0.24161525070667267,-0.14961914718151093,0.9662955403327942,-0.015104157850146294,-0.2766125500202179,-0.2781246304512024,-0.26377856731414795,-0.2553849220275879,-0.24705401062965393,1.4242280721664429,-0.19001610577106476,-0.2711677551269531,2.850534200668335,-0.25650569796562195,-0.1924869418144226,-0.027008913457393646,-0.1251847743988037,-0.23058980703353882,-0.1300818771123886,-0.24861915409564972,-0.21147730946540833,-0.2783399522304535,-0.2701088488101959,-0.2067965418100357,-0.2661131024360657,-0.15234297513961792,-0.27846190333366394,0.5830420255661011,-0.11756381392478943,-0.17218437790870667,-0.08716588467359543,-0.1387549340724945,0.7383923530578613,-0.2700856328010559,-0.27846452593803406,-0.2013510763645172,-0.26054731011390686,-0.20905634760856628,-0.27624091506004333,-0.2541365921497345,-0.16065388917922974,-0.2640138864517212,-0.08685064315795898,-0.16307203471660614,-0.2527865469455719,-0.2720167934894562,0.8726046085357666,2.8022751808166504,0.2545579969882965,0.03630067780613899,-0.2633313238620758,-0.05702478811144829,-0.21159996092319489,-0.2772830128669739,-0.16021642088890076,-0.25182971358299255,0.8909690976142883,-0.0912269726395607,-0.0601566806435585,0.4190424084663391,2.049513101577759,-0.20360727608203888,-0.030307766050100327,3.847198486328125,-0.2700100243091583,-0.2569383978843689,0.3035328686237335,-0.2632749378681183,1.1328095197677612,1.7162151336669922,-0.20910699665546417,-0.27051523327827454,0.13209235668182373,-0.12651653587818146,-0.26705023646354675,0.37344253063201904,-0.24537429213523865,-0.022964786738157272,-0.21489004790782928,-0.24709032475948334,-0.27834391593933105,-0.27621838450431824,-0.16402480006217957,-0.18687090277671814,-0.15720133483409882,-0.23996907472610474,-0.17594414949417114,-0.07466252148151398,-0.22182227671146393,-0.13967111706733704,-0.06193716451525688,-0.27566608786582947,-0.27203676104545593,-0.21987296640872955,-0.13268491625785828,-0.27343207597732544,-0.18785037100315094,0.0064485021866858006,0.08613365143537521,-0.22477971017360687,-0.15340116620063782,0.46739792823791504,0.5891897082328796,-0.20136770606040955,1.1342971324920654,0.6259061694145203,-0.2697012722492218,-0.2784280776977539,0.5689641237258911,-0.20040775835514069,-0.2743555009365082,-0.27581366896629333,-0.12169823795557022,0.11091041564941406,-0.26119571924209595,1.8377752304077148,-0.1084628701210022,-0.11212524026632309,-0.05502296984195709,-0.022705048322677612,0.14452797174453735,-0.12891758978366852,0.948951005935669,0.04252249747514725,-0.27226072549819946,0.3307826817035675,-0.2648659348487854
45,261,573,270,581,0.7192619442939758,-0.2620643973350525,-0.12211500853300095,0.9275991916656494,-0.033564116805791855,-0.27422812581062317,-0.25250834226608276,-0.2773175537586212,-0.23771364986896515,-0.22992528975009918,0.641183078289032,-0.22997093200683594,0.013452303595840931,0.6965790390968323,-0.21058015525341034,-0.16977347433567047,-0.18610110878944397,-0.14979426562786102,-0.14620552957057953,-0.2189595252275467,-0.2668722867965698,0.013974115252494812,-0.11578401178121567,-0.18675050139427185,0.044223908334970474,-0.15390126407146454,-0.2773560881614685,-0.27699917554855347,-0.019135138019919395,0.8489195704460144,-0.2712010443210602,-0.18661479651927948,0.1762520670890808,-0.07128170877695084,-0.26790088415145874,-0.2608816921710968,-0.2598433196544647,0.048444170504808426,-0.2512376606464386,-0.27211833000183105,-0.2678990364074707,-0.25002792477607727,-0.2329227179288864,-0.2238810509443283,0.35860100388526917,-0.250228613615036,-0.2779737412929535,0.30570849776268005,-0.10009697824716568,-0.17120841145515442,0.27951520681381226,-0.15469391644001007,-0.08385064452886581,-0.22389787435531616,-0.2455635666847229,-0.20173276960849762,-0.21808049082756042,0.02896592579782009,-0.13644835352897644,-0.2115454524755478,0.10094079375267029,1.0526764392852783,-0.20808039605617523,-0.2674238979816437,1.8464316129684448,-0.1844233274459839,-0.2525574266910553,0.2213556170463562,-0.13637365400791168,0.5611324906349182,1.7229533195495605,-0.25502732396125793,-0.19673554599285126,-0.2676519453525543,-0.03682686388492584,-0.2767471373081207,0.283512145280838,-0.27704140543937683,-0.27805861830711365,-0.13428357243537903,0.19511809945106506,-0.23959456384181976,-0.2701879143714905,-0.27654603123664856,0.051104966551065445,-0.04996107891201973,-0.2761783301830292,-0.09752018004655838,0.13274255394935608,-0.27180901169776917,-0.15933869779109955,0.08058734983205795,-0.09964349120855331,-0.23640818893909454,-0.2639906108379364,-0.25663653016090393,-0.2616148889064789,-0.02178008109331131,-0.277616411447525,0.5015684366226196,-0.047885168343782425,0.7190825939178467,0.17086780071258545,0.3602752089500427,-0.27092066407203674,0.06163597106933594,-0.07822083681821823,-0.1617542952299118,-0.16256174445152283,0.2315625101327896,-0.2762312591075897,-0.2686048746109009,-0.2640281915664673,0.13139627873897552,0.2310170978307724,-0.26770806312561035,0.12354656308889389,-0.27380821108818054,-0.2675721347332001,-0.004121841862797737,-0.03833601996302605,0.24469855427742004,-0.23516713082790375,0.6157487630844116,-0.07431717216968536,-0.09485793113708496,0.3082790672779083,-0.20010964572429657
46,677,277,686,285,-0.05860269069671631,-0.17115281522274017,-0.22183343768119812,1.6497129201889038,-0.0545857697725296,0.6735185980796814,-0.1720457226037979,-0.2784644067287445,-0.029149392619729042,0.46072110533714294,-0.26714518666267395,-0.11164657771587372,-0.2592751979827881,5.139784336090088,-0.22903622686862946,-0.08701935410499573,-0.0236190352588892,-0.27526313066482544,-0.2718495726585388,-0.24677161872386932,-0.09246916323900223,1.8708527088165283,-0.27497878670692444,-0.20506948232650757,2.7850732803344727,-0.18419060111045837,0.6382825374603271,-0.13275033235549927,-0.12765975296497345,-0.22214627265930176,-0.08219237625598907,-0.26054129004478455,-0.10613101720809937,0.13437166810035706,-0.2656901180744171,-0.24026072025299072,0.6758515238761902,-0.04761149734258652,-0.05897941067814827,-0.12517420947551727,-0.2644753158092499,0.7067793011665344,0.7308342456817627,-0.2177593857049942,-0.15616045892238617,0.3292524516582489,-0.2273227721452713,0.05273465812206268,4.748463153839111,-0.2500816583633423,1.5762280225753784,0.5990268588066101,-0.2779999077320099,0.8151668906211853,-0.11379826068878174,-0.05457320809364319,-0.24527759850025177,-0.13478995859622955,0.31662240624427795,-0.07416722178459167,-0.21702790260314941,-0.2167748510837555,1.8557679653167725,-0.20941802859306335,0.5693492293357849,-0.2701072096824646,-0.275346964597702,-0.276383638381958,-0.08012387901544571,-0.12977664172649384,0.08984509110450745,-0.15939946472644806,-0.2612789273262024,-0.06591197848320007,0.1492575705051422,-0.2367623895406723,-0.04229166731238365,-0.08157853782176971,-0.23118694126605988,-0.248041570186615,2.41176438331604,-0.26334524154663086,-0.2772012948989868,-0.17322976887226105,-0.08216220140457153,-0.04984353110194206,-0.11809872835874557,-0.1840866059064865,-0.2774970233440399,-0.2784591019153595,-0.2781047523021698,3.1137967109680176,-0.21554064750671387,1.4736781120300293,-0.1889122724533081,-0.24338741600513458,0.045405592769384384,-0.15501046180725098,1.3686649799346924,-0.24354352056980133,-0.19885767996311188,-0.2340354025363922,-0.18102404475212097,-0.27680400013923645,-0.10761210322380066,0.24583449959754944,2.39186429977417,0.18730200827121735,-0.05948672443628311,1.1674823760986328,-0.07339440286159515,-0.2774639427661896,-0.08468162268400192,0.04467257112264633,-0.20781944692134857,-0.23041494190692902,-0.11081372946500778,0.2571443021297455,0.7609779238700867,0.10848351567983627,0.9384439587593079,-0.09324542433023453,-0.22747169435024261,1.316780924797058,-0.1080157533288002,-0.10227100551128387,-0.09987728297710419,0.09957429766654968
47,623,290,631,298,-0.03006567619740963,-0.27825191617012024,-0.11609005182981491,0.9572707414627075,-0.07224104553461075,-0.2757106125354767,-0.26113972067832947,-0.25541064143180847,-0.2569684386253357,-0.17342235147953033,0.7913153767585754,-0.17344743013381958,0.5869300961494446,0.22821271419525146,-0.1900549829006195,-0.21257588267326355,-0.21588081121444702,-0.12959720194339752,-0.2567785084247589,-0.22477297484874725,-0.27579477429389954,-0.03976866230368614,0.19141073524951935,-0.16907913982868195,0.34880000352859497,-0.19318868219852448,-0.2361704260110855,-0.21317864954471588,-0.024691017344594002,0.7048637270927429,-0.12449217587709427,-0.16397663950920105,0.2003551721572876,0.012054536491632462,-0.2696012258529663,-0.2782711982727051,-0.2400134801864624,-0.16944465041160583,-0.26936012506484985,-0.22451432049274445,-0.2681158483028412,-0.23430924117565155,-0.2784118950366974,-0.2525092363357544,0.700181782245636,-0.2585359811782837,-0.2175920158624649,0.3898415267467499,0.04538179561495781,-0.09463811665773392,0.675410807132721,-0.2245648205280304,-0.08304796367883682,-0.20207378268241882,-0.23240552842617035,-0.1189199909567833,-0.23154644668102264,-0.12014074623584747,-0.21828575432300568,-0.2213219404220581,-0.23074813187122345,0.8687227964401245,-0.05417189374566078,-0.27662673592567444,-0.10189080983400345,-0.15272961556911469,-0.08742325752973557,-0.11575113981962204,0.38251858949661255,0.8771459460258484,0.35210907459259033,-0.2731441855430603,-0.23843486607074738,-0.1111263558268547,-0.12222276628017426,-0.2697637379169464,0.4552666246891022,-0.2766958177089691,-0.26801401376724243,-0.1737918108701706,-0.1216970756649971,-0.24299854040145874,-0.2705550491809845,-0.2520188093185425,0.01969797909259796,-0.0821290835738182,-0.24613191187381744,-0.1035553365945816,0.3273884057998657,-0.2528492510318756,-0.21995127201080322,0.10923449695110321,0.31435438990592957,-0.2660161852836609,-0.27799057960510254,-0.27746832370758057,-0.19019684195518494,0.6413426399230957,-0.15163983404636383,0.2598269283771515,0.07853125035762787,0.2420937418937683,0.012882716953754425,0.3419435918331146,-0.27020734548568726,-0.19363737106323242,0.21932080388069153,-0.22227974236011505,0.22897283732891083,0.11872908473014832,-0.13663630187511444,-0.26868346333503723,-0.2165413796901703,-0.1386520266532898,0.33210375905036926,-0.27318766713142395,0.31322264671325684,-0.27846115827560425,-0.27238065004348755,-0.16299986839294434,0.014571981504559517,0.5883417129516602,-0.27624160051345825,0.2289571911096573,-0.1339595913887024,0.5606594681739807,-0.13911765813827515,-0.22885875403881073
48,201,773,209,782,-0.1555219143629074,-0.05976095795631409,0.142423614859581,1.0462275743484497,-0.005617886781692505,-0.2782335579395294,-0.14416497945785522,-0.22757160663604736,-0.138525128364563,-0.20076705515384674,1.0359188318252563,-0.21618542075157166,-0.278422474861145,3.3107194900512695,-0.09964266419410706,-0.21970514953136444,-0.0019024609355255961,-0.08109814673662186,2.2057430744171143,-0.11207500845193863,-0.15538035333156586,-0.2638324201107025,-0.26232776045799255,-0.23487728834152222,1.456515908241272,-0.22482037544250488,-0.15453574061393738,-0.14561894536018372,-0.2774437367916107,-0.2572646141052246,-0.19657254219055176,-0.10587858408689499,-0.24418342113494873,0.7776389122009277,-0.26208773255348206,-0.22166413068771362,-0.18410488963127136,-0.2102566957473755,-0.17676261067390442,-0.11779598891735077,-0.15403826534748077,-0.062391772866249084,1.8731447458267212,-0.2729736566543579,-0.27567237615585327,-0.2728877365589142,-0.04694680497050285,0.7978655695915222,5.775970458984375,1.875584602355957,-0.01962917298078537,-0.2701704800128937,-0.2511458694934845,-0.2743564248085022,-0.2529262602329254,-0.012147406116127968,-0.19416284561157227,0.16925440728664398,0.36965212225914,-0.020122695714235306,2.138585090637207,0.09494494646787643,0.12200609594583511,-0.21110332012176514,0.12645670771598816,-0.25572723150253296,-0.26287707686424255,-0.2686447203159332,-0.25679460167884827,0.9504711627960205,-0.11477090418338776,0.1072649359703064,-0.2689581513404846,-0.2693360447883606,0.0717470571398735,-0.27460694313049316,-0.26697710156440735,-0.1593734472990036,-0.2768325209617615,-0.026432421058416367,0.4559139609336853,-0.2661283016204834,-0.20953324437141418,-0.08491174876689911,-0.22770489752292633,-0.06958547979593277,-0.03826528042554855,-0.09181718528270721,-0.23341913521289825,-0.18081580102443695,-0.17710041999816895,0.39626437425613403,-0.22497515380382538,-0.2684831917285919,-0.09500886499881744,-0.18074417114257812,-0.2694532871246338,-0.12807022035121918,1.3097230195999146,-0.08353498578071594,-0.19891349971294403,-0.09614106267690659,0.23545420169830322,0.18526607751846313,-0.11492128670215607,0.7497492432594299,-0.10601304471492767,-0.21327932178974152,-0.2778427004814148,0.003900195239111781,-0.19867362082004547,-0.27837294340133667,-0.12150221318006516,-0.23286770284175873,0.2032235562801361,-0.25755175948143005,3.214693069458008,1.5076736211776733,-0.213936910033226,-0.23486843705177307,0.11677341908216476,0.016474202275276184,-0.19154848158359528,1.0339757204055786,-0.15630118548870087,-0.25422587990760803,-0.10719764977693558,-0.2767527401447296
49,170,342,179,350,-0.24166016280651093,-0.16769641637802124,0.13523821532726288,0.8851065039634705,-0.044662363827228546,-0.27846384048461914,-0.2557131350040436,-0.2754632234573364,-0.27835813164711,-0.2435818612575531,1.2484166622161865,-0.27015140652656555,-0.24557539820671082,1.7149858474731445,-0.26317885518074036,-0.21014922857284546,-0.06337593495845795,-0.14043955504894257,-0.08431410044431686,-0.13381050527095795,-0.2713797390460968,-0.278233140707016,-0.05759948119521141,-0.2769686281681061,0.47140607237815857,-0.27840524911880493,-0.2759934961795807,-0.12749391794204712,-0.04175083339214325,0.05601508542895317,-0.2574910521507263,-0.0809440091252327,-0.24657058715820312,0.14067907631397247,-0.2760395109653473,-0.2516244947910309,-0.2616541087627411,0.03587913140654564,-0.2613961398601532,-0.27287787199020386,-0.22115477919578552,-0.2528005540370941,0.01129666157066822,-0.2767956852912903,-0.06858968734741211,-0.2492152601480484,-0.13670921325683594,0.4014810025691986,1.5614848136901855,1.0194193124771118,-0.041164327412843704,-0.2691439390182495,-0.19276215136051178,-0.27646929025650024,-0.2548154592514038,-0.13444344699382782,-0.212652787566185,-0.23887087404727936,-0.08146160840988159,-0.10048399120569229,0.4937167763710022,1.062824010848999,-0.0793343111872673,-0.24609002470970154,0.6243018507957458,-0.1337205469608307,-0.2603750228881836,-0.2292727679014206,-0.047446832060813904,1.3214634656906128,0.1338787078857422,-0.2729286253452301,-0.23218239843845367,-0.18577022850513458,-0.14588896930217743,-0.2766469120979309,0.019088508561253548,-0.23326073586940765,-0.2781139016151428,-0.10151207447052002,-0.05890998616814613,-0.25759050250053406,-0.2446562796831131,0.2054654359817505,-0.0896621122956276,-0.26316115260124207,-0.24792125821113586,-0.03908463567495346,0.13489072024822235,-0.24893070757389069,-0.15365289151668549,0.5175952911376953,-0.1806522160768509,-0.24072235822677612,-0.24629272520542145,-0.2776503264904022,-0.2727915048599243,-0.27767235040664673,0.49936923384666443,0.37214720249176025,-0.27528032660484314,-0.26310276985168457,0.2713342010974884,0.43501535058021545,-0.22277414798736572,-0.036979615688323975,0.08073486387729645,-0.2750054597854614,-0.17122861742973328,0.36310553550720215,-0.27788710594177246,-0.2403031587600708,-0.2546103000640869,-0.13855303823947906,0.43979284167289734,-0.27766168117523193,2.7466180324554443,-0.028483370319008827,-0.27845877408981323,-0.23556257784366608,0.059354305267333984,0.356187641620636,-0.2575226426124573,0.8258914947509766,-0.22184695303440094,0.08412588387727737,-0.2642277479171753,-0.2762698829174042
50,559,748,569,757,0.036900971084833145,-0.27559763193130493,0.01404515653848648,0.9702221751213074,-0.0887700542807579,-0.27601802349090576,-0.18396757543087006,-0.2524418532848358,-0.27201899886131287,-0.158950075507164,0.8584765791893005,-0.20487605035305023,0.5894239544868469,0.2826271951198578,-0.20843051373958588,-0.18214952945709229,-0.27082282304763794,-0.13832974433898926,-0.26701921224594116,-0.2554839253425598,-0.27823954820632935,-0.10474299639463425,0.22951321303844452,-0.10980232059955597,0.3552279472351074,-0.21259166300296783,-0.19793599843978882,-0.19851629436016083,-0.047713372856378555,0.5668349862098694,-0.03556779399514198,-0.14435559511184692,0.09476068615913391,0.18523050844669342,-0.2651408910751343,-0.27448028326034546,-0.24317030608654022,0.06359704583883286,-0.2760695815086365,-0.16710726916790009,-0.26373204588890076,-0.24250778555870056,-0.27536845207214355,-0.18564245104789734,0.8043010234832764,-0.24935033917427063,-0.23379608988761902,0.45405104756355286,0.10096639394760132,0.09457977861166,0.4707028567790985,-0.26384851336479187,0.05151822045445442,-0.19939467310905457,-0.21289563179016113,-0.16688597202301025,-0.2356480062007904,-0.20871084928512573,-0.16652703285217285,-0.19414131343364716,-0.07649032771587372,1.2228949069976807,0.0042948476038873196,-0.27152886986732483,0.12751805782318115,0.011849652044475079,-0.11148092150688171,-0.1694796234369278,0.44351741671562195,0.8808255791664124,0.5507664084434509,-0.2667703628540039,-0.20947104692459106,-0.11410805583000183,-0.18293678760528564,-0.27571722865104675,0.31640180945396423,-0.2733084261417389,-0.2719666063785553,-0.16758450865745544,-0.1051073968410492,-0.25216808915138245,-0.26857590675354004,-0.21167097985744476,-0.09548237919807434,-0.03270382806658745,-0.2652289867401123,-0.13664312660694122,0.4230431020259857,-0.27492856979370117,-0.2297094613313675,0.22264227271080017,0.22100621461868286,-0.261135995388031,-0.26467519998550415,-0.27822789549827576,-0.17593616247177124,0.3270394504070282,-0.11980769038200378,0.35647493600845337,-0.0026955099310725927,0.2881598174571991,0.1489686816930771,0.3899359107017517,-0.27462467551231384,-0.1630888134241104,0.2051992416381836,-0.2377495914697647,0.264587938785553,0.11676520109176636,-0.11948677152395248,-0.26579993963241577,-0.267240047454834,-0.14275312423706055,0.33438897132873535,-0.272286593914032,0.8288013935089111,-0.27060338854789734,-0.2686494290828705,-0.19188553094863892,0.011338616721332073,0.6024110317230225,-0.27846428751945496,0.3835306167602539,-0.09868521988391876,0.6293742656707764,-0.19780439138412476,-0.24366019666194916
51,356,441,365,449,1.0292901992797852,-0.2782401740550995,-0.278015673160553,1.0996307134628296,-0.027021080255508423,-0.1367630809545517,-0.26649779081344604,-0.25506606698036194,-0.06740491092205048,-0.2211141437292099,-0.1626526415348053,-0.257346510887146,-0.27365100383758545,4.552272319793701,-0.23777639865875244,0.052167750895023346,-0.03605811670422554,-0.09074126183986664,-0.2744084298610687,-0.15189765393733978,-0.1960800439119339,0.5714460015296936,-0.27829110622406006,-0.262666791677475,-0.09440663456916809,-0.26511889696121216,0.10245313495397568,-0.27393507957458496,0.3039146065711975,0.14576756954193115,-0.13166259229183197,-0.2620529234409332,0.23505423963069916,0.6384313702583313,-0.2784554362297058,-0.22451964020729065,-0.0372728630900383,-0.26340267062187195,-0.21867603063583374,-0.27809056639671326,-0.2535533010959625,-0.07092630118131638,-0.2534244954586029,0.02297293208539486,-0.0855432003736496,0.07278494536876678,-0.2764272391796112,0.09219048172235489,1.2749967575073242,-0.242781400680542,1.1979763507843018,0.5536213517189026,0.6925013065338135,-0.17180253565311432,-0.2655937671661377,-0.27788668870925903,-0.2781452238559723,0.03607986494898796,0.020935121923685074,-0.12614428997039795,-0.19112242758274078,1.7424052953720093,-0.03398369252681732,-0.1792006641626358,6.256227970123291,-0.12872813642024994,-0.19890716671943665,1.16965651512146,-0.23851165175437927,0.5695912837982178,2.8669726848602295,-0.2452351599931717,-0.24528856575489044,-0.2064485102891922,-0.0031709657050669193,-0.2743746340274811,0.1675991415977478,-0.2627658247947693,-0.27659714221954346,-0.2342492789030075,0.9639071226119995,-0.2398080676794052,-0.2728581726551056,-0.26393014192581177,0.0671171024441719,-0.0931924507021904,-0.1531609147787094,-0.20630453526973724,-0.20017093420028687,-0.27583497762680054,-0.10062747448682785,0.5103772878646851,-0.22312086820602417,-0.23472006618976593,-0.2306932657957077,-0.0029767921660095453,-0.2771051526069641,-0.21986427903175354,-0.22269059717655182,-0.01987895369529724,-0.25422629714012146,-0.06962381303310394,0.5650268197059631,0.13573139905929565,-0.2783299684524536,0.3258730471134186,1.7592545747756958,-0.06836270540952682,-0.20625366270542145,0.45601755380630493,-0.1682976484298706,-0.278412401676178,-0.255489319562912,0.6796258687973022,-0.20481248199939728,-0.16484670341014862,-0.21620231866836548,-0.25017040967941284,0.5459861159324646,0.2211664766073227,0.09754057228565216,-0.260969877243042,-0.13596418499946594,2.3819756507873535,-0.14627370238304138,-0.27297213673591614,0.7941917777061462,-0.1352115422487259
52,434,421,443,429,-0.10575436800718307,-0.12814468145370483,-0.22042116522789001,1.7213677167892456,-0.11856842041015625,-0.012176056392490864,-0.24410511553287506,-0.2544305920600891,-0.2242995947599411,0.022834671661257744,-0.18087533116340637,-0.028370553627610207,-0.18687833845615387,4.7802228927612305,0.8238269090652466,-0.25333738327026367,-0.22628308832645416,-0.27446889877319336,-0.23119647800922394,-0.22482842206954956,-0.1001286655664444,4.364158630371094,-0.24582259356975555,-0.2776634097099304,2.832637310028076,-0.10906573385000229,-0.27839070558547974,-0.07228942960500717,-0.26331883668899536,-0.21751736104488373,0.047413505613803864,-0.14987309277057648,-0.15888994932174683,-0.1532212197780609,-0.27657657861709595,-0.2553847134113312,0.6240580081939697,-0.038075901567935944,-0.2745590806007385,-0.27092671394348145,-0.2626805007457733,0.7686696648597717,0.4233490824699402,-0.2680590748786926,-0.24525125324726105,0.794218897819519,-0.20513537526130676,0.925140380859375,-0.2175445556640625,-0.2775803208351135,0.4435115158557892,-0.2515997588634491,-0.2647770941257477,0.0952553078532219,0.12325932830572128,-0.1425696164369583,-0.22902226448059082,-0.15424618124961853,-0.06111419200897217,-0.23599787056446075,-0.2655910849571228,-0.23539438843727112,0.30077654123306274,-0.261484831571579,0.246570885181427,-0.140720397233963,-0.12125054001808167,-0.27334821224212646,-0.1665230542421341,-0.2656746804714203,-0.21329641342163086,-0.1548696756362915,-0.2699582576751709,-0.13900595903396606,0.5450105667114258,-0.2274983674287796,-0.27844974398612976,-0.19123953580856323,0.2786749601364136,-0.09354569017887115,1.9954360723495483,-0.2715870440006256,-0.2779749035835266,-0.18619509041309357,-0.007515377830713987,-0.07219327241182327,-0.26083409786224365,-0.044070567935705185,0.813040554523468,-0.27129438519477844,-0.16807031631469727,-0.03333072364330292,-0.2701822817325592,1.2277344465255737,-0.19433067739009857,-0.2757583558559418,0.6409992575645447,-0.14811955392360687,0.9604302644729614,-0.19744038581848145,0.2941008508205414,-0.03874165192246437,-0.04436688497662544,-0.08816256374120712,-0.05663939192891121,-0.26810577511787415,2.434309959411621,0.42321234941482544,-0.09018461406230927,-0.18366949260234833,-0.11308328807353973,-0.267105370759964,-0.15852569043636322,2.032413959503174,-0.16729959845542908,-0.09483183175325394,-0.12019720673561096,-0.27496281266212463,-0.038216300308704376,1.7921849489212036,1.0950356721878052,0.5909814238548279,-0.27230069041252136,0.06989476084709167,-0.2673611640930176,-0.19016030430793762,-0.08001339435577393,0.531602680683136
53,557,287,567,296,0.2739616334438324,-0.2761918306350708,-0.02649853006005287,0.983202338218689,-0.0849950909614563,-0.27635133266448975,-0.24752947688102722,-0.20469798147678375,-0.273651659488678,-0.22085611522197723,0.6532600522041321,-0.1783955693244934,0.555965781211853,0.11146260052919388,-0.1254739761352539,-0.17230869829654694,-0.1831086277961731,-0.18811850249767303,-0.21183031797409058,-0.27143993973731995,-0.2511388957500458,0.24179953336715698,0.47704946994781494,-0.12440936267375946,0.28594082593917847,-0.23988604545593262,-0.19751140475273132,-0.26559150218963623,-0.11992082744836807,0.6410478949546814,-0.0005815666518174112,-0.20399147272109985,0.13704931735992432,0.08792995661497116,-0.2579481899738312,-0.2694939374923706,-0.22916503250598907,0.11651208251714706,-0.27770790457725525,-0.07715701311826706,-0.27585333585739136,-0.22399196028709412,-0.2680380344390869,-0.17575998604297638,0.1268284171819687,-0.1844412088394165,-0.11301597952842712,0.5560893416404724,-0.035361628979444504,-0.14052872359752655,0.6330705881118774,-0.2436484694480896,0.3501092195510864,-0.1815604865550995,0.05105127766728401,-0.1279255598783493,-0.2614644765853882,-0.07071573287248611,0.04341205209493637,-0.27704137563705444,-0.22702568769454956,0.60928875207901,-0.09993249177932739,-0.2539845108985901,-0.11308136582374573,-0.18648399412631989,-0.23155473172664642,0.06760227680206299,0.16329404711723328,0.11776836961507797,0.49921777844429016,-0.2754286825656891,-0.24362808465957642,0.06020049750804901,-0.06810460239648819,-0.27469196915626526,0.3176887631416321,-0.2783408463001251,-0.24939440190792084,-0.14804477989673615,0.08101919293403625,-0.2560878396034241,-0.26785796880722046,-0.20003356039524078,0.09868624806404114,0.0067905583418905735,-0.054565224796533585,-0.14821574091911316,0.6566864848136902,-0.24725137650966644,-0.22333626449108124,0.17453931272029877,0.531959593296051,-0.2706282436847687,-0.27131912112236023,-0.27393555641174316,-0.17110078036785126,0.6677298545837402,-0.21209535002708435,0.29970502853393555,0.0937785804271698,0.40771183371543884,0.10130056738853455,0.23221835494041443,-0.2510811686515808,0.08963240683078766,0.10307703167200089,-0.27240806818008423,0.055418871343135834,-0.13717153668403625,-0.1288246214389801,-0.27755531668663025,-0.2728968560695648,-0.1792021542787552,0.24515247344970703,-0.2635354995727539,0.03867608308792114,-0.27829238772392273,-0.278327077627182,-0.004597031511366367,-0.06069694459438324,0.7038105130195618,-0.2783106863498688,0.0718831792473793,-0.12988348305225372,0.3416021168231964,-0.09399326145648956,-0.20369935035705566
54,548,601,558,609,1.080072283744812,-0.24784426391124725,-0.18575800955295563,1.0533946752548218,-0.0079133789986372,-0.10853217542171478,-0.2044086903333664,-0.24330659210681915,-0.18070419132709503,-0.2437005639076233,0.4242766201496124,-0.2619437277317047,-0.25412702560424805,4.378321170806885,-0.1551712304353714,-0.22928860783576965,-0.007359771989285946,-0.27817538380622864,-0.24913303554058075,-0.17454294860363007,-0.16129426658153534,1.0202261209487915,-0.24569784104824066,-0.2520275115966797,-0.27276596426963806,-0.2546008229255676,-0.20202264189720154,-0.26011520624160767,1.040576457977295,-0.12926506996154785,-0.22289909422397614,-0.20008374750614166,-0.07763265818357468,0.46512073278427124,-0.2771255671977997,-0.2618604600429535,-0.09681124240159988,-0.27599266171455383,-0.21137771010398865,-0.2768647372722626,-0.22134298086166382,-0.08401324599981308,-0.27110517024993896,0.10552647709846497,-0.0902508944272995,-0.12947899103164673,-0.2655051052570343,1.1641343832015991,1.4855979681015015,-0.27662473917007446,0.3537372052669525,0.86758953332901,-0.18393132090568542,-0.14910008013248444,-0.27805253863334656,-0.26136842370033264,-0.2744230031967163,0.0909496322274208,-0.13690102100372314,-0.09632335603237152,-0.17783482372760773,1.0209462642669678,-0.27323949337005615,-0.23595866560935974,6.243277072906494,-0.2664429247379303,-0.13958755135536194,0.21083331108093262,-0.23704546689987183,0.3121257722377777,2.7609803676605225,-0.16460083425045013,-0.23411916196346283,-0.2606697976589203,-0.03702520206570625,-0.2556384205818176,1.9324744939804077,-0.2533996105194092,0.21681876480579376,-0.09395449608564377,0.5642099976539612,-0.2423229217529297,-0.277120977640152,-0.27834340929985046,0.11199278384447098,-0.1059684231877327,-0.2028801292181015,-0.14972785115242004,-0.2687559425830841,-0.2617053687572479,-0.11921950429677963,-0.23822952806949615,-0.2784616947174072,-0.26958122849464417,-0.22345590591430664,-0.02431373856961727,-0.27730000019073486,-0.2756066620349884,-0.2586709260940552,0.1338449865579605,-0.1932283490896225,-0.1860077828168869,0.3978559672832489,0.4448307454586029,-0.253187894821167,0.8538911938667297,1.0272246599197388,-0.1844371259212494,-0.19362519681453705,-0.11586102843284607,-0.1520831435918808,-0.2780091464519501,-0.2562142014503479,0.902803361415863,-0.24088554084300995,-0.2402314692735672,-0.09971612691879272,-0.2752499282360077,-0.12941209971904755,0.2562587857246399,0.12403605133295059,-0.16213487088680267,-0.12926530838012695,1.0700886249542236,-0.05080009996891022,-0.27659156918525696,1.083205223083496,-0.15765883028507233
55,162,430,172,438,0.35088199377059937,-0.2771429717540741,-0.10885811597108841,0.9461336731910706,-0.04515159875154495,-0.2782834768295288,-0.2339736372232437,-0.2683371305465698,-0.2479960322380066,-0.22954528033733368,0.7313364148139954,-0.19412796199321747,0.3040952682495117,0.1626771092414856,-0.21158598363399506,-0.1673675924539566,-0.2703760862350464,-0.08199327439069748,-0.17380353808403015,-0.25111478567123413,-0.26957571506500244,0.0032789981923997402,-0.055999547243118286,0.007599386386573315,0.2527843415737152,-0.21701960265636444,-0.2673300504684448,-0.24152502417564392,-0.17837806046009064,0.4822236895561218,-0.1358729898929596,-0.21700140833854675,0.2083439826965332,0.06899012625217438,-0.26782986521720886,-0.2718218266963959,-0.2620777189731598,0.09520845115184784,-0.2764970362186432,-0.26251134276390076,-0.25623559951782227,-0.2512277364730835,-0.2602343261241913,-0.26155975461006165,0.9515162110328674,-0.23995807766914368,-0.26345524191856384,0.47556042671203613,-0.11517912149429321,-0.21907034516334534,0.46551042795181274,-0.2635912299156189,-0.08781469613313675,-0.1739799827337265,-0.1969754993915558,-0.13885937631130219,-0.22057461738586426,-0.056670285761356354,-0.14124254882335663,-0.18117770552635193,0.11613751202821732,1.02181875705719,-0.1116812452673912,-0.27845969796180725,0.7552284002304077,-0.15458045899868011,-0.2728622853755951,-0.0895075798034668,0.02691081166267395,0.41026294231414795,1.5609322786331177,-0.27621421217918396,-0.25288403034210205,-0.2095225304365158,-0.025842349976301193,-0.27565324306488037,0.2767117917537689,-0.2764621376991272,-0.2765922546386719,-0.15596306324005127,0.10165109485387802,-0.23915217816829681,-0.270652711391449,-0.276225745677948,0.030629325658082962,0.05522162839770317,-0.27845439314842224,-0.11034861207008362,0.32220908999443054,-0.26407390832901,-0.16239018738269806,0.22050434350967407,0.0033738617785274982,-0.2356497049331665,-0.2781705856323242,-0.2702494263648987,-0.23916269838809967,0.36153721809387207,-0.26941028237342834,0.5307830572128296,0.04759317636489868,0.6830499172210693,0.13242167234420776,0.2969781160354614,-0.2759443521499634,0.05455964058637619,-0.14230261743068695,-0.18000882863998413,0.00326333986595273,0.08354731649160385,-0.252910315990448,-0.27094414830207825,-0.26927658915519714,-0.17164947092533112,0.3653923273086548,-0.2736554741859436,0.05054660513997078,-0.2717757523059845,-0.24801982939243317,-0.19208316504955292,-0.01653064787387848,0.4770730137825012,-0.25629329681396484,0.41781651973724365,-0.08428212255239487,0.21215373277664185,-0.13258644938468933,-0.21615538001060486
56,608,390,617,399,-0.2630635201931,-0.15281662344932556,-0.1447388380765915,1.608804702758789,-0.11921732872724533,-0.18460197746753693,-0.22497566044330597,-0.21795114874839783,-0.18411006033420563,-0.16751629114151,0.04438610002398491,-0.23905999958515167,-0.2203267514705658,5.2188496589660645,1.4070079326629639,-0.267206609249115,-0.12271968275308609,0.4169360101222992,-0.2776072919368744,-0.22681334614753723,-0.22430963814258575,3.5400242805480957,-0.2774602770805359,-0.2659309208393097,1.0290775299072266,-0.14644958078861237,-0.10856695473194122,-0.19320496916770935,0.08028343319892883,-0.2645092308521271,-0.25247398018836975,-0.23825772106647491,-0.21932487189769745,-0.00854577124118805,-0.22918131947517395,-0.21902349591255188,0.37657126784324646,-0.13261531293392181,-0.2755030691623688,-0.044473666697740555,-0.27498334646224976,0.4343765079975128,0.6713927388191223,-0.1745755523443222,-0.24468086659908295,0.7872663140296936,-0.2230425626039505,0.4118451476097107,-0.2114884853363037,-0.08470778167247772,0.8775506019592285,-0.2693447172641754,-0.2701455354690552,-0.21833232045173645,1.0646052360534668,-0.2548237144947052,-0.25721275806427,-0.18707425892353058,0.05693032965064049,-0.2776758074760437,-0.2502535283565521,0.1362796425819397,0.1736517697572708,-0.24388784170150757,2.7172465324401855,0.1819431036710739,-0.021569600328803062,-0.016936851665377617,-0.2610180675983429,-0.278219610452652,-0.06387018412351608,-0.18818612396717072,-0.018348395824432373,-0.27000758051872253,0.5736881494522095,-0.27828672528266907,-0.2754543423652649,-0.2660847306251526,0.35176944732666016,-0.14713887870311737,0.4620203375816345,-0.20860032737255096,-0.2784577012062073,-0.27845001220703125,-0.265250027179718,-0.09787166118621826,-0.20239493250846863,-0.1897791624069214,3.1137866973876953,-0.1632312834262848,-0.08044759184122086,-0.26173135638237,-0.27471038699150085,0.7741624712944031,-0.25864842534065247,-0.2696535289287567,0.7688005566596985,-0.17615686357021332,0.9760957956314087,-0.2246067225933075,2.51265025138855,-0.053875379264354706,0.2275523990392685,-0.11278841644525528,-0.08169838786125183,-0.24474379420280457,2.649796485900879,-0.22892922163009644,-0.24969783425331116,0.08523229509592056,-0.1454673409461975,-0.14956560730934143,-0.1789759248495102,1.8595945835113525,-0.26335668563842773,-0.006037015467882156,-0.27835994958877563,-0.18655698001384735,0.5578469038009644,1.0258095264434814,0.7106882333755493,0.22053927183151245,-0.25250497460365295,0.23302531242370605,-0.2309994250535965,-0.22560523450374603,-0.18931081891059875,0.43124204874038696
57,780,583,788,590,-0.020939769223332405,-0.25021958351135254,0.21304059028625488,0.9122241139411926,-0.051831651479005814,-0.27785342931747437,-0.21893057227134705,-0.27715805172920227,-0.26716285943984985,-0.24943824112415314,1.3437669277191162,-0.25150266289711,0.14326372742652893,0.776649534702301,-0.1857750415802002,-0.17405842244625092,-0.18254785239696503,-0.14014418423175812,-0.21704670786857605,-0.19310787320137024,-0.27812471985816956,-0.2730693519115448,0.03334801271557808,-0.18829569220542908,0.33550435304641724,-0.2457982897758484,-0.21274612843990326,-0.2057739496231079,0.15031665563583374,0.4321266710758209,-0.18178138136863708,-0.11670157313346863,-0.11613218486309052,0.3728119730949402,-0.2631915509700775,-0.2572087347507477,-0.2669309675693512,0.044063206762075424,-0.2780783474445343,-0.2711998224258423,-0.23124778270721436,-0.261130154132843,-0.17960882186889648,-0.16860446333885193,0.7935971617698669,-0.27178213000297546,-0.2752169668674469,0.5608177781105042,0.7231786251068115,0.3900771737098694,0.08391550183296204,-0.2773132920265198,0.09793535619974136,-0.2642884850502014,-0.24437160789966583,-0.14787426590919495,-0.22491709887981415,-0.17081966996192932,-0.05846377834677696,-0.1080608144402504,0.35277727246284485,1.6910232305526733,-0.05735890194773674,-0.15478460490703583,0.7697436809539795,-0.07524897903203964,-0.1590292900800705,-0.21634337306022644,0.01675119623541832,1.2156180143356323,0.6919858455657959,-0.2772230803966522,-0.18785718083381653,-0.17350974678993225,-0.16988122463226318,-0.2784343659877777,0.2827226221561432,-0.27704164385795593,-0.27481895685195923,-0.1740426868200302,-0.162847101688385,-0.2629546821117401,-0.26087355613708496,-0.07652289420366287,-0.15627841651439667,-0.06917162239551544,-0.2774707078933716,-0.12122075259685516,0.10958883911371231,-0.2784576416015625,-0.20484235882759094,0.10393601655960083,-0.10475584119558334,-0.2237846702337265,-0.2775077223777771,-0.27677804231643677,-0.25907373428344727,-0.2132914811372757,0.040468182414770126,0.41275089979171753,-0.12743741273880005,0.06196783855557442,0.1882380247116089,0.3929896354675293,-0.2567373216152191,0.0959986001253128,0.14589226245880127,-0.20870928466320038,0.1237422525882721,0.369775652885437,-0.26794061064720154,-0.25420433282852173,-0.27845293283462524,-0.18347567319869995,0.621823787689209,-0.2765790522098541,2.600703716278076,-0.16676953434944153,-0.26804840564727783,-0.26363471150398254,-0.023480111733078957,0.39088261127471924,-0.2772425413131714,0.5647260546684265,-0.12651079893112183,0.6571568846702576,-0.19763541221618652,-0.2639003098011017
58,184,662,193,670,-0.25820228457450867,-0.2748182415962219,-0.12693952023983002,1.1041778326034546,-0.04319235309958458,-0.12109962105751038,0.9731159806251526,-0.27319779992103577,-0.27823930978775024,0.07013002038002014,0.06227591633796692,-0.21849822998046875,-0.12049572914838791,1.4412784576416016,-0.055905479937791824,-0.033197611570358276,-0.05415455996990204,-0.11850295960903168,1.6413465738296509,-0.19727440178394318,-0.2626628875732422,0.17748311161994934,-0.23517678678035736,0.7329810261726379,0.16518989205360413,-0.24365198612213135,-0.23454569280147552,-0.1578141748905182,0.03727373108267784,-0.18562652170658112,-0.12534204125404358,-0.12215908616781235,0.5130071640014648,-0.07939915359020233,-0.2735326290130615,-0.22109980881214142,-0.25174275040626526,-0.20369935035705566,-0.08491697162389755,1.1634223461151123,-0.25538474321365356,-0.044756561517715454,2.2904880046844482,-0.21212820708751678,-0.13227954506874084,-0.2406972199678421,-0.1258545070886612,2.119452476501465,3.556525468826294,-0.17630358040332794,-0.15184807777404785,-0.2752227187156677,-0.24314053356647491,-0.2023797333240509,-0.2185070514678955,-0.18252870440483093,-0.2361583262681961,-0.13970446586608887,-0.2549588084220886,-0.1950845867395401,3.3092753887176514,0.6790512800216675,0.0823017805814743,3.2866291999816895,1.834166407585144,-0.11268315464258194,-0.27514904737472534,-0.27559348940849304,2.24765944480896,1.7440017461776733,2.081866979598999,-0.262241005897522,-0.27639660239219666,-0.23850437998771667,-0.26316484808921814,-0.24179501831531525,-0.2744809091091156,-0.10476037114858627,-0.1869516670703888,-0.2591380774974823,0.06336583197116852,-0.14325611293315887,-0.24665458500385284,-0.20589478313922882,-0.2778761386871338,-0.16269464790821075,-0.0681515783071518,-0.01678815484046936,0.2861708700656891,-0.2607705593109131,-0.2482997626066208,0.337531715631485,-0.2038075178861618,-0.27844151854515076,0.047658275812864304,-0.2335018813610077,-0.22579586505889893,-0.2768862247467041,1.0948469638824463,-0.10845299065113068,-0.2533494830131531,-0.1790315955877304,0.34204229712486267,0.21116630733013153,-0.06141677498817444,1.5106321573257446,1.2654333114624023,0.732100248336792,-0.2624698281288147,2.45082950592041,-0.2765805423259735,-0.24707457423210144,-0.27779558300971985,0.30799320340156555,-0.1995309591293335,0.03267163783311844,0.4618023931980133,-0.2197514772415161,-0.1362258940935135,-0.16264067590236664,0.06956729292869568,-0.026661589741706848,-0.16772101819515228,1.2232990264892578,-0.20198917388916016,-0.2692255675792694,-0.27608224749565125,-0.22460223734378815
59,420,390,428,398,-0.12554030120372772,-0.1217002421617508,-0.22687621414661407,1.6405589580535889,-0.09936640411615372,0.9100131988525391,-0.11267948895692825,-0.2706018090248108,-0.14367333054542542,0.05822679027915001,-0.2146439403295517,-0.1273716688156128,-0.14462049305438995,5.831740379333496,0.40821319818496704,-0.27833136916160583,-0.036788471043109894,-0.24361765384674072,-0.23525074124336243,-0.1093396469950676,-0.09100247174501419,3.5194997787475586,-0.266976535320282,-0.27209627628326416,1.131388783454895,-0.1776442527770996,-0.2163899540901184,-0.06655507534742355,-0.26310449838638306,-0.24975065886974335,-0.2586803734302521,-0.19660373032093048,-0.2503148317337036,-0.00863927323371172,-0.2779582440853119,-0.16589032113552094,0.5545408725738525,-0.052279792726039886,-0.17413122951984406,-0.1982199251651764,-0.22328346967697144,0.7616029381752014,0.44129788875579834,-0.25403404235839844,-0.2121470868587494,0.7694317102432251,-0.15721601247787476,1.4559071063995361,1.1795928478240967,-0.2493012696504593,0.220096156001091,1.2306731939315796,-0.27846410870552063,0.15824291110038757,-0.27845078706741333,-0.22226929664611816,-0.24434088170528412,-0.2779242992401123,-0.002931959228590131,-0.1956530660390854,-0.26719531416893005,-0.2615475058555603,0.32993602752685547,-0.27483510971069336,1.5385197401046753,-0.04788389429450035,-0.27826136350631714,-0.27272582054138184,-0.2712497115135193,-0.2686088979244232,0.0898151844739914,-0.21273808181285858,-0.26225000619888306,-0.14825071394443512,0.05899180471897125,-0.21174713969230652,-0.2424164116382599,-0.12561951577663422,0.2978975474834442,-0.11679613590240479,2.4799604415893555,-0.2781696915626526,-0.27307942509651184,-0.2714400589466095,-0.12520192563533783,-0.04928871616721153,-0.22748591005802155,-0.1365584135055542,-0.27818596363067627,-0.2745859920978546,-0.023733563721179962,0.36671844124794006,-0.2771289050579071,1.3275235891342163,-0.16370613873004913,-0.1928550750017166,0.22100408375263214,-0.09199559688568115,0.9585176110267639,-0.21166563034057617,-0.2656232714653015,-0.06499800086021423,-0.1259780079126358,-0.19783619046211243,-0.08478501439094543,0.3199431300163269,2.4176886081695557,0.46821922063827515,-0.23500347137451172,-0.1510535180568695,-0.09544229507446289,-0.2711069881916046,-0.19694794714450836,1.086314082145691,-0.2020319253206253,-0.2611824870109558,-0.16570229828357697,-0.2088094800710678,0.21734774112701416,1.564713478088379,0.8142565488815308,0.36667874455451965,-0.2694050073623657,0.20838886499404907,-0.23891709744930267,-0.22022025287151337,-0.1628769189119339,0.28219568729400635
60,853,444,863,453,0.9228074550628662,-0.2784106731414795,-0.26939186453819275,1.0081567764282227,-0.02782282792031765,-0.2665063440799713,0.08212732523679733,-0.2769774794578552,-0.2527892589569092,-0.19326229393482208,0.4018309712409973,-0.18222269415855408,0.009339476935565472,0.5584487318992615,-0.16886475682258606,-0.12476673722267151,-0.19359943270683289,-0.15364563465118408,-0.15245424211025238,-0.24143488705158234,-0.2740417718887329,0.2167021483182907,-0.19666053354740143,-0.10017523169517517,0.14559724926948547,-0.27393561601638794,-0.25718316435813904,-0.2638871371746063,-0.05648841708898544,0.19745756685733795,-0.2776937782764435,-0.1809968203306198,0.2544816732406616,0.2954314053058624,-0.2538410723209381,-0.26529908180236816,-0.21345259249210358,-0.1915258765220642,-0.2779904007911682,-0.2540512681007385,-0.27812501788139343,-0.2099631130695343,-0.23604153096675873,-0.17077764868736267,0.8725608587265015,-0.23710209131240845,-0.2583853304386139,0.2504672706127167,0.22790831327438354,-0.1464157998561859,0.4147997200489044,-0.1990617960691452,0.16047002375125885,-0.16827042400836945,-0.24363571405410767,-0.16912239789962769,-0.2305612862110138,0.422641396522522,-0.09430137276649475,-0.15528817474842072,0.5241640210151672,1.6833019256591797,-0.08960773795843124,-0.25607937574386597,2.1732583045959473,-0.23764900863170624,-0.26394638419151306,0.19924357533454895,-0.00712156854569912,0.5285040736198425,2.22109317779541,-0.2774829864501953,-0.2485625147819519,-0.20962822437286377,-0.05207417532801628,-0.27764609456062317,0.2057701051235199,-0.2780478298664093,-0.2774706482887268,-0.12071190774440765,0.1975337266921997,-0.2303408980369568,-0.25893399119377136,-0.26928406953811646,0.2886478006839752,-0.20322635769844055,-0.26378536224365234,-0.11192794889211655,0.08909285813570023,-0.2583218216896057,-0.13899458944797516,0.366515576839447,-0.16068443655967712,-0.26699769496917725,-0.26997992396354675,-0.2261030077934265,-0.2545064091682434,0.15077535808086395,-0.26954078674316406,0.3506883382797241,-0.09426330775022507,1.19123375415802,0.20537208020687103,0.4349651336669922,-0.2519051134586334,0.31266453862190247,0.16569232940673828,-0.2099841982126236,-0.22633086144924164,0.13906025886535645,-0.2750827968120575,-0.27376818656921387,-0.2623811662197113,-0.1178087443113327,0.1893092393875122,-0.23336820304393768,0.029060516506433487,-0.27792826294898987,-0.2782658338546753,0.037446290254592896,0.02898101508617401,0.2145581841468811,-0.21167011559009552,0.8245914578437805,0.05941815301775932,-0.11728159338235855,-0.03437897190451622,-0.19478119909763336
61,718,260,727,268,0.053034212440252304,-0.27074024081230164,0.03815380483865738,0.9610073566436768,-0.08023998141288757,-0.27754002809524536,-0.18457761406898499,-0.252229779958725,-0.27084141969680786,-0.23001451790332794,0.9328851699829102,-0.1919325292110443,0.5520322918891907,0.23335212469100952,-0.18082746863365173,-0.1961214244365692,-0.2669712007045746,-0.11826130002737045,-0.2729528248310089,-0.2374052256345749,-0.2745577096939087,-0.16049402952194214,0.2487190067768097,-0.17269393801689148,0.3414802849292755,-0.2070283144712448,-0.20830038189888,-0.17059187591075897,0.10390449315309525,0.5770645141601562,0.03960297256708145,-0.11725033819675446,0.041295986622571945,0.15235339105129242,-0.2689383625984192,-0.2772345542907715,-0.23903483152389526,-0.12388847768306732,-0.27807506918907166,-0.2407854050397873,-0.24721166491508484,-0.2474469691514969,-0.27105116844177246,-0.21298447251319885,0.7384631037712097,-0.26549801230430603,-0.25427305698394775,0.5268112421035767,0.11102791875600815,0.03841226175427437,0.4053940773010254,-0.2511513829231262,0.027931930497288704,-0.21364010870456696,-0.2258041352033615,-0.13169606029987335,-0.23521718382835388,-0.19737198948860168,-0.19465120136737823,-0.1865149736404419,-0.12752249836921692,0.9808970093727112,-0.07937069982290268,-0.26324892044067383,0.04914369434118271,0.0031123466324061155,0.05484173446893692,-0.16647855937480927,0.2852818965911865,1.011783242225647,0.4344090521335602,-0.2718851864337921,-0.20534616708755493,-0.2101822942495346,-0.17510659992694855,-0.27649712562561035,0.6139333844184875,-0.2747174799442291,-0.2606954276561737,-0.14196979999542236,-0.17644040286540985,-0.23992779850959778,-0.2596551775932312,-0.23288105428218842,-0.08488067984580994,0.007785295136272907,-0.27128463983535767,-0.10716991126537323,0.11640610545873642,-0.27798759937286377,-0.22357288002967834,0.10580575466156006,0.18708057701587677,-0.2590613067150116,-0.271290123462677,-0.27544695138931274,-0.1975608766078949,0.16340045630931854,-0.10293936729431152,0.34477660059928894,0.0029999588150531054,0.35404685139656067,0.07533837109804153,0.4411705732345581,-0.26821470260620117,-0.1434491127729416,0.1918668895959854,-0.19770187139511108,0.3469207286834717,0.012167921289801598,-0.14912433922290802,-0.26186516880989075,-0.2677379250526428,-0.1573055535554886,0.40723222494125366,-0.2729822099208832,1.1213340759277344,-0.27337777614593506,-0.26481038331985474,-0.23276087641716003,0.008765025995671749,0.5223254561424255,-0.27836912870407104,0.29963117837905884,-0.11728982627391815,0.6490474939346313,-0.20849043130874634,-0.2463475465774536
62,143,535,151,543,1.8190414905548096,-0.26814770698547363,-0.247537299990654,0.888821005821228,-0.0023644817993044853,-0.278141051530838,-0.21658559143543243,-0.21353848278522491,-0.12400559335947037,-0.2774970233440399,0.5244439244270325,-0.15524937212467194,-0.2667386531829834,2.9311511516571045,-0.2742152810096741,-0.24089547991752625,-0.025619080290198326,-0.24617737531661987,-0.08973526954650879,-0.05886511132121086,-0.1611502468585968,0.5326606631278992,-0.24809977412223816,-0.27758321166038513,-0.2157832235097885,-0.1978721171617508,-0.27759942412376404,-0.2703076899051666,0.5358095765113831,0.43148916959762573,-0.21294277906417847,-0.15149660408496857,0.3510326147079468,-0.01760069467127323,-0.2777964472770691,-0.23969733715057373,-0.2434750199317932,-0.08089054375886917,-0.2008022665977478,-0.27562108635902405,-0.26430267095565796,-0.24947711825370789,-0.19139620661735535,-0.22679314017295837,0.2968716621398926,-0.22123371064662933,-0.16355110704898834,0.644637405872345,-0.1935415267944336,-0.2779514193534851,0.5218971967697144,-0.05023244023323059,-0.22706131637096405,-0.25337785482406616,-0.278418630361557,-0.14953355491161346,-0.20907717943191528,-0.27812498807907104,-0.2763093411922455,-0.16313941776752472,-0.2556372880935669,1.0768263339996338,-0.2617430090904236,-0.2647959589958191,5.471972942352295,-0.27838629484176636,-0.0762055516242981,0.13497339189052582,-0.27378782629966736,0.567935049533844,2.750680446624756,-0.17466357350349426,-0.2761816084384918,-0.1972583681344986,-0.004377065692096949,-0.2512165307998657,1.2454427480697632,-0.27437666058540344,-0.23013976216316223,-0.0403270460665226,0.1195855364203453,-0.15797008574008942,-0.2702956795692444,-0.16271072626113892,-0.05885804817080498,-0.19909362494945526,-0.12710866332054138,-0.031976621598005295,0.2869367301464081,-0.20794054865837097,-0.042652565985918045,-0.2485799938440323,-0.2705085277557373,-0.2440122812986374,-0.22302396595478058,-0.13376320898532867,-0.2685494124889374,-0.17739690840244293,-0.2566016614437103,0.46944212913513184,0.19283489882946014,0.06994824856519699,0.680143415927887,0.4753752052783966,-0.27392804622650146,-0.2535342872142792,0.6376349329948425,-0.20986992120742798,-0.2251029759645462,0.15731486678123474,-0.16594181954860687,-0.25090378522872925,-0.1968229115009308,1.1719268560409546,-0.16962049901485443,-0.22859135270118713,-0.18601112067699432,-0.21732136607170105,-0.23625563085079193,0.07549510151147842,0.05777822807431221,-0.13729414343833923,-0.15236224234104156,1.2517695426940918,-0.21763624250888824,-0.2710323929786682,1.5087347030639648,-0.1655522882938385
63,630,306,637,314,-0.1488606333732605,-0.25548049807548523,-0.15429934859275818,1.6897685527801514,-0.020785542204976082,1.6412129402160645,-0.27763083577156067,-0.21833492815494537,-0.18686553835868835,1.478050708770752,-0.03658995032310486,-0.2578256130218506,-0.2729192078113556,0.507041335105896,0.05428149551153183,-0.2713516354560852,-0.18120837211608887,-0.23285967111587524,-0.27224189043045044,-0.23562394082546234,-0.079962819814682,1.9779999256134033,-0.23770791292190552,0.3632162809371948,4.6417317390441895,-0.2329605519771576,-0.2691175043582916,-0.10628758370876312,-0.21281221508979797,-0.25109362602233887,-0.27691757678985596,-0.23871482908725739,-0.056468475610017776,-0.1711091846227646,-0.2733677327632904,-0.22327616810798645,0.5401247143745422,-0.0631972998380661,-0.2781800329685211,-0.2603723704814911,-0.27834048867225647,0.9227786660194397,0.16862408816814423,-0.09988246858119965,-0.2769947946071625,0.34394371509552,-0.21502260863780975,0.5799849629402161,4.70997953414917,0.11282115429639816,0.6278318762779236,0.17051492631435394,-0.2166927456855774,0.8308725953102112,-0.25914230942726135,-0.05498276650905609,-0.1925594061613083,-0.006270332261919975,-0.21342232823371887,-0.12399791926145554,-0.2760641574859619,-0.27727192640304565,0.10358671098947525,-0.026550225913524628,-0.26638275384902954,-0.25501003861427307,-0.1076144352555275,-0.27709078788757324,2.215275764465332,0.18061016499996185,-0.20444022119045258,-0.15886202454566956,-0.2533116936683655,-0.1282939612865448,-0.25541532039642334,-0.23269528150558472,-0.1743059754371643,-0.11531714349985123,-0.219801664352417,-0.27104267477989197,1.833778738975525,-0.2698194086551666,-0.2747608721256256,-0.09693793207406998,1.6600894927978516,-0.13683874905109406,-0.12823307514190674,-0.10629123449325562,-0.22913552820682526,-0.2780968248844147,-0.09336121380329132,1.708816409111023,-0.22031915187835693,1.0852408409118652,-0.15664899349212646,-0.2115495651960373,0.03301079198718071,-0.2781435251235962,0.294066846370697,-0.275865763425827,-0.23576165735721588,0.8296793699264526,-0.25695693492889404,-0.1516249179840088,-0.11382921040058136,-0.03670942783355713,3.303743839263916,0.27013739943504333,-0.2561616599559784,-0.08209161460399628,-0.2083331048488617,-0.27570709586143494,-0.1556142270565033,0.3168097138404846,-0.27627596259117126,0.012828629463911057,-0.22816956043243408,0.5222055912017822,0.3343062102794647,0.7360260486602783,0.9330511093139648,0.2339087426662445,-0.25153183937072754,0.8867926001548767,0.41781696677207947,-0.2453094720840454,-0.1463225930929184,0.17424315214157104
64,126,498,135,506,0.03063512034714222,-0.26379624009132385,-0.057512857019901276,0.9658523797988892,-0.06852018088102341,-0.27414652705192566,-0.20346446335315704,-0.24528539180755615,-0.2650144100189209,-0.20339153707027435,0.8008646368980408,-0.17280225455760956,0.6488085389137268,0.14082452654838562,-0.20750422775745392,-0.2218250036239624,-0.22325819730758667,-0.11998807638883591,-0.250960111618042,-0.2414047122001648,-0.26535314321517944,-0.12169528007507324,0.3446608781814575,-0.15284006297588348,0.37164798378944397,-0.20644892752170563,-0.24891257286071777,-0.18251073360443115,-0.023306548595428467,0.6807499527931213,-0.06671488285064697,-0.10583674162626266,0.04146954044699669,0.0717812329530716,-0.2730313539505005,-0.2768881916999817,-0.22622287273406982,-0.12786345183849335,-0.27318647503852844,-0.24816767871379852,-0.2592047452926636,-0.2389223575592041,-0.27771684527397156,-0.23360249400138855,0.5939211249351501,-0.2634124457836151,-0.24931766092777252,0.4295061230659485,0.1264483779668808,0.03709053248167038,0.5509756803512573,-0.2508509159088135,-0.041582245379686356,-0.2308894395828247,-0.23167802393436432,-0.12089159339666367,-0.2208651900291443,-0.11942296475172043,-0.19527322053909302,-0.20547117292881012,-0.15808981657028198,0.7476841807365417,-0.06972665339708328,-0.27846452593803406,-0.10721755027770996,0.03866594657301903,0.04170722886919975,-0.16424350440502167,0.41986343264579773,0.919918954372406,0.3819422423839569,-0.27155226469039917,-0.20120322704315186,-0.09757805615663528,-0.17614133656024933,-0.27845174074172974,0.5309621095657349,-0.27809908986091614,-0.27593398094177246,-0.103254035115242,-0.13778619468212128,-0.23218722641468048,-0.2589419186115265,-0.253034383058548,-0.010772062465548515,-0.038967497646808624,-0.2688266932964325,-0.09204839169979095,0.18985046446323395,-0.2784532904624939,-0.2313305139541626,0.20565150678157806,0.2645862102508545,-0.27008071541786194,-0.27827972173690796,-0.2770243287086487,-0.18583883345127106,0.22948619723320007,-0.11391806602478027,0.3180735409259796,-0.05506841093301773,0.43323057889938354,0.029222488403320312,0.38646236062049866,-0.27661946415901184,-0.1801600307226181,0.12820011377334595,-0.1974693238735199,0.37641239166259766,-0.0330156646668911,-0.05992456525564194,-0.26639190316200256,-0.25302156805992126,-0.1738101691007614,0.345529168844223,-0.27365562319755554,0.6908939480781555,-0.27281156182289124,-0.26590585708618164,-0.2028113603591919,0.017971204593777657,0.5960260629653931,-0.27567392587661743,0.1906561702489853,-0.08044961094856262,0.6123136281967163,-0.25127267837524414,-0.23839958012104034
65,868,591,877,599,0.2564965486526489,-0.27813175320625305,0.060899801552295685,0.9939107894897461,-0.07887975126504898,-0.27578186988830566,-0.009780672378838062,-0.22557269036769867,-0.2690344750881195,-0.18240684270858765,0.9343000054359436,-0.21163029968738556,0.29018184542655945,0.25608038902282715,-0.1173190027475357,-0.14557406306266785,-0.27827468514442444,-0.14890672266483307,-0.2556498646736145,-0.25600665807724,-0.2686684727668762,0.12605087459087372,0.20678620040416718,-0.05835377424955368,0.38913604617118835,-0.2483523190021515,-0.1920657753944397,-0.268913596868515,0.14710983633995056,0.26216942071914673,-0.05400779843330383,-0.22939737141132355,0.004793000407516956,0.19908969104290009,-0.22968725860118866,-0.2764953374862671,-0.2537578344345093,0.1229240670800209,-0.27567484974861145,-0.07576026022434235,-0.2764261066913605,-0.21666236221790314,-0.2696497440338135,-0.1801133155822754,0.6187192797660828,-0.21484000980854034,-0.25332340598106384,0.447412371635437,0.10000678151845932,0.16797210276126862,0.52755206823349,-0.262265145778656,0.2050645500421524,-0.12915225327014923,-0.16827450692653656,-0.2069256603717804,-0.274766206741333,-0.14953456819057465,-0.03253408148884773,-0.25226837396621704,0.13244645297527313,1.1274381875991821,-0.05458105728030205,-0.24833570420742035,0.4760209321975708,-0.24507029354572296,-0.2452210783958435,0.02598005346953869,0.2171488255262375,0.743794322013855,0.8773528337478638,-0.27464747428894043,-0.1987341195344925,-0.1359528750181198,-0.039815690368413925,-0.2781853675842285,0.24504968523979187,-0.27208247780799866,-0.24090036749839783,-0.2210240364074707,0.07591608911752701,-0.2767640948295593,-0.2763279974460602,-0.20519383251667023,-0.12273996323347092,-0.16965043544769287,-0.2735937237739563,-0.1695248931646347,0.49945858120918274,-0.24252676963806152,-0.24546995759010315,0.2306763231754303,0.24438214302062988,-0.24770328402519226,-0.2705991566181183,-0.2727910876274109,-0.2192320078611374,0.29286929965019226,-0.18907439708709717,0.3428838551044464,-0.012037103064358234,0.11057574301958084,0.24120371043682098,0.5433207750320435,-0.2685377299785614,0.1553565263748169,0.20494583249092102,-0.27554842829704285,-0.15444116294384003,-0.041527874767780304,-0.21435363590717316,-0.2784268260002136,-0.267065167427063,-0.11339071393013,0.34782853722572327,-0.25466683506965637,0.3857925534248352,-0.2783326208591461,-0.27713489532470703,-0.03931581601500511,-0.011405141092836857,0.45299389958381653,-0.2773871421813965,0.4108569622039795,-0.09628671407699585,0.21968333423137665,-0.05248425900936127,-0.21589279174804688
66,328,711,336,718,-0.27405551075935364,-0.10627532750368118,0.12837554514408112,1.145524501800537,-0.008549180813133717,-0.2749956250190735,-0.1714996099472046,-0.2592015564441681,-0.17805278301239014,-0.249983012676239,1.2731480598449707,-0.27643412351608276,-0.27572351694107056,3.875941753387451,-0.0543220229446888,-0.1615455001592636,-0.0027392408810555935,-0.08679124712944031,2.0415189266204834,-0.15030142664909363,-0.21588748693466187,-0.27421343326568604,-0.27822643518447876,-0.25427818298339844,0.36075353622436523,-0.21625500917434692,-0.13373588025569916,-0.20706447958946228,-0.05313815921545029,-0.26899006962776184,-0.2147463709115982,-0.11836069822311401,-0.27740928530693054,1.2917611598968506,-0.2782783806324005,-0.27834010124206543,-0.13123662769794464,-0.23014436662197113,-0.22538349032402039,-0.2354835718870163,-0.17259015142917633,0.02334921807050705,1.3192387819290161,-0.1833939105272293,-0.27840927243232727,-0.24418939650058746,-0.1301097571849823,1.016731858253479,5.485892295837402,1.302287220954895,0.06185328960418701,-0.2646064758300781,-0.06927167624235153,-0.2737728953361511,-0.2783816158771515,-0.05726771056652069,-0.2601628005504608,0.8749731183052063,0.11694314330816269,-0.025385582819581032,2.0746278762817383,1.0391905307769775,-0.02903781272470951,-0.26219502091407776,2.354408025741577,-0.26952508091926575,-0.27665194869041443,-0.1982865184545517,-0.2737679183483124,0.8704690933227539,0.5091947913169861,-0.00442204624414444,-0.2725200355052948,-0.2303469032049179,-0.12392893433570862,-0.27386051416397095,-0.08740505576133728,-0.25104057788848877,-0.060109902173280716,-0.06574071198701859,0.20993250608444214,-0.2680860161781311,-0.2652888596057892,0.15509213507175446,-0.2471717745065689,-0.07265374064445496,-0.04860982671380043,-0.22288435697555542,-0.27701425552368164,-0.25784099102020264,-0.2672722041606903,0.07981658726930618,-0.2651154696941376,-0.24912966787815094,-0.14856873452663422,-0.16392897069454193,-0.2681325376033783,-0.1795787662267685,1.320467472076416,-0.142653226852417,-0.2608555257320404,-0.20374701917171478,0.375369131565094,0.2850877046585083,-0.14397172629833221,1.9283039569854736,0.4119589328765869,-0.2745528519153595,-0.2545097768306732,0.18078860640525818,-0.19500888884067535,-0.2709800899028778,-0.24054694175720215,-0.22974027693271637,0.09077168256044388,-0.21156291663646698,3.402437448501587,1.3762385845184326,0.003635264467447996,-0.27540215849876404,0.03943684324622154,-0.06728487461805344,-0.14809265732765198,0.8279315829277039,0.10883450508117676,-0.2760680615901947,-0.2730720639228821,-0.26987624168395996
67,360,422,367,429,-0.0994187593460083,-0.07187405228614807,-0.07456304132938385,1.2897006273269653,-0.007435222156345844,-0.1840796172618866,-0.16342556476593018,-0.2563604712486267,-0.10205786675214767,-0.27534011006355286,0.7324027419090271,-0.24089840054512024,-0.2752566337585449,4.513894557952881,-0.15140408277511597,-0.22324594855308533,-0.0010774388210847974,-0.12127137184143066,2.234936237335205,-0.2098662257194519,-0.27814924716949463,-0.20716044306755066,-0.2770299017429352,-0.26410502195358276,1.1909936666488647,-0.1634322553873062,0.11427482962608337,-0.10370589792728424,-0.2782193124294281,-0.2773134708404541,-0.18256469070911407,-0.07517408579587936,-0.24781303107738495,0.7089222073554993,-0.2708222270011902,-0.2637583315372467,0.08146987110376358,-0.1270456314086914,-0.12034015357494354,-0.13857677578926086,-0.16563673317432404,0.40495818853378296,1.5750186443328857,-0.27812421321868896,-0.17526528239250183,-0.1752726286649704,-0.09693309664726257,1.3265659809112549,6.881946563720703,1.583148717880249,-0.12879613041877747,-0.2755850851535797,-0.2773597538471222,-0.153860405087471,-0.21651816368103027,-0.02410810813307762,-0.2293824553489685,0.13828717172145844,0.07181812077760696,-0.018092945218086243,1.7032569646835327,-0.18170849978923798,0.3227720260620117,-0.2148718684911728,0.9210808873176575,-0.2726479470729828,-0.248385488986969,-0.27834829688072205,-0.2139195203781128,0.5524493455886841,-0.20178285241127014,-0.24714399874210358,-0.23647674918174744,-0.2722853422164917,-0.10242854803800583,-0.26286450028419495,-0.25868934392929077,-0.149017795920372,-0.08888880908489227,-0.05765661224722862,0.8059799075126648,-0.2745901346206665,-0.26270073652267456,-0.2684999406337738,-0.2485172301530838,-0.025917088612914085,-0.04342622309923172,-0.19699184596538544,-0.2513739764690399,-0.2416350096464157,-0.2646816074848175,0.2998480796813965,-0.22351203858852386,0.14082381129264832,-0.0885443463921547,-0.19762709736824036,-0.27249500155448914,-0.11203452199697495,2.0934479236602783,-0.2364666908979416,-0.18657279014587402,-0.1084243580698967,0.10848959535360336,0.19513270258903503,-0.10086510330438614,1.2104413509368896,0.8210166692733765,-0.1902124285697937,-0.27348777651786804,-0.06006094813346863,-0.1291051208972931,-0.27661463618278503,-0.09028749167919159,0.03105640597641468,-0.2511049509048462,-0.22764602303504944,1.8170530796051025,1.5479094982147217,0.11645463109016418,-0.2555975019931793,0.3725827932357788,0.08300027251243591,-0.16333317756652832,0.7393655180931091,0.038490306586027145,-0.15019091963768005,-0.10503468662500381,-0.2428511083126068
68,741,341,750,350,-0.055918943136930466,-0.09659646451473236,-0.2644288241863251,1.6762105226516724,-0.034515559673309326,0.9547739028930664,-0.16191735863685608,-0.2774226665496826,-0.1440533548593521,0.04047781229019165,-0.0979665145277977,-0.07188808172941208,-0.16763697564601898,5.441901683807373,-0.04257741570472717,-0.2783643901348114,-0.008383763022720814,-0.0961764007806778,-0.23924337327480316,-0.21391081809997559,-0.07463634759187698,2.966066837310791,-0.26713743805885315,-0.27275004982948303,1.9079869985580444,-0.1540909856557846,-0.11606297641992569,-0.05438984930515289,-0.21075259149074554,-0.24320505559444427,-0.27446919679641724,-0.11691257357597351,-0.2646544575691223,-0.10107113420963287,-0.2724827527999878,-0.2316533476114273,0.6495935916900635,-0.028661256656050682,-0.10147061198949814,-0.11996213346719742,-0.18321159482002258,0.9591447710990906,0.9204808473587036,-0.19809451699256897,-0.1276097148656845,0.32929280400276184,-0.1357010453939438,1.6816209554672241,3.8819825649261475,-0.2758319079875946,-0.07728181779384613,1.0371977090835571,-0.2260293811559677,0.8883123397827148,-0.21000517904758453,-0.0531952828168869,-0.1982613503932953,-0.2392544150352478,0.08558696508407593,-0.07368449866771698,-0.26781702041625977,-0.21405723690986633,0.7732455730438232,-0.2124856412410736,0.522985577583313,-0.2765235900878906,-0.2777910828590393,-0.24116910994052887,-0.24081580340862274,-0.2646719515323639,-0.19883495569229126,-0.22500628232955933,-0.22294463217258453,-0.10011564940214157,0.05537663400173187,-0.20704635977745056,-0.23055492341518402,-0.06711053103208542,0.24760209023952484,-0.08533352613449097,2.4985318183898926,-0.267028272151947,-0.27533116936683655,-0.21633368730545044,-0.17522208392620087,-0.032547105103731155,-0.1274825781583786,-0.10397583246231079,-0.23332560062408447,-0.26123401522636414,-0.2441895306110382,0.9183292388916016,-0.25667503476142883,1.4914236068725586,-0.12437529116868973,-0.22209052741527557,0.19565261900424957,-0.07101297378540039,1.4805214405059814,-0.2322632521390915,-0.24607808887958527,-0.06956712156534195,-0.1209927350282669,-0.22095656394958496,-0.06406639516353607,0.6152303218841553,1.6195859909057617,-0.13425853848457336,-0.16026046872138977,-0.21653904020786285,-0.0730765089392662,-0.27688097953796387,-0.09292227029800415,0.5309925079345703,-0.1720324009656906,-0.2726397216320038,-0.1612137407064438,-0.16752375662326813,0.028013009577989578,0.7218831181526184,1.016933560371399,0.4877428114414215,-0.20456945896148682,0.23569190502166748,-0.23445454239845276,-0.09874948114156723,-0.089549221098423,0.11379679292440414
69,383,585,392,593,-0.008166166953742504,-0.275886595249176,-0.18526169657707214,1.2684385776519775,-0.17166393995285034,-0.26125568151474,0.083554208278656,0.24942363798618317,-0.25313979387283325,0.7290375828742981,0.11976976692676544,-0.2769162058830261,0.27481114864349365,0.22988899052143097,0.6030954122543335,0.26222914457321167,-0.27095428109169006,-0.12973901629447937,-0.26823535561561584,0.4692859947681427,-0.2764320969581604,0.9937530755996704,-0.10598506778478622,1.1157917976379395,1.426545262336731,-0.23251274228096008,-0.13581524789333344,-0.263767272233963,-0.056940313428640366,-0.25450658798217773,-0.06522011756896973,-0.27834388613700867,-0.0628458708524704,0.15161800384521484,-0.17005077004432678,-0.22507768869400024,-0.1686730682849884,-0.17639832198619843,-0.2684972286224365,1.315307378768921,-0.24925801157951355,0.04618482291698456,0.7775452136993408,-0.27104854583740234,0.377449095249176,0.15488237142562866,-0.26221996545791626,0.7095043063163757,0.9061219096183777,0.050437718629837036,0.7439870238304138,-0.07918952405452728,-0.14924216270446777,-0.18728986382484436,-0.11538790911436081,-0.20402292907238007,-0.07950423657894135,0.023282676935195923,-0.18990427255630493,-0.2770841419696808,0.8821564316749573,1.1511270999908447,0.08073768019676208,-0.25525954365730286,0.18939091265201569,-0.27348455786705017,-0.23458269238471985,-0.05720777437090874,1.634373426437378,0.39400961995124817,1.2051002979278564,-0.27319055795669556,0.14878565073013306,0.11807992309331894,-0.23478323221206665,-0.2528214156627655,-0.1917506754398346,-0.26181384921073914,-0.20821860432624817,-0.19270479679107666,0.9289525747299194,0.015900421887636185,-0.27669209241867065,-0.2780180871486664,0.04245077818632126,-0.25609272718429565,-0.22899216413497925,-0.27749744057655334,0.8771147131919861,-0.26874175667762756,0.7268276810646057,0.020908934995532036,0.20080044865608215,-0.2600531578063965,-0.2441924810409546,-0.2753787934780121,-0.2118300050497055,0.04725271090865135,0.32638394832611084,-0.01649114489555359,0.1600905805826187,0.909849226474762,0.41729283332824707,0.26530563831329346,-0.2182610034942627,0.5899218320846558,1.4849597215652466,0.4638039171695709,-0.24227920174598694,0.7461259961128235,0.1766097992658615,-0.2139095813035965,-0.03361475095152855,0.020032914355397224,0.04178854078054428,0.012027407996356487,0.244846910238266,-0.043905872851610184,-0.10144150257110596,0.25387611985206604,0.04772797226905823,0.5167646408081055,-0.17182570695877075,0.4604763984680176,0.19388432800769806,-0.17976102232933044,-0.26839083433151245,-0.06294596195220947
70,453,347,462,355,1.5538183450698853,-0.2784603536128998,-0.22640939056873322,0.7894112467765808,-0.0028339808341115713,-0.2767227292060852,-0.2781240940093994,-0.2104634791612625,-0.19790855050086975,-0.27452871203422546,0.9334506988525391,-0.26368680596351624,-0.2768784761428833,1.9686874151229858,-0.26613694429397583,-0.22339816391468048,-0.0368494838476181,-0.19623754918575287,-0.11626206338405609,-0.12119337916374207,-0.19241978228092194,0.07904297858476639,-0.27620241045951843,-0.27843907475471497,-0.22402867674827576,-0.15763092041015625,-0.27691566944122314,-0.26742303371429443,0.3918009400367737,0.39208731055259705,-0.18983007967472076,-0.1632150560617447,0.22845163941383362,0.29517364501953125,-0.27721136808395386,-0.2464730590581894,-0.2746903598308563,0.046486858278512955,-0.19606399536132812,-0.27846455574035645,-0.255662202835083,-0.2713623344898224,-0.16896092891693115,-0.21124498546123505,0.5046851634979248,-0.26238709688186646,-0.209855854511261,0.6863523721694946,0.29698124527931213,-0.2716038227081299,0.3265884220600128,0.10542318969964981,-0.08080688118934631,-0.2450939118862152,-0.2728123962879181,-0.10755711793899536,-0.22005079686641693,-0.0288449227809906,-0.19006188213825226,-0.11787547916173935,-0.037950508296489716,1.1458503007888794,-0.27284249663352966,-0.268500953912735,4.250184535980225,-0.26818549633026123,-0.18312007188796997,0.06510747224092484,-0.27815937995910645,0.6729080677032471,2.8085923194885254,-0.16463574767112732,-0.2768518030643463,-0.2714495360851288,0.04769594594836235,-0.24424785375595093,1.0523431301116943,-0.2642638683319092,-0.2223798930644989,-0.06697738915681839,-0.17022225260734558,-0.18624553084373474,-0.27563831210136414,-0.27640941739082336,0.10685046017169952,-0.26004597544670105,-0.21029625833034515,-0.060072045773267746,-0.06491561979055405,-0.26110199093818665,-0.05210183188319206,-0.15910987555980682,-0.2775780260562897,-0.19279246032238007,-0.23580272495746613,-0.025785954669117928,-0.2597648501396179,-0.09305465221405029,-0.24050241708755493,0.6578913927078247,0.07419094443321228,0.5338073372840881,0.4448340833187103,0.5188907980918884,-0.27845707535743713,0.24905045330524445,0.06974785774946213,-0.21768827736377716,-0.2601255476474762,0.1782180666923523,-0.19468256831169128,-0.24143216013908386,-0.2674378454685211,0.45000171661376953,0.14306142926216125,-0.26536616683006287,0.30825501680374146,-0.2521987855434418,-0.26671698689460754,-0.06425576657056808,-0.053933095186948776,-0.00925879180431366,-0.17197363078594208,1.221920132637024,-0.1750909984111786,-0.24587804079055786,1.4319206476211548,-0.2502916753292084
71,601,794,608,801,0.8371216058731079,-0.276162326335907,0.0311668049544096,0.8859848976135254,-0.015196465887129307,-0.2773924171924591,-0.27100202441215515,-0.26558956503868103,-0.25069794058799744,-0.2750498950481415,1.3365623950958252,-0.09131019562482834,-0.25059083104133606,1.6114827394485474,-0.2587364912033081,-0.14379431307315826,-0.0783662497997284,-0.11900977790355682,-0.23868419229984283,-0.10109426081180573,-0.27734601497650146,-0.2742202579975128,-0.27586036920547485,-0.27709394693374634,-0.19489799439907074,-0.2694033086299896,-0.26847320795059204,-0.27670735120773315,0.46934887766838074,0.2250366508960724,-0.20569679141044617,-0.08275790512561798,0.017508620396256447,0.7050859928131104,-0.2546498775482178,-0.2766849994659424,-0.2612476646900177,-0.16593532264232635,-0.24977350234985352,-0.2778969407081604,-0.26773250102996826,-0.24256464838981628,-0.2753888666629791,-0.11389119923114777,0.18977394700050354,-0.2772023677825928,-0.2502940893173218,0.6814385652542114,1.535714864730835,0.12690205872058868,-0.09993218630552292,-0.2778610587120056,0.08649016916751862,-0.2762470841407776,-0.26785412430763245,-0.19927875697612762,-0.24320869147777557,0.9303032755851746,-0.1156817376613617,-0.1034482792019844,0.9522679448127747,1.7360680103302002,-0.21685318648815155,0.013069291599094868,3.0681684017181396,-0.27518779039382935,-0.2689892649650574,0.2110610157251358,-0.26683947443962097,1.183775544166565,2.0377542972564697,-0.1618271917104721,-0.2687608003616333,0.07723963260650635,-0.15317963063716888,-0.27828463912010193,0.43926841020584106,-0.2782961428165436,-0.22986549139022827,-0.2037988156080246,-0.268253356218338,-0.2743605971336365,-0.2780102491378784,-0.11028217524290085,-0.22864285111427307,-0.2784324288368225,-0.2667282819747925,-0.11277054995298386,-0.09785131365060806,-0.2694180905818939,-0.12846915423870087,-0.09753620624542236,-0.2779473662376404,-0.22397905588150024,-0.26666077971458435,-0.12519443035125732,-0.26017606258392334,-0.18460418283939362,-0.1984468549489975,0.2643541693687439,-0.14535923302173615,0.09185678511857986,0.45785439014434814,0.3200036585330963,-0.27583470940589905,0.9587982296943665,0.2597590684890747,-0.1917494833469391,-0.2503153085708618,0.8632873296737671,-0.2309030443429947,-0.2731630802154541,-0.26810330152511597,-0.20537622272968292,0.5822012424468994,-0.24852506816387177,2.5322582721710205,-0.16116440296173096,-0.21972648799419403,-0.1672888696193695,-0.14842429757118225,0.14920580387115479,-0.19507388770580292,0.8629270195960999,-0.031022071838378906,-0.04506461322307587,0.6438359618186951,-0.26561489701271057
72,402,878,411,887,0.2417551577091217,-0.27335354685783386,0.03104277327656746,0.9896359443664551,-0.09315437078475952,-0.2717891037464142,-0.19240663945674896,-0.20634980499744415,-0.27844956517219543,-0.1493595689535141,0.8550136089324951,-0.2077854424715042,0.7210432291030884,-0.0689997673034668,-0.18279686570167542,-0.15632162988185883,-0.22818860411643982,-0.0824793353676796,-0.24396340548992157,-0.27774155139923096,-0.23287811875343323,-0.05230897665023804,0.03234472870826721,0.1309538334608078,0.14104214310646057,-0.2297346144914627,-0.22909151017665863,-0.23865622282028198,-0.17508767545223236,0.019753025844693184,-0.11194455623626709,-0.19157665967941284,0.20170634984970093,0.48991358280181885,-0.21390856802463531,-0.2746569514274597,-0.24826887249946594,-0.019360439851880074,-0.2686310410499573,-0.2719416618347168,-0.2716667056083679,-0.21819955110549927,-0.254006028175354,-0.19142821431159973,1.8106173276901245,-0.2655164301395416,-0.21132595837116241,0.9218454957008362,0.0367097482085228,-0.19672967493534088,0.13344743847846985,-0.2765820622444153,-0.10192229598760605,-0.2131892442703247,-0.20440489053726196,-0.14567478001117706,-0.26336002349853516,0.22420942783355713,-0.1345939189195633,-0.1394026279449463,0.49736517667770386,1.2484166622161865,0.15024225413799286,-0.27810269594192505,0.149363711476326,0.0029586777091026306,0.04224664717912674,-0.23957578837871552,0.3025306165218353,0.3984137177467346,1.4758553504943848,-0.27846449613571167,-0.264947772026062,0.23061338067054749,-0.14657248556613922,-0.2761092483997345,0.3574152886867523,-0.27748000621795654,-0.2713465094566345,-0.2065194696187973,0.007490166462957859,-0.2761806547641754,-0.26567965745925903,-0.24572430551052094,-0.20345214009284973,-0.08374490588903427,-0.21842046082019806,-0.15653520822525024,0.1556803435087204,-0.258832722902298,-0.24338838458061218,0.18896132707595825,0.24749694764614105,-0.2550201117992401,-0.2716975510120392,-0.2635674774646759,-0.22772763669490814,0.8147585988044739,-0.20645587146282196,0.3960445523262024,0.04354039952158928,0.29224976897239685,0.3239631652832031,0.03857914358377457,-0.25380754470825195,0.07624678313732147,-0.05760490521788597,-0.24856266379356384,0.42298078536987305,0.06794977188110352,0.04368525370955467,-0.27228447794914246,-0.27705317735671997,-0.2720247507095337,0.42166832089424133,-0.2769879698753357,0.07494796067476273,-0.27268925309181213,-0.26511040329933167,-0.25138959288597107,-0.05571051314473152,0.9242546558380127,-0.27451106905937195,0.23386675119400024,0.05945584177970886,0.37781190872192383,-0.2764154076576233,-0.24239984154701233
73,433,213,442,220,-0.14203110337257385,-0.1297026425600052,-0.2367842197418213,1.7261090278625488,-0.12396950274705887,-0.27795907855033875,-0.25232449173927307,-0.24679158627986908,-0.26991716027259827,0.04004352539777756,-0.009001104161143303,-0.0664188489317894,-0.20023612678050995,4.537670135498047,0.9216995239257812,-0.2691583037376404,-0.24912627041339874,-0.2631710469722748,-0.23419277369976044,-0.278463214635849,-0.12215559929609299,4.395413398742676,-0.25965920090675354,-0.27834346890449524,2.847391128540039,-0.09708680957555771,-0.2762485444545746,-0.07993241399526596,-0.2605789005756378,-0.2691996395587921,0.11278686672449112,-0.12589912116527557,-0.16659457981586456,-0.22265836596488953,-0.2678534984588623,-0.16802802681922913,0.5173904895782471,-0.06219712644815445,-0.2492145299911499,-0.24709774553775787,-0.27757924795150757,0.7081316113471985,0.3979564607143402,-0.25924959778785706,-0.24379967153072357,0.7927393317222595,-0.231019988656044,0.5620891451835632,-0.2621827721595764,-0.18808557093143463,0.6533181667327881,-0.26044726371765137,-0.26086509227752686,0.030733957886695862,0.8455498218536377,-0.12687130272388458,-0.24682949483394623,-0.14626628160476685,-0.19171762466430664,-0.21760247647762299,-0.23598869144916534,-0.2784608006477356,0.4982593059539795,-0.2350449562072754,0.3005005121231079,-0.1393791288137436,-0.029270321130752563,-0.27751782536506653,-0.06113506481051445,-0.265593558549881,-0.27441805601119995,-0.12027756124734879,-0.13186971843242645,-0.25049155950546265,0.7858102321624756,-0.23762227594852448,-0.26799479126930237,-0.2474023550748825,0.44321781396865845,-0.13333822786808014,1.2975528240203857,-0.2747839093208313,-0.27449432015419006,-0.25832599401474,-0.03798779845237732,-0.10183960944414139,-0.2748112976551056,-0.04989204928278923,2.8846421241760254,-0.13164794445037842,-0.2504706382751465,-0.10422022640705109,-0.23330049216747284,1.1334588527679443,-0.20940344035625458,-0.2745113968849182,0.9520441293716431,-0.1845884621143341,1.247922658920288,-0.1957002878189087,1.02544367313385,-0.03877625986933708,0.05446145683526993,-0.14499683678150177,-0.08371841907501221,-0.21896137297153473,2.9774115085601807,0.3692615330219269,-0.20832058787345886,-0.13622240722179413,-0.11263437569141388,-0.2424432635307312,-0.12201312929391861,1.8280317783355713,-0.20260319113731384,0.07104421406984329,-0.15793418884277344,-0.27449673414230347,0.09666057676076889,1.6753100156784058,1.1193386316299438,0.577074408531189,-0.26101815700531006,-0.02571636252105236,-0.271790474653244,-0.17575998604297638,-0.10019803047180176,0.4852408468723297
74,146,326,154,334,-0.13550396263599396,-0.10018407553434372,-0.0562090240418911,1.6116009950637817,-0.011609457433223724,-0.14310257136821747,-0.08410662412643433,-0.26370301842689514,-0.08405476808547974,-0.08198025822639465,-0.0015341240214183927,-0.21403615176677704,-0.06563466042280197,5.424391746520996,0.6288141012191772,-0.2763851583003998,-0.041641637682914734,0.8116616010665894,-0.2120434045791626,-0.23346000909805298,-0.19727715849876404,4.45397424697876,-0.1816682368516922,0.03534276783466339,1.3736705780029297,-0.07659611850976944,-0.23045574128627777,-0.22481918334960938,-0.27311477065086365,-0.18226471543312073,-0.15353558957576752,-0.17500746250152588,-0.06403659284114838,-0.23562553524971008,-0.27820929884910583,-0.22046829760074615,0.5388040542602539,-0.041555456817150116,-0.0747496634721756,-0.2653253972530365,-0.2777712941169739,0.4869091808795929,1.426202416419983,-0.25421199202537537,-0.10468557476997375,0.6993937492370605,-0.07240854948759079,1.8809318542480469,-0.2615494430065155,-0.26238900423049927,-0.002338903723284602,-0.181512713432312,-0.2764240503311157,-0.14981958270072937,-0.2329687476158142,-0.22613951563835144,-0.2329271137714386,-0.12122620642185211,-0.27267536520957947,-0.2758806347846985,-0.15310655534267426,-0.0778898149728775,-0.09838860481977463,-0.2544472813606262,3.526548385620117,-0.20116853713989258,-0.03340176120400429,-0.24889396131038666,-0.2632208466529846,-0.2767545282840729,0.9494163393974304,-0.21568863093852997,-0.2747895419597626,-0.08063802123069763,-0.2157360315322876,-0.27840879559516907,-0.10991121083498001,-0.15488478541374207,-0.047393396496772766,-0.07941468805074692,1.5459791421890259,-0.27565065026283264,-0.26697516441345215,-0.27077415585517883,-0.19347339868545532,-0.013734768144786358,-0.0671171098947525,-0.02563481032848358,1.1778978109359741,-0.23279337584972382,-0.2753925919532776,-0.08537864685058594,-0.04743775352835655,0.7953855991363525,-0.22261857986450195,-0.13138064742088318,-0.08951517194509506,-0.09651117771863937,0.6617414355278015,-0.26095277070999146,0.14739567041397095,-0.02442082017660141,1.2779242992401123,-0.08778358995914459,-0.0378674753010273,-0.26839539408683777,3.398042678833008,-0.11226120591163635,-0.2761988341808319,0.26101818680763245,-0.02669929526746273,-0.2198699563741684,-0.07359885424375534,2.386249303817749,-0.1659201681613922,-0.0691332146525383,-0.1139385774731636,-0.27437183260917664,1.2180202007293701,0.5996699333190918,0.7147305011749268,-0.14148250222206116,-0.2578398585319519,0.562724232673645,-0.21034559607505798,-0.06400634348392487,-0.1959894597530365,0.8476724624633789
75,102,618,111,626,0.8967869877815247,-0.2607076168060303,-0.23075777292251587,0.8431222438812256,-0.004831901751458645,-0.27426332235336304,-0.2626028060913086,-0.24661333858966827,-0.2060726135969162,-0.2761135995388031,1.1484789848327637,-0.2767871618270874,-0.27803245186805725,2.2413742542266846,-0.2784304916858673,-0.18834686279296875,-0.028819015249609947,-0.15596595406532288,-0.13057415187358856,-0.0815599262714386,-0.2090478390455246,-0.10467631369829178,-0.27203014492988586,-0.27820026874542236,-0.2205321341753006,-0.27632009983062744,-0.27610358595848083,-0.2536475360393524,0.1800994575023651,-0.022556578740477562,-0.1397198736667633,-0.10718601197004318,-0.03651485964655876,0.5527029037475586,-0.27796176075935364,-0.23415853083133698,-0.26178425550460815,-0.1482805460691452,-0.16317260265350342,-0.2661903500556946,-0.2618442475795746,-0.2520347535610199,-0.23733197152614594,-0.24406929314136505,0.015627454966306686,-0.25986483693122864,-0.19550012052059174,0.5517014861106873,1.0332496166229248,-0.2242555022239685,0.21881583333015442,-0.2025962918996811,-0.1005931869149208,-0.2697901427745819,-0.27481919527053833,-0.12607620656490326,-0.21973782777786255,0.4576294422149658,-0.13067829608917236,-0.08947362750768661,-0.12004141509532928,1.768303394317627,-0.27382123470306396,-0.2732996642589569,4.031756401062012,-0.2477724701166153,-0.1896599978208542,0.16035951673984528,-0.2784644663333893,0.6545446515083313,2.757221221923828,-0.02956247515976429,-0.2722337543964386,-0.27687323093414307,-0.03724346309900284,-0.2725358009338379,0.5179685354232788,-0.2344406396150589,-0.2508835196495056,-0.09613513946533203,-0.2070332169532776,-0.24802067875862122,-0.27527210116386414,-0.2778603136539459,-0.12139670550823212,-0.24499733746051788,-0.23127929866313934,-0.07759643346071243,-0.0990331619977951,-0.2752779722213745,-0.0707547664642334,-0.030325066298246384,-0.2781389057636261,-0.21227657794952393,-0.2124999612569809,-0.0850268229842186,-0.2524433434009552,-0.21185381710529327,-0.27799466252326965,0.4451434910297394,-0.09312450140714645,0.24044695496559143,0.6952105760574341,0.30521878600120544,-0.23949508368968964,0.6279448866844177,0.015933265909552574,-0.17058447003364563,-0.2602326571941376,0.5725052952766418,-0.17317062616348267,-0.2682180106639862,-0.27182912826538086,-0.06956348568201065,0.2173338681459427,-0.2708721160888672,0.7052768468856812,-0.27679845690727234,-0.22870436310768127,-0.11571646481752396,-0.0813339576125145,-0.014736374840140343,-0.11535244435071945,1.0168437957763672,-0.09659024327993393,-0.27785736322402954,0.5227304100990295,-0.25852325558662415
76,136,440,144,448,0.057997655123472214,-0.20015577971935272,0.3118027150630951,1.0691996812820435,-0.014482524245977402,-0.23682475090026855,-0.23679186403751373,-0.2741151452064514,-0.2326837033033371,-0.25163033604621887,1.9243602752685547,0.03582324460148811,-0.25908347964286804,3.2268810272216797,-0.1773882508277893,-0.14683468639850616,-0.012363908812403679,-0.08788935095071793,0.610733687877655,-0.1691329926252365,-0.26576748490333557,-0.19834135472774506,-0.276750385761261,-0.27289852499961853,-0.12796521186828613,-0.2516162693500519,-0.19108685851097107,-0.2618955969810486,0.7544326186180115,-0.24525757133960724,-0.19269722700119019,-0.11146541684865952,-0.19842945039272308,1.236216425895691,-0.2614925503730774,-0.2703101336956024,-0.1534300446510315,-0.26344403624534607,-0.255379855632782,-0.2522745728492737,-0.24002599716186523,-0.06528057157993317,0.2101326435804367,0.23803454637527466,-0.11947359144687653,-0.22876885533332825,-0.27387768030166626,1.6934096813201904,3.8483521938323975,0.6260219812393188,-0.03763101249933243,-0.27207091450691223,0.11718456447124481,-0.21998882293701172,-0.27812954783439636,-0.1509515792131424,-0.2778405547142029,1.4994457960128784,-0.1946035921573639,-0.0340094231069088,1.63919198513031,2.03232479095459,-0.12274980545043945,0.06641095876693726,3.928921699523926,-0.27317333221435547,-0.27559369802474976,0.0664578378200531,-0.2154638171195984,0.9394382238388062,1.6875969171524048,-0.10412604361772537,-0.2621827721595764,0.7939789891242981,-0.24373963475227356,-0.2704399824142456,0.6959862112998962,-0.27808576822280884,0.6122274994850159,-0.1746566742658615,-0.19441311061382294,-0.20531024038791656,-0.27840906381607056,0.2290521115064621,-0.2762589454650879,-0.07268192619085312,-0.09619486331939697,-0.24412691593170166,-0.03978873789310455,-0.24947001039981842,-0.2613517642021179,-0.08272340148687363,-0.25609681010246277,-0.27742162346839905,-0.22821304202079773,-0.1591591089963913,-0.26031923294067383,-0.2353561520576477,0.6045334339141846,-0.053528524935245514,-0.2618727684020996,-0.2784196138381958,1.0706959962844849,1.0898559093475342,-0.2211541086435318,2.1305718421936035,0.905266523361206,-0.277892142534256,-0.27336034178733826,0.2999419569969177,-0.2341531217098236,-0.26784422993659973,-0.2517774999141693,-0.1987244337797165,0.1884404569864273,-0.22698071599006653,2.625910758972168,0.41974109411239624,-0.03510761633515358,-0.24344250559806824,-0.04898638650774956,0.12591159343719482,-0.17128917574882507,0.7223745584487915,0.286663681268692,-0.24832937121391296,0.21082362532615662,-0.27387580275535583
77,702,555,710,563,-0.1428195685148239,-0.27181166410446167,0.052035171538591385,1.0796523094177246,-0.0815657526254654,-0.2726823687553406,-0.24390459060668945,-0.21392105519771576,-0.2585088610649109,-0.25509217381477356,0.6692147254943848,-0.07606881111860275,0.1804860681295395,1.1523661613464355,-0.27528834342956543,-0.11088784039020538,-0.26585766673088074,-0.2204187512397766,-0.19804811477661133,-0.1262020319700241,-0.2020755261182785,0.573585033416748,0.49844545125961304,-0.07086752355098724,0.9207426309585571,-0.12096568942070007,0.09640400111675262,-0.06552442163228989,-0.18242743611335754,-0.27802222967147827,-0.27139177918434143,-0.17033268511295319,0.24734753370285034,3.7668511867523193,-0.2724485993385315,-0.2767180800437927,-0.14829283952713013,-0.24492891132831573,-0.25897109508514404,0.012486863881349564,-0.2310851514339447,-0.2008839249610901,-0.2781715989112854,-0.12199053168296814,0.24675698578357697,0.6247981786727905,1.2253440618515015,0.4432869553565979,0.7004437446594238,0.6433160901069641,1.6595438718795776,-0.27487313747406006,0.6826316118240356,-0.018622420728206635,0.07861198484897614,-0.03855791315436363,-0.26918473839759827,0.01639692112803459,-0.22238488495349884,-0.15576601028442383,-0.18320438265800476,2.2119033336639404,-0.27505171298980713,-0.27561140060424805,0.21114443242549896,-0.2651701867580414,-0.2784203290939331,-0.19189028441905975,1.0295329093933105,-0.1030811071395874,0.3295516073703766,-0.17260773479938507,-0.27786946296691895,-0.2739921808242798,-0.18587397038936615,-0.1556626558303833,0.5064936876296997,-0.23799075186252594,-0.278380423784256,-0.14081695675849915,-0.2485325038433075,-0.2711854577064514,-0.27775952219963074,-0.2218160629272461,-0.0400632880628109,-0.12773138284683228,-0.08768216520547867,-0.040749140083789825,1.4078233242034912,-0.1400034874677658,-0.2773827612400055,0.7701383233070374,0.5192717909812927,-0.2753399610519409,-0.2447856068611145,-0.26117223501205444,-0.21613679826259613,0.46345895528793335,-0.20630963146686554,0.07434007525444031,-0.0013457704335451126,0.09709255397319794,0.9901798963546753,1.2076069116592407,-0.15697890520095825,0.06822987645864487,1.4484163522720337,-0.17030693590641022,-0.21673622727394104,-0.13707654178142548,-0.20287181437015533,-0.27013662457466125,-0.2782866358757019,-0.27400389313697815,0.5948094725608826,-0.2136314958333969,-0.14342181384563446,-0.23251385986804962,-0.27278202772140503,0.3930808901786804,0.03924306109547615,0.9537345767021179,-0.16198104619979858,-0.14722557365894318,-0.19900524616241455,1.322458028793335,0.42519307136535645,-0.22897358238697052
78,202,469,211,477,-0.24485206604003906,-0.1091441884636879,-0.22093240916728973,0.8136466145515442,-0.01764136366546154,-0.20063242316246033,-0.27761322259902954,-0.22478605806827545,-0.17245587706565857,-0.25996753573417664,1.1803677082061768,-0.19930271804332733,-0.19583353400230408,1.5723638534545898,-0.027199627831578255,-0.15781134366989136,-0.014671371318399906,-0.09959176927804947,1.182936668395996,-0.08911855518817902,-0.11691126227378845,-0.1822676956653595,-0.1291455775499344,-0.18086133897304535,0.958177924156189,-0.2762679159641266,-0.2520010769367218,-0.14099453389644623,-0.2556057870388031,0.3231458067893982,-0.25780925154685974,-0.1280810385942459,-0.2516847848892212,0.039881281554698944,-0.2781112492084503,-0.17113691568374634,-0.27405330538749695,-0.24410668015480042,-0.13869759440422058,-0.09484685212373734,-0.18214450776576996,-0.26178064942359924,0.6209307312965393,-0.24240311980247498,-0.02173241227865219,-0.2732183337211609,-0.08272786438465118,0.33961600065231323,3.2670488357543945,1.2167096138000488,-0.09143784642219543,-0.24905553460121155,-0.27481111884117126,-0.2157183736562729,-0.22071707248687744,-0.017557702958583832,-0.15152716636657715,-0.04122072085738182,0.06219515949487686,-0.03302312642335892,1.3994179964065552,0.3879793882369995,0.4828503131866455,-0.2682630717754364,-0.2044980227947235,-0.27780476212501526,-0.27711865305900574,-0.2765395939350128,-0.10961725562810898,1.4924168586730957,-0.17774875462055206,-0.08676893264055252,-0.20193783938884735,-0.26718559861183167,0.14548040926456451,-0.26777490973472595,-0.27461889386177063,-0.13402236998081207,-0.24886459112167358,-0.04618808627128601,-0.0969090536236763,-0.2328648716211319,-0.19389136135578156,-0.2767958343029022,0.29793328046798706,-0.27240824699401855,-0.14081738889217377,-0.03011547029018402,-0.2502669394016266,-0.19986991584300995,-0.10256054252386093,0.33870333433151245,-0.2730392813682556,-0.2175060659646988,-0.08045805245637894,-0.19545258581638336,-0.2749682366847992,-0.23368382453918457,0.48171520233154297,0.16426534950733185,-0.2463432401418686,-0.16611658036708832,-0.2264600694179535,0.3516905605792999,-0.0978509858250618,0.023552371188998222,-0.2296191155910492,-0.1649807244539261,0.0182371586561203,0.9927271604537964,-0.27512863278388977,-0.24267424643039703,-0.12527288496494293,-0.25443705916404724,0.929166316986084,-0.2766913175582886,3.915140151977539,0.7516157627105713,-0.26149579882621765,-0.22894208133220673,0.07836863398551941,0.14734631776809692,-0.2749535143375397,1.1133253574371338,-0.23528222739696503,-0.22954988479614258,-0.16577962040901184,-0.2781625986099243
79,561,602,570,611,1.6708983182907104,-0.2748520076274872,-0.27778947353363037,0.8706130981445312,-0.0036442563869059086,-0.2343682497739792,-0.27457278966903687,-0.24274183809757233,-0.12372193485498428,-0.2735666036605835,0.4918114244937897,-0.24360401928424835,-0.26938900351524353,2.0416197776794434,-0.25701892375946045,-0.1990499049425125,-0.06282689422369003,-0.22124043107032776,-0.09586479514837265,-0.0801556408405304,-0.22470910847187042,0.3151736855506897,-0.2659291923046112,-0.2778840959072113,-0.20765644311904907,-0.16558176279067993,-0.2718521058559418,-0.2687115967273712,0.9402456879615784,0.29644858837127686,-0.16286501288414001,-0.18793310225009918,0.08938120305538177,0.10651221126317978,-0.27758291363716125,-0.25030964612960815,-0.2351790964603424,-0.16351434588432312,-0.23633651435375214,-0.27846404910087585,-0.2774990200996399,-0.24960865080356598,-0.1862407624721527,-0.24526306986808777,0.737446129322052,-0.2692634165287018,-0.22375476360321045,0.18876445293426514,-0.24084390699863434,-0.27653828263282776,1.0757161378860474,0.11016084253787994,-0.2676147520542145,-0.2649956941604614,-0.23837146162986755,-0.1297391951084137,-0.22558240592479706,-0.07366766780614853,-0.2644526958465576,-0.19771549105644226,-0.2678486704826355,1.7716783285140991,-0.2734086811542511,-0.2777082026004791,4.53618860244751,-0.27343839406967163,-0.07212111353874207,0.23206226527690887,-0.2742990553379059,0.9845511317253113,2.5854134559631348,-0.032122671604156494,-0.27842649817466736,-0.2722228467464447,0.21234895288944244,-0.2784586548805237,1.389303207397461,-0.27746349573135376,-0.19987155497074127,-0.1291934698820114,-0.23461589217185974,-0.19694946706295013,-0.25777074694633484,-0.216482013463974,-0.0020818032789975405,-0.26310163736343384,-0.15164555609226227,-0.08310623466968536,0.4317135214805603,-0.2625885009765625,-0.05133223161101341,-0.19858868420124054,-0.2779618203639984,-0.24351194500923157,-0.23780107498168945,-0.023003453388810158,-0.2766238749027252,0.06474704295396805,-0.2473885715007782,0.374017596244812,0.6063458919525146,0.2668078541755676,0.5638689994812012,0.41281476616859436,-0.2622382938861847,-0.25308966636657715,0.3500027656555176,-0.12475191056728363,-0.2425501048564911,0.5470490455627441,-0.2279396504163742,-0.276078999042511,-0.23957224190235138,0.4145830571651459,0.1122785285115242,-0.22274185717105865,-0.1644129455089569,-0.23024117946624756,-0.2518191933631897,-0.09798870235681534,-0.030029652640223503,-0.16354107856750488,-0.12029920518398285,1.1886794567108154,-0.1964520961046219,-0.2613540589809418,1.112428903579712,-0.222110316157341
80,283,496,291,504,-0.26730552315711975,-0.186911940574646,-0.2730817496776581,0.8587594032287598,-0.014864960685372353,-0.2784558832645416,-0.25546878576278687,-0.23627546429634094,-0.193131223320961,-0.2780331075191498,0.7065199613571167,-0.2691746652126312,0.1767333447933197,-0.21731558442115784,-0.2648122012615204,-0.17525288462638855,-0.10658705979585648,-0.0818699523806572,0.09154330939054489,-0.07895762473344803,-0.18081215023994446,-0.2591451406478882,-0.19720596075057983,0.9326216578483582,0.4431201219558716,-0.26077744364738464,-0.2552937865257263,-0.11844772845506668,-0.20202094316482544,0.2887023985385895,-0.2581143081188202,-0.10673364996910095,-0.13690438866615295,0.8519732356071472,-0.27815213799476624,-0.19251008331775665,-0.275789737701416,-0.2760668396949768,-0.18282237648963928,-0.2601902484893799,-0.2551290690898895,-0.26144105195999146,-0.2684330344200134,-0.27662530541419983,0.7126215696334839,-0.2765827775001526,-0.1660854071378708,0.6139681935310364,1.9668859243392944,1.448900580406189,0.010970364324748516,-0.27696219086647034,-0.18484030663967133,-0.2780400812625885,-0.19002431631088257,-0.05088356137275696,-0.13181138038635254,-0.21090267598628998,-0.2696578800678253,-0.058983445167541504,1.1927578449249268,0.7602106928825378,0.3209739327430725,-0.2779681086540222,-0.21952636539936066,-0.18648801743984222,0.30492621660232544,-0.24219989776611328,1.9884395599365234,2.3690073490142822,0.6400128602981567,-0.24998275935649872,-0.2414814531803131,-0.23597803711891174,-0.271275132894516,-0.25961053371429443,-0.06356868147850037,-0.257906049489975,-0.24316030740737915,-0.1125781238079071,-0.24901455640792847,-0.22238664329051971,-0.23668068647384644,-0.19288814067840576,-0.03006572835147381,-0.2720583975315094,-0.15112419426441193,-0.05081387609243393,-0.24540990591049194,-0.22331388294696808,-0.09194402396678925,0.7569268941879272,-0.2567606568336487,-0.20637132227420807,-0.25926241278648376,-0.26615190505981445,-0.278097003698349,-0.2779572308063507,-0.19613763689994812,0.3373357653617859,-0.2656821012496948,-0.2657593786716461,-0.015930702909827232,0.7623783349990845,-0.16015593707561493,-0.2324010729789734,0.28355535864830017,-0.21250464022159576,-0.10036975145339966,0.2338418960571289,0.0817941278219223,-0.23082005977630615,-0.21552447974681854,-0.2265683263540268,0.7046362161636353,-0.2500896155834198,3.2155487537384033,0.3435938060283661,-0.2754521369934082,-0.2768440246582031,-0.008774567395448685,0.38386040925979614,-0.27782487869262695,1.5221807956695557,-0.09396322816610336,0.8990963697433472,-0.25981348752975464,-0.27153280377388
81,301,439,309,446,0.13447266817092896,-0.27463698387145996,0.007186506874859333,0.945873498916626,-0.06509687006473541,-0.2768218219280243,-0.1570231020450592,-0.2641439735889435,-0.2776084840297699,-0.2253130078315735,0.9512596726417542,-0.19892801344394684,0.3372097611427307,0.3858315944671631,-0.12429816275835037,-0.20497199892997742,-0.2784568667411804,-0.18991802632808685,-0.26858294010162354,-0.2531065344810486,-0.26996222138404846,-0.09780409187078476,0.21255019307136536,-0.1866907924413681,0.3072812557220459,-0.1940106600522995,-0.20056632161140442,-0.20616665482521057,0.07706862688064575,0.6598547101020813,-0.07752728462219238,-0.14497515559196472,0.055552322417497635,0.09001756459474564,-0.269763708114624,-0.2781727910041809,-0.24414752423763275,-0.0846564844250679,-0.26677608489990234,-0.16583961248397827,-0.24949787557125092,-0.24919602274894714,-0.27369964122772217,-0.13804659247398376,0.4676501452922821,-0.25103914737701416,-0.24053935706615448,0.549973726272583,0.1796073615550995,-0.04543182998895645,0.42427152395248413,-0.2067010998725891,0.07527349144220352,-0.22974032163619995,-0.19976457953453064,-0.14141525328159332,-0.23836039006710052,-0.18097755312919617,-0.08082059770822525,-0.20758000016212463,-0.09430897235870361,0.9073678255081177,-0.11168403178453445,-0.22309404611587524,0.1750038117170334,-0.021320953965187073,-0.11789098381996155,-0.09982548654079437,0.12998661398887634,0.829574704170227,0.48361295461654663,-0.27400344610214233,-0.187165305018425,-0.19047047197818756,-0.161820188164711,-0.2777123749256134,0.42007747292518616,-0.2778685688972473,-0.2545834481716156,-0.09481403231620789,-0.09368906170129776,-0.2330925017595291,-0.2645709216594696,-0.22299116849899292,0.0298090148717165,-0.050035733729600906,-0.2511030435562134,-0.11113376170396805,0.1008053869009018,-0.2782951891422272,-0.20693056285381317,-0.005233436822891235,0.06887433677911758,-0.2544015347957611,-0.2758742570877075,-0.27072277665138245,-0.21825267374515533,0.1879241019487381,-0.13028079271316528,0.33221399784088135,0.0055985418148338795,0.3715422749519348,0.061288658529520035,0.4391244649887085,-0.2727159857749939,-0.08706096559762955,0.20498903095722198,-0.2410530000925064,0.1393653005361557,0.033045265823602676,-0.22696663439273834,-0.2631048858165741,-0.2654876410961151,-0.077996164560318,0.2689845860004425,-0.2630712389945984,1.0819892883300781,-0.2661304175853729,-0.2751801013946533,-0.17533592879772186,-0.015794934704899788,0.5219718813896179,-0.27837318181991577,0.32353535294532776,-0.1272767037153244,0.546734094619751,-0.11756301671266556,-0.23111191391944885
82,177,654,185,662,-0.04989675059914589,-0.2784639000892639,-0.16085396707057953,0.9704490303993225,-0.07190243899822235,-0.2762402594089508,-0.1891622692346573,-0.2489270120859146,-0.2331722527742386,-0.16225659847259521,0.8154919743537903,-0.22762219607830048,0.37950798869132996,-0.06603063642978668,-0.21464288234710693,-0.09948526322841644,-0.2720235586166382,-0.06956646591424942,-0.27115073800086975,-0.27807310223579407,-0.27389800548553467,-0.05466710403561592,0.05084183067083359,0.2578381597995758,0.4071117639541626,-0.2731417119503021,-0.2174648493528366,-0.24599029123783112,-0.2130390852689743,0.07253856211900711,-0.23982970416545868,-0.20099394023418427,0.021902674809098244,0.3992761969566345,-0.22627753019332886,-0.25892308354377747,-0.2663627862930298,-0.13331009447574615,-0.27012157440185547,-0.1715993732213974,-0.2759988009929657,-0.23001238703727722,-0.24663564562797546,-0.27725234627723694,0.7617294788360596,-0.2549915909767151,-0.27298474311828613,0.47839605808258057,0.5446096658706665,0.2655254900455475,0.4557873010635376,-0.2767695188522339,-0.1101759746670723,-0.16664652526378632,-0.27203240990638733,-0.14178790152072906,-0.2438395619392395,0.05843736603856087,-0.19460012018680573,-0.2008773535490036,0.6004482507705688,0.8989694714546204,0.0765727311372757,-0.27798426151275635,0.03847288340330124,-0.26843276619911194,-0.07904139906167984,-0.18870113790035248,0.7771976590156555,1.1222591400146484,1.0896252393722534,-0.27678313851356506,-0.21125082671642303,-0.03653738275170326,-0.09940976649522781,-0.26289674639701843,-0.01506988424807787,-0.2770370543003082,-0.278402179479599,-0.23384051024913788,0.010722734965384007,-0.2775985598564148,-0.2780061662197113,-0.21848782896995544,-0.11732269078493118,-0.04163437336683273,-0.2784440517425537,-0.14126676321029663,0.22104796767234802,-0.25464531779289246,-0.21636004745960236,0.5958553552627563,0.10163839906454086,-0.2349335253238678,-0.2766885757446289,-0.27236419916152954,-0.2487587332725525,0.20417264103889465,-0.20381689071655273,0.3659033477306366,-0.1369139850139618,-0.03922354057431221,0.1704672873020172,0.3997863531112671,-0.2116975039243698,0.17461398243904114,0.14828775823116302,-0.2758149206638336,-0.062496084719896317,0.15368150174617767,-0.11796692758798599,-0.27600207924842834,-0.2781413197517395,-0.24831686913967133,0.43617913126945496,-0.26571089029312134,0.563323438167572,-0.2729296386241913,-0.2783096432685852,-0.11418122798204422,-0.020813150331377983,0.5520285964012146,-0.2752841114997864,0.492715984582901,-0.07063174247741699,0.22492218017578125,-0.20607981085777283,-0.24164654314517975
83,558,738,567,747,0.036900971084833145,-0.27559763193130493,0.01404515653848648,0.9702221751213074,-0.0887700542807579,-0.27601802349090576,-0.18396757543087006,-0.2524418532848358,-0.27201899886131287,-0.158950075507164,0.8584765791893005,-0.20487605035305023,0.5894239544868469,0.2826271951198578,-0.20843051373958588,-0.18214952945709229,-0.27082282304763794,-0.13832974433898926,-0.26701921224594116,-0.2554839253425598,-0.27823954820632935,-0.10474299639463425,0.22951321303844452,-0.10980232059955597,0.3552279472351074,-0.21259166300296783,-0.19793599843978882,-0.19851629436016083,-0.047713372856378555,0.5668349862098694,-0.03556779399514198,-0.14435559511184692,0.09476068615913391,0.18523050844669342,-0.2651408910751343,-0.27448028326034546,-0.24317030608654022,0.06359704583883286,-0.2760695815086365,-0.16710726916790009,-0.26373204588890076,-0.24250778555870056,-0.27536845207214355,-0.18564245104789734,0.8043010234832764,-0.24935033917427063,-0.23379608988761902,0.45405104756355286,0.10096639394760132,0.09457977861166,0.4707028567790985,-0.26384851336479187,0.05151822045445442,-0.19939467310905457,-0.21289563179016113,-0.16688597202301025,-0.2356480062007904,-0.20871084928512573,-0.16652703285217285,-0.19414131343364716,-0.07649032771587372,1.2228949069976807,0.0042948476038873196,-0.27152886986732483,0.12751805782318115,0.011849652044475079,-0.11148092150688171,-0.1694796234369278,0.44351741671562195,0.8808255791664124,0.5507664084434509,-0.2667703628540039,-0.20947104692459106,-0.11410805583000183,-0.18293678760528564,-0.27571722865104675,0.31640180945396423,-0.2733084261417389,-0.2719666063785553,-0.16758450865745544,-0.1051073968410492,-0.25216808915138245,-0.26857590675354004,-0.21167097985744476,-0.09548237919807434,-0.03270382806658745,-0.2652289867401123,-0.13664312660694122,0.4230431020259857,-0.27492856979370117,-0.2297094613313675,0.22264227271080017,0.22100621461868286,-0.261135995388031,-0.26467519998550415,-0.27822789549827576,-0.17593616247177124,0.3270394504070282,-0.11980769038200378,0.35647493600845337,-0.0026955099310725927,0.2881598174571991,0.1489686816930771,0.3899359107017517,-0.27462467551231384,-0.1630888134241104,0.2051992416381836,-0.2377495914697647,0.264587938785553,0.11676520109176636,-0.11948677152395248,-0.26579993963241577,-0.267240047454834,-0.14275312423706055,0.33438897132873535,-0.272286593914032,0.8288013935089111,-0.27060338854789734,-0.2686494290828705,-0.19188553094863892,0.011338616721332073,0.6024110317230225,-0.27846428751945496,0.3835306167602539,-0.09868521988391876,0.6293742656707764,-0.19780439138412476,-0.24366019666194916
84,467,300,476,309,0.8813914060592651,-0.264227956533432,-0.19837577641010284,0.8812183141708374,-0.01848798803985119,-0.2756030261516571,-0.24035778641700745,-0.27192017436027527,-0.21848103404045105,-0.2537231147289276,0.5906507968902588,-0.2148301601409912,-0.1922866702079773,0.6481457352638245,-0.1960008591413498,-0.19593264162540436,-0.14256040751934052,-0.16299013793468475,-0.1357453614473343,-0.21540895104408264,-0.24082209169864655,0.14270435273647308,-0.21881203353405,-0.09349379688501358,0.023506581783294678,-0.13631175458431244,-0.2748013436794281,-0.2682490050792694,-0.02721260115504265,0.624209463596344,-0.2772907316684723,-0.2104189097881317,0.3137671947479248,0.031439464539289474,-0.26480308175086975,-0.2526848018169403,-0.2716536223888397,0.09276755899190903,-0.2618127167224884,-0.25502872467041016,-0.26857781410217285,-0.26299840211868286,-0.23775675892829895,-0.25103822350502014,0.9891714453697205,-0.2433135211467743,-0.2771749496459961,0.5470392107963562,-0.0980808362364769,-0.2343640774488449,0.4801348149776459,-0.0813363790512085,-0.1256037950515747,-0.20743900537490845,-0.2259528785943985,-0.1489757001399994,-0.2228257805109024,-0.1589766889810562,-0.15046946704387665,-0.1937994509935379,0.11063405126333237,0.9480003118515015,-0.22016699612140656,-0.27214908599853516,2.4815189838409424,-0.2603853940963745,-0.23829475045204163,-0.016868064180016518,-0.13207201659679413,0.5031697154045105,2.1368284225463867,-0.26237043738365173,-0.24183593690395355,-0.27729475498199463,0.03021787665784359,-0.2644534707069397,0.38194331526756287,-0.27800452709198,-0.27749618887901306,-0.12085764110088348,0.0924096629023552,-0.2234693467617035,-0.27725154161453247,-0.26820108294487,0.26813849806785583,-0.16894051432609558,-0.25860491394996643,-0.07423242926597595,0.250673770904541,-0.27641674876213074,-0.10241087526082993,0.015829898416996002,-0.19587160646915436,-0.2150929868221283,-0.2724432647228241,-0.21191167831420898,-0.2748705744743347,0.13829274475574493,-0.2663002908229828,0.6298912167549133,0.09515558183193207,0.7271532416343689,0.18034403026103973,0.49995267391204834,-0.2759588956832886,0.0501871295273304,0.004108241759240627,-0.20538587868213654,-0.2458561360836029,0.18731430172920227,-0.2714847922325134,-0.25855058431625366,-0.26750651001930237,0.29625260829925537,0.16388630867004395,-0.26658764481544495,-0.005145493429154158,-0.2546948790550232,-0.272505521774292,-0.04610735550522804,-0.009628080762922764,0.21929946541786194,-0.24722608923912048,0.826338529586792,-0.1475929468870163,-0.09617239981889725,0.4957564175128937,-0.20865505933761597
85,851,478,862,487,0.33873993158340454,-0.2614278197288513,0.09898173809051514,0.9008939862251282,-0.03393079340457916,-0.2784457206726074,-0.14382308721542358,-0.2741631269454956,-0.2665255665779114,-0.25162336230278015,1.0581063032150269,-0.18852591514587402,0.15000678598880768,0.06674007326364517,-0.23424184322357178,-0.20349469780921936,-0.26829224824905396,-0.07102897018194199,-0.21111048758029938,-0.2455849051475525,-0.2784357964992523,-0.13525912165641785,0.13204117119312286,-0.10614549368619919,0.14506113529205322,-0.25015729665756226,-0.27280938625335693,-0.22134043276309967,-0.10283048450946808,0.28873714804649353,-0.0778384730219841,-0.14246642589569092,0.059500984847545624,0.08243222534656525,-0.2686726152896881,-0.2430315464735031,-0.2742712199687958,0.09500992298126221,-0.2678668200969696,-0.24643290042877197,-0.2417416125535965,-0.2666283845901489,-0.2780258357524872,-0.27589985728263855,0.5829000473022461,-0.25774452090263367,-0.2543151080608368,0.6678568124771118,-0.006535324268043041,-0.04034940525889397,0.06802026182413101,-0.278076171875,-0.10712075233459473,-0.2238849401473999,-0.2574913203716278,-0.1285998374223709,-0.21228909492492676,-0.18492811918258667,-0.1767054945230484,-0.1938895732164383,0.34456154704093933,0.7797821760177612,-0.0996713936328888,-0.2757005989551544,0.28494685888290405,-0.1926247477531433,-0.19989758729934692,-0.14179399609565735,0.14923790097236633,0.7479167580604553,1.1500452756881714,-0.27790921926498413,-0.22667738795280457,-0.2336026132106781,-0.10263529419898987,-0.2757660746574402,0.3631220757961273,-0.27622368931770325,-0.2757259011268616,-0.07701635360717773,0.021135404706001282,-0.21813102066516876,-0.2630403935909271,-0.2661988437175751,-0.1488393247127533,0.06264526396989822,-0.2779288589954376,-0.06882994621992111,0.06472887098789215,-0.26792111992836,-0.14475440979003906,0.2138829380273819,0.04796262085437775,-0.20618125796318054,-0.27791351079940796,-0.2762135863304138,-0.25465336441993713,0.028586221858859062,-0.2475941777229309,0.5389429330825806,-0.1088106632232666,0.0977184846997261,0.11797881871461868,0.2726733386516571,-0.2522016763687134,0.0002814456820487976,-0.19302153587341309,-0.19352376461029053,-0.025588730350136757,-0.10495299845933914,-0.22895747423171997,-0.2607590854167938,-0.2706378698348999,-0.1900203824043274,0.5145624876022339,-0.27619296312332153,0.5673357844352722,-0.2718309164047241,-0.25357452034950256,-0.2049931436777115,-0.04008732736110687,0.5541303157806396,-0.27846449613571167,0.21961592137813568,-0.14279842376708984,0.38550645112991333,-0.19899055361747742,-0.2408481240272522
86,391,373,399,381,-0.0890730544924736,-0.11802350729703903,-0.24392910301685333,1.3407528400421143,-0.01836712472140789,-0.07702305167913437,-0.2604186236858368,-0.2744201421737671,-0.10123859345912933,-0.1944628208875656,0.26198703050613403,-0.13273756206035614,-0.2774116098880768,3.460209608078003,-0.061698202043771744,-0.2341555505990982,-0.005468104034662247,-0.10090772807598114,2.5941147804260254,-0.266592413187027,-0.26912325620651245,-0.1152258887887001,-0.27749183773994446,-0.24736915528774261,2.4130911827087402,-0.1650618314743042,0.274380087852478,-0.06481102108955383,-0.26552218198776245,-0.27104055881500244,-0.2186374068260193,-0.07995462417602539,-0.2718721330165863,0.6908786296844482,-0.27662789821624756,-0.24254880845546722,0.1259019374847412,-0.08210894465446472,-0.18260350823402405,-0.12723174691200256,-0.21055635809898376,0.5500523447990417,1.8416014909744263,-0.23848849534988403,-0.24059917032718658,-0.07876798510551453,-0.18482473492622375,2.0250699520111084,6.917739391326904,1.2535871267318726,-0.15935863554477692,-0.2633528411388397,-0.2758180499076843,0.0272308811545372,-0.20200566947460175,-0.012130971997976303,-0.2562660574913025,-0.051225997507572174,-0.008798687718808651,-0.018649080768227577,1.7234828472137451,-0.2752680778503418,0.6626914143562317,-0.25556477904319763,0.03329004347324371,-0.2327832728624344,-0.2754529118537903,-0.26622921228408813,0.03788147121667862,0.3589572608470917,-0.24378788471221924,-0.27334946393966675,-0.22978435456752777,-0.2658573091030121,0.035175494849681854,-0.24048498272895813,-0.23802702128887177,-0.12828250229358673,-0.10389338433742523,-0.07523064315319061,0.9753780364990234,-0.27313512563705444,-0.27653634548187256,-0.22697634994983673,-0.03408658504486084,-0.02062855288386345,-0.04872683808207512,-0.16085484623908997,-0.24436163902282715,-0.2351805716753006,-0.2455243468284607,0.20538415014743805,-0.22911155223846436,0.25306111574172974,-0.08790459483861923,-0.17554070055484772,-0.27415379881858826,-0.14505134522914886,1.8802392482757568,-0.26101404428482056,-0.16178515553474426,-0.15903857350349426,0.0043856133706867695,0.3242686986923218,-0.09158593416213989,1.00804603099823,1.346523404121399,-0.07911522686481476,-0.22393617033958435,-0.18591108918190002,-0.1868916153907776,-0.2777172923088074,-0.13863107562065125,0.18964818120002747,-0.2731224000453949,-0.13843458890914917,1.2433885335922241,1.3148691654205322,0.10078540444374084,-0.16181249916553497,0.4220067858695984,0.522602379322052,-0.23773573338985443,1.0329011678695679,-0.09644157439470291,-0.15541315078735352,-0.07851269841194153,-0.20723871886730194
87,852,494,860,502,-0.2581135630607605,-0.2609896659851074,-0.21429823338985443,1.3404103517532349,-0.011679340153932571,1.0951769351959229,-0.2310212254524231,-0.24748511612415314,-0.1847078949213028,0.5122008919715881,-0.2687024176120758,-0.2780676484107971,-0.16986866295337677,-0.1981571614742279,0.5810618996620178,-0.25632819533348083,-0.21560552716255188,-0.2536455988883972,-0.24622908234596252,-0.2111816704273224,-0.25085651874542236,3.2923150062561035,-0.249977707862854,5.1393561363220215,0.6471322774887085,-0.27712854743003845,-0.224326953291893,-0.20622199773788452,-0.27511754631996155,-0.25787070393562317,-0.19501084089279175,-0.20049649477005005,0.6187461018562317,-0.025797739624977112,-0.2631809711456299,-0.27757880091667175,-0.07826128602027893,-0.16812007129192352,-0.04610787704586983,5.549291610717773,-0.16443531215190887,0.24317868053913116,-0.10327503830194473,-0.21712689101696014,-0.06998409330844879,-0.06529704481363297,-0.07350423187017441,1.3664757013320923,0.8614591360092163,-0.2257596254348755,0.46021291613578796,0.8483332395553589,-0.2615264058113098,0.13188035786151886,-0.2298753261566162,-0.09925717115402222,-0.16952869296073914,-0.02980862930417061,-0.16233953833580017,-0.2614375948905945,-0.09404140710830688,-0.21324490010738373,-0.276624470949173,-0.13619719445705414,-0.23537524044513702,-0.2472483515739441,-0.2646314799785614,-0.16335278749465942,6.106447696685791,0.5440456867218018,2.6598243713378906,-0.2493770569562912,-0.15492315590381622,-0.25720298290252686,-0.20570063591003418,-0.22602014243602753,-0.26936277747154236,-0.14354446530342102,-0.17368671298027039,-0.10950393229722977,0.5767176151275635,-0.27368709444999695,-0.27627408504486084,-0.07877752184867859,-0.13749124109745026,-0.11092966794967651,-0.05927865952253342,-0.026341397315263748,0.33313804864883423,-0.27811649441719055,-0.2554706037044525,0.7680234313011169,-0.27476367354393005,-0.1474113166332245,-0.27447211742401123,-0.2311195582151413,-0.2108810842037201,-0.2555105984210968,-0.23381514847278595,-0.07435739785432816,0.18023279309272766,-0.2760050892829895,0.6536206007003784,0.20931397378444672,-0.1686374396085739,0.6166979074478149,2.182535409927368,0.2566088140010834,-0.2763993442058563,-0.22369147837162018,0.3299075961112976,-0.2680053412914276,-0.23121324181556702,0.849278450012207,-0.2770446836948395,0.5289695858955383,-0.231632262468338,-0.16168291866779327,0.01677086018025875,0.8516658544540405,0.3327682316303253,0.3821755051612854,-0.266803115606308,0.4211019277572632,0.5130595564842224,-0.1608974039554596,0.7436758279800415,0.6313938498497009
88,205,601,214,609,-0.14086970686912537,-0.12342103570699692,0.04862603545188904,1.5725510120391846,-0.033265065401792526,-0.2733064591884613,-0.20347273349761963,-0.27035167813301086,-0.18078698217868805,0.07938994467258453,0.7473534345626831,-0.26129645109176636,-0.1626201570034027,4.25108003616333,1.2243242263793945,-0.2752741873264313,-0.2126435786485672,1.9873422384262085,-0.12596829235553741,-0.09056391566991806,-0.17864680290222168,3.6415798664093018,-0.2581421434879303,-0.08209004998207092,2.8174211978912354,-0.17343802750110626,-0.2644515037536621,-0.17429018020629883,-0.13719885051250458,-0.24962690472602844,-0.2608632743358612,-0.1299848109483719,0.02010900154709816,-0.271145224571228,-0.26177388429641724,-0.2780033349990845,0.29070723056793213,-0.1526523232460022,-0.18551775813102722,0.2902897298336029,-0.25292664766311646,0.2946118712425232,1.9065871238708496,-0.19103096425533295,-0.21397362649440765,0.5844649076461792,-0.09815321117639542,0.8478732705116272,-0.24457402527332306,-0.04971899464726448,0.16756056249141693,-0.20550669729709625,-0.25229036808013916,-0.2001143991947174,-0.06295683234930038,-0.16580024361610413,-0.2642340660095215,-0.1639968603849411,-0.26468831300735474,-0.27352696657180786,-0.27102184295654297,0.014847232960164547,-0.100880466401577,-0.0998373031616211,0.9704582095146179,0.0533912368118763,-0.019414134323596954,-0.18343760073184967,0.06874062865972519,-0.22882241010665894,-0.24856658279895782,-0.11907978355884552,-0.02631264179944992,-0.2779708206653595,-0.038566287606954575,-0.24833422899246216,-0.1111912876367569,-0.23467779159545898,0.05733804032206535,-0.0713517889380455,0.882807195186615,-0.27292531728744507,-0.27643606066703796,-0.06817565858364105,-0.23422671854496002,-0.05410432070493698,-0.09727492928504944,-0.022018058225512505,3.656400442123413,-0.2774132192134857,-0.19211603701114655,-0.22896873950958252,-0.11474040150642395,0.7715247273445129,-0.25455039739608765,-0.2762466073036194,0.24418941140174866,-0.2200275957584381,1.2146532535552979,-0.25640666484832764,1.549360752105713,-0.036287859082221985,1.267406940460205,-0.14111144840717316,-0.09189784526824951,-0.18375810980796814,2.6679890155792236,-0.10219670087099075,-0.2709544599056244,0.22886934876441956,-0.06371372193098068,-0.2367040365934372,-0.0754101425409317,2.394305944442749,-0.25843870639801025,0.06669289618730545,-0.21029017865657806,-0.19473141431808472,0.36370548605918884,0.8961037993431091,0.81746906042099,0.23676854372024536,-0.09503363817930222,0.5484349727630615,-0.2227400690317154,-0.16028158366680145,-0.1496933251619339,0.37467777729034424
89,199,587,208,595,0.11218684911727905,-0.1938888132572174,0.7331204414367676,0.8300016522407532,-0.002493489533662796,-0.18500547111034393,-0.24507972598075867,-0.2225903868675232,-0.234756201505661,-0.19118711352348328,3.036010265350342,-0.2546460032463074,-0.27455151081085205,1.5497472286224365,-0.19695129990577698,-0.2624342739582062,-0.035916779190301895,-0.15215177834033966,-0.08919533342123032,-0.0909314826130867,-0.13346397876739502,0.2697800099849701,-0.19329382479190826,-0.2686617970466614,0.24433787167072296,-0.2748268246650696,-0.25136226415634155,-0.2779131233692169,0.9619914293289185,-0.2691318392753601,-0.18914036452770233,-0.0215498898178339,0.11124112457036972,0.07346165925264359,-0.266225665807724,-0.09637411683797836,-0.2509416341781616,0.5097118020057678,-0.08723243325948715,0.07664120197296143,-0.2691273093223572,-0.2689487338066101,-0.2784176766872406,1.115654468536377,-0.266946941614151,-0.27835842967033386,-0.04683154821395874,1.2970565557479858,0.8802515864372253,0.9278119206428528,-0.2614251971244812,-0.27747267484664917,0.18052537739276886,0.005743434652686119,-0.20596404373645782,-0.04366059601306915,-0.18405164778232574,-0.24035723507404327,-0.2767943739891052,-0.12369028478860855,-0.2099783569574356,1.0895216464996338,-0.26742205023765564,-0.24168521165847778,3.2432916164398193,-0.274484246969223,-0.22818566858768463,0.3321456015110016,0.015979111194610596,1.837763786315918,1.6983784437179565,-0.27644798159599304,-0.22755654156208038,-0.278263658285141,-0.25720641016960144,-0.2570432126522064,-0.15689989924430847,-0.24070428311824799,0.11126957833766937,-0.031502846628427505,-0.15574780106544495,-0.22906821966171265,-0.22181273996829987,-0.0733284279704094,-0.09473301470279694,-0.04190507158637047,-0.07133874297142029,-0.008212885819375515,0.5241717100143433,-0.1367797553539276,-0.1069563627243042,-0.10471988469362259,-0.21935710310935974,-0.244177907705307,-0.2768148183822632,-0.2650029957294464,-0.27846235036849976,0.017121944576501846,-0.20439942181110382,0.30557411909103394,-0.04097827523946762,-0.26107844710350037,3.987065553665161,0.45642268657684326,-0.2567661702632904,-0.26842793822288513,-0.04085220396518707,-0.1639392077922821,-0.2729451656341553,-0.27006796002388,-0.14327146112918854,-0.20695441961288452,-0.26023778319358826,0.845052182674408,0.06354635953903198,-0.265752375125885,0.16153758764266968,-0.19911885261535645,-0.15892310440540314,-0.12691418826580048,-0.01955845020711422,0.009346676990389824,-0.21471348404884338,1.255051612854004,-0.2228187918663025,-0.21077199280261993,-0.07133036106824875,-0.2770121693611145
90,136,446,144,454,0.057997655123472214,-0.20015577971935272,0.3118027150630951,1.0691996812820435,-0.014482524245977402,-0.23682475090026855,-0.23679186403751373,-0.2741151452064514,-0.2326837033033371,-0.25163033604621887,1.9243602752685547,0.03582324460148811,-0.25908347964286804,3.2268810272216797,-0.1773882508277893,-0.14683468639850616,-0.012363908812403679,-0.08788935095071793,0.610733687877655,-0.1691329926252365,-0.26576748490333557,-0.19834135472774506,-0.276750385761261,-0.27289852499961853,-0.12796521186828613,-0.2516162693500519,-0.19108685851097107,-0.2618955969810486,0.7544326186180115,-0.24525757133960724,-0.19269722700119019,-0.11146541684865952,-0.19842945039272308,1.236216425895691,-0.2614925503730774,-0.2703101336956024,-0.1534300446510315,-0.26344403624534607,-0.255379855632782,-0.2522745728492737,-0.24002599716186523,-0.06528057157993317,0.2101326435804367,0.23803454637527466,-0.11947359144687653,-0.22876885533332825,-0.27387768030166626,1.6934096813201904,3.8483521938323975,0.6260219812393188,-0.03763101249933243,-0.27207091450691223,0.11718456447124481,-0.21998882293701172,-0.27812954783439636,-0.1509515792131424,-0.2778405547142029,1.4994457960128784,-0.1946035921573639,-0.0340094231069088,1.63919198513031,2.03232479095459,-0.12274980545043945,0.06641095876693726,3.928921699523926,-0.27317333221435547,-0.27559369802474976,0.0664578378200531,-0.2154638171195984,0.9394382238388062,1.6875969171524048,-0.10412604361772537,-0.2621827721595764,0.7939789891242981,-0.24373963475227356,-0.2704399824142456,0.6959862112998962,-0.27808576822280884,0.6122274994850159,-0.1746566742658615,-0.19441311061382294,-0.20531024038791656,-0.27840906381607056,0.2290521115064621,-0.2762589454650879,-0.07268192619085312,-0.09619486331939697,-0.24412691593170166,-0.03978873789310455,-0.24947001039981842,-0.2613517642021179,-0.08272340148687363,-0.25609681010246277,-0.27742162346839905,-0.22821304202079773,-0.1591591089963913,-0.26031923294067383,-0.2353561520576477,0.6045334339141846,-0.053528524935245514,-0.2618727684020996,-0.2784196138381958,1.0706959962844849,1.0898559093475342,-0.2211541086435318,2.1305718421936035,0.905266523361206,-0.277892142534256,-0.27336034178733826,0.2999419569969177,-0.2341531217098236,-0.26784422993659973,-0.2517774999141693,-0.1987244337797165,0.1884404569864273,-0.22698071599006653,2.625910758972168,0.41974109411239624,-0.03510761633515358,-0.24344250559806824,-0.04898638650774956,0.12591159343719482,-0.17128917574882507,0.7223745584487915,0.286663681268692,-0.24832937121391296,0.21082362532615662,-0.27387580275535583
91,463,842,471,850,0.08123956620693207,-0.2726763188838959,0.025300389155745506,1.0003702640533447,-0.1079273596405983,-0.27171337604522705,-0.26338714361190796,-0.21103788912296295,-0.2672381103038788,-0.1558431088924408,0.9113523364067078,-0.21756669878959656,0.6252243518829346,0.06442634016275406,-0.19188708066940308,-0.17559197545051575,-0.16796916723251343,-0.10725374519824982,-0.2376178652048111,-0.27252358198165894,-0.2637622654438019,0.03692242130637169,0.1964559257030487,-0.027269378304481506,0.38233545422554016,-0.21881216764450073,-0.24573495984077454,-0.25681179761886597,-0.1227462887763977,0.46182194352149963,-0.06019078940153122,-0.2098722606897354,0.043064557015895844,0.08324430882930756,-0.24406719207763672,-0.2779099643230438,-0.24939996004104614,-0.056866034865379333,-0.27759185433387756,-0.22083063423633575,-0.26881352066993713,-0.2339005321264267,-0.27118736505508423,-0.19626206159591675,0.7226551175117493,-0.2692130506038666,-0.24608874320983887,0.27553418278694153,-0.05625252053141594,-0.038153309375047684,0.5035832524299622,-0.24965602159500122,-0.10097658634185791,-0.21416425704956055,-0.12687823176383972,-0.2134668380022049,-0.24187959730625153,-0.046421848237514496,-0.11957844346761703,-0.23562392592430115,-0.12705399096012115,0.8579494953155518,-0.09824050217866898,-0.2779708802700043,0.029039500281214714,-0.005581449717283249,-0.15433265268802643,-0.0668795183300972,0.28798556327819824,0.8286338448524475,0.7205976843833923,-0.2784324586391449,-0.15371766686439514,-0.13089893758296967,-0.13473324477672577,-0.27787497639656067,0.22027955949306488,-0.2685876190662384,-0.2735125422477722,-0.2507014572620392,0.05733443424105644,-0.27486589550971985,-0.27355730533599854,-0.2186802327632904,-0.15750068426132202,0.4283394515514374,-0.22438552975654602,-0.14835277199745178,0.29298970103263855,-0.22614026069641113,-0.2667195498943329,0.3374107778072357,0.3016784191131592,-0.25537383556365967,-0.27173274755477905,-0.2736610174179077,-0.1942141205072403,0.49721798300743103,-0.18640604615211487,0.3833983540534973,-0.048865728080272675,0.24255840480327606,0.1465146392583847,0.21481920778751373,-0.2778058648109436,-0.12079649418592453,0.11325327306985855,-0.24388574063777924,0.2959034740924835,0.21123281121253967,-0.15451312065124512,-0.27837997674942017,-0.2694483697414398,-0.21933682262897491,0.32692307233810425,-0.2748664915561676,0.20152726769447327,-0.27434590458869934,-0.26691922545433044,-0.19502264261245728,-0.036320287734270096,0.47163379192352295,-0.27519556879997253,0.12936890125274658,-0.07735593616962433,0.15210013091564178,-0.22281701862812042,-0.232806995511055
92,838,419,848,428,-0.13327209651470184,-0.24170474708080292,-0.27177202701568604,1.5786652565002441,-0.022070586681365967,0.7452442646026611,-0.276790052652359,-0.23806144297122955,-0.12914249300956726,0.24614089727401733,-0.05978231877088547,-0.2734275460243225,-0.24522963166236877,0.9191963076591492,0.11875857412815094,-0.2677845060825348,-0.03845195472240448,-0.0928950384259224,0.33014601469039917,-0.11831953376531601,-0.12505380809307098,0.5963224172592163,-0.27342677116394043,-0.08697962015867233,4.671535968780518,-0.25107821822166443,-0.1646825671195984,-0.16861627995967865,-0.21511144936084747,-0.25411996245384216,-0.25528791546821594,-0.19950254261493683,-0.27679723501205444,0.015525846742093563,-0.27087125182151794,-0.26766011118888855,0.6142198443412781,-0.054553452879190445,-0.2427222728729248,-0.10792511701583862,-0.26615288853645325,1.0206608772277832,1.5221163034439087,-0.15827202796936035,-0.27846452593803406,-0.007110975217074156,-0.24310006201267242,1.2272186279296875,6.799598217010498,1.0657334327697754,0.14379607141017914,0.014355557039380074,-0.187736377120018,0.4371621906757355,-0.27469199895858765,-0.022215833887457848,-0.26774051785469055,0.8244227766990662,-0.08481505513191223,-0.07169188559055328,-0.020085571333765984,-0.2631756663322449,0.139190211892128,-0.02588956244289875,-0.24997597932815552,-0.204093337059021,-0.19300316274166107,-0.2616952061653137,0.5109387040138245,-0.11058764904737473,-0.2411361187696457,-0.2755224406719208,-0.26904207468032837,-0.22813788056373596,-0.010403756983578205,-0.27717727422714233,-0.17043055593967438,-0.13516075909137726,-0.24980199337005615,-0.19523531198501587,1.2492256164550781,-0.20144760608673096,-0.2743716239929199,-0.1254308670759201,0.8051303029060364,-0.048049043864011765,-0.055957671254873276,-0.1960037499666214,-0.26847437024116516,-0.2482311725616455,-0.2001284807920456,0.7812336087226868,-0.26981884241104126,1.0280085802078247,-0.11707522720098495,-0.09592841565608978,-0.16309644281864166,-0.22430409491062164,0.7968067526817322,-0.2784177362918854,-0.1959833800792694,-0.024994175881147385,-0.13620440661907196,-0.07161755114793777,-0.16171184182167053,0.5017691850662231,0.947918176651001,-0.22969333827495575,-0.2276563197374344,-0.24795396625995636,-0.24418191611766815,-0.22179687023162842,-0.12168935686349869,-0.11206193268299103,-0.2639611065387726,-0.1127285584807396,-0.2254914939403534,1.0681928396224976,-0.048383478075265884,-0.010260425508022308,0.5750139355659485,0.46900656819343567,-0.22897528111934662,0.9451985359191895,0.21121345460414886,-0.18288663029670715,-0.08051362633705139,-0.045373305678367615
93,131,538,139,546,1.8190414905548096,-0.26814770698547363,-0.247537299990654,0.888821005821228,-0.0023644817993044853,-0.278141051530838,-0.21658559143543243,-0.21353848278522491,-0.12400559335947037,-0.2774970233440399,0.5244439244270325,-0.15524937212467194,-0.2667386531829834,2.9311511516571045,-0.2742152810096741,-0.24089547991752625,-0.025619080290198326,-0.24617737531661987,-0.08973526954650879,-0.05886511132121086,-0.1611502468585968,0.5326606631278992,-0.24809977412223816,-0.27758321166038513,-0.2157832235097885,-0.1978721171617508,-0.27759942412376404,-0.2703076899051666,0.5358095765113831,0.43148916959762573,-0.21294277906417847,-0.15149660408496857,0.3510326147079468,-0.01760069467127323,-0.2777964472770691,-0.23969733715057373,-0.2434750199317932,-0.08089054375886917,-0.2008022665977478,-0.27562108635902405,-0.26430267095565796,-0.24947711825370789,-0.19139620661735535,-0.22679314017295837,0.2968716621398926,-0.22123371064662933,-0.16355110704898834,0.644637405872345,-0.1935415267944336,-0.2779514193534851,0.5218971967697144,-0.05023244023323059,-0.22706131637096405,-0.25337785482406616,-0.278418630361557,-0.14953355491161346,-0.20907717943191528,-0.27812498807907104,-0.2763093411922455,-0.16313941776752472,-0.2556372880935669,1.0768263339996338,-0.2617430090904236,-0.2647959589958191,5.471972942352295,-0.27838629484176636,-0.0762055516242981,0.13497339189052582,-0.27378782629966736,0.567935049533844,2.750680446624756,-0.17466357350349426,-0.2761816084384918,-0.1972583681344986,-0.004377065692096949,-0.2512165307998657,1.2454427480697632,-0.27437666058540344,-0.23013976216316223,-0.0403270460665226,0.1195855364203453,-0.15797008574008942,-0.2702956795692444,-0.16271072626113892,-0.05885804817080498,-0.19909362494945526,-0.12710866332054138,-0.031976621598005295,0.2869367301464081,-0.20794054865837097,-0.042652565985918045,-0.2485799938440323,-0.2705085277557373,-0.2440122812986374,-0.22302396595478058,-0.13376320898532867,-0.2685494124889374,-0.17739690840244293,-0.2566016614437103,0.46944212913513184,0.19283489882946014,0.06994824856519699,0.680143415927887,0.4753752052783966,-0.27392804622650146,-0.2535342872142792,0.6376349329948425,-0.20986992120742798,-0.2251029759645462,0.15731486678123474,-0.16594181954860687,-0.25090378522872925,-0.1968229115009308,1.1719268560409546,-0.16962049901485443,-0.22859135270118713,-0.18601112067699432,-0.21732136607170105,-0.23625563085079193,0.07549510151147842,0.05777822807431221,-0.13729414343833923,-0.15236224234104156,1.2517695426940918,-0.21763624250888824,-0.2710323929786682,1.5087347030639648,-0.1655522882938385
94,131,345,140,353,1.4075645208358765,-0.27029725909233093,-0.21689914166927338,1.0324567556381226,-0.007556398864835501,-0.20995980501174927,-0.17317642271518707,-0.2663804590702057,-0.14605560898780823,-0.27835822105407715,0.12942619621753693,-0.20398755371570587,-0.24763987958431244,3.967543601989746,-0.19738724827766418,-0.1878191977739334,-0.013137522153556347,-0.17203234136104584,-0.1808519959449768,-0.10122097283601761,-0.21678748726844788,0.8126770853996277,-0.22419193387031555,-0.26333868503570557,-0.2708962559700012,-0.2528800070285797,-0.266329288482666,-0.27807143330574036,0.5601775050163269,-0.04627597704529762,-0.1962699443101883,-0.20825402438640594,0.03650958836078644,0.3499404489994049,-0.27785179018974304,-0.2783484160900116,-0.10145372897386551,-0.26181933283805847,-0.2001866102218628,-0.2783870995044708,-0.27009275555610657,-0.08827953040599823,-0.2462485283613205,0.046877872198820114,-0.08890288323163986,-0.07864487171173096,-0.25119397044181824,1.280943751335144,0.2288895696401596,-0.25013208389282227,0.21809567511081696,0.5212793946266174,-0.019358377903699875,-0.2626035213470459,-0.27799803018569946,-0.2721315622329712,-0.2657356262207031,-0.22748269140720367,-0.18180616199970245,-0.15282677114009857,-0.20955012738704681,0.9442905187606812,-0.2602883577346802,-0.24582801759243011,5.7639055252075195,-0.25089845061302185,-0.0950934961438179,0.1290074586868286,-0.2414739727973938,0.07005546987056732,3.0781190395355225,0.04961654916405678,-0.25268280506134033,-0.21618753671646118,-0.02005188912153244,-0.27794015407562256,1.376767635345459,-0.26865455508232117,-0.05107662454247475,-0.1005840077996254,0.6689477562904358,-0.25520625710487366,-0.27775079011917114,-0.19637221097946167,-0.03208040073513985,-0.13720467686653137,-0.21656957268714905,-0.13894177973270416,-0.2357153296470642,-0.25586003065109253,-0.08903121948242188,-0.27360495924949646,-0.26623284816741943,-0.2782827317714691,-0.21729202568531036,0.09160864353179932,-0.2613566219806671,-0.2728051543235779,-0.2779892385005951,0.12990041077136993,-0.15605659782886505,0.010804960504174232,0.3799194395542145,0.36332839727401733,-0.2669411897659302,0.5007771253585815,1.219437837600708,-0.27845799922943115,-0.2398936152458191,0.2531830966472626,-0.1572045534849167,-0.271026074886322,-0.24957503378391266,1.0725029706954956,-0.2560325860977173,-0.1493234634399414,-0.14309155941009521,-0.2729682922363281,-0.04624926298856735,0.3569283187389374,0.01801346428692341,-0.13082502782344818,-0.16051039099693298,1.107781171798706,-0.0930609479546547,-0.2666908800601959,1.1033686399459839,-0.056779611855745316
95,115,512,122,519,-0.22651778161525726,-0.22736386954784393,-0.19286419451236725,1.4246704578399658,-0.008622922003269196,0.16352128982543945,-0.23914048075675964,-0.2782275080680847,-0.24966199696063995,0.8486880660057068,-0.16063517332077026,-0.1877347230911255,-0.2565839886665344,-0.27510198950767517,0.09953949600458145,-0.2217227816581726,-0.26443278789520264,-0.2659347951412201,-0.17474977672100067,-0.24352218210697174,-0.27688127756118774,3.749695301055908,-0.22364045679569244,1.875789999961853,2.0166015625,-0.15949691832065582,-0.2755703628063202,-0.2535296380519867,-0.2701359689235687,-0.21576575934886932,-0.19651658833026886,-0.1167876124382019,0.4064294993877411,-0.010207699611783028,-0.25535261631011963,-0.2762332260608673,0.08816719800233841,-0.08261097222566605,-0.11139273643493652,4.173031330108643,-0.14597062766551971,0.34996843338012695,-0.264018177986145,-0.21472719311714172,-0.2452690154314041,-0.07809942215681076,-0.1260807067155838,0.4557194113731384,0.09112758934497833,0.1704297810792923,0.7387025952339172,-0.20121605694293976,-0.2138422727584839,0.18265347182750702,-0.2757226824760437,-0.08170311152935028,-0.10730453580617905,-0.24924612045288086,-0.06409446895122528,-0.2738364338874817,-0.26170071959495544,-0.16481877863407135,-0.19130884110927582,-0.08565950393676758,-0.2458103597164154,-0.21465934813022614,-0.16779761016368866,-0.2420136034488678,5.924779891967773,1.343104362487793,0.9632048606872559,-0.23509569466114044,0.0017935462528839707,-0.2738116979598999,-0.2525605261325836,-0.24413219094276428,-0.17063947021961212,-0.2420138269662857,0.33482810854911804,-0.16967672109603882,-0.1052970290184021,-0.2713664174079895,-0.267016738653183,-0.22935688495635986,-0.14046446979045868,-0.12692716717720032,-0.08245395123958588,-0.042797572910785675,1.3955907821655273,-0.057452261447906494,-0.26570409536361694,0.8637059926986694,0.03644677624106407,0.0011654860572889447,-0.27841153740882874,-0.24759915471076965,-0.0010690746130421758,-0.20889747142791748,-0.03884606435894966,-0.17064625024795532,0.11728907376527786,-0.26331883668899536,0.22494946420192719,0.49729612469673157,-0.0362250842154026,-0.27746495604515076,4.34864616394043,0.7736728191375732,-0.27605512738227844,-0.20417799055576324,0.010178811848163605,-0.2767558991909027,-0.1454850137233734,1.2996598482131958,-0.2683863639831543,0.7819998860359192,-0.20699390769004822,-0.27452993392944336,0.5690556764602661,0.8648680448532104,0.7551670074462891,0.2911606729030609,-0.24847739934921265,0.020572518929839134,0.26056408882141113,-0.2778819501399994,0.08739005029201508,0.3455858826637268
96,313,443,321,450,-0.2784498333930969,-0.19062471389770508,-0.20855440199375153,0.9200477600097656,-0.003332808380946517,-0.21669866144657135,-0.26941660046577454,-0.18637289106845856,-0.11646800488233566,-0.2611958086490631,2.252857208251953,-0.25914230942726135,-0.10156727582216263,3.3909659385681152,-0.14217114448547363,-0.23301438987255096,-0.05222339928150177,-0.2525894343852997,-0.22092938423156738,-0.024743463844060898,-0.11833108216524124,0.27294212579727173,-0.2594326436519623,-0.2754046618938446,1.4746098518371582,-0.24408462643623352,-0.2408357560634613,-0.0471486821770668,-0.13292981684207916,-0.1982124000787735,-0.07183444499969482,-0.10295899957418442,0.913428544998169,-0.13895457983016968,-0.2639716863632202,-0.13236209750175476,-0.2775813043117523,2.1131129264831543,-0.08324900269508362,1.9276845455169678,-0.07264922559261322,-0.27379176020622253,-0.2769511640071869,-0.15379975736141205,-0.061234403401613235,0.2945960760116577,-0.012119228951632977,0.6758580803871155,-0.272061288356781,-0.0013636481016874313,0.4179072976112366,-0.11096702516078949,0.188603013753891,-0.23018677532672882,0.010295846499502659,-0.027465010061860085,-0.21892769634723663,-0.2712128162384033,-0.26514551043510437,-0.14860884845256805,-0.20868556201457977,0.3026983141899109,0.37299400568008423,-0.24520251154899597,2.524313449859619,-0.1688683032989502,-0.04405609890818596,0.926207423210144,-0.14893782138824463,0.24290382862091064,0.38584035634994507,-0.24627353250980377,-0.23840093612670898,0.23806849122047424,-0.27237433195114136,-0.25448113679885864,-0.15492530167102814,-0.24204565584659576,-0.25927966833114624,-0.03435526415705681,-0.10678122937679291,-0.23723915219306946,-0.2389134019613266,3.6722159385681152,-0.13481584191322327,-0.016367606818675995,-0.012771446257829666,-0.0016170862363651395,5.600963592529297,-0.07493318617343903,-0.050096746534109116,0.6357428431510925,-0.08500119298696518,-0.23320665955543518,-0.2057429552078247,-0.27593424916267395,-0.26827555894851685,-0.27626287937164307,0.030543800443410873,0.08269141614437103,1.906742811203003,-0.05561510846018791,3.9017956256866455,-0.21136543154716492,-0.034140732139348984,-0.15906783938407898,0.6619376540184021,-0.2175416797399521,-0.1476295441389084,-0.06753756105899811,-0.12120366096496582,-0.25034892559051514,-0.22430826723575592,0.10098540037870407,0.26115161180496216,-0.25046172738075256,-0.2701239585876465,-0.17718848586082458,1.4429118633270264,-0.10613883286714554,0.008742599748075008,0.005473491735756397,-0.22681650519371033,1.4317198991775513,-0.2210029512643814,-0.24606473743915558,-0.2644851803779602,-0.275879830121994
97,79,592,87,601,0.13606876134872437,-0.26528793573379517,-0.1656550019979477,0.9431408047676086,-0.04854391887784004,-0.27787625789642334,0.08469798415899277,-0.26617544889450073,-0.26474469900131226,-0.22990772128105164,0.7789910435676575,-0.18285560607910156,0.20144851505756378,0.3546384572982788,-0.20347896218299866,-0.22291980683803558,-0.23492181301116943,-0.13329404592514038,-0.2441161870956421,-0.26111045479774475,-0.27431991696357727,0.04071749001741409,0.3180449903011322,-0.12769973278045654,0.2186320573091507,-0.2595822513103485,-0.19735150039196014,-0.24775072932243347,-0.07524421066045761,0.2766861021518707,-0.21531958878040314,-0.12448517233133316,0.11171359568834305,0.14466474950313568,-0.2665320038795471,-0.2699263095855713,-0.24840646982192993,-0.15640166401863098,-0.2564865052700043,-0.20810620486736298,-0.2714623510837555,-0.2561945915222168,-0.26507705450057983,-0.23043429851531982,0.5989927053451538,-0.2727862596511841,-0.276640385389328,0.29789963364601135,0.35545793175697327,0.06808074563741684,0.6425044536590576,-0.25061124563217163,-0.08741728961467743,-0.22435897588729858,-0.2686310112476349,-0.15135714411735535,-0.2042178362607956,-0.10608549416065216,-0.03367502614855766,-0.24918419122695923,-0.09169077128171921,1.0164308547973633,-0.09578397125005722,-0.27144959568977356,0.27505597472190857,-0.23302504420280457,-0.11644086986780167,-0.11497283726930618,0.2622092068195343,1.1330236196517944,0.6822264790534973,-0.27759623527526855,-0.2232355773448944,-0.16900137066841125,-0.13784605264663696,-0.27623242139816284,0.33830922842025757,-0.27604374289512634,-0.274834007024765,-0.10855451971292496,-0.11851213127374649,-0.23882725834846497,-0.26075243949890137,-0.2686265707015991,0.04986327141523361,0.09318553656339645,-0.23375201225280762,-0.07533042132854462,0.13869597017765045,-0.2780975103378296,-0.2067476063966751,0.495929479598999,0.03397545590996742,-0.24808023869991302,-0.26959583163261414,-0.2704331874847412,-0.2312418669462204,0.15215876698493958,-0.19915267825126648,0.37407955527305603,-0.1162356361746788,0.09607185423374176,0.05882557854056358,0.4013553857803345,-0.25770482420921326,-0.146427184343338,0.07040246576070786,-0.2287764698266983,0.0850309506058693,0.15164342522621155,-0.1593383252620697,-0.255560964345932,-0.2784632444381714,-0.22017903625965118,0.28125399351119995,-0.2759963870048523,0.511143147945404,-0.2732824981212616,-0.2753974497318268,-0.16311490535736084,-0.01747688464820385,0.359417587518692,-0.2784450352191925,0.39480122923851013,-0.18269355595111847,0.2585834562778473,-0.21523739397525787,-0.24260938167572021
98,235,743,243,751,-0.0978470891714096,-0.20469333231449127,0.22623609006404877,0.8258370757102966,-0.02297263965010643,-0.258001446723938,-0.25558552145957947,-0.2611750364303589,-0.19634614884853363,-0.27831196784973145,1.608647108078003,-0.27834463119506836,-0.18628083169460297,1.3322325944900513,-0.22681821882724762,-0.1668807566165924,-0.050380367785692215,-0.12345246970653534,0.24880483746528625,-0.0850834995508194,-0.2782555818557739,-0.2576183080673218,-0.18388444185256958,-0.18772798776626587,0.17473351955413818,-0.2641304135322571,-0.22733648121356964,-0.20607946813106537,0.172456756234169,0.09320268779993057,-0.27551376819610596,-0.11170796304941177,-0.20726871490478516,0.5438868999481201,-0.2725439667701721,-0.2038009613752365,-0.2768474817276001,-0.14812587201595306,-0.21838605403900146,-0.25049731135368347,-0.21045613288879395,-0.26911255717277527,-0.04723510891199112,-0.18563155829906464,0.31090831756591797,-0.27845922112464905,-0.1545395702123642,0.7827841639518738,1.5804775953292847,0.6143136024475098,-0.19074924290180206,-0.27522504329681396,0.2012811154127121,-0.2719433605670929,-0.27388516068458557,-0.1497170627117157,-0.22092081606388092,-0.2276393175125122,-0.12389783561229706,-0.05889344587922096,1.0320950746536255,1.6509060859680176,0.059069905430078506,-0.07171642035245895,1.642488718032837,-0.2313941866159439,-0.22117376327514648,-0.15472258627414703,-0.19721955060958862,1.4970479011535645,1.157755732536316,-0.18588709831237793,-0.2640896439552307,-0.278293251991272,-0.22057633101940155,-0.27844926714897156,-0.030964957550168037,-0.24956388771533966,-0.2741723954677582,-0.14364449679851532,-0.14190784096717834,-0.26420074701309204,-0.271200954914093,-0.10850533843040466,-0.25314703583717346,-0.24729004502296448,-0.18597789108753204,-0.12312599271535873,-0.25267425179481506,-0.24924661219120026,-0.13082855939865112,0.025994211435317993,-0.2752858102321625,-0.18507935106754303,-0.26994162797927856,-0.2658267319202423,-0.27303624153137207,-0.27441638708114624,0.10838022083044052,0.3828519880771637,-0.24055215716362,-0.23665717244148254,0.41104552149772644,0.4111593961715698,-0.19733385741710663,0.12283023446798325,-0.0591391995549202,-0.19480538368225098,-0.1187458261847496,0.888227105140686,-0.2720746099948883,-0.24724234640598297,-0.2748151421546936,-0.1742359846830368,0.7517911195755005,-0.2784636318683624,3.49625563621521,-0.06001519784331322,-0.2741837799549103,-0.2664830684661865,-0.08129490166902542,0.10292226076126099,-0.26810726523399353,1.2020230293273926,-0.1652446985244751,0.3293767273426056,-0.24580344557762146,-0.27445605397224426
99,443,848,452,856,-0.271213561296463,-0.2199186533689499,-0.22610001266002655,0.935369610786438,-0.030916396528482437,-0.27349209785461426,-0.2702096998691559,-0.27711689472198486,-0.2003091722726822,-0.17655335366725922,0.9384210109710693,-0.2621428668498993,0.1551363468170166,0.0014998243423178792,-0.23618261516094208,-0.14454488456249237,-0.1667362004518509,-0.19336722791194916,-0.2436964213848114,-0.1475958228111267,-0.271831750869751,-0.2741457521915436,-0.022312836721539497,0.6439636945724487,1.144742727279663,-0.2576771676540375,-0.23958276212215424,-0.1625184565782547,-0.22954480350017548,0.2500494420528412,-0.2763667702674866,-0.19341623783111572,-0.06255782395601273,0.5556697249412537,-0.27582037448883057,-0.19933226704597473,-0.27623701095581055,0.20058700442314148,-0.2160978466272354,-0.07018790394067764,-0.2687658369541168,-0.25555866956710815,-0.19284695386886597,-0.27846425771713257,0.2442522495985031,-0.25076913833618164,-0.2003074437379837,0.4640266001224518,0.8311903476715088,1.0093157291412354,0.08133412152528763,-0.2780529260635376,-0.07482995837926865,-0.27578237652778625,-0.2704932391643524,-0.07887604832649231,-0.16087593138217926,-0.2397594153881073,-0.2665117681026459,-0.0895969420671463,0.41243380308151245,0.9784575700759888,0.44232428073883057,-0.2691870927810669,-0.12074027210474014,-0.15084032714366913,-0.17481760680675507,-0.273436039686203,1.6702640056610107,1.3434633016586304,0.7581617832183838,-0.27746495604515076,-0.13272354006767273,-0.09674521535634995,-0.2058183252811432,-0.27443817257881165,-0.2562989890575409,-0.243331640958786,-0.2266702950000763,-0.11357588320970535,-0.011132420040667057,-0.26180362701416016,-0.25139057636260986,0.13099709153175354,-0.1844315081834793,-0.23953302204608917,-0.18766990303993225,-0.0800752118229866,0.6005613803863525,-0.2667320668697357,-0.1831413358449936,0.8693102598190308,-0.23854823410511017,-0.23394514620304108,-0.2615561783313751,-0.27412500977516174,-0.2517889142036438,-0.27089741826057434,0.015959780663251877,0.4071654677391052,-0.11756487190723419,-0.20909109711647034,0.15253685414791107,0.21806873381137848,-0.23430950939655304,-0.22225241363048553,0.46967196464538574,-0.2610476613044739,-0.08067819476127625,0.26264259219169617,-0.08662429451942444,-0.2516622245311737,-0.25064146518707275,-0.22589144110679626,0.6225028038024902,-0.26500681042671204,2.2607550621032715,0.39341890811920166,-0.27808883786201477,-0.27124637365341187,0.04142666608095169,0.5439628958702087,-0.2745048999786377,0.9868074059486389,-0.13536733388900757,0.7188854217529297,-0.277343213558197,-0.24326378107070923
100,754,332,763,341,0.35899192094802856,-0.25727859139442444,-0.15480513870716095,1.063368558883667,-0.01830984652042389,-0.23430296778678894,0.2921350300312042,-0.22446933388710022,-0.2673618495464325,0.11658469587564468,0.6021891832351685,-0.11469168215990067,0.004338246304541826,0.4243662655353546,-0.23738130927085876,-0.19120115041732788,-0.20801465213298798,-0.2432582825422287,-0.11659665405750275,-0.27430689334869385,-0.21572032570838928,1.021660327911377,-0.18427692353725433,0.05130414664745331,0.37616321444511414,-0.27242934703826904,-0.273151695728302,-0.24403205513954163,-0.010633067227900028,-0.15519747138023376,-0.2287171185016632,-0.13336941599845886,0.3227914273738861,0.026508618146181107,-0.26914846897125244,-0.2582361698150635,-0.18846039474010468,-0.1718432754278183,-0.256700724363327,-0.013984098099172115,-0.27602601051330566,-0.15654395520687103,-0.27557244896888733,-0.2372940480709076,0.6015493869781494,-0.18900898098945618,-0.27484846115112305,1.080880880355835,0.08828192949295044,-0.2312704473733902,0.17116552591323853,-0.2710599899291992,-0.21357925236225128,-0.13346517086029053,-0.2424301952123642,-0.1051006093621254,-0.23892907798290253,-0.25433874130249023,-0.2585802972316742,-0.19934552907943726,0.09194358438253403,1.1349210739135742,-0.034723248332738876,-0.27825409173965454,1.2976601123809814,-0.2757899761199951,-0.25088033080101013,-0.21624653041362762,0.5975100994110107,0.2815239727497101,1.8986817598342896,-0.2676216661930084,-0.27478131651878357,-0.26103562116622925,-0.22367246448993683,-0.269406795501709,0.12896043062210083,-0.25485730171203613,-0.251280814409256,-0.09202217310667038,0.6189089417457581,-0.24882420897483826,-0.26483777165412903,-0.24391549825668335,-0.14169320464134216,-0.25973230600357056,-0.2723771631717682,-0.083315409719944,0.5813283920288086,-0.2775302231311798,-0.20050178468227386,0.10164983570575714,-0.02501748874783516,-0.27844926714897156,-0.25916409492492676,-0.27815768122673035,-0.22322630882263184,0.3154226541519165,-0.20118114352226257,0.20439769327640533,-0.06018213555216789,0.678699791431427,0.4147011637687683,0.1320878267288208,-0.22575899958610535,-0.12057117372751236,0.3991759717464447,-0.255955308675766,-0.11658316105604172,0.08723374456167221,-0.24525859951972961,-0.2729218006134033,-0.278249591588974,0.3266734778881073,-0.1001829132437706,-0.2450215071439743,-0.2295406460762024,-0.2589888870716095,-0.2747375965118408,0.09780879318714142,0.1060510128736496,0.5899032950401306,-0.2691552937030792,0.36190518736839294,-0.0117424251511693,-0.24721552431583405,-0.2752646207809448,-0.1272512525320053
101,154,536,162,544,-0.07710595428943634,-0.20051507651805878,-0.18121160566806793,1.1150767803192139,-0.006646603345870972,-0.16538730263710022,-0.27196797728538513,-0.2701685428619385,-0.21634605526924133,0.28419485688209534,1.0848966836929321,-0.10935382544994354,-0.17624376714229584,3.5872507095336914,-0.1459031105041504,-0.09276827424764633,-0.07016637921333313,2.0589723587036133,-0.11447368562221527,-0.21158291399478912,-0.1211220994591713,1.1558327674865723,-0.22468937933444977,-0.15646992623806,0.38832274079322815,-0.2665889263153076,-0.23838259279727936,-0.2740892469882965,0.9174922704696655,-0.2362305074930191,-0.17953737080097198,-0.25044599175453186,-0.0336252823472023,-0.264120489358902,-0.24564819037914276,-0.23129995167255402,-0.2635367512702942,0.12912510335445404,-0.1706729531288147,2.711277961730957,-0.2531905770301819,-0.19822004437446594,0.30057957768440247,-0.2502687871456146,-0.2595679461956024,-0.021854329854249954,-0.05795855447649956,-0.03731359541416168,-0.2722812294960022,-0.1738893836736679,1.564488172531128,-0.2138301134109497,-0.1579294502735138,-0.2775430381298065,1.193859338760376,-0.24140988290309906,-0.27542006969451904,-0.2704349160194397,-0.268525630235672,-0.2527787387371063,-0.27846288681030273,1.6836092472076416,0.03648404777050018,-0.13522642850875854,3.4900622367858887,-0.16611571609973907,-0.020438218489289284,0.0905487984418869,-0.06646529585123062,1.0353050231933594,0.43391698598861694,-0.24701052904129028,0.1393628567457199,0.6214265823364258,-0.21258224546909332,-0.25443345308303833,-0.26178058981895447,-0.2765794098377228,-0.2649122476577759,-0.17666561901569366,-0.07244834303855896,-0.27648741006851196,-0.26491841673851013,2.0832972526550293,-0.26307153701782227,-0.2525123953819275,-0.04124544560909271,-0.04684083163738251,5.314198970794678,-0.24865002930164337,-0.26971545815467834,-0.006607832387089729,-0.26010361313819885,-0.27129513025283813,-0.03343318775296211,-0.25291019678115845,-0.15408436954021454,-0.27078545093536377,1.1074376106262207,-0.011468452401459217,2.398155927658081,-0.13194066286087036,0.3963778018951416,-0.19884537160396576,-0.154219850897789,-0.24480105936527252,1.6659159660339355,1.2104392051696777,-0.1993926614522934,1.7863067388534546,-0.2607179880142212,-0.27658528089523315,-0.1728695034980774,0.5269848704338074,0.17513369023799896,-0.030347779393196106,0.41173669695854187,-0.06663216650485992,0.15268491208553314,-0.03919033333659172,0.3006753623485565,-0.2175493985414505,-0.27245721220970154,0.43789616227149963,-0.2696690559387207,-0.23533061146736145,-0.27813220024108887,-0.06345312297344208
102,470,842,478,849,1.2363500595092773,-0.2735449969768524,-0.27342936396598816,0.8586598038673401,-0.006631975062191486,-0.2344091534614563,-0.2747463881969452,-0.24888427555561066,-0.1577424556016922,-0.2783432900905609,0.45138347148895264,-0.21746814250946045,-0.27828243374824524,2.0422096252441406,-0.26320645213127136,-0.08781950920820236,-0.07697084546089172,-0.1654302477836609,-0.1831856369972229,-0.07848337292671204,-0.19960404932498932,-0.06619639694690704,-0.2616977393627167,-0.27462512254714966,-0.16849616169929504,-0.20282331109046936,-0.2784610986709595,-0.2702797055244446,0.41400980949401855,0.313516765832901,-0.16055084764957428,-0.14855614304542542,0.15840667486190796,0.1766536831855774,-0.27772021293640137,-0.24246175587177277,-0.26841357350349426,0.04356558993458748,-0.20117254555225372,-0.2700277864933014,-0.276272714138031,-0.25617462396621704,-0.20857489109039307,-0.26305633783340454,0.768773078918457,-0.2139422744512558,-0.21754860877990723,0.4268718361854553,-0.08547022938728333,-0.2774280905723572,0.7431361675262451,-0.1732979267835617,-0.26368820667266846,-0.27015694975852966,-0.27825412154197693,-0.16626612842082977,-0.22881366312503815,-0.0637054517865181,-0.2714501917362213,-0.14295694231987,-0.08100283145904541,1.778625726699829,-0.2501072585582733,-0.18477022647857666,4.080856800079346,-0.2642666697502136,-0.14122503995895386,0.01241830550134182,-0.2208956629037857,0.8185451626777649,2.6499648094177246,-0.11176379770040512,-0.2784476578235626,-0.27078086137771606,-0.001253386028110981,-0.26405587792396545,0.8372429609298706,-0.2728867530822754,-0.24642877280712128,-0.23077629506587982,-0.2648686468601227,-0.23808597028255463,-0.27692124247550964,-0.268112450838089,0.016552245244383812,-0.27207911014556885,-0.17381687462329865,-0.10286685079336166,0.7219972610473633,-0.2549137473106384,-0.06321563571691513,-0.08649589866399765,-0.27833065390586853,-0.22056317329406738,-0.23042190074920654,-0.1297573745250702,-0.2677769660949707,0.022230252623558044,-0.2737191617488861,0.4465504288673401,0.49519777297973633,0.36679524183273315,0.422256737947464,0.2777918577194214,-0.2604471743106842,-0.04775349423289299,0.5149516463279724,-0.17785274982452393,-0.27184557914733887,1.0938215255737305,-0.2123880237340927,-0.265830397605896,-0.23710569739341736,0.16446371376514435,0.2657450735569,-0.2230052500963211,0.33965009450912476,-0.2784232795238495,-0.23916132748126984,-0.08883419632911682,-0.05062065273523331,-0.023153185844421387,-0.1427362859249115,1.3838577270507812,-0.19873090088367462,-0.26792845129966736,1.1062068939208984,-0.2417163848876953
103,521,426,532,436,0.3548359274864197,-0.2755856215953827,-0.018421795219182968,1.0152084827423096,-0.0730523020029068,-0.258062481880188,0.1359127312898636,-0.26412853598594666,-0.2741500735282898,-0.17953945696353912,0.9654606580734253,-0.27844154834747314,0.08246009796857834,0.768764317035675,-0.06758470833301544,-0.10396821796894073,-0.21900832653045654,-0.11135534197092056,-0.19870714843273163,-0.27718374133110046,-0.26267990469932556,-0.07601279020309448,-0.08076273649930954,-0.12446346879005432,0.2685065269470215,-0.260475754737854,-0.14701588451862335,-0.19719554483890533,0.39050373435020447,0.09708867222070694,-0.220246359705925,-0.13817380368709564,0.04655160754919052,0.5293917059898376,-0.21576885879039764,-0.27587199211120605,-0.2442721724510193,-0.19017285108566284,-0.26444634795188904,-0.12045354396104813,-0.2608267068862915,-0.21592433750629425,-0.25111985206604004,-0.19174575805664062,0.6653873324394226,-0.23358109593391418,-0.22961878776550293,0.8280726671218872,1.0942003726959229,0.3440771996974945,0.2585515081882477,-0.24877269566059113,0.08512898534536362,-0.11991184204816818,-0.20999962091445923,-0.1776731312274933,-0.27319827675819397,0.12850236892700195,-0.13967543840408325,-0.16892878711223602,1.204266905784607,1.2873954772949219,-0.02002261020243168,0.021984083577990532,1.5632485151290894,-0.2662785053253174,-0.010948142036795616,-0.12887930870056152,0.19643157720565796,1.1505873203277588,1.242688775062561,-0.2774646282196045,-0.20525699853897095,-0.07824839651584625,-0.1686982661485672,-0.2544858753681183,0.6961647272109985,-0.2692275941371918,-0.12599346041679382,-0.2257930487394333,-0.12712904810905457,-0.2783593535423279,-0.2767755091190338,-0.2146417200565338,0.07389897853136063,-0.1878676414489746,-0.272666335105896,-0.12595920264720917,0.10647763311862946,-0.2752175033092499,-0.2596535086631775,0.1079045981168747,-0.012416303157806396,-0.25886648893356323,-0.26057207584381104,-0.2655322253704071,-0.2611215114593506,-0.0948362872004509,-0.08127490431070328,0.31427302956581116,-0.048690784722566605,0.15270869433879852,0.22666963934898376,0.5558063983917236,-0.245992973446846,0.7349441647529602,0.6691083312034607,-0.26394230127334595,-0.1360011100769043,0.2045370638370514,-0.2430824488401413,-0.260770708322525,-0.024063698947429657,-0.033257100731134415,0.3131091296672821,-0.23650041222572327,1.9452909231185913,-0.18666476011276245,-0.27423661947250366,-0.03750896826386452,-0.010388129390776157,0.3762000799179077,-0.27780380845069885,0.9203949570655823,-0.06842314451932907,0.48494482040405273,0.2418917566537857,-0.23989427089691162
104,165,481,173,488,-0.254807710647583,-0.21872802078723907,-0.17320182919502258,1.5786584615707397,-0.04456590488553047,0.7019855976104736,-0.2701197862625122,-0.235525980591774,-0.2286786288022995,1.2337650060653687,-0.04342195391654968,-0.2410462349653244,-0.19163648784160614,-0.2161671221256256,0.887740433216095,-0.23237597942352295,-0.11594390869140625,-0.2714221179485321,-0.27626797556877136,0.21098344027996063,-0.14534269273281097,2.354142665863037,-0.21008720993995667,1.2494200468063354,4.170075416564941,-0.19058577716350555,-0.2781623303890228,-0.1434306800365448,-0.26305514574050903,-0.20094417035579681,-0.24961692094802856,-0.18958093225955963,0.07852201163768768,0.25616583228111267,-0.24196940660476685,-0.24059231579303741,0.3016161620616913,-0.14019840955734253,-0.2513715326786041,1.896378993988037,-0.2520039677619934,0.5823907256126404,1.1518913507461548,-0.16467835009098053,-0.2729145288467407,0.9633175730705261,-0.14469893276691437,1.4427918195724487,2.6308999061584473,0.4514949917793274,0.04649994149804115,-0.059312064200639725,-0.2770383656024933,0.24893750250339508,-0.07939726859331131,-0.02756093256175518,-0.2747097909450531,0.387654572725296,-0.13146032392978668,-0.16087941825389862,0.15069648623466492,-0.21280990540981293,-0.2623412609100342,-0.07784372568130493,-0.2774088978767395,-0.26149165630340576,-0.27396541833877563,-0.26890793442726135,3.7341835498809814,0.20191331207752228,0.6162721514701843,-0.18433938920497894,-0.025100678205490112,-0.23623646795749664,-0.2652229368686676,-0.27097004652023315,-0.2780994474887848,-0.14428521692752838,0.16406001150608063,-0.07626421749591827,0.6117408275604248,-0.18801729381084442,-0.2762916684150696,0.18368247151374817,0.5570259094238281,-0.04667820781469345,-0.026270028203725815,-0.05134374648332596,0.7317083477973938,-0.27288347482681274,0.0008354599121958017,0.65500807762146,-0.2420743852853775,0.4820402264595032,-0.20563094317913055,-0.15934595465660095,-0.17011994123458862,-0.20264707505702972,0.22298622131347656,-0.2779013514518738,-0.10084030777215958,0.3808891773223877,0.2753141522407532,0.5492641925811768,-0.05719086155295372,0.8090459108352661,3.5760066509246826,-0.047083400189876556,-0.23220841586589813,-0.27715134620666504,-0.2470865249633789,-0.2501925826072693,0.04885295033454895,0.627976655960083,-0.20333042740821838,0.6604119539260864,-0.23436787724494934,1.1722315549850464,0.8122377991676331,1.173405408859253,0.6606417298316956,0.8029010891914368,-0.2434576153755188,0.7533112168312073,0.5629252195358276,-0.2635827958583832,-0.2535496950149536,0.19221776723861694
105,204,562,212,570,0.70466148853302,-0.2729850709438324,-0.23166462779045105,1.044580101966858,-0.023902254179120064,-0.16460716724395752,-0.23746392130851746,-0.26507654786109924,-0.1450333148241043,-0.09979726374149323,-0.00760185532271862,-0.17700208723545074,-0.26929759979248047,4.051867485046387,-0.09307760745286942,-0.19163833558559418,-0.04305533319711685,-0.1568228304386139,-0.229939267039299,-0.12828147411346436,-0.14886429905891418,1.0659164190292358,-0.2692250907421112,-0.27535295486450195,-0.17597535252571106,-0.24420443177223206,-0.1435130536556244,-0.23271125555038452,0.550640344619751,0.06759017705917358,-0.25685080885887146,-0.24721431732177734,0.2443186640739441,0.1791498064994812,-0.27810102701187134,-0.2565646171569824,-0.11920102685689926,-0.27676501870155334,-0.2341901808977127,-0.27789610624313354,-0.27156147360801697,-0.1431947648525238,-0.27167317271232605,-0.10189613699913025,0.13894341886043549,0.028596501797437668,-0.2781481146812439,0.8098376393318176,0.0034913059789687395,-0.2782401442527771,0.75531005859375,0.6805750727653503,-0.14206337928771973,-0.1862354725599289,-0.27786919474601746,-0.2637707591056824,-0.2692209482192993,-0.27571871876716614,-0.23069237172603607,-0.1612461358308792,-0.24081283807754517,1.145394206047058,-0.19398273527622223,-0.19077065587043762,5.557353496551514,-0.16231568157672882,-0.16283804178237915,0.08945457637310028,-0.27449631690979004,0.4390793442726135,2.3634755611419678,-0.2652836740016937,-0.26630842685699463,-0.1864732950925827,0.08808699250221252,-0.21969252824783325,1.21469247341156,-0.2589412331581116,-0.1534382551908493,-0.13010960817337036,0.8302945494651794,-0.23259276151657104,-0.2769010663032532,-0.21224857866764069,0.20085756480693817,-0.150861456990242,-0.22974014282226562,-0.09725429862737656,-0.09076667577028275,-0.27375972270965576,-0.08602051436901093,-0.2288239300251007,-0.2766703963279724,-0.2671630084514618,-0.2594217360019684,-0.14057578146457672,-0.2745431065559387,-0.22129413485527039,-0.258565753698349,0.16019999980926514,0.017707502469420433,-0.2538643181324005,0.39676836133003235,0.5863238573074341,-0.22748807072639465,-0.1355694830417633,1.8290417194366455,-0.1369764804840088,-0.24748829007148743,0.1865931749343872,-0.18391558527946472,-0.27148133516311646,-0.25912973284721375,1.830468773841858,-0.25770145654678345,-0.22069929540157318,-0.21685543656349182,-0.2661397457122803,-0.060787372291088104,0.5791005492210388,0.20899023115634918,-0.12182864546775818,-0.2029085010290146,1.7458906173706055,-0.20574845373630524,-0.27845513820648193,0.6116650700569153,-0.057878345251083374
106,99,511,107,518,0.0009073152323253453,-0.26757684350013733,-0.2681414484977722,0.9339665174484253,-0.08054623007774353,-0.27442893385887146,-0.25990980863571167,-0.27782225608825684,-0.2231208235025406,0.03385114297270775,0.5625606179237366,-0.2717823386192322,0.212575301527977,0.5937017202377319,-0.08261124789714813,-0.20278480648994446,-0.27295419573783875,-0.22652670741081238,-0.23403221368789673,-0.18508528172969818,-0.20907147228717804,0.05939774960279465,0.3789321780204773,-0.19634348154067993,0.2905048727989197,-0.04141237214207649,-0.03153882920742035,-0.23073628544807434,0.59681236743927,1.214741587638855,-0.24890664219856262,-0.25155171751976013,-0.06956436485052109,-0.16131430864334106,-0.24183747172355652,-0.2504919469356537,-0.24385958909988403,-0.2391515076160431,-0.26033440232276917,-0.2780506908893585,-0.2630644738674164,-0.240483820438385,-0.08984609693288803,-0.27783289551734924,0.8067546486854553,-0.2767530381679535,-0.2419128268957138,-0.2358723282814026,0.6374013423919678,0.24059109389781952,1.9427860975265503,1.3250750303268433,-0.2769240140914917,-0.25154203176498413,-0.2758134603500366,-0.14509671926498413,-0.25845322012901306,0.9297299981117249,-0.22774595022201538,-0.26379117369651794,-0.2714028060436249,0.9710255265235901,0.0792633444070816,-0.27784430980682373,-0.01568419486284256,-0.18392066657543182,-0.26536834239959717,0.21125538647174835,0.6502687931060791,3.1106977462768555,-0.12843306362628937,-0.27194029092788696,0.285025954246521,-0.005810861010104418,0.04803980141878128,-0.2610416114330292,0.14850851893424988,-0.27362731099128723,-0.2784349322319031,-0.26699402928352356,-0.11016545444726944,-0.23784808814525604,-0.2696532607078552,-0.2218266874551773,0.221340611577034,0.9523035883903503,-0.06195526942610741,-0.2431633621454239,-0.14624662697315216,-0.148563414812088,-0.24535442888736725,0.460236519575119,0.44227486848831177,-0.2695327401161194,-0.2604188621044159,-0.2730809450149536,-0.14260554313659668,0.7550228834152222,-0.07808621227741241,0.09110070765018463,-0.18756034970283508,-0.1819290667772293,-0.14541761577129364,0.17937691509723663,-0.21931159496307373,-0.2782851457595825,1.263195276260376,-0.2642093896865845,-0.12995700538158417,1.157611608505249,-0.15840007364749908,-0.27438244223594666,-0.14757148921489716,-0.19727635383605957,0.811118483543396,-0.2752882242202759,0.036427076905965805,-0.2703395187854767,-0.25859880447387695,-0.12787246704101562,0.01970253325998783,-0.006291108671575785,-0.27842825651168823,0.2544877827167511,-0.2094091773033142,-0.20927323400974274,0.22701145708560944,-0.26176324486732483
107,177,467,184,474,-0.23372937738895416,-0.21270018815994263,-0.25756770372390747,1.570292592048645,-0.06278683245182037,-0.27553024888038635,-0.11628060042858124,-0.09546750038862228,-0.27769342064857483,0.6653938889503479,0.4073448181152344,-0.2756635844707489,-0.2755865156650543,0.7803133130073547,0.7718196511268616,-0.09170171618461609,-0.2625703513622284,-0.17817024886608124,-0.27533096075057983,-0.09361379593610764,-0.2536574602127075,3.336684226989746,-0.2750972509384155,0.197871133685112,3.3500266075134277,-0.1459682285785675,-0.27694666385650635,-0.1873447149991989,-0.07416684180498123,-0.2611441910266876,-0.2778696119785309,-0.14605019986629486,-0.0955767035484314,-0.06256493180990219,-0.15769074857234955,0.19907857477664948,0.13964921236038208,-0.25965800881385803,-0.10095913708209991,2.9511325359344482,-0.0816500261425972,0.40420952439308167,0.5933573246002197,-0.25950586795806885,-0.2501683235168457,0.7536637187004089,-0.27687060832977295,0.5271639823913574,-0.23171216249465942,0.5031753182411194,1.138565182685852,-0.2643284797668457,-0.27684611082077026,-0.08942053467035294,1.9161745309829712,-0.06672152876853943,-0.27298834919929504,-0.14304903149604797,-0.23853503167629242,-0.2254307121038437,-0.06643322110176086,0.5895317792892456,0.15703235566616058,-0.2345772236585617,-0.08554736524820328,-0.2773783504962921,-0.03762131184339523,-0.09555592387914658,2.739323854446411,-0.14615745842456818,-0.020841635763645172,-0.14661861956119537,0.858738362789154,1.3375062942504883,-0.1764468103647232,-0.27736324071884155,-0.26959672570228577,-0.2637200653553009,0.38204225897789,-0.14590395987033844,0.23023918271064758,-0.21096272766590118,-0.27846309542655945,0.07284746319055557,0.49373698234558105,-0.16386769711971283,-0.17027685046195984,-0.1227957084774971,4.86610746383667,0.41068461537361145,-0.10287980735301971,0.48358094692230225,0.2218531221151352,0.2186487764120102,-0.25386208295822144,-0.27833202481269836,0.13648439943790436,-0.2640772759914398,1.046116590499878,-0.22124657034873962,0.6442710757255554,-0.21975676715373993,0.36473435163497925,0.1671541929244995,-0.16046589612960815,-0.04457344487309456,4.013491153717041,0.8006210327148438,-0.2744201421737671,-0.16368122398853302,-0.1965186595916748,-0.17057473957538605,-0.13697852194309235,0.3330076038837433,-0.22301660478115082,0.8004447221755981,-0.2537577450275421,0.48483461141586304,0.6225658059120178,1.0558719635009766,0.6219478845596313,0.6109857559204102,-0.23433253169059753,-0.06654415279626846,0.07285898178815842,-0.278261661529541,-0.26887497305870056,0.15289215743541718
108,677,420,687,429,-0.13009679317474365,-0.2367192804813385,-0.27830371260643005,1.6434820890426636,-0.045712992548942566,0.7674707770347595,-0.19513505697250366,-0.2446461021900177,-0.13447917997837067,0.26690831780433655,-0.2006833851337433,-0.12437012046575546,-0.27846288681030273,2.4070003032684326,0.3184257447719574,-0.26956450939178467,-0.09227394312620163,-0.15096232295036316,-0.10157515853643417,0.3332023024559021,-0.10298045724630356,2.1820337772369385,-0.2717982232570648,-0.17392274737358093,4.3511457443237305,-0.1933521181344986,-0.06073673814535141,-0.12980453670024872,-0.15979233384132385,-0.27807724475860596,-0.2650194466114044,-0.2685902416706085,-0.189941868185997,-0.0689646527171135,-0.2761482298374176,-0.27844759821891785,0.5280092358589172,-0.03744446113705635,-0.25609686970710754,-0.13603603839874268,-0.2745901644229889,0.9321002960205078,1.856581449508667,-0.1904824674129486,-0.2678716480731964,0.21706654131412506,-0.2720067799091339,1.770849585533142,4.988879203796387,-0.18811941146850586,0.23566477000713348,0.4210647642612457,-0.24747632443904877,0.5072017908096313,-0.2503739297389984,-0.027349228039383888,-0.2763417661190033,0.07771997153759003,0.35884755849838257,-0.08726152777671814,-0.13906407356262207,-0.24998582899570465,0.7829148173332214,-0.13906711339950562,-0.26718926429748535,-0.22036129236221313,-0.17208436131477356,-0.2699842154979706,0.023985480889678,-0.26464277505874634,0.016918035224080086,-0.262886643409729,-0.2502825856208801,-0.14522528648376465,0.22804869711399078,-0.267146497964859,-0.12678033113479614,-0.07508274167776108,-0.23194760084152222,-0.2480451911687851,2.7416398525238037,-0.2589877247810364,-0.2763829231262207,-0.24908305704593658,0.10899428278207779,-0.04311976954340935,-0.1051323339343071,-0.22458168864250183,-0.2699275612831116,-0.2732831835746765,-0.21909871697425842,1.0625969171524048,-0.2485947459936142,1.0977133512496948,-0.18143165111541748,-0.1747167408466339,-0.19394339621067047,-0.20657549798488617,0.8456811904907227,-0.26837173104286194,-0.20893418788909912,-0.27640363574028015,-0.12917765974998474,-0.06777515262365341,-0.0935135930776596,0.7363598942756653,1.5017280578613281,-0.2521028518676758,0.06457272917032242,-0.1646953672170639,-0.20330336689949036,-0.24756021797657013,-0.2190423458814621,0.2322636842727661,-0.24607013165950775,-0.15970924496650696,-0.20253853499889374,0.07835094630718231,0.0797581821680069,0.11201653629541397,0.6838263273239136,0.62682044506073,-0.2728602886199951,0.9667500853538513,-0.13588327169418335,-0.12551908195018768,-0.06670987606048584,0.1590695083141327
109,671,307,679,315,-0.27481362223625183,-0.2732012867927551,0.12273988127708435,0.752522885799408,-0.009805823676288128,-0.20982378721237183,-0.2579725980758667,-0.2548813223838806,-0.27458494901657104,-0.26863908767700195,-0.07480846345424652,-0.24947667121887207,-0.09966305643320084,-0.2079780101776123,-0.2638888359069824,0.01620740443468094,-0.0734286829829216,-0.13465003669261932,-0.14453211426734924,-0.07095617055892944,-0.2679581940174103,0.2291530817747116,-0.27176547050476074,1.1405168771743774,-0.16838613152503967,-0.24027325212955475,-0.08183431625366211,-0.27387893199920654,-0.24936100840568542,-0.2782658338546753,-0.1619298756122589,-0.050034258514642715,0.35032597184181213,-0.23680225014686584,-0.25646719336509705,-0.17114834487438202,-0.2706102430820465,-0.2470863163471222,-0.04874707758426666,0.38512903451919556,-0.27457550168037415,-0.27807489037513733,-0.023554012179374695,-0.09080224484205246,-0.05532063543796539,-0.2784474790096283,-0.03555990755558014,1.5697088241577148,-0.04525567591190338,-0.19447386264801025,-0.13010194897651672,-0.26234710216522217,-0.1647060662508011,-0.2545264959335327,-0.23962688446044922,-0.018811780959367752,-0.14431041479110718,-0.19710776209831238,-0.19176843762397766,-0.2685380280017853,-0.27216988801956177,-0.06580846756696701,-0.2780384421348572,-0.26497846841812134,-0.2768935561180115,-0.1062350869178772,-0.276689738035202,-0.16941414773464203,2.210860013961792,0.8724338412284851,1.7245523929595947,-0.21534626185894012,-0.19878140091896057,-0.20099447667598724,-0.2083832174539566,-0.27773353457450867,0.3286372423171997,-0.22515125572681427,-0.256865531206131,-0.052766602486371994,-0.27190321683883667,-0.27723532915115356,-0.2729652225971222,-0.18427109718322754,-0.2512795031070709,-0.2783341407775879,-0.10462819039821625,-0.0006550802499987185,0.630577564239502,-0.15306760370731354,-0.12418074160814285,0.45722442865371704,-0.24912278354167938,-0.13397306203842163,-0.029573580250144005,-0.228630930185318,-0.19954174757003784,-0.23119382560253143,-0.27797257900238037,0.5917525887489319,-0.011107801459729671,-0.22401554882526398,1.425588607788086,0.02048816718161106,-0.26232993602752686,-0.213607057929039,-0.2767791748046875,-0.14179040491580963,-0.1333615779876709,1.9835938215255737,-0.09921721369028091,-0.2538096606731415,-0.10235754400491714,0.04731675982475281,-0.12497016787528992,-0.2579822838306427,-0.27725106477737427,-0.11773084104061127,-0.27843770384788513,-0.22832974791526794,-0.16367939114570618,0.434407114982605,0.32992494106292725,0.02961338311433792,-0.2778952717781067,-0.2734842896461487,-0.2620091438293457,-0.2764621675014496
110,195,569,204,577,0.70466148853302,-0.2729850709438324,-0.23166462779045105,1.044580101966858,-0.023902254179120064,-0.16460716724395752,-0.23746392130851746,-0.26507654786109924,-0.1450333148241043,-0.09979726374149323,-0.00760185532271862,-0.17700208723545074,-0.26929759979248047,4.051867485046387,-0.09307760745286942,-0.19163833558559418,-0.04305533319711685,-0.1568228304386139,-0.229939267039299,-0.12828147411346436,-0.14886429905891418,1.0659164190292358,-0.2692250907421112,-0.27535295486450195,-0.17597535252571106,-0.24420443177223206,-0.1435130536556244,-0.23271125555038452,0.550640344619751,0.06759017705917358,-0.25685080885887146,-0.24721431732177734,0.2443186640739441,0.1791498064994812,-0.27810102701187134,-0.2565646171569824,-0.11920102685689926,-0.27676501870155334,-0.2341901808977127,-0.27789610624313354,-0.27156147360801697,-0.1431947648525238,-0.27167317271232605,-0.10189613699913025,0.13894341886043549,0.028596501797437668,-0.2781481146812439,0.8098376393318176,0.0034913059789687395,-0.2782401442527771,0.75531005859375,0.6805750727653503,-0.14206337928771973,-0.1862354725599289,-0.27786919474601746,-0.2637707591056824,-0.2692209482192993,-0.27571871876716614,-0.23069237172603607,-0.1612461358308792,-0.24081283807754517,1.145394206047058,-0.19398273527622223,-0.19077065587043762,5.557353496551514,-0.16231568157672882,-0.16283804178237915,0.08945457637310028,-0.27449631690979004,0.4390793442726135,2.3634755611419678,-0.2652836740016937,-0.26630842685699463,-0.1864732950925827,0.08808699250221252,-0.21969252824783325,1.21469247341156,-0.2589412331581116,-0.1534382551908493,-0.13010960817337036,0.8302945494651794,-0.23259276151657104,-0.2769010663032532,-0.21224857866764069,0.20085756480693817,-0.150861456990242,-0.22974014282226562,-0.09725429862737656,-0.09076667577028275,-0.27375972270965576,-0.08602051436901093,-0.2288239300251007,-0.2766703963279724,-0.2671630084514618,-0.2594217360019684,-0.14057578146457672,-0.2745431065559387,-0.22129413485527039,-0.258565753698349,0.16019999980926514,0.017707502469420433,-0.2538643181324005,0.39676836133003235,0.5863238573074341,-0.22748807072639465,-0.1355694830417633,1.8290417194366455,-0.1369764804840088,-0.24748829007148743,0.1865931749343872,-0.18391558527946472,-0.27148133516311646,-0.25912973284721375,1.830468773841858,-0.25770145654678345,-0.22069929540157318,-0.21685543656349182,-0.2661397457122803,-0.060787372291088104,0.5791005492210388,0.20899023115634918,-0.12182864546775818,-0.2029085010290146,1.7458906173706055,-0.20574845373630524,-0.27845513820648193,0.6116650700569153,-0.057878345251083374
111,152,460,161,468,0.38529932498931885,-0.2598899006843567,-0.13077446818351746,0.8727909922599792,-0.012510310858488083,-0.2545132040977478,-0.265382319688797,-0.277497798204422,-0.2559156119823456,-0.2701365053653717,1.0672286748886108,-0.18516293168067932,-0.17958679795265198,0.41843897104263306,-0.2781054973602295,-0.13649293780326843,-0.16899406909942627,-0.14162877202033997,-0.1547883152961731,-0.12989333271980286,-0.2737054228782654,-0.10730883479118347,-0.18535767495632172,0.06972454488277435,-0.03545961156487465,-0.26405251026153564,-0.23853200674057007,-0.2328524887561798,-0.1570952981710434,-0.23968279361724854,-0.21392378211021423,-0.10475417226552963,0.3045959174633026,1.609419822692871,-0.25155994296073914,-0.21881061792373657,-0.27089816331863403,-0.0719388872385025,-0.20380951464176178,-0.25007811188697815,-0.27484914660453796,-0.26644667983055115,-0.2769399881362915,-0.255657821893692,1.6599369049072266,-0.24915450811386108,-0.2635005712509155,1.0977590084075928,0.28750738501548767,-0.16309207677841187,0.048674099147319794,-0.2771427631378174,-0.16795344650745392,-0.2521013021469116,-0.2531481683254242,-0.07957842200994492,-0.18370099365711212,-0.08111563324928284,-0.20179268717765808,-0.1666698455810547,-0.1456366628408432,1.8885678052902222,-0.17079080641269684,-0.23787273466587067,1.3753764629364014,-0.2754114866256714,-0.2727918028831482,-0.2784530222415924,0.34963834285736084,0.5091609358787537,2.3197782039642334,-0.27096956968307495,-0.27777981758117676,-0.1749512106180191,-0.22426769137382507,-0.2570941150188446,0.3103514611721039,-0.27237769961357117,-0.27750977873802185,-0.1175195723772049,-0.2711089253425598,-0.27274614572525024,-0.27092045545578003,-0.23203428089618683,-0.26251867413520813,-0.2411791980266571,-0.27364933490753174,-0.02480097860097885,0.39491182565689087,-0.27813205122947693,-0.14688609540462494,0.21782542765140533,-0.22960683703422546,-0.20424219965934753,-0.2675256133079529,-0.2522275745868683,-0.2746496796607971,0.12498058378696442,-0.2744043171405792,0.40638232231140137,0.11031407117843628,0.24838440120220184,0.7375670075416565,0.18205378949642181,-0.18660470843315125,0.02496221289038658,0.08595546334981918,-0.14912404119968414,-0.04434870183467865,0.4636605381965637,-0.2784501612186432,-0.26153117418289185,-0.25345689058303833,-0.262685090303421,0.33351388573646545,-0.2745291292667389,0.6061103343963623,-0.2667280435562134,-0.2783048748970032,-0.20713701844215393,-0.09039325267076492,0.6111008524894714,-0.25913313031196594,0.33146119117736816,-0.14956173300743103,0.1091684028506279,0.032796844840049744,-0.25540250539779663
112,227,643,237,652,-0.1333322525024414,-0.21849456429481506,-0.2745334804058075,1.6819043159484863,-0.10702797770500183,1.8266297578811646,-0.26358333230018616,-0.25413912534713745,-0.2242542803287506,0.465198814868927,-0.2501554787158966,-0.0728762298822403,-0.22647696733474731,2.45466947555542,1.0378257036209106,-0.2500271201133728,-0.07974877953529358,-0.254223108291626,-0.27505168318748474,0.7228949666023254,-0.06016784533858299,3.9137380123138428,-0.22821396589279175,-0.2586025595664978,4.746865749359131,-0.217397540807724,-0.27358561754226685,-0.08643800020217896,-0.14703431725502014,-0.23293496668338776,-0.20244815945625305,-0.23786167800426483,0.04948386922478676,-0.22846031188964844,-0.2749839723110199,-0.22196708619594574,0.6142334938049316,-0.03532300144433975,-0.23705202341079712,-0.20782102644443512,-0.263806015253067,0.773082435131073,0.8604038953781128,-0.1877373605966568,-0.22409836947917938,0.6424522995948792,-0.229684978723526,1.5242339372634888,1.1550770998001099,-0.22801674902439117,0.2527489960193634,0.9218944311141968,-0.21935182809829712,0.38486310839653015,-0.21936343610286713,-0.069606713950634,-0.2714543044567108,-0.2409498691558838,-0.12421639263629913,-0.20503012835979462,-0.21668937802314758,-0.21163612604141235,0.1155107393860817,-0.1561855524778366,-0.26988711953163147,-0.2602333128452301,0.09922409802675247,-0.24822653830051422,0.17734575271606445,-0.2776371240615845,0.16275176405906677,-0.19791549444198608,-0.2714601457118988,-0.1076161190867424,0.15598192811012268,-0.2586067020893097,-0.27731049060821533,-0.09359662979841232,-0.1299159824848175,-0.12371498346328735,2.3471996784210205,-0.25030380487442017,-0.278462290763855,-0.26924604177474976,0.8762127161026001,-0.08661890029907227,-0.2338540107011795,-0.03402390703558922,-0.26222702860832214,-0.25867804884910583,-0.06916064769029617,0.7550062537193298,-0.27428558468818665,1.112384557723999,-0.20264261960983276,-0.165108785033226,-0.005594757851213217,-0.23345626890659332,0.38655659556388855,-0.2344430685043335,-0.27050846815109253,-0.24710175395011902,-0.10796161741018295,-0.09782060980796814,-0.081614188849926,0.034642741084098816,1.629480242729187,0.08510216325521469,0.5850041508674622,-0.26060837507247925,-0.22058215737342834,-0.2754480838775635,-0.27714887261390686,0.9227561354637146,-0.22923631966114044,-0.13890796899795532,-0.07601882517337799,-0.2768540382385254,-0.17568904161453247,1.049635648727417,0.9008625149726868,0.8355960845947266,-0.22716419398784637,0.4477642774581909,-0.18713292479515076,-0.26872745156288147,-0.06460905075073242,0.4777323007583618
113,237,733,245,741,0.18985064327716827,-0.2688535451889038,0.1377747654914856,0.9988709092140198,-0.12839119136333466,-0.27588850259780884,-0.23469877243041992,-0.20299920439720154,-0.2717739939689636,-0.21140749752521515,0.8754395842552185,-0.25205910205841064,0.4667746126651764,0.06725871562957764,-0.19050318002700806,-0.1231851726770401,-0.13270728290081024,-0.11900290101766586,-0.2519834637641907,-0.2721901834011078,-0.27239927649497986,-0.022170519456267357,0.121633380651474,0.035551488399505615,0.2576214075088501,-0.226842001080513,-0.2068883180618286,-0.25090739130973816,-0.1553483009338379,0.37260183691978455,-0.03703167662024498,-0.1951359063386917,0.13748502731323242,0.3290676176548004,-0.23629629611968994,-0.27310407161712646,-0.2537807524204254,0.08116332441568375,-0.27825504541397095,-0.14945846796035767,-0.2721831500530243,-0.23481391370296478,-0.2778758704662323,-0.15478485822677612,0.7345674633979797,-0.245659738779068,-0.17108388245105743,0.574975311756134,-0.06816737353801727,-0.10509762167930603,0.34161755442619324,-0.2728427052497864,0.004758838098496199,-0.2005225121974945,-0.12935771048069,-0.21896016597747803,-0.2570786476135254,-0.0936373621225357,-0.08554737269878387,-0.22285108268260956,0.08475179970264435,0.841418981552124,-0.09250544011592865,-0.25996944308280945,0.24179577827453613,-0.017463650554418564,-0.05714813247323036,-0.029608380049467087,0.20817062258720398,0.5580832958221436,1.043939232826233,-0.2779781222343445,-0.1998639702796936,-0.1197529137134552,-0.162327378988266,-0.27747252583503723,0.24429774284362793,-0.2588978111743927,-0.2587182819843292,-0.2624577581882477,-0.06332997977733612,-0.27846160531044006,-0.2784341275691986,-0.22330306470394135,-0.17099487781524658,0.27045249938964844,-0.2255379855632782,-0.1542796790599823,0.39656850695610046,-0.20966017246246338,-0.2562128007411957,0.2536551058292389,0.1368045061826706,-0.24673005938529968,-0.2520136535167694,-0.26088953018188477,-0.22400900721549988,0.43593519926071167,-0.21498116850852966,0.43304362893104553,0.08424931764602661,0.2654392123222351,0.21720024943351746,0.28053346276283264,-0.27809104323387146,0.037437379360198975,0.19747044146060944,-0.2663510739803314,0.358879417181015,0.10144007205963135,-0.17912912368774414,-0.27838149666786194,-0.2758685052394867,-0.21946179866790771,0.31904178857803345,-0.2694522440433502,0.4821905195713043,-0.2781504988670349,-0.2773047089576721,-0.19122321903705597,-0.06592129915952682,0.5904349684715271,-0.2769378423690796,0.18426711857318878,-0.08114589005708694,0.35376042127609253,-0.17930923402309418,-0.2260223627090454
114,608,243,617,251,-0.19481268525123596,-0.16835495829582214,-0.27837392687797546,1.7302132844924927,-0.09577279537916183,-0.21238580346107483,-0.1292857974767685,-0.20651517808437347,-0.2784423530101776,-0.05195595696568489,0.11455057561397552,-0.26259785890579224,-0.25909602642059326,2.07466197013855,1.728853702545166,-0.2742103040218353,-0.013566993176937103,-0.2781983017921448,-0.27522045373916626,-0.22615277767181396,-0.13701023161411285,4.603034973144531,-0.2546517252922058,-0.2698825001716614,4.609976768493652,-0.09218065440654755,-0.27453503012657166,-0.0943114385008812,-0.24235668778419495,-0.26435428857803345,-0.05964938551187515,-0.11311923712491989,-0.14713025093078613,-0.2584805190563202,-0.2529856562614441,0.2232847958803177,0.46130257844924927,-0.0839979276061058,0.3392217755317688,0.114370197057724,-0.2397923320531845,0.81167072057724,0.2815881371498108,-0.16359807550907135,-0.22576899826526642,1.3373831510543823,-0.25410836935043335,0.8245339393615723,-0.1788741648197174,-0.0030112238600850105,0.48812445998191833,-0.25314101576805115,-0.18345202505588531,0.332528293132782,2.0316967964172363,-0.03719831630587578,-0.27745795249938965,-0.21778585016727448,-0.2584525942802429,-0.20679700374603271,-0.27800336480140686,-0.2776034474372864,0.10266698896884918,-0.11089599132537842,-0.2783215343952179,-0.26496848464012146,-0.012220514938235283,-0.25855156779289246,1.1793879270553589,-0.25484901666641235,-0.2760285437107086,-0.1259339600801468,0.021927224472165108,-0.15603938698768616,0.5779433250427246,-0.25352898240089417,-0.26098477840423584,-0.2774162292480469,0.9251292943954468,-0.2472739964723587,-0.10549845546483994,-0.27808964252471924,-0.27023938298225403,-0.05234358087182045,0.5913617014884949,-0.09406887739896774,-0.1748030036687851,-0.08293650299310684,4.818963527679443,0.45213666558265686,-0.26494914293289185,-0.041456546634435654,-0.2194337546825409,1.0511726140975952,-0.18853087723255157,-0.2781525254249573,1.2020066976547241,-0.2511589229106903,0.7341270446777344,-0.2543942928314209,2.325796365737915,-0.14769062399864197,0.20365512371063232,-0.14589478075504303,-0.0790274441242218,-0.1891605406999588,3.282383441925049,-0.15718869864940643,-0.25713086128234863,-0.2760344445705414,-0.19309453666210175,-0.13465763628482819,-0.21361199021339417,1.5850248336791992,-0.27725082635879517,0.6617437601089478,-0.1895536631345749,-0.11046093702316284,0.4102872610092163,1.2219898700714111,1.1785271167755127,1.0899460315704346,-0.2666455805301666,0.07739002257585526,-0.25050926208496094,-0.19772136211395264,-0.12656553089618683,0.47718650102615356
115,819,572,828,580,1.1924083232879639,-0.25633418560028076,-0.17971408367156982,0.8874952793121338,-0.0141266705468297,-0.26736029982566833,-0.2640575170516968,-0.2696402966976166,-0.2316252440214157,-0.2617737948894501,0.4669453501701355,-0.23123666644096375,-0.20689553022384644,0.9237787127494812,-0.17562970519065857,-0.16997089982032776,-0.10598946362733841,-0.21612662076950073,-0.13850779831409454,-0.19981464743614197,-0.24255824089050293,0.11731861531734467,-0.23307467997074127,-0.20085366070270538,-0.07911611348390579,-0.05913833901286125,-0.2777257263660431,-0.2664030194282532,0.1483137607574463,0.8711074590682983,-0.2682637870311737,-0.2104756385087967,0.3574877679347992,0.034631773829460144,-0.26533272862434387,-0.26406392455101013,-0.2695083022117615,0.07523466646671295,-0.2670418322086334,-0.274898499250412,-0.27407968044281006,-0.254885733127594,-0.2104915827512741,-0.22329075634479523,0.9735881686210632,-0.24409864842891693,-0.27821996808052063,0.4961839020252228,-0.06980471312999725,-0.24933646619319916,0.2627084255218506,0.12286938726902008,-0.07330861687660217,-0.22082734107971191,-0.20286065340042114,-0.1381034553050995,-0.23916585743427277,0.01870793290436268,-0.13236741721630096,-0.1798466444015503,0.19158197939395905,1.0959402322769165,-0.1874779611825943,-0.2714634835720062,2.787719249725342,-0.24180468916893005,-0.20597103238105774,-0.005009587854146957,-0.1916305273771286,0.47296711802482605,2.2753593921661377,-0.2643990218639374,-0.23709288239479065,-0.27328017354011536,0.10903934389352798,-0.27301713824272156,0.45706820487976074,-0.27802520990371704,-0.2761620581150055,-0.11455350369215012,0.14494167268276215,-0.22154299914836884,-0.26713132858276367,-0.26460471749305725,0.30227166414260864,-0.21942460536956787,-0.2743406891822815,-0.07796843349933624,0.1441834717988968,-0.2771628797054291,-0.100055031478405,-0.07885537296533585,-0.21487951278686523,-0.22749948501586914,-0.26000651717185974,-0.20472189784049988,-0.2758365273475647,0.008832207880914211,-0.265554815530777,0.5718839168548584,0.1417883336544037,1.0245749950408936,0.20526576042175293,0.2826535701751709,-0.2578499913215637,0.15400204062461853,0.017900997772812843,-0.18817919492721558,-0.2688274681568146,0.23958314955234528,-0.26438310742378235,-0.26050302386283875,-0.25907590985298157,0.3985085189342499,0.20642785727977753,-0.2592197060585022,-0.013976085931062698,-0.27065762877464294,-0.27760741114616394,0.07117345929145813,-0.028935464099049568,0.27616479992866516,-0.22986342012882233,0.8760988116264343,-0.1066209003329277,-0.11648110300302505,0.7010816335678101,-0.19955556094646454
116,307,423,315,431,0.10241963714361191,-0.2313535213470459,-0.19934900104999542,1.399970531463623,-0.06613823771476746,-0.06641236692667007,-0.13169367611408234,-0.2665751278400421,-0.1351104974746704,0.01462450623512268,-0.2082640677690506,-0.19175204634666443,-0.2181624323129654,5.353476524353027,0.6086191534996033,-0.2073715478181839,-0.027084337547421455,0.3550741672515869,-0.27435502409935,-0.26383158564567566,-0.1474665403366089,2.737993001937866,-0.24150586128234863,-0.2779327630996704,-0.09815384447574615,-0.23752716183662415,-0.11385912448167801,-0.19820237159729004,0.4588376581668854,-0.27086371183395386,-0.2779772877693176,-0.2783244252204895,-0.16375626623630524,0.3693833351135254,-0.2558920681476593,-0.23916973173618317,0.2941058576107025,-0.16250096261501312,-0.2742471396923065,-0.25017955899238586,-0.26774731278419495,0.329131156206131,-0.15550924837589264,-0.14317743480205536,-0.24507823586463928,0.48383828997612,-0.2781278192996979,1.0320719480514526,0.09721586108207703,-0.277953565120697,0.8352155685424805,0.7264995574951172,-0.19331102073192596,-0.202873095870018,-0.16072000563144684,-0.1391502469778061,-0.2669459581375122,-0.2708003520965576,-0.1476680040359497,-0.2249177098274231,-0.27779191732406616,0.3532333970069885,-0.1590728610754013,-0.2546464204788208,5.442695617675781,-0.07969588041305542,-0.1396142989397049,-0.0972956046462059,-0.26990747451782227,-0.1069374531507492,1.7023969888687134,-0.27755287289619446,-0.277925580739975,-0.19458547234535217,0.11150330305099487,-0.24747750163078308,1.3141517639160156,-0.2678104043006897,0.4271030128002167,-0.2156992405653,1.551542043685913,-0.2725580036640167,-0.27515244483947754,-0.2222893089056015,0.023698734119534492,-0.08093689382076263,-0.2608516216278076,-0.22471395134925842,-0.03421575948596001,-0.2688601613044739,-0.27737894654273987,-0.23296764492988586,-0.2724914252758026,0.3171207010746002,-0.2477109581232071,-0.1312824785709381,-0.17294882237911224,-0.2317676544189453,0.15167678892612457,-0.15903185307979584,0.07373875379562378,-0.20818933844566345,0.06803049147129059,0.17483969032764435,-0.1337069720029831,0.1146475076675415,3.1683027744293213,0.48260626196861267,-0.21152101457118988,0.04285762459039688,-0.1554211974143982,-0.227532759308815,-0.2736682891845703,1.8394920825958252,-0.259608656167984,-0.1374475359916687,-0.26928243041038513,-0.26081573963165283,0.42032477259635925,1.3754411935806274,0.42678821086883545,-0.09031607210636139,-0.2368481606245041,0.8450685143470764,-0.14054790139198303,-0.2586985230445862,0.014637676998972893,0.26606735587120056
117,676,259,685,267,-0.14079971611499786,-0.2428097128868103,-0.2770785391330719,1.7463288307189941,-0.0698363184928894,2.423840284347534,-0.2733270823955536,-0.22999797761440277,-0.2360464334487915,1.268423080444336,-0.18477191030979156,-0.06368327885866165,-0.24303436279296875,2.2051804065704346,0.4639609754085541,-0.2686355412006378,-0.27190154790878296,-0.2219891995191574,-0.2344432771205902,0.11785466969013214,-0.049876466393470764,3.4987130165100098,-0.20787131786346436,-0.25734376907348633,4.780496597290039,-0.21720410883426666,-0.2726258933544159,-0.0506284162402153,-0.17588695883750916,-0.2613704800605774,-0.18804986774921417,-0.2546520233154297,0.029180802404880524,-0.24428480863571167,-0.27147266268730164,-0.19810378551483154,0.6235636472702026,-0.04564426466822624,-0.18815754354000092,-0.19781838357448578,-0.2547864615917206,0.9565625190734863,0.6989205479621887,-0.1369965672492981,-0.2728179395198822,0.5863609313964844,-0.23704808950424194,1.3224471807479858,2.792510747909546,-0.2761971950531006,0.10776744037866592,0.5539690852165222,-0.21576282382011414,0.8689120411872864,-0.2682664394378662,-0.046029817312955856,-0.23054611682891846,-0.23185399174690247,-0.27544769644737244,-0.16097913682460785,-0.2784600853919983,-0.2085433304309845,0.28495800495147705,-0.04900465905666351,-0.2684788107872009,-0.27799758315086365,-0.023735864087939262,-0.2545969784259796,0.7984196543693542,-0.25695836544036865,-0.13568700850009918,-0.16057901084423065,-0.27806201577186584,-0.08586426824331284,-0.07367914170026779,-0.22371602058410645,-0.2772951126098633,-0.08088544011116028,0.031357359141111374,-0.13717886805534363,2.7279083728790283,-0.27231070399284363,-0.27843132615089417,-0.24993747472763062,1.1303552389144897,-0.09078234434127808,-0.22312802076339722,-0.03461539372801781,-0.2652036249637604,-0.24373143911361694,0.04081158712506294,1.1436316967010498,-0.19735313951969147,1.3011474609375,-0.16935995221138,-0.2212861031293869,-0.04361731931567192,-0.22716255486011505,0.5485296845436096,-0.25597482919692993,-0.2563377618789673,-0.23784464597702026,-0.15461459755897522,-0.06032590940594673,-0.08070158213376999,0.02759120799601078,2.655219078063965,0.7391764521598816,0.10685079544782639,-0.2726159393787384,-0.21003177762031555,-0.27845385670661926,-0.23973187804222107,0.8357865810394287,-0.23275385797023773,-0.11154249310493469,-0.08244746923446655,-0.21946784853935242,-0.06516671925783157,1.4086016416549683,1.0196151733398438,0.8156046271324158,-0.27141866087913513,0.37500908970832825,-0.04037845879793167,-0.23893336951732635,-0.08909139037132263,0.3391314744949341
118,76,578,85,587,-0.21147209405899048,-0.2515483498573303,-0.11596045643091202,1.0072709321975708,-0.07807014882564545,-0.27749305963516235,0.08374003320932388,-0.2504332959651947,-0.2118096947669983,0.06283658742904663,0.9099770784378052,-0.16391605138778687,0.07897427678108215,0.9404205083847046,-0.09997134655714035,-0.19606830179691315,-0.2751654088497162,-0.24977552890777588,-0.2752479314804077,-0.2742730975151062,-0.27428415417671204,0.1274745911359787,0.19644509255886078,-0.16527988016605377,1.1089311838150024,-0.262691468000412,-0.15793554484844208,-0.21891719102859497,-0.14459294080734253,0.1337021142244339,-0.13649921119213104,-0.16542242467403412,0.080983005464077,0.09888742119073868,-0.24640068411827087,-0.2631199061870575,-0.24727359414100647,-0.10055118799209595,-0.2417190968990326,-0.22327688336372375,-0.2770242691040039,-0.2054446041584015,-0.0831894502043724,-0.22795024514198303,0.14525872468948364,-0.19568601250648499,-0.2690049111843109,0.693549394607544,0.6119986176490784,0.5065167546272278,0.1354433298110962,-0.24883092939853668,-0.00033847836311906576,-0.23930630087852478,-0.2783468961715698,-0.15592622756958008,-0.24606263637542725,-0.26728004217147827,-0.16216930747032166,-0.19705329835414886,0.24623435735702515,0.53978431224823,0.4338478147983551,-0.2760365903377533,0.19610224664211273,-0.2147921919822693,-0.22107471525669098,-0.019583646208047867,0.575272262096405,0.6071423888206482,0.3370707035064697,-0.25665247440338135,-0.16814525425434113,-0.13122956454753876,-0.11984963715076447,-0.2612078785896301,-0.2195025533437729,-0.2512687146663666,-0.2772997319698334,-0.09426569193601608,0.29878807067871094,-0.27369073033332825,-0.27778035402297974,-0.22789038717746735,-0.07070236653089523,-0.2779347896575928,-0.2779709994792938,-0.10805593430995941,0.4478161036968231,-0.2784072756767273,-0.245351642370224,0.374504029750824,-0.0520322322845459,-0.2717641294002533,-0.27698615193367004,-0.27842721343040466,-0.21310484409332275,-0.008643819950520992,0.04036329314112663,0.2276834100484848,-0.17640286684036255,-0.14993590116500854,0.17586079239845276,0.39517301321029663,-0.2645595967769623,-0.22927135229110718,0.6437135338783264,-0.2374543696641922,0.08052472770214081,0.08403829485177994,-0.24472461640834808,-0.26789605617523193,-0.2500811219215393,0.003448120318353176,0.11399000883102417,-0.26931917667388916,0.4506394565105438,-0.24590113759040833,-0.26662272214889526,0.004594766069203615,0.09338204562664032,0.6745829582214355,-0.2381841540336609,0.695255696773529,-0.1724158376455307,0.1719960868358612,-0.2711910903453827,-0.22202040255069733
119,859,502,868,511,-0.2059858739376068,-0.2782971262931824,-0.2773696482181549,0.8765677213668823,-0.010435725562274456,0.2379833459854126,-0.2747492790222168,-0.20994818210601807,-0.2707783281803131,-0.25504636764526367,-0.27818796038627625,-0.2066861093044281,-0.09467144310474396,-0.26593583822250366,-0.26335999369621277,-0.02350548654794693,-0.0909133180975914,-0.18144917488098145,-0.23838604986667633,-0.12019888311624527,-0.27582573890686035,0.5113117694854736,-0.21823184192180634,2.8045995235443115,-0.19690315425395966,-0.2583151161670685,-0.08760365098714828,-0.27423831820487976,-0.22867707908153534,-0.27279993891716003,-0.14786319434642792,-0.060255397111177444,0.706082820892334,-0.21851412951946259,-0.2747930586338043,-0.13850238919258118,-0.2782634496688843,-0.2702983021736145,-0.036954957991838455,2.8448376655578613,-0.2511873245239258,-0.2459849715232849,-0.2657250761985779,-0.06547066569328308,0.07128997147083282,-0.22740833461284637,-0.03387780860066414,1.5942937135696411,0.39882758259773254,-0.20914918184280396,-0.0824306383728981,-0.20991255342960358,-0.23679834604263306,-0.2778169512748718,-0.21972642838954926,-0.03550919517874718,-0.16086158156394958,-0.25015267729759216,-0.18963176012039185,-0.24492232501506805,-0.025894440710544586,-0.14893120527267456,-0.27809640765190125,-0.2766782343387604,-0.2769125998020172,-0.14440886676311493,-0.270681768655777,-0.15569931268692017,3.5911033153533936,0.8078422546386719,2.7023699283599854,-0.1298506110906601,-0.2390778660774231,-0.20854789018630981,-0.1914168745279312,-0.2745699882507324,-0.010467574931681156,-0.18994949758052826,-0.2782658040523529,-0.11483403295278549,0.07419225573539734,-0.2491137832403183,-0.2692081034183502,-0.1652916520833969,-0.22684413194656372,-0.24579568207263947,-0.08586353808641434,-0.0031012441031634808,0.029044408351182938,-0.16926898062229156,-0.07394672185182571,0.7369073033332825,-0.2773020565509796,-0.16647189855575562,-0.2524462640285492,-0.16441640257835388,-0.20731890201568604,-0.24357770383358002,-0.27353939414024353,0.3711318075656891,-0.18451423943042755,-0.26202505826950073,0.7648354172706604,0.3010851740837097,-0.25087639689445496,0.6993697881698608,-0.13912005722522736,-0.23983214795589447,-0.2581835389137268,1.1569889783859253,0.00666955066844821,-0.25723057985305786,-0.2049923539161682,0.6138911843299866,-0.24692466855049133,0.08969828486442566,-0.24467350542545319,-0.22239238023757935,-0.24693801999092102,0.0771169662475586,-0.10102614760398865,0.3345303535461426,-0.023793185129761696,0.6286650896072388,-0.22531059384346008,-0.27631503343582153,0.37184515595436096,-0.15873369574546814
120,389,243,397,251,-0.1808808445930481,-0.27221977710723877,-0.27757519483566284,1.689530372619629,-0.04532088711857796,2.3823838233947754,-0.26685112714767456,-0.1817970871925354,-0.23418760299682617,1.473404049873352,-0.029721278697252274,-0.206405907869339,-0.27482959628105164,1.312950849533081,0.023713620379567146,-0.2779080867767334,-0.18159830570220947,-0.13124476373195648,-0.27241164445877075,-0.2691566050052643,-0.0664069801568985,2.0645809173583984,-0.2477443814277649,-0.24372811615467072,4.4748945236206055,-0.24354307353496552,-0.27467161417007446,-0.05437197908759117,-0.24075494706630707,-0.2558952271938324,-0.15798982977867126,-0.20686012506484985,-0.12989364564418793,-0.20038889348506927,-0.262382835149765,-0.20186010003089905,0.529551088809967,-0.07036968320608139,-0.012136800214648247,-0.17554090917110443,-0.25642088055610657,1.0517264604568481,0.13984186947345734,-0.1029583215713501,-0.2756814658641815,0.45734405517578125,-0.26681485772132874,1.2842007875442505,4.659965991973877,0.11714280396699905,-0.10211225599050522,0.019934505224227905,-0.21373048424720764,1.0676629543304443,-0.27545154094696045,-0.039582427591085434,-0.22120389342308044,-0.20526771247386932,-0.2426547110080719,-0.10992319136857986,-0.2713712751865387,-0.24804897606372833,0.42213040590286255,-0.015231555327773094,-0.25743481516838074,-0.26999029517173767,0.16962279379367828,-0.24926193058490753,1.2256574630737305,-0.10105586051940918,-0.25777149200439453,-0.16544370353221893,-0.27840352058410645,-0.13538123667240143,-0.2109362930059433,-0.21092605590820312,-0.2710588872432709,-0.11393435299396515,0.0625651627779007,-0.23299847543239594,2.134889841079712,-0.26562023162841797,-0.27649131417274475,-0.1564321219921112,1.1394413709640503,-0.09048813581466675,-0.17708370089530945,-0.06972337514162064,-0.27166828513145447,-0.25653180480003357,-0.07964733242988586,1.0472569465637207,-0.010799831710755825,1.1814600229263306,-0.1503247767686844,-0.24754762649536133,-0.003427038434892893,-0.269430011510849,0.6506720185279846,-0.2712952792644501,-0.2139531970024109,0.3385615050792694,-0.16634172201156616,-0.0785844549536705,-0.15951146185398102,0.03338262811303139,2.9717609882354736,0.6051266193389893,-0.17019130289554596,-0.2696143090724945,-0.21040929853916168,-0.276842325925827,-0.18478594720363617,0.6895636320114136,-0.27560436725616455,-0.06264354288578033,-0.2107784003019333,0.24185442924499512,0.13809625804424286,1.076986312866211,0.8644712567329407,0.7731651067733765,-0.2619498074054718,0.4312164783477783,0.12066131830215454,-0.25288429856300354,-0.14172375202178955,0.12062187492847443
121,83,500,92,507,-0.13156266510486603,-0.2166176587343216,-0.27373695373535156,1.7073549032211304,-0.1468621790409088,1.5933420658111572,-0.26192548871040344,-0.1866946518421173,-0.2250303030014038,0.9404549598693848,-0.20310817658901215,-0.06269066035747528,-0.2758715748786926,2.7593648433685303,0.8153061270713806,-0.2695348262786865,-0.02380639687180519,-0.2613365948200226,-0.2693188190460205,0.20597709715366364,-0.07460814714431763,3.7547926902770996,-0.23292601108551025,-0.21620696783065796,4.295469760894775,-0.20541144907474518,-0.2784282863140106,-0.053665198385715485,-0.18635520339012146,-0.25326576828956604,-0.08880963176488876,-0.2361501306295395,0.12144883722066879,-0.1936502605676651,-0.26990488171577454,-0.22040799260139465,0.5338612794876099,-0.039759311825037,-0.2566479444503784,-0.21213485300540924,-0.25842538475990295,0.7717607617378235,0.6044211983680725,-0.20825377106666565,-0.22322486340999603,0.6059902310371399,-0.2733190357685089,1.4017221927642822,1.1384673118591309,-0.25358766317367554,0.3000458776950836,0.38909822702407837,-0.24430182576179504,0.4009283781051636,-0.255593866109848,-0.0756511315703392,-0.2581543028354645,-0.26976487040519714,-0.2592668831348419,-0.1577111780643463,-0.2271561473608017,-0.2528529465198517,0.4341236352920532,-0.1656232327222824,-0.271140992641449,-0.2162299007177353,-0.05366088077425957,-0.2602866291999817,0.4788798987865448,-0.27658259868621826,0.03406510129570961,-0.15283863246440887,-0.27845799922943115,-0.1261700540781021,0.059250641614198685,-0.2106308937072754,-0.2745071053504944,-0.11112922430038452,-0.054939281195402145,-0.14065232872962952,2.6132915019989014,-0.2709035277366638,-0.27843740582466125,-0.2754285931587219,0.7381551861763,-0.10185084491968155,-0.2737916111946106,-0.04638043791055679,-0.1989448070526123,-0.27573803067207336,0.11452870070934296,0.7377216219902039,-0.2513446807861328,1.1566505432128906,-0.20262481272220612,-0.25333571434020996,0.05813336372375488,-0.2714494466781616,0.5824698209762573,-0.21879181265830994,-0.2690970301628113,-0.2634403705596924,-0.08295071125030518,-0.0746372640132904,-0.0824204683303833,-0.1271568387746811,2.697422981262207,0.8595465421676636,0.5757536292076111,-0.1694493442773819,-0.21240955591201782,-0.27621638774871826,-0.2758817970752716,1.0345404148101807,-0.23452700674533844,-0.14049021899700165,-0.09277524799108505,-0.2589605748653412,-0.11979616433382034,1.2485051155090332,0.9209805727005005,0.9116008281707764,-0.24576669931411743,0.4217926859855652,-0.13023310899734497,-0.25435537099838257,-0.05955544486641884,0.3965241014957428
122,373,491,382,499,1.206551432609558,-0.277892529964447,-0.2678776681423187,0.800162672996521,-0.007102875970304012,-0.27840662002563477,-0.2731662690639496,-0.21976116299629211,-0.2034253478050232,-0.2758956253528595,0.5680751800537109,-0.26561740040779114,-0.2784319221973419,1.5472729206085205,-0.26201000809669495,-0.18208719789981842,-0.06124631315469742,-0.20404528081417084,-0.10297854989767075,-0.14228419959545135,-0.20834697782993317,-0.034340858459472656,-0.26618263125419617,-0.2616834342479706,-0.1209404394030571,-0.1808144450187683,-0.2784634232521057,-0.27464643120765686,-0.04440196603536606,0.7652737498283386,-0.1806899607181549,-0.16545946896076202,0.3623763918876648,0.22277455031871796,-0.2772863507270813,-0.213044673204422,-0.27681851387023926,0.18461251258850098,-0.19505642354488373,-0.2764582931995392,-0.2734948396682739,-0.2761189937591553,-0.17454728484153748,-0.2575763165950775,0.5886096954345703,-0.2455865442752838,-0.21761125326156616,0.2630930542945862,0.04935336112976074,-0.2539736032485962,0.5043486952781677,-0.06596483290195465,0.08577502518892288,-0.24950818717479706,-0.2769746780395508,-0.11758579313755035,-0.19974254071712494,-0.003333627711981535,-0.08922729641199112,-0.13004295527935028,-0.027855293825268745,1.4813655614852905,-0.24208927154541016,-0.2706407904624939,3.54536509513855,-0.2780725061893463,-0.21281535923480988,0.050228796899318695,-0.2691798508167267,0.5757144689559937,2.7695839405059814,-0.2513250708580017,-0.2724097967147827,-0.27799221873283386,0.04871299862861633,-0.26368215680122375,0.28102654218673706,-0.2713885009288788,-0.27781975269317627,-0.07934725284576416,-0.1358426809310913,-0.17897988855838776,-0.2718561291694641,-0.27838659286499023,0.33060774207115173,-0.2779591977596283,-0.2380736768245697,-0.04086851328611374,0.18579506874084473,-0.269660085439682,-0.057550329715013504,0.23444902896881104,-0.2780130207538605,-0.19039486348628998,-0.2445773482322693,-0.1349429339170456,-0.27305716276168823,-0.12922629714012146,-0.246808722615242,0.7090396881103516,0.048257023096084595,0.8186092972755432,0.28931504487991333,0.34396377205848694,-0.27050426602363586,0.22161820530891418,-0.08437587320804596,-0.18995967507362366,-0.2775501310825348,0.41556036472320557,-0.20374011993408203,-0.23038266599178314,-0.2750777304172516,0.1916995793581009,0.22393138706684113,-0.265634685754776,0.27091366052627563,-0.27534228563308716,-0.2745257019996643,-0.060514286160469055,-0.046163756400346756,0.013897894881665707,-0.19174230098724365,1.3972724676132202,-0.18322522938251495,-0.15557268261909485,1.0885111093521118,-0.2435743808746338
123,249,404,257,412,-0.13160738348960876,-0.10903273522853851,-0.23341794312000275,1.002317190170288,-0.007973048835992813,-0.27469173073768616,-0.22770926356315613,-0.22853131592273712,-0.11939435452222824,-0.19869333505630493,0.9748764038085938,-0.2048947513103485,-0.21197426319122314,1.5182147026062012,-0.034696873277425766,-0.19691962003707886,-0.010916966944932938,-0.041091494262218475,2.097271680831909,-0.10852690786123276,-0.22121401131153107,-0.24246622622013092,-0.27840685844421387,-0.12716205418109894,3.010584831237793,-0.2719399929046631,-0.1574752926826477,-0.05716855823993683,-0.2418397217988968,-0.16822481155395508,-0.19818708300590515,-0.16737598180770874,-0.26363107562065125,0.6268845200538635,-0.25945958495140076,-0.1884755641222,-0.22706736624240875,-0.14790108799934387,-0.18726468086242676,-0.0733993798494339,-0.20108146965503693,-0.10222923755645752,1.5965975522994995,-0.24186377227306366,-0.19341063499450684,-0.27310800552368164,-0.08053247630596161,1.1363435983657837,5.129145622253418,1.3852882385253906,0.0008909729076549411,-0.2771053910255432,-0.2772728502750397,-0.2780328094959259,-0.20674103498458862,-0.005298175849020481,-0.21299542486667633,0.10444343090057373,-0.0036000453401356936,-0.01513393223285675,2.1183724403381348,-0.14024746417999268,0.5947768092155457,-0.26056817173957825,-0.2564478814601898,-0.267853319644928,-0.23260928690433502,-0.2383735626935959,0.027124904096126556,1.0258469581604004,-0.2072758674621582,-0.06061514839529991,-0.2766519784927368,-0.275187611579895,0.23179218173027039,-0.27362313866615295,-0.2000393122434616,-0.12679839134216309,-0.2549360990524292,-0.025790175423026085,0.06866433471441269,-0.25177237391471863,-0.21408367156982422,-0.18383559584617615,0.13563616573810577,-0.09226575493812561,-0.046169571578502655,-0.04352525994181633,-0.22379669547080994,-0.16324657201766968,-0.12009701132774353,0.4015536606311798,-0.18121781945228577,-0.278164267539978,-0.08713424950838089,-0.13484840095043182,-0.2586755156517029,-0.20169250667095184,0.7268753051757812,-0.12852010130882263,-0.21760781109333038,-0.16656294465065002,-0.023363109678030014,0.08170907199382782,-0.10226517170667648,0.17671138048171997,-0.1352529227733612,-0.18713313341140747,0.010041655972599983,0.16081173717975616,-0.24924986064434052,-0.27242204546928406,-0.11490587145090103,-0.2511536180973053,0.37083736062049866,-0.19904479384422302,3.480473041534424,1.9730459451675415,-0.2615639269351959,-0.2278653383255005,0.06483863294124603,0.35904961824417114,-0.2575310468673706,1.689431071281433,-0.2216900885105133,-0.278311163187027,-0.08558845520019531,-0.27743497490882874
124,227,469,235,477,-0.040507104247808456,-0.05632421001791954,-0.20787307620048523,1.7278310060501099,-0.015162168070673943,0.5374485850334167,-0.01639963872730732,-0.2522456645965576,-0.15562741458415985,0.48645204305648804,0.4347955286502838,-0.1062549501657486,-0.07698572427034378,5.503207683563232,0.6379286050796509,-0.2320033460855484,-0.03368765115737915,-0.2741461992263794,-0.2779230773448944,-0.27319350838661194,-0.07440616935491562,4.467751979827881,-0.18163639307022095,-0.09680312126874924,2.25360369682312,-0.056098323315382004,-0.27647534012794495,-0.04538894444704056,-0.20152369141578674,-0.13313350081443787,-0.24380788207054138,-0.19083304703235626,-0.0570998378098011,-0.18358701467514038,-0.2636083662509918,-0.27102112770080566,0.5374270677566528,-0.019434794783592224,-0.04794120043516159,-0.20104780793190002,-0.21133340895175934,0.6806722283363342,1.9940698146820068,-0.26659518480300903,-0.1426813006401062,0.5475968718528748,-0.03707640618085861,2.620234489440918,0.3323962688446045,-0.19880881905555725,-0.2693203389644623,0.25237220525741577,-0.2596147358417511,-0.023444684222340584,-0.1650601625442505,-0.10998707264661789,-0.16889259219169617,-0.2484382539987564,-0.2774260640144348,-0.12240041792392731,-0.21543315052986145,-0.25911954045295715,0.28269627690315247,-0.26912814378738403,1.1517982482910156,-0.20045658946037292,-0.16082336008548737,-0.23802372813224792,-0.1864786446094513,-0.2630652189254761,0.5194891691207886,-0.1311609148979187,-0.2385348677635193,-0.10473755747079849,-0.13976596295833588,-0.1785474717617035,-0.08377795666456223,-0.045570727437734604,-0.039229005575180054,-0.06095743179321289,2.6778194904327393,-0.26603108644485474,-0.27574947476387024,-0.27800241112709045,-0.20319443941116333,-0.0268962774425745,-0.21314705908298492,-0.012903775088489056,-0.12777504324913025,-0.21739129722118378,0.21996000409126282,-0.04370218142867088,-0.09461842477321625,1.5596708059310913,-0.14822646975517273,-0.25632724165916443,-0.006340135354548693,-0.09275707602500916,1.3254249095916748,-0.2680472731590271,-0.22852976620197296,-0.021815303713083267,0.7155295014381409,-0.2622213363647461,-0.01195511408150196,-0.16554933786392212,3.6201398372650146,0.24828091263771057,0.061444513499736786,0.17516237497329712,-0.014692313969135284,-0.2766384184360504,-0.055006541311740875,1.4724198579788208,-0.1654927134513855,-0.27190396189689636,-0.1194550022482872,-0.19454216957092285,0.4231155514717102,0.7248149514198303,0.9943631291389465,0.35798409581184387,-0.2332267463207245,-0.05817636102437973,-0.20363713800907135,-0.06018577143549919,-0.06706944853067398,0.6666603684425354
125,380,378,389,386,0.3249233067035675,-0.2708320915699005,-0.018445607274770737,0.858839213848114,-0.040701717138290405,-0.27804604172706604,-0.07132593542337418,-0.27843034267425537,-0.27479517459869385,-0.24489086866378784,0.9894670248031616,-0.2573752701282501,-0.006260106340050697,0.4475836455821991,-0.14761029183864594,-0.21722371876239777,-0.2534206509590149,-0.16659696400165558,-0.27277126908302307,-0.20191730558872223,-0.2601390480995178,-0.20555347204208374,0.19434036314487457,-0.1729232519865036,0.08364422619342804,-0.2195076197385788,-0.27693262696266174,-0.25803911685943604,0.007022451143711805,0.9114259481430054,-0.22023597359657288,-0.10895857214927673,0.06321418285369873,-0.0892985612154007,-0.27391576766967773,-0.26130032539367676,-0.2711790204048157,0.06737633049488068,-0.23378002643585205,-0.21901835501194,-0.2434038370847702,-0.27247074246406555,-0.2737652063369751,-0.2177552431821823,0.05017111822962761,-0.26361197233200073,-0.2702927589416504,0.6124542951583862,0.15281443297863007,0.040340274572372437,0.09686646610498428,-0.26150575280189514,0.21403764188289642,-0.2648211121559143,-0.24963657557964325,-0.14931367337703705,-0.20618556439876556,-0.1468675136566162,-0.11572613567113876,-0.19110561907291412,0.16508600115776062,1.018254041671753,-0.18043488264083862,-0.22427454590797424,0.7246584892272949,-0.16579389572143555,-0.2419854998588562,0.037874724715948105,-0.019951626658439636,0.6417851448059082,0.8932152390480042,-0.2784200608730316,-0.18050740659236908,-0.13703374564647675,-0.17722445726394653,-0.27842703461647034,0.23221588134765625,-0.278317928314209,-0.2756938338279724,-0.0860060453414917,-0.08074831962585449,-0.21739506721496582,-0.2560845911502838,-0.18821308016777039,0.0680573582649231,-0.08548323065042496,-0.27577877044677734,-0.06684371829032898,0.1964079737663269,-0.26847001910209656,-0.15099626779556274,0.16922630369663239,-0.04584949091076851,-0.21640951931476593,-0.2767415940761566,-0.27089929580688477,-0.26417818665504456,-0.1425890326499939,-0.21761055290699005,0.5022867918014526,-0.10087283700704575,0.24691429734230042,0.024734294041991234,0.6210108399391174,-0.270243763923645,0.031043721362948418,-0.058967359364032745,-0.21960830688476562,0.1432398408651352,0.07574579864740372,-0.26716530323028564,-0.24985434114933014,-0.26478394865989685,-0.03148134797811508,0.39174020290374756,-0.26916003227233887,1.3923802375793457,-0.2550719678401947,-0.27117598056793213,-0.16793163120746613,-0.058749739080667496,0.3969925343990326,-0.27846425771713257,0.6010649800300598,-0.14971737563610077,0.5449366569519043,0.002774877706542611,-0.23974448442459106
126,565,275,575,284,-0.1290251612663269,-0.23779012262821198,-0.27831003069877625,1.6876752376556396,-0.023058053106069565,1.7333062887191772,-0.27713921666145325,-0.2654944956302643,-0.16998572647571564,0.48476943373680115,-0.19016018509864807,-0.13494758307933807,-0.2667325735092163,2.031913995742798,0.07351642847061157,-0.2784119248390198,-0.06660693883895874,-0.10406798124313354,-0.22214120626449585,-0.06559295952320099,-0.05879049003124237,2.136550188064575,-0.24476374685764313,-0.26736006140708923,4.855332374572754,-0.21926289796829224,-0.22902138531208038,-0.11239387094974518,-0.15035514533519745,-0.2762333154678345,-0.2776373326778412,-0.2384716421365738,-0.23511731624603271,-0.21880994737148285,-0.27696460485458374,-0.26724207401275635,0.7226203083992004,-0.03353489562869072,-0.2537797689437866,-0.08773507177829742,-0.2535291612148285,1.1451058387756348,1.3113688230514526,-0.12837378680706024,-0.26258155703544617,0.18259534239768982,-0.23602847754955292,1.6379212141036987,5.76946496963501,-0.08476219326257706,-0.02920784242451191,0.4985450208187103,-0.17888140678405762,0.9479219913482666,-0.26575788855552673,-0.019545111805200577,-0.2577962279319763,0.022096388041973114,-0.039267465472221375,-0.07385645806789398,-0.26262664794921875,-0.1873610019683838,0.5059906244277954,-0.022081151604652405,-0.2610008716583252,-0.2007787674665451,-0.12969286739826202,-0.22323237359523773,0.1045418381690979,-0.2549496293067932,-0.22364021837711334,-0.25394144654273987,-0.23834897577762604,-0.10135486721992493,0.09212256222963333,-0.2644624710083008,-0.1948946714401245,-0.06574559956789017,-0.16244396567344666,-0.1891670674085617,2.5717344284057617,-0.2779611647129059,-0.27845239639282227,-0.27830544114112854,0.4865708351135254,-0.03308165445923805,-0.08041903376579285,-0.12961481511592865,-0.24806863069534302,-0.22913232445716858,-0.2647782862186432,1.158278226852417,-0.2707064747810364,1.3998621702194214,-0.13797202706336975,-0.13972321152687073,-0.15636810660362244,-0.17365728318691254,0.8298739790916443,-0.2747494876384735,-0.17247778177261353,-0.26049432158470154,-0.1466202586889267,-0.09751035273075104,-0.1191052496433258,0.4058254361152649,1.4054360389709473,-0.277543842792511,-0.10459401458501816,-0.2778390347957611,-0.20221547782421112,-0.26795533299446106,-0.15264639258384705,0.24140861630439758,-0.2393149435520172,-0.15425454080104828,-0.16431094706058502,0.02735859900712967,-0.036415569484233856,0.32258039712905884,0.8680239915847778,0.6356208324432373,-0.2533712089061737,0.8861837983131409,-0.1232818141579628,-0.1315896362066269,-0.07897251844406128,0.14832434058189392
127,692,828,702,836,0.9801753163337708,-0.2668360471725464,-0.1512680947780609,0.9426383972167969,-0.01878548599779606,-0.2784462571144104,-0.2088770568370819,-0.27409520745277405,-0.2095426321029663,-0.2565781772136688,0.6338409185409546,-0.19626297056674957,-0.1558513045310974,1.0677525997161865,-0.21701157093048096,-0.16091115772724152,-0.10633169859647751,-0.23427636921405792,-0.13075213134288788,-0.2282112091779709,-0.262666791677475,0.28585174679756165,-0.20219962298870087,-0.2174752652645111,-0.03246701508760452,-0.2197667956352234,-0.25281861424446106,-0.2728063762187958,0.28329673409461975,0.22010530531406403,-0.2783370018005371,-0.20126120746135712,0.13371461629867554,0.10118713229894638,-0.2578132450580597,-0.2647050619125366,-0.24148735404014587,0.005861850921064615,-0.25590428709983826,-0.23807677626609802,-0.2779637575149536,-0.2138534039258957,-0.2568998634815216,-0.1394936889410019,0.4981083273887634,-0.23651044070720673,-0.2733883559703827,0.6473228931427002,0.008340545929968357,-0.2049369364976883,0.2634393274784088,-0.037148043513298035,-0.0008425567648373544,-0.22352607548236847,-0.24673476815223694,-0.17932061851024628,-0.2457069754600525,-0.15590766072273254,-0.08496835827827454,-0.24890665709972382,0.021328922361135483,1.1776752471923828,-0.20980042219161987,-0.25902432203292847,2.5858118534088135,-0.2670227885246277,-0.183640718460083,0.13236600160598755,-0.1453314870595932,0.4859609603881836,2.113961696624756,-0.1789425164461136,-0.25627657771110535,-0.2761205732822418,-0.009275084361433983,-0.2772720158100128,0.43331968784332275,-0.2784305512905121,-0.24474895000457764,-0.13407288491725922,0.23906442523002625,-0.2619417905807495,-0.2768455147743225,-0.2395050823688507,-0.06650290638208389,-0.27538660168647766,-0.2700343728065491,-0.11852605640888214,0.11652196943759918,-0.27157676219940186,-0.1443457007408142,-0.09910055994987488,-0.17271248996257782,-0.25143682956695557,-0.2705620229244232,-0.20294634997844696,-0.27587297558784485,0.020938267931342125,-0.2784644365310669,0.3625897467136383,-0.009362553246319294,0.7901298999786377,0.3801844120025635,0.30634114146232605,-0.2780545651912689,0.1366991400718689,0.13362085819244385,-0.1768479347229004,-0.26257380843162537,0.186753049492836,-0.26949188113212585,-0.2775029242038727,-0.27652662992477417,0.2852010428905487,0.04783026874065399,-0.24445833265781403,-0.003454825608059764,-0.2594078779220581,-0.2754916250705719,0.15468621253967285,-0.04952158033847809,0.22767862677574158,-0.22594214975833893,0.6871060729026794,-0.11041130870580673,-0.24530023336410522,0.45653024315834045,-0.17834308743476868
128,210,580,219,588,-0.060239024460315704,-0.1013057604432106,-0.24383266270160675,1.802026391029358,-0.0531158410012722,0.4593421220779419,-0.2591196298599243,-0.27263960242271423,-0.20587418973445892,0.703738272190094,-0.17141440510749817,-0.013384010642766953,-0.234959676861763,3.817532539367676,0.6338386535644531,-0.22454734146595,-0.17916060984134674,-0.26871076226234436,-0.17989066243171692,-0.1951328068971634,-0.06774460524320602,4.709416389465332,-0.18215475976467133,-0.1817539632320404,4.2842631340026855,-0.08143183588981628,-0.265653520822525,-0.0358911007642746,-0.14539678394794464,-0.1704721748828888,-0.25066548585891724,-0.17295965552330017,0.0892716571688652,-0.17729546129703522,-0.2778809070587158,-0.24707074463367462,0.8057023286819458,-0.012765765190124512,-0.2612727880477905,-0.245768740773201,-0.2613334357738495,0.8022120594978333,0.6333993077278137,-0.20965859293937683,-0.27745357155799866,0.4325047731399536,-0.19677215814590454,0.7620641589164734,0.1521277129650116,-0.26038843393325806,0.8937008380889893,-0.21149417757987976,-0.20565782487392426,0.2255556881427765,-0.22083325684070587,-0.04639488086104393,-0.17029184103012085,-0.24736639857292175,-0.25858771800994873,-0.1387796700000763,-0.23675179481506348,-0.24513790011405945,0.3896034359931946,-0.19530156254768372,-0.24026742577552795,-0.2542499601840973,-0.2239776998758316,-0.2215917408466339,0.37450581789016724,-0.26850518584251404,-0.1651037335395813,-0.09812745451927185,-0.27684205770492554,-0.1097574308514595,0.3618839979171753,-0.1771456003189087,-0.22872860729694366,-0.11545221507549286,-0.11197630316019058,-0.06333449482917786,2.339867353439331,-0.21250569820404053,-0.26832711696624756,-0.18011006712913513,0.5107953548431396,-0.07340922206640244,-0.2453411966562271,-0.010968159884214401,0.49259448051452637,-0.2702254354953766,-0.17725226283073425,0.7410916686058044,-0.278026819229126,1.6066513061523438,-0.15738460421562195,-0.27590155601501465,0.33887195587158203,-0.20665766298770905,0.9186123013496399,-0.2174922376871109,-0.13566824793815613,-0.07342987507581711,-0.11354204267263412,-0.1784958839416504,-0.022484658285975456,-0.25920751690864563,3.180185317993164,0.6246692538261414,0.4046650230884552,-0.050412677228450775,-0.13911154866218567,-0.27840280532836914,-0.1159077063202858,1.169742226600647,-0.15367162227630615,-0.06486767530441284,-0.05755406990647316,-0.2768193483352661,-0.1326124221086502,1.18654465675354,1.3163135051727295,0.620330274105072,-0.2783943712711334,0.15127091109752655,-0.2283111810684204,-0.16798867285251617,-0.03530041128396988,0.5850149393081665
129,97,579,105,587,-0.16412104666233063,-0.13800109922885895,-0.16415603458881378,1.7427871227264404,-0.04521626979112625,-0.276144415140152,-0.2138519436120987,-0.2353401631116867,-0.26865720748901367,0.8519536256790161,0.18160411715507507,-0.2574934959411621,-0.2670153081417084,2.3193039894104004,0.7349182367324829,-0.2783805727958679,0.058826178312301636,-0.2524650990962982,-0.2388439029455185,-0.27131831645965576,-0.12319210916757584,4.591217041015625,-0.22469227015972137,-0.13856573402881622,3.847597599029541,-0.08619891852140427,-0.2781578004360199,-0.08515756577253342,-0.25074127316474915,-0.26782307028770447,-0.27487727999687195,-0.12778684496879578,-0.13420727849006653,-0.2653524875640869,-0.2653244733810425,0.2653936743736267,0.549034059047699,-0.04176592826843262,-0.27118366956710815,0.31447508931159973,-0.18127018213272095,0.7383143901824951,0.45314741134643555,-0.146544948220253,-0.27549871802330017,0.5168985724449158,-0.21961508691310883,0.1364881545305252,-0.2670518159866333,-0.05072280392050743,1.8948607444763184,-0.27669841051101685,-0.14496515691280365,0.1717827469110489,0.6186429858207703,-0.05007869377732277,-0.24625004827976227,-0.2763715088367462,-0.1853094846010208,-0.16623885929584503,-0.21678385138511658,-0.062249556183815,0.3744284212589264,-0.16049915552139282,-0.26270467042922974,-0.2770217955112457,-0.029694924131035805,-0.2689959704875946,2.4214322566986084,-0.13296954333782196,-0.2763502895832062,-0.10503649711608887,0.184233158826828,-0.23323877155780792,0.042478129267692566,-0.22329109907150269,-0.26887887716293335,-0.24178902804851532,0.6236307621002197,-0.2504783868789673,0.13245156407356262,-0.2664397954940796,-0.27238234877586365,-0.2603074014186859,0.8909973502159119,-0.13729941844940186,-0.1888687163591385,-0.0832005962729454,3.9020252227783203,0.3738170266151428,-0.21378013491630554,0.7715807557106018,0.09463874250650406,1.131879448890686,-0.21015232801437378,-0.27667561173439026,0.7669544816017151,-0.27838194370269775,1.0121843814849854,-0.25453969836235046,0.7000939249992371,-0.1647600680589676,-0.06213593855500221,-0.17496538162231445,-0.03829712048172951,-0.19617383182048798,4.311702728271484,0.6746271848678589,-0.23507846891880035,0.0227797944098711,-0.25991538166999817,-0.23062525689601898,-0.15208059549331665,0.738487958908081,-0.265354722738266,0.4412935674190521,-0.13298389315605164,-0.18568985164165497,0.5345591902732849,0.8619409203529358,1.2315165996551514,0.33271148800849915,-0.26833850145339966,0.02301068976521492,-0.14897988736629486,-0.16718484461307526,-0.1333695948123932,0.2560073733329773
130,827,446,836,454,0.2007986307144165,-0.24161525070667267,-0.14961914718151093,0.9662955403327942,-0.015104157850146294,-0.2766125500202179,-0.2781246304512024,-0.26377856731414795,-0.2553849220275879,-0.24705401062965393,1.4242280721664429,-0.19001610577106476,-0.2711677551269531,2.850534200668335,-0.25650569796562195,-0.1924869418144226,-0.027008913457393646,-0.1251847743988037,-0.23058980703353882,-0.1300818771123886,-0.24861915409564972,-0.21147730946540833,-0.2783399522304535,-0.2701088488101959,-0.2067965418100357,-0.2661131024360657,-0.15234297513961792,-0.27846190333366394,0.5830420255661011,-0.11756381392478943,-0.17218437790870667,-0.08716588467359543,-0.1387549340724945,0.7383923530578613,-0.2700856328010559,-0.27846452593803406,-0.2013510763645172,-0.26054731011390686,-0.20905634760856628,-0.27624091506004333,-0.2541365921497345,-0.16065388917922974,-0.2640138864517212,-0.08685064315795898,-0.16307203471660614,-0.2527865469455719,-0.2720167934894562,0.8726046085357666,2.8022751808166504,0.2545579969882965,0.03630067780613899,-0.2633313238620758,-0.05702478811144829,-0.21159996092319489,-0.2772830128669739,-0.16021642088890076,-0.25182971358299255,0.8909690976142883,-0.0912269726395607,-0.0601566806435585,0.4190424084663391,2.049513101577759,-0.20360727608203888,-0.030307766050100327,3.847198486328125,-0.2700100243091583,-0.2569383978843689,0.3035328686237335,-0.2632749378681183,1.1328095197677612,1.7162151336669922,-0.20910699665546417,-0.27051523327827454,0.13209235668182373,-0.12651653587818146,-0.26705023646354675,0.37344253063201904,-0.24537429213523865,-0.022964786738157272,-0.21489004790782928,-0.24709032475948334,-0.27834391593933105,-0.27621838450431824,-0.16402480006217957,-0.18687090277671814,-0.15720133483409882,-0.23996907472610474,-0.17594414949417114,-0.07466252148151398,-0.22182227671146393,-0.13967111706733704,-0.06193716451525688,-0.27566608786582947,-0.27203676104545593,-0.21987296640872955,-0.13268491625785828,-0.27343207597732544,-0.18785037100315094,0.0064485021866858006,0.08613365143537521,-0.22477971017360687,-0.15340116620063782,0.46739792823791504,0.5891897082328796,-0.20136770606040955,1.1342971324920654,0.6259061694145203,-0.2697012722492218,-0.2784280776977539,0.5689641237258911,-0.20040775835514069,-0.2743555009365082,-0.27581366896629333,-0.12169823795557022,0.11091041564941406,-0.26119571924209595,1.8377752304077148,-0.1084628701210022,-0.11212524026632309,-0.05502296984195709,-0.022705048322677612,0.14452797174453735,-0.12891758978366852,0.948951005935669,0.04252249747514725,-0.27226072549819946,0.3307826817035675,-0.2648659348487854
131,473,252,482,260,0.5200112462043762,-0.2777453064918518,0.0477198101580143,0.882326066493988,-0.031828511506319046,-0.2714832127094269,-0.19835081696510315,-0.27825331687927246,-0.25730466842651367,-0.27386417984962463,1.309529423713684,-0.22918158769607544,-0.14272263646125793,0.726606547832489,-0.2482343167066574,-0.15076850354671478,-0.18393415212631226,-0.09659118205308914,-0.27812430262565613,-0.17785151302814484,-0.27464333176612854,-0.2574543058872223,-0.17867997288703918,-0.1990274339914322,-0.11386743187904358,-0.2573239803314209,-0.23666401207447052,-0.27753928303718567,0.16862349212169647,0.3070768713951111,-0.27788588404655457,-0.110658198595047,0.04529485106468201,0.47844141721725464,-0.23547333478927612,-0.2755880355834961,-0.27447301149368286,0.051881395280361176,-0.2656974196434021,-0.26526468992233276,-0.26451537013053894,-0.2637026906013489,-0.27762824296951294,-0.22000597417354584,0.51004958152771,-0.2749656140804291,-0.2689034640789032,0.6803507804870605,0.5992022752761841,0.15823933482170105,-0.012285525910556316,-0.2784334421157837,-0.029267732053995132,-0.254020631313324,-0.2643328905105591,-0.21241958439350128,-0.2290169596672058,0.14265123009681702,-0.09039007872343063,-0.17315666377544403,0.7312108278274536,1.5480718612670898,-0.18579208850860596,-0.08092617988586426,1.9926563501358032,-0.27017420530319214,-0.2350369542837143,-0.03353327140212059,-0.16363751888275146,1.1345856189727783,1.7070996761322021,-0.2228892296552658,-0.23585456609725952,-0.033780865371227264,-0.14233717322349548,-0.27795448899269104,0.317724347114563,-0.2744629383087158,-0.2564013600349426,-0.25471287965774536,-0.25256267189979553,-0.2760072946548462,-0.2780628204345703,-0.16060227155685425,-0.19946235418319702,-0.09508036822080612,-0.2784501314163208,-0.09070136398077011,0.15211641788482666,-0.234112948179245,-0.15770269930362701,0.06940404325723648,-0.21808576583862305,-0.1971435248851776,-0.2777157425880432,-0.20859380066394806,-0.277408242225647,-0.1063481867313385,-0.24254916608333588,0.46529707312583923,-0.050003934651613235,0.1607154756784439,0.27419358491897583,0.34585654735565186,-0.2758856415748596,0.48152491450309753,0.11196476966142654,-0.21233314275741577,-0.12660956382751465,0.5208752155303955,-0.2696727216243744,-0.26700860261917114,-0.2594372034072876,-0.20642301440238953,0.5764662623405457,-0.2708807587623596,2.054015636444092,-0.2625964879989624,-0.276652991771698,-0.18046815693378448,-0.12543895840644836,0.29550471901893616,-0.25572651624679565,0.7392435669898987,-0.11577174067497253,0.17118261754512787,0.2992944121360779,-0.2593933939933777
132,222,459,231,467,0.08953658491373062,-0.2524197995662689,-0.19378341734409332,0.9844114780426025,-0.0478215217590332,-0.2706230580806732,-0.25611451268196106,-0.26849794387817383,-0.12408173829317093,-0.12307081371545792,0.7748655676841736,-0.11412789672613144,1.0407031774520874,0.4180510342121124,-0.27805235981941223,-0.10956474393606186,-0.2716365456581116,-0.18601925671100616,-0.16432413458824158,-0.2272009700536728,-0.2592003643512726,0.10633731633424759,0.7246782779693604,-0.13962367177009583,0.7232590317726135,-0.22200745344161987,-0.11856833845376968,-0.23624137043952942,-0.165596142411232,1.2285175323486328,-0.2698005139827728,-0.15226607024669647,0.16000212728977203,-0.07381262630224228,-0.27624180912971497,-0.2222982943058014,-0.2035999596118927,0.07823648303747177,-0.23105674982070923,-0.23876282572746277,-0.2755526304244995,-0.22864818572998047,-0.2147260457277298,0.23559415340423584,-0.219307541847229,-0.2616437077522278,-0.2695533335208893,-0.13081644475460052,-0.14247910678386688,0.614908754825592,0.5093628168106079,-0.20161236822605133,0.843104362487793,-0.11643489450216293,-0.26805323362350464,-0.07005774974822998,-0.24873246252536774,0.02869916893541813,-0.20511917769908905,-0.19509363174438477,-0.2407483160495758,1.0274338722229004,0.3713598847389221,-0.22865800559520721,0.5044887065887451,0.4458119571208954,-0.27765917778015137,1.2579095363616943,0.18504652380943298,0.95671147108078,0.45167839527130127,-0.25856074690818787,-0.21690107882022858,-0.21029765903949738,-0.15371835231781006,-0.27639758586883545,-0.26779958605766296,-0.2737186551094055,-0.2671807110309601,-0.07252194732427597,0.340712308883667,-0.19864825904369354,-0.24453791975975037,-0.278249591588974,-0.2763252258300781,-0.24268242716789246,-0.17996801435947418,-0.07465599477291107,0.5851329565048218,-0.27776509523391724,-0.1961219161748886,1.1367683410644531,-0.18499034643173218,-0.2779608368873596,-0.2653998136520386,-0.2784598767757416,-0.04502542316913605,0.7350568771362305,-0.18664953112602234,0.25935667753219604,-0.10678719729185104,0.06911997497081757,1.0788363218307495,0.5905218720436096,-0.19927389919757843,-0.2651197910308838,0.23823070526123047,-0.1858828365802765,-0.12832105159759521,-0.22562992572784424,-0.18492256104946136,-0.267892986536026,-0.2720026671886444,0.03580814227461815,0.2880024015903473,-0.2777048349380493,-0.1782895177602768,-0.2727203667163849,-0.21875359117984772,-0.1733454465866089,0.04067450016736984,0.28371256589889526,-0.2374051809310913,0.9304081201553345,-0.09934241324663162,-0.23801596462726593,-0.2692045569419861,-0.23831860721111298
133,670,835,680,844,0.09861084073781967,-0.27812352776527405,0.061628539115190506,1.0010666847229004,-0.1135193333029747,-0.2766159772872925,-0.09976422786712646,-0.19602197408676147,-0.2679213881492615,-0.15468931198120117,0.6883863806724548,-0.22467075288295746,0.386808305978775,0.2616976797580719,-0.04257861524820328,-0.11494237184524536,-0.27420058846473694,-0.2043248564004898,-0.2784541845321655,-0.27754929661750793,-0.24541859328746796,0.0019805668853223324,0.4607500433921814,-0.15391698479652405,0.42635905742645264,-0.21331000328063965,-0.13449178636074066,-0.26179343461990356,0.19614139199256897,0.3665491044521332,-0.0889207273721695,-0.16243630647659302,0.00973445363342762,0.14356660842895508,-0.22963561117649078,-0.27818208932876587,-0.24875447154045105,-0.00436343252658844,-0.2739730477333069,-0.07907909154891968,-0.2778657078742981,-0.21577870845794678,-0.19375444948673248,-0.2121502310037613,0.6340352296829224,-0.2404518872499466,-0.21498742699623108,0.4173808693885803,0.23566193878650665,0.24589823186397552,0.26507923007011414,-0.16811414062976837,-0.0010439895559102297,-0.21988554298877716,-0.16612693667411804,-0.16847363114356995,-0.26198387145996094,-0.05514352768659592,-0.0536726675927639,-0.2694353759288788,0.08888135850429535,0.9425154328346252,0.005531255155801773,-0.25549426674842834,0.03688204288482666,-0.08479855954647064,-0.188376322388649,-0.029178347438573837,0.552747905254364,0.9522280693054199,0.47406211495399475,-0.27782413363456726,-0.07005178183317184,0.0019108275882899761,-0.0581158846616745,-0.2782662808895111,0.23180855810642242,-0.2758816182613373,-0.26010167598724365,-0.21487799286842346,0.02121332660317421,-0.277269184589386,-0.2667151093482971,-0.19436383247375488,-0.0392533540725708,0.15337802469730377,-0.13125766813755035,-0.16258153319358826,0.31279781460762024,-0.22628720104694366,-0.25695911049842834,0.16732676327228546,0.3907303810119629,-0.2614283859729767,-0.2754855155944824,-0.276986688375473,-0.16924500465393066,0.1388338804244995,-0.09773404896259308,0.26027634739875793,-0.03586948290467262,0.15342651307582855,0.08126666396856308,0.169988214969635,-0.27301859855651855,0.037100546061992645,0.3103433847427368,-0.25850775837898254,0.0859299898147583,0.15195319056510925,-0.12172390520572662,-0.27698656916618347,-0.27660438418388367,-0.14694638550281525,0.4455812871456146,-0.26389652490615845,0.680611789226532,-0.26888763904571533,-0.2780621647834778,0.01616952195763588,-0.021529993042349815,0.713331401348114,-0.26805344223976135,0.1313306987285614,-0.11178882420063019,0.43041104078292847,-0.17579522728919983,-0.2226969450712204
134,144,572,153,580,0.6669185161590576,-0.2694304585456848,-0.1827770322561264,0.9140340685844421,-0.01294782105833292,-0.27551913261413574,-0.18745146691799164,-0.2784355878829956,-0.20518817007541656,-0.19156262278556824,0.6704090237617493,-0.22640477120876312,-0.25729504227638245,0.6221193075180054,-0.2703687250614166,-0.13327254354953766,-0.11209984123706818,-0.21062827110290527,-0.11040014028549194,-0.1570063680410385,-0.2449186146259308,0.45684048533439636,-0.27640968561172485,0.12225271016359329,-0.0037943413481116295,-0.24936571717262268,-0.2771979570388794,-0.2774118483066559,0.1390535980463028,0.09919173270463943,-0.26976895332336426,-0.153992161154747,0.2437802404165268,-0.05414842441678047,-0.25508350133895874,-0.20178088545799255,-0.2733680009841919,-0.041997719556093216,-0.18398185074329376,-0.0310510266572237,-0.27845340967178345,-0.24321149289608002,-0.27059754729270935,-0.27807551622390747,0.6448124647140503,-0.25534284114837646,-0.21594145894050598,0.9264909625053406,-0.03511582314968109,-0.25380322337150574,0.29641005396842957,-0.23344124853610992,-0.2675149440765381,-0.2545850872993469,-0.2761177122592926,-0.141597181558609,-0.20075386762619019,-0.2781343460083008,-0.27746033668518066,-0.2257230281829834,-0.15828806161880493,0.7638508081436157,-0.21266868710517883,-0.2732916474342346,2.468167543411255,-0.2683147192001343,-0.17754510045051575,-0.17881354689598083,0.46023645997047424,0.7466928958892822,2.2148385047912598,-0.20145393908023834,-0.23765693604946136,-0.269034206867218,-0.19561775028705597,-0.2610788643360138,0.24156902730464935,-0.2740180790424347,-0.23487906157970428,-0.1813570261001587,0.20187422633171082,-0.2648075520992279,-0.27603015303611755,-0.1981113702058792,-0.20573458075523376,-0.27845725417137146,-0.22552728652954102,-0.07288432866334915,0.5157920718193054,-0.2777572274208069,-0.11197713762521744,-0.01661461591720581,-0.18807989358901978,-0.21524585783481598,-0.27040359377861023,-0.23414190113544464,-0.2756526470184326,0.2491144835948944,-0.2765180766582489,0.5046901702880859,-0.04189015179872513,0.08379709720611572,0.6723772883415222,0.2987479567527771,-0.2681693434715271,-0.16680370271205902,0.5676866173744202,-0.24284760653972626,-0.27363061904907227,0.577523410320282,-0.26474058628082275,-0.2691560983657837,-0.24836799502372742,0.48548826575279236,-0.05069451779127121,-0.24792981147766113,-0.17193786799907684,-0.2242390215396881,-0.27275773882865906,0.12398182600736618,-0.04893578588962555,0.19990074634552002,-0.2705559730529785,0.6984769105911255,-0.16201277077198029,-0.27588897943496704,0.6107311844825745,-0.19964680075645447
135,435,808,443,815,0.11739785224199295,-0.2450399249792099,-0.2769184112548828,1.4231460094451904,-0.03542960807681084,0.4276364743709564,1.8002338409423828,-0.19066013395786285,-0.19938187301158905,1.0705702304840088,-0.24690328538417816,-0.1375303417444229,-0.27845969796180725,0.10365401208400726,0.6075444221496582,-0.1746593713760376,-0.27839693427085876,-0.025601577013731003,-0.2783442437648773,0.015337113291025162,-0.21245291829109192,3.454183340072632,-0.2710857391357422,1.6046819686889648,1.7200753688812256,-0.22704999148845673,-0.21625636518001556,-0.27365317940711975,0.0121651291847229,-0.2504076361656189,-0.27315258979797363,-0.18813593685626984,0.37976422905921936,0.07223568856716156,-0.16046707332134247,-0.265180766582489,0.15605555474758148,-0.1369084268808365,-0.27560362219810486,2.1791622638702393,-0.17479684948921204,0.33477216958999634,-0.031192859634757042,-0.27046671509742737,0.3399636447429657,0.1872008740901947,-0.24552075564861298,1.4695837497711182,0.3568218946456909,-0.13126437366008759,0.39206960797309875,0.14700739085674286,-0.265534371137619,-0.004793997388333082,-0.19397501647472382,-0.15313933789730072,-0.27794188261032104,-0.278354674577713,-0.2517344057559967,-0.27818551659584045,0.5379455089569092,0.37283048033714294,0.04697408527135849,-0.2631279528141022,1.5210741758346558,-0.2757190763950348,-0.25210970640182495,-0.24731172621250153,3.162083625793457,0.32136791944503784,2.5394234657287598,-0.2642571032047272,-0.11936764419078827,-0.24292106926441193,-0.278194785118103,-0.2767973244190216,-0.007462805602699518,-0.2490205317735672,-0.06533398479223251,-0.1558249443769455,1.3893370628356934,-0.27741608023643494,-0.2667720317840576,-0.1371258646249771,0.13733114302158356,-0.10089042782783508,-0.12534199655056,-0.16954316198825836,0.25702881813049316,-0.2657373547554016,-0.2760429382324219,0.30328014492988586,-0.20411594212055206,-0.016353288665413857,-0.2545730173587799,-0.23563161492347717,-0.16557759046554565,-0.23645369708538055,-0.12355997413396835,-0.14129775762557983,-0.16543416678905487,-0.07429783046245575,0.4458156228065491,0.4865758419036865,-0.09478422999382019,-0.040724851191043854,3.2890512943267822,0.1225079745054245,-0.26851123571395874,-0.13783115148544312,0.1448463797569275,-0.26829949021339417,0.7402998805046082,1.5863109827041626,-0.2783001959323883,0.28584128618240356,-0.23984533548355103,-0.2770203948020935,0.21584174036979675,1.2475452423095703,0.4394143223762512,0.3622448742389679,-0.13257476687431335,0.8215033411979675,0.26445671916007996,-0.2743437886238098,-0.18533889949321747,0.49250712990760803
136,88,591,96,600,-0.25274601578712463,-0.19045160710811615,-0.2339945137500763,1.4315788745880127,-0.2207334190607071,-0.22647477686405182,-0.16030897200107574,-0.21265429258346558,-0.14907889068126678,0.3748767077922821,-0.19492961466312408,-0.2698344588279724,-0.2583467364311218,4.067398548126221,1.6683815717697144,-0.19985508918762207,-0.12675261497497559,1.1070301532745361,0.5368453860282898,1.4589145183563232,-0.186616912484169,2.078920364379883,-0.27845871448516846,-0.19023290276527405,1.9517065286636353,-0.24320675432682037,-0.19206880033016205,-0.16107921302318573,-0.2287246137857437,-0.24697630107402802,-0.2775231897830963,-0.24088281393051147,-0.2024695724248886,0.19295749068260193,-0.2545378804206848,-0.24390576779842377,0.015435291454195976,-0.2649904489517212,-0.23489293456077576,0.13356241583824158,-0.27024948596954346,0.21663638949394226,1.0517131090164185,-0.2580494284629822,-0.2547079026699066,1.1294389963150024,-0.2193029522895813,1.5012006759643555,0.310470849275589,-0.21653549373149872,0.019925769418478012,0.43151944875717163,0.020064009353518486,-0.23017650842666626,-0.06092922389507294,-0.2313496619462967,-0.0054771811701357365,-0.2041873186826706,-0.07830933481454849,-0.1845903992652893,0.523112416267395,0.10394446551799774,-0.09915454685688019,0.8850882649421692,2.4913930892944336,0.1446283757686615,-0.21795237064361572,-0.022412747144699097,0.0842517539858818,-0.27175813913345337,0.8363261818885803,-0.24209265410900116,-0.17609772086143494,-0.10714300721883774,-0.031224839389324188,-0.2772049307823181,-0.25869306921958923,-0.1942225694656372,-0.11660914868116379,-0.1249556913971901,1.2661828994750977,-0.22886539995670319,-0.2762790620326996,-0.0728738009929657,0.0535629466176033,-0.0671934112906456,-0.1293138563632965,-0.1777322143316269,0.9944816827774048,-0.27665358781814575,0.5166469216346741,0.011397145688533783,-0.2713058590888977,0.28734853863716125,-0.21287992596626282,-0.26172855496406555,-0.16042669117450714,-0.15900659561157227,0.6705679893493652,-0.15108798444271088,0.24914510548114777,-0.23718002438545227,0.20648634433746338,0.2961370050907135,-0.18248677253723145,0.742577075958252,2.152217388153076,0.5110366940498352,-0.2669357657432556,-0.0570148266851902,-0.22800366580486298,-0.2484874278306961,-0.10285651683807373,1.1478550434112549,-0.24861957132816315,-0.13177300989627838,-0.07858683168888092,0.652847409248352,0.16910013556480408,1.3048419952392578,0.41825899481773376,0.871421217918396,-0.1463719755411148,1.0916370153427124,-0.014344274066388607,-0.2474576234817505,-0.14849095046520233,0.12823382019996643
137,202,598,210,607,-0.14086970686912537,-0.12342103570699692,0.04862603545188904,1.5725510120391846,-0.033265065401792526,-0.2733064591884613,-0.20347273349761963,-0.27035167813301086,-0.18078698217868805,0.07938994467258453,0.7473534345626831,-0.26129645109176636,-0.1626201570034027,4.25108003616333,1.2243242263793945,-0.2752741873264313,-0.2126435786485672,1.9873422384262085,-0.12596829235553741,-0.09056391566991806,-0.17864680290222168,3.6415798664093018,-0.2581421434879303,-0.08209004998207092,2.8174211978912354,-0.17343802750110626,-0.2644515037536621,-0.17429018020629883,-0.13719885051250458,-0.24962690472602844,-0.2608632743358612,-0.1299848109483719,0.02010900154709816,-0.271145224571228,-0.26177388429641724,-0.2780033349990845,0.29070723056793213,-0.1526523232460022,-0.18551775813102722,0.2902897298336029,-0.25292664766311646,0.2946118712425232,1.9065871238708496,-0.19103096425533295,-0.21397362649440765,0.5844649076461792,-0.09815321117639542,0.8478732705116272,-0.24457402527332306,-0.04971899464726448,0.16756056249141693,-0.20550669729709625,-0.25229036808013916,-0.2001143991947174,-0.06295683234930038,-0.16580024361610413,-0.2642340660095215,-0.1639968603849411,-0.26468831300735474,-0.27352696657180786,-0.27102184295654297,0.014847232960164547,-0.100880466401577,-0.0998373031616211,0.9704582095146179,0.0533912368118763,-0.019414134323596954,-0.18343760073184967,0.06874062865972519,-0.22882241010665894,-0.24856658279895782,-0.11907978355884552,-0.02631264179944992,-0.2779708206653595,-0.038566287606954575,-0.24833422899246216,-0.1111912876367569,-0.23467779159545898,0.05733804032206535,-0.0713517889380455,0.882807195186615,-0.27292531728744507,-0.27643606066703796,-0.06817565858364105,-0.23422671854496002,-0.05410432070493698,-0.09727492928504944,-0.022018058225512505,3.656400442123413,-0.2774132192134857,-0.19211603701114655,-0.22896873950958252,-0.11474040150642395,0.7715247273445129,-0.25455039739608765,-0.2762466073036194,0.24418941140174866,-0.2200275957584381,1.2146532535552979,-0.25640666484832764,1.549360752105713,-0.036287859082221985,1.267406940460205,-0.14111144840717316,-0.09189784526824951,-0.18375810980796814,2.6679890155792236,-0.10219670087099075,-0.2709544599056244,0.22886934876441956,-0.06371372193098068,-0.2367040365934372,-0.0754101425409317,2.394305944442749,-0.25843870639801025,0.06669289618730545,-0.21029017865657806,-0.19473141431808472,0.36370548605918884,0.8961037993431091,0.81746906042099,0.23676854372024536,-0.09503363817930222,0.5484349727630615,-0.2227400690317154,-0.16028158366680145,-0.1496933251619339,0.37467777729034424
138,379,467,388,476,-0.26877936720848083,-0.13764525949954987,-0.2040502429008484,0.8303733468055725,-0.020126819610595703,-0.23965273797512054,-0.27599018812179565,-0.24835918843746185,-0.16632191836833954,-0.2783159613609314,1.3686176538467407,-0.18710386753082275,-0.06611978262662888,0.48702889680862427,-0.16739973425865173,-0.22360269725322723,-0.04063588008284569,-0.12752477824687958,0.22089441120624542,-0.08170884847640991,-0.2650226950645447,-0.2048584520816803,-0.14672031998634338,-0.04726005718111992,1.714893102645874,-0.18740108609199524,-0.20772391557693481,-0.0873412936925888,-0.2420889288187027,0.209549218416214,-0.2628592550754547,-0.16998900473117828,-0.27395808696746826,0.4773362874984741,-0.27748972177505493,-0.1602417230606079,-0.27765703201293945,-0.17553472518920898,-0.23725488781929016,-0.17952267825603485,-0.20384876430034637,-0.2642122507095337,0.2666624188423157,-0.2583468556404114,0.5389851927757263,-0.26909342408180237,-0.1007220670580864,0.7551345825195312,1.7942720651626587,1.1171022653579712,-0.15735232830047607,-0.27436167001724243,-0.20794802904129028,-0.2699005603790283,-0.25431519746780396,-0.025406859815120697,-0.15965525805950165,-0.27112266421318054,-0.19468046724796295,-0.03418156877160072,0.5780594944953918,0.558191180229187,0.539908766746521,-0.2608153522014618,-0.23965518176555634,-0.21381552517414093,-0.1555381715297699,-0.27055054903030396,0.4249297082424164,1.275861382484436,0.05427112057805061,-0.1451629400253296,-0.24197065830230713,-0.2780734896659851,-0.030627666041254997,-0.2784297466278076,-0.24873806536197662,-0.16967549920082092,-0.24449825286865234,-0.042145736515522,-0.18822479248046875,-0.2340802401304245,-0.2175033539533615,-0.0922430157661438,0.0893433466553688,-0.27819663286209106,-0.1077619269490242,-0.04548942670226097,-0.24523955583572388,-0.1820162683725357,-0.11522502452135086,0.32851749658584595,-0.27846160531044006,-0.19999149441719055,-0.13460081815719604,-0.26502281427383423,-0.2755485773086548,-0.2422361671924591,0.15470601618289948,0.3248186707496643,-0.24006380140781403,-0.2784607708454132,-0.0320914089679718,0.3881390690803528,-0.1317288726568222,-0.2548079490661621,-0.06922514736652374,-0.17910578846931458,-0.04906542971730232,0.14826877415180206,-0.251421183347702,-0.23995253443717957,-0.19881024956703186,-0.23174703121185303,0.9540954232215881,-0.27825653553009033,3.775397300720215,0.6368768215179443,-0.2617817223072052,-0.2375701367855072,0.07327422499656677,0.533658504486084,-0.2652921974658966,1.2725398540496826,-0.2014784812927246,0.5701308846473694,-0.20718850195407867,-0.27598169445991516
139,67,555,77,564,1.3200193643569946,-0.27241870760917664,-0.24847948551177979,0.8593835234642029,-0.008650877512991428,-0.2767060697078705,-0.23638156056404114,-0.26437142491340637,-0.1846165955066681,-0.275956928730011,0.47071999311447144,-0.23468764126300812,-0.24635198712348938,1.0250096321105957,-0.23614798486232758,-0.1511077731847763,-0.08183088898658752,-0.21293649077415466,-0.09816260635852814,-0.17118310928344727,-0.219244122505188,0.22453412413597107,-0.2747498154640198,-0.15641775727272034,-0.11797773092985153,-0.18271507322788239,-0.2716858685016632,-0.2783357501029968,0.04151768609881401,0.33260393142700195,-0.24964125454425812,-0.1892252266407013,0.3006044030189514,0.2105686366558075,-0.2677479684352875,-0.2327917218208313,-0.2664988338947296,0.055708907544612885,-0.22339493036270142,-0.2684559226036072,-0.27721327543258667,-0.2545587122440338,-0.19749131798744202,-0.25114044547080994,0.9919554591178894,-0.2390149086713791,-0.2591281533241272,0.6646425724029541,-0.09671038389205933,-0.2705155313014984,0.4121364951133728,-0.03142997622489929,-0.1058027446269989,-0.2449023574590683,-0.2763047516345978,-0.15542730689048767,-0.22491607069969177,-0.14211434125900269,-0.16688847541809082,-0.16474416851997375,0.11651620268821716,1.2233166694641113,-0.23998093605041504,-0.27408990263938904,3.4652678966522217,-0.27801406383514404,-0.1773761659860611,-0.006876194383949041,-0.19301915168762207,0.3673146367073059,2.9530386924743652,-0.18613258004188538,-0.2764331102371216,-0.27801433205604553,0.0045603374019265175,-0.2687850296497345,0.4689640700817108,-0.27398160099983215,-0.2716537415981293,-0.10921066999435425,-0.04386492446064949,-0.2236846387386322,-0.27845168113708496,-0.23671135306358337,0.0994015634059906,-0.2757500112056732,-0.22331303358078003,-0.08597547560930252,0.19740094244480133,-0.2782706320285797,-0.07605568319559097,-0.06285648792982101,-0.27396368980407715,-0.2183322012424469,-0.25804850459098816,-0.11951196938753128,-0.27692052721977234,0.11728931963443756,-0.24834184348583221,0.5891146063804626,0.1931076943874359,0.9680560231208801,0.40499481558799744,0.33504968881607056,-0.27846333384513855,0.07846064120531082,0.05408162251114845,-0.1713203638792038,-0.2777423560619354,0.2854427695274353,-0.24926325678825378,-0.26711270213127136,-0.2721242606639862,0.318814754486084,0.07620125263929367,-0.25549525022506714,-0.014542248100042343,-0.2511545419692993,-0.27755072712898254,-0.015121405012905598,-0.0424492210149765,0.12689252197742462,-0.19867171347141266,1.198534369468689,-0.13127315044403076,-0.24330060184001923,0.8022603988647461,-0.2017340213060379
140,82,582,91,590,-0.25274601578712463,-0.19045160710811615,-0.2339945137500763,1.4315788745880127,-0.2207334190607071,-0.22647477686405182,-0.16030897200107574,-0.21265429258346558,-0.14907889068126678,0.3748767077922821,-0.19492961466312408,-0.2698344588279724,-0.2583467364311218,4.067398548126221,1.6683815717697144,-0.19985508918762207,-0.12675261497497559,1.1070301532745361,0.5368453860282898,1.4589145183563232,-0.186616912484169,2.078920364379883,-0.27845871448516846,-0.19023290276527405,1.9517065286636353,-0.24320675432682037,-0.19206880033016205,-0.16107921302318573,-0.2287246137857437,-0.24697630107402802,-0.2775231897830963,-0.24088281393051147,-0.2024695724248886,0.19295749068260193,-0.2545378804206848,-0.24390576779842377,0.015435291454195976,-0.2649904489517212,-0.23489293456077576,0.13356241583824158,-0.27024948596954346,0.21663638949394226,1.0517131090164185,-0.2580494284629822,-0.2547079026699066,1.1294389963150024,-0.2193029522895813,1.5012006759643555,0.310470849275589,-0.21653549373149872,0.019925769418478012,0.43151944875717163,0.020064009353518486,-0.23017650842666626,-0.06092922389507294,-0.2313496619462967,-0.0054771811701357365,-0.2041873186826706,-0.07830933481454849,-0.1845903992652893,0.523112416267395,0.10394446551799774,-0.09915454685688019,0.8850882649421692,2.4913930892944336,0.1446283757686615,-0.21795237064361572,-0.022412747144699097,0.0842517539858818,-0.27175813913345337,0.8363261818885803,-0.24209265410900116,-0.17609772086143494,-0.10714300721883774,-0.031224839389324188,-0.2772049307823181,-0.25869306921958923,-0.1942225694656372,-0.11660914868116379,-0.1249556913971901,1.2661828994750977,-0.22886539995670319,-0.2762790620326996,-0.0728738009929657,0.0535629466176033,-0.0671934112906456,-0.1293138563632965,-0.1777322143316269,0.9944816827774048,-0.27665358781814575,0.5166469216346741,0.011397145688533783,-0.2713058590888977,0.28734853863716125,-0.21287992596626282,-0.26172855496406555,-0.16042669117450714,-0.15900659561157227,0.6705679893493652,-0.15108798444271088,0.24914510548114777,-0.23718002438545227,0.20648634433746338,0.2961370050907135,-0.18248677253723145,0.742577075958252,2.152217388153076,0.5110366940498352,-0.2669357657432556,-0.0570148266851902,-0.22800366580486298,-0.2484874278306961,-0.10285651683807373,1.1478550434112549,-0.24861957132816315,-0.13177300989627838,-0.07858683168888092,0.652847409248352,0.16910013556480408,1.3048419952392578,0.41825899481773376,0.871421217918396,-0.1463719755411148,1.0916370153427124,-0.014344274066388607,-0.2474576234817505,-0.14849095046520233,0.12823382019996643
141,747,274,755,282,-0.27837061882019043,-0.17516228556632996,-0.22915445268154144,0.8684082627296448,-0.023312946781516075,-0.2757510840892792,-0.277364581823349,-0.260404497385025,-0.20770850777626038,-0.2644905745983124,1.176501989364624,-0.2259313464164734,0.11434218287467957,0.008128604851663113,-0.2591609060764313,-0.1946343034505844,-0.09001164138317108,-0.06922661513090134,-0.08793015778064728,-0.08461486548185349,-0.2685665190219879,-0.26282402873039246,-0.08909308910369873,0.07347214967012405,1.0048761367797852,-0.26501303911209106,-0.2513398230075836,-0.1041869968175888,-0.20098108053207397,0.23594564199447632,-0.2756606936454773,-0.1290333867073059,-0.21713115274906158,0.544791042804718,-0.2784278988838196,-0.20023007690906525,-0.27495792508125305,-0.23411788046360016,-0.2398570030927658,-0.26964470744132996,-0.22755935788154602,-0.2609851062297821,-0.20683027803897858,-0.259976327419281,0.4244721829891205,-0.2775983512401581,-0.15746094286441803,0.4966929852962494,1.3704211711883545,1.2644915580749512,-0.07229650765657425,-0.27827927470207214,-0.20660938322544098,-0.27604442834854126,-0.25519436597824097,-0.04487061873078346,-0.14311107993125916,-0.2453710436820984,-0.27836817502975464,-0.0576508492231369,0.47372812032699585,0.7363499999046326,0.4293789267539978,-0.25082382559776306,-0.2565796971321106,-0.2100914865732193,0.026121294125914574,-0.26336869597435,1.2204039096832275,1.9216004610061646,0.19361554086208344,-0.2613014280796051,-0.20996882021427155,-0.26284319162368774,-0.1823161244392395,-0.2637214958667755,-0.11869160830974579,-0.2258649617433548,-0.2558758556842804,-0.10389689356088638,-0.22522196173667908,-0.22909492254257202,-0.2217235118150711,-0.0817040354013443,-0.07747948914766312,-0.22813154757022858,-0.17314213514328003,-0.050270259380340576,-0.18945789337158203,-0.23351362347602844,-0.11686630547046661,0.6890408992767334,-0.18347115814685822,-0.21042010188102722,-0.21630920469760895,-0.27666208148002625,-0.264477014541626,-0.2779238224029541,0.0003846424806397408,0.36585888266563416,-0.2605537474155426,-0.2765251100063324,-0.035414114594459534,0.4618506133556366,-0.1455138474702835,-0.25616851449012756,0.1730935275554657,-0.1891196221113205,-0.031560786068439484,0.2322206348180771,-0.1479179710149765,-0.23498114943504333,-0.20392270386219025,-0.24840037524700165,0.8432782888412476,-0.27651751041412354,3.046617269515991,0.23051583766937256,-0.269021600484848,-0.27409249544143677,0.06701637804508209,0.5160050392150879,-0.27306491136550903,1.0119562149047852,-0.16074176132678986,0.678330659866333,-0.27189236879348755,-0.274478942155838
142,281,236,289,244,0.6208643317222595,-0.2742515802383423,0.017816634848713875,0.8712969422340393,-0.04023018106818199,-0.2784574627876282,-0.25433266162872314,-0.2769820988178253,-0.25226858258247375,-0.26876774430274963,1.2263386249542236,-0.24027325212955475,-0.10285830497741699,0.8591943383216858,-0.2195979356765747,-0.16770212352275848,-0.2214672565460205,-0.1226005032658577,-0.277801513671875,-0.1865917593240738,-0.2716846764087677,-0.21263964474201202,-0.16768918931484222,-0.24087490141391754,-0.07788417488336563,-0.1882678121328354,-0.21601197123527527,-0.2764967978000641,0.28306883573532104,0.5887013673782349,-0.27520960569381714,-0.12548814713954926,0.09983702003955841,0.32231247425079346,-0.2366952747106552,-0.2770916521549225,-0.2745339274406433,-0.05473507195711136,-0.26656392216682434,-0.27461540699005127,-0.26337575912475586,-0.2673237919807434,-0.27641990780830383,-0.18545547127723694,0.6714023947715759,-0.2764923572540283,-0.2784644067287445,0.4153999090194702,0.3775344789028168,0.021329045295715332,0.24827392399311066,-0.20996905863285065,-0.07575377076864243,-0.2507155239582062,-0.2651565372943878,-0.21672800183296204,-0.23700425028800964,0.3209608197212219,-0.09832457453012466,-0.1718854308128357,0.4754858613014221,1.4186681509017944,-0.19435979425907135,-0.13222472369670868,2.0249216556549072,-0.23055195808410645,-0.23787835240364075,0.044913023710250854,-0.1852450966835022,1.4715543985366821,1.5298575162887573,-0.2554556131362915,-0.18936480581760406,-0.12944765388965607,-0.09862737357616425,-0.2680065333843231,0.38297271728515625,-0.2736404538154602,-0.25737521052360535,-0.23853854835033417,-0.23487763106822968,-0.26240357756614685,-0.2775281071662903,-0.11785032600164413,-0.09798557311296463,0.09712032973766327,-0.26467791199684143,-0.12493034452199936,-0.013426162302494049,-0.2567635476589203,-0.15657351911067963,0.027742648497223854,-0.19426009058952332,-0.1994599997997284,-0.2784309685230255,-0.2145967036485672,-0.27751806378364563,-0.0025334481615573168,-0.26225703954696655,0.5089210867881775,-0.02783043496310711,0.16442349553108215,0.2448807954788208,0.2705531716346741,-0.27532100677490234,0.21026551723480225,0.24625825881958008,-0.22950208187103271,-0.11931191384792328,0.6518058776855469,-0.2654540240764618,-0.2631700336933136,-0.2776730954647064,-0.15472428500652313,0.6194405555725098,-0.2734580934047699,1.442325472831726,-0.27312904596328735,-0.2769725024700165,-0.12764514982700348,-0.10567894577980042,0.21679477393627167,-0.2666926681995392,0.7543351650238037,-0.12444064021110535,0.18223260343074799,0.4952112138271332,-0.25691866874694824
143,248,484,257,492,-0.11436892300844193,-0.1104898452758789,-0.276326060295105,1.0737533569335938,-0.009986946359276772,-0.27493375539779663,-0.21516484022140503,-0.23404301702976227,-0.1468898504972458,-0.2755906283855438,0.7054916620254517,-0.1732834279537201,-0.2613138258457184,1.3618437051773071,-0.08670073002576828,-0.24101077020168304,-0.011903670616447926,-0.043617457151412964,1.1349129676818848,-0.12808451056480408,-0.2784443497657776,-0.2624819278717041,-0.27764517068862915,-0.16965970396995544,3.252384901046753,-0.26124322414398193,-0.21348793804645538,-0.07817468047142029,-0.20062503218650818,-0.15704545378684998,-0.19709259271621704,-0.12558652460575104,-0.2543880343437195,0.2473784238100052,-0.2680695354938507,-0.1797771006822586,-0.12904983758926392,-0.1394270956516266,-0.19248880445957184,-0.0674990862607956,-0.204908549785614,-0.025609269738197327,1.2880301475524902,-0.20488375425338745,-0.22810910642147064,-0.2565286159515381,-0.0785503089427948,0.9340522885322571,5.459578990936279,1.5656336545944214,0.031008543446660042,-0.2689265012741089,-0.25209730863571167,-0.2708880305290222,-0.22394594550132751,-0.004927053581923246,-0.17668253183364868,0.20010770857334137,-0.038454797118902206,-0.020531615242362022,1.516628384590149,-0.25665563344955444,0.428466260433197,-0.13951368629932404,-0.2320568859577179,-0.27159377932548523,-0.27358946204185486,-0.19998659193515778,0.20196178555488586,0.8560004234313965,-0.25663721561431885,-0.18750497698783875,-0.27694058418273926,-0.27178069949150085,0.23580454289913177,-0.273840069770813,-0.17132240533828735,-0.09323424845933914,-0.2607268691062927,-0.038549184799194336,0.11578487604856491,-0.2520894408226013,-0.21034111082553864,-0.23335601389408112,0.5155453085899353,-0.08154524862766266,-0.056067824363708496,-0.030282342806458473,-0.2465757429599762,-0.15354831516742706,-0.13088849186897278,0.46630531549453735,-0.21911002695560455,-0.24302241206169128,-0.06639239937067032,-0.07051865011453629,-0.2776406407356262,-0.21408168971538544,0.7078695893287659,-0.15138572454452515,-0.1899832785129547,-0.17521588504314423,-0.12079285085201263,0.28427812457084656,-0.08918678760528564,0.059032026678323746,-0.01680183969438076,-0.19382110238075256,0.039889149367809296,0.05132421478629112,-0.24998739361763,-0.27272510528564453,-0.08388715237379074,-0.2317572832107544,0.1598663032054901,-0.22757601737976074,2.588442802429199,1.7370702028274536,-0.2629661560058594,-0.27401497960090637,0.2682555913925171,0.4506373405456543,-0.24792642891407013,1.5435550212860107,-0.15157471597194672,-0.2585860788822174,-0.06327197700738907,-0.27231892943382263
144,435,801,444,808,0.11739785224199295,-0.2450399249792099,-0.2769184112548828,1.4231460094451904,-0.03542960807681084,0.4276364743709564,1.8002338409423828,-0.19066013395786285,-0.19938187301158905,1.0705702304840088,-0.24690328538417816,-0.1375303417444229,-0.27845969796180725,0.10365401208400726,0.6075444221496582,-0.1746593713760376,-0.27839693427085876,-0.025601577013731003,-0.2783442437648773,0.015337113291025162,-0.21245291829109192,3.454183340072632,-0.2710857391357422,1.6046819686889648,1.7200753688812256,-0.22704999148845673,-0.21625636518001556,-0.27365317940711975,0.0121651291847229,-0.2504076361656189,-0.27315258979797363,-0.18813593685626984,0.37976422905921936,0.07223568856716156,-0.16046707332134247,-0.265180766582489,0.15605555474758148,-0.1369084268808365,-0.27560362219810486,2.1791622638702393,-0.17479684948921204,0.33477216958999634,-0.031192859634757042,-0.27046671509742737,0.3399636447429657,0.1872008740901947,-0.24552075564861298,1.4695837497711182,0.3568218946456909,-0.13126437366008759,0.39206960797309875,0.14700739085674286,-0.265534371137619,-0.004793997388333082,-0.19397501647472382,-0.15313933789730072,-0.27794188261032104,-0.278354674577713,-0.2517344057559967,-0.27818551659584045,0.5379455089569092,0.37283048033714294,0.04697408527135849,-0.2631279528141022,1.5210741758346558,-0.2757190763950348,-0.25210970640182495,-0.24731172621250153,3.162083625793457,0.32136791944503784,2.5394234657287598,-0.2642571032047272,-0.11936764419078827,-0.24292106926441193,-0.278194785118103,-0.2767973244190216,-0.007462805602699518,-0.2490205317735672,-0.06533398479223251,-0.1558249443769455,1.3893370628356934,-0.27741608023643494,-0.2667720317840576,-0.1371258646249771,0.13733114302158356,-0.10089042782783508,-0.12534199655056,-0.16954316198825836,0.25702881813049316,-0.2657373547554016,-0.2760429382324219,0.30328014492988586,-0.20411594212055206,-0.016353288665413857,-0.2545730173587799,-0.23563161492347717,-0.16557759046554565,-0.23645369708538055,-0.12355997413396835,-0.14129775762557983,-0.16543416678905487,-0.07429783046245575,0.4458156228065491,0.4865758419036865,-0.09478422999382019,-0.040724851191043854,3.2890512943267822,0.1225079745054245,-0.26851123571395874,-0.13783115148544312,0.1448463797569275,-0.26829949021339417,0.7402998805046082,1.5863109827041626,-0.2783001959323883,0.28584128618240356,-0.23984533548355103,-0.2770203948020935,0.21584174036979675,1.2475452423095703,0.4394143223762512,0.3622448742389679,-0.13257476687431335,0.8215033411979675,0.26445671916007996,-0.2743437886238098,-0.18533889949321747,0.49250712990760803
145,146,316,155,324,0.8584955930709839,-0.2656777501106262,-0.20408430695533752,0.9354753494262695,-0.021546438336372375,-0.2698041796684265,-0.20993167161941528,-0.2780204117298126,-0.24565427005290985,-0.20532168447971344,0.44846493005752563,-0.19894583523273468,-0.19681650400161743,0.7445237636566162,-0.1601516157388687,-0.2021811157464981,-0.15226757526397705,-0.225597083568573,-0.1304733157157898,-0.23328495025634766,-0.24977350234985352,0.32447317242622375,-0.16779598593711853,-0.12432592362165451,-0.0012439029524102807,-0.1819918006658554,-0.269917756319046,-0.27842995524406433,0.16362152993679047,0.7153465747833252,-0.27818676829338074,-0.23484650254249573,0.341126948595047,-0.005524917971342802,-0.26433080434799194,-0.26490864157676697,-0.2562313973903656,0.05273092910647392,-0.26871418952941895,-0.23279890418052673,-0.2780693769454956,-0.2381162941455841,-0.2456858605146408,-0.22605066001415253,0.9130789041519165,-0.22598737478256226,-0.27765506505966187,0.4778989851474762,-0.07657922059297562,-0.22696466743946075,0.4801936745643616,8.016888386919163e-06,0.002883588196709752,-0.19225451350212097,-0.2132710963487625,-0.16873177886009216,-0.2337319552898407,-0.10746249556541443,-0.06660877168178558,-0.22322221100330353,0.022477177903056145,1.1894686222076416,-0.1442081332206726,-0.2733338177204132,2.3683342933654785,-0.2626565098762512,-0.2185238003730774,-0.06396452337503433,-0.08965770155191422,0.4822969436645508,2.1136960983276367,-0.2690136134624481,-0.23591580986976624,-0.2628817856311798,0.05924377590417862,-0.2750832140445709,0.2688256502151489,-0.27769196033477783,-0.27404117584228516,-0.14043720066547394,0.24256524443626404,-0.2302992045879364,-0.2621960937976837,-0.2729138433933258,0.24306917190551758,-0.2428191751241684,-0.27806195616722107,-0.09191013872623444,0.3487239480018616,-0.27219894528388977,-0.1228925958275795,0.014369234442710876,-0.1646420955657959,-0.2441275417804718,-0.27350252866744995,-0.2340497374534607,-0.25972068309783936,0.07625213265419006,-0.27806124091148376,0.49079376459121704,0.08868881314992905,0.8680649995803833,0.18780088424682617,0.257169246673584,-0.2704140543937683,0.06332183629274368,0.13893017172813416,-0.20349012315273285,-0.2571893334388733,0.205696702003479,-0.2736174464225769,-0.26953792572021484,-0.26513445377349854,0.23477524518966675,0.12980712950229645,-0.25825661420822144,-0.13603085279464722,-0.269962340593338,-0.2783260941505432,0.12041676044464111,0.004828996956348419,0.2986587882041931,-0.23385068774223328,0.7506964206695557,-0.11749472469091415,-0.1297508329153061,0.48940470814704895,-0.16304868459701538
146,203,493,212,501,-0.002920506289228797,-0.2781835198402405,-0.175545334815979,1.0308938026428223,-0.14674469828605652,-0.26368534564971924,-0.19421562552452087,-0.21295805275440216,-0.1883474886417389,-0.09514448046684265,0.40698519349098206,-0.1994335651397705,0.8909554481506348,0.5095512270927429,-0.26065826416015625,-0.0666523426771164,-0.10938644409179688,-0.1184094175696373,-0.24187539517879486,-0.26746413111686707,-0.2755744159221649,-0.14531436562538147,0.6594269275665283,-0.10867874324321747,0.5862879753112793,-0.2195754200220108,-0.2315707951784134,-0.21799100935459137,-0.23591220378875732,1.4053326845169067,-0.20621614158153534,-0.16008716821670532,0.037120968103408813,-0.06267692148685455,-0.27715229988098145,-0.2589327096939087,-0.20376166701316833,0.08141378313302994,-0.27189189195632935,-0.27205607295036316,-0.2781851291656494,-0.2203672081232071,-0.241604745388031,-0.2081851065158844,-0.08335122466087341,-0.23043867945671082,-0.19549623131752014,-0.15667885541915894,-0.021033715456724167,0.32098594307899475,0.7619951963424683,-0.2708056569099426,0.316573828458786,-0.1911325454711914,-0.20605531334877014,-0.20952747762203217,-0.23438754677772522,0.17109180986881256,-0.04262477532029152,-0.20806552469730377,-0.06337569653987885,1.0320662260055542,0.21708853542804718,-0.27817603945732117,0.348416805267334,0.373891681432724,-0.12672145664691925,0.8291340470314026,0.04499736428260803,0.7211546897888184,0.5866674780845642,-0.2659291923046112,-0.0849001407623291,-0.12876495718955994,-0.09382891654968262,-0.2675240933895111,-0.23527362942695618,-0.2619732618331909,-0.22804591059684753,-0.1741483062505722,0.20425370335578918,-0.24690090119838715,-0.2754340171813965,-0.22627200186252594,-0.05011739209294319,0.01945340633392334,-0.2740366458892822,-0.11548859626054764,0.5115933418273926,-0.2626087963581085,-0.25339269638061523,1.401081919670105,0.009315096773207188,-0.27795732021331787,-0.2777771055698395,-0.27785539627075195,-0.06796206533908844,0.14843587577342987,-0.055811405181884766,0.29587888717651367,-0.21715708076953888,0.33353230357170105,0.07189538329839706,0.31967592239379883,-0.14955998957157135,-0.15635867416858673,0.07402481138706207,-0.2402346283197403,0.3725610673427582,0.37406665086746216,-0.1492338925600052,-0.27122437953948975,-0.27700144052505493,-0.20360441505908966,0.3462434411048889,-0.2723054587841034,0.33767586946487427,-0.20543646812438965,-0.277590274810791,-0.1693585216999054,0.014823870733380318,0.29616838693618774,-0.25171035528182983,0.5383397936820984,-0.05327945202589035,0.10239893198013306,-0.27753740549087524,-0.2159450352191925
147,157,482,166,490,-0.0034550512209534645,-0.21088311076164246,-0.05089857801795006,0.8728426098823547,-0.031200964003801346,-0.26678264141082764,-0.12255910038948059,-0.27670812606811523,-0.25624144077301025,-0.2686969041824341,1.1875579357147217,-0.14260293543338776,0.4713681638240814,0.3657688498497009,-0.220967099070549,-0.19959862530231476,-0.21736198663711548,-0.1477162390947342,-0.26552149653434753,-0.2055881917476654,-0.25534939765930176,-0.26213642954826355,0.21132421493530273,-0.1600036472082138,0.5003524422645569,-0.21622556447982788,-0.2638798952102661,-0.15753142535686493,-0.026989784091711044,0.5466066598892212,-0.167037233710289,-0.12152967602014542,-0.08896177262067795,0.1107911542057991,-0.2784496545791626,-0.2504357397556305,-0.2700245678424835,0.15348701179027557,-0.24741098284721375,-0.2278711497783661,-0.24483278393745422,-0.26526206731796265,-0.26220929622650146,-0.2496606558561325,0.3931123614311218,-0.2685147225856781,-0.24708819389343262,0.47498828172683716,0.22787514328956604,0.38687658309936523,0.2019035816192627,-0.2759113311767578,-0.07291442900896072,-0.27288904786109924,-0.2784613072872162,-0.08979222178459167,-0.19821755588054657,-0.21059079468250275,-0.1862919181585312,-0.13547813892364502,0.1409086436033249,0.8848899602890015,0.051929112523794174,-0.26574984192848206,0.04544826224446297,-0.04214382544159889,-0.13996157050132751,-0.13595041632652283,0.44246357679367065,0.9455660581588745,0.4594044089317322,-0.27689963579177856,-0.20024240016937256,-0.12138477712869644,-0.12883618474006653,-0.2783689498901367,0.2556689381599426,-0.2659333348274231,-0.2744157314300537,-0.051594335585832596,-0.15069904923439026,-0.22645331919193268,-0.23653891682624817,-0.18460725247859955,-0.10616452991962433,-0.1619775891304016,-0.264913946390152,-0.053029343485832214,0.25477278232574463,-0.2496427595615387,-0.16726234555244446,0.3768315613269806,0.023357227444648743,-0.23125015199184418,-0.26570186018943787,-0.2783789336681366,-0.2541485130786896,-0.14890232682228088,-0.09309399873018265,0.4406144618988037,-0.09387180954217911,-0.032242704182863235,0.018386293202638626,0.48831161856651306,-0.24246028065681458,-0.18484343588352203,-0.04269665852189064,-0.20798130333423615,0.10855438560247421,0.027589553967118263,-0.10763897746801376,-0.24562053382396698,-0.2539193332195282,-0.17531345784664154,0.5302319526672363,-0.2772487998008728,1.8335957527160645,-0.2165234386920929,-0.26540279388427734,-0.2619524896144867,0.02628001570701599,0.6079201102256775,-0.27331653237342834,0.40996435284614563,-0.15252508223056793,0.7214881181716919,-0.27454179525375366,-0.2630026340484619
148,176,476,185,484,-0.23372937738895416,-0.21270018815994263,-0.25756770372390747,1.570292592048645,-0.06278683245182037,-0.27553024888038635,-0.11628060042858124,-0.09546750038862228,-0.27769342064857483,0.6653938889503479,0.4073448181152344,-0.2756635844707489,-0.2755865156650543,0.7803133130073547,0.7718196511268616,-0.09170171618461609,-0.2625703513622284,-0.17817024886608124,-0.27533096075057983,-0.09361379593610764,-0.2536574602127075,3.336684226989746,-0.2750972509384155,0.197871133685112,3.3500266075134277,-0.1459682285785675,-0.27694666385650635,-0.1873447149991989,-0.07416684180498123,-0.2611441910266876,-0.2778696119785309,-0.14605019986629486,-0.0955767035484314,-0.06256493180990219,-0.15769074857234955,0.19907857477664948,0.13964921236038208,-0.25965800881385803,-0.10095913708209991,2.9511325359344482,-0.0816500261425972,0.40420952439308167,0.5933573246002197,-0.25950586795806885,-0.2501683235168457,0.7536637187004089,-0.27687060832977295,0.5271639823913574,-0.23171216249465942,0.5031753182411194,1.138565182685852,-0.2643284797668457,-0.27684611082077026,-0.08942053467035294,1.9161745309829712,-0.06672152876853943,-0.27298834919929504,-0.14304903149604797,-0.23853503167629242,-0.2254307121038437,-0.06643322110176086,0.5895317792892456,0.15703235566616058,-0.2345772236585617,-0.08554736524820328,-0.2773783504962921,-0.03762131184339523,-0.09555592387914658,2.739323854446411,-0.14615745842456818,-0.020841635763645172,-0.14661861956119537,0.858738362789154,1.3375062942504883,-0.1764468103647232,-0.27736324071884155,-0.26959672570228577,-0.2637200653553009,0.38204225897789,-0.14590395987033844,0.23023918271064758,-0.21096272766590118,-0.27846309542655945,0.07284746319055557,0.49373698234558105,-0.16386769711971283,-0.17027685046195984,-0.1227957084774971,4.86610746383667,0.41068461537361145,-0.10287980735301971,0.48358094692230225,0.2218531221151352,0.2186487764120102,-0.25386208295822144,-0.27833202481269836,0.13648439943790436,-0.2640772759914398,1.046116590499878,-0.22124657034873962,0.6442710757255554,-0.21975676715373993,0.36473435163497925,0.1671541929244995,-0.16046589612960815,-0.04457344487309456,4.013491153717041,0.8006210327148438,-0.2744201421737671,-0.16368122398853302,-0.1965186595916748,-0.17057473957538605,-0.13697852194309235,0.3330076038837433,-0.22301660478115082,0.8004447221755981,-0.2537577450275421,0.48483461141586304,0.6225658059120178,1.0558719635009766,0.6219478845596313,0.6109857559204102,-0.23433253169059753,-0.06654415279626846,0.07285898178815842,-0.278261661529541,-0.26887497305870056,0.15289215743541718
149,81,593,91,601,-0.2290617823600769,-0.22170892357826233,-0.10272101312875748,1.5547527074813843,-0.05606616660952568,-0.2784065902233124,0.04317856952548027,-0.27067211270332336,-0.12378045916557312,0.6906237602233887,-0.18135803937911987,-0.10975192487239838,-0.27038100361824036,0.35759687423706055,1.4666212797164917,-0.13175728917121887,-0.2731498181819916,1.3513482809066772,-0.23900499939918518,1.2310281991958618,-0.21178114414215088,2.1688337326049805,-0.27809712290763855,1.8741792440414429,3.9976494312286377,-0.27046501636505127,0.11685074865818024,-0.232840895652771,-0.2782924473285675,-0.2781717777252197,-0.21494415402412415,-0.26807284355163574,0.30539196729660034,0.3278155028820038,-0.26569104194641113,-0.25120770931243896,0.18572907149791718,-0.2494974434375763,-0.26014775037765503,1.8489443063735962,0.24897977709770203,0.3374980688095093,0.9441059827804565,-0.24844719469547272,-0.2248264104127884,0.8615883588790894,-0.149813711643219,-0.11196817457675934,0.6842458248138428,0.43771690130233765,1.964381217956543,0.7035724520683289,-0.17579573392868042,0.13973942399024963,-0.23162727057933807,-0.12205114960670471,-0.08417157083749771,0.4794348478317261,-0.2779097259044647,-0.2205059826374054,0.24353890120983124,0.6106491684913635,-0.030893826857209206,-0.2774333953857422,-0.17187662422657013,-0.27319225668907166,-0.2505630552768707,0.01112580019980669,2.9673404693603516,0.1872800886631012,0.31911537051200867,-0.18478386104106903,0.36943119764328003,0.05519106239080429,-0.18759584426879883,-0.24607686698436737,-0.08459766954183578,-0.2468137890100479,-0.2783307433128357,-0.155486062169075,0.3067595958709717,-0.27803146839141846,-0.2780824899673462,0.7628101706504822,0.5839273929595947,-0.074189193546772,-0.035167817026376724,-0.23672693967819214,2.481024980545044,-0.18091149628162384,0.2694801390171051,0.9798018932342529,-0.24892710149288177,0.5640779733657837,-0.2569541931152344,-0.24231161177158356,0.24105896055698395,-0.22122561931610107,0.25358954071998596,-0.2558990716934204,1.5811066627502441,0.3242017328739166,0.22764873504638672,-0.1501697152853012,-0.15469059348106384,-0.2639261782169342,3.657804489135742,0.08867322653532028,-0.21566960215568542,0.3345169126987457,-0.2777845859527588,-0.2282480001449585,-0.26549285650253296,0.37343886494636536,0.05043616518378258,0.6363016963005066,-0.12059758603572845,2.030690908432007,1.5960954427719116,0.47247591614723206,0.5999900698661804,0.25599896907806396,-0.27717870473861694,2.677039861679077,0.269707053899765,-0.2492298036813736,-0.19429704546928406,0.1779516041278839
150,151,671,157,677,-0.07481668889522552,-0.27814677357673645,-0.15047208964824677,1.1170903444290161,-0.19218605756759644,-0.2648947536945343,-0.2686937749385834,0.20400051772594452,-0.2631221115589142,0.29453137516975403,0.5454820990562439,-0.2720004916191101,0.2934006452560425,0.30338212847709656,-0.23901057243347168,0.05500825494527817,-0.2719179391860962,-0.20515091717243195,-0.23995403945446014,-0.2772068977355957,-0.25743618607521057,0.48811075091362,0.12130241841077805,0.04866674169898033,0.709825873374939,-0.2738666236400604,-0.24849869310855865,-0.26772481203079224,-0.07791116833686829,-0.12779749929904938,-0.16806448996067047,-0.19519472122192383,-0.17887206375598907,0.3155961036682129,-0.22530487179756165,-0.26452937722206116,-0.2251644879579544,-0.15348976850509644,-0.26036396622657776,0.494480162858963,-0.27845168113708496,-0.1406082659959793,-0.23311379551887512,-0.27364131808280945,-0.21197207272052765,-0.035532865673303604,-0.23215219378471375,0.32793593406677246,0.4797397255897522,0.12530827522277832,0.9172692894935608,-0.2697931230068207,-0.11862646788358688,-0.1901063621044159,-0.049314938485622406,-0.157118558883667,-0.2734333872795105,-0.20126593112945557,-0.25285372138023376,-0.2778056561946869,-0.19589942693710327,1.0232065916061401,0.0215325728058815,-0.24867509305477142,-0.036423396319150925,-0.2758079171180725,-0.2131769210100174,0.05472945049405098,0.8473780155181885,0.7596221566200256,0.6140419840812683,-0.2758912444114685,-0.11750993132591248,-0.11670856922864914,-0.24347998201847076,-0.269652396440506,-0.005998785141855478,-0.2784455418586731,-0.2553708851337433,-0.25512364506721497,0.30519381165504456,-0.14513538777828217,-0.2773822247982025,-0.07086334377527237,-0.08500025421380997,-0.012038525193929672,-0.26852428913116455,-0.14873966574668884,0.9331406950950623,-0.2626895606517792,-0.09769979864358902,0.7639594078063965,0.7733355760574341,-0.2737117111682892,-0.18466724455356598,-0.26407739520072937,-0.19000552594661713,0.077374666929245,0.09026847779750824,0.16090232133865356,-0.11562954634428024,0.16726809740066528,0.39934757351875305,0.2240535020828247,-0.2541080713272095,0.16101273894309998,0.8383307456970215,0.232140451669693,-0.16821062564849854,0.6229223608970642,-0.12751415371894836,-0.26820260286331177,-0.23565667867660522,-0.23085513710975647,0.2912072539329529,-0.2294507473707199,0.0031673312187194824,-0.23506446182727814,-0.21295297145843506,0.15714602172374725,-0.028773082420229912,0.40093085169792175,-0.27775630354881287,0.0656047910451889,-0.13281476497650146,-0.18436592817306519,-0.26985451579093933,-0.2181469351053238
151,659,300,668,308,1.310988426208496,-0.26413393020629883,-0.23814757168293,0.8806256651878357,-0.009772496297955513,-0.2716081440448761,-0.27231472730636597,-0.2657400965690613,-0.226457878947258,-0.27112171053886414,0.4795621335506439,-0.19561462104320526,-0.2506190836429596,1.095868706703186,-0.21653969585895538,-0.2130115032196045,-0.07348611205816269,-0.23903922736644745,-0.11432071775197983,-0.15510757267475128,-0.24510453641414642,0.17411471903324127,-0.2606125771999359,-0.2081083506345749,-0.10898395627737045,-0.09133398532867432,-0.27746304869651794,-0.27719926834106445,0.2404506802558899,0.7402648329734802,-0.265011191368103,-0.18250203132629395,0.31573379039764404,-0.025043224915862083,-0.27176815271377563,-0.26219311356544495,-0.24984319508075714,0.06933947652578354,-0.24708937108516693,-0.23876114189624786,-0.2731185555458069,-0.2521120011806488,-0.2087009996175766,-0.159445658326149,0.7856440544128418,-0.25296077132225037,-0.26800647377967834,0.6163694858551025,-0.10410140454769135,-0.273157000541687,0.47079235315322876,0.04091254249215126,-0.08647329360246658,-0.23187477886676788,-0.21059447526931763,-0.14207495748996735,-0.2228137105703354,-0.1855861097574234,-0.17863178253173828,-0.18669334053993225,-0.13324373960494995,1.1498101949691772,-0.2479921579360962,-0.2740018665790558,3.15619158744812,-0.27127304673194885,-0.1649102419614792,0.022869504988193512,-0.21349388360977173,0.41609781980514526,2.255864381790161,-0.2388961762189865,-0.26634326577186584,-0.27828022837638855,-0.04392767697572708,-0.2782137989997864,0.7081774473190308,-0.27846282720565796,-0.2505089342594147,-0.09523089230060577,0.0931192934513092,-0.21275511384010315,-0.2724337577819824,-0.24736671149730682,0.21399708092212677,-0.2717646062374115,-0.23024311661720276,-0.06473860144615173,0.25677621364593506,-0.27809271216392517,-0.09203037619590759,-0.11671808362007141,-0.22957170009613037,-0.2380445897579193,-0.2668657600879669,-0.17434872686862946,-0.2782606780529022,0.05436420813202858,-0.2673830986022949,0.5033764243125916,0.11704385280609131,1.0369312763214111,0.23380844295024872,0.6102902889251709,-0.2535453140735626,0.011510769836604595,0.09852297604084015,-0.1746911257505417,-0.2658568024635315,0.22785820066928864,-0.26194170117378235,-0.26447153091430664,-0.2569243311882019,0.5460278987884521,0.0198314618319273,-0.24463388323783875,0.0037108559627085924,-0.25947269797325134,-0.27739259600639343,-0.012902727350592613,-0.014561944641172886,0.07936593890190125,-0.21605007350444794,0.9368219971656799,-0.1246064305305481,-0.1970721036195755,0.9163890480995178,-0.199094757437706
152,156,492,164,500,-0.0034550512209534645,-0.21088311076164246,-0.05089857801795006,0.8728426098823547,-0.031200964003801346,-0.26678264141082764,-0.12255910038948059,-0.27670812606811523,-0.25624144077301025,-0.2686969041824341,1.1875579357147217,-0.14260293543338776,0.4713681638240814,0.3657688498497009,-0.220967099070549,-0.19959862530231476,-0.21736198663711548,-0.1477162390947342,-0.26552149653434753,-0.2055881917476654,-0.25534939765930176,-0.26213642954826355,0.21132421493530273,-0.1600036472082138,0.5003524422645569,-0.21622556447982788,-0.2638798952102661,-0.15753142535686493,-0.026989784091711044,0.5466066598892212,-0.167037233710289,-0.12152967602014542,-0.08896177262067795,0.1107911542057991,-0.2784496545791626,-0.2504357397556305,-0.2700245678424835,0.15348701179027557,-0.24741098284721375,-0.2278711497783661,-0.24483278393745422,-0.26526206731796265,-0.26220929622650146,-0.2496606558561325,0.3931123614311218,-0.2685147225856781,-0.24708819389343262,0.47498828172683716,0.22787514328956604,0.38687658309936523,0.2019035816192627,-0.2759113311767578,-0.07291442900896072,-0.27288904786109924,-0.2784613072872162,-0.08979222178459167,-0.19821755588054657,-0.21059079468250275,-0.1862919181585312,-0.13547813892364502,0.1409086436033249,0.8848899602890015,0.051929112523794174,-0.26574984192848206,0.04544826224446297,-0.04214382544159889,-0.13996157050132751,-0.13595041632652283,0.44246357679367065,0.9455660581588745,0.4594044089317322,-0.27689963579177856,-0.20024240016937256,-0.12138477712869644,-0.12883618474006653,-0.2783689498901367,0.2556689381599426,-0.2659333348274231,-0.2744157314300537,-0.051594335585832596,-0.15069904923439026,-0.22645331919193268,-0.23653891682624817,-0.18460725247859955,-0.10616452991962433,-0.1619775891304016,-0.264913946390152,-0.053029343485832214,0.25477278232574463,-0.2496427595615387,-0.16726234555244446,0.3768315613269806,0.023357227444648743,-0.23125015199184418,-0.26570186018943787,-0.2783789336681366,-0.2541485130786896,-0.14890232682228088,-0.09309399873018265,0.4406144618988037,-0.09387180954217911,-0.032242704182863235,0.018386293202638626,0.48831161856651306,-0.24246028065681458,-0.18484343588352203,-0.04269665852189064,-0.20798130333423615,0.10855438560247421,0.027589553967118263,-0.10763897746801376,-0.24562053382396698,-0.2539193332195282,-0.17531345784664154,0.5302319526672363,-0.2772487998008728,1.8335957527160645,-0.2165234386920929,-0.26540279388427734,-0.2619524896144867,0.02628001570701599,0.6079201102256775,-0.27331653237342834,0.40996435284614563,-0.15252508223056793,0.7214881181716919,-0.27454179525375366,-0.2630026340484619
