id,x0,y0,x1,y1,f0,f1,f2,f3,f4,f5,f6,f7,f8,f9,f10,f11,f12,f13,f14,f15,f16,f17,f18,f19,f20,f21,f22,f23,f24,f25,f26,f27,f28,f29,f30,f31,f32,f33,f34,f35,f36,f37,f38,f39,f40,f41,f42,f43,f44,f45,f46,f47,f48,f49,f50,f51,f52,f53,f54,f55,f56,f57,f58,f59,f60,f61,f62,f63,f64,f65,f66,f67,f68,f69,f70,f71,f72,f73,f74,f75,f76,f77,f78,f79,f80,f81,f82,f83,f84,f85,f86,f87,f88,f89,f90,f91,f92,f93,f94,f95,f96,f97,f98,f99,f100,f101,f102,f103,f104,f105,f106,f107,f108,f109,f110,f111,f112,f113,f114,f115,f116,f117,f118,f119,f120,f121,f122,f123,f124,f125,f126,f127
0,440,661,452,673,-0.1692737191915512,-0.1257522851228714,0.11554329842329025,1.2285128831863403,-0.03499992564320564,-0.2188522219657898,-0.21020080149173737,-0.2752775549888611,-0.15778173506259918,-0.2246837317943573,1.037597417831421,-0.2510013282299042,-0.2784414291381836,3.5915215015411377,-0.20629766583442688,-0.22104474902153015,-0.003954083658754826,-0.03529719263315201,0.9637099504470825,-0.2681090831756592,-0.2709701657295227,-0.25851836800575256,-0.2695046663284302,-0.2782420217990875,0.8722252249717712,-0.18598146736621857,-0.14062412083148956,-0.19566582143306732,-0.2604548931121826,-0.27677199244499207,-0.17946143448352814,-0.06615789234638214,-0.2254461795091629,0.7179915308952332,-0.2773149013519287,-0.2527978718280792,0.06881025433540344,-0.15665389597415924,-0.21968579292297363,-0.14282135665416718,-0.1992424577474594,0.2735888659954071,1.335941195487976,-0.14764191210269928,-0.20234626531600952,-0.24267476797103882,-0.16935469210147858,1.0559782981872559,5.9093780517578125,1.6120527982711792,-0.07997413724660873,-0.27071699500083923,-0.21240173280239105,-0.20265664160251617,-0.2245330512523651,-0.03351718187332153,-0.2586478292942047,0.9625265598297119,1.0687816143035889,-0.042392294853925705,1.8037099838256836,0.01938207820057869,0.24322940409183502,-0.2349175214767456,0.39617568254470825,-0.27803489565849304,-0.27604398131370544,-0.2108784168958664,-0.27787041664123535,0.5825250744819641,-0.09115426242351532,-0.11576107889413834,-0.272405207157135,-0.05944553390145302,0.018186746165156364,-0.24484239518642426,-0.2783210873603821,-0.20482146739959717,-0.1622818112373352,-0.04653628543019295,0.2579199969768524,-0.24634753167629242,-0.2767971456050873,-0.239136204123497,-0.20061741769313812,-0.044530246406793594,-0.06552381813526154,-0.1700371950864792,-0.2635306119918823,-0.24763326346874237,-0.2690386176109314,0.43439728021621704,-0.2702397406101227,-0.05304138734936714,-0.1673162579536438,-0.13779418170452118,-0.27312564849853516,-0.12409189343452454,1.481907844543457,-0.222212016582489,-0.21556133031845093,-0.12898825109004974,0.1171681210398674,0.13252289593219757,-0.11987253278493881,1.9470298290252686,-0.261508584022522,-0.23890207707881927,-0.2595254182815552,0.06220187246799469,-0.22644633054733276,-0.26873910427093506,-0.2615700364112854,-0.2226705402135849,-0.1967843770980835,-0.24090982973575592,2.1858978271484375,1.1189922094345093,-0.16923710703849792,-0.22311407327651978,0.06790721416473389,0.15811578929424286,-0.16193720698356628,0.5007046461105347,-0.019327139481902122,-0.21093283593654633,-0.13513581454753876,-0.2746718227863312
1,411,671,424,683,-0.0328792966902256,-0.22978298366069794,0.1360306441783905,0.9421281814575195,-0.0836319848895073,-0.2587432563304901,-0.2744302749633789,-0.2633756995201111,-0.2777387201786041,-0.20098404586315155,0.7470570206642151,-0.18015073239803314,0.2916145324707031,-0.11107923835515976,-0.266935795545578,-0.22870618104934692,-0.2671663165092468,-0.20910166203975677,-0.17621921002864838,-0.26341837644577026,-0.02519124187529087,-0.06238876283168793,0.5779417753219604,0.34517669677734375,-0.05039634928107262,-0.265255331993103,-0.24705922603607178,-0.2683297097682953,-0.2774204909801483,-0.07690376788377762,-0.27323824167251587,-0.117373026907444,0.43591487407684326,1.0436097383499146,-0.18954998254776,-0.2772846519947052,-0.21997597813606262,0.17290052771568298,-0.27280429005622864,-0.2611287534236908,-0.23912855982780457,-0.21594256162643433,-0.174430713057518,0.5668399930000305,1.8444801568984985,-0.27655699849128723,-0.2734878957271576,1.4730280637741089,0.1222582459449768,-0.2029552161693573,-0.2206999808549881,-0.24887734651565552,0.29424744844436646,-0.26545649766921997,-0.12948010861873627,-0.09916438907384872,-0.27566465735435486,0.6147957444190979,0.421917200088501,-0.0932246670126915,0.2676686942577362,0.8783142566680908,0.5101401209831238,-0.22954006493091583,-0.17551416158676147,0.03030044585466385,-0.004712380934506655,-0.27314087748527527,0.2979108691215515,-0.1606980562210083,1.6514835357666016,-0.27839258313179016,-0.278084933757782,1.6698668003082275,-0.2525404691696167,-0.2698555290699005,-0.13854242861270905,-0.27606621384620667,-0.2776809632778168,-0.12898282706737518,-0.06817591935396194,-0.2780446410179138,-0.2546187937259674,-0.27838313579559326,-0.27508896589279175,-0.27773499488830566,-0.20115363597869873,-0.05201336741447449,0.39009204506874084,-0.27553263306617737,-0.27515584230422974,0.46724405884742737,-0.009003239683806896,-0.27510055899620056,-0.27369019389152527,-0.2507155239582062,-0.21842114627361298,0.9753451943397522,-0.18411797285079956,0.2519068717956543,0.023381495848298073,0.04468954727053642,0.6885569095611572,-0.036611706018447876,-0.19421739876270294,-0.04019412398338318,-0.27476370334625244,-0.1463637351989746,1.357533574104309,-0.07944709062576294,0.500813364982605,-0.24489028751850128,-0.2715951204299927,-0.27707889676094055,0.300087571144104,-0.2640497088432312,-0.08233478665351868,-0.2775125503540039,-0.2757909595966339,-0.2781655788421631,-0.12033481895923615,1.4271479845046997,-0.23976649343967438,-0.024143360555171967,0.13948360085487366,0.19375455379486084,-0.1771729439496994,-0.2640429735183716
2,806,444,818,456,0.6071640849113464,-0.2634093463420868,-0.08083431422710419,0.9254416227340698,-0.04191623628139496,-0.27817022800445557,-0.12245539575815201,-0.2746516168117523,-0.2701980471611023,-0.2358238250017166,0.5607328414916992,-0.24626252055168152,-0.08577921241521835,0.42742472887039185,-0.09090042114257812,-0.1444646716117859,-0.21835945546627045,-0.16533774137496948,-0.16963917016983032,-0.2642580568790436,-0.2700769901275635,0.014160164631903172,-0.077957384288311,-0.06457199901342392,0.01018512062728405,-0.1943904161453247,-0.24114291369915009,-0.2693297266960144,-0.06095626950263977,0.4249435365200043,-0.2623865008354187,-0.22870945930480957,0.18262965977191925,0.18680764734745026,-0.25026005506515503,-0.2672361433506012,-0.2692614197731018,0.0031911826226860285,-0.2756146490573883,-0.26705697178840637,-0.27078866958618164,-0.25089937448501587,-0.2708309292793274,-0.20667821168899536,0.8760114312171936,-0.22684788703918457,-0.2538476288318634,0.45239555835723877,0.14980898797512054,-0.18301300704479218,0.30386853218078613,-0.06834512203931808,0.08123800903558731,-0.17790251970291138,-0.17227832973003387,-0.14828553795814514,-0.24907508492469788,0.19199348986148834,0.1230183020234108,-0.19013667106628418,0.37896761298179626,1.1928550004959106,-0.1944715976715088,-0.2248663604259491,1.5829201936721802,-0.2563203275203705,-0.27558159828186035,0.04123477637767792,-0.06351176649332047,0.42929187417030334,1.8446290493011475,-0.268053263425827,-0.2034383863210678,-0.21278023719787598,0.0689057782292366,-0.27406710386276245,0.23643460869789124,-0.2780790328979492,-0.2772345542907715,-0.14751805365085602,0.025414008647203445,-0.2682952582836151,-0.2711418569087982,-0.27809473872184753,0.3033928871154785,0.06388425827026367,-0.25281673669815063,-0.1211065948009491,0.12629929184913635,-0.2669007480144501,-0.1739451289176941,0.05376298725605011,-0.09743385016918182,-0.2191786766052246,-0.2763388752937317,-0.23945920169353485,-0.2587515115737915,0.05081760510802269,-0.2783498466014862,0.5480384826660156,0.17643801867961884,1.1070417165756226,0.12183079123497009,0.548244833946228,-0.2764423191547394,0.4713766574859619,-0.1213289275765419,-0.19163593649864197,-0.20173896849155426,0.164632648229599,-0.2757168114185333,-0.2702907621860504,-0.27827221155166626,-0.05881602317094803,0.43034571409225464,-0.2694191038608551,0.2681758999824524,-0.2769182622432709,-0.27542242407798767,-0.0007885528611950576,-0.0387660413980484,0.4657849371433258,-0.24703939259052277,0.5094295740127563,-0.06320597976446152,0.05331505089998245,0.09549132734537125,-0.21241500973701477
3,659,503,673,517,-0.011416862718760967,-0.1876389980316162,0.02744387648999691,1.4275051355361938,-0.050507958978414536,0.0388689860701561,-0.08053740859031677,-0.2782752811908722,-0.15461058914661407,-0.27643951773643494,0.1558898687362671,-0.22345007956027985,-0.1598377525806427,5.220731258392334,-0.02115309238433838,-0.2624994218349457,-0.005253208801150322,-0.25948768854141235,-0.2165621519088745,-0.25993970036506653,-0.1606793850660324,2.766427755355835,-0.27035075426101685,-0.2478325515985489,-0.21674802899360657,-0.26628655195236206,-0.1879318505525589,-0.2666699290275574,0.3030235469341278,-0.2741197943687439,-0.22069881856441498,-0.24507148563861847,-0.27714231610298157,0.5181258916854858,-0.2714792788028717,-0.13332650065422058,0.6653138399124146,-0.1132919043302536,-0.21593999862670898,-0.2784375250339508,-0.2327355146408081,0.46120548248291016,-0.05183378979563713,0.6575028896331787,-0.238655224442482,-0.01316017284989357,-0.27576759457588196,0.9943820238113403,1.1912959814071655,-0.2635047733783722,0.3722137212753296,1.6936192512512207,-0.21856075525283813,-0.09350945800542831,0.061451591551303864,-0.25610363483428955,-0.2755518853664398,0.8443564176559448,1.079550862312317,-0.23162227869033813,-0.17863339185714722,0.12857145071029663,-0.22261923551559448,-0.21399405598640442,4.72307825088501,-0.1447335183620453,-0.13268738985061646,0.46062594652175903,-0.16990475356578827,-0.26051560044288635,1.7144882678985596,-0.2425847053527832,-0.2553684413433075,-0.22752241790294647,0.06577230244874954,-0.18069598078727722,0.7642930746078491,-0.2492133527994156,0.5793612003326416,-0.06276736408472061,1.0105769634246826,-0.2715923488140106,-0.2779924273490906,-0.2784622609615326,-0.2758294343948364,-0.07183980941772461,-0.17808687686920166,-0.24154816567897797,-0.2654804289340973,-0.27379295229911804,-0.27795907855033875,0.07314301282167435,-0.2671615779399872,0.4888159930706024,-0.23942819237709045,0.21941377222537994,-0.05010777711868286,-0.1263447254896164,0.1213558241724968,-0.19968469440937042,-0.19104039669036865,-0.1479419320821762,0.29318493604660034,-0.09174986928701401,-0.16602104902267456,1.3561184406280518,0.10426568239927292,-0.21199041604995728,-0.22582969069480896,-0.2221165895462036,-0.15791714191436768,-0.13540801405906677,-0.27089956402778625,0.010956015437841415,-0.26797595620155334,-0.26814088225364685,-0.22986778616905212,-0.2719615697860718,-0.13961218297481537,0.24551714956760406,0.23981675505638123,-0.17821930348873138,-0.12031357735395432,-0.13805758953094482,-0.06370241194963455,-0.23760636150836945,-0.07203423976898193,0.0006233851891011
4,766,464,778,475,0.3230133652687073,-0.26527222990989685,0.09327702224254608,0.8765184879302979,-0.04581316560506821,-0.27596092224121094,-0.22512240707874298,-0.27554893493652344,-0.2454657405614853,-0.2743099629878998,0.7148087620735168,-0.17129981517791748,0.6974108219146729,-0.012428960762917995,-0.19920681416988373,-0.20609010756015778,-0.25054341554641724,-0.14544229209423065,-0.2596812844276428,-0.22276201844215393,-0.23310545086860657,-0.18881146609783173,0.5218744874000549,-0.14414460957050323,0.12018926441669464,-0.14520511031150818,-0.19488011300563812,-0.2150910496711731,-0.11954844743013382,0.787760853767395,-0.005237572360783815,-0.13961416482925415,0.11147097498178482,0.044918037950992584,-0.27637913823127747,-0.2664642333984375,-0.26565980911254883,-0.012448861263692379,-0.27195385098457336,-0.2657735347747803,-0.25860920548439026,-0.26896846294403076,-0.2768407166004181,-0.22471745312213898,0.3978452980518341,-0.2738727927207947,-0.26919832825660706,0.46226581931114197,0.014695948921144009,0.0654093474149704,0.14708460867404938,-0.2381015121936798,0.15193729102611542,-0.25077491998672485,-0.20859220623970032,-0.09134858101606369,-0.24053412675857544,-0.11384042352437973,-0.1002350002527237,-0.2315160185098648,-0.1309274435043335,0.5622888803482056,-0.05027532950043678,-0.24039585888385773,-0.16327334940433502,-0.0995461568236351,0.02881702594459057,-0.11938687413930893,0.18107378482818604,0.7386810779571533,0.4219606816768646,-0.27782467007637024,-0.22938945889472961,-0.16338449716567993,-0.14179834723472595,-0.27841970324516296,0.5923223495483398,-0.277812123298645,-0.2768734395503998,-0.07499809563159943,-0.1304638385772705,-0.19832444190979004,-0.2288854569196701,-0.26936206221580505,-0.08249863237142563,0.08313901722431183,-0.27510446310043335,-0.07827204465866089,-0.0175149068236351,-0.26108914613723755,-0.1644534468650818,0.15908202528953552,0.15128113329410553,-0.23068630695343018,-0.27791523933410645,-0.2767692804336548,-0.22945092618465424,0.2110750675201416,-0.2338147610425949,0.4302516281604767,0.03468138724565506,0.16447985172271729,0.12346813082695007,0.33190420269966125,-0.27769771218299866,-0.2037488967180252,-0.1863422989845276,-0.130540132522583,0.17076648771762848,-0.14390191435813904,0.09786465018987656,-0.2586405277252197,-0.266818642616272,-0.1886114925146103,0.5876832604408264,-0.2778686285018921,0.8107301592826843,-0.27837538719177246,-0.26223504543304443,-0.24120567739009857,-0.09298884123563766,0.7095502614974976,-0.2766033113002777,0.31446579098701477,-0.16383494436740875,0.6632134318351746,-0.17143455147743225,-0.24241411685943604
5,774,244,788,257,-0.12607525289058685,-0.1235499307513237,0.11004899442195892,1.5473676919937134,-0.062371958047151566,0.5159741044044495,-0.22269217669963837,-0.2556520700454712,-0.19364552199840546,-0.27812865376472473,0.12693287432193756,-0.17237453162670135,-0.2466161549091339,4.243224143981934,-0.24241232872009277,-0.26901620626449585,-0.003568064421415329,-0.08627354353666306,-0.27415695786476135,0.22534947097301483,-0.17324377596378326,1.2752878665924072,-0.26317891478538513,-0.2584989070892334,1.7869640588760376,-0.20964375138282776,-0.17244409024715424,-0.25749343633651733,-0.2643161714076996,-0.27380356192588806,-0.18281075358390808,-0.05020242556929588,-0.24064671993255615,0.12305030971765518,-0.27254530787467957,-0.2759287655353546,0.7141987681388855,-0.09039203077554703,-0.22469644248485565,-0.14273300766944885,-0.20653395354747772,0.8311737775802612,1.449783205986023,-0.15945106744766235,-0.15590015053749084,-0.16419856250286102,-0.23330223560333252,0.9909822940826416,5.750044345855713,0.20313973724842072,0.13299967348575592,-0.0698966234922409,-0.26434165239334106,0.30015507340431213,-0.2166987955570221,-0.04085845872759819,-0.2489275485277176,0.9618029594421387,2.0157084465026855,-0.07678303867578506,-0.24190670251846313,-0.2781614065170288,0.34825825691223145,-0.19345682859420776,0.22332756221294403,-0.26232007145881653,-0.2402839958667755,-0.27818530797958374,-0.27065902948379517,-0.18406617641448975,-0.1191922053694725,-0.25766557455062866,-0.25689470767974854,-0.2784368693828583,0.1369432657957077,-0.10846211016178131,-0.24882157146930695,-0.15762336552143097,0.08713413029909134,-0.06295269727706909,1.4842537641525269,-0.2028278410434723,-0.27816587686538696,-0.2776887118816376,-0.25731608271598816,-0.02978597767651081,-0.10078062117099762,-0.23955318331718445,-0.26582109928131104,-0.2634914219379425,-0.1831234097480774,1.0129362344741821,-0.27774494886398315,0.9833459854125977,-0.21024644374847412,-0.12463782727718353,-0.04315480589866638,-0.07481876760721207,1.409887671470642,-0.23526771366596222,-0.20771737396717072,-0.15840376913547516,0.17015227675437927,-0.1374615579843521,-0.1673898994922638,1.7618449926376343,-0.2402683049440384,-0.21013523638248444,-0.2517985999584198,-0.21266348659992218,-0.17180922627449036,-0.2235831916332245,-0.2183077186346054,-0.18644247949123383,-0.25715044140815735,-0.27761566638946533,-0.27486246824264526,-0.06602249294519424,-0.18822890520095825,-0.003974725026637316,0.4183644652366638,0.26361769437789917,-0.139286071062088,-0.001437684753909707,-0.018778681755065918,-0.09412426501512527,-0.06278251856565475,-0.19959382712841034
6,354,268,371,283,1.0287528038024902,-0.2533011734485626,-0.06754186004400253,0.8952150344848633,-0.031014693900942802,-0.27511948347091675,-0.09898146986961365,-0.27759456634521484,-0.24967923760414124,-0.22837723791599274,0.5833388566970825,-0.25349676609039307,-0.06371507048606873,0.2686598598957062,-0.09889856725931168,-0.19848863780498505,-0.20935384929180145,-0.1907469928264618,-0.17915895581245422,-0.2715966999530792,-0.26777446269989014,0.1296316534280777,-0.053903620690107346,-0.04142279550433159,-0.06760762631893158,-0.10498879104852676,-0.21825510263442993,-0.2644076645374298,0.2107221931219101,0.5998216271400452,-0.2756379544734955,-0.2571590542793274,0.2791733741760254,0.16970138251781464,-0.24420170485973358,-0.2778933048248291,-0.2715132236480713,0.03740334138274193,-0.2783314883708954,-0.2681601941585541,-0.2741369903087616,-0.2540196478366852,-0.24775579571723938,-0.11925967037677765,1.0843323469161987,-0.25359922647476196,-0.2597932517528534,0.5419726371765137,0.06346538662910461,-0.1696980595588684,0.2622002959251404,0.2102981060743332,0.025510070845484734,-0.132957324385643,-0.12368679791688919,-0.13456101715564728,-0.26458850502967834,0.2661992013454437,0.0026393989101052284,-0.2128085494041443,0.3706375062465668,1.0059139728546143,-0.1434992104768753,-0.2636270523071289,1.871761679649353,-0.24420562386512756,-0.26149898767471313,0.04067037254571915,-0.04123250022530556,0.6036999821662903,2.016472339630127,-0.2691202759742737,-0.2270965725183487,-0.15210919082164764,0.09198728948831558,-0.26844918727874756,0.40920212864875793,-0.2781493663787842,-0.27035656571388245,-0.1521681696176529,0.023578569293022156,-0.24382348358631134,-0.2629581093788147,-0.2770073115825653,0.2642306983470917,-0.09432768076658249,-0.2780701518058777,-0.12765443325042725,0.06783758103847504,-0.2711045742034912,-0.14297503232955933,0.00707585271447897,-0.08463616669178009,-0.2235591560602188,-0.27790307998657227,-0.22166889905929565,-0.2571262717247009,0.2592344880104065,-0.26851773262023926,0.5626777410507202,0.22668235003948212,1.1116524934768677,0.14217673242092133,0.574852466583252,-0.2776487469673157,0.13509365916252136,-0.11570858210325241,-0.19402842223644257,-0.2250940352678299,-0.04527037963271141,-0.25910788774490356,-0.2691071629524231,-0.276223748922348,0.032760947942733765,0.5037813782691956,-0.2717489004135132,-0.07497822493314743,-0.2717454433441162,-0.2741827368736267,0.006696414202451706,-0.05123129114508629,0.5043449401855469,-0.2570987343788147,0.6678017973899841,-0.041300948709249496,0.1051892340183258,0.4208777844905853,-0.2085280567407608
7,482,686,495,699,0.15601062774658203,-0.26143333315849304,2.544294834136963,0.7420030236244202,-0.02088961936533451,-0.2680717408657074,-0.2715294361114502,-0.26808449625968933,-0.27113962173461914,-0.21411672234535217,2.62736177444458,-0.22656111419200897,-0.1330348551273346,-0.207180455327034,-0.2512308657169342,-0.2754945158958435,-0.20338566601276398,-0.10853438824415207,-0.21659600734710693,-0.12629149854183197,-0.24305857717990875,0.20202411711215973,0.5562916398048401,-0.20305171608924866,-0.11004704236984253,-0.12766990065574646,-0.2394808977842331,-0.27675795555114746,0.845374584197998,-0.23051126301288605,-0.2382659763097763,-0.032343003898859024,0.5833335518836975,0.17477154731750488,-0.2681337594985962,-0.2684198319911957,-0.2750420868396759,1.4036318063735962,-0.219670370221138,-0.26073163747787476,-0.17079193890094757,-0.24712149798870087,0.08481806516647339,0.9551860094070435,0.7600846886634827,-0.2690061628818512,-0.20418934524059296,4.0363688468933105,-0.025647588074207306,-0.10313700139522552,-0.2735927999019623,0.03447003662586212,-0.20326462388038635,0.06783782690763474,-0.23275814950466156,-0.04547250643372536,-0.2781910002231598,-0.11024905741214752,-0.2748506963253021,-0.12088180333375931,0.21834570169448853,-0.11038899421691895,0.3963205814361572,-0.25096574425697327,-0.17010650038719177,-0.24244476854801178,-0.27612394094467163,-0.20627355575561523,2.0087523460388184,0.8841019868850708,1.6583982706069946,0.8970423936843872,-0.23648400604724884,1.4871857166290283,-0.2775826156139374,-0.2358362227678299,1.05673086643219,-0.2454540729522705,1.1660550832748413,-0.20597673952579498,-0.22030751407146454,-0.26434165239334106,-0.2620905041694641,-0.21838849782943726,-0.1053810864686966,-0.07960148900747299,-0.19817562401294708,-0.03609060123562813,0.6934431791305542,-0.2418399304151535,-0.14455823600292206,-0.27212846279144287,0.12907156348228455,-0.2419506311416626,0.11002318561077118,-0.262737900018692,-0.27672064304351807,1.895439863204956,-0.277202308177948,0.4171021580696106,0.5555819272994995,-0.2618739604949951,2.83054256439209,0.516862690448761,-0.25955235958099365,-0.27589714527130127,-0.21486181020736694,-0.1508481651544571,1.1721503734588623,-0.26063305139541626,0.2716347277164459,-0.2762945890426636,-0.272903710603714,-0.0007226304733194411,0.2558709681034088,-0.2582797408103943,-0.22278329730033875,-0.1915714591741562,-0.27287641167640686,-0.2734358310699463,-0.16211961209774017,2.1372907161712646,-0.12243165075778961,-0.13302122056484222,-0.14487262070178986,-0.242290660738945,0.24370333552360535,-0.2773303985595703
8,523,316,538,331,0.45517706871032715,-0.27069947123527527,0.16938316822052002,0.9586202502250671,-0.06601879745721817,-0.2784624397754669,-0.2380264848470688,-0.18816611170768738,-0.26260241866111755,-0.25417324900627136,0.6891955137252808,-0.20843634009361267,0.4890996217727661,0.04433459788560867,-0.18298624455928802,-0.11172743141651154,-0.2779458165168762,-0.1874305009841919,-0.21562746167182922,-0.2766921818256378,-0.22236306965351105,0.00619522063061595,0.34529751539230347,-0.1495627909898758,0.11091085523366928,-0.21109193563461304,-0.20358508825302124,-0.2739531397819519,0.0023679586593061686,0.4901808202266693,-0.09380089491605759,-0.2194383144378662,0.10464435815811157,0.13584689795970917,-0.2553431987762451,-0.2709197402000427,-0.25064435601234436,0.11023560911417007,-0.2784562408924103,-0.20090313255786896,-0.27626943588256836,-0.21704161167144775,-0.27686262130737305,-0.1515190303325653,0.3066960871219635,-0.2462625801563263,-0.2598927617073059,0.5274656414985657,-0.023265723139047623,-0.1274595856666565,0.16218078136444092,-0.24078728258609772,0.12069486826658249,-0.18649813532829285,-0.08831793069839478,-0.1341165006160736,-0.27654406428337097,-0.04953816533088684,-0.04540208354592323,-0.27484235167503357,-0.12835687398910522,0.8307821750640869,-0.11325176060199738,-0.2720126211643219,0.0030943844467401505,-0.20317970216274261,-0.2646426260471344,0.15585502982139587,0.023231113329529762,0.43713441491127014,0.7527855634689331,-0.26258230209350586,-0.22817695140838623,-0.10677048563957214,-0.022494295611977577,-0.2688792645931244,0.19255070388317108,-0.27430734038352966,-0.2650231719017029,-0.1773070991039276,0.052362460643053055,-0.2746089696884155,-0.2757614254951477,-0.2757852375507355,-0.20327411592006683,-0.03461737185716629,-0.2054697573184967,-0.1486692875623703,0.20415621995925903,-0.22005313634872437,-0.21932357549667358,0.0528142936527729,0.2811988294124603,-0.24857960641384125,-0.27246710658073425,-0.2672836482524872,-0.23640021681785583,0.6618245244026184,-0.23227514326572418,0.261231929063797,0.04332347959280014,0.5735082030296326,0.20751923322677612,0.3647001087665558,-0.2698328197002411,0.11609024554491043,-0.04144759848713875,-0.19969356060028076,-0.01912422478199005,-0.012206608429551125,-0.18844686448574066,-0.27480649948120117,-0.26627764105796814,-0.16787607967853546,0.42204031348228455,-0.2574913501739502,0.19061504304409027,-0.2772696316242218,-0.2755908966064453,-0.0890984758734703,-0.11474209278821945,0.7279449105262756,-0.2768680453300476,0.09155948460102081,-0.0694296807050705,0.016409743577241898,-0.12128063291311264,-0.20169855654239655
9,366,420,380,433,1.2234745025634766,-0.2655268907546997,0.1514757126569748,0.8752149939537048,-0.02512977458536625,-0.27319127321243286,-0.24641072750091553,-0.2741531431674957,-0.25270721316337585,-0.277290016412735,0.775027334690094,-0.214406818151474,-0.10240793228149414,1.1058886051177979,-0.2730185091495514,-0.22078512609004974,-0.22287927567958832,-0.13118118047714233,-0.2021077573299408,-0.12923184037208557,-0.19324937462806702,-0.24326832592487335,0.1861170083284378,-0.27603188157081604,-0.023147767409682274,-0.22447583079338074,-0.26772093772888184,-0.1678459197282791,0.382869154214859,0.6440635323524475,-0.2043854147195816,-0.05622429773211479,0.3714369535446167,0.4328884780406952,-0.2762730121612549,-0.2711520493030548,-0.24025768041610718,1.1643261909484863,-0.27220073342323303,-0.12926118075847626,-0.24084866046905518,-0.2725886106491089,-0.16133657097816467,-0.11329692602157593,-0.06878726184368134,-0.0336180180311203,-0.2623504400253296,0.5987178087234497,-0.06365504860877991,0.10914912819862366,0.19069905579090118,-0.27768710255622864,0.5215221643447876,-0.09915854781866074,-0.06710727512836456,-0.0920252650976181,-0.2133031189441681,-0.20011796057224274,-0.18609939515590668,-0.26936689019203186,-0.27810439467430115,1.735141634941101,-0.269144743680954,-0.27843254804611206,2.1619720458984375,-0.1515953242778778,-0.26857489347457886,0.25611722469329834,-0.21327343583106995,0.3033333420753479,1.2089604139328003,-0.2661589980125427,-0.2782706022262573,-0.25144055485725403,-0.23019976913928986,-0.27817320823669434,1.2800571918487549,-0.2782154381275177,-0.2682674825191498,-0.029516682028770447,-0.23284029960632324,-0.1641731560230255,-0.24374687671661377,-0.27723583579063416,-0.03305398300290108,-0.23947720229625702,-0.23266951739788055,-0.025821350514888763,0.83585125207901,-0.1982717663049698,-0.12821298837661743,0.055253058671951294,-0.0845741331577301,-0.24889053404331207,-0.2782115936279297,-0.27712777256965637,-0.25389450788497925,-0.1663893163204193,-0.27611735463142395,0.44970911741256714,0.1549714356660843,1.599850058555603,0.5395631790161133,0.8789699077606201,-0.19940008223056793,-0.018489954993128777,-0.23309238255023956,-0.07294804602861404,-0.13589569926261902,-0.24913403391838074,-0.2767227590084076,-0.21400980651378632,-0.2674563229084015,-0.07367612421512604,0.5404748320579529,-0.2592533826828003,0.6385048627853394,-0.2763749659061432,-0.249454528093338,0.08791884034872055,-0.05426236242055893,0.466704785823822,-0.18181753158569336,0.5799677968025208,-0.17248837649822235,1.1899033784866333,0.6745749711990356,-0.23285476863384247
10,473,663,487,676,-0.07139338552951813,-0.22392655909061432,0.4670451581478119,0.8742664456367493,-0.03041609190404415,-0.27664414048194885,-0.2435280829668045,-0.2652454376220703,-0.24584950506687164,-0.2517581284046173,1.7801593542099,-0.2256467640399933,-0.2071002870798111,2.0750224590301514,-0.2042740136384964,-0.14523670077323914,-0.03506297245621681,-0.1172574982047081,0.2968161702156067,-0.16079296171665192,-0.2426382601261139,-0.2604735195636749,-0.17165981233119965,-0.278369277715683,-0.07144003361463547,-0.2784205675125122,-0.20994189381599426,-0.2184891700744629,0.5211201906204224,-0.00010608501179376617,-0.25591617822647095,-0.06989279389381409,-0.27358025312423706,0.5904186367988586,-0.26352551579475403,-0.2501603364944458,-0.2491551786661148,-0.2168835550546646,-0.24571119248867035,-0.2415396273136139,-0.2230808436870575,-0.22712813317775726,-0.13902097940444946,0.4368361532688141,-0.15212112665176392,-0.27842167019844055,-0.23764826357364655,0.8502089381217957,2.707644462585449,1.2422739267349243,-0.2145368456840515,-0.2784629762172699,0.29345405101776123,-0.2784580588340759,-0.20910802483558655,-0.13078992068767548,-0.2625030279159546,0.3286367356777191,0.2952364385128021,-0.07087668776512146,2.121885061264038,1.5658409595489502,-0.06904906034469604,0.8333176970481873,1.74749755859375,-0.12907198071479797,-0.2697017192840576,0.18936839699745178,-0.27483248710632324,1.252609133720398,0.6441336274147034,-0.1571473628282547,-0.2566588521003723,0.08488702028989792,-0.16701994836330414,-0.26346904039382935,0.10264091193675995,-0.27231565117836,-0.23303282260894775,-0.10294850170612335,-0.20221884548664093,-0.2783852815628052,-0.27466514706611633,-0.05179779976606369,-0.16850221157073975,-0.25480255484580994,-0.22640693187713623,-0.15154783427715302,-0.26162660121917725,-0.2738856375217438,-0.15986140072345734,-0.10376504808664322,-0.2747662365436554,-0.2449294924736023,-0.26336419582366943,-0.20584948360919952,-0.27156364917755127,-0.2687111496925354,0.2330443412065506,0.11068487167358398,-0.274385005235672,-0.2671256363391876,0.240415558218956,0.8388361930847168,-0.21216720342636108,1.0510715246200562,-0.21699205040931702,-0.2383950799703598,-0.09107743203639984,0.387481153011322,-0.2623008191585541,-0.2648387551307678,-0.2433963119983673,-0.0738907977938652,0.5421699285507202,-0.26709142327308655,3.917116165161133,0.31474122405052185,-0.2721250057220459,-0.24609187245368958,-0.13137473165988922,0.12989358603954315,-0.2384253889322281,0.972332775592804,-0.053142569959163666,0.06780853122472763,-0.23183532059192657,-0.2783564329147339
11,883,460,895,471,1.2975151538848877,-0.2692352533340454,-0.09394337236881256,0.8791597485542297,-0.01678728125989437,-0.26689937710762024,-0.1726275235414505,-0.27160823345184326,-0.25037387013435364,-0.2690987288951874,0.49599429965019226,-0.24890264868736267,-0.17461633682250977,0.5924580097198486,-0.13151581585407257,-0.17979425191879272,-0.11892665922641754,-0.20090320706367493,-0.1446840763092041,-0.2129555344581604,-0.25958871841430664,0.09004572033882141,-0.19864237308502197,-0.14921991527080536,-0.13268232345581055,-0.12186236679553986,-0.2685319483280182,-0.26505133509635925,0.1351345330476761,0.6659817695617676,-0.27836403250694275,-0.1960200071334839,0.20713146030902863,0.13632474839687347,-0.2570914030075073,-0.2633094787597656,-0.26922035217285156,-0.04195176437497139,-0.2713054120540619,-0.27845582365989685,-0.26201269030570984,-0.25891366600990295,-0.2087014615535736,-0.15149696171283722,0.811366081237793,-0.2489991933107376,-0.27839305996894836,0.6855216026306152,0.023635748773813248,-0.23878243565559387,0.1646474301815033,0.09955224394798279,0.056561876088380814,-0.19183537364006042,-0.20124277472496033,-0.15263712406158447,-0.2512757480144501,0.0600801520049572,-0.0659785121679306,-0.16527609527111053,0.4393928349018097,0.9917650818824768,-0.22055187821388245,-0.2648569345474243,2.63728928565979,-0.24623791873455048,-0.2456059604883194,-0.004080228973180056,-0.1917533278465271,0.38578078150749207,2.3129749298095703,-0.2562434673309326,-0.23940151929855347,-0.27121907472610474,-0.023526694625616074,-0.2717662453651428,0.5979191064834595,-0.2778511047363281,-0.2654716670513153,-0.0974525585770607,0.06890503317117691,-0.22041860222816467,-0.26495468616485596,-0.26715710759162903,0.33729174733161926,-0.2072410136461258,-0.2703021764755249,-0.09930894523859024,-0.08860018849372864,-0.27707383036613464,-0.10393507778644562,-0.0722644254565239,-0.19702768325805664,-0.2173992395401001,-0.27129215002059937,-0.19349823892116547,-0.27478110790252686,-0.021259866654872894,-0.2589818835258484,0.6356269717216492,0.14259512722492218,1.2811650037765503,0.1628338247537613,0.5803731679916382,-0.2714000642299652,0.25266432762145996,-0.08809984475374222,-0.176776722073555,-0.25519677996635437,-0.01057984959334135,-0.2768915891647339,-0.2635825574398041,-0.2754615247249603,0.2941840589046478,0.2944619953632355,-0.26688316464424133,0.13911686837673187,-0.2755361497402191,-0.2756897509098053,-0.002382902195677161,-0.05067486688494682,0.31404516100883484,-0.23480798304080963,0.9114735126495361,-0.050910383462905884,-0.046644411981105804,0.5640729069709778,-0.20933128893375397
12,788,219,801,232,1.28216552734375,-0.2609178423881531,-0.0910864993929863,0.9139366745948792,-0.018329666927456856,-0.27264639735221863,-0.06996191293001175,-0.2753777503967285,-0.2627389430999756,-0.27496033906936646,0.7416713833808899,-0.2698036730289459,-0.19840030372142792,0.8587818741798401,-0.1621285080909729,-0.19473636150360107,-0.12365515530109406,-0.23594915866851807,-0.15132422745227814,-0.24569672346115112,-0.2679380476474762,0.19536443054676056,-0.1670636087656021,-0.1924099177122116,-0.19985467195510864,-0.21940913796424866,-0.21102944016456604,-0.27638939023017883,0.5098347067832947,0.32464808225631714,-0.26202020049095154,-0.2237796187400818,0.11820070445537567,0.38764864206314087,-0.24067974090576172,-0.2726380228996277,-0.2568894326686859,-0.13182072341442108,-0.27201682329177856,-0.25858840346336365,-0.27441108226776123,-0.24584634602069855,-0.23180188238620758,0.22762957215309143,0.4856848418712616,-0.2656683921813965,-0.2764255404472351,0.5431206822395325,0.35569214820861816,-0.13916179537773132,0.21994218230247498,0.20001386106014252,0.28742387890815735,-0.17635028064250946,-0.09529034793376923,-0.15188761055469513,-0.2676207721233368,0.24323931336402893,0.15969130396842957,-0.21264009177684784,0.22779954969882965,1.3092659711837769,-0.2296287715435028,-0.15876145660877228,2.7038731575012207,-0.26930442452430725,-0.24114884436130524,0.17617374658584595,-0.1997477263212204,0.6804525256156921,2.116297721862793,-0.23913483321666718,-0.24006476998329163,-0.24107524752616882,-0.024827899411320686,-0.2764885723590851,0.6590116620063782,-0.2700313627719879,-0.19782710075378418,-0.12398655712604523,0.009223856031894684,-0.2564786970615387,-0.2632535696029663,-0.2781084179878235,0.15801021456718445,-0.23699700832366943,-0.2738431394100189,-0.11393129080533981,-0.0967411920428276,-0.27820175886154175,-0.1441398710012436,-0.06421869248151779,-0.18121978640556335,-0.23304517567157745,-0.27759048342704773,-0.14701279997825623,-0.27605992555618286,-0.05048961192369461,-0.2716960906982422,0.43295708298683167,0.10619261115789413,0.8995974063873291,0.2727515697479248,0.6766669750213623,-0.27810707688331604,0.4475463330745697,-0.03306154906749725,-0.19891594350337982,-0.27529436349868774,0.009961102157831192,-0.27845296263694763,-0.27035656571388245,-0.24023373425006866,0.17642581462860107,0.27831748127937317,-0.2570355236530304,0.35670992732048035,-0.2770790755748749,-0.27011850476264954,0.08613645285367966,-0.09096314758062363,0.213572159409523,-0.22758282721042633,0.8005059957504272,-0.059834618121385574,-0.15392804145812988,0.6980936527252197,-0.2214498072862625
13,238,296,250,308,0.3490619659423828,-0.27243277430534363,0.24977748095989227,0.9523884654045105,-0.09911097586154938,-0.2784556448459625,-0.22573333978652954,-0.22518032789230347,-0.2673109471797943,-0.23786813020706177,0.8209570646286011,-0.24483460187911987,0.44640201330184937,0.1331520527601242,-0.12265468388795853,-0.12335195392370224,-0.2716129720211029,-0.20851369202136993,-0.25231605768203735,-0.27541685104370117,-0.22572936117649078,-0.07631480693817139,0.3747144639492035,-0.0858001783490181,0.12480250746011734,-0.1842292845249176,-0.13642838597297668,-0.2617763876914978,-0.02585292048752308,0.5532563328742981,-0.05036592110991478,-0.18475183844566345,0.053266264498233795,0.1788916140794754,-0.24169917404651642,-0.2784554064273834,-0.25210246443748474,0.14100860059261322,-0.27837276458740234,-0.17099550366401672,-0.2728651165962219,-0.24589486420154572,-0.26515066623687744,-0.05072799324989319,0.5318069458007812,-0.2516534924507141,-0.22275410592556,0.5145096778869629,0.015499113127589226,-0.04083995148539543,0.2831631004810333,-0.19424976408481598,0.20653407275676727,-0.21039484441280365,-0.07743043452501297,-0.17975783348083496,-0.27110835909843445,-0.08260080963373184,0.05644864961504936,-0.2588156461715698,-0.07658826559782028,0.9902944564819336,-0.15964549779891968,-0.2683216631412506,0.16296909749507904,-0.03029709868133068,-0.21860386431217194,0.030171072110533714,0.07156293094158173,0.589242160320282,0.6576728820800781,-0.2783433496952057,-0.1612875610589981,-0.05380900949239731,-0.13372454047203064,-0.2748986780643463,0.23667898774147034,-0.259403258562088,-0.2545682489871979,-0.21242260932922363,-0.00048552697990089655,-0.2741914689540863,-0.27159038186073303,-0.24083885550498962,-0.14954805374145508,0.2816072106361389,-0.18503442406654358,-0.1933152824640274,0.2503606379032135,-0.22853103280067444,-0.23780645430088043,0.03480890393257141,0.23610809445381165,-0.24556221067905426,-0.26217618584632874,-0.2634785771369934,-0.22277307510375977,0.3732561767101288,-0.20661383867263794,0.3599254786968231,0.09280770272016525,0.5577218532562256,0.18929462134838104,0.4869966208934784,-0.2768072187900543,0.07423929125070572,0.07059593498706818,-0.21296405792236328,0.17244823276996613,0.008071857504546642,-0.18782496452331543,-0.2784627377986908,-0.2778962552547455,-0.15139298141002655,0.450675368309021,-0.2691449820995331,0.7095932364463806,-0.2771467864513397,-0.27732378244400024,-0.1327737718820572,-0.09269136935472488,0.5772947669029236,-0.27467137575149536,0.17829644680023193,-0.07024771720170975,0.3111676573753357,-0.08996739983558655,-0.22837349772453308
14,647,554,662,567,0.5626541972160339,-0.278014212846756,-0.024404238909482956,0.8926111459732056,-0.02650502324104309,-0.2776096761226654,-0.029298868030309677,-0.27673348784446716,-0.25720831751823425,-0.2571161687374115,1.3329031467437744,-0.2779252529144287,-0.17368784546852112,1.0003299713134766,-0.2016741782426834,-0.16255055367946625,-0.12842728197574615,-0.10118433088064194,-0.25733691453933716,-0.24566227197647095,-0.2567422688007355,-0.1090642660856247,-0.1517208218574524,-0.17373448610305786,-0.10730450600385666,-0.27806881070137024,-0.13336379826068878,-0.27796515822410583,0.3167712688446045,-0.04472966492176056,-0.2755909264087677,-0.165146142244339,0.030395157635211945,0.6331139802932739,-0.22990699112415314,-0.2522949278354645,-0.27045542001724243,-0.07064061611890793,-0.2686547338962555,-0.24752017855644226,-0.2664630711078644,-0.25152698159217834,-0.27736157178878784,-0.09103363007307053,0.4561426043510437,-0.25065499544143677,-0.2782963812351227,0.682172954082489,1.184335470199585,0.333825945854187,0.16419535875320435,-0.23468127846717834,0.27985018491744995,-0.1456468105316162,-0.22460994124412537,-0.13764716684818268,-0.2626951038837433,0.2636570334434509,0.07514771819114685,-0.16589705646038055,0.8751751184463501,1.6805793046951294,-0.19479432702064514,-0.11715514957904816,2.5207178592681885,-0.26588231325149536,-0.2762936055660248,0.11528435349464417,-0.12663516402244568,1.0483208894729614,1.8496028184890747,-0.23435570299625397,-0.2664135694503784,-0.09324546903371811,-0.08387542515993118,-0.25139662623405457,0.4064010679721832,-0.2751156687736511,-0.2081572711467743,-0.20210443437099457,-0.1817193329334259,-0.2781314253807068,-0.27818262577056885,-0.2537323236465454,-0.06578614562749863,-0.2614518702030182,-0.27632179856300354,-0.11639371514320374,0.07557363063097,-0.26563310623168945,-0.1738770753145218,0.08743767440319061,-0.17540796101093292,-0.21103720366954803,-0.27741125226020813,-0.22819842398166656,-0.2784113585948944,-0.009617076255381107,-0.2579028606414795,0.414300799369812,-0.029675327241420746,0.20487435162067413,0.48764026165008545,0.9153514504432678,-0.22354795038700104,0.8457736968994141,0.04171622171998024,-0.26393836736679077,-0.2743464708328247,0.20188069343566895,-0.27643242478370667,-0.26004156470298767,-0.09351019561290741,-0.07679711282253265,0.42089971899986267,-0.2700541615486145,1.4184753894805908,-0.2764389216899872,-0.26020142436027527,0.002102794125676155,-0.06799977272748947,0.29583320021629333,-0.2410857081413269,0.9249528050422668,-0.09487642347812653,-0.05025677755475044,0.4415537714958191,-0.25989019870758057
15,717,483,730,495,0.12008467316627502,-0.27421069145202637,0.2950303852558136,0.8729329705238342,-0.10779907554388046,-0.27824246883392334,-0.21429292857646942,-0.27045774459838867,-0.2509252727031708,-0.22372493147850037,0.8617390990257263,-0.22247861325740814,0.37486979365348816,0.3070565164089203,-0.14138048887252808,-0.21255622804164886,-0.2783929705619812,-0.20815369486808777,-0.2444249391555786,-0.20244768261909485,-0.2553929090499878,-0.23632051050662994,0.5973019003868103,-0.1972845494747162,0.25815528631210327,-0.1266351044178009,-0.08057381957769394,-0.22548185288906097,0.16291260719299316,0.9203119874000549,0.14732706546783447,-0.13140647113323212,-0.0035690870136022568,0.02052317187190056,-0.26457157731056213,-0.26760080456733704,-0.267765074968338,0.03962840884923935,-0.27818864583969116,-0.22248606383800507,-0.24759267270565033,-0.26594677567481995,-0.24664700031280518,-0.1818590760231018,0.2937750816345215,-0.2587827742099762,-0.2756288945674896,0.5211407542228699,0.33133551478385925,0.6253018379211426,0.17931441962718964,-0.24068862199783325,0.19921332597732544,-0.23618590831756592,-0.19290201365947723,-0.1512623131275177,-0.24215443432331085,-0.22807636857032776,-0.06841064989566803,-0.2339039295911789,-0.14849123358726501,0.611077070236206,-0.06011276692152023,-0.26802918314933777,0.15573164820671082,-0.13267502188682556,0.008062026463449001,0.0073148407973349094,0.1515979915857315,1.0027283430099487,0.17253771424293518,-0.2769879698753357,-0.14187951385974884,-0.14049001038074493,-0.13368049263954163,-0.2706557512283325,0.42284926772117615,-0.2780269384384155,-0.27795132994651794,-0.1148877963423729,-0.14267511665821075,-0.2423718124628067,-0.26732829213142395,-0.16725169122219086,0.008595024235546589,-0.00252254749648273,-0.2784213721752167,-0.11229659616947174,0.12149365991353989,-0.2703189551830292,-0.17980775237083435,0.05457748472690582,0.18557554483413696,-0.22741125524044037,-0.2778167128562927,-0.2782960832118988,-0.2031775861978531,0.024152688682079315,-0.13648954033851624,0.41822049021720886,-0.021137777715921402,0.04785221070051193,0.06913800537586212,0.6253799200057983,-0.2739565670490265,-0.21347257494926453,0.1453462690114975,-0.21483944356441498,0.13642725348472595,-0.07815833389759064,-0.1245545968413353,-0.2519642412662506,-0.25770750641822815,-0.05035535991191864,0.5998852849006653,-0.276991069316864,1.526268720626831,-0.2520124316215515,-0.27484309673309326,-0.15910622477531433,-0.04501640796661377,0.6356964111328125,-0.2719057500362396,0.41395431756973267,-0.19619153439998627,0.8942953944206238,-0.014668549410998821,-0.23836484551429749
16,593,477,608,490,1.0605955123901367,-0.2691902220249176,0.0012258156202733517,0.9079180955886841,-0.03710861876606941,-0.2778163552284241,-0.19291475415229797,-0.2723030745983124,-0.25280359387397766,-0.26205360889434814,0.5889868140220642,-0.22396209836006165,0.129573255777359,0.2788802683353424,-0.13866858184337616,-0.1856883019208908,-0.1891999989748001,-0.16740202903747559,-0.15956497192382812,-0.2523611783981323,-0.2740260362625122,0.08629121631383896,0.013061151839792728,-0.1124841570854187,-0.028371168300509453,-0.14866049587726593,-0.25676026940345764,-0.2666461169719696,0.15631422400474548,0.6045319437980652,-0.2535364031791687,-0.213684543967247,0.09787430614233017,0.0570695735514164,-0.26096412539482117,-0.2776990532875061,-0.2616243064403534,-0.003193969838321209,-0.27495288848876953,-0.2673131823539734,-0.25857603549957275,-0.24864299595355988,-0.2494688332080841,-0.08143839985132217,0.37348473072052,-0.2543945610523224,-0.265840619802475,0.5804939270019531,-0.043683841824531555,-0.18501317501068115,0.23529675602912903,-0.002961766440421343,0.10538027435541153,-0.1909506618976593,-0.15023113787174225,-0.14446766674518585,-0.2578316628932953,0.22325658798217773,-0.059825360774993896,-0.24105170369148254,0.1851508766412735,0.8535373210906982,-0.19462049007415771,-0.2701209485530853,1.5465004444122314,-0.14851218461990356,-0.2613343596458435,0.28870144486427307,-0.12944531440734863,0.43555739521980286,1.737159252166748,-0.2453768253326416,-0.21227002143859863,-0.19329455494880676,0.022119272500276566,-0.2782515585422516,0.5304273962974548,-0.2782343626022339,-0.26982617378234863,-0.09003502130508423,0.1731608659029007,-0.2399889975786209,-0.26213550567626953,-0.27383941411972046,0.04118160158395767,-0.03451426699757576,-0.2780381441116333,-0.1386408507823944,-0.04171033576130867,-0.27843597531318665,-0.15345729887485504,-0.038130633533000946,-0.014951992779970169,-0.233998104929924,-0.2751104235649109,-0.24056057631969452,-0.26232799887657166,0.1092936098575592,-0.27688419818878174,0.504710853099823,0.05115313082933426,0.9487846493721008,0.19316403567790985,0.6545068621635437,-0.2759106755256653,0.16256755590438843,-0.14154522120952606,-0.16206254065036774,-0.18355344235897064,-0.0890391543507576,-0.26302704215049744,-0.2768592834472656,-0.2707461416721344,0.005734764970839024,0.4124146103858948,-0.26757028698921204,0.040797460824251175,-0.27422964572906494,-0.2702559530735016,-0.022682175040245056,-0.08653143793344498,0.43467676639556885,-0.24099650979042053,0.489136666059494,-0.028977857902646065,-0.03884115815162659,0.1789025366306305,-0.20514924824237823
17,704,657,717,670,-0.21808591485023499,-0.2767305076122284,-0.10214582830667496,1.546995759010315,-0.14343398809432983,-0.21370087563991547,-0.16984696686267853,-0.2463635355234146,-0.16706793010234833,-0.20667217671871185,-0.2734895348548889,-0.26006826758384705,-0.27192366123199463,0.30886057019233704,3.434337615966797,-0.26656320691108704,-0.1422850787639618,-0.19024668633937836,-0.2677740752696991,1.1087024211883545,-0.11699474602937698,4.796574592590332,-0.27504613995552063,0.3733181059360504,5.918480396270752,-0.18099892139434814,0.005457005463540554,-0.27776315808296204,-0.16027504205703735,-0.17305324971675873,-0.27191972732543945,-0.11484888941049576,-0.24598228931427002,0.26510146260261536,-0.27544623613357544,-0.2768357992172241,0.6560589075088501,-0.01403596717864275,-0.26932305097579956,-0.2715141177177429,-0.27777981758117676,0.665720522403717,0.27349853515625,-0.24151138961315155,-0.27844735980033875,0.9540832042694092,-0.16303852200508118,1.6722102165222168,-0.27534034848213196,-0.2067374885082245,1.0911465883255005,1.664288878440857,-0.2653121054172516,0.11292111873626709,0.6209401488304138,-0.12542493641376495,0.12014726549386978,-0.261222779750824,1.521474838256836,-0.1916569322347641,-0.14471589028835297,-0.21771401166915894,-0.27662912011146545,-0.22739803791046143,-0.21413522958755493,-0.269845187664032,-0.27841895818710327,-0.2782476842403412,-0.22898349165916443,-0.13675613701343536,1.0916416645050049,-0.26861539483070374,-0.2407619059085846,-0.07992789894342422,0.701593816280365,-0.2266390174627304,-0.12489541620016098,-0.1607627123594284,-0.12611421942710876,-0.2742924690246582,0.1997869610786438,-0.27841681241989136,-0.2769519090652466,-0.25010523200035095,0.0918220579624176,-0.07300081849098206,-0.20272238552570343,-0.23554259538650513,-0.256692111492157,-0.15870633721351624,-0.2022213339805603,-0.18994122743606567,-0.06930278986692429,0.8504202961921692,-0.2413330376148224,0.4636131525039673,0.5101867914199829,-0.20539000630378723,-0.2605801522731781,-0.26219967007637024,2.2168383598327637,-0.24208177626132965,0.16892899572849274,-0.15079985558986664,-0.029507268220186234,-0.2597655951976776,0.2116486132144928,-0.15902815759181976,0.05275825038552284,-0.26624763011932373,-0.15417447686195374,0.07463552057743073,0.019398823380470276,1.49543297290802,-0.2772154211997986,-0.05153942108154297,-0.13242200016975403,-0.2414945513010025,-0.13024823367595673,-0.08966811001300812,0.5799561738967896,0.6455399990081787,-0.27400487661361694,0.8620699048042297,-0.16272442042827606,-0.2744511663913727,-0.1036749929189682,0.8505014777183533
18,596,589,610,602,0.7552177906036377,-0.24995753169059753,0.12228381633758545,0.9432226419448853,-0.057264477014541626,-0.27572524547576904,-0.10388033837080002,-0.262101948261261,-0.24963344633579254,-0.19639861583709717,0.6193000674247742,-0.23715229332447052,0.1600802093744278,0.23333826661109924,-0.05220675468444824,-0.1443270891904831,-0.26752641797065735,-0.16018813848495483,-0.22752922773361206,-0.27798521518707275,-0.2755444645881653,0.028062598779797554,0.09349729865789413,-0.10655765235424042,0.03912622854113579,-0.1657267063856125,-0.19034218788146973,-0.26945942640304565,0.21706661581993103,0.5019843578338623,-0.20057795941829681,-0.25847259163856506,0.14041291177272797,0.1557007133960724,-0.22857365012168884,-0.27845442295074463,-0.2635881304740906,0.046689487993717194,-0.26976078748703003,-0.2701541781425476,-0.2739174962043762,-0.2319936603307724,-0.27357298135757446,-0.12140640616416931,0.9382043480873108,-0.24492612481117249,-0.1931050568819046,0.49279579520225525,0.0904194563627243,-0.10288719087839127,0.17143838107585907,-0.014497755095362663,0.14682860672473907,-0.14717520773410797,-0.1066204160451889,-0.18388497829437256,-0.27101072669029236,0.21632792055606842,0.02081897482275963,-0.2422047257423401,0.49280115962028503,1.0086793899536133,-0.10034368187189102,-0.24189051985740662,1.2020834684371948,-0.18603657186031342,-0.2783856689929962,0.2535737156867981,-0.016962671652436256,0.6161615252494812,1.5786240100860596,-0.26248088479042053,-0.19568778574466705,-0.10794881731271744,0.112303227186203,-0.2779739797115326,0.4296744763851166,-0.2772068381309509,-0.2659103274345398,-0.21425075829029083,0.05485406517982483,-0.2698846757411957,-0.27285036444664,-0.278339147567749,0.04756617546081543,0.09701890498399734,-0.25965166091918945,-0.19632072746753693,0.05092526599764824,-0.22415906190872192,-0.19712339341640472,0.004082537721842527,0.07978040724992752,-0.23254375159740448,-0.27839934825897217,-0.24793100357055664,-0.2394639104604721,0.3000030517578125,-0.2741241157054901,0.42944595217704773,0.08555961400270462,0.9324987530708313,0.08912955969572067,0.6509278416633606,-0.2784188687801361,0.23547594249248505,-0.07986007630825043,-0.20771117508411407,-0.1262837052345276,0.017596613615751266,-0.23211072385311127,-0.27812090516090393,-0.27453097701072693,-0.09830591827630997,0.573465883731842,-0.2692291736602783,0.08569685369729996,-0.2743685245513916,-0.2747838795185089,-0.010244653560221195,-0.060897957533597946,0.5571551322937012,-0.26734045147895813,0.37061524391174316,-0.0037540209013968706,0.2081858515739441,0.16996553540229797,-0.20482401549816132
19,470,685,483,698,0.46880531311035156,-0.272949755191803,0.9036256074905396,0.8155210614204407,-0.050141725689172745,-0.19572874903678894,0.13794603943824768,-0.27529069781303406,-0.20174391567707062,-0.23645558953285217,0.6745985150337219,-0.2741372883319855,0.035594940185546875,0.1273261159658432,-0.2767389416694641,-0.17783288657665253,-0.1956128031015396,-0.25937163829803467,-0.2463914155960083,-0.21784478425979614,-0.2781536281108856,-0.19664141535758972,0.3404459059238434,-0.03839973360300064,0.01760893315076828,-0.08727247267961502,-0.18554170429706573,-0.2514587640762329,0.3989698886871338,0.6559277176856995,-0.27072247862815857,-0.0708235502243042,-0.018076393753290176,0.08333633840084076,-0.2724912762641907,-0.13461917638778687,-0.2740521728992462,0.16673488914966583,-0.2315916270017624,-0.14263832569122314,-0.2779073417186737,-0.2732694447040558,-0.2585529685020447,0.28567227721214294,-0.0005298687028698623,-0.2643890380859375,-0.21065764129161835,0.36284664273262024,0.40453583002090454,1.4169502258300781,-0.1399327665567398,-0.16629992425441742,0.21953906118869781,-0.168290376663208,-0.2750914692878723,-0.10360638797283173,-0.26078879833221436,-0.24737320840358734,-0.23316690325737,-0.24281363189220428,0.2009376585483551,0.7822791934013367,-0.17537084221839905,-0.2687693238258362,0.9085999131202698,-0.0942947044968605,-0.24649415910243988,0.13923682272434235,0.788638710975647,1.86568021774292,0.8100801706314087,-0.2783346176147461,-0.15946292877197266,-0.2734169363975525,-0.26931649446487427,-0.27776846289634705,0.39704209566116333,-0.2580052614212036,-0.27794721722602844,-0.07102193683385849,-0.05727101117372513,-0.2316662073135376,-0.25628766417503357,-0.27788299322128296,-0.26497122645378113,-0.278152734041214,-0.17800003290176392,-0.06987584382295609,-0.06319726258516312,-0.20930178463459015,-0.14391674101352692,0.23570552468299866,-0.06575252115726471,-0.20797885954380035,-0.2660195231437683,-0.27832019329071045,-0.2502298653125763,-0.13446815311908722,-0.277681827545166,0.5442660450935364,-0.1493186205625534,-0.12902618944644928,1.1702324151992798,1.3519731760025024,-0.27564823627471924,-0.2741359770298004,-0.21024107933044434,-0.1470552384853363,-0.22502465546131134,-0.24728913605213165,0.006964086089283228,-0.23272031545639038,-0.24875999987125397,0.9375269412994385,0.5204857587814331,-0.2762654423713684,0.49950599670410156,-0.27322882413864136,-0.27739864587783813,0.08406894654035568,-0.06092146411538124,0.43742460012435913,-0.27395209670066833,1.02727472782135,-0.12582388520240784,0.07810688018798828,0.32560962438583374,-0.26274460554122925
20,376,656,387,666,-0.18577145040035248,-0.1590656042098999,-0.21900084614753723,1.1775110960006714,-0.0076678297482430935,-0.1827184408903122,-0.2666592299938202,-0.27046987414360046,-0.16741858422756195,-0.2731301486492157,0.21114715933799744,-0.24048994481563568,-0.07400133460760117,-0.2775745391845703,-0.05996713414788246,-0.19812382757663727,-0.013028758578002453,-0.14106649160385132,0.17572808265686035,-0.18781495094299316,-0.2223023921251297,-0.2727913558483124,-0.27836552262306213,2.504641532897949,2.2235147953033447,-0.25412532687187195,-0.20075750350952148,-0.1435338407754898,-0.25218653678894043,-0.1907876878976822,-0.21126890182495117,-0.14782197773456573,-0.2773866057395935,0.7955846786499023,-0.27748119831085205,-0.2337265908718109,-0.1289089173078537,-0.14507071673870087,-0.21116314828395844,-0.2644558548927307,-0.25111123919487,0.09810388833284378,0.047202274203300476,-0.23795050382614136,-0.26976877450942993,-0.19894076883792877,-0.1110505536198616,1.0260902643203735,5.370992183685303,2.3980231285095215,-0.13146699965000153,-0.27507779002189636,-0.2738679051399231,-0.19776128232479095,-0.21524372696876526,-0.01211899146437645,-0.18157564103603363,0.5024615526199341,-0.2704508304595947,-0.05466492846608162,1.6150952577590942,-0.1446216106414795,-0.0691884383559227,-0.09917847067117691,-0.25215592980384827,-0.23097671568393707,-0.24073880910873413,-0.24793116748332977,2.3073952198028564,0.9603596925735474,0.12631124258041382,-0.27696818113327026,-0.2631308138370514,-0.27737075090408325,-0.2764173448085785,-0.27799344062805176,-0.14202351868152618,-0.1883518099784851,-0.22406993806362152,-0.07546688616275787,0.438111275434494,-0.27841562032699585,-0.2505092918872833,0.17584487795829773,0.7756198644638062,-0.12752382457256317,-0.05213446170091629,-0.10745646059513092,-0.265330046415329,-0.21434035897254944,-0.17658096551895142,0.7834274172782898,-0.25022774934768677,-0.22869718074798584,-0.13504524528980255,-0.19628337025642395,-0.2661851644515991,-0.2149810492992401,-0.16750362515449524,-0.2009848803281784,-0.24619494378566742,-0.06084192171692848,-0.08073919266462326,0.21517477929592133,-0.12399664521217346,0.08033357560634613,0.5777585506439209,-0.21514831483364105,-0.2783222794532776,-0.19907544553279877,-0.2783866226673126,-0.27643638849258423,-0.13686688244342804,-0.1077500730752945,0.3892671465873718,-0.01352901104837656,2.5974645614624023,2.524038076400757,-0.09779457002878189,-0.21832776069641113,0.10539078712463379,0.38946086168289185,-0.227706179022789,1.9470287561416626,0.4654446542263031,-0.2620205581188202,-0.14588862657546997,-0.1845521479845047
21,611,690,626,703,-0.26569315791130066,-0.2734309732913971,-0.21505200862884521,1.6016308069229126,-0.028569839894771576,1.356359601020813,-0.2782886028289795,-0.27162909507751465,-0.22267235815525055,-0.24077031016349792,-0.24258290231227875,-0.214071124792099,-0.2272283434867859,0.6228818297386169,0.8639639019966125,-0.25313466787338257,-0.24934323132038116,-0.24285589158535004,-0.22556301951408386,0.9845578670501709,-0.09996777772903442,4.5600433349609375,-0.27309709787368774,0.31032243371009827,5.041012287139893,-0.25422361493110657,-0.2602437734603882,-0.2582380473613739,-0.10755492746829987,-0.27604496479034424,-0.27230313420295715,-0.2517904043197632,-0.2708667814731598,-0.12469584494829178,-0.26285988092422485,-0.22121267020702362,0.8325712084770203,-0.017824353650212288,-0.2772637903690338,-0.2474522888660431,-0.2744223475456238,0.7169807553291321,0.6706483364105225,-0.20761853456497192,-0.27748003602027893,0.0050374832935631275,-0.25068050622940063,1.43233060836792,1.6339530944824219,-0.17262502014636993,1.859616994857788,2.3852956295013428,-0.2663159668445587,0.12555646896362305,0.2801644802093506,-0.1233314797282219,-0.17504140734672546,0.46790611743927,3.0747904777526855,-0.2639075517654419,-0.2006267011165619,-0.2096087783575058,-0.26080259680747986,-0.14493851363658905,-0.24652528762817383,-0.2563537061214447,-0.2516797184944153,-0.2544976472854614,-0.2687608301639557,-0.16962867975234985,0.8308449387550354,-0.2783510386943817,-0.2421436756849289,-0.11454817652702332,0.37038150429725647,-0.02438349276781082,-0.11961141228675842,-0.1106148436665535,-0.2667248249053955,-0.1762576699256897,2.905257225036621,-0.27534472942352295,-0.2748618721961975,-0.12741108238697052,0.020829295739531517,-0.12992368638515472,-0.21486417949199677,-0.13984915614128113,-0.24571703374385834,-0.2732633650302887,-0.2462686151266098,1.0658897161483765,-0.11600559204816818,1.0021241903305054,-0.2650705873966217,0.513087272644043,-0.11687010526657104,-0.2752061188220978,-0.1904553323984146,-0.2101377546787262,-0.27709659934043884,-0.27277156710624695,-0.03711221367120743,-0.16209077835083008,-0.17362383008003235,0.8849837183952332,-0.20491401851177216,-0.15295229852199554,0.028291819617152214,-0.2738285958766937,-0.20765720307826996,0.07796799391508102,-0.25070375204086304,-0.19461657106876373,-0.24111904203891754,-0.18032492697238922,-0.03559302166104317,-0.26790666580200195,-0.2579163610935211,-0.2093012034893036,0.34725719690322876,-0.08580770343542099,-0.26641201972961426,0.14797399938106537,-0.20668914914131165,-0.21596378087997437,-0.11574449390172958,0.4124460220336914
22,550,234,567,248,0.31707632541656494,-0.27173101902008057,-0.2784290611743927,1.3175790309906006,-0.014763131737709045,1.268638253211975,-0.27487489581108093,-0.27762264013290405,-0.20134909451007843,0.18941694498062134,-0.2691434919834137,0.0405011847615242,-0.2763184607028961,-0.2625829875469208,-0.2620442807674408,0.04682721570134163,-0.04695403203368187,-0.10249680280685425,-0.22285443544387817,-0.2746941149234772,-0.2665928304195404,1.0398637056350708,-0.20644758641719818,3.731559991836548,-0.2630622982978821,-0.2782644033432007,-0.2626471221446991,-0.23720373213291168,-0.20743176341056824,-0.26558053493499756,-0.1396762877702713,-0.10312150418758392,-0.21353060007095337,0.9763253331184387,-0.19408003985881805,-0.19850212335586548,0.19084425270557404,-0.13527868688106537,-0.17973428964614868,2.3689591884613037,-0.1998935490846634,0.26508253812789917,-0.25109514594078064,-0.27286815643310547,-0.1814451366662979,-0.15169312059879303,-0.18131281435489655,0.7669228911399841,5.306917190551758,2.485731363296509,0.2239580899477005,-0.21723872423171997,-0.23766089975833893,0.2530179023742676,-0.2687810957431793,-0.04505905136466026,-0.27817869186401367,1.2018702030181885,-0.15843218564987183,-0.2362849861383438,1.7044672966003418,0.5605963468551636,-0.19836126267910004,-0.04691392555832863,0.12820084393024445,-0.1542539745569229,-0.2606974244117737,-0.23666822910308838,5.466157913208008,1.9984734058380127,2.7545008659362793,-0.2753664255142212,-0.2013176679611206,-0.27836644649505615,-0.11603417992591858,-0.2734984755516052,2.443895101547241,-0.19120383262634277,0.04619802534580231,-0.016207164153456688,0.0966634452342987,-0.26438331604003906,-0.2546286880970001,-0.19063709676265717,0.6955287456512451,-0.022947655990719795,-0.008976973593235016,-0.07193655520677567,-0.26201337575912476,-0.12839555740356445,-0.22616855800151825,1.8563257455825806,0.4724156856536865,-0.10472581535577774,-0.11174529045820236,-0.2680048644542694,-0.2708670496940613,-0.20802165567874908,-0.27725711464881897,-0.1294248104095459,-0.2737196087837219,0.426201730966568,1.0010244846343994,2.0481204986572266,-0.21011845767498016,1.454073190689087,-0.04312099516391754,-0.183102086186409,-0.19754277169704437,-0.2574320137500763,3.5641136169433594,-0.27821066975593567,-0.05414404347538948,0.6267597675323486,-0.27718979120254517,0.6753323078155518,-0.1846107840538025,0.5562713742256165,-0.1873890906572342,1.3216015100479126,0.015374891459941864,0.2126850187778473,-0.22476674616336823,1.4958295822143555,1.291764259338379,-0.27844110131263733,1.5989959239959717,-0.11012574285268784
23,565,203,578,216,1.2291325330734253,-0.259670227766037,-0.04122525826096535,0.8885382413864136,-0.01649407297372818,-0.27608931064605713,-0.200839102268219,-0.27566230297088623,-0.2526891827583313,-0.271979957818985,0.6794542670249939,-0.2667725086212158,-0.17815279960632324,0.7648845911026001,-0.15865646302700043,-0.17275044322013855,-0.12214555591344833,-0.2129746973514557,-0.15413886308670044,-0.23075294494628906,-0.2616554796695709,0.04508958011865616,-0.19196759164333344,-0.19561800360679626,-0.15265528857707977,-0.16795510053634644,-0.25671541690826416,-0.2756496071815491,0.2667844295501709,0.44909775257110596,-0.2727976143360138,-0.21142342686653137,0.19468988478183746,0.2610428035259247,-0.25097063183784485,-0.273151159286499,-0.2677691578865051,0.06602795422077179,-0.272684246301651,-0.2682088613510132,-0.26879122853279114,-0.25402918457984924,-0.22072817385196686,-0.010662519372999668,0.644005298614502,-0.2562798261642456,-0.27769604325294495,0.57587069272995,0.18755273520946503,-0.19831877946853638,0.11482503265142441,0.07229837030172348,0.1349349170923233,-0.1972368210554123,-0.09893718361854553,-0.13868139684200287,-0.2558974027633667,0.2445906549692154,0.02870972454547882,-0.18486016988754272,0.3790397644042969,1.2074979543685913,-0.23359055817127228,-0.24383293092250824,2.5759358406066895,-0.2659641206264496,-0.23499511182308197,0.1444581300020218,-0.18822485208511353,0.4774778485298157,2.2754323482513428,-0.23695291578769684,-0.242015078663826,-0.2171756774187088,0.038709856569767,-0.27641454339027405,0.646868884563446,-0.27793383598327637,-0.25235050916671753,-0.1259295493364334,-0.030289120972156525,-0.2529084384441376,-0.2680160403251648,-0.27767321467399597,0.18393228948116302,-0.16775836050510406,-0.27846240997314453,-0.11327393352985382,0.026460804045200348,-0.27675488591194153,-0.13296495378017426,-0.08436278998851776,-0.16216547787189484,-0.2201182246208191,-0.2772771716117859,-0.18715502321720123,-0.2766787111759186,-0.014583466574549675,-0.2693791389465332,0.542646586894989,0.17834384739398956,1.2279142141342163,0.20840980112552643,0.6474566459655762,-0.2737365663051605,0.5071573853492737,-0.12442746758460999,-0.17621012032032013,-0.2564918100833893,0.12033788114786148,-0.2782973647117615,-0.2681216299533844,-0.27664482593536377,0.14592234790325165,0.37878865003585815,-0.2626747488975525,0.31819188594818115,-0.2763310968875885,-0.2784178853034973,0.021441182121634483,-0.07712367922067642,0.3335101902484894,-0.2246580719947815,0.6612552404403687,-0.03388997167348862,-0.0656396672129631,0.6031126379966736,-0.22146376967430115
24,366,394,377,405,0.3607487082481384,-0.267317533493042,0.20994240045547485,1.0045812129974365,-0.09769491106271744,-0.27573513984680176,-0.24218104779720306,-0.1804506927728653,-0.2560684084892273,-0.2101556658744812,0.7666917443275452,-0.23816238343715668,0.5206410884857178,0.15545226633548737,-0.17075605690479279,-0.10243217647075653,-0.2649349272251129,-0.20131808519363403,-0.22815263271331787,-0.27814894914627075,-0.23682144284248352,0.004943179432302713,0.268260657787323,-0.012450635433197021,0.22772733867168427,-0.19189882278442383,-0.20414455235004425,-0.25385144352912903,-0.026927189901471138,0.5254875421524048,-0.10434465110301971,-0.18922242522239685,0.052174631506204605,0.2420184314250946,-0.24038124084472656,-0.2761252224445343,-0.2392311692237854,0.1511743664741516,-0.27777785062789917,-0.11641965061426163,-0.27705779671669006,-0.22625093162059784,-0.26980844140052795,0.021496109664440155,0.6539486646652222,-0.24652981758117676,-0.18948626518249512,0.3876418471336365,0.03241825848817825,-0.04663269966840744,0.4242248237133026,-0.1910707652568817,0.08324312418699265,-0.19751909375190735,-0.00825081393122673,-0.1701727956533432,-0.27427810430526733,0.00389309274032712,-0.0309474915266037,-0.2649305760860443,-0.07327388972043991,0.9613929390907288,-0.1773999184370041,-0.2586013078689575,0.23851945996284485,0.04808035492897034,-0.25898322463035583,0.15930494666099548,0.21700845658779144,0.67386394739151,0.7143420577049255,-0.27804139256477356,-0.12399916350841522,-0.054288629442453384,-0.15290851891040802,-0.26721706986427307,0.28610464930534363,-0.2158229649066925,-0.25307559967041016,-0.21267591416835785,0.06653663516044617,-0.27770522236824036,-0.27513864636421204,-0.27128487825393677,-0.17603743076324463,0.2473723590373993,-0.23976503312587738,-0.16589967906475067,0.4423590898513794,-0.2039697766304016,-0.2747688591480255,0.11311617493629456,0.28592661023139954,-0.2595871090888977,-0.2651204764842987,-0.2689860463142395,-0.21707181632518768,0.4685628414154053,-0.20643942058086395,0.2973582148551941,0.09587699174880981,0.7074168920516968,0.2832890748977661,0.6762322783470154,-0.2697612941265106,0.10157595574855804,0.158036470413208,-0.21283914148807526,0.16685648262500763,0.062485262751579285,-0.14673173427581787,-0.27795761823654175,-0.27836674451828003,-0.12104488909244537,0.3947114646434784,-0.25905755162239075,0.4488730728626251,-0.2780303657054901,-0.27842310070991516,-0.10412132740020752,-0.07101669162511826,0.5374413728713989,-0.2781316637992859,0.058869749307632446,-0.016976915299892426,0.11890793591737747,-0.14562827348709106,-0.22341957688331604
25,455,319,471,333,0.2631344497203827,-0.27265602350234985,0.26038193702697754,0.9438930749893188,-0.09144125878810883,-0.2766803801059723,-0.23388579487800598,-0.22448097169399261,-0.23829285800457,-0.18208850920200348,0.614797830581665,-0.20130296051502228,0.36028093099594116,-0.0064064874313771725,-0.05521479994058609,-0.1276734620332718,-0.2681937515735626,-0.17321521043777466,-0.22673609852790833,-0.27337846159935,-0.20870117843151093,0.15499445796012878,0.6104758381843567,-0.1019110158085823,0.2473071813583374,-0.2233431041240692,-0.18060855567455292,-0.2671657204627991,-0.10713261365890503,0.5488515496253967,-0.10067327320575714,-0.265959233045578,0.07708080112934113,0.012197243981063366,-0.2387414276599884,-0.277972936630249,-0.2707328200340271,0.06614569574594498,-0.2772524356842041,-0.2505347728729248,-0.27841511368751526,-0.2273794263601303,-0.27236124873161316,-0.2274678349494934,0.3755350112915039,-0.20951223373413086,-0.22447912395000458,0.4961652159690857,-0.058716293424367905,-0.01021189521998167,0.15101924538612366,-0.16307638585567474,0.1097404807806015,-0.1579364836215973,-0.05073664337396622,-0.1094454824924469,-0.27846354246139526,-0.07307930290699005,0.00906570628285408,-0.2735154330730438,0.15121613442897797,0.5042035579681396,0.05779699608683586,-0.26639676094055176,-0.139059916138649,-0.16692927479743958,-0.2671526074409485,0.17770057916641235,0.2035481035709381,0.39061209559440613,0.6340022087097168,-0.2746424973011017,-0.15840233862400055,0.00404145335778594,0.09618335962295532,-0.2771800756454468,0.01879732497036457,-0.2780434489250183,-0.2744519114494324,-0.18846911191940308,0.24644149839878082,-0.2737017571926117,-0.27002260088920593,-0.2779744267463684,-0.06667119264602661,-0.023026499897241592,-0.18283510208129883,-0.15711425244808197,0.30422574281692505,-0.2123318761587143,-0.221227765083313,0.1897800713777542,0.5189011693000793,-0.2377612292766571,-0.27791300415992737,-0.2745891213417053,-0.1966552883386612,0.5654433369636536,-0.24727989733219147,0.35207709670066833,0.04256478697061539,0.2531093955039978,0.09398787468671799,0.5016332268714905,-0.2777729630470276,0.006341072265058756,-0.12043330818414688,-0.2539510428905487,-0.06262879073619843,-0.1984342485666275,-0.11370658129453659,-0.2772531807422638,-0.2564714252948761,-0.0894186720252037,0.523703396320343,-0.27453741431236267,-0.12357030063867569,-0.2749338746070862,-0.27692463994026184,-0.0005111121572554111,-0.06553231924772263,0.9321476221084595,-0.26820749044418335,0.04079665616154671,-0.09559661895036697,0.18307922780513763,-0.18402549624443054,-0.20807921886444092
26,559,511,572,524,0.30243760347366333,-0.26740559935569763,0.14494635164737701,1.0223777294158936,-0.14273521304130554,-0.2728002369403839,-0.08478982746601105,-0.10098572820425034,-0.2776578366756439,-0.19734273850917816,0.43326452374458313,-0.20720748603343964,0.2484484165906906,0.22888411581516266,-0.08038987964391708,-0.06552059203386307,-0.27585235238075256,-0.21604859828948975,-0.2601390480995178,-0.2608315944671631,-0.2563829720020294,0.10013475269079208,0.6013235449790955,-0.22113268077373505,0.19226723909378052,-0.24362096190452576,-0.17977076768875122,-0.2677062749862671,0.12775030732154846,0.36853206157684326,0.05298064276576042,-0.23467889428138733,0.022239282727241516,0.060866355895996094,-0.23776762187480927,-0.26953548192977905,-0.23954717814922333,0.11679178476333618,-0.2578499913215637,-0.17103667557239532,-0.2784262001514435,-0.15911461412906647,-0.2731250524520874,-0.24591216444969177,0.03668605163693428,-0.13696648180484772,-0.199019655585289,0.5090574622154236,0.14352947473526,0.047028668224811554,0.1584359109401703,-0.2449760138988495,0.22533908486366272,-0.16153348982334137,0.07802075147628784,-0.18411849439144135,-0.2689965069293976,-0.14326238632202148,0.07674495130777359,-0.2710677683353424,0.016882136464118958,0.5483075380325317,-0.05569513514637947,-0.27833953499794006,-0.027447322383522987,-0.21285311877727509,-0.23290559649467468,0.3623601794242859,0.02827078476548195,0.3198339343070984,0.3934507369995117,-0.27755165100097656,-0.19635282456874847,-0.1305912286043167,0.06101503223180771,-0.27826011180877686,0.018125135451555252,-0.27845898270606995,-0.269305557012558,-0.2407621145248413,0.26728594303131104,-0.2770112156867981,-0.27834272384643555,-0.24793235957622528,-0.005618493538349867,-0.04987474903464317,0.058573201298713684,-0.1832589954137802,0.266613632440567,-0.2046794593334198,-0.2549470067024231,0.17024660110473633,0.5404570698738098,-0.26800858974456787,-0.2643323540687561,-0.2752982974052429,-0.18803852796554565,0.4377800524234772,-0.16151666641235352,0.16947253048419952,-0.08577442914247513,0.26845163106918335,0.04733044281601906,0.2397651970386505,-0.27397382259368896,0.3007791340351105,0.10461535304784775,-0.27839866280555725,-0.165791854262352,-0.0023443319369107485,-0.18270990252494812,-0.2704933285713196,-0.27845850586891174,-0.1120300143957138,0.3762878179550171,-0.2484273612499237,0.11657806485891342,-0.2776387929916382,-0.24517346918582916,0.22105515003204346,-0.08201725780963898,0.8391048312187195,-0.2767939269542694,0.11641404032707214,-0.11852692812681198,0.046406153589487076,-0.22189748287200928,-0.19002048671245575
27,439,226,455,242,-0.1505044400691986,-0.2547481954097748,0.0063648587092757225,1.4143950939178467,-0.10783952474594116,0.33249223232269287,-0.27560877799987793,-0.25457659363746643,-0.16391994059085846,-0.27127358317375183,0.1764303594827652,-0.2733587622642517,-0.25248226523399353,1.9583452939987183,-0.20243829488754272,-0.191224604845047,-0.09209330379962921,-0.022117208689451218,0.24279572069644928,-0.08345789462327957,-0.25866469740867615,0.2770388722419739,-0.2782178521156311,-0.24879276752471924,2.6519739627838135,-0.19266830384731293,-0.02907143160700798,-0.20411255955696106,-0.24062903225421906,-0.27835991978645325,-0.14845983684062958,-0.13300473988056183,-0.27033430337905884,0.29608359932899475,-0.26169443130493164,-0.27430102229118347,0.35798439383506775,-0.0573083721101284,-0.24496932327747345,-0.1329594999551773,-0.27338942885398865,0.6356210112571716,1.498389482498169,-0.1650875061750412,-0.24028950929641724,-0.2532980740070343,-0.2784067392349243,1.0160764455795288,5.870290756225586,0.9304715991020203,0.3739908039569855,-0.2618401348590851,-0.27425438165664673,0.17158576846122742,-0.14815886318683624,-0.05092160031199455,-0.27421650290489197,1.2743200063705444,1.7388731241226196,-0.12551870942115784,0.5565979480743408,-0.17092987895011902,0.3292887210845947,-0.25755393505096436,-0.2782372832298279,-0.2783844769001007,-0.17314839363098145,-0.16621631383895874,-0.2687889337539673,0.19084200263023376,-0.07569248229265213,-0.2758283317089081,-0.27662837505340576,-0.025512471795082092,0.12201742827892303,-0.2440587431192398,-0.15698593854904175,-0.20626644790172577,-0.27493008971214294,-0.18065933883190155,0.7710160613059998,-0.16022741794586182,-0.25558799505233765,-0.2664799988269806,-0.18518611788749695,-0.057933930307626724,-0.1420719027519226,-0.22782811522483826,-0.26682373881340027,-0.27723461389541626,-0.2672019898891449,0.940265953540802,-0.2475339025259018,0.4227898120880127,-0.27368220686912537,-0.026639191433787346,-0.26229575276374817,-0.25731489062309265,0.8992940187454224,-0.2707069516181946,-0.18839862942695618,-0.21972209215164185,0.033612824976444244,0.09018733352422714,-0.13540048897266388,1.4038736820220947,-0.25902628898620605,-0.2417462170124054,0.37248823046684265,0.026364993304014206,-0.2608356475830078,-0.20713013410568237,-0.27457231283187866,-0.2443564385175705,-0.27772819995880127,-0.13026554882526398,-0.011932654306292534,0.4014575481414795,-0.1707880198955536,-0.00599077669903636,0.03960203751921654,0.2934275269508362,-0.25261327624320984,0.6988029479980469,-0.07133397459983826,-0.17801307141780853,-0.06700557470321655,-0.2147473394870758
28,736,511,750,524,-0.048733215779066086,-0.2782820761203766,-0.17523348331451416,0.9432674646377563,-0.16070082783699036,-0.2537534236907959,-0.249556303024292,-0.27515527606010437,-0.27447471022605896,-0.2426513135433197,-0.12258325517177582,-0.22892749309539795,-0.21251614391803741,0.07640885561704636,-0.16785216331481934,-0.22293797135353088,-0.12433354556560516,-0.17278873920440674,-0.17295105755329132,-0.2780188024044037,-0.2779252231121063,-0.08205503225326538,0.7235949039459229,-0.0672491267323494,0.18654203414916992,-0.16528411209583282,-0.2773793339729309,-0.2516283094882965,-0.27828454971313477,1.0759193897247314,-0.24955342710018158,-0.12580308318138123,0.054544515907764435,-0.11535456776618958,-0.2758333683013916,-0.2521779537200928,-0.25230658054351807,-0.2077094167470932,-0.27748656272888184,-0.2770511209964752,-0.277447909116745,-0.26850470900535583,-0.22614486515522003,-0.2720063328742981,0.7063977718353271,-0.25778961181640625,-0.26826125383377075,-0.23680242896080017,-0.03263366222381592,-0.1567150503396988,0.9655676484107971,-0.09782429784536362,-0.13952112197875977,-0.25197717547416687,0.10450004041194916,-0.24536243081092834,-0.23280371725559235,0.2649520933628082,0.819616436958313,-0.2679797410964966,-0.26995158195495605,0.8411098718643188,-0.2417180985212326,-0.2741004526615143,-0.19411925971508026,-0.17682723701000214,-0.10400465875864029,-0.1748076230287552,-0.09191875159740448,0.7318769693374634,0.3821474015712738,-0.2648528516292572,0.2985352873802185,-0.20395442843437195,-0.021627964451909065,-0.18969324231147766,-0.13227969408035278,-0.26741114258766174,-0.1680133044719696,-0.10841550678014755,-0.0740816667675972,-0.23082220554351807,-0.2520279884338379,-0.2755318880081177,0.8179839253425598,2.1191935539245605,0.06192296743392944,-0.032021116465330124,0.08384165167808533,-0.2780887186527252,-0.2532714605331421,0.9416550397872925,0.06995813548564911,-0.23237687349319458,-0.2773856520652771,-0.2767750024795532,-0.16043588519096375,-0.22386200726032257,-0.18980184197425842,0.4788767993450165,-0.17763371765613556,0.5084863901138306,-0.14874404668807983,0.16002783179283142,-0.22597290575504303,0.08276733011007309,-0.2737952172756195,-0.08563364297151566,0.22584232687950134,0.8452773094177246,-0.2083275467157364,-0.25917017459869385,-0.27707919478416443,-0.24986402690410614,0.5749495625495911,-0.2772482931613922,0.3076537549495697,-0.2746569812297821,-0.26066911220550537,-0.13717350363731384,-0.06243159621953964,0.29341402649879456,-0.2759650945663452,0.06549838185310364,-0.19251137971878052,0.21813756227493286,-0.2780727744102478,-0.21367232501506805
29,436,612,450,624,-0.09211941063404083,-0.13016630709171295,-0.0398680754005909,1.6695736646652222,-0.04172111675143242,0.7525411248207092,-0.17927230894565582,-0.27828449010849,-0.17236368358135223,-0.2731514573097229,-0.14800643920898438,-0.0867919996380806,-0.14852936565876007,3.988798141479492,0.05249230936169624,-0.2649722397327423,-0.05345432087779045,-0.16451647877693176,-0.17449097335338593,0.3421081006526947,-0.12425809353590012,4.108602046966553,-0.2761966288089752,-0.20327958464622498,2.8020894527435303,-0.21555392444133759,-0.2608497142791748,-0.265371173620224,-0.13557612895965576,-0.20687197148799896,-0.16600772738456726,-0.18084760010242462,-0.2717537581920624,-0.03914627805352211,-0.2781604826450348,-0.27581727504730225,0.878713846206665,-0.0209223423153162,-0.0907885879278183,-0.17231550812721252,-0.23390690982341766,0.7283099889755249,1.5025426149368286,-0.096710704267025,-0.13365501165390015,-0.03702593222260475,-0.19692397117614746,1.4439470767974854,2.294267177581787,-0.18791396915912628,0.46316105127334595,1.875475287437439,-0.26401978731155396,0.3187430500984192,-0.27821069955825806,-0.10141065716743469,-0.26268860697746277,0.33553144335746765,2.437814712524414,-0.23715347051620483,-0.1759207844734192,-0.24297001957893372,0.09587691724300385,-0.2570621073246002,-0.09984760731458664,-0.27810123562812805,-0.2720589339733124,-0.2624727487564087,-0.26404237747192383,-0.19995366036891937,0.8430398106575012,-0.2780917286872864,-0.23461255431175232,-0.10510546714067459,0.2506411671638489,-0.12873703241348267,-0.09586740285158157,-0.09254711866378784,-0.2532767653465271,-0.049435585737228394,2.765071392059326,-0.27487319707870483,-0.27819448709487915,-0.2772747874259949,-0.27738866209983826,-0.05316857993602753,-0.16037222743034363,-0.10171690583229065,-0.2231445461511612,-0.227047398686409,-0.1343453973531723,1.2837772369384766,-0.1429165154695511,1.2741405963897705,-0.2597830891609192,0.04363761469721794,0.00455032242462039,-0.08681278675794601,0.3990919888019562,-0.19249485433101654,-0.2741433382034302,-0.08315671980381012,0.1375802904367447,-0.27380552887916565,-0.09578000754117966,0.8928983211517334,-0.2183031439781189,-0.1910005360841751,0.25281110405921936,-0.2229890674352646,-0.13498759269714355,-0.19584256410598755,-0.17394137382507324,-0.17429481446743011,-0.18728215992450714,-0.2728990614414215,-0.04661696404218674,-0.2768716812133789,-0.23399214446544647,-0.13586145639419556,0.535774290561676,0.1288265436887741,-0.23106476664543152,0.023136338219046593,-0.19734445214271545,-0.1301117092370987,-0.04913879185914993,0.23451900482177734
30,661,451,675,464,-0.15782557427883148,-0.23231981694698334,0.03995388001203537,1.5958231687545776,-0.09705059975385666,1.4199875593185425,-0.27502527832984924,-0.2435651421546936,-0.22531099617481232,-0.27813127636909485,-0.23677267134189606,-0.09493014961481094,-0.2487087845802307,3.143720865249634,-0.1919156312942505,-0.2783544063568115,-0.02752384915947914,-0.047152210026979446,-0.2354804128408432,0.631901741027832,-0.09628572314977646,2.4748456478118896,-0.26578494906425476,-0.2703258693218231,3.4366960525512695,-0.2543279826641083,-0.2732144594192505,-0.23474964499473572,-0.16301986575126648,-0.27747130393981934,-0.2343008667230606,-0.12879620492458344,-0.2783368229866028,-0.12345892935991287,-0.2758280336856842,-0.27796196937561035,0.8065927028656006,-0.05530979111790657,-0.2784171998500824,-0.145086407661438,-0.2315683811903,0.7960493564605713,1.3909496068954468,-0.2634216547012329,-0.2488551288843155,-0.11568973958492279,-0.27833226323127747,1.0293961763381958,4.8901166915893555,-0.26739248633384705,0.7004103660583496,0.4400804936885834,-0.230049729347229,0.7417915463447571,-0.106116883456707,-0.028825899586081505,-0.2627463638782501,0.5579490065574646,2.5301296710968018,-0.1320665329694748,-0.2653290629386902,-0.2345414161682129,0.25601550936698914,-0.12753088772296906,-0.2728080153465271,-0.2565547823905945,-0.24779994785785675,-0.24905554950237274,-0.2766875624656677,-0.2783723771572113,0.026454444974660873,-0.271125465631485,-0.234084352850914,-0.194695383310318,0.31407085061073303,-0.12020624428987503,-0.2635665833950043,-0.12140673398971558,-0.17432984709739685,-0.07137139141559601,2.1244618892669678,-0.26269739866256714,-0.278355211019516,-0.27265870571136475,-0.11010190099477768,-0.05084439739584923,-0.11011191457509995,-0.12522584199905396,-0.2512713372707367,-0.21610809862613678,-0.18298612534999847,1.522133231163025,-0.2784420847892761,1.176093339920044,-0.2647770047187805,-0.0919959545135498,-0.06965070217847824,-0.11054655909538269,0.7326387166976929,-0.2067328542470932,-0.2192230075597763,-0.24195867776870728,0.10209344327449799,-0.12925264239311218,-0.19637131690979004,1.494949221611023,-0.2784542441368103,-0.1510361284017563,0.029588423669338226,-0.2765776216983795,-0.2546466886997223,-0.2539069950580597,-0.2717365026473999,-0.17430859804153442,-0.21654899418354034,-0.27300459146499634,-0.093253493309021,-0.2784610688686371,-0.27582186460494995,-0.08335965871810913,0.49709710478782654,0.3081514537334442,-0.19171594083309174,0.05588836967945099,-0.2162683606147766,-0.12627509236335754,-0.06691699475049973,-0.12581823766231537
31,739,528,753,541,-0.15466785430908203,-0.21215029060840607,-0.10641752183437347,1.6507086753845215,-0.023359760642051697,0.6630684733390808,-0.2240619957447052,-0.2783185839653015,-0.07308138906955719,-0.27811434864997864,-0.2781887948513031,-0.15329037606716156,-0.20047414302825928,-0.06619387120008469,0.9806267023086548,-0.2768612205982208,-0.1236475333571434,-0.1789986491203308,-0.2087187021970749,1.2403817176818848,-0.09879918396472931,4.3491973876953125,-0.24552328884601593,2.5065739154815674,4.96811580657959,-0.2463444024324417,-0.2782452702522278,-0.20604388415813446,-0.07303744554519653,-0.2735865116119385,-0.1633100062608719,-0.2561730444431305,-0.25203293561935425,-0.10179729759693146,-0.273063063621521,-0.2784545123577118,0.9140725135803223,-0.012883488088846207,-0.17450039088726044,-0.27155059576034546,-0.2650948166847229,0.7951987385749817,0.303320974111557,-0.23283320665359497,-0.2761516869068146,0.2612653076648712,-0.23943334817886353,0.5031735301017761,1.3566683530807495,-0.13849438726902008,2.423126220703125,2.4918296337127686,-0.2766217291355133,0.4116397798061371,-0.2779994308948517,-0.09663629531860352,-0.2760881781578064,0.5607525706291199,1.316709280014038,-0.2715577781200409,-0.1081681102514267,-0.2749858796596527,-0.1559278964996338,-0.14953753352165222,-0.26530709862709045,-0.2316940277814865,-0.24226000905036926,-0.27732202410697937,0.03336849436163902,-0.21518905460834503,1.1635584831237793,-0.2606268525123596,-0.2727501392364502,-0.05774754658341408,0.01625056006014347,0.07164837419986725,-0.024343173950910568,-0.08168904483318329,-0.2447633445262909,-0.15295472741127014,2.293605089187622,-0.23293006420135498,-0.2599431872367859,-0.24617858231067657,1.3625341653823853,-0.11699679493904114,-0.11248397082090378,-0.136799618601799,-0.26093366742134094,-0.27631622552871704,-0.25963079929351807,2.7484710216522217,-0.07532989978790283,0.9501494765281677,-0.1769266426563263,0.5465612411499023,0.19568657875061035,-0.22341977059841156,-0.2692979574203491,-0.24437688291072845,-0.2721825838088989,-0.1348952054977417,-0.21793784201145172,-0.2777206599712372,-0.09863947331905365,0.28317368030548096,0.11112717539072037,-0.15010279417037964,-0.1726067066192627,-0.10693813860416412,-0.132539302110672,-0.06766259670257568,-0.25841471552848816,-0.2528002858161926,-0.2544921934604645,-0.13812105357646942,-0.038541458547115326,-0.24367639422416687,-0.07488598674535751,-0.09734386205673218,0.6340722441673279,-0.13256029784679413,-0.26759952306747437,0.946829617023468,0.19107991456985474,-0.22816739976406097,-0.11688588559627533,0.7417966723442078
32,701,634,712,645,0.5691724419593811,-0.246362566947937,0.21668641269207,0.9704793691635132,-0.10899435728788376,-0.2779565155506134,-0.09857001900672913,-0.21054348349571228,-0.2650117576122284,-0.2503645122051239,0.7876108288764954,-0.2737312316894531,0.3020378649234772,0.23460659384727478,-0.13774175941944122,-0.09191940724849701,-0.27622929215431213,-0.2446969896554947,-0.2566376030445099,-0.27845498919487,-0.19186754524707794,-0.08657245337963104,0.27585703134536743,-0.1075039803981781,0.07833682745695114,-0.16502566635608673,-0.1420544981956482,-0.2778701186180115,0.12802183628082275,0.5592119097709656,-0.20806148648262024,-0.20138701796531677,-0.005271341186016798,0.2191537767648697,-0.2149943858385086,-0.27841493487358093,-0.254833847284317,0.21616947650909424,-0.2774055302143097,-0.12930341064929962,-0.27816149592399597,-0.23745118081569672,-0.2579596936702728,0.06344705075025558,0.5494229793548584,-0.2602463662624359,-0.2366858571767807,0.35669180750846863,0.0410335399210453,0.034851398319005966,0.28331488370895386,-0.18778616189956665,0.16774821281433105,-0.23343425989151,-0.007160651963204145,-0.22653032839298248,-0.2748410105705261,-0.01985185779631138,0.13076205551624298,-0.27341198921203613,-0.011151026003062725,1.1017496585845947,-0.15231680870056152,-0.2192261964082718,0.46937674283981323,0.04031364619731903,-0.25393354892730713,0.1643800139427185,0.034359484910964966,0.7829281687736511,0.7708810567855835,-0.25491130352020264,-0.06622143089771271,0.00025277823442593217,-0.1421532928943634,-0.23280443251132965,0.20445868372917175,-0.20741795003414154,-0.24184384942054749,-0.2218654900789261,-0.04469174146652222,-0.277695894241333,-0.27685314416885376,-0.2331220656633377,-0.16575074195861816,0.09042248129844666,-0.23017089068889618,-0.19884222745895386,0.313904345035553,-0.24513529241085052,-0.2504913806915283,0.04876532033085823,0.12442311644554138,-0.24302783608436584,-0.256039023399353,-0.24044643342494965,-0.24376018345355988,0.23603616654872894,-0.2258410006761551,0.30514711141586304,0.11096655577421188,0.5810841917991638,0.24646057188510895,0.45166200399398804,-0.2709861695766449,0.07211551070213318,0.1745767891407013,-0.23438861966133118,0.012568940408527851,0.12414638698101044,-0.18896743655204773,-0.2776123583316803,-0.26178985834121704,-0.1305883675813675,0.4344536364078522,-0.25587353110313416,0.8388614654541016,-0.2713449001312256,-0.2704198658466339,-0.07140491902828217,-0.12652847170829773,0.5145670771598816,-0.2740033268928528,0.26291826367378235,-0.06193510815501213,0.1541794091463089,0.005844893865287304,-0.22882479429244995
33,504,336,518,349,-0.1735314279794693,-0.2426561415195465,-0.26212596893310547,1.1893056631088257,-0.03057768940925598,-0.19355757534503937,-0.24482962489128113,-0.2696133255958557,-0.10497758537530899,-0.2614666521549225,0.080779530107975,-0.27465060353279114,-0.10590111464262009,-0.09036644548177719,0.09608271718025208,-0.21931111812591553,-0.018446503207087517,-0.17262421548366547,0.24357785284519196,-0.27815908193588257,-0.27784326672554016,-0.26205140352249146,-0.23173633217811584,0.9990249872207642,3.259763717651367,-0.26150602102279663,-0.08984624594449997,-0.2603834569454193,-0.22427940368652344,-0.09489840269088745,-0.2336297333240509,-0.18808463215827942,-0.2600598633289337,0.24636484682559967,-0.27709367871284485,-0.20975978672504425,-0.04204008728265762,-0.16855718195438385,-0.24371835589408875,-0.13651157915592194,-0.2640986442565918,0.1841205209493637,0.4731207489967346,-0.26105996966362,-0.2784219980239868,-0.10996045172214508,-0.18945686519145966,0.9915717244148254,5.3926801681518555,2.0062084197998047,-0.05065451189875603,-0.2616884708404541,-0.25637367367744446,-0.15223324298858643,-0.27579164505004883,-0.02098856307566166,-0.244326651096344,0.3440697193145752,0.15577371418476105,-0.09602297842502594,1.2660025358200073,-0.2288978099822998,0.05833062157034874,-0.097189761698246,-0.27088645100593567,-0.27746978402137756,-0.2521817684173584,-0.2784278988838196,0.3858499526977539,0.09399536997079849,-0.04095190390944481,-0.26432210206985474,-0.27845874428749084,-0.2783859670162201,-0.1168166995048523,-0.26128968596458435,-0.0935790091753006,-0.15015225112438202,-0.21322442591190338,-0.15667107701301575,0.7986546158790588,-0.24236682057380676,-0.27765947580337524,-0.11737587302923203,1.016735553741455,-0.11049896478652954,-0.08247292786836624,-0.1705217957496643,-0.276240736246109,-0.2464841604232788,-0.22395116090774536,0.6442858576774597,-0.22865818440914154,-0.17516572773456573,-0.12439126521348953,-0.1526496857404709,-0.23767000436782837,-0.2257395088672638,-0.020911825820803642,-0.21286244690418243,-0.2438892126083374,0.13928169012069702,-0.15075179934501648,0.14984934031963348,-0.18137826025485992,0.3469928205013275,0.0019809799268841743,-0.21566654741764069,-0.2401226907968521,-0.12179926782846451,-0.2445981800556183,-0.26517677307128906,-0.20996661484241486,-0.054621972143650055,0.12407833337783813,-0.19763028621673584,1.5467714071273804,1.8444938659667969,-0.19345635175704956,-0.14854131639003754,0.13839255273342133,0.42121419310569763,-0.24846313893795013,1.910731315612793,0.20114584267139435,-0.27484792470932007,-0.09728041291236877,-0.17057718336582184
34,424,312,439,327,0.6713143587112427,-0.27842530608177185,0.20541703701019287,1.0780726671218872,-0.03340335562825203,-0.2708151042461395,-0.21450333297252655,-0.27686581015586853,-0.1993955671787262,-0.2784144878387451,1.6554858684539795,-0.2722693085670471,-0.21777001023292542,2.315030574798584,-0.17861472070217133,-0.046617988497018814,-0.052324581891298294,-0.06541982293128967,-0.22087369859218597,-0.27323052287101746,-0.2782532274723053,-0.19363726675510406,-0.2770102620124817,-0.27730077505111694,-0.19174626469612122,-0.27706173062324524,-0.13192899525165558,-0.2641907036304474,1.0472168922424316,-0.19456416368484497,-0.23266801238059998,-0.15273310244083405,-0.161063089966774,0.9705321192741394,-0.17761294543743134,-0.27021467685699463,-0.13290369510650635,-0.278417706489563,-0.2754608988761902,-0.27682310342788696,-0.2781190276145935,-0.06791654974222183,-0.1831081062555313,0.6413407921791077,0.03936214745044708,-0.27131614089012146,-0.2543662488460541,0.6686464548110962,2.7627360820770264,0.6884355545043945,0.0015120949828997254,-0.2633930444717407,0.4065706431865692,-0.18140888214111328,-0.11475253850221634,-0.25205156207084656,-0.2547599971294403,1.7119654417037964,0.2767392098903656,-0.13864770531654358,1.5644142627716064,2.080599546432495,-0.03203325346112251,1.6589194536209106,3.380312204360962,-0.2760516107082367,-0.27827543020248413,1.0427489280700684,-0.2593136429786682,1.3051272630691528,1.6956753730773926,-0.20920033752918243,-0.2632560729980469,0.1884450614452362,-0.11674855649471283,-0.26912251114845276,0.4083341360092163,-0.27523359656333923,0.014106282033026218,-0.18051888048648834,-0.22957584261894226,-0.21282681822776794,-0.23959064483642578,-0.26501286029815674,-0.26774919033050537,-0.2263086438179016,-0.21587549149990082,-0.26630699634552,-0.20510047674179077,-0.24350203573703766,-0.2718285620212555,-0.048344988375902176,-0.25557032227516174,-0.27803635597229004,-0.27219972014427185,-0.09254444390535355,-0.27596381306648254,-0.2498510777950287,0.14701569080352783,-0.1050386056303978,-0.22836463153362274,-0.09474872052669525,0.4307454526424408,0.8616585731506348,-0.17200535535812378,2.1019816398620605,0.05820665508508682,-0.22691619396209717,-0.2647542357444763,0.8620973825454712,-0.26524344086647034,-0.2746489346027374,0.17860867083072662,-0.1836465448141098,0.1336861103773117,-0.1869398057460785,2.4016988277435303,-0.14262470602989197,-0.15929964184761047,0.009622511453926563,-0.12098069489002228,-0.003747138660401106,-0.1991373598575592,0.5489729642868042,0.2537451386451721,-0.2144039124250412,0.7996197938919067,-0.26417142152786255
35,159,640,173,653,0.3365612328052521,-0.2782331705093384,0.05145304650068283,0.9546765089035034,-0.0783783569931984,-0.2784634530544281,-0.03693262115120888,-0.24139492213726044,-0.27103883028030396,-0.23975872993469238,0.5928899049758911,-0.20637071132659912,0.3569992184638977,0.10197526961565018,-0.11876803636550903,-0.18483656644821167,-0.2515387535095215,-0.21631760895252228,-0.26384684443473816,-0.27783310413360596,-0.26133280992507935,0.07678243517875671,0.47149765491485596,-0.12045872956514359,0.14818808436393738,-0.18981672823429108,-0.06934111565351486,-0.2739544212818146,0.0899648517370224,0.39484021067619324,0.0523088201880455,-0.16021955013275146,0.09144334495067596,0.17441116273403168,-0.24250701069831848,-0.2775692641735077,-0.239633709192276,0.054059017449617386,-0.27846264839172363,-0.059553589671850204,-0.27782902121543884,-0.23990003764629364,-0.26982104778289795,-0.13382253050804138,0.5952781438827515,-0.2363278865814209,-0.24820461869239807,0.5294389724731445,0.12574441730976105,0.12117856740951538,0.5379475355148315,-0.20340310037136078,0.2173338383436203,-0.19193035364151,-0.08096139878034592,-0.17213715612888336,-0.2695002257823944,-0.19209110736846924,0.11387418955564499,-0.2759869694709778,-0.16331593692302704,0.8898932933807373,-0.11548969149589539,-0.27844178676605225,0.028938669711351395,-0.22880612313747406,-0.17814594507217407,-0.07454615086317062,0.24383853375911713,0.7153733968734741,0.4331232011318207,-0.27840951085090637,-0.22618991136550903,-0.10813777893781662,-0.11369927227497101,-0.27846452593803406,0.4266676604747772,-0.27701783180236816,-0.25233691930770874,-0.1537172794342041,-0.08099821209907532,-0.2561165392398834,-0.2640058398246765,-0.22005854547023773,0.013333707116544247,0.11018993705511093,-0.11810676753520966,-0.16857659816741943,0.2985694706439972,-0.27682778239250183,-0.20871055126190186,0.005828101187944412,0.30178752541542053,-0.2541588842868805,-0.21417400240898132,-0.26810359954833984,-0.17885048687458038,0.36550113558769226,-0.2261379212141037,0.30008041858673096,0.091452956199646,0.21512559056282043,0.16326826810836792,0.431134968996048,-0.2776338458061218,-0.0724787637591362,0.05981570482254028,-0.2351415902376175,-0.03424658998847008,-0.09227833896875381,-0.06674440950155258,-0.27729716897010803,-0.2781939208507538,-0.13280454277992249,0.38121509552001953,-0.2675372362136841,0.4677872359752655,-0.27337491512298584,-0.27829813957214355,-0.0261694323271513,-0.06568515300750732,0.5717605352401733,-0.27144065499305725,0.26491469144821167,-0.15907159447669983,0.4909171760082245,-0.05941968411207199,-0.22402405738830566
36,871,417,884,428,-0.07454201579093933,-0.07372497767210007,-0.2750522196292877,1.3254932165145874,-0.001033470151014626,-0.1849551647901535,-0.1505981832742691,-0.2453261911869049,-0.15502193570137024,-0.2784278094768524,2.343717336654663,-0.15687718987464905,-0.27846261858940125,-0.18680253624916077,-0.14087843894958496,-0.250529408454895,-0.01722768321633339,-0.02076350711286068,0.08319355547428131,-0.21539367735385895,-0.23425166308879852,0.05820654705166817,-0.2290632426738739,0.710579514503479,3.5533154010772705,-0.100019171833992,-0.23162472248077393,-0.153486430644989,-0.16596482694149017,-0.17747773230075836,-0.13668425381183624,-0.0877300500869751,-0.26737210154533386,0.668588399887085,-0.2626773715019226,-0.25328826904296875,0.24808527529239655,-0.08128292113542557,-0.18043935298919678,-0.04443631321191788,-0.23739543557167053,0.6770297288894653,1.3722068071365356,-0.27181753516197205,-0.13963907957077026,-0.1640913486480713,-0.09516390413045883,4.037721633911133,5.842530250549316,0.6274851560592651,-0.19891133904457092,-0.2753007113933563,-0.27846452593803406,0.11622337996959686,-0.25715428590774536,-0.004033826757222414,-0.25082772970199585,1.3106956481933594,-0.22090230882167816,-0.01670284941792488,1.3880119323730469,-0.2763310968875885,0.47440919280052185,-0.07254248112440109,-0.17052072286605835,-0.09604474157094955,-0.21471816301345825,-0.21634981036186218,0.9708985090255737,-0.2566276490688324,0.11201395094394684,-0.26558399200439453,-0.1939474642276764,0.09976176917552948,-0.2340584695339203,-0.24724464118480682,-0.07310932129621506,-0.060027822852134705,-0.2204088568687439,-0.04879613220691681,-0.036031369119882584,-0.27812373638153076,-0.27740350365638733,-0.2518536448478699,-0.2274872064590454,-0.012293589301407337,-0.042375434190034866,-0.06506141275167465,-0.2766280770301819,-0.19577449560165405,-0.25655820965766907,0.3397185504436493,-0.12637260556221008,0.3195420801639557,-0.11973170191049576,0.03655018284916878,-0.27708661556243896,-0.23287172615528107,0.2894885540008545,-0.27677422761917114,-0.21852117776870728,-0.2775871157646179,0.014080241322517395,-0.058195531368255615,-0.05771584063768387,1.0070167779922485,-0.23024676740169525,-0.08357851952314377,0.5342408418655396,-0.278276652097702,-0.21338170766830444,-0.14774920046329498,-0.130936861038208,-0.2781265676021576,-0.19839315116405487,-0.2145150601863861,1.3012917041778564,1.6850897073745728,-0.2152484655380249,-0.2716902196407318,0.23962219059467316,1.5689036846160889,-0.2760772705078125,0.5420169830322266,0.6609039902687073,-0.15584008395671844,-0.04233945533633232,-0.1796179711818695
37,601,498,613,509,-0.18916110694408417,-0.16368554532527924,-0.24414952099323273,0.9149287343025208,-0.02103559672832489,-0.23779945075511932,-0.25008127093315125,-0.2350166290998459,-0.08723294734954834,-0.2487950176000595,0.20178267359733582,-0.2102939784526825,-0.2338629961013794,0.5906363725662231,-0.12092816084623337,-0.16057908535003662,-0.049572404474020004,-0.12761183083057404,0.6305320858955383,-0.17509987950325012,-0.2664676606655121,-0.21805232763290405,0.05410408601164818,0.11543329805135727,2.750199317932129,-0.2769256830215454,-0.10144373774528503,-0.24813400208950043,-0.22038474678993225,0.4590631127357483,-0.17315329611301422,-0.17539694905281067,-0.2717652916908264,0.33864662051200867,-0.27197083830833435,-0.11749033629894257,-0.23772773146629333,-0.25101354718208313,-0.1571272611618042,-0.1029919907450676,-0.2766067683696747,-0.22403877973556519,0.31896767020225525,-0.22080391645431519,-0.12663394212722778,-0.25248947739601135,-0.08402135223150253,-0.10716384649276733,3.665637731552124,1.1826187372207642,0.753606379032135,-0.25967249274253845,-0.1153908222913742,-0.2775033116340637,-0.2514924705028534,-0.039800871163606644,-0.19088290631771088,0.06380443274974823,0.9996551275253296,-0.052863407880067825,0.4445798397064209,0.18766574561595917,0.565721869468689,-0.24986976385116577,-0.27345022559165955,-0.24988283216953278,-0.18937604129314423,-0.2666624188423157,-0.1082911416888237,0.8169624209403992,-0.1058039739727974,-0.21219731867313385,-0.24643974006175995,-0.25785890221595764,0.3571925759315491,-0.2469632774591446,-0.08668681234121323,-0.16170969605445862,-0.08766957372426987,-0.09788396209478378,-0.1433328092098236,-0.22403758764266968,-0.26706281304359436,-0.1815229058265686,0.8870216012001038,-0.27761077880859375,-0.13173574209213257,-0.0823662132024765,-0.2778928875923157,-0.22584277391433716,-0.09857109189033508,1.5202593803405762,-0.20168077945709229,-0.25254663825035095,-0.13935640454292297,-0.2254883050918579,-0.2606692612171173,-0.2258719503879547,0.13317646086215973,0.009653659537434578,-0.2577837109565735,-0.2774737477302551,-0.2219775915145874,0.04950064420700073,-0.1799657642841339,-0.03008645586669445,-0.2529223561286926,-0.12123472988605499,-0.07285789400339127,1.4158905744552612,-0.2291390746831894,-0.25726446509361267,-0.2078789621591568,-0.2767464518547058,0.8210903406143188,-0.26686781644821167,3.057509183883667,1.162394404411316,-0.2564648985862732,-0.2516818642616272,0.046921636909246445,0.03223341703414917,-0.27096396684646606,1.911922574043274,-0.24839071929454803,-0.17845676839351654,-0.1367601454257965,-0.27141931653022766
38,724,513,736,525,-0.20403365790843964,-0.25526028871536255,-0.2148774266242981,1.6905142068862915,-0.018447421491146088,1.6773438453674316,-0.27788615226745605,-0.24964912235736847,-0.18509607017040253,-0.1914546638727188,-0.2501291334629059,-0.24586553871631622,-0.21051432192325592,-0.22197368741035461,1.0124428272247314,-0.2725655138492584,-0.06981687992811203,-0.2697005569934845,-0.2076474279165268,0.5726616382598877,-0.0586959645152092,4.45085334777832,-0.21590416133403778,1.8149595260620117,5.101219654083252,-0.23340550065040588,-0.24938064813613892,-0.2507859766483307,-0.07914216816425323,-0.2651764452457428,-0.2752433121204376,-0.2510479688644409,-0.27354633808135986,-0.24622558057308197,-0.2563577890396118,-0.18242186307907104,0.9065388441085815,-0.018147733062505722,-0.2765597701072693,-0.2190794050693512,-0.2592502534389496,0.9936066269874573,0.5302844643592834,-0.20421214401721954,-0.2466932088136673,0.40201103687286377,-0.27644625306129456,1.7601308822631836,2.197784185409546,-0.1857263147830963,0.8462783098220825,2.1395814418792725,-0.22209827601909637,0.6168195605278015,-0.12294060736894608,-0.10515211522579193,-0.2681800127029419,0.29994136095046997,0.5824962854385376,-0.27337586879730225,-0.17997968196868896,-0.22122801840305328,-0.2726741433143616,-0.04627700522542,-0.2537771761417389,-0.23780199885368347,-0.2586057782173157,-0.24585343897342682,-0.06994988769292831,-0.1741306483745575,0.6468361616134644,-0.27431929111480713,-0.26055246591567993,-0.07469870150089264,-0.18672317266464233,-0.09215442091226578,-0.07929321378469467,-0.06216654181480408,-0.26407477259635925,-0.19117192924022675,3.1837358474731445,-0.27845674753189087,-0.2744429409503937,0.12866315245628357,1.2323763370513916,-0.12543682754039764,-0.13454462587833405,-0.09959222376346588,-0.24303403496742249,-0.27204859256744385,-0.27469107508659363,1.4791959524154663,-0.12452150881290436,1.0684067010879517,-0.1961880624294281,0.38056671619415283,-0.0010158232180401683,-0.2166561484336853,-0.2506318688392639,-0.26078683137893677,-0.2760353088378906,-0.030858255922794342,-0.1847541630268097,-0.2331099659204483,-0.10313786566257477,0.7258321046829224,0.17903770506381989,-0.1967310607433319,-0.2268466204404831,-0.26425185799598694,-0.18060971796512604,0.035311441868543625,-0.27585485577583313,-0.07106781750917435,-0.2524226903915405,-0.1657160520553589,-0.051462311297655106,-0.2482634037733078,-0.2182585597038269,0.12188539654016495,0.595659077167511,0.11054825037717819,-0.26644930243492126,0.6133415102958679,0.26841863989830017,-0.21758970618247986,-0.09201740473508835,0.768437922000885
39,840,417,854,429,-0.20966602861881256,-0.17526395618915558,-0.2771528959274292,1.00796377658844,-0.01669330708682537,-0.2784138321876526,-0.27318403124809265,-0.27343666553497314,-0.11068888753652573,-0.25059595704078674,0.5022946000099182,-0.27475303411483765,-0.03632236272096634,-0.06355732679367065,-0.03857488930225372,-0.18494652211666107,-0.019232749938964844,-0.09598648548126221,0.4317447245121002,-0.19589819014072418,-0.2622878849506378,-0.25549259781837463,-0.2223597764968872,0.7428197264671326,2.8923568725585938,-0.27770087122917175,-0.14341190457344055,-0.1824178546667099,-0.24250178039073944,-0.012015169486403465,-0.24015691876411438,-0.13820813596248627,-0.25592732429504395,0.4342595934867859,-0.27683812379837036,-0.16653095185756683,-0.19921903312206268,-0.225770503282547,-0.22904720902442932,-0.129866361618042,-0.23756085336208344,-0.1132778525352478,0.3863808512687683,-0.2743881642818451,-0.18602262437343597,-0.22815918922424316,-0.1237705647945404,0.810302197933197,4.534344673156738,1.9788706302642822,-0.006403034087270498,-0.27771323919296265,-0.2480279505252838,-0.2651873826980591,-0.2619575560092926,-0.011804083362221718,-0.2149421125650406,0.19792243838310242,0.15472540259361267,-0.052573904395103455,1.6767644882202148,-0.07842167466878891,0.154493048787117,-0.18975646793842316,-0.26772066950798035,-0.25861719250679016,-0.19250088930130005,-0.2747206687927246,0.25858038663864136,0.6214401721954346,-0.061927299946546555,-0.2034863382577896,-0.2764326333999634,-0.2767592966556549,-0.07941582798957825,-0.2697960436344147,-0.1455492079257965,-0.14836223423480988,-0.1837335228919983,-0.06036612391471863,0.19808754324913025,-0.2776673436164856,-0.2489018589258194,-0.127522274851799,0.7366690635681152,-0.16712547838687897,-0.08287554234266281,-0.0880669504404068,-0.27003979682922363,-0.1941678375005722,-0.13727866113185883,0.5411704182624817,-0.21506324410438538,-0.2784574329853058,-0.12276522815227509,-0.18793267011642456,-0.2747581899166107,-0.2190370112657547,-0.06143440306186676,-0.09355255961418152,-0.2623213827610016,-0.17238351702690125,-0.06134993955492973,0.3368559181690216,-0.140021413564682,0.15473754703998566,-0.20104581117630005,-0.1500432938337326,-0.16014598309993744,-0.05681373551487923,-0.26038461923599243,-0.27625229954719543,-0.2427257001399994,-0.19325004518032074,0.587939441204071,-0.24181091785430908,3.0704474449157715,1.7968785762786865,-0.26409614086151123,-0.2766001522541046,0.042261529713869095,0.382066935300827,-0.25057587027549744,1.9398748874664307,-0.04178536683320999,-0.23376737534999847,-0.10871248692274094,-0.2593030333518982
40,682,453,694,464,-0.2749275267124176,-0.15415985882282257,0.009916581213474274,0.904055655002594,-0.11821476370096207,-0.21081654727458954,-0.27715060114860535,-0.27714383602142334,-0.27798399329185486,-0.27053096890449524,0.7416181564331055,-0.19067466259002686,-0.25015202164649963,1.6273064613342285,-0.2644965648651123,-0.21216319501399994,-0.03923838585615158,-0.25758567452430725,-0.2505826950073242,-0.06653515249490738,-0.13481299579143524,-0.2778674066066742,0.8021339178085327,-0.25833311676979065,1.0573121309280396,-0.051817622035741806,0.12282825261354446,-0.0802096351981163,-0.2783600389957428,-0.24174146354198456,-0.23080992698669434,-0.0674261674284935,-0.23112551867961884,4.987480640411377,-0.2773073613643646,-0.20358781516551971,-0.20408888161182404,0.17498254776000977,-0.2514103353023529,-0.177943155169487,-0.2730257511138916,-0.195254847407341,-0.261442631483078,-0.27514925599098206,-0.24116243422031403,2.0437018871307373,0.30926844477653503,2.8843960762023926,3.0024631023406982,1.8471441268920898,-0.21079103648662567,-0.17948617041110992,2.13399076461792,-0.2049759328365326,0.007381762843579054,-0.012918197549879551,-0.26769372820854187,-0.030764520168304443,0.4758087992668152,-0.10022244602441788,-0.26909321546554565,1.7587288618087769,-0.15224546194076538,-0.2737084627151489,0.10541734099388123,-0.22531725466251373,-0.27670273184776306,-0.2761388421058655,0.11232347786426544,-0.20075738430023193,0.5143860578536987,-0.2784605324268341,-0.18675246834754944,-0.004536247346550226,-0.13884736597537994,-0.15181207656860352,0.14276517927646637,-0.22427092492580414,-0.23423096537590027,-0.07925806939601898,-0.27603134512901306,-0.2628973126411438,-0.2783612310886383,-0.27761924266815186,0.6120308041572571,-0.12933053076267242,-0.27763059735298157,-0.07497897744178772,1.0390771627426147,-0.2784600555896759,-0.15982398390769958,0.5502355098724365,0.09089212864637375,-0.2773883640766144,-0.14744701981544495,-0.25588107109069824,-0.2754755914211273,-0.23970860242843628,-0.1305467188358307,-0.014649607241153717,-0.2637426555156708,-0.15415677428245544,0.5067545771598816,1.4993736743927002,-0.23762208223342896,2.043687582015991,-0.12274522334337234,-0.11083228141069412,-0.20917938649654388,-0.27456536889076233,-0.22240091860294342,-0.27701327204704285,0.12010357528924942,-0.27824386954307556,1.018419861793518,-0.26645705103874207,3.0326290130615234,1.6452089548110962,-0.2762252688407898,0.3367064595222473,-0.05634009838104248,2.205836772918701,-0.11955953389406204,0.7873515486717224,-0.24465106427669525,1.5554372072219849,-0.2757800221443176,-0.2677620053291321
41,551,218,566,232,0.9678679704666138,-0.2773701250553131,-0.03395328298211098,0.8929028511047363,-0.013933893293142319,-0.2769586443901062,-0.21923312544822693,-0.2720034420490265,-0.2584768235683441,-0.27577710151672363,1.2662423849105835,-0.2770988941192627,-0.2438647449016571,1.4145113229751587,-0.23525069653987885,-0.18996776640415192,-0.06291044503450394,-0.194037064909935,-0.20181308686733246,-0.18161043524742126,-0.24831722676753998,-0.15324684977531433,-0.19112055003643036,-0.2751496732234955,-0.19938448071479797,-0.26824820041656494,-0.23544344305992126,-0.2753583788871765,0.6579797267913818,0.17739789187908173,-0.259772390127182,-0.11429527401924133,-0.041807014495134354,0.39595285058021545,-0.2552163600921631,-0.2654309868812561,-0.250787615776062,0.056273411959409714,-0.25192633271217346,-0.2553917467594147,-0.26088452339172363,-0.2446858137845993,-0.25788459181785583,0.057744529098272324,0.07823389023542404,-0.262728214263916,-0.2649659514427185,0.5936278700828552,0.9523543119430542,0.0688270851969719,-0.0024374662898480892,-0.1934310346841812,0.2995081841945648,-0.23153893649578094,-0.12997227907180786,-0.14071138203144073,-0.2505432367324829,0.4216214418411255,0.07621990889310837,-0.15488490462303162,0.3614983558654785,1.7015118598937988,-0.24441151320934296,-0.15620872378349304,2.841517686843872,-0.2782136797904968,-0.23539233207702637,0.33358141779899597,-0.23667284846305847,0.7622547745704651,1.9009345769882202,-0.22687210142612457,-0.26178330183029175,-0.11568749696016312,-0.07726936787366867,-0.27833279967308044,0.5667541027069092,-0.27289220690727234,-0.21287040412425995,-0.12126272171735764,-0.17186345160007477,-0.2558734118938446,-0.2746795415878296,-0.22883622348308563,-0.06635913997888565,-0.2659361660480499,-0.27776551246643066,-0.14133445918560028,0.030919991433620453,-0.2777262032032013,-0.13388989865779877,-0.08329237997531891,-0.1773657202720642,-0.2336805909872055,-0.27684786915779114,-0.20042073726654053,-0.2781529128551483,-0.19115500152111053,-0.2574901878833771,0.35613563656806946,-0.05523371323943138,0.7398022413253784,0.3266128599643707,0.5382457971572876,-0.2733730673789978,0.9043805003166199,-0.0872286856174469,-0.17233172059059143,-0.2690056264400482,0.2920352816581726,-0.255828320980072,-0.2667977809906006,-0.2245916724205017,-0.05345020815730095,0.41895294189453125,-0.2688840925693512,1.400407075881958,-0.2672375440597534,-0.2714945375919342,0.004762187134474516,-0.08654873073101044,0.1975371390581131,-0.18504878878593445,0.5533711910247803,-0.012431792914867401,-0.15825708210468292,0.5863109827041626,-0.25550413131713867
42,737,477,750,489,1.3211359977722168,-0.2780003249645233,-0.17916077375411987,0.9106884598731995,-0.019952058792114258,-0.2732437551021576,-0.028095893561840057,-0.2747114598751068,-0.25826820731163025,-0.2736814320087433,0.29980698227882385,-0.20948953926563263,0.17905016243457794,0.07616674154996872,-0.18962223827838898,-0.18982955813407898,-0.19212190806865692,-0.1232801303267479,-0.126930370926857,-0.21706706285476685,-0.27350932359695435,-0.12160779535770416,-0.11076001077890396,-0.1266546994447708,-0.016971716657280922,-0.07899414747953415,-0.2778467833995819,-0.26517704129219055,-0.04733267426490784,0.5218420028686523,-0.2183966338634491,-0.15221714973449707,0.23901191353797913,-0.04291107505559921,-0.27669602632522583,-0.2738976776599884,-0.25419801473617554,0.16110241413116455,-0.2783234417438507,-0.2784360349178314,-0.259730726480484,-0.24705344438552856,-0.211844339966774,-0.267839252948761,0.7380179762840271,-0.22971875965595245,-0.2706553339958191,0.5401749014854431,-0.09709552675485611,-0.22878201305866241,0.13486672937870026,-0.17238102853298187,-0.11477021872997284,-0.18867816030979156,-0.18851307034492493,-0.10380236059427261,-0.22459591925144196,0.3208528459072113,-0.1369469314813614,-0.2131766825914383,0.40766268968582153,1.1734967231750488,-0.24177677929401398,-0.2697829306125641,1.4986295700073242,-0.22445471584796906,-0.26205119490623474,0.09206482768058777,-0.1333995908498764,0.2780379354953766,1.9323780536651611,-0.2366837114095688,-0.26478779315948486,-0.179196298122406,-0.039823271334171295,-0.2603692412376404,0.9108365774154663,-0.2724492847919464,-0.2743318974971771,-0.0456673689186573,0.05083973705768585,-0.202336385846138,-0.23181647062301636,-0.23675306141376495,0.32888928055763245,-0.09697934240102768,-0.2707729935646057,-0.08017855137586594,0.03921273350715637,-0.2687469720840454,-0.1228228285908699,-0.0935811996459961,-0.0727134719491005,-0.24090330302715302,-0.26610058546066284,-0.24914400279521942,-0.2639393210411072,0.08985475450754166,-0.2700086236000061,0.4901858866214752,0.2771626114845276,2.132615804672241,0.1308930516242981,0.40457525849342346,-0.27818405628204346,0.14881077408790588,-0.2623003125190735,-0.07557489722967148,-0.23496569693088531,-0.16253554821014404,-0.24115854501724243,-0.2724936008453369,-0.2783096730709076,-0.0762317031621933,0.5274712443351746,-0.2626645863056183,0.03351055458188057,-0.2694224417209625,-0.24775448441505432,-0.042949751019477844,-0.06891374289989471,0.5304746627807617,-0.18501442670822144,0.5948725938796997,-0.0038140621036291122,0.04214081913232803,-0.09457553178071976,-0.1973375380039215
43,866,394,881,408,2.0046751499176025,-0.2760283052921295,-0.12137888371944427,0.8539419174194336,-0.003061004215851426,-0.2706291079521179,-0.2768186628818512,-0.2278842031955719,-0.23202967643737793,-0.2729113698005676,0.7547754645347595,-0.27523088455200195,-0.27144646644592285,1.9217036962509155,-0.2663474678993225,-0.2056647092103958,-0.025909891352057457,-0.24813321232795715,-0.0953720360994339,-0.1354503482580185,-0.17773281037807465,0.27774176001548767,-0.2777197062969208,-0.2777866721153259,-0.2715544104576111,-0.18345066905021667,-0.27467504143714905,-0.27831950783729553,0.9951345920562744,0.167138010263443,-0.18653616309165955,-0.15615251660346985,0.14537617564201355,0.29905423521995544,-0.27543094754219055,-0.26310476660728455,-0.24993965029716492,-0.010043364018201828,-0.2143898904323578,-0.23254886269569397,-0.261608362197876,-0.252693772315979,-0.15229372680187225,0.16458359360694885,0.08095937222242355,-0.26608768105506897,-0.20815590023994446,0.6466221213340759,0.27254408597946167,-0.24611084163188934,0.04512831196188927,0.4199509918689728,0.08258354663848877,-0.19029954075813293,-0.1563369482755661,-0.13009154796600342,-0.24154610931873322,0.0740339607000351,-0.11294420808553696,-0.18529288470745087,-0.061376411467790604,1.4539531469345093,-0.27843284606933594,-0.23330071568489075,4.540407180786133,-0.27689358592033386,-0.12739206850528717,0.3228333592414856,-0.27769437432289124,0.6251553893089294,3.01638126373291,-0.0893973559141159,-0.27835363149642944,-0.2702013850212097,-0.020676393061876297,-0.2784518599510193,1.3632856607437134,-0.2750782072544098,-0.15620888769626617,-0.06255806237459183,-0.06477133184671402,-0.20214316248893738,-0.26491186022758484,-0.26720166206359863,-0.013285867869853973,-0.2636265754699707,-0.21808168292045593,-0.06410788744688034,-0.16566160321235657,-0.2569897174835205,-0.06841090321540833,-0.18781481683254242,-0.2688598334789276,-0.2285444587469101,-0.2761041224002838,-0.060336511582136154,-0.27001866698265076,-0.24097676575183868,-0.2415170520544052,0.5122011303901672,0.0336947962641716,0.9060388803482056,0.5950124263763428,0.6852846145629883,-0.27833664417266846,0.5528678894042969,-0.12831787765026093,-0.1363624781370163,-0.25258126854896545,0.015176171436905861,-0.2240983098745346,-0.25116539001464844,-0.2665599584579468,0.5972928404808044,0.09532041847705841,-0.2482062429189682,0.16038121283054352,-0.24415844678878784,-0.27221110463142395,0.12798555195331573,-0.07840375602245331,-0.040155164897441864,-0.1504896879196167,0.9925158023834229,-0.11891362816095352,-0.26507312059402466,1.7447589635849,-0.23083741962909698
44,829,433,841,444,0.18528757989406586,-0.2584761083126068,0.03739427402615547,0.8693244457244873,-0.06526118516921997,-0.273209810256958,-0.19679886102676392,-0.2766910195350647,-0.2357977032661438,-0.2779454290866852,0.7001827359199524,-0.18991902470588684,0.5243995785713196,-0.0021647722460329533,-0.2187483161687851,-0.17895068228244781,-0.2784525752067566,-0.14173848927021027,-0.27832600474357605,-0.21188108623027802,-0.22024035453796387,-0.26666146516799927,0.40125107765197754,-0.11143583804368973,0.17178761959075928,-0.16946354508399963,-0.1497241109609604,-0.20782719552516937,-0.07898582518100739,0.6282472014427185,-0.1750403344631195,-0.12037105113267899,-0.03566032275557518,0.27285000681877136,-0.26588642597198486,-0.2540360689163208,-0.2693968415260315,-0.06062000244855881,-0.2776906490325928,-0.27282992005348206,-0.2620263695716858,-0.26982638239860535,-0.26449155807495117,-0.1984308958053589,0.7784873843193054,-0.27704617381095886,-0.2751219868659973,0.32877352833747864,0.244573712348938,0.4263918101787567,0.17954590916633606,-0.2514154613018036,0.05026746168732643,-0.2569003999233246,-0.22721461951732635,-0.0864289253950119,-0.23306313157081604,-0.07597694545984268,-0.06071730703115463,-0.19687287509441376,0.0349438339471817,0.8956656455993652,-0.03558878228068352,-0.2747388780117035,-0.08977513015270233,-0.017262481153011322,0.036785788834095,-0.18163436651229858,0.2477436065673828,1.251075029373169,0.33386456966400146,-0.27450820803642273,-0.17038676142692566,-0.08101026713848114,-0.167950838804245,-0.27748391032218933,0.5388432741165161,-0.27783825993537903,-0.2745865285396576,-0.1013464406132698,-0.20187577605247498,-0.23271359503269196,-0.23562026023864746,-0.2576346695423126,-0.03887380659580231,0.027779188007116318,-0.2775030732154846,-0.07082818448543549,-0.04997377470135689,-0.26919421553611755,-0.17155249416828156,0.267496794462204,0.09170936793088913,-0.21711909770965576,-0.2781175971031189,-0.2738950848579407,-0.2477649450302124,-0.0679795891046524,-0.21909375488758087,0.42446067929267883,-0.03132045269012451,0.10953769087791443,0.09692160785198212,0.535049319267273,-0.2570990025997162,-0.1934935748577118,-0.12306530028581619,-0.12614938616752625,0.15186531841754913,-0.11675218492746353,0.0954613983631134,-0.2526901364326477,-0.27837875485420227,-0.22740545868873596,0.8093657493591309,-0.2782917618751526,1.5390217304229736,-0.2577902674674988,-0.26634857058525085,-0.23641978204250336,-0.08702686429023743,0.6762112379074097,-0.2766109108924866,0.45919349789619446,-0.16094061732292175,0.8915943503379822,-0.22079598903656006,-0.25982603430747986
45,682,466,694,477,-0.21527549624443054,-0.2570187449455261,-0.2716113328933716,1.3811712265014648,-0.05796867236495018,-0.16935423016548157,-0.18257997930049896,-0.27104032039642334,-0.2494991272687912,0.35132938623428345,-0.2779899835586548,-0.19134406745433807,-0.276210218667984,-0.2658030688762665,0.6398003101348877,-0.18097417056560516,-0.09858672320842743,0.7373020648956299,-0.12914708256721497,-0.18680958449840546,-0.2761327922344208,2.680786371231079,-0.27830398082733154,4.171939373016357,1.3887126445770264,-0.26479414105415344,-0.18091394007205963,-0.27345263957977295,-0.2737515866756439,-0.2533128261566162,-0.27497661113739014,-0.10577213764190674,0.5263267755508423,0.10664983838796616,-0.27746447920799255,-0.12974093854427338,0.11573748290538788,-0.22895443439483643,-0.08618133515119553,4.563170433044434,0.0030520495492964983,0.22561098635196686,-0.13315841555595398,-0.27663716673851013,-0.2622971534729004,0.5276165008544922,-0.19413167238235474,0.9606381058692932,-0.15695716440677643,0.3889501094818115,0.1903086155653,-0.1623084992170334,-0.2673199474811554,0.5121655464172363,-0.2273481786251068,-0.05766069144010544,-0.24234119057655334,-0.18515712022781372,-0.19039371609687805,-0.2759326994419098,0.14268694818019867,-0.16728751361370087,-0.2625415027141571,-0.266621857881546,-0.2782079875469208,-0.26258954405784607,-0.13711585104465485,-0.25139981508255005,5.611610412597656,0.20992685854434967,1.6266374588012695,-0.25982242822647095,-0.1321067363023758,-0.18643464148044586,-0.23696140944957733,-0.23926347494125366,-0.22599853575229645,-0.27354004979133606,-0.16368113458156586,-0.042209647595882416,-0.0203729085624218,-0.2620357871055603,-0.27811768651008606,-0.20332160592079163,-0.2539418935775757,-0.04978577047586441,-0.028608450666069984,-0.022766374051570892,1.7274235486984253,-0.2784644365310669,-0.27825912833213806,-0.03612605854868889,-0.2706981301307678,0.01398405246436596,-0.17757396399974823,-0.2735602855682373,0.26620933413505554,-0.2757425308227539,-0.20125453174114227,-0.15499252080917358,2.294273614883423,-0.24974282085895538,1.4210739135742188,0.6989651322364807,-0.1006292924284935,-0.2750862240791321,1.9667929410934448,-0.2620576322078705,-0.23261500895023346,-0.23238803446292877,-0.08758582919836044,-0.2716100811958313,-0.20191198587417603,3.3808417320251465,-0.27371087670326233,0.6624098420143127,-0.2610305845737457,-0.1787036508321762,0.3705328404903412,0.6038867235183716,0.6343828439712524,0.5341745615005493,-0.25785598158836365,1.167481541633606,0.4157947301864624,-0.2415332943201065,-0.2525738477706909,0.452612966299057
46,730,657,741,666,-0.2581535875797272,-0.18448448181152344,-0.2328689694404602,0.8538974523544312,-0.00920050498098135,-0.26738107204437256,-0.21848636865615845,-0.2356019765138626,-0.12123531848192215,-0.24502529203891754,0.3647722601890564,-0.21778392791748047,0.017740707844495773,0.01909562759101391,-0.21898460388183594,-0.1231880933046341,-0.062235038727521896,-0.1423443704843521,0.16631898283958435,-0.1124221459031105,-0.23788489401340485,-0.26644477248191833,0.09827331453561783,-0.008761030621826649,1.0439447164535522,-0.23470354080200195,0.5813912153244019,-0.12340845912694931,0.43993163108825684,-0.007730482611805201,-0.16506314277648926,-0.10206636786460876,-0.27717891335487366,1.27414870262146,-0.27374181151390076,-0.2222784012556076,-0.23218829929828644,-0.1504831463098526,-0.26830366253852844,-0.2276664674282074,-0.26585546135902405,-0.2504884600639343,0.05269362032413483,-0.258088618516922,1.4708704948425293,-0.2774718105792999,-0.20810070633888245,-0.17929339408874512,2.7192916870117188,1.745658040046692,1.9761056900024414,0.34466251730918884,-0.2637747526168823,-0.21479719877243042,-0.22848570346832275,-0.01850254274904728,-0.2432313710451126,0.08178719878196716,-0.1896716058254242,-0.1656472533941269,-0.1835166960954666,1.3284062147140503,0.3886537551879883,-0.25979313254356384,-0.26939576864242554,-0.24698445200920105,-0.16029411554336548,-0.26722678542137146,1.1729896068572998,3.77880859375,-0.25348547101020813,-0.2771308422088623,-0.165639728307724,-0.2606416940689087,-0.04532000049948692,-0.2504625916481018,-0.010752564296126366,-0.24617362022399902,-0.25725293159484863,-0.0972045287489891,-0.2648857831954956,-0.20388135313987732,-0.20003792643547058,-0.2769065499305725,0.7483380436897278,0.005110191646963358,-0.2738747000694275,-0.10578972101211548,-0.2686157822608948,-0.2747851312160492,-0.07834925502538681,0.760898232460022,-0.18787111341953278,-0.23364600539207458,-0.2428503930568695,-0.24067500233650208,-0.21944156289100647,-0.26963284611701965,-0.20547451078891754,0.03183983266353607,-0.25537461042404175,-0.2726779282093048,-0.08102364838123322,0.3536257743835449,-0.04334430769085884,-0.2683873474597931,0.6981571316719055,-0.1538660228252411,-0.2738393247127533,0.43421027064323425,-0.21432699263095856,-0.24042432010173798,-0.24546527862548828,-0.2575283646583557,1.2137813568115234,-0.2672598958015442,2.31502366065979,-0.10241882503032684,-0.19165977835655212,-0.2775334119796753,0.059740204364061356,-0.1125807911157608,-0.26422178745269775,1.3660942316055298,-0.2525981664657593,0.07951250672340393,-0.26224324107170105,-0.27725932002067566
47,521,565,532,576,-0.23134221136569977,-0.22930309176445007,0.3839980363845825,0.9758374094963074,-0.13006992638111115,-0.2776922583580017,-0.2750117778778076,-0.27190274000167847,-0.27835819125175476,-0.2364877164363861,0.4209591746330261,-0.04121139645576477,-0.16424274444580078,2.0876455307006836,-0.270693838596344,-0.2736041843891144,-0.1655292809009552,-0.27658379077911377,1.2757681608200073,-0.14970315992832184,-0.11460701376199722,-0.2775190472602844,-0.0027324140537530184,-0.12636302411556244,3.060809373855591,-0.2408253699541092,-0.20022816956043243,-0.1980656385421753,-0.22297896444797516,0.11506456881761551,-0.2501242160797119,-0.1464347094297409,0.6669192314147949,1.028184175491333,-0.26220929622650146,-0.241067573428154,-0.27270129323005676,3.398329496383667,-0.25499582290649414,0.20564274489879608,-0.25735679268836975,-0.2015618532896042,0.03382665663957596,-0.2783301770687103,-0.1389874815940857,2.3332691192626953,-0.21424491703510284,2.450913906097412,1.5023329257965088,0.5210145711898804,0.5116360783576965,-0.15420931577682495,2.359862804412842,-0.2737530767917633,1.294440507888794,-0.051635462790727615,-0.2770887017250061,0.18340252339839935,0.8155911564826965,-0.1804787963628769,1.2017277479171753,0.20524033904075623,-0.2619851231575012,-0.27412354946136475,0.08760462701320648,-0.23049718141555786,-0.24671705067157745,-0.1618572473526001,-0.1035294309258461,-0.24708910286426544,0.6603267788887024,0.0038851373828947544,-0.19949239492416382,1.6229438781738281,-0.13912378251552582,-0.2679285407066345,-0.26430895924568176,-0.2278052121400833,-0.16094353795051575,-0.20893144607543945,0.38422146439552307,-0.2597621977329254,-0.2610180377960205,3.652316093444824,0.20281502604484558,-0.06513296812772751,-0.04879675433039665,-0.02747167833149433,4.2914509773254395,-0.21494637429714203,-0.25554755330085754,1.1961873769760132,-0.2687439024448395,-0.27782633900642395,-0.26375406980514526,-0.27144572138786316,-0.26674342155456543,-0.2578636109828949,0.04880300536751747,-0.018400967121124268,-0.1077408418059349,-0.27839767932891846,1.1410216093063354,1.0449138879776,2.3957927227020264,3.1152098178863525,-0.2735968232154846,-0.25234660506248474,-0.26876574754714966,-0.24235817790031433,-0.27301207184791565,-0.2612972855567932,1.2843403816223145,-0.26757147908210754,1.1528899669647217,-0.1300896555185318,1.7013275623321533,2.2614617347717285,-0.12009751796722412,0.1633930653333664,-0.10765168070793152,1.4544916152954102,-0.23028191924095154,1.3405042886734009,-0.2781198024749756,1.2460029125213623,-0.26263150572776794,-0.23891009390354156
48,938,593,950,605,-0.27163416147232056,-0.15634579956531525,-0.2544119954109192,0.8587863445281982,-0.021202730014920235,-0.27322372794151306,-0.15031766891479492,-0.2580849826335907,-0.1674003005027771,-0.24807481467723846,0.8123903870582581,-0.266345351934433,0.0371854305267334,0.227402463555336,-0.0020504307467490435,-0.16770821809768677,-0.03611677512526512,-0.1654583215713501,0.34672990441322327,-0.17253439128398895,-0.15751539170742035,-0.24544349312782288,-0.06185552850365639,0.15753449499607086,1.9334890842437744,-0.24289554357528687,-0.1335974931716919,-0.14887146651744843,-0.2766093313694,0.2858732044696808,-0.26420333981513977,-0.14680422842502594,-0.2782039940357208,0.35047829151153564,-0.2767406105995178,-0.17827221751213074,-0.26879438757896423,-0.27808743715286255,-0.22385866940021515,-0.169766366481781,-0.23746256530284882,-0.2383836805820465,0.17648816108703613,-0.2762095332145691,0.026516597718000412,-0.2555355131626129,-0.1333247423171997,0.7502220273017883,2.92393159866333,1.6654585599899292,-0.0983564481139183,-0.24704767763614655,-0.1424500048160553,-0.277364581823349,-0.25225940346717834,-0.01869804412126541,-0.22422218322753906,-0.03913303464651108,0.09124967455863953,-0.05554763972759247,1.813477873802185,0.2615407407283783,0.39286938309669495,-0.27688145637512207,-0.2734190821647644,-0.14982464909553528,-0.06455400586128235,-0.272887647151947,0.175404891371727,0.8481783270835876,-0.026373760774731636,-0.23085537552833557,-0.24534790217876434,-0.2684268057346344,-0.026064535602927208,-0.27832281589508057,-0.24089226126670837,-0.1753614842891693,-0.20520885288715363,-0.037097617983818054,0.09607701748609543,-0.24785059690475464,-0.22135673463344574,-0.02032739855349064,0.5103428363800049,-0.2352985143661499,-0.14426888525485992,-0.06430037319660187,-0.2765375077724457,-0.2091522365808487,-0.09911128878593445,0.5282513499259949,-0.2682625353336334,-0.23620963096618652,-0.14936769008636475,-0.23781083524227142,-0.2784004211425781,-0.25704634189605713,-0.09126397222280502,0.1486639827489853,-0.27752745151519775,-0.2709476947784424,-0.00010443133214721456,0.461652934551239,-0.16378390789031982,-0.03682940825819969,-0.21118471026420593,-0.2043762356042862,-0.13682954013347626,0.009581731632351875,-0.27802273631095886,-0.2565109133720398,-0.2660919427871704,-0.12319853901863098,0.8370442390441895,-0.26843756437301636,3.232252359390259,1.0897746086120605,-0.27757778763771057,-0.2783397138118744,-0.005388366524130106,0.5384275317192078,-0.27814623713493347,1.957253098487854,-0.18228018283843994,0.14824876189231873,-0.16469016671180725,-0.27481287717819214
49,946,573,960,586,0.6915944814682007,-0.2539980709552765,-0.12445756793022156,1.026276707649231,-0.08139344304800034,-0.2754868268966675,0.51414555311203,-0.2278665453195572,-0.25704801082611084,-0.14129911363124847,0.316188782453537,-0.23069429397583008,0.19071488082408905,0.11329805105924606,0.04776570200920105,-0.14221704006195068,-0.2713751494884491,-0.23154602944850922,-0.23022033274173737,-0.24890011548995972,-0.27808234095573425,0.3354235887527466,0.03107277676463127,0.16674593091011047,0.14575548470020294,-0.1898527890443802,0.0007415839354507625,-0.26245489716529846,0.22910737991333008,0.12207771837711334,-0.17528077960014343,-0.2653287351131439,0.1296767145395279,0.3011694848537445,-0.20714214444160461,-0.2783892750740051,-0.22940531373023987,-0.1568882316350937,-0.25022396445274353,-0.23826423287391663,-0.27801814675331116,-0.17443101108074188,-0.27769672870635986,-0.1511233001947403,1.1510695219039917,-0.17234793305397034,-0.1119406446814537,0.8063753843307495,0.24042311310768127,-0.0937136635184288,0.29118528962135315,0.14798790216445923,-0.009509888477623463,-0.06323534995317459,-0.17192040383815765,-0.17198537290096283,-0.27845877408981323,0.06570114195346832,0.04584392160177231,-0.2665257751941681,0.44432902336120605,0.9071136713027954,-0.0537610687315464,-0.25021812319755554,1.186692476272583,-0.22807887196540833,-0.2723034620285034,0.0226872768253088,0.2695194184780121,0.45308440923690796,1.5737439393997192,-0.2693459689617157,-0.23344214260578156,-0.17010903358459473,-0.06256993860006332,-0.27556705474853516,0.4464111626148224,-0.27755141258239746,-0.23133231699466705,-0.17892113327980042,0.11146482080221176,-0.2773526906967163,-0.2705710232257843,-0.2724471986293793,0.3438785672187805,-0.23296836018562317,-0.26825982332229614,-0.18797634541988373,0.03012870065867901,-0.267973393201828,-0.22896699607372284,-0.022863993421196938,-0.015316372737288475,-0.26803261041641235,-0.2750660479068756,-0.22953905165195465,-0.2007749229669571,0.3414415419101715,-0.2765001654624939,0.2330668419599533,0.28827404975891113,1.1043435335159302,0.13256309926509857,0.39079055190086365,-0.25636717677116394,0.07977253198623657,0.16464193165302277,-0.2516043782234192,-0.2129930853843689,-0.11152505874633789,-0.11941101402044296,-0.2780524790287018,-0.26214709877967834,0.04068084806203842,0.29468926787376404,-0.2513211667537689,-0.03883611410856247,-0.2781388759613037,-0.2739659547805786,0.13701468706130981,-0.022818338125944138,0.6773853302001953,-0.2692011296749115,0.6570069789886475,0.0019514682935550809,0.04958634823560715,-0.047600921243429184,-0.15533025562763214
50,505,561,518,573,-0.23537485301494598,-0.16684779524803162,-0.2722415030002594,0.949389636516571,-0.004336078185588121,-0.22767212986946106,-0.226340189576149,-0.2593669295310974,-0.07068824023008347,-0.2515449821949005,2.381760358810425,-0.16804277896881104,0.49909770488739014,0.14029482007026672,-0.275862455368042,-0.22999809682369232,-0.04453049600124359,-0.08641968667507172,-0.149476557970047,-0.13095028698444366,-0.2607680857181549,-0.20736221969127655,0.09069445729255676,-0.05981261655688286,3.0235323905944824,-0.263047456741333,1.8368829488754272,-0.2339986264705658,-0.06301838904619217,-0.26429322361946106,-0.10288030654191971,-0.07904718071222305,-0.2769485414028168,1.9849756956100464,-0.27829113602638245,-0.11448698490858078,-0.14932982623577118,-0.15369519591331482,-0.1172354444861412,-0.16888046264648438,-0.2502903342247009,-0.16151051223278046,0.7818753719329834,0.17284780740737915,0.050387781113386154,-0.2725396752357483,-0.11910975724458694,0.7278863787651062,4.058078765869141,2.377995491027832,0.4976135790348053,-0.13519489765167236,-0.24296841025352478,0.07422467321157455,-0.0806221067905426,-0.005765449721366167,-0.23935730755329132,0.40142717957496643,0.02186218462884426,-0.08160132169723511,-0.26371240615844727,0.4891641438007355,0.63564133644104,-0.26952481269836426,-0.2768123149871826,-0.2062089443206787,-0.23863312602043152,-0.2743667662143707,0.8083109855651855,2.763284683227539,-0.17576473951339722,-0.09220679849386215,-0.23132459819316864,-0.27685755491256714,-0.05220896005630493,-0.27477359771728516,-0.14527073502540588,-0.15565384924411774,-0.2592746913433075,-0.06394492834806442,-0.27827000617980957,-0.27064377069473267,-0.23165516555309296,-0.20884019136428833,-0.24804598093032837,-0.08560632169246674,-0.11044398695230484,-0.1197083368897438,-0.24583114683628082,-0.2327255755662918,-0.11764019727706909,0.3392663896083832,-0.181695356965065,-0.277554988861084,-0.15976208448410034,-0.16633488237857819,-0.2555420696735382,-0.10972030460834503,-0.11599405854940414,-0.15075664222240448,-0.2733784317970276,-0.26038628816604614,2.2505931854248047,0.1603458970785141,-0.037337299436330795,-0.22317421436309814,0.42037782073020935,-0.08773840218782425,-0.1908838152885437,-0.22239041328430176,-0.19899475574493408,-0.27587178349494934,-0.21773302555084229,-0.2784627676010132,0.5717374682426453,-0.2784634530544281,1.265731930732727,-0.10683364421129227,-0.0035752577241510153,-0.26912251114845276,-0.009180599823594093,0.1352790743112564,-0.2301235795021057,1.8813221454620361,-0.24101105332374573,-0.2020716518163681,-0.22720904648303986,-0.2724199593067169
51,854,407,868,420,-0.2395949810743332,-0.1101476326584816,-0.08273400366306305,1.4367327690124512,-0.02076776511967182,-0.1424277126789093,-0.11471232026815414,-0.2768944501876831,-0.16099287569522858,-0.278380811214447,1.0542365312576294,-0.2778222858905792,-0.20812688767910004,4.900246620178223,-0.26189640164375305,-0.2188812494277954,-0.0007253381772898138,-0.1118534579873085,-0.2680375874042511,-0.27762070298194885,-0.19073942303657532,0.6996170878410339,-0.24042852222919464,-0.24407730996608734,-0.20135314762592316,-0.20513959228992462,-0.11273930966854095,-0.26519039273262024,0.24042987823486328,-0.27569836378097534,-0.13695093989372253,-0.059608738869428635,-0.251496821641922,0.5877090692520142,-0.26694971323013306,-0.2642475664615631,0.6453241109848022,-0.1474214792251587,-0.20402741432189941,-0.25841575860977173,-0.19912868738174438,0.5390434861183167,0.4405127465724945,0.42767518758773804,-0.1905057430267334,-0.22257186472415924,-0.2391379028558731,0.717238187789917,4.968409538269043,0.23554153740406036,-0.0366164855659008,-0.17780975997447968,-0.2751404941082001,0.04211108013987541,-0.13071829080581665,-0.13141074776649475,-0.2732187509536743,2.3182520866394043,0.9837652444839478,-0.04132821410894394,-0.25616008043289185,0.7808725833892822,-0.014251979999244213,-0.2762710452079773,4.212904453277588,-0.26624491810798645,-0.10226425528526306,0.3445774018764496,-0.23083984851837158,0.25558117032051086,0.7556433081626892,-0.24433207511901855,-0.27164965867996216,-0.1803928166627884,-0.1563069075345993,-0.08403602242469788,0.15524740517139435,-0.20959360897541046,0.7601178884506226,-0.027817338705062866,0.18068841099739075,-0.23564013838768005,-0.276333749294281,-0.27845901250839233,-0.27786415815353394,-0.03265281766653061,-0.09581375122070312,-0.2661004662513733,-0.2784644365310669,-0.2715618312358856,-0.27458932995796204,0.31367695331573486,-0.27495279908180237,0.44078218936920166,-0.20071959495544434,-0.0012911866651847959,-0.17742088437080383,-0.07782874256372452,1.1726933717727661,-0.25086653232574463,-0.27826982736587524,-0.24461109936237335,0.3861968219280243,0.09522411972284317,-0.10479964315891266,2.4919233322143555,-0.1003541499376297,-0.15297675132751465,-0.1938098818063736,-0.025820840150117874,-0.14704979956150055,-0.23011773824691772,-0.2766454219818115,-0.24201272428035736,-0.27832239866256714,-0.27290764451026917,0.10812173038721085,0.00724395178258419,-0.06992726027965546,-0.053790509700775146,0.25599515438079834,-0.11740483343601227,-0.05773703753948212,-0.14882506430149078,0.45968198776245117,-0.10629153996706009,-0.27846404910087585,-0.22817665338516235
52,344,426,357,438,0.7775325775146484,-0.27794134616851807,0.0532129630446434,0.8718442916870117,-0.015797946602106094,-0.2768535315990448,-0.18827670812606812,-0.2618025541305542,-0.25606006383895874,-0.2733989655971527,1.4573532342910767,-0.2657822072505951,-0.24676194787025452,1.536446452140808,-0.24224090576171875,-0.2256462275981903,-0.06394266337156296,-0.13476814329624176,-0.2612079977989197,-0.16936515271663666,-0.2590729296207428,-0.20718111097812653,-0.20100820064544678,-0.2784442901611328,-0.24895763397216797,-0.27429577708244324,-0.18498440086841583,-0.2784633934497833,1.0135443210601807,0.14086948335170746,-0.2434229999780655,-0.10054732114076614,-0.03454400599002838,0.5227260589599609,-0.25359997153282166,-0.26340240240097046,-0.24897941946983337,-0.14528785645961761,-0.26520198583602905,-0.2773752808570862,-0.26184675097465515,-0.2366550862789154,-0.2686033546924591,0.16740424931049347,0.24502822756767273,-0.27642494440078735,-0.2767157554626465,0.7130031585693359,1.482446551322937,0.373563677072525,-0.05551658570766449,-0.20505893230438232,0.2438109666109085,-0.18572154641151428,-0.2182292640209198,-0.17346566915512085,-0.26422908902168274,0.41913774609565735,0.08070749044418335,-0.1396740972995758,0.8169825077056885,1.9242377281188965,-0.24158413708209991,0.09635462611913681,3.199967384338379,-0.27557796239852905,-0.26605528593063354,0.20050065219402313,-0.26900389790534973,1.2935090065002441,1.7961219549179077,-0.22021237015724182,-0.27654677629470825,-0.021081984043121338,-0.08603572845458984,-0.27312061190605164,0.572039783000946,-0.278355211019516,-0.14792440831661224,-0.1991002857685089,-0.2289278507232666,-0.26434963941574097,-0.2759976387023926,-0.2489584982395172,-0.11374359577894211,-0.2764922082424164,-0.2782229781150818,-0.11171076446771622,-0.14039939641952515,-0.24578355252742767,-0.1227991059422493,-0.14412331581115723,-0.2278832346200943,-0.23139634728431702,-0.27731114625930786,-0.16845999658107758,-0.2778039574623108,-0.11543986201286316,-0.2415320724248886,0.28335657715797424,-0.14347359538078308,0.26933351159095764,0.38350868225097656,0.8256529569625854,-0.254083514213562,0.7662786245346069,0.043987780809402466,-0.2128550261259079,-0.2717546820640564,0.22072118520736694,-0.2335926741361618,-0.2643890678882599,-0.23497699201107025,0.06757836788892746,0.4413512647151947,-0.2666013836860657,1.8772035837173462,-0.2661493718624115,-0.2530616223812103,-0.0084530645981431,-0.09410334378480911,0.13111844658851624,-0.18426194787025452,0.9193633794784546,-0.009393971413373947,-0.1265658736228943,0.6488447189331055,-0.2609378397464752
53,337,430,349,442,0.7775325775146484,-0.27794134616851807,0.0532129630446434,0.8718442916870117,-0.015797946602106094,-0.2768535315990448,-0.18827670812606812,-0.2618025541305542,-0.25606006383895874,-0.2733989655971527,1.4573532342910767,-0.2657822072505951,-0.24676194787025452,1.536446452140808,-0.24224090576171875,-0.2256462275981903,-0.06394266337156296,-0.13476814329624176,-0.2612079977989197,-0.16936515271663666,-0.2590729296207428,-0.20718111097812653,-0.20100820064544678,-0.2784442901611328,-0.24895763397216797,-0.27429577708244324,-0.18498440086841583,-0.2784633934497833,1.0135443210601807,0.14086948335170746,-0.2434229999780655,-0.10054732114076614,-0.03454400599002838,0.5227260589599609,-0.25359997153282166,-0.26340240240097046,-0.24897941946983337,-0.14528785645961761,-0.26520198583602905,-0.2773752808570862,-0.26184675097465515,-0.2366550862789154,-0.2686033546924591,0.16740424931049347,0.24502822756767273,-0.27642494440078735,-0.2767157554626465,0.7130031585693359,1.482446551322937,0.373563677072525,-0.05551658570766449,-0.20505893230438232,0.2438109666109085,-0.18572154641151428,-0.2182292640209198,-0.17346566915512085,-0.26422908902168274,0.41913774609565735,0.08070749044418335,-0.1396740972995758,0.8169825077056885,1.9242377281188965,-0.24158413708209991,0.09635462611913681,3.199967384338379,-0.27557796239852905,-0.26605528593063354,0.20050065219402313,-0.26900389790534973,1.2935090065002441,1.7961219549179077,-0.22021237015724182,-0.27654677629470825,-0.021081984043121338,-0.08603572845458984,-0.27312061190605164,0.572039783000946,-0.278355211019516,-0.14792440831661224,-0.1991002857685089,-0.2289278507232666,-0.26434963941574097,-0.2759976387023926,-0.2489584982395172,-0.11374359577894211,-0.2764922082424164,-0.2782229781150818,-0.11171076446771622,-0.14039939641952515,-0.24578355252742767,-0.1227991059422493,-0.14412331581115723,-0.2278832346200943,-0.23139634728431702,-0.27731114625930786,-0.16845999658107758,-0.2778039574623108,-0.11543986201286316,-0.2415320724248886,0.28335657715797424,-0.14347359538078308,0.26933351159095764,0.38350868225097656,0.8256529569625854,-0.254083514213562,0.7662786245346069,0.043987780809402466,-0.2128550261259079,-0.2717546820640564,0.22072118520736694,-0.2335926741361618,-0.2643890678882599,-0.23497699201107025,0.06757836788892746,0.4413512647151947,-0.2666013836860657,1.8772035837173462,-0.2661493718624115,-0.2530616223812103,-0.0084530645981431,-0.09410334378480911,0.13111844658851624,-0.18426194787025452,0.9193633794784546,-0.009393971413373947,-0.1265658736228943,0.6488447189331055,-0.2609378397464752
54,514,355,525,365,-0.15524086356163025,-0.2098769247531891,-0.20414692163467407,1.6256523132324219,-0.13752278685569763,0.3407718539237976,-0.19359470903873444,-0.27780860662460327,-0.12364966422319412,-0.27157121896743774,-0.27618205547332764,-0.05182046815752983,-0.1991845816373825,2.8716511726379395,1.9300600290298462,-0.2610805928707123,-0.035604946315288544,0.2243707776069641,-0.27490612864494324,0.7010069489479065,-0.08969052881002426,4.5352396965026855,-0.25273531675338745,-0.2570277452468872,5.534950256347656,-0.1561351865530014,-0.15318912267684937,-0.2367645651102066,-0.17323604226112366,-0.19185806810855865,-0.2305249273777008,-0.26481619477272034,-0.10725168138742447,0.13944052159786224,-0.2783689498901367,-0.25366339087486267,0.6720923781394958,-0.02387995831668377,-0.2768386900424957,-0.2755410969257355,-0.26263752579689026,0.5978902578353882,1.0074102878570557,-0.2631504237651825,-0.26259052753448486,0.8190621137619019,-0.23683474957942963,1.1115000247955322,-0.10311457514762878,-0.24649493396282196,1.1851047277450562,0.9117504954338074,-0.2741122543811798,0.05971590057015419,-0.08894293755292892,-0.07477451860904694,-0.1494792103767395,-0.2784343361854553,1.005438208580017,-0.2749398350715637,-0.23971684277057648,-0.23100808262825012,0.016125503927469254,-0.27768728137016296,-0.2766419053077698,-0.2508811950683594,-0.27618318796157837,-0.27762746810913086,-0.18644042313098907,-0.24813266098499298,0.8003455996513367,-0.24717502295970917,-0.2693350613117218,-0.0607987679541111,0.9289689660072327,-0.2708050608634949,-0.1338435709476471,-0.13583603501319885,-0.22627757489681244,-0.16226887702941895,1.621856927871704,-0.22139228880405426,-0.2762119174003601,-0.2780646085739136,-0.007680351380258799,-0.034753065556287766,-0.16888809204101562,-0.07419002056121826,-0.16370682418346405,-0.27804458141326904,-0.2784537971019745,0.6277923583984375,-0.13955099880695343,1.0187699794769287,-0.2537251114845276,0.009416952729225159,0.03405836597084999,-0.21128162741661072,0.053746674209833145,-0.22648102045059204,0.17305384576320648,-0.10466466099023819,0.3625180721282959,-0.15342316031455994,-0.04557890444993973,-0.26068323850631714,1.5418037176132202,-0.162399560213089,0.3553692400455475,-0.27444949746131897,-0.14037591218948364,-0.21129947900772095,-0.16565796732902527,1.4251996278762817,-0.2174925059080124,0.045770447701215744,-0.06884157657623291,-0.24780242145061493,0.2294752597808838,0.7998537421226501,0.7522535920143127,0.5309809446334839,-0.2581580579280853,1.2790719270706177,-0.25121232867240906,-0.23112502694129944,-0.07386443018913269,0.6371383666992188
55,460,584,472,596,0.46832698583602905,-0.27794283628463745,0.2338787019252777,0.9041480422019958,-0.050349581986665726,-0.27600350975990295,-0.21254971623420715,-0.2613832652568817,-0.25089988112449646,-0.24904152750968933,1.0105931758880615,-0.2705450654029846,0.2468450516462326,0.38766369223594666,-0.18577277660369873,-0.14638523757457733,-0.25040170550346375,-0.17479413747787476,-0.2715285122394562,-0.23690113425254822,-0.26615482568740845,-0.22923241555690765,0.22608426213264465,-0.18800251185894012,0.026354476809501648,-0.17894254624843597,-0.1631208062171936,-0.268953800201416,0.23989954590797424,0.5402852892875671,-0.1913612186908722,-0.12423771619796753,-0.03259475901722908,0.20029480755329132,-0.25812700390815735,-0.2706516683101654,-0.25138139724731445,0.09971699863672256,-0.27731770277023315,-0.26227954030036926,-0.26429247856140137,-0.25173091888427734,-0.264262318611145,-0.015875892713665962,0.6792013645172119,-0.27193254232406616,-0.264001727104187,0.5008682012557983,0.3950273096561432,0.1922885924577713,0.1742006242275238,-0.2230684608221054,0.08050397038459778,-0.24731802940368652,-0.18700814247131348,-0.1623167246580124,-0.25926053524017334,0.08940285444259644,0.0713706910610199,-0.20811018347740173,0.22719059884548187,1.3380416631698608,-0.19105041027069092,-0.1816706359386444,0.8771569728851318,-0.12104412168264389,-0.22627685964107513,0.13051483035087585,-0.11518509685993195,0.9989534020423889,0.9571554064750671,-0.25549519062042236,-0.20142526924610138,0.007554343435913324,-0.10036130249500275,-0.26637378334999084,0.3989351689815521,-0.2760336697101593,-0.2706531286239624,-0.15511994063854218,-0.13655628263950348,-0.26909303665161133,-0.27140307426452637,-0.2503202259540558,-0.1786019653081894,0.026920858770608902,-0.2672070562839508,-0.1641603708267212,0.05600195750594139,-0.26357707381248474,-0.1976819932460785,-0.07678534090518951,-0.024190591648221016,-0.2329948991537094,-0.27660423517227173,-0.2603929340839386,-0.25721675157546997,0.0882834941148758,-0.17757128179073334,0.34435737133026123,-0.017197249457240105,0.5652893781661987,0.255209743976593,0.6474493741989136,-0.2780457139015198,0.14759467542171478,-0.03492291644215584,-0.1616295725107193,0.09310135990381241,0.12743209302425385,-0.25786080956459045,-0.2751815617084503,-0.278274804353714,-0.15589562058448792,0.6239160895347595,-0.27400460839271545,1.5277403593063354,-0.27414464950561523,-0.27694079279899597,-0.18223507702350616,-0.09810749441385269,0.3980419337749481,-0.26429370045661926,0.32127735018730164,-0.043385908007621765,0.25958430767059326,-0.09060218185186386,-0.2446681261062622
56,928,614,938,622,-0.23706932365894318,-0.15138687193393707,-0.21830248832702637,1.6351051330566406,-0.14652077853679657,-0.2082241326570511,-0.18511691689491272,-0.23706144094467163,-0.14032737910747528,-0.2189430445432663,-0.23095346987247467,-0.13518206775188446,-0.18557123839855194,5.340347766876221,1.418858528137207,-0.24155257642269135,-0.09894280135631561,0.8626468777656555,-0.24330106377601624,-0.2784643769264221,-0.19281060993671417,3.8153610229492188,-0.2784099578857422,-0.2621389329433441,1.3968636989593506,-0.126676544547081,-0.05686229467391968,-0.21745538711547852,-0.19146384298801422,-0.278387188911438,-0.2766439914703369,-0.2666923701763153,-0.2212902307510376,0.03670380264520645,-0.25361981987953186,-0.2782406210899353,0.4484628438949585,-0.07995995134115219,-0.27787765860557556,-0.24407292902469635,-0.26817750930786133,0.4502273201942444,0.3413880467414856,-0.24023932218551636,-0.16473248600959778,1.0256125926971436,-0.24178293347358704,0.13207288086414337,-0.20634493231773376,-0.17831379175186157,1.1900140047073364,-0.2484416961669922,-0.17871396243572235,-0.20141804218292236,0.6955100893974304,-0.24158158898353577,-0.24033378064632416,-0.1262894570827484,0.29900702834129333,-0.2753289043903351,-0.16982072591781616,-0.03489576280117035,0.3387094736099243,-0.277843713760376,2.602684736251831,0.07813923805952072,-0.019286833703517914,-0.05067627504467964,-0.2784588932991028,-0.2658555507659912,0.008103296160697937,-0.1682434231042862,0.010736720636487007,-0.1827671080827713,0.9213992357254028,-0.2770296037197113,-0.2386883795261383,-0.2746119797229767,-0.05637776851654053,-0.16923868656158447,0.9837197065353394,-0.2551089823246002,-0.27754780650138855,-0.23640082776546478,-0.23417440056800842,-0.09031455963850021,-0.20707066357135773,-0.16192303597927094,2.4809720516204834,-0.19950497150421143,-0.2672756314277649,-0.16269157826900482,-0.253746896982193,0.8607663512229919,-0.2637495696544647,-0.26755669713020325,0.856506884098053,-0.12323151528835297,0.7398152351379395,-0.21620050072669983,2.1466383934020996,-0.043697092682123184,0.059483662247657776,-0.17763978242874146,-0.09335613250732422,-0.21517091989517212,2.652740240097046,-0.23141923546791077,-0.2412114143371582,0.1701411008834839,-0.11432269215583801,-0.14783525466918945,-0.1437372863292694,2.1874375343322754,-0.23762331902980804,0.0684647411108017,-0.2633760869503021,-0.15482166409492493,1.0066580772399902,1.1596920490264893,0.7987589836120605,0.08725810796022415,-0.24790965020656586,0.7181034088134766,-0.26394104957580566,-0.18054015934467316,-0.1555451899766922,0.5990492701530457
57,672,461,683,471,-0.2749275267124176,-0.15415985882282257,0.009916581213474274,0.904055655002594,-0.11821476370096207,-0.21081654727458954,-0.27715060114860535,-0.27714383602142334,-0.27798399329185486,-0.27053096890449524,0.7416181564331055,-0.19067466259002686,-0.25015202164649963,1.6273064613342285,-0.2644965648651123,-0.21216319501399994,-0.03923838585615158,-0.25758567452430725,-0.2505826950073242,-0.06653515249490738,-0.13481299579143524,-0.2778674066066742,0.8021339178085327,-0.25833311676979065,1.0573121309280396,-0.051817622035741806,0.12282825261354446,-0.0802096351981163,-0.2783600389957428,-0.24174146354198456,-0.23080992698669434,-0.0674261674284935,-0.23112551867961884,4.987480640411377,-0.2773073613643646,-0.20358781516551971,-0.20408888161182404,0.17498254776000977,-0.2514103353023529,-0.177943155169487,-0.2730257511138916,-0.195254847407341,-0.261442631483078,-0.27514925599098206,-0.24116243422031403,2.0437018871307373,0.30926844477653503,2.8843960762023926,3.0024631023406982,1.8471441268920898,-0.21079103648662567,-0.17948617041110992,2.13399076461792,-0.2049759328365326,0.007381762843579054,-0.012918197549879551,-0.26769372820854187,-0.030764520168304443,0.4758087992668152,-0.10022244602441788,-0.26909321546554565,1.7587288618087769,-0.15224546194076538,-0.2737084627151489,0.10541734099388123,-0.22531725466251373,-0.27670273184776306,-0.2761388421058655,0.11232347786426544,-0.20075738430023193,0.5143860578536987,-0.2784605324268341,-0.18675246834754944,-0.004536247346550226,-0.13884736597537994,-0.15181207656860352,0.14276517927646637,-0.22427092492580414,-0.23423096537590027,-0.07925806939601898,-0.27603134512901306,-0.2628973126411438,-0.2783612310886383,-0.27761924266815186,0.6120308041572571,-0.12933053076267242,-0.27763059735298157,-0.07497897744178772,1.0390771627426147,-0.2784600555896759,-0.15982398390769958,0.5502355098724365,0.09089212864637375,-0.2773883640766144,-0.14744701981544495,-0.25588107109069824,-0.2754755914211273,-0.23970860242843628,-0.1305467188358307,-0.014649607241153717,-0.2637426555156708,-0.15415677428245544,0.5067545771598816,1.4993736743927002,-0.23762208223342896,2.043687582015991,-0.12274522334337234,-0.11083228141069412,-0.20917938649654388,-0.27456536889076233,-0.22240091860294342,-0.27701327204704285,0.12010357528924942,-0.27824386954307556,1.018419861793518,-0.26645705103874207,3.0326290130615234,1.6452089548110962,-0.2762252688407898,0.3367064595222473,-0.05634009838104248,2.205836772918701,-0.11955953389406204,0.7873515486717224,-0.24465106427669525,1.5554372072219849,-0.2757800221443176,-0.2677620053291321
58,528,351,542,363,-0.11530572175979614,-0.27838361263275146,-0.2752658426761627,1.0081427097320557,-0.19103366136550903,-0.27599024772644043,-0.08954017609357834,-0.26323848962783813,-0.22913995385169983,-0.2190026044845581,-0.19084180891513824,-0.22604411840438843,0.0390414260327816,0.30253246426582336,-0.05332513153553009,-0.03271495923399925,-0.19623158872127533,-0.23800253868103027,-0.20443330705165863,-0.2663689851760864,-0.24667467176914215,-0.09985771775245667,1.0716274976730347,0.07938911765813828,0.525054931640625,-0.2052966058254242,-0.19953976571559906,-0.2765847444534302,-0.27811720967292786,1.5980640649795532,-0.2776653468608856,-0.16965574026107788,0.033635932952165604,-0.08866667002439499,-0.27473992109298706,-0.22331994771957397,-0.21195527911186218,-0.19694970548152924,-0.27005133032798767,-0.27844151854515076,-0.23746924102306366,-0.24266020953655243,-0.27627435326576233,-0.27777451276779175,0.15275277197360992,-0.19529302418231964,-0.19421781599521637,-0.2749437987804413,0.08414513617753983,-0.01595345139503479,1.480832576751709,-0.0535457581281662,0.3869340717792511,-0.21621529757976532,-0.10334936529397964,-0.21965211629867554,-0.24768580496311188,0.6521291732788086,1.121606469154358,-0.2478914111852646,-0.17574599385261536,1.2606033086776733,0.11865492165088654,-0.2481222152709961,-0.03664185479283333,-0.07594358921051025,-0.2020871788263321,0.43109533190727234,-0.10933106392621994,0.4796605408191681,0.5214807987213135,-0.25566843152046204,0.28231650590896606,-0.14482222497463226,0.2194543182849884,-0.170142263174057,-0.26085135340690613,-0.27481144666671753,-0.14562176167964935,-0.1409410834312439,0.16087643802165985,-0.22139035165309906,-0.26327604055404663,-0.26139500737190247,1.0174038410186768,1.06441330909729,-0.1979386955499649,-0.1290624886751175,0.27318325638771057,-0.20393142104148865,-0.20939858257770538,1.5972598791122437,-0.13013014197349548,-0.26771581172943115,-0.2766472101211548,-0.2770015299320221,0.03885413706302643,-0.14494910836219788,-0.11844273656606674,0.337191104888916,-0.1736176460981369,0.6141175031661987,-0.1840723603963852,0.18923012912273407,-0.18936847150325775,0.15398673713207245,-0.23281565308570862,-0.12780903279781342,0.13841921091079712,1.0473265647888184,-0.23943829536437988,-0.27186721563339233,-0.2764008343219757,-0.25374290347099304,0.4862174391746521,-0.2637479603290558,0.19552622735500336,-0.18344858288764954,-0.27194127440452576,-0.11355157941579819,0.0009196666069328785,0.15820029377937317,-0.2558738887310028,0.5509179830551147,-0.1403113305568695,0.06954789906740189,-0.27841824293136597,-0.17830339074134827
59,484,559,495,569,-0.16741831600666046,-0.20412197709083557,0.25873562693595886,0.9110665321350098,-0.029876653105020523,-0.2671028673648834,-0.2745603621006012,-0.2765130400657654,-0.19803722202777863,-0.2783932685852051,1.3873655796051025,-0.2774069607257843,-0.1638510823249817,2.1425116062164307,-0.1597270518541336,-0.11012471467256546,-0.025338735431432724,-0.1739421784877777,0.3814619481563568,-0.14443135261535645,-0.24396172165870667,-0.26575174927711487,-0.13660019636154175,-0.2779986560344696,0.02160501480102539,-0.2711811661720276,0.005293018650263548,-0.27512073516845703,0.35039836168289185,-0.0533401258289814,-0.27655160427093506,-0.10931612551212311,-0.2780427932739258,0.6270535588264465,-0.2544473111629486,-0.2320510894060135,-0.22601069509983063,-0.243942990899086,-0.25096395611763,-0.19879353046417236,-0.21977931261062622,-0.19565311074256897,0.01229633018374443,0.06930501759052277,-0.1405622959136963,-0.26981204748153687,-0.23912717401981354,0.6276249289512634,2.964351177215576,1.0966036319732666,-0.1461673229932785,-0.2777417302131653,0.7062245011329651,-0.27731257677078247,-0.2679305076599121,-0.17128930985927582,-0.26461169123649597,0.13822370767593384,0.3914327025413513,-0.06819804012775421,1.1676874160766602,1.7779237031936646,-0.060593027621507645,-0.1199168935418129,1.95097815990448,-0.2672417461872101,-0.2780720889568329,0.24041549861431122,-0.27844861149787903,1.062975525856018,0.7064698934555054,-0.10726381093263626,-0.27272751927375793,-0.18721903860569,-0.04332299903035164,-0.267477810382843,-0.07748618721961975,-0.24992938339710236,-0.2698632776737213,-0.20589128136634827,-0.0940888524055481,-0.2782479226589203,-0.2783866226673126,-0.07124007493257523,-0.1816849559545517,-0.27692240476608276,-0.2465532273054123,-0.2764042615890503,-0.27557700872421265,-0.27733808755874634,-0.1425033062696457,-0.050611712038517,-0.2769312858581543,-0.2467658817768097,-0.23876862227916718,-0.22251522541046143,-0.2782406508922577,-0.27080148458480835,0.3853987455368042,0.08027713000774384,-0.2784528434276581,-0.20076096057891846,0.14306451380252838,0.7870454788208008,-0.20144310593605042,1.1275904178619385,-0.08177008479833603,-0.23990070819854736,-0.22912470996379852,0.6708801984786987,-0.24568450450897217,-0.27845436334609985,-0.2672325372695923,-0.21810033917427063,0.6286330819129944,-0.27652671933174133,3.34216046333313,0.19526906311511993,-0.26344701647758484,-0.264413446187973,-0.06540180742740631,0.057569533586502075,-0.21918274462223053,0.8365940451622009,-0.01823371648788452,-0.15552173554897308,-0.26244667172431946,-0.27197450399398804
60,849,445,862,457,0.48508694767951965,-0.26791736483573914,-0.25595036149024963,0.9751551747322083,-0.08711351454257965,-0.2594720721244812,-0.1284865438938141,-0.2784424126148224,-0.14961853623390198,-0.1607561707496643,0.2539321780204773,-0.22197780013084412,0.5674275159835815,0.5054923892021179,-0.09642159938812256,-0.011642002500593662,-0.2696358561515808,-0.250941663980484,-0.22947104275226593,-0.2633128762245178,-0.22939155995845795,0.0509784035384655,0.5718982815742493,-0.0620446540415287,0.38492894172668457,-0.011959877796471119,0.014265344478189945,-0.26608386635780334,-0.04138054698705673,1.752504825592041,-0.2643939256668091,-0.26260676980018616,0.19212879240512848,-0.21582429111003876,-0.27442625164985657,-0.23862387239933014,-0.22798234224319458,-0.21404282748699188,-0.23776911199092865,-0.2782674729824066,-0.25341513752937317,-0.23395101726055145,-0.2449282705783844,-0.01423226110637188,-0.17957843840122223,-0.26918548345565796,-0.2355700135231018,-0.21348239481449127,-0.09074997156858444,0.05427423492074013,0.792670488357544,0.7581136226654053,0.4346962571144104,-0.19021236896514893,-0.27572163939476013,-0.14963331818580627,-0.2704249322414398,1.2039703130722046,0.04085468128323555,-0.22967228293418884,0.01534276269376278,0.9362123608589172,0.35092827677726746,-0.26868516206741333,1.2011597156524658,0.2446272373199463,-0.2701255679130554,1.933822512626648,-0.09908495098352432,1.1921683549880981,0.9330152869224548,-0.2773604094982147,-0.04291563481092453,-0.25564566254615784,0.1158604770898819,-0.26262539625167847,-0.2743915319442749,-0.27542561292648315,-0.261251837015152,-0.16549576818943024,0.5749180316925049,-0.19019395112991333,-0.24202865362167358,-0.27366700768470764,-0.11237861961126328,-0.1880778670310974,-0.25637680292129517,-0.24128101766109467,-0.11291147768497467,-0.24874193966388702,-0.16022934019565582,0.890113115310669,-0.2391948103904724,-0.2754669487476349,-0.25608083605766296,-0.2479502260684967,-0.08693883568048477,0.4097626805305481,-0.24829420447349548,0.257173627614975,-0.09898191690444946,0.031515516340732574,0.3047155737876892,0.29082226753234863,-0.24615789949893951,-0.24627187848091125,0.15174783766269684,-0.2104756236076355,-0.18254023790359497,0.14519095420837402,-0.22429171204566956,-0.2779017984867096,-0.27718737721443176,-0.019884901121258736,0.49157586693763733,-0.27735471725463867,-0.2240668386220932,-0.26193514466285706,-0.19855542480945587,-0.09957001358270645,-0.036665983498096466,0.07919527590274811,-0.24119749665260315,1.1920522451400757,-0.06451155990362167,-0.2649805247783661,-0.037748947739601135,-0.20396123826503754
61,391,645,403,658,-0.1791895031929016,-0.09127750247716904,-0.1007736474275589,1.5258008241653442,-0.038885436952114105,-0.021006330847740173,-0.14905761182308197,-0.26577991247177124,-0.12103564292192459,-0.26957330107688904,0.5682078003883362,-0.2313951700925827,-0.2489713877439499,4.882258415222168,-0.22630709409713745,-0.22986821830272675,-0.0006253131432458758,-0.08266882598400116,-0.18500934541225433,-0.09824374318122864,-0.2174851894378662,0.695639431476593,-0.2767568826675415,-0.26559770107269287,0.43084272742271423,-0.1830105036497116,0.022971928119659424,-0.2533820569515228,-0.22322645783424377,-0.2607872784137726,-0.1583162546157837,-0.05331577733159065,-0.21761192381381989,0.4371800422668457,-0.2676446735858917,-0.2753939926624298,0.7470431923866272,-0.08591518551111221,-0.19198806583881378,-0.18372735381126404,-0.19569633901119232,0.8431928157806396,1.5704604387283325,-0.11619742959737778,-0.14357131719589233,-0.17444154620170593,-0.21348357200622559,0.9134950637817383,6.214531898498535,0.7418897747993469,0.0030887171160429716,-0.1882486790418625,-0.2741437256336212,0.17448627948760986,-0.2654551863670349,-0.057095956057310104,-0.2678140699863434,1.7265602350234985,1.2008236646652222,-0.04727603867650032,-0.16405409574508667,0.021573105826973915,0.31993189454078674,-0.2452177107334137,2.128378391265869,-0.22698329389095306,-0.15803778171539307,-0.14344432950019836,-0.27504798769950867,0.15178057551383972,-0.002046772511675954,-0.24814750254154205,-0.266010046005249,-0.2488294243812561,-0.06018052622675896,-0.1312917321920395,-0.266768217086792,-0.1873796135187149,0.5545533895492554,-0.036871448159217834,0.6562296152114868,-0.12384557723999023,-0.27829498052597046,-0.2674734890460968,-0.2730737328529358,-0.01858263835310936,-0.05807876959443092,-0.2637159824371338,-0.26795926690101624,-0.2770925760269165,-0.19338151812553406,0.7046710848808289,-0.27843722701072693,0.8841243386268616,-0.1632615476846695,-0.10783344507217407,-0.09155900031328201,-0.05896913260221481,1.815185785293579,-0.2687366008758545,-0.2431199699640274,-0.16657555103302002,0.25256913900375366,0.009871904738247395,-0.09763303399085999,2.332897424697876,-0.10437671095132828,-0.178939551115036,-0.23336446285247803,-0.06365407258272171,-0.1556260883808136,-0.20928268134593964,-0.22740352153778076,-0.21693645417690277,-0.27035224437713623,-0.276147723197937,-0.055415719747543335,0.25845348834991455,-0.045113660395145416,-0.039963386952877045,0.40886417031288147,0.055775322020053864,-0.08763975650072098,-0.08726253360509872,0.29628604650497437,-0.07926047593355179,-0.1396542191505432,-0.22220097482204437
62,553,682,565,694,1.231551170349121,-0.25925207138061523,-0.0783197209239006,0.8800361752510071,-0.011177638545632362,-0.2740967869758606,-0.1370837539434433,-0.2692171335220337,-0.2283029854297638,-0.27286309003829956,0.7972047924995422,-0.2650650143623352,-0.2695057988166809,1.338684320449829,-0.22126047313213348,-0.19726815819740295,-0.05678689479827881,-0.211751326918602,-0.1453697681427002,-0.2243570238351822,-0.21230636537075043,0.1362835317850113,-0.22629718482494354,-0.25950682163238525,-0.20633691549301147,-0.23713169991970062,-0.2429274618625641,-0.2742105722427368,0.7794785499572754,0.20412220060825348,-0.2561807930469513,-0.1754285842180252,0.07599078118801117,0.2319277673959732,-0.2588449716567993,-0.2454027384519577,-0.25922635197639465,0.006517378147691488,-0.26188865303993225,-0.2594517171382904,-0.27205690741539,-0.24658237397670746,-0.23286162316799164,-0.032223448157310486,0.45282259583473206,-0.2562841475009918,-0.2642706036567688,0.55465167760849,0.4780721962451935,-0.07380713522434235,0.1899651437997818,0.053454987704753876,0.12015250325202942,-0.172838494181633,-0.1547166407108307,-0.16523338854312897,-0.2597636580467224,-0.07248607277870178,-0.007648494094610214,-0.2350810170173645,0.245237797498703,1.5168930292129517,-0.26313352584838867,-0.12225847691297531,3.4566800594329834,-0.27338525652885437,-0.18950918316841125,0.17854030430316925,-0.23635752499103546,0.9467962384223938,2.2900633811950684,-0.16916894912719727,-0.2697758376598358,-0.2782994508743286,-0.013775316998362541,-0.2773025333881378,0.8489776253700256,-0.27836111187934875,-0.18887683749198914,-0.1614704728126526,-0.03737353906035423,-0.2524552047252655,-0.27519336342811584,-0.2704054117202759,0.07933703064918518,-0.27413472533226013,-0.25987276434898376,-0.10243100672960281,-0.04989049583673477,-0.27468568086624146,-0.11306890845298767,-0.09543056041002274,-0.19773352146148682,-0.2230406403541565,-0.2779957354068756,-0.17277982831001282,-0.2782750129699707,-0.16514423489570618,-0.2723464369773865,0.4296967387199402,-0.04836924374103546,0.7193434238433838,0.40158867835998535,0.7596146464347839,-0.2717670500278473,0.508305549621582,-0.05065997689962387,-0.18634967505931854,-0.27488815784454346,0.2029722034931183,-0.24707190692424774,-0.2590376138687134,-0.22466905415058136,0.511031448841095,0.20260843634605408,-0.25938650965690613,0.46096518635749817,-0.25770288705825806,-0.2729242742061615,0.17042842507362366,-0.06506012380123138,0.07346346229314804,-0.20426049828529358,0.9784802198410034,-0.1106216087937355,-0.22817032039165497,1.147833228111267,-0.2295893281698227
63,732,662,744,673,-0.2581535875797272,-0.18448448181152344,-0.2328689694404602,0.8538974523544312,-0.00920050498098135,-0.26738107204437256,-0.21848636865615845,-0.2356019765138626,-0.12123531848192215,-0.24502529203891754,0.3647722601890564,-0.21778392791748047,0.017740707844495773,0.01909562759101391,-0.21898460388183594,-0.1231880933046341,-0.062235038727521896,-0.1423443704843521,0.16631898283958435,-0.1124221459031105,-0.23788489401340485,-0.26644477248191833,0.09827331453561783,-0.008761030621826649,1.0439447164535522,-0.23470354080200195,0.5813912153244019,-0.12340845912694931,0.43993163108825684,-0.007730482611805201,-0.16506314277648926,-0.10206636786460876,-0.27717891335487366,1.27414870262146,-0.27374181151390076,-0.2222784012556076,-0.23218829929828644,-0.1504831463098526,-0.26830366253852844,-0.2276664674282074,-0.26585546135902405,-0.2504884600639343,0.05269362032413483,-0.258088618516922,1.4708704948425293,-0.2774718105792999,-0.20810070633888245,-0.17929339408874512,2.7192916870117188,1.745658040046692,1.9761056900024414,0.34466251730918884,-0.2637747526168823,-0.21479719877243042,-0.22848570346832275,-0.01850254274904728,-0.2432313710451126,0.08178719878196716,-0.1896716058254242,-0.1656472533941269,-0.1835166960954666,1.3284062147140503,0.3886537551879883,-0.25979313254356384,-0.26939576864242554,-0.24698445200920105,-0.16029411554336548,-0.26722678542137146,1.1729896068572998,3.77880859375,-0.25348547101020813,-0.2771308422088623,-0.165639728307724,-0.2606416940689087,-0.04532000049948692,-0.2504625916481018,-0.010752564296126366,-0.24617362022399902,-0.25725293159484863,-0.0972045287489891,-0.2648857831954956,-0.20388135313987732,-0.20003792643547058,-0.2769065499305725,0.7483380436897278,0.005110191646963358,-0.2738747000694275,-0.10578972101211548,-0.2686157822608948,-0.2747851312160492,-0.07834925502538681,0.760898232460022,-0.18787111341953278,-0.23364600539207458,-0.2428503930568695,-0.24067500233650208,-0.21944156289100647,-0.26963284611701965,-0.20547451078891754,0.03183983266353607,-0.25537461042404175,-0.2726779282093048,-0.08102364838123322,0.3536257743835449,-0.04334430769085884,-0.2683873474597931,0.6981571316719055,-0.1538660228252411,-0.2738393247127533,0.43421027064323425,-0.21432699263095856,-0.24042432010173798,-0.24546527862548828,-0.2575283646583557,1.2137813568115234,-0.2672598958015442,2.31502366065979,-0.10241882503032684,-0.19165977835655212,-0.2775334119796753,0.059740204364061356,-0.1125807911157608,-0.26422178745269775,1.3660942316055298,-0.2525981664657593,0.07951250672340393,-0.26224324107170105,-0.27725932002067566
64,449,596,460,607,-0.2637193202972412,-0.23263096809387207,0.19392497837543488,1.5584183931350708,-0.2326483577489853,-0.22059009969234467,-0.17212049663066864,-0.10878849774599075,-0.07604358345270157,0.06804541498422623,-0.2720845639705658,-0.19682589173316956,-0.27105948328971863,3.5442557334899902,2.282243251800537,-0.2117684781551361,-0.24498718976974487,2.435831069946289,-0.17156946659088135,0.6885761022567749,-0.20740795135498047,3.4452264308929443,-0.27609288692474365,0.40369686484336853,2.3984193801879883,-0.22862029075622559,0.2998506426811218,-0.2752206325531006,-0.2667621970176697,-0.22260691225528717,-0.2784614861011505,-0.09875383973121643,0.029557786881923676,0.23555834591388702,-0.18382292985916138,-0.22296053171157837,0.30910754203796387,-0.07874823361635208,-0.2520340383052826,-0.2209114134311676,-0.25732073187828064,0.34236589074134827,1.5833433866500854,-0.023422284051775932,-0.2349032163619995,1.2346667051315308,-0.27738645672798157,1.315848469734192,-0.27113816142082214,-0.2784479260444641,0.3776254951953888,0.538699209690094,-0.23399536311626434,-0.2042630910873413,0.0006392432260327041,-0.23063693940639496,0.3689405024051666,-0.2362566441297531,0.1739455610513687,-0.18719801306724548,-0.21917341649532318,0.1191454604268074,0.023704368621110916,0.455252468585968,2.0222675800323486,-0.03494376316666603,-0.1884097456932068,0.05659163370728493,-0.04040995612740517,-0.27048054337501526,1.1651191711425781,-0.2488246113061905,-0.13845790922641754,-0.10786247253417969,0.05034983158111572,-0.25330033898353577,-0.24317218363285065,-0.23385101556777954,-0.23930144309997559,-0.13537339866161346,1.9865778684616089,-0.16162239015102386,-0.27720412611961365,-0.20637494325637817,-0.26455336809158325,-0.07982295006513596,-0.14867404103279114,-0.24350348114967346,0.3303912878036499,-0.26048240065574646,0.21285703778266907,-0.08488558232784271,-0.2195243090391159,0.5326637625694275,-0.2755025029182434,-0.2252257764339447,0.010479220189154148,-0.20426928997039795,0.22436097264289856,-0.23753125965595245,1.0079398155212402,-0.16260382533073425,0.357924222946167,0.19296102225780487,-0.06702838093042374,-0.2280973345041275,1.8937186002731323,-0.25009238719940186,-0.242614284157753,0.21778808534145355,-0.23387275636196136,-0.09736652672290802,-0.06575572490692139,2.5888495445251465,-0.27244389057159424,-0.0734105259180069,-0.21797031164169312,-0.17388124763965607,0.44852447509765625,0.9999709725379944,0.478410929441452,0.5810413360595703,-0.02232627011835575,1.2037113904953003,0.020085172727704048,-0.2523280084133148,-0.13124072551727295,0.706524670124054
65,528,361,543,373,-0.1865052431821823,-0.2567446827888489,-0.10637300461530685,1.5107122659683228,-0.047717634588479996,-0.26946645975112915,-0.2779715061187744,-0.27842584252357483,-0.15493887662887573,-0.1897943913936615,-0.27172961831092834,0.23371368646621704,-0.27817967534065247,-0.25953906774520874,3.0200695991516113,-0.2736600935459137,-0.2125600278377533,0.18923963606357574,-0.27232810854911804,0.9840371012687683,-0.22613148391246796,3.369375705718994,-0.233491450548172,3.44244384765625,3.529221773147583,-0.2784551978111267,0.12375465780496597,-0.26732558012008667,-0.23291178047657013,-0.15026341378688812,-0.1984279602766037,0.060689784586429596,-0.26392415165901184,0.15105155110359192,-0.2306041121482849,-0.11938783526420593,0.527411937713623,-0.018908455967903137,-0.2346089482307434,0.33695653080940247,-0.231880784034729,0.5540346503257751,0.3212469220161438,-0.20549696683883667,-0.2404533326625824,0.4634783864021301,-0.19028078019618988,0.25520989298820496,-0.139873668551445,-0.27790960669517517,1.2753344774246216,2.952320098876953,-0.15760159492492676,0.17536966502666473,-0.18922646343708038,-0.10425568372011185,-0.24750129878520966,0.8708953857421875,-0.276330828666687,-0.26213109493255615,-0.2739619016647339,-0.20953485369682312,-0.27122440934181213,-0.11153481155633926,-0.1947895586490631,-0.27788063883781433,-0.26671746373176575,-0.2730381488800049,2.637838125228882,-0.22944433987140656,0.7372495532035828,-0.27717089653015137,-0.14189264178276062,-0.26805686950683594,-0.20497235655784607,-0.08399740606546402,-0.13989754021167755,-0.1338610053062439,-0.24434497952461243,-0.17028294503688812,-0.2693031132221222,-0.2778443396091461,-0.2767682671546936,0.6367405652999878,1.0833326578140259,-0.11739977449178696,-0.07591228932142258,-0.2579667568206787,-0.16828028857707977,-0.2618654668331146,-0.18666696548461914,-0.055683035403490067,-0.14514762163162231,0.7603985667228699,-0.21712078154087067,0.41944417357444763,0.8586979508399963,-0.27739956974983215,-0.2762242555618286,-0.27846312522888184,3.4700844287872314,0.042873747646808624,-0.21501806378364563,-0.26388585567474365,-0.01140189915895462,-0.27568814158439636,1.3487169742584229,-0.1696828454732895,-0.2455204874277115,-0.20144586265087128,-0.27662432193756104,-0.027839791029691696,-0.1911998838186264,0.3768302798271179,-0.024308722466230392,0.1336536854505539,-0.2782903015613556,0.9162270426750183,0.3556869626045227,0.08980380743741989,0.6420071721076965,0.4443484842777252,-0.24233415722846985,1.607086420059204,0.5606746077537537,-0.25988519191741943,-0.16920892894268036,0.6521933674812317
66,443,604,454,614,0.44936609268188477,-0.2757513225078583,0.38009828329086304,0.9033390283584595,-0.06510744988918304,-0.27737122774124146,-0.13639284670352936,-0.24771349132061005,-0.26198118925094604,-0.2650800347328186,0.8490489721298218,-0.2395465075969696,0.3195170760154724,0.15654276311397552,-0.11720488965511322,-0.11295241862535477,-0.27837520837783813,-0.17546436190605164,-0.2655402421951294,-0.270345538854599,-0.24332252144813538,-0.13181088864803314,0.374255508184433,-0.1757093369960785,0.09289722889661789,-0.19887098670005798,-0.14841289818286896,-0.268257200717926,0.163699671626091,0.48312053084373474,-0.0946274846792221,-0.17473474144935608,0.06446333229541779,0.12592822313308716,-0.2427910715341568,-0.2749916613101959,-0.2625866234302521,0.13763974606990814,-0.2773360311985016,-0.22632546722888947,-0.2736080586910248,-0.25212374329566956,-0.2611228823661804,-0.08512091636657715,0.6735325455665588,-0.2637883424758911,-0.2499217391014099,0.48379015922546387,0.0816907212138176,0.09664662927389145,0.2586989998817444,-0.20884357392787933,0.26281076669692993,-0.21586033701896667,-0.09114952385425568,-0.17058290541172028,-0.2693117558956146,0.008084124885499477,0.0862012729048729,-0.2695885896682739,0.12957598268985748,1.0906506776809692,-0.15907612442970276,-0.2387298345565796,0.27396607398986816,-0.18697065114974976,-0.1985536515712738,0.06534864753484726,-0.0071343244053423405,0.7728249430656433,0.7517348527908325,-0.2634294927120209,-0.19381417334079742,-0.010934941470623016,-0.022908536717295647,-0.2764212191104889,0.4234720766544342,-0.27826133370399475,-0.26560211181640625,-0.20785222947597504,-0.08958415687084198,-0.268901526927948,-0.2714725136756897,-0.24113187193870544,-0.15943419933319092,0.2681434154510498,-0.1815485954284668,-0.20022781193256378,0.18010075390338898,-0.2496192753314972,-0.1972568929195404,-0.015724968165159225,0.1894746720790863,-0.22713786363601685,-0.2603188455104828,-0.2611924707889557,-0.2535191476345062,0.21723242104053497,-0.2087380737066269,0.3777106702327728,0.012899279594421387,0.45188090205192566,0.1694052368402481,0.6101492047309875,-0.27609676122665405,0.2159709930419922,-0.049114327877759933,-0.19746103882789612,0.03777678310871124,-0.013006622903048992,-0.19854196906089783,-0.2775341272354126,-0.27390989661216736,-0.18737344443798065,0.6407353281974792,-0.2737533748149872,0.9168445467948914,-0.27789297699928284,-0.2765728533267975,-0.09971192479133606,-0.1038544625043869,0.5951192378997803,-0.2759682834148407,0.19952265918254852,-0.08627849817276001,0.5354108214378357,0.04037945345044136,-0.2362927794456482
67,454,590,464,600,0.46832698583602905,-0.27794283628463745,0.2338787019252777,0.9041480422019958,-0.050349581986665726,-0.27600350975990295,-0.21254971623420715,-0.2613832652568817,-0.25089988112449646,-0.24904152750968933,1.0105931758880615,-0.2705450654029846,0.2468450516462326,0.38766369223594666,-0.18577277660369873,-0.14638523757457733,-0.25040170550346375,-0.17479413747787476,-0.2715285122394562,-0.23690113425254822,-0.26615482568740845,-0.22923241555690765,0.22608426213264465,-0.18800251185894012,0.026354476809501648,-0.17894254624843597,-0.1631208062171936,-0.268953800201416,0.23989954590797424,0.5402852892875671,-0.1913612186908722,-0.12423771619796753,-0.03259475901722908,0.20029480755329132,-0.25812700390815735,-0.2706516683101654,-0.25138139724731445,0.09971699863672256,-0.27731770277023315,-0.26227954030036926,-0.26429247856140137,-0.25173091888427734,-0.264262318611145,-0.015875892713665962,0.6792013645172119,-0.27193254232406616,-0.264001727104187,0.5008682012557983,0.3950273096561432,0.1922885924577713,0.1742006242275238,-0.2230684608221054,0.08050397038459778,-0.24731802940368652,-0.18700814247131348,-0.1623167246580124,-0.25926053524017334,0.08940285444259644,0.0713706910610199,-0.20811018347740173,0.22719059884548187,1.3380416631698608,-0.19105041027069092,-0.1816706359386444,0.8771569728851318,-0.12104412168264389,-0.22627685964107513,0.13051483035087585,-0.11518509685993195,0.9989534020423889,0.9571554064750671,-0.25549519062042236,-0.20142526924610138,0.007554343435913324,-0.10036130249500275,-0.26637378334999084,0.3989351689815521,-0.2760336697101593,-0.2706531286239624,-0.15511994063854218,-0.13655628263950348,-0.26909303665161133,-0.27140307426452637,-0.2503202259540558,-0.1786019653081894,0.026920858770608902,-0.2672070562839508,-0.1641603708267212,0.05600195750594139,-0.26357707381248474,-0.1976819932460785,-0.07678534090518951,-0.024190591648221016,-0.2329948991537094,-0.27660423517227173,-0.2603929340839386,-0.25721675157546997,0.0882834941148758,-0.17757128179073334,0.34435737133026123,-0.017197249457240105,0.5652893781661987,0.255209743976593,0.6474493741989136,-0.2780457139015198,0.14759467542171478,-0.03492291644215584,-0.1616295725107193,0.09310135990381241,0.12743209302425385,-0.25786080956459045,-0.2751815617084503,-0.278274804353714,-0.15589562058448792,0.6239160895347595,-0.27400460839271545,1.5277403593063354,-0.27414464950561523,-0.27694079279899597,-0.18223507702350616,-0.09810749441385269,0.3980419337749481,-0.26429370045661926,0.32127735018730164,-0.043385908007621765,0.25958430767059326,-0.09060218185186386,-0.2446681261062622
68,729,476,740,487,0.5936356782913208,-0.27487367391586304,0.15826021134853363,0.9170379638671875,-0.0552489198744297,-0.27635425329208374,-0.13657733798027039,-0.24516107141971588,-0.27601927518844604,-0.22856561839580536,0.7468610405921936,-0.24792079627513885,0.21537761390209198,0.16400215029716492,-0.09042436629533768,-0.14928966760635376,-0.256369948387146,-0.17865879833698273,-0.21249021589756012,-0.26829013228416443,-0.25399380922317505,-0.07813527435064316,0.17990492284297943,-0.12713433802127838,-0.017887892201542854,-0.20112170279026031,-0.20398326218128204,-0.2781302034854889,0.08188489079475403,0.3727583885192871,-0.18038932979106903,-0.1895340532064438,0.04981084540486336,0.0801985040307045,-0.25260454416275024,-0.27494335174560547,-0.2602384388446808,0.08472711592912674,-0.27816736698150635,-0.262433260679245,-0.27069950103759766,-0.2451332062482834,-0.2714439034461975,-0.13278961181640625,0.631503701210022,-0.2515128552913666,-0.24636726081371307,0.6850944757461548,0.06262318789958954,-0.11168418079614639,0.15225762128829956,-0.1569090336561203,0.11595519632101059,-0.22560647130012512,-0.12960006296634674,-0.1477699875831604,-0.2724498510360718,0.12879621982574463,0.11916635185480118,-0.23150001466274261,0.34252581000328064,1.2062442302703857,-0.17077888548374176,-0.2339468002319336,0.7312132120132446,-0.17751175165176392,-0.27409130334854126,0.02114221639931202,-0.07006760686635971,0.5138494968414307,1.2988452911376953,-0.25049370527267456,-0.19926787912845612,0.025428516790270805,-0.04574763774871826,-0.27369368076324463,0.41113829612731934,-0.278399795293808,-0.2638966143131256,-0.14540976285934448,0.004040341824293137,-0.26771125197410583,-0.2578178644180298,-0.2780866026878357,-0.10286571085453033,0.007241850718855858,-0.22145238518714905,-0.1723688244819641,0.1166219562292099,-0.2747023105621338,-0.19511567056179047,-0.1261822134256363,0.08331799507141113,-0.23078308999538422,-0.2766345143318176,-0.2577175498008728,-0.2522548735141754,0.22599805891513824,-0.24790887534618378,0.40928804874420166,0.13176220655441284,0.8371604084968567,0.2229955941438675,0.4070071876049042,-0.27621129155158997,0.23544199764728546,-0.11619938164949417,-0.17878495156764984,-0.07003553956747055,-0.016613656654953957,-0.22936275601387024,-0.2782769501209259,-0.2781849503517151,-0.13250890374183655,0.5005621910095215,-0.271126389503479,0.5949169397354126,-0.2778363525867462,-0.27700546383857727,-0.10381069779396057,-0.10271701216697693,0.6442503929138184,-0.27011141180992126,0.25856709480285645,-0.028272658586502075,0.05682460963726044,-0.1406031996011734,-0.22306783497333527
69,578,447,586,455,0.36429211497306824,-0.2503718137741089,0.3637155592441559,1.056715488433838,-0.17610545456409454,-0.23290595412254333,-0.24811092019081116,-0.03316626697778702,-0.2686712145805359,-0.1558523029088974,0.5861814618110657,-0.23256909847259521,0.9422559142112732,0.08253905922174454,-0.03785036876797676,-0.055128324776887894,-0.11903281509876251,-0.18736296892166138,-0.27382925152778625,-0.250129759311676,-0.02775423415005207,0.1885453313589096,0.36884480714797974,0.00796425249427557,0.4811438322067261,-0.21908967196941376,-0.21230316162109375,-0.2576538920402527,-0.017878498882055283,0.49337393045425415,0.04728708788752556,-0.2509028911590576,0.04522285237908363,0.3618333339691162,-0.20502768456935883,-0.21719561517238617,-0.24072179198265076,0.13323397934436798,-0.21468442678451538,-0.09966246038675308,-0.2774220407009125,-0.176532581448555,-0.27665722370147705,0.0636095255613327,0.5784863829612732,-0.20382598042488098,0.19974812865257263,0.5294018387794495,0.10352228581905365,-0.07544836401939392,0.3588089942932129,-0.24112820625305176,0.43494391441345215,-0.1815715879201889,0.08568338304758072,-0.19521306455135345,-0.27381131052970886,0.17178280651569366,-0.06817840039730072,-0.2628936469554901,0.05099373310804367,0.6802381277084351,-0.016460711136460304,-0.27644771337509155,-0.05052826926112175,0.06018044799566269,-0.095523402094841,0.2842004895210266,0.3147849142551422,0.250823974609375,0.7184045314788818,-0.2715955972671509,-0.133455291390419,0.2205672711133957,-0.08965709805488586,-0.2777993977069855,0.45960766077041626,-0.20234815776348114,-0.2120865434408188,-0.23206312954425812,0.23657603561878204,-0.2581348419189453,-0.27821606397628784,-0.21492999792099,-0.10627634823322296,0.027741320431232452,-0.14323344826698303,-0.1955873966217041,0.4187360405921936,-0.20890021324157715,-0.27192339301109314,0.20372827351093292,0.7126941084861755,-0.26722651720046997,-0.2757265865802765,-0.2748250663280487,-0.22045063972473145,0.9692515134811401,-0.1639537662267685,0.23707309365272522,-0.02963784523308277,0.44516703486442566,0.23135074973106384,0.594428300857544,-0.19297154247760773,0.4277867078781128,0.38979455828666687,-0.24577943980693817,0.20643170177936554,-0.008719289675354958,0.0411105714738369,-0.25220856070518494,-0.27840089797973633,-0.18162953853607178,0.3952409029006958,-0.2350757122039795,0.1666082888841629,-0.2604321539402008,-0.26141226291656494,-0.07182664424180984,-0.09732265770435333,0.8614882230758667,-0.274475634098053,-0.043390803039073944,0.06275057047605515,0.3029254078865051,-0.17794904112815857,-0.19509363174438477
70,613,244,620,251,-0.13723637163639069,-0.19514724612236023,-0.13884352147579193,1.7425470352172852,-0.09187433123588562,2.485647439956665,-0.24268433451652527,-0.21368248760700226,-0.20227830111980438,1.2354884147644043,-0.10705646127462387,-0.03690050542354584,-0.2682909667491913,3.8702352046966553,-0.08331748843193054,-0.27755680680274963,-0.2385365068912506,-0.10372546315193176,-0.27800804376602173,-0.27532926201820374,-0.059096358716487885,3.117608070373535,-0.2502419650554657,-0.27789345383644104,3.425584077835083,-0.16618946194648743,-0.27107688784599304,-0.015930742025375366,-0.2178938388824463,-0.2721695601940155,-0.10296488553285599,-0.1334395855665207,-0.06861821562051773,-0.20371270179748535,-0.2781584858894348,-0.2457573562860489,0.503401517868042,-0.05430654436349869,-0.2763470709323883,-0.22085396945476532,-0.18798626959323883,0.8375892043113708,0.08015547692775726,-0.18747180700302124,-0.26346153020858765,0.4458034038543701,-0.23739884793758392,1.2870625257492065,3.1262969970703125,-0.2784515917301178,0.12544018030166626,0.012995040975511074,-0.2625904381275177,1.1912548542022705,-0.26437845826148987,-0.03093593753874302,-0.1919512301683426,-0.2781996428966522,-0.2769715189933777,-0.12888741493225098,-0.278204083442688,-0.20695218443870544,0.9100379943847656,-0.08256441354751587,-0.17428667843341827,-0.22336487472057343,0.34841322898864746,-0.2609320282936096,0.2884012758731842,-0.14838342368602753,-0.25610068440437317,-0.12166574597358704,-0.2749752104282379,-0.12235239893198013,-0.12790904939174652,-0.14054660499095917,-0.2774379253387451,-0.09653257578611374,0.30336907505989075,-0.11420810222625732,2.931300163269043,-0.2684783339500427,-0.27825990319252014,-0.2069460153579712,0.19812525808811188,-0.10156343877315521,-0.263409823179245,-0.03110017627477646,-0.27249032258987427,-0.2156982272863388,0.12745730578899384,1.2680257558822632,-0.005429425742477179,1.3950167894363403,-0.1810637265443802,-0.278207391500473,0.05852764472365379,-0.23365411162376404,1.2366693019866943,-0.2032194435596466,-0.22797791659832,-0.2727186381816864,-0.024288639426231384,0.23964640498161316,-0.09661839157342911,-0.0109823914244771,3.5358426570892334,2.048264503479004,0.26708754897117615,-0.19119887053966522,-0.13340668380260468,-0.2560199797153473,-0.24938930571079254,0.878765881061554,-0.21356560289859772,-0.22418968379497528,-0.10418873280286789,-0.19028738141059875,0.02389456517994404,1.6371705532073975,0.9404590725898743,0.8825797438621521,-0.2752816081047058,-0.09013186395168304,-0.16153326630592346,-0.17938204109668732,-0.0928327813744545,0.1040528193116188
71,547,684,558,696,1.231551170349121,-0.25925207138061523,-0.0783197209239006,0.8800361752510071,-0.011177638545632362,-0.2740967869758606,-0.1370837539434433,-0.2692171335220337,-0.2283029854297638,-0.27286309003829956,0.7972047924995422,-0.2650650143623352,-0.2695057988166809,1.338684320449829,-0.22126047313213348,-0.19726815819740295,-0.05678689479827881,-0.211751326918602,-0.1453697681427002,-0.2243570238351822,-0.21230636537075043,0.1362835317850113,-0.22629718482494354,-0.25950682163238525,-0.20633691549301147,-0.23713169991970062,-0.2429274618625641,-0.2742105722427368,0.7794785499572754,0.20412220060825348,-0.2561807930469513,-0.1754285842180252,0.07599078118801117,0.2319277673959732,-0.2588449716567993,-0.2454027384519577,-0.25922635197639465,0.006517378147691488,-0.26188865303993225,-0.2594517171382904,-0.27205690741539,-0.24658237397670746,-0.23286162316799164,-0.032223448157310486,0.45282259583473206,-0.2562841475009918,-0.2642706036567688,0.55465167760849,0.4780721962451935,-0.07380713522434235,0.1899651437997818,0.053454987704753876,0.12015250325202942,-0.172838494181633,-0.1547166407108307,-0.16523338854312897,-0.2597636580467224,-0.07248607277870178,-0.007648494094610214,-0.2350810170173645,0.245237797498703,1.5168930292129517,-0.26313352584838867,-0.12225847691297531,3.4566800594329834,-0.27338525652885437,-0.18950918316841125,0.17854030430316925,-0.23635752499103546,0.9467962384223938,2.2900633811950684,-0.16916894912719727,-0.2697758376598358,-0.2782994508743286,-0.013775316998362541,-0.2773025333881378,0.8489776253700256,-0.27836111187934875,-0.18887683749198914,-0.1614704728126526,-0.03737353906035423,-0.2524552047252655,-0.27519336342811584,-0.2704054117202759,0.07933703064918518,-0.27413472533226013,-0.25987276434898376,-0.10243100672960281,-0.04989049583673477,-0.27468568086624146,-0.11306890845298767,-0.09543056041002274,-0.19773352146148682,-0.2230406403541565,-0.2779957354068756,-0.17277982831001282,-0.2782750129699707,-0.16514423489570618,-0.2723464369773865,0.4296967387199402,-0.04836924374103546,0.7193434238433838,0.40158867835998535,0.7596146464347839,-0.2717670500278473,0.508305549621582,-0.05065997689962387,-0.18634967505931854,-0.27488815784454346,0.2029722034931183,-0.24707190692424774,-0.2590376138687134,-0.22466905415058136,0.511031448841095,0.20260843634605408,-0.25938650965690613,0.46096518635749817,-0.25770288705825806,-0.2729242742061615,0.17042842507362366,-0.06506012380123138,0.07346346229314804,-0.20426049828529358,0.9784802198410034,-0.1106216087937355,-0.22817032039165497,1.147833228111267,-0.2295893281698227
72,407,331,416,339,1.0583101511001587,-0.2782072126865387,-0.15815594792366028,0.8868731260299683,-0.011312614195048809,-0.2707567512989044,-0.2709655463695526,-0.2759883999824524,-0.25717929005622864,-0.27538082003593445,1.3559802770614624,-0.2784525752067566,-0.27664995193481445,1.3999935388565063,-0.23353418707847595,-0.15561091899871826,-0.05751943960785866,-0.1532990038394928,-0.19732679426670074,-0.1326708048582077,-0.2782285213470459,-0.13305971026420593,-0.27748462557792664,-0.26446688175201416,-0.21040061116218567,-0.27363771200180054,-0.2748314142227173,-0.24959230422973633,0.23798054456710815,-0.10455980151891708,-0.19014257192611694,-0.1672678291797638,-0.020390687510371208,0.710964560508728,-0.24624331295490265,-0.26232486963272095,-0.2718607783317566,-0.06368300318717957,-0.2520110607147217,-0.25679606199264526,-0.27799496054649353,-0.23745416104793549,-0.26765176653862,-0.19259947538375854,-0.01090072002261877,-0.2196570485830307,-0.2673196494579315,1.0090481042861938,0.8339220285415649,-0.14413230121135712,-0.04143685847520828,-0.2618616819381714,0.2704845666885376,-0.2709667980670929,-0.24906888604164124,-0.1313907951116562,-0.2540229558944702,0.5408099293708801,-0.04547188803553581,-0.14485187828540802,0.525173544883728,1.314841628074646,-0.219448521733284,-0.12428184598684311,2.9356601238250732,-0.2595217823982239,-0.2401166558265686,0.177864670753479,-0.207383930683136,0.4612479507923126,2.376669406890869,-0.07181848585605621,-0.274908185005188,0.013189977966248989,-0.037114668637514114,-0.2674025893211365,0.5307449102401733,-0.26365453004837036,-0.17833764851093292,-0.1392362266778946,-0.2141137570142746,-0.27829790115356445,-0.2781539261341095,-0.24934378266334534,-0.09926338493824005,-0.2674744427204132,-0.27830642461776733,-0.12393225729465485,0.20575833320617676,-0.27834516763687134,-0.11634328961372375,-0.032997794449329376,-0.20621970295906067,-0.20021845400333405,-0.25014954805374146,-0.11196300387382507,-0.258124977350235,-0.11282724887132645,-0.2755270004272461,0.370618611574173,-0.006564978044480085,0.1859636753797531,0.40545654296875,0.4944516718387604,-0.23089812695980072,1.163662075996399,0.12754370272159576,-0.2496686726808548,-0.274721622467041,0.4487941265106201,-0.25108301639556885,-0.27842041850090027,-0.2446010857820511,-0.17042572796344757,0.29594120383262634,-0.23331841826438904,1.3124560117721558,-0.2606482207775116,-0.17545728385448456,0.0786660686135292,-0.13285693526268005,0.3443734347820282,-0.20082654058933258,0.6288481950759888,-0.07510451972484589,-0.2358822375535965,0.6846475005149841,-0.2574072778224945
73,406,637,418,648,0.7939903736114502,-0.23313948512077332,0.025428734719753265,0.9512609839439392,-0.0538850873708725,-0.2772405743598938,-0.17312504351139069,-0.2473926544189453,-0.23091761767864227,-0.26739293336868286,0.5889912247657776,-0.2394404113292694,0.16036179661750793,0.1609245091676712,-0.15899823606014252,-0.10173697769641876,-0.2707068622112274,-0.15512990951538086,-0.20886918902397156,-0.2664566934108734,-0.27674275636672974,-0.05433007702231407,0.027962107211351395,-0.13143037259578705,-0.036882925778627396,-0.146734818816185,-0.22596517205238342,-0.27734190225601196,0.2131248414516449,0.4400218725204468,-0.22878152132034302,-0.22644221782684326,0.19262616336345673,0.1809985190629959,-0.23518924415111542,-0.27794361114501953,-0.264339804649353,0.06119939684867859,-0.2757624387741089,-0.27206480503082275,-0.2782357335090637,-0.2219730168581009,-0.26394179463386536,-0.22615946829319,0.8085951805114746,-0.2610751688480377,-0.2604784369468689,0.5691889524459839,-0.041618090122938156,-0.18287307024002075,0.04527059942483902,-0.15628324449062347,-0.04251684620976448,-0.2265770584344864,-0.08782278746366501,-0.15739306807518005,-0.27385368943214417,0.11537892371416092,-0.0167830940335989,-0.2590448260307312,0.27230536937713623,0.7728134989738464,-0.11711439490318298,-0.2639594078063965,0.8627820014953613,-0.23899099230766296,-0.2723222076892853,0.12631788849830627,-0.044637132436037064,0.4650230407714844,1.5761011838912964,-0.20604415237903595,-0.21958467364311218,-0.1676941215991974,0.09808223694562912,-0.27358555793762207,0.4110048711299896,-0.277241051197052,-0.26945531368255615,-0.23332913219928741,-0.03852394223213196,-0.2750343978404999,-0.2753571569919586,-0.2674904465675354,-0.07847974449396133,-0.013724863529205322,-0.259497731924057,-0.12743809819221497,0.08324939012527466,-0.20707762241363525,-0.19723878800868988,-0.027331937104463577,0.032854288816452026,-0.23518197238445282,-0.27844688296318054,-0.2235366553068161,-0.26336219906806946,0.36280667781829834,-0.27608224749565125,0.371728777885437,0.16351869702339172,0.8399394750595093,0.11365252733230591,0.1765199452638626,-0.2738780677318573,0.1910112500190735,-0.10571299493312836,-0.16143259406089783,-0.10553736984729767,0.18464870750904083,-0.23464477062225342,-0.278239905834198,-0.2784357964992523,-0.1374020129442215,0.4925263822078705,-0.26453956961631775,0.1851245015859604,-0.2702503204345703,-0.2782411575317383,-0.0625336617231369,-0.12363965809345245,0.6213199496269226,-0.26757606863975525,0.3126777708530426,-0.041145749390125275,0.016598865389823914,0.08787114173173904,-0.2037636935710907
74,492,549,505,560,-0.16741831600666046,-0.20412197709083557,0.25873562693595886,0.9110665321350098,-0.029876653105020523,-0.2671028673648834,-0.2745603621006012,-0.2765130400657654,-0.19803722202777863,-0.2783932685852051,1.3873655796051025,-0.2774069607257843,-0.1638510823249817,2.1425116062164307,-0.1597270518541336,-0.11012471467256546,-0.025338735431432724,-0.1739421784877777,0.3814619481563568,-0.14443135261535645,-0.24396172165870667,-0.26575174927711487,-0.13660019636154175,-0.2779986560344696,0.02160501480102539,-0.2711811661720276,0.005293018650263548,-0.27512073516845703,0.35039836168289185,-0.0533401258289814,-0.27655160427093506,-0.10931612551212311,-0.2780427932739258,0.6270535588264465,-0.2544473111629486,-0.2320510894060135,-0.22601069509983063,-0.243942990899086,-0.25096395611763,-0.19879353046417236,-0.21977931261062622,-0.19565311074256897,0.01229633018374443,0.06930501759052277,-0.1405622959136963,-0.26981204748153687,-0.23912717401981354,0.6276249289512634,2.964351177215576,1.0966036319732666,-0.1461673229932785,-0.2777417302131653,0.7062245011329651,-0.27731257677078247,-0.2679305076599121,-0.17128930985927582,-0.26461169123649597,0.13822370767593384,0.3914327025413513,-0.06819804012775421,1.1676874160766602,1.7779237031936646,-0.060593027621507645,-0.1199168935418129,1.95097815990448,-0.2672417461872101,-0.2780720889568329,0.24041549861431122,-0.27844861149787903,1.062975525856018,0.7064698934555054,-0.10726381093263626,-0.27272751927375793,-0.18721903860569,-0.04332299903035164,-0.267477810382843,-0.07748618721961975,-0.24992938339710236,-0.2698632776737213,-0.20589128136634827,-0.0940888524055481,-0.2782479226589203,-0.2783866226673126,-0.07124007493257523,-0.1816849559545517,-0.27692240476608276,-0.2465532273054123,-0.2764042615890503,-0.27557700872421265,-0.27733808755874634,-0.1425033062696457,-0.050611712038517,-0.2769312858581543,-0.2467658817768097,-0.23876862227916718,-0.22251522541046143,-0.2782406508922577,-0.27080148458480835,0.3853987455368042,0.08027713000774384,-0.2784528434276581,-0.20076096057891846,0.14306451380252838,0.7870454788208008,-0.20144310593605042,1.1275904178619385,-0.08177008479833603,-0.23990070819854736,-0.22912470996379852,0.6708801984786987,-0.24568450450897217,-0.27845436334609985,-0.2672325372695923,-0.21810033917427063,0.6286330819129944,-0.27652671933174133,3.34216046333313,0.19526906311511993,-0.26344701647758484,-0.264413446187973,-0.06540180742740631,0.057569533586502075,-0.21918274462223053,0.8365940451622009,-0.01823371648788452,-0.15552173554897308,-0.26244667172431946,-0.27197450399398804
75,489,550,500,561,-0.16741831600666046,-0.20412197709083557,0.25873562693595886,0.9110665321350098,-0.029876653105020523,-0.2671028673648834,-0.2745603621006012,-0.2765130400657654,-0.19803722202777863,-0.2783932685852051,1.3873655796051025,-0.2774069607257843,-0.1638510823249817,2.1425116062164307,-0.1597270518541336,-0.11012471467256546,-0.025338735431432724,-0.1739421784877777,0.3814619481563568,-0.14443135261535645,-0.24396172165870667,-0.26575174927711487,-0.13660019636154175,-0.2779986560344696,0.02160501480102539,-0.2711811661720276,0.005293018650263548,-0.27512073516845703,0.35039836168289185,-0.0533401258289814,-0.27655160427093506,-0.10931612551212311,-0.2780427932739258,0.6270535588264465,-0.2544473111629486,-0.2320510894060135,-0.22601069509983063,-0.243942990899086,-0.25096395611763,-0.19879353046417236,-0.21977931261062622,-0.19565311074256897,0.01229633018374443,0.06930501759052277,-0.1405622959136963,-0.26981204748153687,-0.23912717401981354,0.6276249289512634,2.964351177215576,1.0966036319732666,-0.1461673229932785,-0.2777417302131653,0.7062245011329651,-0.27731257677078247,-0.2679305076599121,-0.17128930985927582,-0.26461169123649597,0.13822370767593384,0.3914327025413513,-0.06819804012775421,1.1676874160766602,1.7779237031936646,-0.060593027621507645,-0.1199168935418129,1.95097815990448,-0.2672417461872101,-0.2780720889568329,0.24041549861431122,-0.27844861149787903,1.062975525856018,0.7064698934555054,-0.10726381093263626,-0.27272751927375793,-0.18721903860569,-0.04332299903035164,-0.267477810382843,-0.07748618721961975,-0.24992938339710236,-0.2698632776737213,-0.20589128136634827,-0.0940888524055481,-0.2782479226589203,-0.2783866226673126,-0.07124007493257523,-0.1816849559545517,-0.27692240476608276,-0.2465532273054123,-0.2764042615890503,-0.27557700872421265,-0.27733808755874634,-0.1425033062696457,-0.050611712038517,-0.2769312858581543,-0.2467658817768097,-0.23876862227916718,-0.22251522541046143,-0.2782406508922577,-0.27080148458480835,0.3853987455368042,0.08027713000774384,-0.2784528434276581,-0.20076096057891846,0.14306451380252838,0.7870454788208008,-0.20144310593605042,1.1275904178619385,-0.08177008479833603,-0.23990070819854736,-0.22912470996379852,0.6708801984786987,-0.24568450450897217,-0.27845436334609985,-0.2672325372695923,-0.21810033917427063,0.6286330819129944,-0.27652671933174133,3.34216046333313,0.19526906311511993,-0.26344701647758484,-0.264413446187973,-0.06540180742740631,0.057569533586502075,-0.21918274462223053,0.8365940451622009,-0.01823371648788452,-0.15552173554897308,-0.26244667172431946,-0.27197450399398804
76,400,641,410,651,-0.2648901045322418,-0.12147786468267441,-0.20520061254501343,1.5788251161575317,-0.06020450219511986,-0.27823835611343384,1.2127227783203125,-0.17456847429275513,-0.2778286933898926,0.228391632437706,-0.11892802268266678,-0.12444642186164856,-0.18581631779670715,0.18464815616607666,1.5979082584381104,-0.27809834480285645,-0.24446053802967072,1.6244603395462036,-0.1980966031551361,0.7727888822555542,-0.14986659586429596,3.8161978721618652,-0.26174604892730713,3.394789218902588,2.724769353866577,-0.04031332582235336,-0.24362657964229584,-0.2676656246185303,-0.2589194178581238,-0.06497523933649063,-0.2615651786327362,-0.27027446031570435,-0.08669180423021317,1.769973635673523,-0.16636458039283752,-0.27588650584220886,0.3173079788684845,-0.11875386536121368,-0.16657105088233948,0.9497755169868469,-0.11249877512454987,0.5543534159660339,0.7305586338043213,-0.25336822867393494,-0.2782062292098999,2.584700345993042,-0.2727943956851959,2.0784499645233154,0.3405720889568329,-0.12865050137043,0.5985822677612305,-0.2784619927406311,-0.05602174252271652,-0.12339716404676437,1.3516114950180054,-0.04424857348203659,-0.25129619240760803,0.15039469301700592,-0.27556121349334717,-0.2677573263645172,0.04607988893985748,0.6939906477928162,-0.26635023951530457,-0.2602413594722748,0.456892192363739,-0.19801011681556702,-0.096114881336689,-0.23638424277305603,2.4020936489105225,-0.1696351319551468,1.6735870838165283,-0.2313545197248459,-0.26084384322166443,-0.2660393714904785,-0.2756457030773163,-0.27806058526039124,-0.22529426217079163,-0.12836337089538574,-0.23798854649066925,-0.10955575108528137,0.921692430973053,-0.12701529264450073,-0.2572529911994934,-0.1989586353302002,1.6214393377304077,-0.05236055701971054,-0.06688299030065536,-0.20847110450267792,2.5423030853271484,-0.19252844154834747,0.6549219489097595,1.0048242807388306,-0.2222943753004074,0.33437785506248474,-0.23142418265342712,-0.2769247889518738,0.12108360230922699,-0.19844000041484833,-0.11928746849298477,-0.26929086446762085,0.6347489356994629,-0.11486861854791641,-0.06128169596195221,0.49262961745262146,-0.02602175436913967,0.7723811268806458,2.2299768924713135,0.024217916652560234,-0.23232312500476837,-0.21466989815235138,-0.1458582878112793,-0.06360647082328796,2.1968932151794434,0.6031561493873596,-0.12627309560775757,0.2785590887069702,-0.2733324468135834,0.7113730311393738,0.398123562335968,1.1776654720306396,0.5737749338150024,1.0370628833770752,-0.27164605259895325,0.75334233045578,0.392947793006897,-0.07147183269262314,-0.16581220924854279,0.7330932021141052
77,677,464,690,475,-0.21527549624443054,-0.2570187449455261,-0.2716113328933716,1.3811712265014648,-0.05796867236495018,-0.16935423016548157,-0.18257997930049896,-0.27104032039642334,-0.2494991272687912,0.35132938623428345,-0.2779899835586548,-0.19134406745433807,-0.276210218667984,-0.2658030688762665,0.6398003101348877,-0.18097417056560516,-0.09858672320842743,0.7373020648956299,-0.12914708256721497,-0.18680958449840546,-0.2761327922344208,2.680786371231079,-0.27830398082733154,4.171939373016357,1.3887126445770264,-0.26479414105415344,-0.18091394007205963,-0.27345263957977295,-0.2737515866756439,-0.2533128261566162,-0.27497661113739014,-0.10577213764190674,0.5263267755508423,0.10664983838796616,-0.27746447920799255,-0.12974093854427338,0.11573748290538788,-0.22895443439483643,-0.08618133515119553,4.563170433044434,0.0030520495492964983,0.22561098635196686,-0.13315841555595398,-0.27663716673851013,-0.2622971534729004,0.5276165008544922,-0.19413167238235474,0.9606381058692932,-0.15695716440677643,0.3889501094818115,0.1903086155653,-0.1623084992170334,-0.2673199474811554,0.5121655464172363,-0.2273481786251068,-0.05766069144010544,-0.24234119057655334,-0.18515712022781372,-0.19039371609687805,-0.2759326994419098,0.14268694818019867,-0.16728751361370087,-0.2625415027141571,-0.266621857881546,-0.2782079875469208,-0.26258954405784607,-0.13711585104465485,-0.25139981508255005,5.611610412597656,0.20992685854434967,1.6266374588012695,-0.25982242822647095,-0.1321067363023758,-0.18643464148044586,-0.23696140944957733,-0.23926347494125366,-0.22599853575229645,-0.27354004979133606,-0.16368113458156586,-0.042209647595882416,-0.0203729085624218,-0.2620357871055603,-0.27811768651008606,-0.20332160592079163,-0.2539418935775757,-0.04978577047586441,-0.028608450666069984,-0.022766374051570892,1.7274235486984253,-0.2784644365310669,-0.27825912833213806,-0.03612605854868889,-0.2706981301307678,0.01398405246436596,-0.17757396399974823,-0.2735602855682373,0.26620933413505554,-0.2757425308227539,-0.20125453174114227,-0.15499252080917358,2.294273614883423,-0.24974282085895538,1.4210739135742188,0.6989651322364807,-0.1006292924284935,-0.2750862240791321,1.9667929410934448,-0.2620576322078705,-0.23261500895023346,-0.23238803446292877,-0.08758582919836044,-0.2716100811958313,-0.20191198587417603,3.3808417320251465,-0.27371087670326233,0.6624098420143127,-0.2610305845737457,-0.1787036508321762,0.3705328404903412,0.6038867235183716,0.6343828439712524,0.5341745615005493,-0.25785598158836365,1.167481541633606,0.4157947301864624,-0.2415332943201065,-0.2525738477706909,0.452612966299057
78,339,427,353,440,0.7775325775146484,-0.27794134616851807,0.0532129630446434,0.8718442916870117,-0.015797946602106094,-0.2768535315990448,-0.18827670812606812,-0.2618025541305542,-0.25606006383895874,-0.2733989655971527,1.4573532342910767,-0.2657822072505951,-0.24676194787025452,1.536446452140808,-0.24224090576171875,-0.2256462275981903,-0.06394266337156296,-0.13476814329624176,-0.2612079977989197,-0.16936515271663666,-0.2590729296207428,-0.20718111097812653,-0.20100820064544678,-0.2784442901611328,-0.24895763397216797,-0.27429577708244324,-0.18498440086841583,-0.2784633934497833,1.0135443210601807,0.14086948335170746,-0.2434229999780655,-0.10054732114076614,-0.03454400599002838,0.5227260589599609,-0.25359997153282166,-0.26340240240097046,-0.24897941946983337,-0.14528785645961761,-0.26520198583602905,-0.2773752808570862,-0.26184675097465515,-0.2366550862789154,-0.2686033546924591,0.16740424931049347,0.24502822756767273,-0.27642494440078735,-0.2767157554626465,0.7130031585693359,1.482446551322937,0.373563677072525,-0.05551658570766449,-0.20505893230438232,0.2438109666109085,-0.18572154641151428,-0.2182292640209198,-0.17346566915512085,-0.26422908902168274,0.41913774609565735,0.08070749044418335,-0.1396740972995758,0.8169825077056885,1.9242377281188965,-0.24158413708209991,0.09635462611913681,3.199967384338379,-0.27557796239852905,-0.26605528593063354,0.20050065219402313,-0.26900389790534973,1.2935090065002441,1.7961219549179077,-0.22021237015724182,-0.27654677629470825,-0.021081984043121338,-0.08603572845458984,-0.27312061190605164,0.572039783000946,-0.278355211019516,-0.14792440831661224,-0.1991002857685089,-0.2289278507232666,-0.26434963941574097,-0.2759976387023926,-0.2489584982395172,-0.11374359577894211,-0.2764922082424164,-0.2782229781150818,-0.11171076446771622,-0.14039939641952515,-0.24578355252742767,-0.1227991059422493,-0.14412331581115723,-0.2278832346200943,-0.23139634728431702,-0.27731114625930786,-0.16845999658107758,-0.2778039574623108,-0.11543986201286316,-0.2415320724248886,0.28335657715797424,-0.14347359538078308,0.26933351159095764,0.38350868225097656,0.8256529569625854,-0.254083514213562,0.7662786245346069,0.043987780809402466,-0.2128550261259079,-0.2717546820640564,0.22072118520736694,-0.2335926741361618,-0.2643890678882599,-0.23497699201107025,0.06757836788892746,0.4413512647151947,-0.2666013836860657,1.8772035837173462,-0.2661493718624115,-0.2530616223812103,-0.0084530645981431,-0.09410334378480911,0.13111844658851624,-0.18426194787025452,0.9193633794784546,-0.009393971413373947,-0.1265658736228943,0.6488447189331055,-0.2609378397464752
79,78,524,86,533,0.3386671543121338,-0.2307739555835724,0.3042241334915161,1.062784194946289,-0.20288386940956116,-0.2779655158519745,-0.1214931458234787,-0.13202504813671112,-0.26547226309776306,-0.09633272886276245,0.4217942953109741,-0.2523733675479889,0.018706729635596275,0.9024390578269958,-0.201436385512352,-0.03620247542858124,-0.2784143090248108,-0.24355639517307281,-0.24761146306991577,-0.27566924691200256,-0.24775105714797974,-0.036059070378541946,0.03022298403084278,-0.2098030000925064,0.0501561276614666,-0.22050559520721436,-0.007103575859218836,-0.26509952545166016,0.28931763768196106,0.011724105104804039,0.04021109268069267,-0.19330622255802155,-0.05752217397093773,0.32968461513519287,-0.21878582239151,-0.27080363035202026,-0.20950272679328918,0.1456005871295929,-0.2703092694282532,-0.07375352829694748,-0.2770977318286896,-0.15391480922698975,-0.2576098144054413,-0.1648750752210617,0.10671509057283401,-0.09568367898464203,-0.10152839869260788,0.4887551963329315,0.4292829930782318,-0.006038275547325611,0.32832232117652893,-0.2607422471046448,0.03518487140536308,-0.1542065590620041,0.13436570763587952,-0.24090492725372314,-0.24373392760753632,-0.20058859884738922,0.202095627784729,-0.2686607241630554,0.08752894401550293,1.1861181259155273,-0.10413127392530441,-0.04794612154364586,1.381629467010498,-0.24969740211963654,-0.25827664136886597,0.47764715552330017,-0.1488320231437683,0.7622173428535461,0.8058763146400452,-0.2639962136745453,-0.20160217583179474,-0.18863363564014435,-0.1882360428571701,-0.27651143074035645,0.27380529046058655,-0.2748847007751465,-0.2502616345882416,-0.2783639132976532,-0.051564738154411316,-0.24658265709877014,-0.24667805433273315,-0.2691895663738251,-0.13295018672943115,0.2357860505580902,-0.2180967479944229,-0.27798980474472046,0.287892609834671,-0.26907825469970703,-0.27797943353652954,-0.10070549696683884,-0.01200126763433218,-0.265882283449173,-0.12168339639902115,-0.2738588750362396,-0.18954306840896606,0.04281451553106308,-0.027425017207860947,0.16439872980117798,0.061660487204790115,0.41901805996894836,0.20518021285533905,0.46082791686058044,-0.27456212043762207,0.21517729759216309,0.41874417662620544,-0.2764180302619934,-0.17702195048332214,0.5989583134651184,-0.25528576970100403,-0.2724558413028717,-0.1926693618297577,-0.12775209546089172,0.3654518127441406,-0.2426525205373764,0.928738534450531,-0.2723003625869751,-0.24528688192367554,-0.0020281572360545397,-0.09571097791194916,0.3086848258972168,-0.26637566089630127,0.27044904232025146,-0.10692622512578964,-0.015571137890219688,-0.16349899768829346,-0.1999383419752121
