id,x0,y0,x1,y1,f0,f1,f2,f3,f4,f5,f6,f7,f8,f9,f10,f11,f12,f13,f14,f15,f16,f17,f18,f19,f20,f21,f22,f23,f24,f25,f26,f27,f28,f29,f30,f31,f32,f33,f34,f35,f36,f37,f38,f39,f40,f41,f42,f43,f44,f45,f46,f47,f48,f49,f50,f51,f52,f53,f54,f55,f56,f57,f58,f59,f60,f61,f62,f63,f64,f65,f66,f67,f68,f69,f70,f71,f72,f73,f74,f75,f76,f77,f78,f79,f80,f81,f82,f83,f84,f85,f86,f87,f88,f89,f90,f91,f92,f93,f94,f95,f96,f97,f98,f99,f100,f101,f102,f103,f104,f105,f106,f107,f108,f109,f110,f111,f112,f113,f114,f115,f116,f117,f118,f119,f120,f121,f122,f123,f124,f125,f126,f127
0,285,156,359,225,0.4823873043060303,-0.2209518998861313,0.2922571301460266,1.0660043954849243,-0.23268578946590424,-0.19146545231342316,0.08001464605331421,-0.09203438460826874,-0.09574457257986069,-0.20953364670276642,0.36976519227027893,-0.22245174646377563,-0.025620723143219948,0.2936396300792694,0.27717408537864685,-0.14488041400909424,-0.21707813441753387,-0.14210113883018494,0.012982967309653759,-0.0604686439037323,0.1438986361026764,0.07783687859773636,0.6570871472358704,0.009950583800673485,0.2587543725967407,0.07476289570331573,-0.15689469873905182,-0.1642874777317047,0.3847450911998749,0.23476199805736542,-0.08015468716621399,-0.1894984096288681,-0.0968814492225647,0.2871624529361725,-0.13789784908294678,-0.16498751938343048,-0.22482530772686005,0.44182541966438293,-0.18969152867794037,0.24670955538749695,-0.2337355613708496,-0.16567128896713257,0.20383983850479126,0.2121320515871048,0.16951444745063782,-0.1449006199836731,-0.23444810509681702,0.3866536021232605,0.22464534640312195,0.5642032027244568,0.2922801971435547,-0.05869775637984276,0.46384161710739136,-0.22617658972740173,0.3213258981704712,-0.06965779513120651,-0.2133154422044754,0.03822935372591019,0.5081483125686646,-0.19615384936332703,0.28944939374923706,0.6968480944633484,-0.1605551838874817,-0.12413410097360611,0.2817486822605133,0.02760980650782585,-0.1668371558189392,0.34835052490234375,0.09555462002754211,0.6451191902160645,0.5625578165054321,-0.1726335883140564,0.07983054220676422,0.22673316299915314,-0.13870899379253387,-0.033706169575452805,0.16968384385108948,-0.14098680019378662,-0.1640993356704712,-0.18728233873844147,0.2405148297548294,-0.1589241921901703,-0.261918842792511,0.5132080316543579,0.0581342950463295,0.23665760457515717,-0.19074828922748566,-0.20715180039405823,0.3706698715686798,-0.21766982972621918,-0.02817312628030777,0.37107235193252563,0.32301971316337585,-0.2600167989730835,-0.12638668715953827,-0.21673184633255005,-0.21242229640483856,-0.11446847021579742,-0.12860830128192902,0.1947895884513855,-0.04007410630583763,0.16068518161773682,0.05234716087579727,0.4992178976535797,-0.058746740221977234,0.31351757049560547,0.23028229176998138,0.09027576446533203,-0.08383125066757202,-0.08275808393955231,0.11023636162281036,-0.19293265044689178,-0.01969771459698677,-0.09726978093385696,0.5169349312782288,-0.16346222162246704,0.7540795803070068,-0.17488344013690948,-0.2345525324344635,0.03111911378800869,-0.10416614264249802,0.21724548935890198,-0.044894322752952576,0.3512999415397644,-0.09552060067653656,0.5789102911949158,-0.1147603690624237,-0.18796110153198242
1,417,481,473,534,0.6175813674926758,-0.22297684848308563,0.5156721472740173,1.038084626197815,-0.20054681599140167,-0.12989050149917603,0.13372428715229034,-0.19258429110050201,-0.21255134046077728,-0.2406981736421585,0.271860808134079,0.03184662014245987,-0.07321414351463318,0.5103833675384521,0.24232718348503113,-0.19825753569602966,-0.07405462861061096,-0.13232047855854034,0.5993742346763611,-0.0013504491653293371,0.04914934188127518,-0.026573482900857925,0.6096435785293579,0.005132913589477539,0.15505513548851013,0.29056811332702637,-0.1736324578523636,-0.15430188179016113,0.4814779460430145,0.3448590040206909,-0.15260618925094604,-0.2251540869474411,-0.07300707697868347,0.29208916425704956,-0.1457861363887787,-0.0587492398917675,-0.2338494211435318,0.4146212339401245,-0.22605644166469574,0.20383255183696747,-0.2500969469547272,-0.18934370577335358,0.29040420055389404,0.29836130142211914,0.2688620984554291,-0.20116612315177917,-0.22634686529636383,0.42806950211524963,0.3600972890853882,0.48750367760658264,0.23189443349838257,0.09932056069374084,0.5178648829460144,-0.23560751974582672,0.5190770626068115,0.054460782557725906,-0.16214993596076965,0.1605752557516098,0.6468722820281982,-0.16280195116996765,0.4016731381416321,0.6002622842788696,-0.1336372196674347,0.1780140995979309,0.4028945565223694,0.31271207332611084,0.15582309663295746,0.2936900556087494,-0.058894798159599304,0.801502525806427,0.5245546698570251,-0.16390830278396606,-0.02176032029092312,0.3195348083972931,-0.18222688138484955,-0.002112926682457328,0.2992073595523834,-0.10809315741062164,-0.14109386503696442,-0.20352254807949066,0.1461114138364792,-0.21050429344177246,-0.26931867003440857,0.6684271097183228,-0.028743840754032135,0.4564818739891052,-0.24130946397781372,-0.18561941385269165,0.11783862113952637,-0.2395569235086441,-0.09304279088973999,0.383452832698822,0.1854090392589569,-0.2532844841480255,0.01970171555876732,-0.1994447559118271,-0.2406112551689148,-0.09522254019975662,-0.16692140698432922,0.21838098764419556,-0.052433472126722336,-0.05453011766076088,0.06376349925994873,0.48299938440322876,0.17470788955688477,0.3809826672077179,0.047429781407117844,0.1938609927892685,-0.012141280807554722,-0.10799169540405273,0.25423604249954224,-0.21915215253829956,0.11935076117515564,-0.1619243323802948,0.6207234859466553,-0.17085061967372894,0.8936992287635803,-0.1911613792181015,-0.25219687819480896,-0.04560523480176926,-0.14729584753513336,0.18229037523269653,0.17065170407295227,0.4413137137889862,-0.132796049118042,1.1321991682052612,-0.006785738747566938,-0.21395812928676605
2,184,548,280,639,0.5012420415878296,-0.20116998255252838,0.3056181073188782,1.0313071012496948,-0.24633711576461792,-0.186540886759758,0.005261603277176619,-0.0909791886806488,-0.15073412656784058,-0.20114049315452576,0.31403014063835144,-0.2368389517068863,0.0006739755626767874,0.09729773551225662,0.08367166668176651,-0.127969428896904,-0.2272598296403885,-0.2237452119588852,-0.2028454840183258,-0.21472369134426117,0.07598759979009628,0.015225589275360107,0.6292639374732971,-0.020594323053956032,0.0975908562541008,-0.05941898003220558,-0.17851251363754272,-0.17186111211776733,0.2273566871881485,0.28780505061149597,-0.031330544501543045,-0.2595035135746002,-0.08681915700435638,0.14508792757987976,-0.14764343202114105,-0.24131475389003754,-0.23885057866573334,0.4559327960014343,-0.23507149517536163,0.12693476676940918,-0.2584463655948639,-0.19002437591552734,0.06866011768579483,0.010519352741539478,0.17054809629917145,-0.1997838020324707,-0.19878698885440826,0.2857734262943268,0.08725757896900177,0.2984091639518738,0.13666227459907532,-0.16364768147468567,0.2751457989215851,-0.231310173869133,0.336799681186676,-0.1510733962059021,-0.2659827470779419,-0.05084121227264404,0.46223023533821106,-0.217042475938797,0.22369413077831268,0.6466358304023743,-0.15140607953071594,-0.21258233487606049,0.15093010663986206,0.10546538233757019,-0.16889770328998566,0.33432576060295105,0.013416805304586887,0.6569429039955139,0.6290845274925232,-0.20731373131275177,0.05254100635647774,0.18747717142105103,-0.12277218699455261,-0.09484134614467621,0.028761187568306923,-0.18040026724338531,-0.22388161718845367,-0.21427002549171448,0.2499801069498062,-0.1962832510471344,-0.26583364605903625,0.34605881571769714,-0.07067270576953888,0.5836154222488403,-0.04165973141789436,-0.223558709025383,0.22354388236999512,-0.21590770781040192,-0.2540028691291809,0.3950890004634857,0.34505361318588257,-0.2498859316110611,-0.15400519967079163,-0.20851415395736694,-0.21276602149009705,-0.06594818085432053,-0.15194661915302277,0.23578935861587524,-0.11947260797023773,0.13140681385993958,-0.03913257643580437,0.3953028917312622,-0.18037103116512299,0.29993975162506104,0.09528481215238571,-0.08645462989807129,-0.050948966294527054,-0.03507274016737938,-0.02772819623351097,-0.2161272168159485,-0.111663818359375,-0.19951508939266205,0.5923484563827515,-0.21937398612499237,0.6480836868286133,-0.2305697500705719,-0.25772950053215027,-0.006925967521965504,-0.12232575565576553,0.3075316548347473,-0.10557064414024353,0.139756441116333,-0.10842812061309814,0.439614862203598,-0.1904812902212143,-0.19715453684329987
3,222,233,284,290,0.5366655588150024,-0.2511269450187683,0.08871153742074966,1.0333706140518188,-0.1684640645980835,-0.05825677514076233,0.2558826208114624,-0.1790458858013153,0.026341695338487625,-0.16874417662620544,0.19841726124286652,-0.0861363410949707,-0.05638277530670166,0.023780783638358116,0.30501788854599,-0.1900080144405365,-0.19088953733444214,-0.12898266315460205,0.19585099816322327,-0.08598209917545319,0.11114004254341125,0.12222529202699661,0.8046765327453613,0.12578929960727692,0.09775898605585098,0.08550214767456055,-0.17256376147270203,-0.19257710874080658,0.33476272225379944,0.49107351899147034,-0.1513923555612564,-0.20312681794166565,-0.14755851030349731,0.1589934527873993,-0.17198313772678375,-0.12838436663150787,-0.16799554228782654,0.5544120669364929,0.13508565723896027,0.16269218921661377,-0.008535787463188171,-0.13102169334888458,0.09993903338909149,0.02016998827457428,0.06268458068370819,0.08649393916130066,-0.23202605545520782,0.7464817762374878,0.19522912800312042,0.7203754186630249,0.26505720615386963,-0.028323281556367874,0.30552178621292114,-0.19790151715278625,0.5357621312141418,-0.1683686226606369,-0.15362146496772766,0.199257031083107,0.3261615037918091,-0.15477237105369568,0.6527538895606995,0.4108524024486542,-0.005081217736005783,-0.13667428493499756,0.12191648036241531,0.037021566182374954,-0.0711267963051796,0.17607076466083527,0.41690313816070557,0.695014238357544,0.5051239132881165,-0.20594234764575958,0.09602613002061844,0.3266858458518982,-0.2083100974559784,-0.0823749303817749,0.536979615688324,-0.09160098433494568,0.03291916847229004,-0.18937283754348755,0.2877767086029053,-0.23768457770347595,-0.24615360796451569,0.479339063167572,0.7414650321006775,0.2796674966812134,-0.2179090827703476,-0.12816059589385986,0.38068926334381104,-0.25468337535858154,-0.19570380449295044,0.5335385203361511,0.6455638408660889,-0.2126316875219345,-0.11337720602750778,-0.11224871873855591,-0.14280301332473755,-0.18444958329200745,-0.19563028216362,0.1974281668663025,-0.03824697807431221,-0.0037789996713399887,-0.02031722664833069,0.3662555515766144,0.5837692022323608,0.15110349655151367,0.028203433379530907,0.4512541592121124,-0.1643843650817871,-0.13198885321617126,0.6761711239814758,-0.1328650861978531,-0.021244201809167862,0.32160815596580505,0.46151766180992126,-0.058649271726608276,0.6752543449401855,-0.04247017204761505,-0.21542391180992126,0.1368096023797989,-0.07580802589654922,0.3170444667339325,0.08870312571525574,0.4569130837917328,-0.11429736763238907,0.5696207284927368,-0.20262204110622406,-0.21065856516361237
4,452,324,508,377,0.6787317991256714,-0.21625716984272003,0.4984198808670044,1.017693042755127,-0.24352508783340454,-0.13378995656967163,0.17871294915676117,-0.1882404237985611,-0.19552427530288696,-0.2510451674461365,0.3814881443977356,-0.0267478059977293,0.03929727151989937,0.3049317002296448,0.08379096537828445,-0.19788211584091187,-0.0402659997344017,-0.20260219275951385,0.6723014116287231,-0.1854419857263565,0.2378067672252655,-0.11431034654378891,0.7784039974212646,-0.021831857040524483,0.01422498095780611,0.28663572669029236,-0.16697795689105988,-0.17886488139629364,0.4343031346797943,0.48990970849990845,-0.16251671314239502,-0.23214176297187805,-0.046952985227108,0.40117427706718445,-0.1375693529844284,0.11203253269195557,-0.23321835696697235,0.4141741693019867,-0.22209282219409943,0.005595708731561899,-0.2171122431755066,-0.19108344614505768,0.07448504865169525,0.40388092398643494,0.23095938563346863,-0.21754829585552216,-0.2450588345527649,0.5227921605110168,0.26093727350234985,0.6461293697357178,0.1551256775856018,0.03822914883494377,0.5418263673782349,-0.2370947152376175,0.26741132140159607,0.04255738481879234,-0.10605429857969284,0.2064925879240036,0.5445394515991211,-0.15487194061279297,0.35290807485580444,0.528944730758667,-0.08824017643928528,0.10480649769306183,0.31379660964012146,0.2822366952896118,0.2213234305381775,0.34892866015434265,0.01047396007925272,0.7738540172576904,0.5187369585037231,-0.1514388769865036,-0.054138682782649994,0.3307073414325714,-0.20770643651485443,-0.03744298592209816,0.22778934240341187,-0.055381353944540024,-0.1780305653810501,-0.21052579581737518,0.02296322211623192,-0.22301851212978363,-0.2705915868282318,0.570178747177124,-0.10721128433942795,0.39679744839668274,-0.20141714811325073,-0.20540523529052734,0.1362892985343933,-0.24126069247722626,-0.2059756964445114,0.3765556216239929,0.21778756380081177,-0.257588654756546,0.15004904568195343,-0.19021499156951904,-0.2331482619047165,-0.002431631088256836,-0.2091807723045349,0.18932805955410004,-0.06833665817975998,0.048002976924180984,0.0533299557864666,0.4906485974788666,0.24146832525730133,0.16257718205451965,0.0752999410033226,0.08869370073080063,0.10793015360832214,-0.08833498507738113,0.29232117533683777,-0.1966046690940857,-0.1230408325791359,-0.2064277082681656,0.6658123731613159,-0.19450901448726654,0.8991267085075378,-0.21509689092636108,-0.24282138049602509,-0.07985886931419373,-0.16629841923713684,0.23615561425685883,0.14263947308063507,0.3799295723438263,-0.1046392023563385,1.0202560424804688,-0.0450059212744236,-0.2198352962732315
5,736,354,790,406,0.5183092951774597,-0.22683167457580566,0.5121810436248779,1.0085326433181763,-0.2126566618680954,-0.13763068616390228,0.10628921538591385,-0.20741067826747894,-0.16353781521320343,-0.24497339129447937,0.3494212329387665,-0.0692039206624031,-0.12676505744457245,0.4189600646495819,0.24543333053588867,-0.21976685523986816,-0.1068609356880188,-0.1104697436094284,0.5696790218353271,-0.1601598858833313,0.06563341617584229,-0.07172287255525589,0.8128678798675537,-0.0037986701354384422,0.10859448462724686,0.2702156603336334,-0.21893846988677979,-0.19000065326690674,0.5313616991043091,0.5644675493240356,-0.1564566045999527,-0.2183353155851364,-0.0789041668176651,0.12718968093395233,-0.16980360448360443,-0.17415234446525574,-0.2436772733926773,0.4729653596878052,-0.24209743738174438,0.14613689482212067,-0.2667500972747803,-0.22113342583179474,0.26971757411956787,0.24157100915908813,0.06976158171892166,-0.21140515804290771,-0.22081060707569122,0.3867066502571106,0.18590135872364044,0.712280809879303,0.14981916546821594,0.06552311778068542,0.5964213609695435,-0.2402077317237854,0.46721798181533813,-0.0951976552605629,-0.2282613068819046,0.022797841578722,0.591256856918335,-0.1602257341146469,0.2902752161026001,0.43104687333106995,-0.17651112377643585,0.07235123217105865,0.33502328395843506,0.26382529735565186,0.06691641360521317,0.2618793249130249,-0.05433787405490875,0.8938844203948975,0.3927801847457886,-0.20104531943798065,0.07641807198524475,0.1417510211467743,-0.1835857480764389,-0.019390197470784187,0.18881453573703766,-0.12803244590759277,-0.1749456226825714,-0.22278520464897156,0.2012157291173935,-0.24380739033222198,-0.2675704061985016,0.904204249382019,-0.023315535858273506,0.373780757188797,-0.21774938702583313,-0.14046801626682281,0.15115267038345337,-0.2317625880241394,-0.19655844569206238,0.47980478405952454,0.17255109548568726,-0.24659371376037598,-0.06954918801784515,-0.19907331466674805,-0.22996701300144196,-0.1749809831380844,-0.194986030459404,0.2795783281326294,-0.09164774417877197,-0.05176229029893875,0.007246611639857292,0.42108190059661865,0.29301342368125916,0.19346369802951813,0.04898644611239433,0.16189643740653992,-0.029811173677444458,-0.1891113966703415,0.15686869621276855,-0.2519664168357849,0.022322362288832664,-0.08729563653469086,0.616791844367981,-0.1926727294921875,0.9390586018562317,-0.20587825775146484,-0.2569214999675751,0.00868968665599823,-0.14244522154331207,0.17595596611499786,0.28961583971977234,0.43422889709472656,-0.17426379024982452,0.9822075963020325,-0.017016520723700523,-0.2169817090034485
6,386,331,458,399,0.6798386573791504,-0.21885177493095398,0.4294291138648987,1.0680365562438965,-0.23069192469120026,-0.15850338339805603,0.21317869424819946,-0.14919531345367432,-0.19922031462192535,-0.21365229785442352,0.2890506386756897,-0.1400681734085083,0.004798751324415207,0.25532612204551697,0.32283902168273926,-0.1509394347667694,-0.21634569764137268,-0.18268826603889465,0.2638477087020874,0.013558591715991497,0.3897482752799988,0.005190346390008926,0.8142387866973877,0.14388668537139893,0.17974337935447693,0.27524900436401367,-0.1741582751274109,-0.1888563334941864,0.48583054542541504,0.4879322350025177,-0.11773215979337692,-0.20763154327869415,-0.025907739996910095,0.38334211707115173,-0.1339055597782135,-0.02580529823899269,-0.2253532111644745,0.6325185298919678,-0.13172246515750885,0.24439536035060883,-0.2019687294960022,-0.16512103378772736,0.17882174253463745,0.4916684031486511,0.31092166900634766,-0.16652372479438782,-0.23116779327392578,0.4661332070827484,0.2738826274871826,0.5830175876617432,0.28382956981658936,0.027364660054445267,0.6753449440002441,-0.22954432666301727,0.2694629728794098,-0.14472505450248718,-0.11193308234214783,0.2813250422477722,0.5788294076919556,-0.1952800154685974,0.4733835756778717,0.5837156772613525,-0.10249476879835129,0.06560322642326355,0.2138131707906723,0.21817660331726074,-0.1566125750541687,0.3114960193634033,0.17392094433307648,0.6288968920707703,0.5698261857032776,-0.13199302554130554,0.07891027629375458,0.37818995118141174,-0.16602520644664764,-0.0016482817009091377,0.2801330089569092,0.014079418033361435,-0.14458566904067993,-0.23154710233211517,0.13752694427967072,-0.190349280834198,-0.26876020431518555,0.43748587369918823,-0.020584844052791595,0.09534686803817749,-0.23647400736808777,-0.19606414437294006,0.32647204399108887,-0.2523600459098816,0.014898225665092468,0.3899759352207184,0.457696795463562,-0.25793105363845825,-0.09673923254013062,-0.20573100447654724,-0.23125985264778137,-0.07637029886245728,-0.1725551187992096,0.15266363322734833,-0.006317330524325371,0.17411041259765625,0.0898737907409668,0.45332393050193787,0.2477852702140808,0.414401113986969,0.16013258695602417,0.04619481787085533,-0.01212865300476551,-0.13271445035934448,0.23677131533622742,-0.1704929620027542,-0.06645525991916656,-0.1794748604297638,0.562667727470398,-0.11774192750453949,0.8125414252281189,-0.11237673461437225,-0.22193683683872223,0.0014516450464725494,-0.14308857917785645,0.3463587760925293,-0.010452557355165482,0.3335530459880829,-0.055366139858961105,0.7364388108253479,0.009542937390506268,-0.19115862250328064
7,645,572,682,607,0.15518394112586975,-0.2570439875125885,-0.266512393951416,1.0862751007080078,-0.19967040419578552,-0.17028892040252686,0.5101421475410461,-0.24127891659736633,-0.24191342294216156,-0.22325623035430908,0.3695639967918396,-0.20377151668071747,-0.02957744151353836,0.02820887416601181,0.21757638454437256,-0.24183766543865204,-0.1533477008342743,0.23961597681045532,-0.26045387983322144,-0.26187148690223694,-0.048118527978658676,-0.0995471328496933,0.18355712294578552,1.6672706604003906,0.3049030303955078,1.1287789344787598,0.34960290789604187,0.0705687552690506,0.13176177442073822,0.3548903167247772,-0.0285988450050354,0.11121220141649246,0.0674794465303421,0.3452457785606384,-0.1961905062198639,-0.24517536163330078,0.031932249665260315,-0.1369888186454773,-0.12077145278453827,-0.19048765301704407,0.10090711712837219,-0.03437452018260956,-0.05112637206912041,-0.0037716273218393326,0.7302270531654358,0.13621839880943298,-0.08093669265508652,0.36541059613227844,0.3714958429336548,0.3648158609867096,1.5247163772583008,0.17117637395858765,0.11327701061964035,-0.19889813661575317,0.304450124502182,-0.24840745329856873,0.26674509048461914,0.3954017758369446,1.3714230060577393,-0.1507265716791153,-0.11080141365528107,0.4084599018096924,-0.03355629742145538,-0.21249477565288544,0.06745858490467072,-0.0159711092710495,0.37626510858535767,0.14021319150924683,-0.1257931888103485,0.6058819890022278,0.2450064867734909,-0.1877271682024002,-0.22476887702941895,0.09174396097660065,-0.14097943902015686,-0.021693870425224304,0.055421385914087296,-0.21267341077327728,-0.18648162484169006,-0.21590594947338104,0.26646843552589417,-0.2619241178035736,-0.26259124279022217,1.3066737651824951,0.43619704246520996,-0.0776609256863594,-0.09442728757858276,-0.17343616485595703,0.11752630025148392,-0.15698689222335815,-0.26315438747406006,0.3570873737335205,-0.1098192110657692,-0.005576461553573608,0.02432163804769516,0.07749884575605392,-0.030865896493196487,0.14405880868434906,-0.2548089027404785,0.030255064368247986,1.3908076286315918,-0.11716319620609283,0.13824842870235443,0.3002076745033264,-0.15021032094955444,-0.24550200998783112,0.08841700106859207,0.643486738204956,-0.20963117480278015,-0.1566358208656311,0.7963550686836243,0.14109200239181519,-0.13625547289848328,0.27204182744026184,0.5312607288360596,-0.16108743846416473,0.07592276483774185,-0.20798251032829285,-0.08749239891767502,-0.18535000085830688,0.0076050953939557076,0.14674469828605652,-0.026297688484191895,0.9964714646339417,-0.06644731760025024,0.372281938791275,-0.1055077314376831,-0.005293823778629303
8,639,845,681,884,0.47562286257743835,-0.2180464118719101,-0.06426534056663513,1.0177723169326782,-0.21392875909805298,-0.12922710180282593,0.13461048901081085,-0.0903412476181984,-0.13922521471977234,-0.1531977355480194,0.3427453339099884,-0.24288861453533173,-0.03466521203517914,0.10449729859828949,0.28929591178894043,-0.18991045653820038,-0.031653180718421936,-0.047128550708293915,0.15045763552188873,0.00424406910315156,-0.06521623581647873,0.2599700689315796,0.4051440954208374,0.10048869997262955,0.5609591007232666,0.13582327961921692,-0.14940021932125092,-0.009695927612483501,0.08994374424219131,0.21340087056159973,-0.162392720580101,-0.12470579147338867,-0.09877327084541321,0.17285816371440887,-0.14973300695419312,-0.21242310106754303,-0.23633190989494324,0.18461740016937256,-0.227028951048851,0.19061966240406036,-0.22073835134506226,-0.18100064992904663,0.0080152852460742,-0.10654398798942566,-0.003191153286024928,-0.12309952825307846,-0.20574595034122467,0.3067958354949951,0.1539977788925171,0.23647506535053253,0.44960296154022217,0.0460147000849247,0.21328797936439514,-0.21781212091445923,0.5941148996353149,-0.22356820106506348,-0.1717517226934433,0.01932564750313759,0.6875581741333008,-0.14704106748104095,0.06739768385887146,0.4996130168437958,-0.16055522859096527,-0.2058793157339096,0.014608019031584263,-0.18394218385219574,0.02036522515118122,0.15048561990261078,0.12620751559734344,0.47814497351646423,0.5519872307777405,-0.201364666223526,-0.028196781873703003,0.1432572901248932,-0.056186847388744354,-0.1252606064081192,0.045311834663152695,-0.17738482356071472,-0.17739909887313843,-0.22368258237838745,0.22524945437908173,-0.19868332147598267,-0.2748648226261139,0.675971269607544,0.29783329367637634,0.35419851541519165,-0.13899722695350647,-0.1870948225259781,0.3076300621032715,-0.18505755066871643,-0.16394689679145813,0.37262821197509766,0.09725385159254074,-0.24363332986831665,0.08505214750766754,-0.18435180187225342,-0.2117881029844284,-0.08623602241277695,-0.2212643027305603,0.23735618591308594,0.011733081191778183,0.04175974428653717,-0.02407386153936386,0.17090074717998505,0.024936318397521973,0.13192105293273926,0.2139681726694107,0.5794075727462769,-0.1417900174856186,0.0037402245216071606,-0.07473327219486237,-0.20927566289901733,-0.11906763911247253,-0.20691916346549988,0.539118766784668,-0.18495167791843414,0.3859115242958069,-0.1815689653158188,-0.19479340314865112,0.07527489215135574,-0.11353489756584167,0.25138235092163086,0.2436131089925766,0.5140306949615479,-0.16396623849868774,0.7181566953659058,-0.21887782216072083,-0.18261460959911346
9,412,177,469,231,0.6662585139274597,-0.20568090677261353,0.42108070850372314,1.058831810951233,-0.2353442758321762,-0.190470889210701,0.10059740394353867,-0.16956710815429688,-0.2215098738670349,-0.250352144241333,0.33287313580513,0.010519643314182758,-0.07270798087120056,0.40791893005371094,0.3385108411312103,-0.170138880610466,-0.14838296175003052,-0.21310023963451385,0.43945345282554626,-0.10735193639993668,0.16294114291667938,0.03961452096700668,0.6902670860290527,-0.032027553766965866,0.15334336459636688,0.13809405267238617,-0.18460272252559662,-0.13368375599384308,0.5865282416343689,0.4729023873806,-0.12604229152202606,-0.2368612289428711,-0.06753797084093094,0.24649842083454132,-0.13695977628231049,-0.1216920018196106,-0.22547101974487305,0.4172377586364746,-0.19781191647052765,0.15215681493282318,-0.24675564467906952,-0.182565376162529,0.03968212008476257,0.36801040172576904,0.07138890773057938,-0.19195987284183502,-0.21297083795070648,0.34851527214050293,0.18445540964603424,0.5299038290977478,0.21690993010997772,0.05423465743660927,0.6260607838630676,-0.22456209361553192,0.6198579668998718,-0.09596332162618637,-0.12883974611759186,0.1718803197145462,0.5123695135116577,-0.2126014232635498,0.4186365604400635,0.5791836380958557,-0.14807260036468506,0.06904172152280807,0.3506370484828949,0.14769645035266876,-0.047058045864105225,0.4842233657836914,-0.026103341951966286,0.6819127202033997,0.4886147975921631,-0.19248445332050323,0.04560459032654762,0.321073442697525,-0.1523287296295166,-0.047871604561805725,0.30097755789756775,-0.07698569446802139,-0.1126561090350151,-0.22704696655273438,0.11635255813598633,-0.21881026029586792,-0.26263198256492615,0.6746008992195129,-0.02172173373401165,0.17468851804733276,-0.19052456319332123,-0.2015303373336792,0.2721913158893585,-0.2291267365217209,-0.16207604110240936,0.41801127791404724,0.3058886229991913,-0.26085665822029114,-0.0727868527173996,-0.18410658836364746,-0.2235189825296402,-0.09280985593795776,-0.1831604242324829,0.16935183107852936,-0.014620818197727203,0.054561447352170944,0.014895695261657238,0.5496740937232971,0.1593550443649292,0.3725314140319824,0.082098588347435,0.12943507730960846,-0.05644259974360466,-0.13693374395370483,0.19934658706188202,-0.2182566076517105,0.08947843313217163,-0.1485285609960556,0.6291463375091553,-0.16227783262729645,0.8615452647209167,-0.16831927001476288,-0.22669152915477753,-0.003502529812976718,-0.1440708488225937,0.2653826177120209,0.06928721815347672,0.38097426295280457,-0.0978652834892273,0.8195220828056335,-0.013780021108686924,-0.19793860614299774
10,388,260,469,332,0.6635955572128296,-0.19602882862091064,0.3895922303199768,1.0476160049438477,-0.2331576645374298,-0.1436154991388321,0.12241103500127792,-0.1589808464050293,-0.08796070516109467,-0.1856611967086792,0.16753681004047394,0.1382475346326828,-0.03781924396753311,0.1757587492465973,0.2695559859275818,-0.14119865000247955,-0.2084871232509613,-0.055730681866407394,0.22286459803581238,-0.16380707919597626,0.12461713701486588,-0.009802384302020073,0.7207604646682739,0.03254774585366249,0.04198785871267319,0.23659677803516388,-0.16474123299121857,-0.17483735084533691,0.3290930390357971,0.5030002593994141,-0.1316026896238327,-0.2420179843902588,-0.01895628497004509,0.23120753467082977,-0.13564035296440125,-0.15275558829307556,-0.2304227352142334,0.6109347939491272,-0.20778696238994598,0.12907201051712036,-0.20903627574443817,-0.18201376497745514,0.12441267818212509,0.14088472723960876,0.2135939598083496,-0.1867295205593109,-0.20465826988220215,0.2985501289367676,0.27926814556121826,0.5263723731040955,0.14627861976623535,0.04234956204891205,0.40869420766830444,-0.23393747210502625,0.4766916334629059,0.08859937638044357,-0.21684038639068604,0.1690431833267212,0.48995742201805115,-0.2100166380405426,0.4357489049434662,0.6004207730293274,-0.11451508849859238,-0.1966995894908905,0.26093077659606934,0.1615508794784546,-0.09367400407791138,0.23075473308563232,0.1224195584654808,0.7548779249191284,0.6190552711486816,-0.18336132168769836,0.11543615907430649,0.25726622343063354,-0.17256824672222137,-0.021615255624055862,0.16737115383148193,-0.09667852520942688,-0.19002509117126465,-0.19057393074035645,0.1857537180185318,-0.2042723149061203,-0.26798105239868164,0.7447816133499146,0.03590100258588791,0.3707602322101593,-0.13018380105495453,-0.21098491549491882,0.19646616280078888,-0.2483799010515213,-0.1340222954750061,0.48847636580467224,0.30759406089782715,-0.2593103349208832,-0.06777741760015488,-0.20107440650463104,-0.2162335216999054,-0.12132620811462402,-0.15664885938167572,0.21120186150074005,-0.03876177594065666,0.17681404948234558,0.013413727283477783,0.37215039134025574,0.23089711368083954,0.33107584714889526,0.12406153976917267,0.02290685847401619,-0.08399999886751175,-0.11322202533483505,0.19242753088474274,-0.2113409787416458,-0.09430335462093353,-0.1301182061433792,0.6194981336593628,-0.1749025583267212,0.806628406047821,-0.13556161522865295,-0.22408053278923035,0.017912376672029495,-0.13603556156158447,0.29385906457901,-0.03274461627006531,0.40086430311203003,-0.0642133578658104,0.7511404752731323,-0.1134587749838829,-0.18995040655136108
11,708,549,759,596,0.7402588725090027,-0.20065568387508392,0.19990353286266327,1.0351715087890625,-0.21528369188308716,-0.13492493331432343,0.3468397855758667,-0.1975623220205307,-0.17793568968772888,-0.20757871866226196,0.17253482341766357,-0.11630049347877502,-0.08958689868450165,0.21995756030082703,0.4507198929786682,-0.21040388941764832,-0.10426196455955505,0.016315391287207603,0.7780382633209229,-0.08117573708295822,0.06928078085184097,-0.004787226673215628,0.5379851460456848,0.228842094540596,0.0434182733297348,0.444771409034729,-0.218369722366333,-0.10685783624649048,0.8670933246612549,0.25242993235588074,-0.13230162858963013,-0.10983344912528992,-0.09374057501554489,0.24432441592216492,-0.09722299128770828,-0.09578592330217361,-0.23137521743774414,0.5077848434448242,-0.05811493098735809,0.3143433928489685,-0.21353258192539215,-0.17206043004989624,0.22909556329250336,0.08405708521604538,0.29566118121147156,-0.2015274614095688,-0.2184533327817917,0.36098021268844604,0.5279605984687805,0.6544726490974426,0.3167301416397095,0.07061201333999634,0.5342896580696106,-0.21934694051742554,0.7468889355659485,0.13119298219680786,-0.07146835327148438,0.14806629717350006,0.5462811589241028,-0.18525229394435883,0.5484938025474548,0.6610178351402283,-0.13891707360744476,-0.07376924157142639,0.32071539759635925,-0.13746997714042664,0.20534875988960266,0.13642700016498566,0.007856637239456177,0.9266209006309509,0.45524051785469055,-0.15443913638591766,-0.005523946601897478,0.33298593759536743,-0.17523428797721863,0.04044186323881149,0.5178832411766052,-0.17986398935317993,-0.1062171682715416,-0.2246953397989273,0.1621701419353485,-0.22210043668746948,-0.26594990491867065,0.817169189453125,0.3173254728317261,0.1844705194234848,-0.17171213030815125,-0.18266311287879944,0.1634935438632965,-0.234085351228714,-0.13017888367176056,0.29611048102378845,0.39552390575408936,-0.25648605823516846,-0.0006267461576499045,-0.1705029308795929,-0.23859378695487976,-0.06245976686477661,-0.17582924664020538,0.20425431430339813,-0.03492407128214836,0.035838499665260315,-0.05366097763180733,0.6152465343475342,0.003057208377867937,0.4028816521167755,0.1299571394920349,0.848853349685669,-0.2121943086385727,-0.16102716326713562,0.37390244007110596,-0.20350085198879242,0.2723994851112366,-0.11407741159200668,0.6380833387374878,-0.12480589002370834,1.0611310005187988,-0.20099705457687378,-0.21706373989582062,0.06648169457912445,-0.13129013776779175,0.11448371410369873,0.32554885745048523,0.6730797290802002,-0.10900623351335526,1.3023931980133057,0.035575833171606064,-0.2060123234987259
12,647,691,694,732,0.7794329524040222,-0.24422802031040192,0.2730453908443451,0.971698522567749,-0.20964805781841278,-0.1128852441906929,0.38291892409324646,-0.21814966201782227,-0.2106083631515503,-0.24776965379714966,0.2625964879989624,-0.0724300965666771,-0.1388123780488968,0.5069672465324402,0.04595566168427467,-0.20920081436634064,-0.0944853201508522,0.17731910943984985,0.3616878092288971,-0.1591954231262207,-0.11300954967737198,-0.07009697705507278,0.26265203952789307,0.07622738927602768,-0.08300632983446121,0.4161888062953949,-0.1631270796060562,-0.05612984299659729,0.3776015341281891,0.17824769020080566,-0.12461274117231369,-0.09477823227643967,-0.050309937447309494,0.32467976212501526,-0.13696591556072235,-0.07234332710504532,-0.23278957605361938,0.385164350271225,-0.2510627806186676,0.04804106429219246,-0.15990762412548065,-0.18792039155960083,0.025710931047797203,0.06289970129728317,0.07651597261428833,-0.18762381374835968,-0.22761112451553345,0.5180804133415222,0.497268944978714,0.33892273902893066,0.3486730754375458,-0.03092665784060955,0.29385048151016235,-0.21681348979473114,0.8348512649536133,0.14425526559352875,0.3984113931655884,-0.013942544348537922,0.8167049288749695,-0.20668482780456543,0.3960113823413849,0.28051531314849854,-0.1463325172662735,-0.012729701586067677,0.43933096528053284,-0.1777285784482956,0.4003514349460602,0.32587945461273193,-0.11895489692687988,0.48398110270500183,0.49889230728149414,-0.11779403686523438,-0.19540207087993622,0.1228129044175148,-0.11855129152536392,0.01924928091466427,0.27109062671661377,-0.20061726868152618,-0.11958127468824387,-0.18845538794994354,0.0618404783308506,-0.243279829621315,-0.25901713967323303,0.5157574415206909,0.03693828359246254,0.06545963883399963,-0.15109677612781525,-0.1408110111951828,0.17535024881362915,-0.21264834702014923,-0.18543262779712677,0.20318572223186493,0.08607200533151627,-0.24411050975322723,0.7461258769035339,-0.1174871101975441,-0.23300373554229736,0.026480773463845253,-0.2209363430738449,0.161629781126976,0.2854663133621216,-0.1235584020614624,-0.05502371862530708,0.3554205000400543,-0.18403422832489014,0.199296236038208,-0.11205634474754333,0.6315484642982483,-0.23103515803813934,-0.12667453289031982,0.6057778000831604,-0.15859489142894745,0.09027033299207687,-0.1513470858335495,0.534468948841095,-0.18669192492961884,0.6390048265457153,-0.20416586101055145,-0.1968388557434082,0.08668887615203857,-0.14578579366207123,0.1839309185743332,0.5892121195793152,0.7320529818534851,-0.14297924935817719,0.9915933609008789,-0.03469403460621834,-0.21434104442596436
13,427,395,484,450,0.8402401208877563,-0.20839062333106995,0.25500279664993286,1.0507354736328125,-0.22684361040592194,-0.14494891464710236,0.40514856576919556,-0.17665404081344604,-0.1354568749666214,-0.2423824518918991,0.14078082144260406,0.07882721722126007,0.0010314583778381348,0.06188429892063141,0.4340322017669678,-0.14950022101402283,-0.08336980640888214,0.007268909364938736,0.48325198888778687,0.055527977645397186,0.4655897617340088,-0.026491820812225342,0.9075849056243896,0.30479779839515686,0.05229942500591278,0.4250752329826355,-0.16328606009483337,-0.21971791982650757,0.46328601241111755,0.5948747396469116,-0.18039587140083313,-0.23863786458969116,-0.061340756714344025,0.4505276381969452,-0.12409401684999466,0.12059829384088516,-0.2199777364730835,0.5828554630279541,-0.047550883144140244,0.1251946985721588,-0.10818960517644882,-0.15642154216766357,0.09449879080057144,0.3316386938095093,0.22002080082893372,-0.10913270711898804,-0.21093355119228363,0.5546481609344482,0.3852396011352539,0.654402494430542,0.3714998960494995,0.32689720392227173,0.7924919724464417,-0.2418791800737381,0.42872560024261475,-0.12929806113243103,0.01486053317785263,0.4514775574207306,0.6131507158279419,-0.1953771859407425,0.6274411678314209,0.4134301543235779,-0.16596421599388123,-0.02176666259765625,0.1399923861026764,0.18241256475448608,0.04645712673664093,0.3145068287849426,0.2160675823688507,0.49551573395729065,0.484879732131958,-0.16719895601272583,0.18844422698020935,0.6329113841056824,-0.21478137373924255,-0.024994991719722748,0.4613592028617859,0.13736236095428467,-0.14561569690704346,-0.23188582062721252,0.1511235237121582,-0.19350501894950867,-0.26565253734588623,0.43233099579811096,0.42380034923553467,0.09611240029335022,-0.1715547740459442,-0.18070445954799652,0.30672764778137207,-0.25537949800491333,0.08374129235744476,0.3299983739852905,0.47282734513282776,-0.2586349844932556,-0.07545401901006699,-0.18884249031543732,-0.23543941974639893,-0.04452997446060181,-0.23641717433929443,0.15084025263786316,-0.0005149208009243011,0.4069861173629761,0.024002954363822937,0.4281381368637085,0.6075960397720337,0.37475794553756714,0.12600749731063843,0.30693450570106506,-0.0757967084646225,-0.1883094608783722,0.5679068565368652,-0.14270611107349396,-0.024614976719021797,-0.07836828380823135,0.6469370126724243,-0.047160547226667404,0.9212636947631836,0.03194426745176315,-0.16228541731834412,0.0798419713973999,-0.1595534235239029,0.34301358461380005,0.1225435882806778,0.5612688064575195,-0.07164674997329712,0.8685993552207947,-0.027423428371548653,-0.19942787289619446
14,247,396,322,468,0.6146142482757568,-0.18284577131271362,0.24241754412651062,1.0638096332550049,-0.23679004609584808,-0.18996192514896393,0.033627185970544815,-0.12323221564292908,-0.15308910608291626,-0.19062785804271698,0.26063913106918335,-0.1555306315422058,-0.013467119075357914,0.06987480074167252,0.2219969928264618,-0.12884806096553802,-0.18206024169921875,-0.1806204915046692,0.08279780298471451,-0.15024428069591522,0.15372012555599213,0.050055790692567825,0.6774207949638367,0.02841009572148323,0.10092867165803909,0.05068217217922211,-0.16577143967151642,-0.13382530212402344,0.27335765957832336,0.3204520344734192,-0.0726705864071846,-0.2322327047586441,-0.0993453711271286,0.25673168897628784,-0.1067134439945221,-0.12563543021678925,-0.2176438868045807,0.43629416823387146,-0.14872756600379944,0.1357969343662262,-0.2272912859916687,-0.1587824821472168,0.04504173621535301,0.05010710656642914,0.24829918146133423,-0.18135742843151093,-0.19330433011054993,0.3273131251335144,0.22932425141334534,0.537360668182373,0.1807655543088913,-0.1152556836605072,0.3565458655357361,-0.2100958675146103,0.34367457032203674,0.012448668479919434,-0.2311127483844757,0.08185800909996033,0.4275663495063782,-0.17692124843597412,0.3517886996269226,0.6550239324569702,-0.13094672560691833,-0.18037182092666626,0.13716672360897064,-0.039144374430179596,-0.14853310585021973,0.2240055799484253,0.12059810757637024,0.6855649352073669,0.5509576797485352,-0.17834320664405823,0.06848947703838348,0.31357166171073914,-0.16552890837192535,-0.05579918995499611,0.20771904289722443,-0.120702363550663,-0.1600595861673355,-0.1974487453699112,0.11567807197570801,-0.19231803715229034,-0.2710343897342682,0.42440077662467957,0.09600189328193665,0.39347293972969055,-0.12056440114974976,-0.21693986654281616,0.2504042387008667,-0.21488957107067108,-0.11606812477111816,0.4066595435142517,0.49844786524772644,-0.260538786649704,-0.14646729826927185,-0.18197020888328552,-0.20352593064308167,-0.04989730939269066,-0.1471453309059143,0.18536487221717834,-0.06279430538415909,0.22063793241977692,-0.009554781951010227,0.48109951615333557,-0.01048361323773861,0.28614431619644165,0.17702369391918182,0.05836283043026924,-0.06601932644844055,-0.10689640045166016,0.17433549463748932,-0.1821010708808899,-0.09953290969133377,-0.19221168756484985,0.5494412183761597,-0.1697261780500412,0.7326308488845825,-0.19896133244037628,-0.24670837819576263,0.02098311483860016,-0.123975969851017,0.29656264185905457,-0.08293505758047104,0.29051586985588074,-0.07424874603748322,0.6222959160804749,-0.08513222634792328,-0.18281863629817963
15,119,697,156,732,0.5800490379333496,-0.2502775192260742,-0.17501991987228394,1.0186285972595215,-0.11121217906475067,-0.2676396369934082,0.5398885011672974,-0.2270459532737732,-0.19355779886245728,-0.25313693284988403,0.41053634881973267,-0.24826830625534058,-0.12211485207080841,0.12725400924682617,-0.026255520060658455,-0.23006878793239594,0.4773651957511902,-0.243951678276062,-0.23156966269016266,-0.2555874288082123,0.13406811654567719,-0.09772942960262299,0.25078997015953064,0.8106021285057068,-0.09944237768650055,0.39061570167541504,-0.21324925124645233,-0.22463834285736084,0.3951992988586426,0.48288339376449585,-0.2510276734828949,-0.19625088572502136,0.09724043309688568,0.35455387830734253,-0.1995391547679901,0.1702297329902649,-0.20244160294532776,0.025326862931251526,-0.2400120347738266,0.016964880749583244,-0.08876872062683105,-0.17772087454795837,-0.2095264494419098,0.4197597801685333,0.38602763414382935,-0.23278522491455078,-0.27633845806121826,0.44487154483795166,0.20574046671390533,0.41406604647636414,0.8473882675170898,-0.21757522225379944,0.45565709471702576,-0.23902840912342072,0.2796875834465027,-0.2381545603275299,-0.0892101600766182,0.6059082746505737,0.8406698107719421,-0.23537035286426544,0.10918360948562622,0.6614282727241516,-0.009772777557373047,0.06807449460029602,0.3923394978046417,0.02079501748085022,0.16496387124061584,0.22910767793655396,-0.025715377181768417,0.4981461763381958,0.5403908491134644,-0.23924089968204498,-0.16037282347679138,0.4771699905395508,-0.15361686050891876,-0.04245486482977867,0.046508461236953735,-0.2129775583744049,-0.19477199018001556,-0.18077486753463745,-0.11850637197494507,-0.26301562786102295,-0.2586422562599182,0.3821922540664673,0.08854890614748001,-0.004242490977048874,-0.1795944720506668,-0.12707626819610596,0.15901081264019012,-0.23148348927497864,-0.2584359645843506,0.11580408364534378,0.09533950686454773,-0.2482416331768036,0.46343138813972473,-0.04943753033876419,-0.21670547127723694,0.09795704483985901,-0.258905827999115,0.1082867830991745,0.5525831580162048,0.10461576282978058,-0.05987303704023361,0.4772096574306488,-0.241009920835495,0.11972490698099136,-0.015604613348841667,-0.07143542170524597,0.14777466654777527,-0.06273679435253143,0.3177207112312317,-0.018590129911899567,-0.19306187331676483,-0.14298760890960693,0.463981568813324,-0.15517176687717438,0.7601560950279236,-0.21720439195632935,-0.21937552094459534,0.1137249767780304,-0.1493317186832428,0.22394892573356628,-0.2244388312101364,0.5362788438796997,-0.10210047662258148,0.6874276399612427,0.050472334027290344,-0.19231480360031128
16,787,589,834,633,0.5329659581184387,-0.21528829634189606,0.32431289553642273,1.0005574226379395,-0.18614453077316284,-0.22557470202445984,0.22079412639141083,-0.16273075342178345,-0.06735257059335709,-0.23290395736694336,0.24377764761447906,-0.19960814714431763,0.02920551784336567,0.16037389636039734,0.30875837802886963,-0.19259238243103027,-0.19092482328414917,0.0022857189178466797,0.4764825105667114,-0.1188720092177391,0.12957894802093506,-0.057434942573308945,0.7146546840667725,0.13601309061050415,0.1496976763010025,0.17611469328403473,-0.18268387019634247,-0.10656560957431793,0.3024058938026428,0.48758140206336975,-0.1696311980485916,-0.20902788639068604,-0.0014466444263234735,0.19714677333831787,-0.16629014909267426,-0.2049340158700943,-0.2476934790611267,0.2574909031391144,-0.25675836205482483,0.09036500006914139,-0.23302406072616577,-0.2090579867362976,0.1871955692768097,0.07349622249603271,-0.02120724506676197,-0.19427694380283356,-0.21450559794902802,0.4629034399986267,0.21462607383728027,0.5187448263168335,0.21032719314098358,-0.016917062923312187,0.596718966960907,-0.23155587911605835,0.4599853754043579,-0.17157858610153198,-0.12032955139875412,0.11392279714345932,0.7037250995635986,-0.20134826004505157,0.4879542589187622,0.5075383186340332,-0.13127660751342773,0.06801840662956238,0.1650603860616684,-0.03924627974629402,-0.06050823628902435,0.13032850623130798,0.025744520127773285,0.6186439990997314,0.5028441548347473,-0.211927592754364,-0.0539717823266983,0.11422882974147797,-0.17822927236557007,-0.0923875942826271,0.09365858882665634,-0.18469160795211792,-0.1699206829071045,-0.16556373238563538,0.21616750955581665,-0.23001153767108917,-0.267239511013031,0.6138892769813538,-0.012544248253107071,0.1758541762828827,-0.15607672929763794,-0.18871885538101196,0.10230600088834763,-0.20629559457302094,-0.19881512224674225,0.27746522426605225,0.2260323315858841,-0.2479516863822937,0.16678275167942047,-0.19042780995368958,-0.22123481333255768,-0.10487011820077896,-0.22670978307724,0.21355034410953522,-0.05040186643600464,0.01740444079041481,0.0017613396048545837,0.3284358084201813,-0.034789685159921646,0.26017460227012634,0.05658445134758949,0.1417861133813858,-0.10724948346614838,-0.12653324007987976,-0.06609395891427994,-0.222939595580101,-0.008031275123357773,-0.04027516394853592,0.6771695017814636,-0.19566810131072998,0.7268498539924622,-0.1534648835659027,-0.22019913792610168,-0.027409179136157036,-0.14898186922073364,0.21436923742294312,0.33662572503089905,0.6047608256340027,-0.12064960598945618,0.7043675184249878,-0.13712197542190552,-0.21415039896965027
17,674,655,736,706,0.9179530143737793,-0.19162021577358246,0.4203605353832245,1.0982099771499634,-0.23954498767852783,-0.14147649705410004,0.20266631245613098,-0.11801701039075851,-0.21069413423538208,-0.21868206560611725,0.1373354196548462,0.16910602152347565,-0.09349384158849716,0.5021557211875916,0.556203305721283,-0.16917133331298828,-0.20195703208446503,0.4589190185070038,0.6108373999595642,0.12162868678569794,0.3597489595413208,0.09626633673906326,0.6166951656341553,0.020072873681783676,0.1978752613067627,0.6388000249862671,-0.19867779314517975,-0.15383805334568024,0.9439191818237305,0.5643516778945923,-0.04736729711294174,-0.12672600150108337,-0.057503387331962585,0.2734133303165436,-0.1164526417851448,0.09443535655736923,-0.18952640891075134,0.6603577136993408,0.0024526938796043396,0.33543461561203003,-0.1568855196237564,-0.11387304961681366,0.1709805428981781,0.6953281760215759,0.06478806585073471,-0.11665495485067368,-0.1857336312532425,0.3171533942222595,0.48826467990875244,0.5570641756057739,0.44509702920913696,0.2889776825904846,0.7790994644165039,-0.22037163376808167,0.9173054099082947,0.04353618621826172,0.21454152464866638,0.30035874247550964,0.6111751794815063,-0.20542673766613007,0.49058961868286133,0.5651931762695312,-0.15943722426891327,0.04807283729314804,0.39722034335136414,0.002209864556789398,-0.09531551599502563,0.4721100926399231,0.09638447314500809,0.676469087600708,0.46997082233428955,-0.0730009451508522,0.18016541004180908,0.4074873924255371,-0.18204893171787262,0.12991705536842346,0.6622624397277832,0.1308140754699707,-0.037969112396240234,-0.17994794249534607,0.14553649723529816,-0.1547703742980957,-0.2663847804069519,0.9335805773735046,0.2546501159667969,-0.02593023143708706,-0.20924930274486542,-0.2093425691127777,0.36704403162002563,-0.2336750626564026,0.4755675196647644,0.22467900812625885,0.640616238117218,-0.24759671092033386,0.2390919029712677,-0.17503872513771057,-0.22854773700237274,-0.07648086547851562,-0.15131306648254395,0.06702569872140884,0.07636512815952301,0.2748672366142273,0.052464332431554794,0.6652746200561523,0.8559594750404358,0.47921237349510193,0.19245587289333344,0.2605593204498291,-0.16352277994155884,-0.13272543251514435,0.5570546388626099,-0.08137188851833344,0.36552152037620544,-0.013019099831581116,0.6272878050804138,0.026115205138921738,0.9583072662353516,0.035614974796772,-0.04968135803937912,0.0860656276345253,-0.14681366086006165,0.19344113767147064,0.08898085355758667,0.555892825126648,-0.04233303293585777,0.7944720387458801,0.04724228009581566,-0.18264013528823853
18,821,432,864,473,0.4872343838214874,-0.2395811676979065,0.16543219983577728,0.9384687542915344,-0.20795591175556183,-0.10185107588768005,0.2943156063556671,-0.19228625297546387,0.024406343698501587,-0.24279014766216278,0.29900941252708435,-0.20796148478984833,-0.0761120542883873,0.12749134004116058,0.2493087500333786,-0.2238309532403946,-0.16996587812900543,-0.15337274968624115,-0.01664784550666809,-0.11761646717786789,0.08274751156568527,-0.01301063597202301,0.5742622017860413,0.023009195923805237,0.24854089319705963,0.08213388174772263,-0.16777022182941437,-0.054585278034210205,0.006608042400330305,0.3494543731212616,-0.23215214908123016,-0.20110444724559784,0.04621584340929985,0.23142187297344208,-0.15116162598133087,-0.12972958385944366,-0.26584649085998535,0.14179474115371704,-0.2533556818962097,-0.05949832871556282,-0.16629697382450104,-0.2283865362405777,0.01916305162012577,-0.09013231843709946,0.10269922018051147,-0.17061184346675873,-0.213374063372612,0.4972369372844696,0.04604620859026909,0.5547240376472473,0.3799855709075928,-0.12546376883983612,0.6301639676094055,-0.25090348720550537,0.6901950836181641,-0.19183485209941864,-0.08131686598062515,0.1173093318939209,0.9045808911323547,-0.2363165020942688,0.5166353583335876,0.2473544031381607,0.003061155555769801,-0.12184261530637741,0.019848570227622986,-0.20844244956970215,-0.0569937489926815,0.06899029016494751,-0.04064660519361496,0.38130486011505127,0.41457733511924744,-0.22223250567913055,-0.077048160135746,0.13749226927757263,-0.0521976463496685,-0.16724437475204468,-0.0867365375161171,-0.22798414528369904,-0.23738189041614532,-0.20824432373046875,0.3133901059627533,-0.239637091755867,-0.2556273341178894,0.7131717801094055,0.09760456532239914,0.11772650480270386,-0.1231982484459877,-0.11914215236902237,0.23060713708400726,-0.20797164738178253,-0.21727870404720306,0.3241454064846039,0.038268495351076126,-0.22358755767345428,0.5209696888923645,-0.15926282107830048,-0.24579612910747528,-0.1518724411725998,-0.25125038623809814,0.29113349318504333,0.12473690509796143,-0.0601143054664135,-0.043064653873443604,0.2522032558917999,-0.09698983281850815,0.164584681391716,0.018735265359282494,0.8272294402122498,-0.13885636627674103,-0.12128612399101257,0.11975624412298203,-0.19601021707057953,-0.07333236932754517,0.17045670747756958,0.6136693954467773,-0.21673639118671417,0.41560861468315125,-0.15739984810352325,-0.1950109601020813,0.09416863322257996,-0.1289757937192917,0.27862900495529175,0.6472856402397156,0.6147737503051758,-0.20353704690933228,0.7551376223564148,-0.18359465897083282,-0.22393988072872162
19,373,210,453,278,0.655121386051178,-0.18664896488189697,0.4607243537902832,1.051592230796814,-0.23317193984985352,-0.1172998696565628,0.14306648075580597,-0.15992815792560577,-0.1579497754573822,-0.20111985504627228,0.23763743042945862,0.09088398516178131,-0.03197302296757698,0.2122298777103424,0.2965472340583801,-0.14714550971984863,-0.21021516621112823,-0.03161785751581192,0.3347323536872864,-0.15515875816345215,0.13081125915050507,0.02552323043346405,0.6890910267829895,-0.039311785250902176,0.11699764430522919,0.2058062106370926,-0.1639988124370575,-0.0681626945734024,0.5648747682571411,0.4036371111869812,-0.11323156207799911,-0.2081085443496704,-0.013361409306526184,0.24621573090553284,-0.135048508644104,-0.12379522621631622,-0.2289721518754959,0.4951697289943695,-0.2004844695329666,0.1598542332649231,-0.208657905459404,-0.1726602017879486,0.09406912326812744,0.20875290036201477,0.11829719692468643,-0.19290323555469513,-0.21148094534873962,0.29346615076065063,0.26069176197052,0.5546879768371582,0.12165458500385284,0.09233283251523972,0.4361942708492279,-0.22930260002613068,0.4413195550441742,0.17322418093681335,-0.16666269302368164,0.08107215911149979,0.45206165313720703,-0.20409512519836426,0.4510304033756256,0.6231147050857544,-0.12551835179328918,-0.029754552990198135,0.2741772532463074,0.11291177570819855,-0.08263422548770905,0.27515044808387756,0.11938665807247162,0.8237736821174622,0.6347785592079163,-0.16735221445560455,0.07645048201084137,0.18773528933525085,-0.15070585906505585,-0.02298036776483059,0.2207527607679367,-0.12559980154037476,-0.18524961173534393,-0.15268254280090332,0.10056287050247192,-0.2056337594985962,-0.26856592297554016,0.7055079340934753,-0.003583896206691861,0.3149172365665436,-0.16185586154460907,-0.18088236451148987,0.16644813120365143,-0.24390439689159393,-0.10852599143981934,0.4354636073112488,0.31350526213645935,-0.25622132420539856,0.03139742091298103,-0.1948249638080597,-0.21980221569538116,-0.028438236564397812,-0.1469610184431076,0.1947501003742218,-0.02400357648730278,0.16462460160255432,0.01096983253955841,0.38927122950553894,0.1358838975429535,0.30891406536102295,0.11720871925354004,0.057851362973451614,-0.09417937695980072,-0.07968993484973907,0.1533673107624054,-0.1933361291885376,0.059934407472610474,-0.12011692672967911,0.6342087984085083,-0.15793363749980927,0.9009219408035278,-0.16891053318977356,-0.20121236145496368,0.004765331745147705,-0.1386706531047821,0.2693812847137451,-0.013227063231170177,0.4272099435329437,-0.07655297219753265,0.8101016879081726,-0.03150518983602524,-0.18727359175682068
20,521,231,550,259,0.8042492270469666,-0.26150330901145935,-0.09127016365528107,0.931202232837677,-0.10675889998674393,-0.16110092401504517,0.23089244961738586,-0.24452874064445496,0.49700334668159485,-0.1854371726512909,0.9762673377990723,-0.20082007348537445,-0.09027862548828125,0.5974668264389038,-0.014967836439609528,-0.257980078458786,-0.22709408402442932,-0.24950069189071655,-0.26247918605804443,-0.22292271256446838,-0.0027533546090126038,-0.05862511694431305,0.3182756304740906,0.0021481066942214966,-0.03588244691491127,0.9788528680801392,0.04434497281908989,-0.07542461156845093,0.5185768604278564,0.35930466651916504,-0.2643439769744873,0.1554291695356369,0.036819249391555786,0.20607510209083557,-0.2057327926158905,0.16854599118232727,-0.16365881264209747,0.22271347045898438,-0.1747795194387436,-0.05523943156003952,-0.03131144493818283,-0.1513729989528656,-0.2701175808906555,0.22296398878097534,0.3256568908691406,-0.1993495225906372,-0.21102850139141083,0.4606342315673828,0.15262815356254578,0.7315253019332886,0.5880541801452637,0.035982728004455566,0.34629854559898376,-0.19976398348808289,0.3576733469963074,-0.1568736732006073,0.040971383452415466,0.025284457951784134,0.6525498628616333,-0.2667754888534546,-0.08329316228628159,0.36214905977249146,0.03433102369308472,-0.21660985052585602,0.9576656222343445,-0.21435333788394928,0.22990158200263977,0.3218521773815155,0.06621724367141724,0.5300718545913696,0.5228502750396729,-0.2203967571258545,-0.14440074563026428,0.07384086400270462,-0.04989646375179291,-0.12680131196975708,0.1664971113204956,-0.2250623106956482,-0.08562906831502914,-0.12681211531162262,-0.16615372896194458,-0.24631917476654053,-0.2550649642944336,1.4738281965255737,0.15443861484527588,-0.22603820264339447,-0.24912075698375702,-0.10421724617481232,0.08889953047037125,-0.18859192728996277,-0.2056620717048645,0.08785305917263031,-0.14175927639007568,-0.22624608874320984,0.6258111000061035,0.016311921179294586,-0.17713847756385803,-0.062299493700265884,-0.2672607898712158,0.27436700463294983,1.1422499418258667,-0.16655728220939636,0.3079752027988434,0.34797224402427673,-0.18683911859989166,-0.22097375988960266,0.14195433259010315,0.09454590827226639,-0.1606018841266632,-0.2634723484516144,1.0531293153762817,0.06557145714759827,-0.21327170729637146,-0.017924204468727112,0.4318041503429413,-0.2283383011817932,0.4593886435031891,-0.1943056732416153,-0.1610720455646515,0.0627286359667778,-0.06623094528913498,0.2925366461277008,-0.2625260353088379,0.7675707340240479,-0.21782603859901428,0.7191819548606873,0.10220065712928772,-0.20738989114761353
21,588,808,624,842,0.5861744284629822,-0.2445792555809021,-0.017773667350411415,0.9812014698982239,-0.18712572753429413,0.18268780410289764,0.4011663496494293,-0.1863926202058792,-0.21002449095249176,-0.25116363167762756,0.27245381474494934,-0.2442329078912735,-0.006390750408172607,0.2837240397930145,0.20252086222171783,-0.19524256885051727,0.17638210952281952,-0.14594495296478271,-0.10511193424463272,-0.1479620635509491,0.17146211862564087,0.09364744275808334,0.6216111779212952,0.5956160426139832,-0.056962836533784866,0.11463134735822678,-0.1457567662000656,-0.12291982024908066,0.3013070523738861,0.7766645550727844,-0.23427677154541016,-0.20244956016540527,-0.08169712871313095,0.29006704688072205,-0.2057693600654602,-0.11448481678962708,-0.21991248428821564,0.39818742871284485,-0.2502802312374115,0.05303904041647911,-0.1931474208831787,-0.20726905763149261,-0.10908368974924088,0.4133129119873047,-0.04016820713877678,-0.19458143413066864,-0.23809976875782013,0.26850178837776184,0.07343024760484695,0.5365236401557922,0.6433617472648621,0.08347306400537491,0.7085868716239929,-0.23013512790203094,0.44355300068855286,-0.1248120367527008,-0.12316322326660156,0.2230164259672165,1.0066274404525757,-0.19695043563842773,0.1541292518377304,0.6943330764770508,-0.12793348729610443,-0.10527674108743668,0.6636458039283752,0.06797302514314651,0.4710220396518707,0.5524905323982239,-0.06741312891244888,0.39122721552848816,0.7119691967964172,-0.2154795080423355,-0.04525197669863701,0.13439735770225525,-0.1285201758146286,-0.031014231964945793,-0.09407802671194077,-0.058583229780197144,-0.2290513962507248,-0.14918769896030426,0.30901801586151123,-0.2539035975933075,-0.2613394260406494,0.3053552806377411,0.0899166688323021,-0.07805375009775162,-0.09255003929138184,-0.14788322150707245,0.29559698700904846,-0.2073632925748825,-0.20235735177993774,0.4058479368686676,-0.04420022666454315,-0.24927644431591034,0.09192052483558655,-0.09901144355535507,-0.21674561500549316,-0.10396432876586914,-0.25016793608665466,0.27643632888793945,0.40018847584724426,0.46711158752441406,0.029449185356497765,0.41567811369895935,0.2800256311893463,0.03704072907567024,0.045805107802152634,0.5678909420967102,-0.1782705932855606,-0.06396092474460602,0.2728341817855835,-0.14903295040130615,-0.007114246487617493,0.1099468544125557,0.34984901547431946,-0.2033265084028244,0.46338415145874023,-0.14789120852947235,-0.18478401005268097,0.03355388715863228,-0.14125953614711761,0.1405745893716812,0.5143594145774841,0.753805935382843,-0.101157046854496,0.270943284034729,0.003769541857764125,-0.19531798362731934
22,247,178,282,211,0.8354006409645081,-0.2665206789970398,-0.14520657062530518,0.9847602844238281,-0.10512977838516235,-0.11879438161849976,0.15028785169124603,-0.22681739926338196,0.14369164407253265,-0.24387186765670776,0.4753265976905823,-0.209865540266037,-0.10468268394470215,0.43812310695648193,0.3322976231575012,-0.23677958548069,-0.12203207612037659,-0.21008524298667908,0.35775110125541687,0.06688582897186279,-0.04651683196425438,-0.06519152224063873,0.17908421158790588,-0.087505042552948,0.4970908761024475,0.9817739725112915,-0.07922130823135376,-0.2041442096233368,0.12069359421730042,0.2014419436454773,-0.2546522617340088,-0.03180594742298126,0.18271547555923462,0.23055261373519897,-0.13765305280685425,0.22948141396045685,-0.22835104167461395,0.07996998727321625,0.026078656315803528,-0.052846893668174744,0.043638184666633606,-0.16905376315116882,0.025457173585891724,-0.1768452674150467,0.37565356492996216,-0.1324973702430725,-0.22473187744617462,0.44035494327545166,0.2373005747795105,0.2642531991004944,0.5011044144630432,0.1177901178598404,0.11028411984443665,-0.2148459553718567,0.5792955160140991,-0.2445027381181717,0.06336185336112976,0.40951770544052124,0.581855297088623,-0.2572270631790161,-0.09365449845790863,0.3465324938297272,0.1414247453212738,-0.17320895195007324,0.08034353703260422,-0.21248671412467957,0.24953094124794006,0.037250153720378876,0.045906633138656616,0.38170433044433594,0.34564322233200073,-0.23287713527679443,-0.15501850843429565,0.14833199977874756,0.16174837946891785,-0.10201516002416611,0.45912379026412964,-0.2478475421667099,-0.22661083936691284,-0.12096616625785828,-0.12798075377941132,-0.2588410973548889,-0.26136869192123413,1.1013119220733643,0.18718987703323364,-0.18492093682289124,-0.21074816584587097,-0.1146123856306076,0.26552626490592957,-0.18581989407539368,-0.20315620303153992,0.029594535008072853,-0.08062449097633362,-0.2549985647201538,0.5700725317001343,-0.08856364339590073,-0.2424212098121643,-0.1605546474456787,-0.2482210099697113,0.17220279574394226,1.1366605758666992,0.011410970240831375,-0.05354607105255127,0.18994849920272827,-0.2619026303291321,-0.013618908822536469,0.05940917134284973,0.8524155020713806,-0.25903022289276123,-0.1640183925628662,0.8838438391685486,-0.11454467475414276,-0.1760769486427307,-0.15735667943954468,0.5046842098236084,-0.1375044584274292,0.5980807542800903,-0.1703750491142273,-0.08088675141334534,-0.010586217045783997,-0.07313272356987,0.4917685091495514,0.04072805494070053,0.5673558712005615,-0.20544475317001343,1.1766842603683472,-0.2127264440059662,-0.2131233513355255
23,685,840,716,869,0.5828319787979126,-0.2552914619445801,-0.11786966025829315,1.0278185606002808,-0.181178018450737,-0.23389387130737305,0.5170997381210327,-0.2270805537700653,-0.18852436542510986,-0.22272638976573944,0.4377472698688507,-0.24164943397045135,-0.10489191114902496,0.4626964330673218,0.3621339797973633,-0.237976536154747,0.572363555431366,-0.10265618562698364,-0.24683038890361786,-0.25372135639190674,0.22729095816612244,0.29344865679740906,0.37430694699287415,0.3103046417236328,-0.04187984764575958,-0.21562251448631287,-0.17205268144607544,-0.11627669632434845,0.398918479681015,0.15854085981845856,-0.23486123979091644,-0.20218661427497864,-0.16491979360580444,0.3971060514450073,-0.19950878620147705,0.0497809499502182,-0.13686291873455048,0.4040454030036926,-0.26978984475135803,-0.022285444661974907,-0.23038387298583984,-0.1546388566493988,-0.16670015454292297,0.39837783575057983,0.0887061059474945,-0.15390123426914215,-0.25343000888824463,0.4946072995662689,0.030208155512809753,0.459048867225647,0.46286237239837646,0.09132708609104156,0.5364168882369995,-0.23052528500556946,0.5268226861953735,-0.23027947545051575,-0.07457020878791809,0.40814274549484253,0.881712019443512,-0.1900465488433838,-0.07317744195461273,0.6126281023025513,-0.1658560335636139,-0.22254277765750885,0.6950337290763855,0.2201862931251526,-0.06524898111820221,0.3611193001270294,-0.06494148075580597,0.27962106466293335,0.765606164932251,-0.14023169875144958,-0.16076171398162842,0.2628418207168579,-0.09673702716827393,-0.12133822590112686,0.2656465172767639,-0.2529321610927582,-0.1863471269607544,-0.1755128800868988,-0.05828248709440231,-0.2730860114097595,-0.26216238737106323,0.0945938229560852,0.10424579679965973,-0.19709812104701996,-0.22712261974811554,-0.16244685649871826,0.4328261613845825,-0.2478339672088623,-0.23305514454841614,0.1704988181591034,0.06816886365413666,-0.16176432371139526,-0.17442414164543152,0.055111855268478394,-0.19157691299915314,0.05808406323194504,-0.2595166563987732,0.1568840891122818,0.9117788672447205,0.040964193642139435,-0.061806537210941315,0.437355101108551,-0.13809296488761902,-0.07294110953807831,-0.066862553358078,-0.1293482482433319,-0.1382981389760971,-0.19367088377475739,0.7777441740036011,0.03452266752719879,-0.2362825572490692,-0.048112835735082626,0.25124475359916687,-0.21589848399162292,0.29739001393318176,-0.22098630666732788,-0.23529821634292603,0.25125640630722046,-0.10161560773849487,0.46492433547973633,-0.2522026300430298,0.5567646026611328,-0.144109308719635,0.30003488063812256,0.007813505828380585,-0.15673597157001495
24,606,639,628,659,0.11195536702871323,-0.22379538416862488,-0.07586562633514404,1.097643494606018,-0.19040566682815552,-0.023626327514648438,-0.05525772273540497,-0.2489195168018341,0.279174268245697,-0.1171538457274437,0.17942063510417938,-0.20097868144512177,-0.10440457612276077,0.49993258714675903,0.6636261940002441,-0.22132745385169983,-0.22241342067718506,0.031599514186382294,-0.24066400527954102,-0.2065141201019287,0.24092689156532288,0.38019412755966187,0.7904089689254761,0.7320364713668823,0.5226293206214905,-0.10948705673217773,-0.16946351528167725,-0.14098502695560455,0.1237991452217102,1.0970239639282227,-0.20081189274787903,0.011045776307582855,-0.2229645699262619,0.1045452356338501,-0.2433670163154602,-0.2148403525352478,0.05646650493144989,0.9984363317489624,0.039742693305015564,-0.17243856191635132,0.16537146270275116,0.005041301250457764,0.020569071173667908,0.4547283947467804,-0.13722357153892517,0.4449218213558197,-0.2569136619567871,0.97273850440979,-0.1208125501871109,1.0586109161376953,0.5578410625457764,0.33499670028686523,0.5796276926994324,-0.25463682413101196,0.5504421591758728,-0.03920987620949745,-0.20268544554710388,0.25969380140304565,1.213165521621704,-0.22654294967651367,-0.061199821531772614,0.25973960757255554,-0.142807736992836,-0.2163514643907547,0.5272999405860901,-0.0073501914739608765,-0.17884892225265503,0.2747010290622711,0.2389848530292511,0.09611516445875168,0.476198673248291,-0.13365736603736877,-0.06042734533548355,0.09669197350740433,0.08392167091369629,0.04549132287502289,0.026522213593125343,-0.12286948412656784,-0.2515852451324463,-0.13242340087890625,0.5553662776947021,-0.2654774487018585,-0.240965336561203,0.045207537710666656,0.6997942924499512,-0.1357482671737671,-0.24774229526519775,-0.12268653512001038,1.23826003074646,-0.2579433023929596,-0.21780720353126526,0.277339905500412,0.6372581124305725,0.03450377285480499,-0.2371928095817566,0.1935621201992035,0.0384850949048996,-0.1805610954761505,-0.2134118676185608,0.0970994159579277,0.9969511032104492,-0.058493420481681824,-0.12347663938999176,0.4176184833049774,1.5668859481811523,-0.057040706276893616,-0.049309179186820984,0.6171349883079529,-0.1845250129699707,-0.20051762461662292,0.5486670732498169,0.31000587344169617,-0.2435561567544937,0.7165591716766357,0.07268905639648438,-0.024508818984031677,0.24085202813148499,-0.01701764389872551,-0.20415779948234558,0.36798232793807983,0.03912212699651718,0.32436811923980713,-0.24472635984420776,0.35087090730667114,-0.18628160655498505,0.18170925974845886,-0.06743744015693665,-0.035060375928878784
25,497,477,527,505,0.3656030595302582,-0.2755502462387085,-0.19176501035690308,1.103447437286377,-0.13136188685894012,-0.20473656058311462,0.31647562980651855,-0.2461910843849182,-0.1541825234889984,-0.2540406584739685,0.19035392999649048,-0.21879321336746216,-0.09274061024188995,0.050215642899274826,0.3902776837348938,-0.14881445467472076,0.1904279589653015,-0.20649126172065735,-0.23993796110153198,0.08150096237659454,0.14004507660865784,1.1828457117080688,0.09470183402299881,0.6577882170677185,0.46983325481414795,-0.1761230081319809,-0.22352761030197144,-0.11115184426307678,0.19568252563476562,-0.08698615431785583,-0.25109484791755676,-0.2126554250717163,-0.25850051641464233,0.3405306935310364,-0.1680004745721817,-0.15607529878616333,-0.12149667739868164,-0.16489742696285248,-0.23793289065361023,0.16538006067276,-0.21241827309131622,-0.11106645315885544,0.13579367101192474,0.854546308517456,0.10173937678337097,-0.2565690875053406,-0.2537153363227844,0.5416620373725891,0.741466760635376,0.864067792892456,1.086513638496399,0.43172481656074524,-0.05708221346139908,-0.234411358833313,0.2642434239387512,-0.23726901412010193,-0.24044206738471985,0.9170203804969788,1.4324694871902466,-0.2648823857307434,0.5577478408813477,0.5327078104019165,-0.15508267283439636,-0.07697615027427673,-0.10837800055742264,-0.02024003118276596,-0.21939799189567566,-0.09012936055660248,0.5881259441375732,0.6825966835021973,0.7003442049026489,-0.23952382802963257,-0.0245143324136734,0.7259860634803772,-0.05433007329702377,-0.05447284132242203,0.4903629422187805,-0.1965961903333664,-0.12207803130149841,-0.11757169663906097,0.6821264028549194,-0.2586873173713684,-0.2365458756685257,-0.03945790231227875,0.3199343979358673,-0.26459047198295593,0.07758338749408722,-0.11688844114542007,0.020668748766183853,-0.27245521545410156,-0.23438452184200287,0.37085866928100586,0.5067321062088013,-0.20146217942237854,-0.22185175120830536,-0.020348116755485535,-0.250144362449646,-0.12515519559383392,-0.26646751165390015,0.14669828116893768,-0.11811293661594391,-0.15434589982032776,0.03381059318780899,0.7150954008102417,-0.26691341400146484,0.22287912666797638,-0.0948890894651413,0.23626160621643066,0.11487539112567902,-0.24676793813705444,0.4612778127193451,-0.035638608038425446,-0.03849024325609207,-0.14523287117481232,0.1345219910144806,-0.15331315994262695,0.37732410430908203,-0.2299807369709015,-0.2535664141178131,0.29167282581329346,-0.10247509181499481,0.21606913208961487,-0.11767895519733429,0.5987594127655029,-0.058222636580467224,0.17652443051338196,0.009138163179159164,-0.16403013467788696
26,526,131,560,163,0.4838712513446808,-0.25395259261131287,0.003285912098363042,1.0022865533828735,-0.18387311697006226,0.6108183264732361,0.09879428148269653,-0.2072853446006775,0.332518070936203,-0.21843557059764862,0.5732246041297913,-0.2554647624492645,-0.09442660212516785,0.7981326580047607,0.47846922278404236,-0.2617351710796356,0.5221819877624512,-0.20585501194000244,0.07707667350769043,-0.16873310506343842,0.25827690958976746,0.41746786236763,0.4448707401752472,0.14390622079372406,0.023684551939368248,0.23207508027553558,-0.11779489368200302,-0.06809508800506592,0.09429401159286499,0.7585484981536865,-0.23041419684886932,-0.2026686668395996,-0.058779459446668625,0.34351348876953125,-0.1386430710554123,0.045385003089904785,-0.1651085764169693,0.007259726524353027,0.1860499233007431,-0.17365878820419312,-0.14919261634349823,-0.15183694660663605,-0.1249370276927948,0.025745151564478874,0.18131625652313232,-0.08343806117773056,-0.2248312085866928,0.5238125324249268,0.2953011691570282,0.3429185152053833,0.2633124589920044,0.3765573501586914,0.5026787519454956,-0.24173080921173096,0.8545522689819336,-0.2155374139547348,-0.17855684459209442,0.24736744165420532,0.9536386132240295,-0.22637371718883514,0.08953005075454712,0.2184104174375534,-0.11813080310821533,-0.20398841798305511,0.3390277326107025,0.21277575194835663,0.9838168621063232,0.3110451400279999,-0.1671966165304184,0.21827121078968048,0.47390344738960266,-0.21279148757457733,-0.17291156947612762,0.3053474426269531,0.0394442193210125,-0.19943435490131378,0.594959020614624,-0.19066691398620605,-0.07522907853126526,-0.17278198897838593,0.521937906742096,-0.235398069024086,-0.26059165596961975,0.6521582007408142,0.5095632076263428,-0.15495741367340088,-0.1851106882095337,-0.13903909921646118,0.021411575376987457,-0.22476927936077118,-0.21719421446323395,0.4609135091304779,-0.05034349486231804,-0.17416362464427948,-0.04920821264386177,0.08394945412874222,-0.20835714042186737,-0.08471643924713135,-0.2543140947818756,0.26008012890815735,0.2934032380580902,-0.048091989010572433,-0.08219506591558456,0.37745431065559387,0.5312790274620056,0.007996047846972942,0.05968901142477989,1.0231019258499146,-0.18494315445423126,-0.19031691551208496,1.028528094291687,-0.0654967874288559,-0.2228192836046219,0.34629812836647034,0.18259084224700928,-0.1893543154001236,0.1614159345626831,-0.21658699214458466,-0.06887086480855942,0.11692795902490616,-0.07430294901132584,0.32348495721817017,0.4124239683151245,0.7718091607093811,-0.1746562272310257,0.795680046081543,-0.12463393062353134,-0.18236804008483887
27,621,518,645,541,0.45181578397750854,-0.24986718595027924,0.9844544529914856,1.005171298980713,-0.09721098840236664,0.14981533586978912,1.0699337720870972,-0.26541393995285034,-0.06977321207523346,-0.15802687406539917,0.5231237411499023,-0.2549927830696106,-0.20035386085510254,1.3995952606201172,0.25719791650772095,-0.20816776156425476,-0.14852580428123474,0.0678282231092453,0.41702908277511597,-0.08635732531547546,-0.20381437242031097,0.241008460521698,0.28462645411491394,-0.2245599627494812,-0.17591843008995056,0.3314148485660553,-0.26652175188064575,-0.20574162900447845,3.072054386138916,-0.19625087082386017,-0.260144978761673,-0.04588407650589943,-0.2379351407289505,0.11580801755189896,-0.21539631485939026,-0.23446190357208252,-0.13088536262512207,0.08195070922374725,-0.2545718848705292,0.3214453160762787,-0.01650172844529152,0.0600280798971653,-0.0318693071603775,-0.09188708662986755,-0.20609799027442932,-0.0222143717110157,-0.22578901052474976,2.7381327152252197,0.9386795163154602,0.6680967807769775,-0.11442028731107712,0.44348812103271484,-0.036345236003398895,-0.0033343881368637085,-0.12547045946121216,-0.20822744071483612,-0.1406158059835434,-0.253445565700531,-0.18178683519363403,-0.16120393574237823,0.6802198886871338,0.10353094339370728,-0.0002640187740325928,3.1833131313323975,1.287674903869629,-0.24567508697509766,-0.2783002257347107,-0.22496092319488525,1.5535027980804443,0.6650052666664124,0.41648733615875244,0.779376208782196,-0.1324453502893448,-0.11194811016321182,-0.21569430828094482,-0.18688490986824036,2.120516538619995,-0.2478758990764618,1.6251318454742432,-0.10183098912239075,-0.2646237909793854,-0.2774595320224762,-0.26919811964035034,-0.22455842792987823,0.10733047872781754,-0.10398231446743011,-0.18790048360824585,-0.08033251762390137,-0.09965386986732483,-0.23719163239002228,-0.18328005075454712,0.010612286627292633,0.9064918756484985,-0.2228582799434662,-0.26033589243888855,-0.10564613342285156,-0.18946844339370728,-0.2474915087223053,-0.03646433353424072,0.06569173187017441,0.03667508065700531,-0.0865165963768959,0.6372848153114319,0.8595766425132751,-0.13347318768501282,0.3927726149559021,0.09884607046842575,0.7064113616943359,-0.060561373829841614,-0.26060882210731506,0.3489241302013397,-0.2720506191253662,0.06421959400177002,1.8757327795028687,-0.0704721063375473,-0.0072197578847408295,0.7195229530334473,-0.2609710693359375,0.01671883463859558,1.0808910131454468,0.005277344956994057,0.752273440361023,-0.1314309984445572,0.4602312445640564,-0.14378607273101807,0.08254770934581757,0.754286527633667,-0.25431835651397705
28,189,225,219,252,0.09426011145114899,-0.23836572468280792,-0.08137942850589752,1.2050223350524902,-0.09424521028995514,-0.2482399195432663,-0.06659647822380066,-0.24060174822807312,-0.23145590722560883,-0.1982416808605194,0.4597400426864624,-0.19640272855758667,-0.09365029633045197,1.0265644788742065,0.949144184589386,-0.19925019145011902,-0.16803687810897827,-0.22100532054901123,-0.2717404365539551,-0.15722361207008362,0.1290886402130127,0.8250367641448975,0.13053885102272034,-0.1413963884115219,1.1326963901519775,-0.23153074085712433,-0.22464430332183838,-0.17926767468452454,0.08363384008407593,-0.05026774853467941,-0.14786981046199799,-0.25457262992858887,-0.13482597470283508,0.47999945282936096,-0.2559564411640167,-0.25563910603523254,0.08037334680557251,-0.11474636197090149,-0.1859646588563919,-0.2420414686203003,-0.1374872922897339,0.043327152729034424,0.6433126926422119,1.1676349639892578,-0.2683582007884979,-0.19334658980369568,-0.23007073998451233,0.8047139644622803,-0.12045496702194214,-0.1730472296476364,0.3628771901130676,0.14972534775733948,0.0783027932047844,-0.2444084882736206,-0.009833209216594696,-0.2318176031112671,-0.03949274122714996,1.1978957653045654,1.5966944694519043,-0.22904375195503235,-0.13169918954372406,0.2911231517791748,0.035849541425704956,0.5954155921936035,-0.19109632074832916,0.07517729699611664,-0.24137432873249054,0.5131454467773438,-0.16393819451332092,0.05845581740140915,0.9455684423446655,-0.15244440734386444,-0.2527386248111725,-0.08379995822906494,0.4357369542121887,0.2983080744743347,0.01129390299320221,-0.21603992581367493,-0.24466842412948608,-0.09301429241895676,-0.09809256345033646,-0.272800087928772,-0.2703601121902466,0.1538204848766327,-0.05067981779575348,-0.13013143837451935,0.19615912437438965,-0.1859227418899536,-0.07574694603681564,-0.17842473089694977,-0.2135593742132187,-0.03385239839553833,0.17930330336093903,0.06155431270599365,-0.24616025388240814,0.4076358675956726,-0.20035891234874725,0.1614580750465393,-0.18611109256744385,-0.0668596476316452,1.2881189584732056,-0.11169401556253433,0.07897114753723145,-0.027604125440120697,-0.1635279357433319,0.09752830117940903,-0.19652865827083588,-0.23892003297805786,0.3595244288444519,-0.004499344155192375,-0.12466298043727875,0.1580517441034317,-0.2656874656677246,-0.2547772526741028,0.1444956213235855,-0.1128849908709526,-0.10785742849111557,-0.05020477622747421,-0.0380232147872448,-0.04322447627782822,-0.0822373777627945,0.5506706237792969,-0.2782335579395294,0.10842447727918625,-0.09120219945907593,-0.08720608055591583,-0.19949260354042053,-0.07029253244400024
29,697,817,729,846,0.0024225711822509766,-0.27692192792892456,0.004386747255921364,1.1259574890136719,-0.18330173194408417,-0.2728368937969208,0.28503185510635376,-0.26228246092796326,-0.25456759333610535,-0.2514733076095581,0.5687687397003174,-0.2667328119277954,-0.13246658444404602,0.6705088019371033,0.5094842910766602,-0.25257861614227295,0.6157991886138916,0.24241256713867188,-0.18517571687698364,0.2508741617202759,-0.07481139898300171,-0.18544220924377441,0.10161006450653076,-0.05458065867424011,1.844894528388977,0.8476988673210144,-0.20516948401927948,-0.17460563778877258,0.30869096517562866,0.1139947772026062,-0.26062023639678955,-0.2117050588130951,0.02299465239048004,0.14959152042865753,-0.24019743502140045,-0.22873005270957947,-0.10724861919879913,0.008950585499405861,-0.20855319499969482,-0.12963005900382996,-0.1453232318162918,-0.06978902220726013,0.30962884426116943,1.2038888931274414,-0.08969616144895554,-0.1703057885169983,-0.2771144509315491,0.5652320981025696,0.23712468147277832,0.23043285310268402,0.535017728805542,0.24758103489875793,0.24719254672527313,-0.24621737003326416,-0.059619154781103134,-0.2450556755065918,-0.016047663986682892,1.0371334552764893,1.600924015045166,-0.23500469326972961,0.1103941798210144,0.5104783773422241,-0.12308599054813385,0.5172550082206726,-0.002575114369392395,0.31692826747894287,-0.05331317335367203,0.4406072795391083,-0.19396403431892395,0.3110983967781067,0.3346129059791565,-0.12708279490470886,-0.23020419478416443,0.28988945484161377,0.18045981228351593,0.4346506595611572,0.06925365328788757,-0.2362551987171173,-0.2391168624162674,-0.1420709788799286,-0.18666496872901917,-0.27715781331062317,-0.26583147048950195,0.4907061457633972,-0.07572737336158752,-0.1604117751121521,-0.14209803938865662,-0.13054810464382172,0.3475758731365204,-0.2200567126274109,-0.12836487591266632,-0.10465581715106964,0.02528739720582962,-0.044002652168273926,-0.26477688550949097,0.014628387987613678,-0.2165258228778839,-0.14688916504383087,-0.20433247089385986,0.005744911730289459,1.3030039072036743,-0.14162518084049225,0.17436583340168,0.1998915672302246,-0.27062249183654785,0.1546815186738968,-0.13542033731937408,-0.2450650930404663,0.46215832233428955,-0.11513333767652512,-0.25037524104118347,-0.06831463426351547,-0.19559581577777863,-0.2102561891078949,0.3542402386665344,-0.12030284851789474,0.7734650373458862,-0.010997205972671509,-0.19290494918823242,-0.07193335890769958,-0.06269410252571106,0.6121389865875244,-0.276510089635849,0.5101414322853088,0.002373531460762024,0.48246240615844727,-0.12069827318191528,-0.14368602633476257
30,577,630,601,653,-0.019264478236436844,-0.24800129234790802,-0.00020277111616451293,1.0197559595108032,-0.04825298860669136,-0.2781020998954773,-0.2756776213645935,-0.25827082991600037,-0.277043879032135,-0.271823912858963,1.302207112312317,-0.25071245431900024,-0.18564100563526154,3.8979620933532715,0.3880828022956848,-0.2783626914024353,-0.13461649417877197,-0.2599184811115265,-0.277615487575531,-0.22042441368103027,-0.2776532769203186,1.6553117036819458,-0.16143517196178436,-0.26420050859451294,-0.1333218812942505,-0.27211976051330566,-0.08763080090284348,-0.1352841705083847,0.45627522468566895,-0.2780919075012207,-0.18443313241004944,-0.2375870794057846,-0.27845266461372375,0.4696410596370697,-0.22099100053310394,-0.2507932186126709,-0.25088340044021606,-0.2777979373931885,-0.15556253492832184,-0.27708327770233154,-0.2686964273452759,-0.16484518349170685,-0.1261439025402069,0.05823924392461777,-0.2587144672870636,-0.09400655329227448,-0.20189034938812256,0.9080968499183655,0.6253650188446045,-0.16637524962425232,0.17790520191192627,0.9947938323020935,-0.03967983275651932,-0.24591615796089172,-0.2050975263118744,-0.2415604442358017,-0.2759491503238678,0.25851884484291077,1.398659586906433,-0.26698818802833557,-0.2751263976097107,0.03066868707537651,-0.20536227524280548,-0.13325302302837372,3.17718243598938,-0.26039227843284607,-0.16818256676197052,0.5601726770401001,-0.23280775547027588,-0.15246324241161346,1.4624797105789185,-0.12996327877044678,-0.2759917676448822,-0.08717223256826401,0.7146990895271301,-0.27491459250450134,-0.02947964519262314,-0.20539763569831848,0.09653697907924652,-0.13809245824813843,0.34419506788253784,-0.26974788308143616,-0.2782531976699829,0.7117313146591187,0.027340935543179512,-0.1988736242055893,-0.25579720735549927,-0.20249567925930023,-0.17629477381706238,-0.26636040210723877,-0.2523278594017029,0.003555804956704378,-0.2716805338859558,-0.2714744806289673,-0.2158515453338623,0.0006962061743251979,-0.2436130940914154,-0.25633886456489563,-0.2648608088493347,0.21852943301200867,0.023404467850923538,-0.12133248150348663,0.016154568642377853,0.03565296158194542,-0.1923617273569107,0.18962091207504272,-0.006912515498697758,1.5302023887634277,-0.25239381194114685,-0.23509228229522705,-0.1785556972026825,-0.25366923213005066,-0.22968123853206635,0.0744653046131134,-0.1374630481004715,-0.277588814496994,-0.27391862869262695,-0.27760639786720276,-0.01933233253657818,0.5308640003204346,-0.010167781263589859,0.07305248826742172,-0.27836093306541443,0.568693220615387,-0.2636916935443878,-0.24252088367938995,-0.13088630139827728,-0.18538504838943481
31,299,727,379,802,0.8202675580978394,-0.18595029413700104,0.27954360842704773,1.0468509197235107,-0.21950726211071014,-0.05960257351398468,0.022318942472338676,-0.1518525630235672,-0.1547621190547943,-0.21449653804302216,0.24008238315582275,-0.20777611434459686,-0.06347829103469849,0.049148038029670715,0.2775854468345642,-0.14817355573177338,-0.14993274211883545,-0.13298563659191132,0.2668622136116028,-0.15902221202850342,0.39016953110694885,0.01244346983730793,0.8748748302459717,-0.07401405274868011,0.01864992082118988,0.25260552763938904,-0.18901561200618744,-0.16885364055633545,0.528109610080719,0.7011618614196777,-0.1015097126364708,-0.22196190059185028,-0.06675989925861359,0.19739532470703125,-0.13728150725364685,-0.014946257695555687,-0.2014807164669037,0.334064781665802,0.018734462559223175,-0.04845919460058212,-0.0685737207531929,-0.12432427704334259,-0.10891982167959213,0.10205984860658646,0.2132614105939865,-0.1621716320514679,-0.1358080506324768,0.40797001123428345,0.10947588086128235,0.5891455411911011,0.1437315046787262,0.1327652633190155,0.5048563480377197,-0.21244949102401733,0.3393602669239044,-0.012335618957877159,0.0006651878356933594,0.09116305410861969,0.5190322399139404,-0.19954338669776917,0.2672032415866852,0.5072225332260132,-0.05208481848239899,-0.16189779341220856,0.05680328980088234,-0.02847561426460743,0.010077724233269691,0.25934237241744995,0.024119248613715172,0.5413046479225159,0.4629818797111511,-0.10312654823064804,0.031760264188051224,0.29397526383399963,-0.11728832125663757,-0.08917593210935593,0.2916225492954254,-0.05532307177782059,-0.14718946814537048,0.11680169403553009,0.019401706755161285,-0.219072163105011,-0.26144424080848694,0.22159187495708466,0.17493675649166107,0.34409087896347046,0.03899836912751198,-0.20301857590675354,0.13922148942947388,-0.19454902410507202,-0.17328184843063354,0.36331138014793396,0.6889494061470032,-0.2552073895931244,-0.16452835500240326,-0.12327617406845093,-0.2153204381465912,-0.019723502919077873,-0.19157689809799194,0.15940658748149872,-0.07492296397686005,0.13465933501720428,-0.0823047086596489,0.4974497854709625,0.2843049168586731,0.2146032452583313,0.12079739570617676,0.07612982392311096,-0.038340210914611816,-0.11397998780012131,0.31821396946907043,-0.10211856663227081,-0.20559749007225037,-0.1575787365436554,0.5503779649734497,-0.11842025816440582,0.6613287925720215,-0.21990129351615906,-0.1158178523182869,-0.0010819530580192804,-0.13015960156917572,0.38537734746932983,-0.044310063123703,0.2275494933128357,-0.06348700821399689,0.5061644911766052,-0.04776323214173317,-0.19202947616577148
32,528,413,551,435,0.13487893342971802,-0.24281176924705505,-0.18140561878681183,1.2147839069366455,-0.17529168725013733,-0.25140270590782166,0.027593955397605896,-0.22498354315757751,-0.2127954363822937,-0.1890917420387268,0.22135846316814423,-0.2129557728767395,0.02064475417137146,-0.14208270609378815,1.425136685371399,-0.22658804059028625,-0.2697882056236267,-0.2452695667743683,-0.22036299109458923,-0.08364301174879074,0.4546263813972473,1.566395878791809,0.16760361194610596,1.9191408157348633,0.5787240862846375,-0.22182917594909668,-0.23442265391349792,-0.09440311789512634,0.03517366200685501,0.08514337241649628,-0.18546386063098907,0.03829261660575867,-0.2077723890542984,0.5000392198562622,-0.22391152381896973,0.0018820613622665405,0.1432691514492035,0.1279444843530655,-0.23123830556869507,-0.14213454723358154,-0.2580324113368988,0.10113198310136795,0.1425982564687729,0.8238328099250793,0.22135311365127563,-0.22519534826278687,-0.21541276574134827,0.7292425632476807,-0.15344955027103424,0.01664203405380249,1.5542781352996826,0.78425133228302,0.126488596200943,-0.2476489245891571,0.3900681436061859,-0.2385021150112152,-0.10789264738559723,1.164933443069458,1.9405291080474854,-0.24651530385017395,-0.15664833784103394,0.18886809051036835,-0.17029032111167908,-0.24096611142158508,-0.16063617169857025,0.2060067355632782,-0.25803205370903015,0.012404218316078186,-0.01155214011669159,0.2174202799797058,1.310523509979248,-0.12860479950904846,-0.19489765167236328,0.02482178807258606,0.120030477643013,0.18935035169124603,0.041520655155181885,-0.21167030930519104,-0.24970051646232605,-0.11156848073005676,0.08691461384296417,-0.2655176520347595,-0.2691839933395386,-0.04134981334209442,-0.05043010041117668,-0.15232175588607788,-0.25554150342941284,-0.2293054759502411,-0.005112633109092712,-0.2695970833301544,-0.24144339561462402,-0.044024012982845306,0.11303859204053879,0.2511994242668152,-0.2743781805038452,0.4721430242061615,0.0008939802646636963,-0.10183970630168915,-0.2659863829612732,0.0043908655643463135,1.3066630363464355,0.16351331770420074,-0.08670581877231598,0.18657785654067993,-0.19841644167900085,-0.0005049072206020355,-0.13599003851413727,-0.2435292750597,-0.100338414311409,-0.19718581438064575,-0.061177611351013184,0.5562289357185364,-0.27510881423950195,-0.25244683027267456,0.10476826131343842,-0.10838733613491058,0.022815629839897156,-0.20618702471256256,-0.23205946385860443,-0.11953027546405792,-0.04140233248472214,0.272988885641098,-0.2510474622249603,0.12238043546676636,-0.028092700988054276,0.07757522165775299,-0.07498078048229218,0.11383210867643356
33,363,764,433,830,1.2371282577514648,-0.22138407826423645,0.3921545445919037,1.0657776594161987,-0.21626171469688416,-0.11627505719661713,0.2360323667526245,-0.19663254916667938,-0.019829202443361282,-0.23527976870536804,0.2572008967399597,0.05427711084485054,-0.06847594678401947,0.13663949072360992,0.5087791681289673,-0.1741866171360016,-0.05006297305226326,-0.01665440760552883,0.4771125912666321,0.05600137263536453,0.7796286940574646,-0.010077046230435371,0.9011707305908203,0.05937844514846802,0.01439078152179718,0.4223279058933258,-0.20057988166809082,-0.1265522986650467,0.7330566048622131,0.7053062915802002,-0.13023564219474792,-0.15106797218322754,-0.05171533674001694,0.4127178192138672,-0.13667070865631104,0.25315529108047485,-0.18430833518505096,0.40513911843299866,0.012993079610168934,0.14868225157260895,-0.05951940268278122,-0.12055758386850357,-0.005370509810745716,0.5772016644477844,0.22430892288684845,-0.14747004210948944,-0.16828934848308563,0.5708584189414978,0.2568667531013489,0.5679775476455688,0.22559423744678497,0.31548383831977844,0.7758321762084961,-0.22818803787231445,0.5706917643547058,-0.005059236194938421,0.15942122042179108,0.4646523892879486,0.7701115012168884,-0.2106393277645111,0.4653378427028656,0.4115932881832123,-0.12775138020515442,0.15884463489055634,0.15729835629463196,0.1382758915424347,-0.04519975930452347,0.3881545960903168,0.08324373513460159,0.4768580496311188,0.4356204867362976,-0.10778763145208359,0.07696807384490967,0.7009217143058777,-0.15970946848392487,0.0030960035510361195,0.5060399770736694,0.1933451145887375,0.006910133175551891,-0.10828983783721924,0.014918489381670952,-0.219920352101326,-0.2589621841907501,0.24765336513519287,0.21730056405067444,0.03974777087569237,0.04456895589828491,-0.1624055802822113,0.14608873426914215,-0.25085434317588806,0.05889187008142471,0.20115308463573456,0.7874999642372131,-0.2564561367034912,-0.14758968353271484,-0.041015129536390305,-0.23205725848674774,0.14490996301174164,-0.22414812445640564,0.11172189563512802,-0.015675675123929977,0.13241270184516907,0.021955784410238266,0.6104462146759033,0.4944642186164856,0.38415032625198364,0.15077140927314758,0.16885820031166077,0.08102921396493912,-0.2039400041103363,0.4541565477848053,-0.013356548734009266,-0.08797655254602432,-0.11993668228387833,0.6103013753890991,0.035966336727142334,0.9056054949760437,-0.0894215926527977,-0.054315488785505295,0.00759836146607995,-0.16094832122325897,0.3583621084690094,0.004807102493941784,0.25866639614105225,-0.03375875949859619,0.6331927180290222,0.13448753952980042,-0.20333032310009003
34,331,324,396,386,0.8859204053878784,-0.17599107325077057,0.27628031373023987,1.088819146156311,-0.24710257351398468,-0.1545523703098297,0.2183501124382019,-0.14993950724601746,-0.06576777249574661,-0.1617780476808548,0.21079179644584656,0.19326229393482208,0.028243761509656906,0.22353431582450867,0.423429399728775,-0.14411142468452454,-0.0521027147769928,-0.0845424234867096,0.5037493109703064,0.0664132609963417,0.44739386439323425,0.0018978919833898544,0.7856053113937378,0.04331360012292862,0.015770576894283295,0.3445534408092499,-0.20537500083446503,-0.047662362456321716,0.7399225234985352,0.6587294340133667,-0.05866963416337967,-0.17320172488689423,-0.054209768772125244,0.2711888253688812,-0.14639601111412048,0.2544572055339813,-0.20187987387180328,0.41923561692237854,-0.12403948605060577,0.1283758580684662,-0.10637208819389343,-0.10471868515014648,0.1098228320479393,0.29196828603744507,0.29945865273475647,-0.14757941663265228,-0.19077499210834503,0.5203161835670471,0.2419898957014084,0.4242309629917145,0.25349563360214233,0.22644011676311493,0.7354699373245239,-0.2177581638097763,0.07292543351650238,0.3853074908256531,0.049670346081256866,0.42228269577026367,0.4510157108306885,-0.1869829297065735,0.38576868176460266,0.8252506852149963,-0.11128652840852737,0.2129262387752533,0.2418658286333084,0.19443148374557495,-0.057094015181064606,0.42285770177841187,0.09594735503196716,0.6070892810821533,0.4751818776130676,-0.13560402393341064,0.10857129096984863,0.5911242961883545,-0.17782312631607056,-0.007775761187076569,0.3379562199115753,0.221047043800354,-0.06314613670110703,0.28588223457336426,0.03899994492530823,-0.17474254965782166,-0.26211580634117126,0.3470819592475891,0.044013261795043945,0.026558661833405495,-0.11237069964408875,-0.09964433312416077,0.1780131459236145,-0.1921963095664978,0.19010517001152039,0.21487270295619965,0.5503553748130798,-0.25855275988578796,-0.16253039240837097,-0.1627294421195984,-0.2178361415863037,0.17788249254226685,-0.16845349967479706,0.06398402154445648,-0.09211699664592743,0.2687217593193054,0.007165402173995972,0.4956732988357544,0.5084629654884338,0.3996206223964691,0.2206379473209381,0.09155096113681793,0.029785392805933952,-0.023361029103398323,0.33774033188819885,-0.08985631912946701,-0.19965492188930511,-0.1802791804075241,0.6230825185775757,-0.030070263892412186,0.6973128318786621,-0.08125075697898865,-0.16248038411140442,0.03784019127488136,-0.15704607963562012,0.3436223864555359,0.032708875834941864,0.3916160762310028,-0.045671284198760986,0.603290319442749,0.1558891385793686,-0.18389086425304413
35,469,827,500,856,0.1861770898103714,-0.25742223858833313,-0.16856569051742554,1.1083347797393799,-0.08202724158763885,0.27167952060699463,0.7193618416786194,-0.24137811362743378,-0.23669792711734772,-0.18682709336280823,0.5828641057014465,-0.21887165307998657,-0.15604268014431,-0.04238077998161316,-0.09332532435655594,-0.2113252580165863,0.9497148990631104,-0.1057422012090683,-0.23407100141048431,-0.20233607292175293,0.33404576778411865,0.14156904816627502,0.2782670557498932,1.1963268518447876,0.3326435983181,1.1093883514404297,-0.07342872023582458,0.008093226701021194,0.28883302211761475,1.0935790538787842,-0.17541682720184326,-0.21639221906661987,0.020804377272725105,0.12293390929698944,-0.1767217218875885,-0.1735590547323227,0.02519802749156952,0.05996370315551758,-0.2031509429216385,0.03778727352619171,0.048173099756240845,-0.06452988088130951,-0.0055906325578689575,0.9746469259262085,0.15252476930618286,-0.25274235010147095,-0.2580827474594116,0.7069982290267944,0.7299703359603882,0.5296318531036377,0.8094783425331116,0.4337312877178192,0.16801708936691284,-0.22867096960544586,-0.11927672475576401,-0.2324998527765274,-0.19824735820293427,0.5390182137489319,1.595744013786316,-0.21043731272220612,0.07590512931346893,0.28200042247772217,-0.11676575988531113,-0.08077484369277954,0.07499349862337112,0.4653319716453552,1.0374760627746582,0.04182004928588867,0.32614290714263916,0.3664610981941223,0.4680350422859192,-0.23139655590057373,-0.1637466847896576,0.11479805409908295,-0.15980511903762817,0.15401548147201538,-0.17062464356422424,-0.25166064500808716,-0.18401727080345154,-0.13681505620479584,0.6596806049346924,-0.2070782631635666,-0.24432089924812317,0.03982820361852646,-0.04566895216703415,-0.2376777082681656,-0.21445569396018982,-0.09913299977779388,0.12290553748607635,-0.24143138527870178,-0.2501632571220398,0.251713365316391,-0.14400529861450195,0.03037486970424652,-0.21273478865623474,0.15724211931228638,-0.19377142190933228,0.037822164595127106,-0.258407324552536,0.09412937611341476,0.04195766896009445,-0.042936861515045166,0.3211347758769989,0.24726782739162445,0.7889663577079773,0.045710235834121704,0.051226552575826645,-0.07254676520824432,0.33232995867729187,-0.20026114583015442,-0.10378507524728775,0.11982962489128113,-0.22721439599990845,-0.12297792732715607,0.148565873503685,-0.0921252891421318,-0.004001200199127197,-0.22953936457633972,-0.14811590313911438,0.15819773077964783,-0.12524008750915527,0.23605598509311676,-0.20582780241966248,0.4996700882911682,-0.1224917620420456,0.0679967850446701,-0.0236816443502903,-0.1406145542860031
36,488,649,521,680,0.5728850364685059,-0.244404137134552,-0.15280959010124207,0.9453079700469971,-0.07942136377096176,-0.2702116370201111,0.22032402455806732,-0.223026841878891,-0.12784796953201294,-0.24914541840553284,0.5969879627227783,-0.19656068086624146,-0.13674163818359375,0.2729490399360657,-0.0754987820982933,-0.23434728384017944,0.340394526720047,-0.24940836429595947,-0.24622392654418945,-0.2521659731864929,0.18146973848342896,-0.13482381403446198,0.26594680547714233,0.4984561502933502,-0.08920454978942871,0.47961610555648804,-0.19497039914131165,-0.17495691776275635,0.37351617217063904,0.42293596267700195,-0.25070881843566895,-0.22485564649105072,0.05347175896167755,0.3631950616836548,-0.2281682938337326,0.18082284927368164,-0.21281099319458008,0.11249306797981262,-0.23998555541038513,-0.20149964094161987,-0.08030852675437927,-0.1890900731086731,-0.19211286306381226,0.38198697566986084,0.30462881922721863,-0.24286088347434998,-0.26034772396087646,0.40477490425109863,0.16210903227329254,0.3907165825366974,0.6847580671310425,-0.15541872382164001,0.46432486176490784,-0.24930498003959656,0.18708762526512146,-0.2306794375181198,0.017644688487052917,0.4297600984573364,0.800345242023468,-0.25008660554885864,-0.024436727166175842,0.5946398377418518,0.027578070759773254,-0.06733783334493637,0.6153150200843811,-0.20990672707557678,0.13348829746246338,0.33499714732170105,-0.10659990459680557,0.5028471946716309,0.6253002285957336,-0.16863882541656494,-0.19280029833316803,0.1079861968755722,-0.024501532316207886,-0.08897392451763153,-0.041403260082006454,-0.2600057125091553,-0.2367384135723114,-0.16634459793567657,-0.15256555378437042,-0.2578114867210388,-0.25263041257858276,0.4111625850200653,0.04216552898287773,-0.0859806090593338,-0.19701389968395233,-0.12677879631519318,0.043876297771930695,-0.19733136892318726,-0.2178034484386444,0.09243790805339813,0.011816881597042084,-0.23706164956092834,0.6738954782485962,-0.013734597712755203,-0.23044922947883606,0.09157385677099228,-0.2505871653556824,0.16921406984329224,0.7449367642402649,0.01440681517124176,-0.013776622712612152,0.5120542049407959,-0.2172355055809021,-0.003128891810774803,-0.09729410707950592,-0.1567927598953247,0.05811379849910736,-0.0672760084271431,0.46736156940460205,0.033530913293361664,-0.2768075466156006,-0.14900192618370056,0.6244763731956482,-0.20619013905525208,0.6651935577392578,-0.2127242386341095,-0.20171156525611877,0.023524567484855652,-0.1450297236442566,0.24430429935455322,-0.25214684009552,0.49613428115844727,-0.14995603263378143,0.5156984925270081,0.128695547580719,-0.20707574486732483
37,477,190,510,222,0.2624061703681946,-0.2730720043182373,-0.09428343176841736,1.089101791381836,-0.16709652543067932,-0.27650514245033264,0.28472593426704407,-0.14562107622623444,-0.2734054625034332,-0.2571403980255127,0.5425969362258911,-0.2346934676170349,0.145016610622406,0.06190681457519531,0.35359838604927063,-0.18790465593338013,0.9438769817352295,-0.21401339769363403,-0.2377813160419464,-0.07799055427312851,0.23169846832752228,0.4574751555919647,0.4350227117538452,0.10843409597873688,0.6941583752632141,-0.2406933605670929,-0.20632722973823547,-0.21840272843837738,0.155065655708313,0.052786968648433685,-0.20662003755569458,-0.17746196687221527,-0.12554790079593658,0.5445597767829895,-0.2029045820236206,-0.19715426862239838,-0.19245553016662598,0.027224309742450714,-0.25599440932273865,0.018906190991401672,-0.20979654788970947,-0.13733872771263123,-0.0686836689710617,0.34201017022132874,0.04642203077673912,-0.21167877316474915,-0.2531375586986542,0.5096839070320129,0.23520274460315704,0.2726719081401825,0.7065002918243408,-0.08109867572784424,0.2735600471496582,-0.23236000537872314,0.0411856546998024,-0.2520372271537781,-0.2688029408454895,0.5506975650787354,0.8272518515586853,-0.20269419252872467,0.12408909201622009,0.4911307692527771,-0.1620250791311264,0.009487740695476532,-0.15015606582164764,-0.03798610717058182,-0.055330611765384674,0.2133849561214447,0.17958123981952667,0.42974019050598145,0.533766508102417,-0.20702862739562988,-0.1669335961341858,0.2912748157978058,0.06113535910844803,-0.14687132835388184,0.019397668540477753,-0.21798811852931976,-0.21648083627223969,-0.21758507192134857,-0.08057307451963425,-0.24534177780151367,-0.27096888422966003,-0.030752211809158325,-0.017318908125162125,0.030704781413078308,-0.06977127492427826,-0.16170217096805573,0.14684322476387024,-0.2154180407524109,-0.20355087518692017,0.23184558749198914,0.3257612884044647,-0.23847901821136475,-0.2391337901353836,-0.08370614051818848,-0.2129794955253601,0.07146744430065155,-0.23878255486488342,0.06742076575756073,0.2583087682723999,0.032463885843753815,0.013905971311032772,0.37287336587905884,-0.25113552808761597,0.25874263048171997,0.04808269068598747,-0.12378804385662079,0.21673668920993805,-0.06750932335853577,-0.09253738820552826,-0.12375952303409576,-0.1826196312904358,-0.2528519034385681,0.3793846368789673,-0.15168440341949463,0.4859286844730377,-0.2064584195613861,-0.21876677870750427,0.015750549733638763,-0.12839174270629883,0.4368724524974823,-0.17827525734901428,0.23842883110046387,-0.12160125374794006,0.29603737592697144,-0.17980821430683136,-0.162253737449646
38,519,621,544,645,0.05416122078895569,-0.26433509588241577,-0.21977916359901428,1.0878422260284424,-0.11984574794769287,0.13823813199996948,0.2435196042060852,-0.22378060221672058,-0.2716206908226013,-0.23420077562332153,0.44297659397125244,-0.15557092428207397,-0.033453911542892456,-0.023140497505664825,-0.06630954891443253,-0.20252977311611176,0.4440075755119324,-0.21905851364135742,-0.21626736223697662,-0.24166230857372284,0.16464969515800476,-0.15601852536201477,0.2968670129776001,1.0562047958374023,0.5186368227005005,1.2329065799713135,-0.16805291175842285,-0.1948024481534958,0.06985369324684143,1.3568849563598633,0.08512263000011444,-0.16290171444416046,-0.010771885514259338,0.31715455651283264,-0.21389788389205933,-0.2457142323255539,0.02967570722103119,-0.025189869105815887,-0.21577002108097076,-0.2467312216758728,0.02364782989025116,-0.007407277822494507,-0.19192032516002655,0.42738115787506104,0.042967285960912704,-0.1434829980134964,-0.25818371772766113,0.6040587425231934,0.6254130601882935,0.49583569169044495,0.9863473176956177,0.46223655343055725,0.26013755798339844,-0.2269982099533081,-0.21790502965450287,-0.23465216159820557,-0.1806381642818451,0.14428064227104187,1.5885249376296997,-0.21426980197429657,0.1948292851448059,0.5503270626068115,-0.13283030688762665,-0.056397080421447754,-0.13818980753421783,0.15792161226272583,0.6990303993225098,0.04776272922754288,-0.032840389758348465,0.4906235933303833,0.17074687778949738,-0.18014591932296753,-0.1764919012784958,0.3503396213054657,-0.05314338952302933,0.048311747610569,-0.11032193899154663,-0.2628052234649658,-0.2315722405910492,-0.1752472221851349,0.5436635613441467,-0.2546312212944031,-0.2481512725353241,0.10735677182674408,0.19801098108291626,-0.17106959223747253,-0.1409936100244522,-0.10478270053863525,0.04948332905769348,-0.23529011011123657,-0.24619415402412415,0.31304171681404114,0.0720752701163292,0.10339809954166412,-0.27190259099006653,0.14174018800258636,-0.09619354456663132,0.0480554923415184,-0.2449929267168045,0.058090101927518845,0.2684989273548126,-0.06397902965545654,-0.09081530570983887,0.3259477913379669,0.528206467628479,0.03639965504407883,-0.12153400480747223,-0.2252405285835266,0.0518803745508194,-0.14568178355693817,-0.18127313256263733,0.2637038826942444,-0.2700406610965729,-0.17500044405460358,0.3745878338813782,-0.06802597641944885,0.8195946216583252,-0.06973959505558014,-0.16026151180267334,-0.011753261089324951,-0.10051687061786652,0.29090431332588196,-0.23888637125492096,0.6635973453521729,-0.16520264744758606,0.19998282194137573,-0.16108964383602142,-0.047679342329502106
39,632,479,653,499,-0.02672138810157776,-0.26525312662124634,1.1961413621902466,1.1226414442062378,-0.11436760425567627,-0.20607417821884155,0.45944416522979736,-0.2734134793281555,-0.19815586507320404,-0.2485862821340561,1.2146730422973633,-0.269602507352829,-0.258163183927536,2.106231212615967,-0.1881003975868225,-0.2749042510986328,-0.2678290009498596,2.9840004444122314,-0.0896146148443222,-0.22130675613880157,-0.26587891578674316,0.37642741203308105,0.47042250633239746,-0.22236515581607819,2.0322623252868652,1.4614101648330688,-0.020948968827724457,-0.010407360270619392,1.2330137491226196,1.4920306205749512,-0.2283298820257187,-0.15398940443992615,-0.13374726474285126,-0.09678928554058075,-0.24913516640663147,-0.1958680897951126,-0.019321583211421967,2.349466323852539,-0.1802440583705902,0.32043907046318054,0.05126597359776497,-0.005896419286727905,-0.21318356692790985,1.7177571058273315,-0.17258194088935852,0.5772942304611206,-0.19258752465248108,1.1235350370407104,-0.035392288118600845,1.4973912239074707,0.06683114171028137,0.06461800634860992,0.6864593029022217,-0.01578419655561447,-0.2270144522190094,-0.19705334305763245,0.002212241291999817,-0.21559962630271912,1.0544414520263672,-0.16303695738315582,-0.22160327434539795,-0.11390576511621475,-0.11036093533039093,-0.1920642852783203,0.5326195955276489,-0.1861712783575058,-0.1462508589029312,0.6859092712402344,0.3615325689315796,0.5582237243652344,-0.12050876021385193,-0.16345924139022827,-0.18054762482643127,-0.2671210765838623,-0.13508479297161102,0.6240132451057434,-0.18845300376415253,-0.25681859254837036,0.6316955089569092,-0.09172318875789642,0.5531772971153259,-0.2777400612831116,-0.2666626572608948,0.06838353723287582,-0.20693130791187286,-0.05204199254512787,-0.09969094395637512,-0.06765641272068024,2.113301992416382,-0.19295689463615417,-0.11814141273498535,-0.19819432497024536,-0.2144845724105835,0.07262349128723145,-0.2142472267150879,-0.20254966616630554,-0.15606063604354858,-0.0999356284737587,0.1427498459815979,0.03433383256196976,0.30449336767196655,-0.26474034786224365,1.6936149597167969,0.7398731112480164,2.235337972640991,-0.2546066641807556,0.3988794684410095,-0.2622505724430084,-0.19790467619895935,-0.23406541347503662,-0.26225578784942627,-0.09113381057977676,-0.05202199146151543,1.7300965785980225,-0.13233928382396698,0.03419559448957443,-0.13438193500041962,0.7715117931365967,0.030838314443826675,0.23307251930236816,0.08917345106601715,0.2407265305519104,-0.18345454335212708,1.0227088928222656,-0.2009923756122589,-0.27052655816078186,0.2940097451210022,-0.052694886922836304
40,517,864,549,895,-0.08785836398601532,-0.25128796696662903,-0.08468026667833328,1.0066041946411133,-0.16959188878536224,-0.1212635487318039,-0.1632862687110901,-0.26356393098831177,-0.24658167362213135,-0.26689642667770386,0.8184852600097656,-0.17717388272285461,-0.1961827427148819,0.7029628157615662,0.47652918100357056,-0.25378942489624023,1.5391194820404053,-0.2732037305831909,0.20253847539424896,-0.2076093852519989,-0.005331334657967091,-0.1322154998779297,0.0642271488904953,0.14257608354091644,1.9014344215393066,1.5187854766845703,-0.15011954307556152,0.08284386247396469,-0.020590774714946747,0.7886525988578796,-0.1784491389989853,0.29788511991500854,0.11530500650405884,0.1719563603401184,-0.19194844365119934,-0.24035483598709106,-0.2609526515007019,-0.16178055107593536,-0.21016834676265717,-0.20646312832832336,-0.19712188839912415,-0.1894654780626297,0.3210752010345459,0.10159777104854584,0.06940016150474548,-0.1327650099992752,-0.2588878273963928,0.45298629999160767,0.9007540345191956,0.4806119501590729,1.024778962135315,0.683492124080658,-0.022190116345882416,-0.21008142828941345,-0.21318495273590088,-0.2439553141593933,-0.200199156999588,0.7151216268539429,1.6085960865020752,-0.19644895195960999,0.0936398133635521,0.4550216794013977,0.0016667991876602173,-0.21534253656864166,0.15690778195858002,-0.2206752896308899,1.0054211616516113,0.07732155174016953,-0.24428823590278625,0.4914833903312683,0.15761737525463104,-0.20252621173858643,-0.18608789145946503,0.27328264713287354,0.37982460856437683,-0.24028842151165009,-0.1317937970161438,-0.23296311497688293,-0.21287651360034943,-0.13062620162963867,0.3807380199432373,-0.26603513956069946,-0.26535844802856445,1.0061259269714355,0.1305796504020691,-0.12404972314834595,-0.2073809802532196,-0.10548058897256851,-0.042462900280952454,-0.2272079735994339,-0.25101447105407715,0.08571210503578186,-0.1440577507019043,-0.2429128885269165,-0.24780511856079102,-0.07822723686695099,-0.248403400182724,0.590641438961029,-0.20529904961585999,0.274921715259552,0.4076744019985199,-0.22170312702655792,0.1873944103717804,0.3719254434108734,0.00641719251871109,0.01359623670578003,0.05297812074422836,1.4386308193206787,-0.03328551724553108,-0.18292516469955444,-0.27649345993995667,-0.16409413516521454,-0.2694645822048187,-0.20978635549545288,0.36309635639190674,-0.14271937310695648,0.8973420858383179,-0.1806585043668747,-0.17473873496055603,-0.09250954538583755,-0.014811016619205475,0.23660454154014587,0.10504406690597534,0.8846282958984375,-0.24061401188373566,0.5623821020126343,-0.2526440918445587,-0.18115542829036713
41,539,542,563,564,0.3554288148880005,-0.26556679606437683,-0.12589043378829956,1.0687072277069092,-0.16497161984443665,-0.24760697782039642,0.16132044792175293,-0.1696852743625641,-0.2750769257545471,-0.22407549619674683,0.4266616106033325,-0.20141708850860596,-0.039028674364089966,0.01710508018732071,0.42725926637649536,-0.18709227442741394,-0.2251863032579422,-0.16284289956092834,-0.24615007638931274,-0.2168726623058319,0.3295239806175232,-0.0770568996667862,0.4397873878479004,1.0006873607635498,0.2666240632534027,0.6282572746276855,-0.1582232117652893,-0.2087722271680832,0.3545339107513428,0.31351733207702637,-0.18126973509788513,0.13592767715454102,-0.1775336116552353,0.1622629016637802,-0.22507503628730774,-0.16061103343963623,0.01441916823387146,0.10952533781528473,-0.24500802159309387,-0.1083611324429512,-0.16863231360912323,-0.02301660180091858,0.13367345929145813,0.6631834506988525,0.33017927408218384,-0.21216043829917908,-0.2608056962490082,0.46792155504226685,0.03222435340285301,0.28915637731552124,1.1772503852844238,0.5239208936691284,0.04436720907688141,-0.25877612829208374,0.005561068654060364,-0.23248998820781708,-0.10636072605848312,0.236060231924057,1.4969923496246338,-0.2271518111228943,-0.06405991315841675,0.5206148624420166,-0.2081049382686615,-0.05536908656358719,-0.05364584922790527,0.12493933737277985,-0.25303345918655396,0.17680054903030396,-0.03594481945037842,0.5740134716033936,0.29116228222846985,0.0038205087184906006,-0.10369854420423508,0.10854984819889069,-0.035355620086193085,0.24399085342884064,0.12208448350429535,-0.2492595613002777,-0.23585380613803864,-0.11905786395072937,-0.03362981230020523,-0.2709476053714752,-0.25553417205810547,-0.005305631086230278,0.045751988887786865,0.013638392090797424,-0.043974027037620544,-0.16671717166900635,0.043985649943351746,-0.24154198169708252,-0.25563526153564453,0.05968482047319412,0.25509464740753174,0.05476754903793335,-0.20273371040821075,0.26313140988349915,-0.07160467654466629,-0.06916365027427673,-0.24537712335586548,0.083035409450531,1.1658917665481567,-0.0040423572063446045,-0.07059769332408905,0.34886014461517334,-0.19974522292613983,0.005620211362838745,-0.10135115683078766,-0.22562937438488007,-0.16968825459480286,-0.20227837562561035,-0.08428182452917099,0.2588697671890259,-0.22199232876300812,-0.1960577517747879,0.37852776050567627,-0.10906139016151428,0.6066903471946716,-0.2685975432395935,-0.22667701542377472,-0.016655536368489265,-0.07249212265014648,0.2875526249408722,-0.22671319544315338,0.25715386867523193,-0.09557493031024933,0.2303197681903839,-0.1416892558336258,-0.04566825181245804
42,431,873,466,907,1.0193456411361694,-0.22113211452960968,-0.020000815391540527,1.009827733039856,-0.2020820826292038,-0.00181005394551903,0.5154111981391907,-0.24509459733963013,0.06676638871431351,-0.2537823021411896,-0.012482881546020508,-0.1889982968568802,-0.21339930593967438,0.2674109637737274,0.5437688231468201,-0.1919257640838623,0.3874482214450836,0.7912986874580383,0.35435137152671814,-0.21685709059238434,0.30411991477012634,0.08213925361633301,0.5267495512962341,0.5381773114204407,-0.17160044610500336,1.2605289220809937,-0.18313078582286835,0.12903283536434174,0.31649526953697205,0.6177864670753479,-0.23908662796020508,-0.14191310107707977,0.17999351024627686,0.23738276958465576,-0.1880536526441574,0.1580728441476822,-0.2112129181623459,0.3638956546783447,-0.2519780397415161,0.18729673326015472,0.5529851317405701,-0.11816766113042831,0.11735782772302628,0.08392272144556046,0.034529540687799454,0.12086695432662964,-0.24073313176631927,1.3175581693649292,-0.09012002497911453,0.03438271954655647,0.5898020267486572,0.6311444044113159,0.6660155653953552,-0.2542738616466522,0.1255643516778946,-0.06826630979776382,0.6577867865562439,0.1764909029006958,1.0817146301269531,-0.19434313476085663,0.11709894984960556,-0.01403499674052,-0.02163062058389187,-0.1215583086013794,0.59269118309021,-0.2403051108121872,1.001926302909851,0.13182727992534637,0.08805433660745621,-0.007769539952278137,0.8328524231910706,0.1936286836862564,-0.1430523544549942,-0.07513290643692017,-0.14266443252563477,-0.09736988693475723,0.16881109774112701,-0.2159750908613205,-0.09828079491853714,-0.14842192828655243,0.25774291157722473,-0.2350146323442459,-0.24568355083465576,-0.11573771387338638,0.5274909138679504,-0.2533300220966339,-0.14839385449886322,-0.09838030487298965,0.3609873950481415,-0.19421572983264923,-0.06689455360174179,-0.16134631633758545,-0.006541902665048838,-0.2549157440662384,0.4876972436904907,-0.02462940849363804,-0.2556006610393524,0.030988937243819237,-0.27304843068122864,0.20155559480190277,0.5715716481208801,-0.0875062569975853,0.08934098482131958,0.15379130840301514,0.5551263689994812,-0.04540341719985008,0.1315315216779709,1.4607166051864624,-0.145485058426857,-0.18870435655117035,1.148371696472168,0.13493764400482178,-0.13081280887126923,0.30105510354042053,0.16493390500545502,0.11412906646728516,0.1886257380247116,-0.13100983202457428,0.26205211877822876,0.019389331340789795,-0.13711313903331757,0.37124016880989075,0.5177338719367981,0.7441535592079163,-0.203229621052742,0.5406816005706787,0.03188757598400116,-0.1476569026708603
43,594,551,617,572,0.40296244621276855,-0.2656787633895874,-0.08612075448036194,0.9489876627922058,-0.04054279252886772,-0.27007442712783813,-0.17988212406635284,-0.2547174096107483,-0.27421835064888,-0.27709895372390747,1.7190353870391846,-0.25954142212867737,-0.21254275739192963,3.319913148880005,0.12275226414203644,-0.2783396244049072,-0.08557362109422684,-0.27122482657432556,-0.2685806155204773,-0.2669852674007416,-0.27835047245025635,0.6128270626068115,-0.15369567275047302,-0.25699543952941895,-0.24367240071296692,-0.27324527502059937,-0.1350037157535553,0.15011969208717346,1.014668583869934,-0.2690090239048004,-0.2178657352924347,-0.2599518299102783,-0.27080273628234863,0.6708024740219116,-0.20791670680046082,-0.2667734622955322,-0.25733673572540283,-0.22709862887859344,-0.19259001314640045,-0.2738397717475891,-0.27167946100234985,-0.2061159759759903,-0.24178233742713928,0.04530279338359833,-0.27183255553245544,-0.13229024410247803,-0.22821171581745148,0.9362939596176147,1.04241144657135,0.04443385824561119,-0.01903495192527771,0.2536488473415375,0.20306295156478882,-0.23342475295066833,-0.2465350180864334,-0.2515712082386017,-0.26951679587364197,0.3112611472606659,1.005621314048767,-0.240890234708786,-0.2053745985031128,0.6831514239311218,-0.24120277166366577,0.06792927533388138,3.5092363357543945,-0.2761506140232086,-0.1743391901254654,0.7577430605888367,-0.2646051049232483,0.01104242168366909,1.5466376543045044,-0.08181851357221603,-0.2773520350456238,-0.07252755761146545,0.4059124290943146,-0.27663421630859375,0.34297290444374084,-0.22017540037631989,0.1299845576286316,-0.1196666806936264,-0.09830823540687561,-0.2784028947353363,-0.260017454624176,0.43160900473594666,0.1414632499217987,-0.2016717493534088,-0.2522936463356018,-0.18171122670173645,-0.10872241109609604,-0.27785584330558777,-0.20111475884914398,-0.07648099213838577,-0.22853414714336395,-0.2487112134695053,-0.21687132120132446,0.007008564658463001,-0.27444231510162354,-0.27510833740234375,-0.2666463553905487,0.26804009079933167,-0.020201079547405243,-0.24845567345619202,0.022941729053854942,0.3604700267314911,-0.20952533185482025,0.6348845958709717,-0.07958150655031204,0.551571786403656,-0.2556206285953522,-0.21399657428264618,-0.19410823285579681,-0.27371782064437866,-0.2754988968372345,-0.014169618487358093,-0.048617709428071976,-0.27601540088653564,0.11126337200403214,-0.27731624245643616,-0.10913430899381638,0.45477351546287537,-0.041441865265369415,0.09258315712213516,-0.24390985071659088,0.6053978800773621,-0.22667743265628815,-0.18656425178050995,0.47865429520606995,-0.2376358062028885
44,533,484,555,505,-0.06364321708679199,-0.19929131865501404,-0.27820754051208496,1.3405359983444214,-0.018647611141204834,-0.2723813056945801,-0.14794772863388062,-0.254097044467926,-0.09944882988929749,-0.11175143718719482,1.695260763168335,-0.15737155079841614,-0.15477576851844788,3.130042314529419,-0.15480785071849823,-0.2135217934846878,-0.020630313083529472,-0.015949176624417305,-0.2776009142398834,-0.2775994837284088,-0.24980157613754272,0.9157814383506775,-0.1345803290605545,-0.272047221660614,-0.04156016558408737,-0.21099722385406494,-0.026247378438711166,-0.20831270515918732,0.3248804211616516,-0.18535277247428894,-0.04816226288676262,-0.2311333566904068,-0.25738009810447693,1.5589288473129272,-0.12265628576278687,-0.2783623933792114,0.45143863558769226,-0.02240629307925701,-0.2144274264574051,-0.2596764862537384,-0.24751955270767212,0.36047786474227905,1.2851470708847046,1.094930648803711,-0.27752453088760376,-0.27217304706573486,-0.2349359393119812,0.2809761166572571,3.2275702953338623,-0.04398321732878685,1.3605128526687622,-0.14510361850261688,-0.262821763753891,-0.18442402780056,0.2658037841320038,-0.1720808446407318,0.01375515479594469,3.1172618865966797,1.6948966979980469,-0.24108292162418365,-0.2743055522441864,1.4177323579788208,0.3343864977359772,3.3831169605255127,1.5681838989257812,-0.24716654419898987,-0.21558864414691925,1.3301624059677124,-0.2384791076183319,1.5599135160446167,0.3379669785499573,-0.27255353331565857,-0.23153235018253326,-0.05906250327825546,0.01552123948931694,-0.06291528046131134,-0.17001986503601074,-0.24284963309764862,0.19893595576286316,-0.010714512318372726,-0.26199647784233093,-0.24967388808727264,-0.16523440182209015,-0.26873645186424255,-0.27819326519966125,-0.056386228650808334,-0.13371935486793518,-0.18190264701843262,-0.24626988172531128,-0.2643127143383026,-0.2707675099372864,0.2854597568511963,-0.16472068428993225,0.04236070439219475,-0.26650288701057434,0.9907994270324707,-0.27733224630355835,-0.16708001494407654,0.3289822041988373,-0.27645164728164673,-0.22285813093185425,-0.1379518061876297,0.20209398865699768,0.14454220235347748,-0.012036357074975967,1.3174444437026978,-0.2686223089694977,-0.10203713178634644,-0.27559396624565125,0.7396007776260376,-0.2341403067111969,-0.11937244236469269,-0.11540328711271286,-0.2369508296251297,-0.27846261858940125,-0.04632572457194328,0.267132043838501,-0.22711287438869476,0.10663583129644394,-0.05787234753370285,-0.15127421915531158,-0.25710198283195496,-0.2207442671060562,-0.01012217253446579,-0.0369265191257,-0.21490785479545593,-0.028491713106632233,-0.2693314850330353
45,656,722,725,783,1.223958134651184,-0.23730580508708954,0.37606921792030334,1.105021357536316,-0.2052142471075058,-0.09142196923494339,0.37699007987976074,-0.21523092687129974,-0.11021944135427475,-0.25172746181488037,0.2972595989704132,0.02332405187189579,-0.07825526595115662,0.40214774012565613,0.7418184280395508,-0.1789827197790146,-0.20229052007198334,0.5206581354141235,0.5098875164985657,0.3482344150543213,0.7507228851318359,0.08494895696640015,0.5012192130088806,0.24709536135196686,0.06812644004821777,1.0714970827102661,-0.2123483568429947,-0.20630717277526855,1.2602441310882568,0.9352378249168396,-0.07898223400115967,0.17403657734394073,-0.04607352614402771,0.38840726017951965,-0.14433979988098145,0.43357428908348083,-0.11181172728538513,0.5600647330284119,0.09628426283597946,0.15595997869968414,0.031145857647061348,-0.03999323770403862,0.17571504414081573,1.100457787513733,0.32151541113853455,-0.11959755420684814,-0.11953970044851303,0.6344567537307739,0.5360968708992004,0.4312507212162018,0.6669937968254089,0.7970392107963562,0.7669734954833984,-0.2283949851989746,0.7715856432914734,-0.09319861978292465,0.7702988982200623,0.9342115521430969,0.7611640095710754,-0.2491251677274704,0.7324013710021973,0.47442004084587097,-0.07728194445371628,0.6743566989898682,0.3297591209411621,0.1629764586687088,-0.08353609591722488,0.5781385898590088,0.244967982172966,0.6136672496795654,0.45454704761505127,-0.08097013086080551,0.08642392605543137,0.6134126782417297,-0.1885087937116623,0.18424643576145172,0.7548267245292664,0.2842724025249481,0.11035174131393433,-0.16048681735992432,0.04231182858347893,-0.2279614955186844,-0.25163063406944275,0.5512474179267883,0.2792399227619171,-0.181867778301239,-0.17328910529613495,-0.18709559738636017,0.14231427013874054,-0.2407459020614624,0.44540420174598694,0.15987162292003632,0.5877144932746887,-0.16516530513763428,0.1872684508562088,-0.05166862532496452,-0.24221397936344147,0.15275990962982178,-0.2118464708328247,-0.030974745750427246,0.16614417731761932,0.2542748749256134,0.11455735564231873,0.6666502952575684,1.1520315408706665,0.6926148533821106,0.07055069506168365,0.12340790033340454,-0.11602608114480972,-0.17222534120082855,0.8453585505485535,0.1709105223417282,0.3255998194217682,-0.007583002094179392,0.5295377373695374,0.20256030559539795,0.8623268604278564,0.12161176651716232,0.09846409410238266,0.06291692703962326,-0.15409259498119354,0.2883205711841583,0.12000573426485062,0.4134000241756439,0.07263514399528503,0.6612096428871155,0.17936094105243683,-0.1949903517961502
46,500,735,528,762,0.1325003206729889,-0.27257397770881653,0.03233197331428528,1.1382899284362793,-0.12287133932113647,0.45013678073883057,0.16921764612197876,-0.21384555101394653,-0.25249624252319336,-0.24852800369262695,0.3417704403400421,-0.20870323479175568,-0.05279044061899185,0.30847397446632385,0.020336277782917023,-0.19171029329299927,1.3021754026412964,-0.26040035486221313,-0.23745599389076233,-0.20409131050109863,0.20469985902309418,0.2209797352552414,0.29109030961990356,0.12350967526435852,1.071300983428955,0.9179898500442505,-0.19957855343818665,-0.17957264184951782,0.1743292659521103,1.0968703031539917,-0.11707384884357452,-0.25632280111312866,0.03874697536230087,0.19975587725639343,-0.20510467886924744,-0.23880374431610107,-0.03392858803272247,0.03879612684249878,-0.21072076261043549,-0.14791205525398254,-0.07551661133766174,0.00013688206672668457,0.08482983708381653,0.6806718707084656,-0.06991036236286163,-0.17608286440372467,-0.25197362899780273,0.7120439410209656,0.665805459022522,0.14029961824417114,0.5469651818275452,0.17954476177692413,0.2536345422267914,-0.2451748251914978,-0.14698296785354614,-0.22681793570518494,-0.2701694965362549,0.20023730397224426,1.56834077835083,-0.20693372189998627,-0.10573760420084,0.39593204855918884,-0.14073887467384338,-0.030332401394844055,-0.11826236546039581,0.07673433423042297,1.1893173456192017,0.012369401752948761,0.1104278713464737,0.1792925000190735,0.3305215537548065,-0.16127611696720123,-0.19953003525733948,0.26037734746932983,0.04140673577785492,-0.01713699847459793,-0.03561814874410629,-0.23188312351703644,-0.1927715390920639,-0.15631800889968872,0.6100152730941772,-0.24121321737766266,-0.24579431116580963,-0.07494502514600754,0.030419811606407166,-0.2189924716949463,-0.03567187115550041,-0.10739874839782715,0.12487010657787323,-0.215802863240242,-0.2700974941253662,0.15520840883255005,0.19369353353977203,-0.02939257025718689,-0.2670295536518097,0.06248789280653,-0.2073373794555664,-0.049396812915802,-0.24076005816459656,0.048099175095558167,-0.04460040479898453,0.016528241336345673,-0.044211678206920624,0.24278031289577484,1.0186492204666138,0.2197490930557251,-0.09360988438129425,-0.05011608451604843,0.49192458391189575,-0.16714465618133545,-0.09366272389888763,0.03232160955667496,-0.27295786142349243,-0.08150730282068253,0.15793147683143616,-0.011172890663146973,0.17409032583236694,-0.24542155861854553,-0.1092342883348465,0.038166433572769165,-0.1022634357213974,0.35563892126083374,-0.22707132995128632,0.3229290246963501,-0.16542667150497437,0.12481802701950073,-0.15285828709602356,-0.09649767726659775
47,819,601,859,641,0.7561668753623962,-0.23224705457687378,0.08992106467485428,0.9843378067016602,-0.10734669119119644,-0.22179245948791504,0.47382864356040955,-0.25503215193748474,0.11954885721206665,-0.2385721355676651,0.157967209815979,-0.22608987987041473,0.03380783274769783,0.24121427536010742,0.6450452208518982,-0.21221838891506195,0.028518080711364746,0.23996274173259735,0.9006984233856201,-0.027019450441002846,0.2117827981710434,-0.06668991595506668,0.6258922815322876,0.6791934370994568,-0.09545761346817017,0.8473701477050781,-0.1875154823064804,-0.1752946823835373,0.4845893085002899,0.6485941410064697,-0.23346447944641113,0.08242829144001007,0.019922412931919098,0.11057697981595993,-0.15791569650173187,-0.07745104283094406,-0.2517179250717163,0.4077995717525482,-0.2565976679325104,0.3035259544849396,-0.04036403074860573,-0.19924621284008026,0.2493569701910019,0.13147972524166107,0.28691303730010986,-0.13299576938152313,-0.20909462869167328,0.7849476933479309,0.11087576299905777,0.4439624845981598,0.46144771575927734,0.4968208968639374,0.6818820834159851,-0.25520169734954834,0.5026874542236328,-0.1470223218202591,0.37249231338500977,0.27816489338874817,0.8313817977905273,-0.251478374004364,0.6424325704574585,0.20629771053791046,-0.1311125010251999,0.27238044142723083,0.41917550563812256,0.07072212547063828,0.04474493861198425,0.07238689064979553,0.13227427005767822,0.32322946190834045,0.5330089330673218,-0.16360996663570404,-0.0624551884829998,0.16022412478923798,-0.20945346355438232,-0.07292354851961136,0.10460381954908371,-0.20879541337490082,-0.22527949512004852,-0.21534614264965057,0.3757596015930176,-0.26215192675590515,-0.25885751843452454,0.24948067963123322,0.4776000678539276,-0.14911140501499176,-0.2259654551744461,-0.13563556969165802,0.09191930294036865,-0.20485974848270416,-0.15012897551059723,0.09621209651231766,-0.06377781182527542,-0.25392162799835205,0.016381248831748962,-0.14650359749794006,-0.2499741166830063,0.11163150519132614,-0.26659873127937317,0.22401542961597443,0.26491042971611023,-0.04210679605603218,-0.06276386976242065,0.2805829644203186,0.12617211043834686,0.17858362197875977,0.02720232866704464,0.6847217082977295,-0.16342046856880188,-0.18305182456970215,0.41821691393852234,-0.14710623025894165,-0.10852083563804626,0.14345893263816833,0.46847596764564514,-0.07699785381555557,0.8729332089424133,-0.1475425511598587,-0.13120980560779572,0.0023533031344413757,-0.13127292692661285,0.24273139238357544,0.548274576663971,0.9727413058280945,-0.12944497168064117,0.975385844707489,-0.01917889714241028,-0.1958739012479782
48,205,210,233,236,0.17326214909553528,-0.2605411410331726,0.15975232422351837,1.2121732234954834,-0.13368582725524902,-0.27465176582336426,-0.026146873831748962,-0.20891807973384857,-0.27613434195518494,-0.1589432954788208,0.7220563888549805,-0.1642920970916748,-0.0032878145575523376,0.6416811347007751,0.8119342923164368,-0.16267357766628265,1.2033579349517822,-0.18201327323913574,-0.1829596310853958,-0.14616073668003082,0.14782971143722534,0.7939239144325256,0.04290403425693512,-0.12008467316627502,1.3644980192184448,-0.1796121895313263,-0.21065130829811096,-0.14131619036197662,-0.008243516087532043,-0.08578933775424957,-0.1821429580450058,-0.27594316005706787,-0.13182580471038818,0.43227458000183105,-0.2087370902299881,-0.1505337804555893,-0.01298975944519043,-0.02562234178185463,-0.19728878140449524,-0.2413071095943451,-0.10706505924463272,0.06280249357223511,0.6360633969306946,1.0707056522369385,-0.1693616509437561,-0.22780120372772217,-0.1332230567932129,1.0458972454071045,0.08964536339044571,-0.05682980269193649,0.38285717368125916,0.3055076003074646,0.0310257226228714,-0.22783400118350983,-0.007129177451133728,-0.2738409638404846,0.03730514645576477,1.7070438861846924,1.55288565158844,-0.2339540421962738,0.27842822670936584,0.5221105813980103,-0.039735060185194016,1.2880481481552124,0.022138305008411407,0.32886725664138794,-0.052801623940467834,0.5480437278747559,-0.09961152076721191,0.03776295483112335,0.6273878812789917,-0.17632603645324707,-0.1932491660118103,0.8746410608291626,0.21623079478740692,0.03641260415315628,0.01827900856733322,-0.2659759223461151,-0.14165587723255157,-0.14391331374645233,-0.08240912854671478,-0.26312118768692017,-0.2707759737968445,0.30429336428642273,-0.06240241974592209,-0.027333198115229607,0.1729699969291687,-0.18808573484420776,-0.010571897029876709,-0.20256872475147247,-0.2493218034505844,-0.07313790917396545,0.15240083634853363,0.025196418166160583,-0.24600404500961304,0.4010484218597412,-0.2371884286403656,0.055729448795318604,-0.20644697546958923,-0.08571594953536987,0.9925180673599243,0.0021012797951698303,0.1696787178516388,0.22282785177230835,-0.1881573498249054,0.2551233768463135,-0.1386817991733551,-0.20864789187908173,1.2326081991195679,-0.11956378817558289,-0.03030160814523697,0.04504799842834473,-0.2262444943189621,-0.26577529311180115,0.1420995146036148,0.02163643389940262,0.03952857851982117,0.049435071647167206,-0.05852566286921501,-0.03987806290388107,-0.13745713233947754,0.5936897993087769,-0.2626509666442871,0.14789190888404846,-0.058831941336393356,-0.0198117196559906,-0.20736053586006165,-0.14040251076221466
49,600,717,630,744,0.1897152066230774,-0.2696421444416046,-0.14218825101852417,1.1028351783752441,-0.1369829773902893,-0.26346009969711304,0.11976921558380127,-0.2092362642288208,-0.25859692692756653,-0.23075339198112488,0.616671085357666,-0.2250407189130783,-0.11865868419408798,0.1594563126564026,0.1712663173675537,-0.20078366994857788,0.22784709930419922,-0.24478280544281006,-0.16954533755779266,-0.2290884256362915,0.2626238763332367,-0.08305887877941132,0.24032551050186157,0.6649690270423889,0.6549920439720154,0.7258499264717102,-0.21519330143928528,-0.2047247439622879,0.1489805281162262,0.444354772567749,-0.21220552921295166,-0.2025665044784546,-0.03706105053424835,0.2742430567741394,-0.19149532914161682,-0.0852174460887909,-0.0641694962978363,0.02304033935070038,-0.24068304896354675,-0.10596504807472229,-0.11431252211332321,-0.07204224169254303,0.3545684218406677,0.8684878945350647,0.12410868704319,-0.24656377732753754,-0.27246493101119995,0.4459400177001953,0.7301983833312988,0.28044259548187256,1.0443352460861206,0.14278437197208405,0.18465061485767365,-0.2642165422439575,0.06529578566551208,-0.24822790920734406,-0.11667391657829285,1.1931945085525513,1.5309687852859497,-0.19740164279937744,0.1488441824913025,0.3576268255710602,-0.16679325699806213,0.3252007067203522,-0.06336132436990738,0.38822081685066223,0.16686435043811798,0.23494789004325867,-0.07932092249393463,0.39620697498321533,0.29075759649276733,-0.12122580409049988,-0.12935513257980347,0.205583393573761,-0.056925296783447266,0.2556847929954529,-0.08170410990715027,-0.24939069151878357,-0.23034505546092987,-0.11737529933452606,0.025851737707853317,-0.23571553826332092,-0.2444925755262375,0.2914094924926758,-0.044569890946149826,0.1062387228012085,-0.12109911441802979,-0.16533254086971283,-0.003055483102798462,-0.2506846487522125,-0.2627599239349365,0.09029047191143036,0.04179556667804718,-0.025372184813022614,-0.21560412645339966,0.15235960483551025,-0.20728692412376404,-0.012582935392856598,-0.15907195210456848,0.03686781972646713,0.6322286128997803,-0.06608840823173523,0.06033683940768242,0.21437138319015503,-0.2255997508764267,0.40602439641952515,-0.14991065859794617,-0.234601691365242,0.10879530012607574,-0.031068570911884308,-0.16682730615139008,0.09900940954685211,-0.12492487579584122,-0.2525213062763214,0.3045230209827423,-0.09063905477523804,0.6949098110198975,-0.1390973925590515,-0.17565877735614777,-0.028400927782058716,-0.1309426724910736,0.26048335433006287,-0.243284672498703,0.22035014629364014,-0.04206516966223717,0.10821710526943207,-0.1929355263710022,-0.17413392663002014
50,271,332,351,413,0.6053640246391296,-0.15308335423469543,0.3924604058265686,1.0794814825057983,-0.25204524397850037,-0.11603476852178574,0.039245858788490295,-0.06715935468673706,-0.18920528888702393,-0.17841552197933197,0.27482694387435913,-0.14295250177383423,0.025708965957164764,0.1669195294380188,0.25397998094558716,-0.1384141594171524,-0.11906211823225021,-0.1014946773648262,0.2573407292366028,-0.14334049820899963,0.22911584377288818,0.03579851612448692,0.81026291847229,-0.014780568890273571,0.14527787268161774,0.18499618768692017,-0.18418021500110626,-0.12605398893356323,0.6030164361000061,0.5415011048316956,-0.05819949135184288,-0.23653008043766022,-0.04558715969324112,0.25039881467819214,-0.139645516872406,-0.08385986089706421,-0.205048069357872,0.5295776128768921,-0.17389227449893951,0.16699230670928955,-0.1751634031534195,-0.11953657865524292,0.007527735084295273,0.2879725694656372,0.11835941672325134,-0.1554650366306305,-0.1296193152666092,0.4056323766708374,0.17518818378448486,0.5753946900367737,0.20428809523582458,-0.05473889783024788,0.6026054620742798,-0.212652325630188,0.3229518532752991,0.1015305295586586,-0.1417408436536789,0.10892034322023392,0.46451297402381897,-0.18825659155845642,0.23261001706123352,0.6635298132896423,-0.1113380640745163,-0.012591559439897537,0.16272307932376862,0.061694059520959854,-0.09003179520368576,0.4449792206287384,0.13517241179943085,0.6151867508888245,0.540703535079956,-0.1542155146598816,-0.0022531331051141024,0.29346218705177307,-0.13077984750270844,-0.031103216111660004,0.1939297914505005,-0.08858756721019745,-0.11411765217781067,0.04219549149274826,0.05658618360757828,-0.14323927462100983,-0.2606571912765503,0.41026076674461365,-0.07198219001293182,0.1493987888097763,-0.10382655262947083,-0.18878668546676636,0.3172174096107483,-0.16475249826908112,-0.06717971712350845,0.3783246874809265,0.6013883948326111,-0.2677091360092163,-0.10903427004814148,-0.1789432168006897,-0.21369622647762299,0.07425305992364883,-0.15276217460632324,0.1306304782629013,-0.07669471949338913,0.20991729199886322,0.010018319822847843,0.5055215358734131,0.2842572331428528,0.3429306447505951,0.25207337737083435,0.09455297142267227,0.01975247822701931,-0.051280535757541656,0.0890570655465126,-0.12814849615097046,-0.06394068896770477,-0.17583051323890686,0.5320219993591309,-0.14415746927261353,0.6903451681137085,-0.1869402527809143,-0.18762195110321045,0.008313463069498539,-0.13825592398643494,0.32705363631248474,-0.1029590591788292,0.19358055293560028,-0.042629871517419815,0.49300047755241394,-0.02311285026371479,-0.1814083456993103
51,364,852,418,904,1.0058749914169312,-0.23551340401172638,0.23370182514190674,1.0826255083084106,-0.23591597378253937,-0.16060477495193481,0.27166831493377686,-0.17758244276046753,-0.10689673572778702,-0.23788081109523773,0.23111386597156525,-0.06962589919567108,-0.012776796706020832,0.276140958070755,0.4124751091003418,-0.15549886226654053,-0.0765271708369255,-0.01688111387193203,0.6050727963447571,0.1577981561422348,0.7461758255958557,-0.02403482049703598,0.9230443835258484,0.15328150987625122,0.0356108658015728,0.5001856684684753,-0.1918407529592514,-0.1940411925315857,0.6467959880828857,0.9258621335029602,-0.18132846057415009,-0.05456547066569328,-0.049932342022657394,0.457692950963974,-0.14256055653095245,0.24532194435596466,-0.1914626508951187,0.5023218989372253,-0.12418530136346817,0.023359665647149086,0.03463292866945267,-0.1149354949593544,-0.0015360316028818488,0.790698230266571,0.25947120785713196,-0.11383388191461563,-0.23212528228759766,0.5767385363578796,0.3042130470275879,0.7722012400627136,0.5261010527610779,0.13796032965183258,1.143131136894226,-0.2277808040380478,0.26066824793815613,-0.1826012134552002,0.34575894474983215,0.761480987071991,0.7924843430519104,-0.20735470950603485,0.4950152337551117,0.5607801675796509,-0.0187611635774374,0.3562699258327484,0.22481828927993774,0.1694343090057373,0.015919825062155724,0.5285024642944336,0.10969966650009155,0.5476831793785095,0.4739145338535309,-0.07091827690601349,0.055237557739019394,0.5631129741668701,-0.19465363025665283,0.001806247397325933,0.29631394147872925,0.2858272194862366,-0.09632393717765808,-0.09074791520833969,-0.026509970426559448,-0.21299274265766144,-0.2610304057598114,0.16897284984588623,0.050703246146440506,0.009379503317177296,-0.1546945720911026,-0.17907600104808807,0.2526378631591797,-0.2454797476530075,0.18890134990215302,0.3974941074848175,0.49996015429496765,-0.23895549774169922,-0.10587196797132492,-0.1299823820590973,-0.23901070654392242,-0.016303757205605507,-0.2424325942993164,0.07683362811803818,0.021120013669133186,0.1382571905851364,0.09456274658441544,0.5439517498016357,1.0289578437805176,0.4419732093811035,0.032268673181533813,0.023147763684391975,0.03751599043607712,-0.13167168200016022,0.5186141133308411,-0.00504186749458313,-0.06832613795995712,-0.11448881775140762,0.5410475730895996,0.07491811364889145,0.965095043182373,0.04666833579540253,-0.002456213114783168,0.013461187481880188,-0.17609547078609467,0.3438743054866791,0.024738973006606102,0.4693933427333832,-0.024876147508621216,0.4375956356525421,0.11804652959108353,-0.19746506214141846
52,715,799,742,825,0.27141743898391724,-0.2633591890335083,-0.1252504289150238,1.0985888242721558,-0.15291619300842285,-0.26351964473724365,0.1716921627521515,-0.17239585518836975,-0.26248717308044434,-0.22369414567947388,0.5162051320075989,-0.19709880650043488,0.0726272463798523,0.040240831673145294,0.4335877001285553,-0.1671246588230133,-0.09879268705844879,-0.25536876916885376,-0.25305140018463135,-0.18338623642921448,0.3709993362426758,0.06321682780981064,0.4139639437198639,0.5617592334747314,0.651012659072876,0.20169386267662048,-0.18882140517234802,-0.22855541110038757,0.28124579787254333,0.17546771466732025,-0.24380524456501007,-0.08723939955234528,-0.09637873619794846,0.33659034967422485,-0.2120799571275711,-0.22748839855194092,-0.036008939146995544,0.14120829105377197,-0.23990873992443085,-0.11880539357662201,-0.1653839647769928,-0.06271150708198547,0.045514434576034546,0.9182732105255127,0.01870473474264145,-0.2158115655183792,-0.2346486747264862,0.46874648332595825,0.08736943453550339,0.3603951930999756,0.8308959007263184,0.05972255766391754,0.4022220969200134,-0.24595507979393005,-0.04300009459257126,-0.2173207700252533,-0.15131831169128418,0.9089617133140564,1.2278063297271729,-0.20597633719444275,0.0875324010848999,0.6706710457801819,-0.11499146372079849,0.18082444369792938,-0.021182477474212646,0.07502590119838715,-0.1413811445236206,0.39220142364501953,0.07886142283678055,0.4351920187473297,0.529672384262085,-0.1419079601764679,-0.12824468314647675,0.16153369843959808,0.018937118351459503,0.0777062326669693,0.04403860867023468,-0.21660050749778748,-0.23087619245052338,-0.12982694804668427,-0.13325652480125427,-0.2512871325016022,-0.25426244735717773,-0.016239484772086143,-0.035834990441799164,-0.07124219834804535,-0.0648527592420578,-0.17234525084495544,0.16701775789260864,-0.22597360610961914,-0.25363439321517944,0.12212476134300232,0.26802217960357666,0.006283655762672424,-0.2572464048862457,0.1232372373342514,-0.14833760261535645,-0.07878360897302628,-0.24700967967510223,0.06838712096214294,1.0167582035064697,0.06555472314357758,0.09211628884077072,0.4286390542984009,-0.20327918231487274,0.1812666356563568,-0.091426782310009,-0.20396417379379272,0.060243040323257446,-0.13968223333358765,-0.06362764537334442,0.07168219238519669,-0.19364356994628906,-0.2308022826910019,0.34308764338493347,-0.11965949833393097,0.6202191114425659,-0.20413829386234283,-0.20086191594600677,0.03322901204228401,-0.09486411511898041,0.4460027813911438,-0.23934298753738403,0.20064474642276764,-0.026870740577578545,0.15809078514575958,-0.17395168542861938,-0.11034347116947174
53,625,449,644,466,-0.255845844745636,-0.2675723433494568,-0.08186815679073334,1.4763314723968506,-0.07360945641994476,-0.08909186720848083,-0.2660183906555176,-0.26869329810142517,-0.2764267027378082,-0.1225661039352417,-0.22837036848068237,-0.144833505153656,-0.22999989986419678,1.0819647312164307,1.7787539958953857,-0.23088966310024261,0.5646637678146362,-0.26691827178001404,-0.24844707548618317,-0.06509203463792801,-0.2582642436027527,3.751007080078125,-0.26081469655036926,0.16658228635787964,3.556331157684326,-0.2584246098995209,-0.26569512486457825,0.3083641231060028,-0.2228396236896515,-0.2782680094242096,-0.23577438294887543,0.08294554799795151,-0.2593030631542206,0.5449681878089905,-0.254504919052124,-0.1430651843547821,0.5673454999923706,-0.02927527390420437,-0.27681758999824524,-0.2732316255569458,-0.17322030663490295,0.408983439207077,1.2690463066101074,1.4071723222732544,-0.06713039427995682,-0.20151811838150024,-0.2558871805667877,1.250488042831421,0.04343777522444725,-0.19790764153003693,2.767906665802002,2.132662534713745,-0.13622507452964783,-0.2784639298915863,0.7909584641456604,-0.2612464725971222,-0.05971843749284744,1.1174871921539307,4.337198257446289,-0.2647627294063568,-0.2684958577156067,-0.24347826838493347,-0.2746789753437042,-0.2781154215335846,-0.26070088148117065,-0.2649420201778412,-0.09351357817649841,-0.27217456698417664,-0.23020723462104797,-0.15904943645000458,1.1083409786224365,0.024420490488409996,-0.2714116871356964,-0.24866825342178345,1.0651341676712036,0.2585580348968506,-0.18923527002334595,-0.2492617517709732,-0.20345883071422577,-0.10051588714122772,1.4546993970870972,-0.27540913224220276,-0.27324891090393066,-0.010566674172878265,-0.21106530725955963,-0.1262628436088562,-0.2784343361854553,-0.12941612303256989,-0.27353426814079285,-0.26742517948150635,-0.1924653947353363,-0.12256067991256714,-0.14100421965122223,0.6960247159004211,-0.2601914703845978,1.0614957809448242,-0.1946362406015396,-0.2656210958957672,-0.2612455189228058,-0.1771455705165863,0.40191447734832764,-0.14161615073680878,0.0407867394387722,-0.17468062043190002,-0.26017048954963684,0.13310977816581726,-0.04166029766201973,-0.2576771080493927,0.03036186657845974,-0.2782072424888611,-0.2776608169078827,0.7957066893577576,-0.008586807176470757,-0.2707596719264984,-0.2778199315071106,0.10175994783639908,-0.10874280333518982,-0.277376651763916,-0.003012227127328515,-0.27822259068489075,0.04620657488703728,-0.12268473953008652,-0.26995930075645447,0.09666335582733154,-0.2778503894805908,-0.2744330167770386,-0.11211586743593216,0.20166383683681488
54,735,797,770,831,0.19331234693527222,-0.2441362589597702,-0.09500733017921448,1.1088515520095825,-0.1946231573820114,-0.010914812795817852,0.3002939224243164,-0.19644056260585785,-0.12679262459278107,-0.23737680912017822,0.32909485697746277,-0.20168907940387726,0.017355570569634438,0.04858371615409851,0.3730267286300659,-0.21451716125011444,0.4770079553127289,-0.26410695910453796,-0.21634463965892792,-0.14488212764263153,0.29894182085990906,0.0546954870223999,0.467317670583725,0.8860786557197571,0.8725318908691406,0.745854914188385,-0.22129221260547638,-0.1909990757703781,0.16294635832309723,0.636864185333252,-0.12758876383304596,-0.0785210058093071,0.015026201494038105,0.5600858926773071,-0.22601206600666046,-0.2196551114320755,-0.06583511084318161,0.12292736023664474,-0.226981058716774,-0.03846827149391174,-0.052756417542696,-0.07424234598875046,0.10489485412836075,0.8820136189460754,0.041717324405908585,0.0029117465019226074,-0.2546955347061157,1.1396907567977905,0.35326719284057617,0.3643869459629059,0.7517461776733398,0.2766256034374237,0.7285897731781006,-0.2475837618112564,-0.08697748184204102,-0.20739132165908813,-0.13478946685791016,0.7858253121376038,1.6458865404129028,-0.18357431888580322,0.20576582849025726,0.32335832715034485,-0.0400959849357605,0.05314511060714722,0.02702813409268856,0.2020702362060547,0.6198124289512634,0.21486832201480865,0.038031209260225296,0.24555622041225433,0.8468267321586609,-0.12772314250469208,-0.12865936756134033,0.15941092371940613,-0.01781952939927578,0.04600568488240242,0.01748027466237545,-0.15942396223545074,-0.20875030755996704,-0.13258765637874603,0.28722822666168213,-0.250735342502594,-0.25375643372535706,0.00873024482280016,-0.03196865692734718,-0.08831459283828735,-0.1859998255968094,-0.1114305779337883,0.19645671546459198,-0.21617324650287628,-0.23178333044052124,0.24589890241622925,0.0830625593662262,-0.0676903948187828,-0.2594728171825409,0.10824123024940491,-0.17227740585803986,0.05987044796347618,-0.26249805092811584,0.08524254709482193,0.6659014225006104,0.13624505698680878,0.1774921864271164,0.4149038791656494,0.31360748410224915,0.41639962792396545,-0.07585523277521133,0.3685092628002167,0.23725879192352295,-0.2225354164838791,-0.09606385231018066,0.07213998585939407,0.16048485040664673,-0.15850545465946198,0.1489783674478531,-0.0680997297167778,0.3011648654937744,-0.0942356213927269,-0.1502692997455597,0.028410159051418304,-0.08998104929924011,0.443744421005249,-0.15033207833766937,0.5213760733604431,-0.07807005196809769,0.12843041121959686,-0.14397810399532318,-0.09824507683515549
55,387,414,441,465,1.223930835723877,-0.1633986085653305,0.20243537425994873,1.0666382312774658,-0.20592279732227325,-0.05479465052485466,0.21075768768787384,-0.21468903124332428,-0.014026527293026447,-0.2376064658164978,0.025187650695443153,0.38595226407051086,-0.0837932601571083,-0.0852494165301323,0.38709524273872375,-0.15396364033222198,0.40479764342308044,0.03853633627295494,0.8325748443603516,-0.14814698696136475,0.4368497431278229,-0.03471476212143898,0.7688636183738708,0.05242322385311127,-0.08968432992696762,0.5354437232017517,-0.16259635984897614,-0.17065192759037018,0.6228995323181152,0.6447862386703491,-0.16707934439182281,-0.2292848378419876,-0.0613144151866436,0.4190199375152588,-0.142067089676857,0.5676398873329163,-0.17352063953876495,0.11859124898910522,0.05752069130539894,-0.07622677832841873,0.2164386361837387,-0.03906233236193657,-0.14728619158267975,0.11281278729438782,0.22587408125400543,-0.027645373716950417,-0.0736485943198204,0.8436564803123474,0.21792103350162506,0.3021155297756195,0.2035604566335678,0.6121997237205505,0.43326470255851746,-0.21744239330291748,0.5387255549430847,0.2458212822675705,0.5354985594749451,0.4230436384677887,0.6604578495025635,-0.20397664606571198,0.3364649713039398,0.14190830290317535,-0.1511109322309494,0.008599077351391315,-0.07917043566703796,0.025376489385962486,0.27877792716026306,0.21027188003063202,0.07831009477376938,0.27047961950302124,0.31792929768562317,-0.06873836368322372,-0.04263962432742119,0.751608669757843,-0.20973093807697296,-0.1252291053533554,0.6035898327827454,0.08248776942491531,0.0656212568283081,0.6380121111869812,0.009932656772434711,-0.2307167500257492,-0.2622539699077606,0.04709823429584503,0.526818573474884,-0.013768896460533142,0.1982530951499939,-0.19669312238693237,0.01712595857679844,-0.08180177211761475,-0.12152423709630966,0.10919779539108276,0.8634592890739441,-0.26646512746810913,-0.13234777748584747,-0.03713315725326538,-0.21875929832458496,0.9012814164161682,-0.26648619771003723,0.0480259507894516,-0.026266878470778465,0.09084194898605347,-0.04551754891872406,0.4061007499694824,0.5247352719306946,0.20254433155059814,0.15541386604309082,0.39802494645118713,0.047466129064559937,-0.19105176627635956,0.6876726150512695,0.12911711633205414,-0.1740134209394455,-0.01217216718941927,0.6638889908790588,0.0455760695040226,0.5526719689369202,-0.14404968917369843,0.028445085510611534,0.042622268199920654,-0.17864370346069336,0.5030050277709961,0.09725313633680344,0.3044414818286896,-0.0943896472454071,0.6389963030815125,0.17157278954982758,-0.20556391775608063
56,574,454,594,473,0.526969313621521,-0.2540731728076935,-0.04878952354192734,1.1310956478118896,-0.11182314157485962,-0.2687793970108032,0.15131103992462158,-0.22683608531951904,-0.18876850605010986,-0.24662956595420837,0.4564831554889679,-0.19763235747814178,-0.07604824751615524,2.3483097553253174,0.5042937994003296,-0.19168946146965027,-0.15399622917175293,-0.05063863471150398,-0.24675369262695312,-0.20399388670921326,-0.12409728765487671,0.7773484587669373,0.2271144986152649,-0.24723008275032043,-0.05828371271491051,-0.17768052220344543,-0.13383495807647705,-0.23279742896556854,0.5893861651420593,-0.0502941831946373,-0.18860936164855957,-0.2553102374076843,-0.23476749658584595,0.42278265953063965,-0.23961539566516876,-0.27132436633110046,0.08317883312702179,0.14996710419654846,-0.23097115755081177,-0.019174769520759583,-0.2465013563632965,0.05035190284252167,-0.010203056037425995,0.8201504945755005,-0.24914345145225525,-0.0834989845752716,-0.24261239171028137,0.46616530418395996,-0.06367538124322891,-0.007987484335899353,0.3855697512626648,0.4515515863895416,0.39996349811553955,-0.26788952946662903,-0.15505459904670715,0.4027560353279114,-0.19264307618141174,0.23536458611488342,1.0404043197631836,-0.2676106095314026,-0.21893595159053802,0.34341463446617126,-0.20042045414447784,0.3754243850708008,1.9238344430923462,0.07263757288455963,-0.2309238314628601,1.2459430694580078,-0.10498858988285065,0.07520174980163574,1.1573150157928467,-0.062436822801828384,-0.18154633045196533,-0.16354331374168396,0.14688950777053833,0.03873996436595917,0.016405485570430756,-0.27097246050834656,0.01870754361152649,-0.0727749839425087,-0.09078889340162277,-0.22240710258483887,-0.2393394112586975,-0.023198090493679047,-0.1197371631860733,-0.11058744788169861,0.010474666953086853,-0.16454565525054932,0.041279613971710205,-0.22058436274528503,-0.2281421720981598,-0.0845639556646347,0.1549069881439209,-0.037941284477710724,-0.24956130981445312,0.30611974000930786,-0.19091206789016724,-0.03823339194059372,-0.15096643567085266,0.01165376603603363,0.6763137578964233,-0.13950525224208832,0.012113645672798157,0.16586951911449432,-0.23019526898860931,0.22956550121307373,-0.01653563417494297,-0.1541847288608551,-0.26773759722709656,-0.04014721140265465,-0.1525476723909378,-0.004895366728305817,-0.26953643560409546,-0.012406202033162117,0.1405232548713684,-0.1653168499469757,0.21135254204273224,-0.215257465839386,0.05282042920589447,0.04737464338541031,-0.03798261284828186,0.13170742988586426,-0.22460569441318512,0.17351068556308746,-0.12613144516944885,0.006485342979431152,-0.12182073295116425,-0.09372178465127945
57,502,547,528,572,-0.19277097284793854,-0.20508438348770142,0.32431361079216003,1.1488643884658813,-0.03797268494963646,-0.12214111536741257,0.32969361543655396,-0.255642294883728,-0.11240477114915848,-0.2507549524307251,0.14344646036624908,-0.25297898054122925,-0.2128855586051941,1.9745817184448242,0.31506291031837463,-0.24972331523895264,0.5873845815658569,2.7658655643463135,-0.2252463698387146,-0.1263851523399353,-0.15428878366947174,-0.07962256669998169,0.6757504940032959,-0.028380580246448517,1.502331018447876,1.8724499940872192,-0.18433018028736115,-0.09846370667219162,0.004811331629753113,1.329916000366211,-0.17447510361671448,-0.2250756025314331,0.036239102482795715,-0.14526870846748352,-0.27499493956565857,-0.234865203499794,0.04513391852378845,0.9561383724212646,-0.16200566291809082,-0.22700798511505127,0.2874681055545807,0.07449885457754135,-0.03956832364201546,1.0591678619384766,-0.19057415425777435,0.352685809135437,-0.24319235980510712,1.078353762626648,0.04317798465490341,0.8557285666465759,0.10559237003326416,0.41883307695388794,0.6884413361549377,-0.22951960563659668,-0.2728157639503479,0.1077163964509964,0.13541360199451447,-0.19346101582050323,2.2889349460601807,-0.19417229294776917,0.19622546434402466,-0.1383170485496521,0.2280815839767456,0.5787971019744873,0.20579978823661804,0.5331355333328247,0.8041077256202698,0.6013427376747131,-0.0299827978014946,-0.268576979637146,0.16911636292934418,-0.0981617420911789,-0.10618534684181213,-0.020177051424980164,0.23558899760246277,0.5332320332527161,-0.14968913793563843,-0.21714763343334198,-0.26221099495887756,-0.07227836549282074,0.8982496857643127,-0.26021578907966614,-0.23332801461219788,-0.1614864468574524,0.032116636633872986,-0.099461629986763,-0.22842350602149963,-0.08908829092979431,1.0122555494308472,-0.19290170073509216,-0.048585228621959686,0.019147232174873352,-0.18497465550899506,0.05202658474445343,-0.2705874443054199,0.05388657748699188,-0.07106811553239822,-0.2549017369747162,-0.12767867743968964,0.10973497480154037,0.6751906871795654,-0.19832879304885864,-0.08724412322044373,0.09234905242919922,1.2156939506530762,-0.055110588669776917,-0.0621795728802681,1.3823530673980713,0.626114010810852,-0.21694830060005188,-0.2383308708667755,0.09746352583169937,-0.1742996722459793,1.0665606260299683,-0.13502871990203857,-0.0308962631970644,0.3632625341415405,0.33751025795936584,0.06589870899915695,0.04019515961408615,0.06324921548366547,0.23135319352149963,0.044506773352622986,0.993746280670166,-0.10316235572099686,-0.11683831363916397,-0.1776512861251831,-0.018324412405490875
58,416,774,471,827,1.0802804231643677,-0.2224063277244568,0.15768678486347198,1.0599303245544434,-0.2211163491010666,-0.18583208322525024,0.4235478937625885,-0.22098778188228607,-0.1885162889957428,-0.20887833833694458,0.12298741936683655,-0.12170329689979553,-0.04010893404483795,0.3132474422454834,0.5488830208778381,-0.15736399590969086,-0.05990760773420334,0.42330482602119446,0.6107791662216187,0.050572000443935394,0.5612890124320984,-0.0731532871723175,0.7298625707626343,0.23732662200927734,-0.028424719348549843,0.6736498475074768,-0.22347916662693024,-0.09024586528539658,0.6727101802825928,0.582839846611023,-0.18906410038471222,-0.05286194756627083,-0.015855073928833008,0.43604862689971924,-0.15993934869766235,0.07598284631967545,-0.19858653843402863,0.5712410807609558,-0.1622147411108017,0.1744292676448822,0.19406765699386597,-0.10035505145788193,0.1509404331445694,0.5093886256217957,0.08615929633378983,-0.05058649927377701,-0.2092774212360382,0.8795206546783447,0.24047702550888062,0.44067633152008057,0.24495339393615723,0.40563154220581055,1.1983695030212402,-0.2594046890735626,0.09511422365903854,0.1614340990781784,0.5937278866767883,0.4577544927597046,0.6234953999519348,-0.2497977465391159,0.5598434209823608,0.37127161026000977,-0.060217101126909256,0.7561304569244385,0.42066317796707153,-0.056747421622276306,0.0016193389892578125,0.42535877227783203,0.22231118381023407,0.22769959270954132,0.6399093270301819,0.05936872959136963,-0.06390553712844849,0.4053376317024231,-0.20404280722141266,0.04321819543838501,0.38221609592437744,0.0016137957572937012,-0.08626675605773926,-0.07492566108703613,0.07358702272176743,-0.23184487223625183,-0.2555581331253052,0.1831478774547577,0.22452858090400696,-0.25794267654418945,-0.2257811427116394,-0.18412195146083832,0.21111494302749634,-0.22652453184127808,0.015773918479681015,0.03866802155971527,0.48479360342025757,-0.26797765493392944,0.008053494617342949,-0.10333200544118881,-0.26367518305778503,0.11764168739318848,-0.2519308924674988,0.04352618753910065,0.1450299173593521,0.17975230515003204,0.10214921087026596,0.5344587564468384,0.6726300120353699,0.4257320165634155,0.09837877750396729,0.4571157991886139,-0.08423835784196854,-0.16316020488739014,0.8305367231369019,0.010740932077169418,-0.08838426321744919,0.03319430351257324,0.47515445947647095,0.060196034610271454,0.8342384099960327,-0.07241692394018173,0.026576969772577286,0.034681934863328934,-0.17521052062511444,0.36409974098205566,0.18207842111587524,0.7643759250640869,-0.025091124698519707,0.5684683918952942,0.1286318004131317,-0.1895648092031479
59,474,788,506,818,0.6385279893875122,-0.26645195484161377,0.08703413605690002,1.0641989707946777,-0.10315631330013275,-0.25022560358047485,0.620309054851532,-0.22955068945884705,-0.09749220311641693,-0.14217516779899597,1.0041626691818237,-0.23559993505477905,-0.14927078783512115,0.49181148409843445,0.6100963950157166,-0.2499760240316391,0.7046359777450562,0.9413987398147583,-0.07483039051294327,-0.10491589456796646,0.3122232258319855,0.17308849096298218,0.48544567823410034,0.007208026945590973,0.3145692050457001,0.3600616157054901,-0.03034272789955139,-0.04292663186788559,0.8320693969726562,0.05415697023272514,-0.2500506639480591,-0.11042417585849762,-0.041403017938137054,0.26765063405036926,-0.18760967254638672,0.36656391620635986,-0.0032553523778915405,1.0158227682113647,0.4208097457885742,0.35222554206848145,0.1279568076133728,-0.007302619516849518,-0.07125914096832275,0.22183102369308472,0.37133294343948364,-0.029482299461960793,-0.18160882592201233,1.4607571363449097,-0.1257171779870987,0.5573356747627258,0.06986281275749207,0.4191012382507324,0.44998541474342346,-0.2013135403394699,0.6113404631614685,-0.2601523697376251,-0.006358183920383453,0.5138702988624573,0.5975348949432373,-0.1663782000541687,-0.1909170150756836,0.12421576678752899,-0.06219123303890228,-0.12417192757129669,0.29067060351371765,0.15917451679706573,0.15178737044334412,0.054033711552619934,0.48569220304489136,-0.003521263599395752,0.3785999119281769,-0.09826165437698364,-0.1488155573606491,0.4049791693687439,-0.0706482008099556,0.06057620421051979,0.6439856290817261,-0.19879016280174255,0.08318909257650375,-0.12105217576026917,-0.1273123323917389,-0.25054508447647095,-0.26120269298553467,0.1538282334804535,0.15772201120853424,-0.1544855833053589,-0.2629879117012024,-0.0894528329372406,0.9274469614028931,-0.23261690139770508,-0.21149195730686188,-0.11988374590873718,-0.0450388565659523,0.011946231126785278,-0.23633718490600586,0.37232664227485657,-0.19822987914085388,-0.028390202671289444,-0.259573370218277,0.139034241437912,1.552194356918335,0.09797905385494232,0.47906962037086487,0.12848986685276031,0.10854195058345795,-0.23398178815841675,0.24878181517124176,0.4664762616157532,-0.20512047410011292,-0.21622005105018616,1.2017091512680054,0.1549956351518631,-0.19709892570972443,0.34941035509109497,0.08205339312553406,-0.06003667414188385,0.2537546455860138,-0.1730462610721588,0.02372998371720314,0.2185158133506775,-0.05585750564932823,1.0186034440994263,-0.024270571768283844,0.5515150427818298,-0.131566122174263,0.3869473338127136,-0.09087157249450684,-0.148819237947464
60,615,668,637,689,0.36771589517593384,-0.2692807614803314,0.6271011829376221,1.1136664152145386,-0.09885670989751816,-0.25673478841781616,1.2041406631469727,-0.25501638650894165,-0.24476489424705505,0.5748150944709778,1.204103946685791,-0.24421663582324982,-0.20052886009216309,1.2057173252105713,0.21348485350608826,-0.23577269911766052,-0.16484001278877258,3.7614152431488037,-0.03866610676050186,-0.15029920637607574,-0.23828652501106262,-0.04248607158660889,-0.08531149476766586,1.3291289806365967,0.010440297424793243,2.3300304412841797,0.06966604292392731,-0.1840275526046753,2.0675182342529297,0.8083279728889465,0.1078537181019783,-0.14239414036273956,0.10334057360887527,-0.22264167666435242,-0.2764644920825958,-0.19523251056671143,-0.019979026168584824,2.4126555919647217,-0.18403612077236176,0.4185497760772705,0.7662326693534851,0.059272222220897675,-0.12574496865272522,1.3431978225708008,-0.1916012465953827,0.7013134956359863,-0.18417787551879883,2.276780605316162,-0.1768101006746292,0.5490014553070068,-0.12904267013072968,0.6310031414031982,0.19327695667743683,0.00545848160982132,-0.23207300901412964,-0.25665026903152466,0.9143744707107544,-0.2568902373313904,-0.1561012715101242,-0.18604640662670135,-0.20775556564331055,0.02273368462920189,0.05408906191587448,0.08720996975898743,2.047534227371216,-0.23376460373401642,-0.0925530269742012,0.3604617118835449,1.6332051753997803,0.34317144751548767,0.8431664705276489,0.6791887879371643,-0.1818099021911621,0.032663241028785706,-0.27171358466148376,0.44084519147872925,0.21795368194580078,-0.09881007671356201,0.5212087631225586,-0.03284142538905144,-0.035358868539333344,-0.25556665658950806,-0.2544648051261902,-0.1493077427148819,0.917769730091095,-0.02400398626923561,-0.03474416211247444,-0.07145606726408005,1.5629570484161377,-0.12542548775672913,-0.1796555519104004,-0.24702075123786926,0.13018733263015747,-0.042867302894592285,-0.21272313594818115,-0.15319158136844635,-0.20654568076133728,-0.22389164566993713,-0.24984154105186462,-0.045281119644641876,1.7603352069854736,0.33523088693618774,1.464737892150879,0.5455731153488159,1.008015513420105,-0.20400038361549377,0.4730316400527954,0.2060607671737671,-0.273907870054245,-0.24191805720329285,2.1432557106018066,0.011485576629638672,-0.26961660385131836,3.0396065711975098,-0.20411312580108643,0.16389808058738708,0.044861696660518646,0.4425358772277832,0.17611584067344666,0.08847346156835556,0.09207808971405029,0.652125358581543,-0.2647237777709961,1.3458237648010254,0.33427858352661133,-0.23034775257110596,0.7202529907226562,0.06962618231773376
61,613,498,637,519,-0.24748076498508453,-0.2685818672180176,-0.16281719505786896,1.3395062685012817,-0.0812545195221901,-0.049540117383003235,-0.233183354139328,-0.2755827307701111,-0.18911659717559814,-0.2591876685619354,1.2610528469085693,-0.23338067531585693,-0.26159587502479553,2.649592638015747,-0.10959363728761673,-0.2750281095504761,-0.10204368829727173,-0.16976431012153625,-0.276170939207077,0.08634834736585617,-0.27683255076408386,1.6465998888015747,-0.27780336141586304,-0.271389365196228,1.9050849676132202,-0.25549259781837463,-0.03826938942074776,-0.1966877430677414,-0.17849896848201752,-0.26165592670440674,-0.09517135471105576,-0.2287832796573639,-0.26634901762008667,0.05197049304842949,-0.23027770221233368,-0.2735578715801239,0.18091797828674316,-0.09212735295295715,-0.11065710335969925,-0.2770545482635498,-0.27841922640800476,0.25793880224227905,1.792423963546753,0.8955715298652649,-0.1555248647928238,-0.27775686979293823,-0.22170527279376984,0.888763964176178,3.6145715713500977,0.18729059398174286,0.8732542991638184,0.2735315263271332,-0.25428029894828796,-0.0014710293617099524,-0.2736746668815613,-0.1545911580324173,-0.27282190322875977,1.106303334236145,1.4881362915039062,-0.2776443660259247,-0.27760496735572815,-0.14950627088546753,-0.053155798465013504,0.22489172220230103,0.08900515735149384,-0.2765333950519562,-0.2686707675457001,0.3890075385570526,-0.27090147137641907,0.53205406665802,0.03756212443113327,-0.14193153381347656,-0.27715861797332764,-0.2701120376586914,0.015702810138463974,-0.0004550865269266069,-0.21906210482120514,-0.19943194091320038,0.3772250711917877,-0.09594310820102692,0.7727565765380859,-0.18859586119651794,-0.2777319848537445,0.10116305202245712,-0.27841031551361084,-0.050011057406663895,-0.15249690413475037,-0.19097915291786194,-0.27737656235694885,-0.24352426826953888,-0.2485085278749466,0.7551809549331665,-0.23023544251918793,0.0292913019657135,-0.2783086597919464,0.3805013597011566,-0.278342068195343,-0.19139093160629272,0.08063991367816925,-0.2256525754928589,-0.2589355409145355,-0.13970087468624115,0.6434804797172546,0.22309689223766327,-0.08548954874277115,0.38235610723495483,-0.035654082894325256,-0.15704061090946198,-0.12330842763185501,-0.2332029938697815,-0.1996774673461914,-0.183769091963768,-0.2735590934753418,-0.24203404784202576,-0.2744903266429901,-0.22370147705078125,-0.26989349722862244,-0.23957981169223785,-0.022861793637275696,0.28305867314338684,-0.02974861115217209,-0.07683949172496796,-0.27411848306655884,0.681402325630188,-0.14100374281406403,-0.1480516791343689,-0.22770068049430847,-0.23390309512615204
62,595,733,616,752,-0.17726902663707733,-0.2587742507457733,-0.18991400301456451,1.3223373889923096,-0.062392596155405045,-0.169499009847641,0.09124071896076202,-0.23229196667671204,-0.2640846371650696,-0.2418491244316101,0.45505619049072266,-0.22068119049072266,-0.22896593809127808,0.41696828603744507,0.6922526955604553,-0.2419293373823166,-0.11069686710834503,-0.2411673367023468,-0.09201967716217041,-0.13753673434257507,0.06395353376865387,1.8156136274337769,-0.22848589718341827,1.2536132335662842,1.2626957893371582,-0.259703665971756,-0.1920274943113327,0.37372756004333496,0.0018140897154808044,-0.27248871326446533,-0.1867848038673401,-0.03677992522716522,-0.2627715468406677,0.5385022163391113,-0.10425066202878952,-0.123792864382267,0.21797078847885132,-0.12401118129491806,-0.2755845785140991,-0.27302396297454834,-0.23312458395957947,0.3138158321380615,0.918020486831665,0.2156982719898224,-0.22902314364910126,-0.24514944851398468,-0.2779708802700043,0.8465415239334106,2.2828264236450195,0.356550008058548,1.3611834049224854,0.5083739757537842,0.08024215698242188,-0.26062941551208496,0.12810836732387543,-0.19885388016700745,-0.21971163153648376,1.5037643909454346,1.7478790283203125,-0.24325266480445862,0.3508172929286957,0.19753409922122955,-0.14795789122581482,0.3045949935913086,-0.053186289966106415,-0.2729533612728119,-0.157094806432724,-0.010983690619468689,-0.177280455827713,0.308988481760025,0.7823739051818848,-0.11690420657396317,-0.21725547313690186,-0.030763596296310425,-0.03792419284582138,0.2931928038597107,-0.14313210546970367,-0.21450629830360413,-0.14302873611450195,-0.16398659348487854,1.0507146120071411,-0.15873920917510986,-0.26001599431037903,0.12402142584323883,0.22586579620838165,-0.1949201226234436,-0.2571706771850586,-0.2239614725112915,-0.2604055404663086,-0.2747150659561157,-0.27272123098373413,0.7549851536750793,-0.2247258722782135,0.1588919311761856,-0.27702024579048157,0.5325886607170105,-0.2287159264087677,-0.23832814395427704,-0.06533948332071304,-0.16893723607063293,-0.24781295657157898,-0.2696835994720459,-0.11129742860794067,0.25563231110572815,-0.14942926168441772,0.9312079548835754,0.013835180550813675,-0.20270633697509766,-0.2510682940483093,0.06093749403953552,-0.23007917404174805,0.4351483881473541,-0.07069886475801468,-0.2589704394340515,-0.13974837958812714,-0.09523217380046844,0.9022000432014465,-0.08259613811969757,-0.007000535726547241,-0.07809731364250183,-0.04524502158164978,-0.02497212588787079,-0.2619000971317291,0.41282010078430176,0.03456735610961914,-0.1915542483329773,-0.18294855952262878,0.01412317156791687
63,619,549,639,567,0.8696142435073853,-0.27825868129730225,0.004467521794140339,0.8378803730010986,-0.10073866695165634,-0.271249383687973,0.4964107573032379,-0.2775888442993164,-0.27801987528800964,-0.24110908806324005,0.9803729057312012,-0.27170276641845703,-0.22840331494808197,1.3261055946350098,0.1769295036792755,-0.1057216003537178,-0.20419879257678986,0.8288986086845398,-0.27343887090682983,-0.2703506052494049,-0.128925621509552,-0.18846771121025085,0.40139904618263245,-0.22273623943328857,-0.06269463151693344,0.07143619656562805,-0.23235589265823364,-0.1722175031900406,0.9122584462165833,0.660114049911499,-0.27815625071525574,-0.20492668449878693,-0.16904614865779877,0.0099213607609272,-0.23179776966571808,-0.27500206232070923,-0.27682721614837646,1.900508999824524,-0.24664705991744995,0.7152233719825745,-0.26091253757476807,-0.26686421036720276,-0.2759469449520111,0.1803288459777832,-0.24049809575080872,-0.15900103747844696,-0.2735506296157837,0.10489196330308914,0.007973640225827694,1.665277361869812,0.13641639053821564,-0.11942198127508163,0.5310654640197754,-0.274177223443985,-0.20671780407428741,-0.15377825498580933,-0.2783454656600952,-0.16716736555099487,0.3192424178123474,-0.27846258878707886,0.39984452724456787,1.2904185056686401,-0.2129378765821457,0.09149660915136337,2.2702810764312744,-0.17182470858097076,-0.24078506231307983,1.25837242603302,-0.02701544761657715,0.30584973096847534,0.4324767291545868,-0.2746315598487854,0.1927291750907898,0.6387768387794495,-0.07899320870637894,-0.24152079224586487,-0.0046670101583004,-0.2761017680168152,-0.2717733681201935,-0.0892716720700264,-0.09072783589363098,-0.27837327122688293,-0.26507264375686646,0.7711017727851868,0.4832130968570709,-0.24803465604782104,-0.2566862404346466,-0.0796889066696167,1.494948387145996,-0.27382296323776245,-0.2355329394340515,0.3108668625354767,0.11946424096822739,-0.2214222252368927,-0.2778240740299225,-0.25896546244621277,-0.27773600816726685,-0.2577950358390808,-0.2587782144546509,0.554832935333252,0.08521066606044769,-0.09112892299890518,-0.1435832381248474,1.4435367584228516,-0.16767114400863647,-0.02226557396352291,0.2726227343082428,0.5167055726051331,-0.27834299206733704,-0.18245874345302582,-0.2351323813199997,-0.2733500897884369,-0.23933373391628265,0.37365835905075073,0.5125989317893982,-0.25948968529701233,1.5936964750289917,-0.11338239163160324,-0.2600257098674774,0.5391257405281067,-0.032381583005189896,0.23132695257663727,-0.26159706711769104,1.0763044357299805,-0.15472279489040375,1.2609035968780518,0.13209399580955505,-0.2522682845592499
64,504,450,531,475,-0.2392062544822693,-0.2761412560939789,0.7636700868606567,1.0826208591461182,-0.10650492459535599,-0.12576712667942047,-0.026774799451231956,-0.2701154053211212,-0.220987007021904,-0.2180722951889038,0.7583236694335938,0.4447476267814636,-0.24720172584056854,2.056687355041504,0.49332472681999207,-0.2141788899898529,-0.18707387149333954,2.491647720336914,0.9170446395874023,0.18558482825756073,0.009506747126579285,-0.26333746314048767,-0.00012107193470001221,-0.22931060194969177,0.7930805087089539,2.279934883117676,-0.11698858439922333,-0.23710530996322632,1.0266711711883545,1.282312035560608,0.01743835210800171,-0.21356427669525146,-0.155209019780159,0.25408631563186646,-0.23453859984874725,-0.09512431919574738,-0.03783717751502991,1.1802990436553955,-0.17451098561286926,-0.2454366385936737,-0.0520530566573143,0.08466653525829315,0.08209867775440216,1.1792068481445312,-0.12517644464969635,0.5865952372550964,-0.26298946142196655,1.5294475555419922,0.8541354537010193,0.36890196800231934,0.12741625308990479,1.644592046737671,0.05589058995246887,-0.11943183094263077,-0.15368950366973877,0.021790191531181335,0.7900521755218506,0.3266218900680542,0.8419266939163208,-0.2098085582256317,0.3792702853679657,0.6602776646614075,-0.058049775660037994,2.4945592880249023,0.16456905007362366,-0.006746621802449226,-0.15442334115505219,0.6191317439079285,-0.11982528865337372,0.6263779997825623,0.0004958100616931915,0.30932557582855225,-0.16878092288970947,0.4812629222869873,-0.19858130812644958,0.5002884864807129,-0.24286149442195892,-0.2572428584098816,0.06813944876194,-0.06895515322685242,-0.23516175150871277,-0.2664737105369568,-0.2535613477230072,0.04665057361125946,-0.13148565590381622,-0.14089825749397278,-0.16764244437217712,-0.10392645746469498,-0.031114522367715836,-0.17579050362110138,0.08726136386394501,-0.005790673196315765,-0.2745530605316162,0.11141525208950043,-0.2541760802268982,0.04899745061993599,-0.19569918513298035,-0.22144371271133423,-0.1214621439576149,-0.16801971197128296,0.5005857944488525,-0.22982105612754822,0.08519583195447922,0.40098631381988525,1.8985099792480469,0.10208746790885925,-0.21981003880500793,-0.24776872992515564,0.47143957018852234,0.02449602633714676,-0.27751463651657104,0.14158599078655243,-0.13367915153503418,1.1252222061157227,-0.016642406582832336,0.10543008148670197,1.2757751941680908,0.6274077892303467,0.07562991976737976,-0.0887809693813324,-0.06154189631342888,0.4340391159057617,-0.2582035958766937,0.8544331192970276,0.05183994770050049,-0.04390694946050644,-0.23718014359474182,-0.09371275454759598
65,568,565,588,584,0.025250110775232315,-0.2318134754896164,-0.15181110799312592,1.5208251476287842,-0.03735615313053131,0.0020706586074084044,-0.27658340334892273,-0.2591816782951355,-0.2547130584716797,-0.18183138966560364,-0.1289096623659134,-0.2646045684814453,-0.2541007995605469,-0.23275721073150635,2.1552886962890625,-0.2782568335533142,-0.27367284893989563,-0.24251218140125275,-0.22727851569652557,-0.055463846772909164,-0.23340369760990143,3.9340462684631348,-0.278380811214447,1.6365787982940674,-0.2637401819229126,-0.2612813413143158,-0.2524973452091217,-0.2656252682209015,-0.19004392623901367,-0.22966964542865753,-0.27346470952033997,0.6753319501876831,-0.2784608006477356,0.4058244824409485,-0.08806610107421875,1.0406876802444458,0.815824031829834,-0.05443071201443672,1.0683465003967285,-0.20723740756511688,-0.0556073896586895,0.9250335097312927,-0.21885117888450623,-0.14319667220115662,-0.27818530797958374,0.4865019917488098,-0.2277374118566513,1.046794056892395,-0.0938505083322525,-0.21839331090450287,-0.02705051563680172,3.486057996749878,-0.23697449266910553,-0.061478156596422195,1.2358440160751343,-0.23964528739452362,-0.023177769035100937,0.3883764445781708,-0.26491644978523254,-0.2740262448787689,-0.2553306519985199,-0.27469390630722046,-0.2711074948310852,-0.0050352406688034534,-0.2428220808506012,-0.27749210596084595,-0.268758624792099,-0.22410336136817932,2.433215379714966,-0.2129567265510559,0.92463618516922,-0.12816789746284485,-0.2718019187450409,-0.22759918868541718,-0.27178841829299927,-0.1524410992860794,3.7534677982330322,-0.23179662227630615,1.3277686834335327,-0.1657533198595047,-0.1905282735824585,-0.2773697078227997,-0.22751666605472565,0.0680326521396637,3.850372791290283,-0.06565998494625092,-0.143268883228302,-0.20007379353046417,-0.27723270654678345,-0.2677156627178192,-0.12360786646604538,1.0377824306488037,0.46891602873802185,0.8463478088378906,-0.27837657928466797,1.2249051332473755,0.29303646087646484,-0.2469313144683838,-0.18434461951255798,-0.2345355898141861,1.4089858531951904,0.10091553628444672,-0.23797939717769623,-0.1894705444574356,-0.25205594301223755,-0.2722456753253937,-0.23964032530784607,-0.27253448963165283,-0.16640549898147583,-0.11000771820545197,5.063789367675781,0.8382353186607361,-0.18859969079494476,-0.09058551490306854,-0.25982004404067993,0.05651501566171646,-0.12894465029239655,-0.2374284416437149,0.2978230118751526,0.0812230333685875,0.3985825777053833,1.2001315355300903,-0.2784043848514557,0.5892818570137024,0.5549976229667664,0.07485359907150269,-0.15831559896469116,0.3072318136692047
66,561,553,582,572,1.361244797706604,-0.1898154616355896,0.03492529317736626,1.1404973268508911,-0.058068882673978806,-0.1991433948278427,0.020406031981110573,-0.2768167555332184,-0.2527121603488922,-0.20007020235061646,1.1050949096679688,-0.11021838337182999,-0.17554159462451935,2.839301586151123,-0.07330222427845001,-0.24028010666370392,-0.03644278272986412,-0.010550327599048615,-0.1867433488368988,-0.23914554715156555,-0.2784219980239868,0.7779322266578674,-0.23428869247436523,-0.26988378167152405,-0.21979990601539612,-0.07079163193702698,0.35387784242630005,-0.27664244174957275,1.1326439380645752,-0.12481729686260223,-0.08221554011106491,-0.19297629594802856,-0.27094942331314087,3.9972987174987793,-0.14087806642055511,-0.18099869787693024,0.18668019771575928,-0.18602360785007477,-0.2781331241130829,-0.233998104929924,0.09725318104028702,-0.04490956664085388,-0.1293034851551056,1.8101152181625366,-0.17607836425304413,0.4039604365825653,-0.056716617196798325,1.6950875520706177,1.0329415798187256,0.46142423152923584,0.05826883018016815,-0.2779245376586914,1.2185213565826416,-0.26556456089019775,-0.06139185279607773,-0.27486205101013184,-0.24540382623672485,0.877323567867279,1.7763733863830566,-0.27334603667259216,-0.26130491495132446,2.55987286567688,-0.16099892556667328,2.820406675338745,4.006162643432617,-0.23388831317424774,-0.10330349206924438,0.3668549060821533,-0.2762589752674103,-0.26925715804100037,2.456282615661621,-0.21280135214328766,-0.2567347288131714,-0.2589882016181946,-0.15974082052707672,-0.1615913212299347,0.5494937300682068,-0.2725432217121124,0.001081493915989995,-0.029512887820601463,-0.24859926104545593,-0.24406437575817108,-0.2304340898990631,-0.14972107112407684,-0.253367155790329,-0.04085485264658928,-0.21904659271240234,-0.2033645510673523,0.03941410034894943,-0.276123970746994,-0.2170739471912384,0.12732574343681335,-0.277648001909256,-0.23525263369083405,-0.27452608942985535,0.08730011433362961,-0.26959171891212463,-0.20154589414596558,-0.20741614699363708,-0.2278517335653305,0.20510028302669525,-0.2739436626434326,0.4480469822883606,1.329673171043396,-0.029319988563656807,1.2558860778808594,-0.15252210199832916,-0.14877624809741974,-0.27311939001083374,-0.2282666712999344,-0.2779477536678314,-0.21300378441810608,1.4325698614120483,-0.21903420984745026,-0.17296770215034485,-0.11980639398097992,0.5823495388031006,-0.22626061737537384,-0.16421131789684296,0.15766628086566925,-0.06578700244426727,0.12132883071899414,-0.20263276994228363,0.1476767212152481,-0.1300552487373352,0.14255209267139435,1.305967926979065,-0.1538645327091217
67,599,676,619,694,-0.10257700830698013,-0.2765278220176697,-0.24595442414283752,1.3036476373672485,-0.08263389021158218,-0.23384441435337067,0.250400573015213,-0.27259835600852966,-0.17877992987632751,-0.18045957386493683,1.0278559923171997,-0.19008301198482513,-0.25399425625801086,2.1249563694000244,0.15162403881549835,-0.23826372623443604,-0.10543648153543472,-0.06367816776037216,-0.12217731028795242,-0.14116767048835754,0.17124511301517487,0.2217453122138977,-0.252175897359848,0.0470879040658474,0.2567949593067169,-0.24910405278205872,-0.20027418434619904,-0.27806174755096436,0.03098153881728649,-0.27399492263793945,-0.14564572274684906,-0.2587406039237976,-0.2745932638645172,1.4077141284942627,-0.10093724727630615,-0.2567931115627289,0.05414443463087082,-0.0713852122426033,-0.2467857301235199,-0.24857893586158752,-0.2012852430343628,0.17008160054683685,1.6193727254867554,1.2046873569488525,-0.24785003066062927,-0.276923269033432,-0.2713891863822937,0.917911171913147,4.265791416168213,0.898415207862854,0.9131631851196289,-0.27816250920295715,0.37745538353919983,-0.25676295161247253,0.030860118567943573,-0.26221537590026855,-0.04923705756664276,2.0121586322784424,1.7654350996017456,-0.2646951973438263,1.3456534147262573,0.7316682934761047,0.12896057963371277,3.275632858276367,1.309788703918457,-0.27533242106437683,-0.18142947554588318,0.7872132062911987,-0.24328839778900146,0.8268441557884216,0.7211160063743591,-0.2153385877609253,-0.1948588490486145,0.1423729658126831,-0.15015435218811035,-0.013358991593122482,-0.25811368227005005,-0.2758394479751587,-0.04976484552025795,-0.03341098502278328,0.046983230859041214,0.01941562630236149,-0.13941052556037903,-0.2776097059249878,-0.15895015001296997,-0.057600341737270355,-0.10984418541193008,-0.12300101667642593,-0.2774497866630554,-0.2667316198348999,-0.12225262820720673,0.4070618152618408,-0.22612296044826508,-0.13010209798812866,-0.2620573043823242,0.5313824415206909,-0.241754412651062,-0.21751850843429565,0.2549722492694855,-0.263806015253067,-0.2780023217201233,-0.21532516181468964,-0.0003543878556229174,0.5426467657089233,-0.10618750005960464,2.258505344390869,-0.014339440502226353,-0.2671751379966736,-0.2591387927532196,0.3426012396812439,-0.23007529973983765,-0.17480236291885376,1.3691977262496948,-0.25720691680908203,-0.2713644802570343,0.16847717761993408,1.5369348526000977,0.33718428015708923,0.2360595166683197,0.048981957137584686,-0.1863212287425995,-0.15306667983531952,-0.2782362997531891,0.8211981058120728,-0.0003486251807771623,-0.2771094739437103,-0.1528264880180359,-0.24541907012462616
68,510,435,536,458,0.07120172679424286,-0.24119479954242706,-0.0595363974571228,1.1876038312911987,-0.12200378626585007,-0.26217296719551086,0.3816209137439728,-0.1999901831150055,-0.24034732580184937,-0.19745133817195892,0.6855019330978394,-0.16965249180793762,-0.022704705595970154,1.7140696048736572,0.811240553855896,-0.23404967784881592,-0.2752351760864258,-0.2775122821331024,-0.23349793255329132,0.1977267563343048,-0.047166015952825546,1.4520176649093628,0.15866227447986603,-0.2001606523990631,1.0551737546920776,-0.23245547711849213,-0.20072537660598755,-0.2587764263153076,0.13130688667297363,-0.08219877630472183,-0.16210128366947174,-0.25765007734298706,-0.19111189246177673,0.4511062502861023,-0.2566879689693451,-0.20750290155410767,0.016606315970420837,-0.005357805639505386,-0.1809302270412445,-0.18745943903923035,-0.24476385116577148,0.047557517886161804,0.4770638644695282,0.8299267292022705,-0.1195591613650322,-0.15626221895217896,-0.24348664283752441,0.981598973274231,-0.11121968924999237,-0.0950368195772171,0.5520731806755066,0.4833776354789734,-0.024410642683506012,-0.26261138916015625,-0.1590677797794342,-0.21457919478416443,-0.18136285245418549,1.038098692893982,1.446379542350769,-0.23084568977355957,-0.20642274618148804,0.1391964703798294,-0.08628951013088226,0.5990383625030518,-0.1581192910671234,0.12493328750133514,-0.2761080861091614,0.2559952139854431,-0.051545336842536926,-0.0017786696553230286,0.7811707258224487,-0.12934865057468414,-0.24181213974952698,0.04629988223314285,0.3696632981300354,0.07926152646541595,-0.09970502555370331,-0.2504030168056488,-0.08031819015741348,-0.05081890895962715,-0.10713399201631546,-0.2560732364654541,-0.2718660831451416,0.6408125758171082,-0.04076962172985077,-0.1623823046684265,-0.12999774515628815,-0.14237743616104126,0.07695765793323517,-0.2516986131668091,-0.10700266808271408,-0.07663384824991226,0.0889437198638916,0.08663761615753174,-0.26603978872299194,0.29353106021881104,-0.21340861916542053,-0.04696802794933319,-0.1795194298028946,-0.01932159811258316,0.8912014961242676,-0.0383712500333786,0.12644799053668976,-0.09547409415245056,-0.18456533551216125,0.03543609380722046,-0.15417435765266418,-0.2547588348388672,0.12984474003314972,-0.11068689078092575,-0.1625414490699768,0.013536646962165833,-0.26606565713882446,-0.18847668170928955,0.06043432652950287,-0.1566191464662552,-0.10310013592243195,0.07682189345359802,-0.043823666870594025,0.017247959971427917,-0.09145732969045639,0.5904526710510254,-0.2637959420681,0.2253083437681198,-0.1797475814819336,-0.02781907469034195,-0.21049067378044128,-0.09114976972341537
69,551,476,570,495,0.7033361792564392,-0.27846455574035645,-0.13128983974456787,0.936719536781311,-0.11626464873552322,-0.27607670426368713,0.29701921343803406,-0.20663465559482574,-0.2561395466327667,-0.2781655192375183,0.9433911442756653,-0.16738729178905487,-0.06179358437657356,0.013383131474256516,-0.10988885164260864,-0.1993481069803238,-0.25537607073783875,-0.2251388132572174,-0.2019026130437851,-0.24323171377182007,-0.06686438620090485,-0.10037025809288025,0.657268762588501,-0.22796393930912018,-0.05642946809530258,-0.1726020872592926,-0.2591085433959961,-0.26839450001716614,0.7482537627220154,0.21853990852832794,-0.2471158802509308,-0.2016255408525467,-0.20876164734363556,0.17755402624607086,-0.23333559930324554,-0.2769010066986084,-0.246550053358078,0.1553467959165573,-0.27843794226646423,-0.15743543207645416,-0.2754212021827698,-0.21593795716762543,-0.24336765706539154,-0.19219845533370972,-0.10238593816757202,-0.2562405467033386,-0.2757163941860199,0.4199950098991394,0.025272361934185028,0.32040300965309143,0.20710159838199615,-0.2255726158618927,0.06072768196463585,-0.2520734965801239,-0.1144179105758667,-0.1925230324268341,-0.27828097343444824,0.03746940568089485,0.2420533001422882,-0.21841923892498016,0.019892048090696335,0.6148384213447571,-0.12751370668411255,-0.08288058638572693,0.018351923674345016,-0.21255503594875336,-0.2500861883163452,0.45685410499572754,-0.06842482089996338,0.775385856628418,0.4701370298862457,-0.2246524542570114,-0.14198976755142212,0.007912187837064266,0.11045604944229126,-0.1613728106021881,0.1284204125404358,-0.27766725420951843,-0.25500667095184326,-0.08922329545021057,-0.12136626243591309,-0.27807003259658813,-0.2721003293991089,0.037383195012807846,-0.05764410272240639,-0.07452460378408432,-0.11587727069854736,-0.08986566960811615,0.03051377274096012,-0.2765312194824219,-0.23805956542491913,0.29722192883491516,0.3101351261138916,-0.2441108524799347,-0.2721405327320099,-0.1745387762784958,-0.25453853607177734,-0.13789384067058563,-0.24660776555538177,0.20381657779216766,-0.09808626025915146,-0.1617611199617386,-0.048882849514484406,0.20381590723991394,-0.2685861587524414,0.1517997831106186,-0.14618262648582458,-0.27281343936920166,-0.21845775842666626,-0.20689058303833008,-0.1409013271331787,-0.2584531605243683,-0.22628849744796753,-0.236534982919693,0.5096509456634521,-0.25409507751464844,0.5833329558372498,-0.27844107151031494,-0.25795379281044006,0.051350101828575134,-0.13214409351348877,0.45103955268859863,-0.27780067920684814,0.21891820430755615,-0.13465216755867004,0.08419998735189438,-0.25191789865493774,-0.24476411938667297
70,299,648,365,711,0.7988179922103882,-0.20364588499069214,0.2879711985588074,1.0722488164901733,-0.2365666627883911,-0.1419461965560913,0.18909543752670288,-0.12407800555229187,-0.1925535649061203,-0.2242235541343689,0.2880760431289673,-0.16656732559204102,-0.001216009259223938,0.19199593365192413,0.3824162483215332,-0.13691118359565735,-0.12190628051757812,0.04274747520685196,0.3657371699810028,0.0138343945145607,0.5136476755142212,0.0302963275462389,1.0083311796188354,0.021511578932404518,0.09241753816604614,0.3442234396934509,-0.15741291642189026,-0.10328871011734009,0.7595515847206116,0.7407691478729248,-0.19920200109481812,-0.18575459718704224,-0.08665402233600616,0.32832661271095276,-0.12831498682498932,0.051478832960128784,-0.1964145302772522,0.37749868631362915,-0.15238690376281738,0.014238037168979645,-0.05590006336569786,-0.10705272853374481,-0.02941790409386158,0.5033476948738098,0.19904935359954834,-0.1690748780965805,-0.19742709398269653,0.5183406472206116,0.18941499292850494,0.8475275039672852,0.3218243420124054,0.15393581986427307,0.6584630608558655,-0.21212613582611084,0.13094882667064667,-0.1488373577594757,0.06340757012367249,0.2589036226272583,0.5851285457611084,-0.1955776810646057,0.2602539360523224,0.5410801768302917,-0.014393266290426254,0.039999645203351974,0.18578438460826874,0.001973133534193039,-0.07002745568752289,0.3108956813812256,0.1799296736717224,0.6277353167533875,0.4856405556201935,-0.08551503717899323,0.025861499831080437,0.39605632424354553,-0.1374431550502777,-0.031098000705242157,0.20048567652702332,0.04640229791402817,-0.056896187365055084,0.04404773190617561,-0.01802806183695793,-0.15939557552337646,-0.26351988315582275,0.15392866730690002,-0.007399887777864933,0.005203649401664734,-0.0859072357416153,-0.20220236480236053,0.24612319469451904,-0.21328777074813843,0.05642221122980118,0.39569035172462463,0.671177864074707,-0.26368895173072815,-0.1748538464307785,-0.17112542688846588,-0.22647550702095032,-0.011606026440858841,-0.20946472883224487,0.11770692467689514,0.0345601812005043,0.12218725681304932,0.06600064039230347,0.43312951922416687,0.4516156315803528,0.22149181365966797,0.2407805323600769,0.12593427300453186,-0.0039758943021297455,-0.13392126560211182,0.2618519067764282,-0.09478461742401123,-0.12311604619026184,-0.10515765845775604,0.47715961933135986,-0.10351095348596573,0.7307484149932861,-0.1780972182750702,-0.12368042767047882,0.03288800269365311,-0.14542049169540405,0.3857402503490448,-0.05538836494088173,0.33884289860725403,-0.016934772953391075,0.37372955679893494,0.0030988454818725586,-0.18771156668663025
71,360,521,429,577,0.854407548904419,-0.23249734938144684,0.22465956211090088,1.0660418272018433,-0.2129499912261963,0.003489062190055847,0.14377346634864807,-0.1758068948984146,-0.04619874060153961,-0.22053970396518707,0.1383613497018814,0.7681477665901184,-0.05432186275720596,0.10770171880722046,0.5018563270568848,-0.16306887567043304,-0.12833967804908752,0.07102807611227036,0.6261333227157593,-0.0010022595524787903,0.42939493060112,0.09957720339298248,0.7368238568305969,0.11037813127040863,0.03998290374875069,0.3605750799179077,-0.1627313792705536,-0.15902432799339294,0.6057543754577637,0.8251137137413025,-0.2087838053703308,-0.19872567057609558,-0.05142676830291748,0.24952194094657898,-0.17717348039150238,0.1716471165418625,-0.1965412050485611,0.30974382162094116,-0.0863531082868576,0.007069189101457596,0.13152065873146057,-0.08393341302871704,-0.04485408216714859,0.3733372986316681,0.1557231992483139,-0.10750976949930191,-0.20443406701087952,0.5390658378601074,0.23453949391841888,0.514045000076294,0.2736899256706238,0.17641833424568176,0.5454630851745605,-0.230936661362648,0.5389095544815063,0.0873563140630722,0.3233114182949066,0.5646235346794128,0.5531432032585144,-0.20458823442459106,0.5213861465454102,0.42521166801452637,-0.00622444786131382,0.14013388752937317,0.022103480994701385,0.03064507432281971,0.16148880124092102,0.34823837876319885,0.0955389216542244,0.4442427158355713,0.5386415123939514,-0.11830629408359528,-0.0318990983068943,0.555331289768219,-0.0918809026479721,-0.02906356379389763,0.25570234656333923,-0.08111109584569931,-0.07214345037937164,0.36331790685653687,0.08434462547302246,-0.22831684350967407,-0.2567552924156189,0.7934714555740356,0.2991373538970947,-0.12287203967571259,0.08865395933389664,-0.15274755656719208,0.14995774626731873,0.023490995168685913,-0.10744302719831467,0.35555145144462585,0.4788026511669159,-0.2540971040725708,0.10117838531732559,-0.0940050408244133,-0.23167556524276733,0.270417720079422,-0.2167430818080902,0.05811643600463867,0.05334142595529556,0.039505913853645325,0.010245129466056824,0.4160030484199524,0.652662456035614,0.35684558749198914,0.05397489294409752,0.5401697158813477,-0.07178641855716705,-0.09128734469413757,0.49730953574180603,0.008462969213724136,-0.11359567940235138,-0.05024642497301102,0.6197426915168762,-0.012050960212945938,0.43000972270965576,-0.0452604740858078,0.11607839167118073,0.07347970455884933,-0.1621083766222,0.4109959602355957,-0.041511207818984985,0.43741849064826965,-0.002877170220017433,0.547629177570343,-0.13015975058078766,-0.18634513020515442
72,583,486,603,506,-0.2470676600933075,-0.2663362920284271,-0.10969854891300201,1.403368592262268,-0.1305169016122818,-0.17777293920516968,-0.2662339508533478,-0.2749181389808655,-0.04954637214541435,-0.2687632143497467,0.08941307663917542,-0.21999648213386536,-0.2686760723590851,4.531102180480957,-0.07244228571653366,-0.16588330268859863,-0.15088646113872528,4.1853251457214355,-0.27789586782455444,-0.03432421013712883,-0.27227213978767395,-0.2772442102432251,-0.2718239426612854,-0.2733753025531769,1.549890398979187,2.066328525543213,0.17056988179683685,0.6186662912368774,-0.12294069677591324,1.0810681581497192,-0.2782460153102875,-0.2734639644622803,-0.024320658296346664,-0.2782753109931946,-0.2122959941625595,-0.22113914787769318,0.1569782793521881,1.6852984428405762,-0.10865947604179382,0.30926498770713806,0.2886548936367035,0.23680509626865387,0.23643334209918976,0.3809748589992523,-0.15503598749637604,0.7761361002922058,-0.21949802339076996,-0.09133180230855942,-0.26968517899513245,-0.05196071043610573,1.105306625366211,-0.2569809854030609,-0.25419482588768005,-0.22864623367786407,-0.07853026688098907,0.46510982513427734,-0.06866482645273209,-0.17889155447483063,1.9882584810256958,-0.2777230739593506,-0.11459145694971085,-0.13761813938617706,0.7287041544914246,0.2503504455089569,1.3049134016036987,-0.151917964220047,-0.06531652063131332,1.5751914978027344,-0.272246390581131,-0.27572426199913025,-0.2774314880371094,-0.16766107082366943,-0.030881192535161972,-0.27797749638557434,0.12302689254283905,1.3211240768432617,-0.1486470252275467,-0.26692891120910645,-0.2529192864894867,-0.0826411321759224,0.035026807337999344,-0.24602735042572021,-0.2271299958229065,0.029271200299263,-0.27623745799064636,-0.07673367857933044,-0.08304299414157867,-0.19850800931453705,3.551034927368164,-0.17766167223453522,-0.1912013441324234,-0.2599080801010132,-0.23560701310634613,0.11120068281888962,-0.2712388336658478,-0.2110743373632431,0.1660400927066803,-0.15014545619487762,0.5740737915039062,-0.2014198899269104,3.0641465187072754,-0.20587366819381714,-0.17437388002872467,-0.20139533281326294,-0.26732000708580017,-0.25415584444999695,0.17168036103248596,-0.27494314312934875,-0.2705567181110382,0.07296843826770782,-0.21415135264396667,-0.041964586824178696,-0.08586355298757553,1.3241369724273682,-0.27385541796684265,-0.06550769507884979,-0.13056683540344238,0.057114217430353165,0.5101258158683777,0.10898549854755402,0.37625789642333984,0.0902709811925888,-0.23861777782440186,0.4452180862426758,-0.00909335445612669,-0.2056254744529724,-0.26026251912117004,0.16409535706043243
73,404,852,443,891,0.7859379053115845,-0.22509998083114624,0.05240754783153534,1.041286826133728,-0.24306277930736542,-0.20004287362098694,0.2892177700996399,-0.2319876253604889,-0.10668127983808517,-0.2499983310699463,0.2572166621685028,-0.2141137421131134,-0.1960083246231079,0.6665918231010437,0.31197354197502136,-0.17043262720108032,0.2049785703420639,0.150269016623497,0.5322750806808472,0.0021987855434417725,0.16680355370044708,-0.1406717747449875,1.0314321517944336,0.1987263262271881,0.09094764292240143,0.7228814959526062,-0.14968588948249817,-0.22827550768852234,0.47351932525634766,0.7327059507369995,-0.2588059604167938,-0.0743124708533287,0.10902323573827744,0.305292546749115,-0.18793565034866333,0.1251949816942215,-0.22198332846164703,0.8608492612838745,-0.18861499428749084,0.14174972474575043,0.2563474774360657,-0.12701886892318726,-0.02499501407146454,0.28401893377304077,-0.009905621409416199,0.03862537071108818,-0.24551580846309662,0.6934306025505066,0.0019626058638095856,0.7979476451873779,0.5285755395889282,0.16544558107852936,1.3095017671585083,-0.2453741729259491,0.16300514340400696,-0.24593020975589752,0.4750126600265503,0.32069912552833557,0.7487056851387024,-0.25239378213882446,0.20912697911262512,0.2997894883155823,0.0860823392868042,0.031614162027835846,0.3290460705757141,-0.14344805479049683,0.3759450614452362,0.5398471355438232,-0.04703683778643608,0.1206069365143776,0.5192162990570068,-0.020784221589565277,-0.10213905572891235,0.33665040135383606,-0.03742639347910881,-0.08144666254520416,0.31907081604003906,-0.060255732387304306,-0.16435539722442627,0.06762908399105072,0.007307201623916626,-0.22080889344215393,-0.2570039927959442,0.18526464700698853,0.23382636904716492,-0.2568603456020355,-0.22980371117591858,-0.13083098828792572,0.5800267457962036,-0.2254306674003601,-0.09484837204217911,0.34199613332748413,0.3677663505077362,-0.2604932188987732,0.2467038780450821,-0.18470904231071472,-0.24726980924606323,-0.1136375293135643,-0.25075072050094604,0.11750636994838715,0.5312833786010742,0.04993335157632828,0.041380949318408966,0.4084995985031128,0.7682203054428101,0.1376398205757141,-0.012409724295139313,0.9257786273956299,-0.10764027386903763,-0.24819625914096832,1.0552226305007935,-0.02695058286190033,-0.14036904275417328,-0.11589527130126953,0.4757874310016632,-0.0053031668066978455,0.5630720257759094,-0.038230665028095245,0.046460188925266266,0.16977015137672424,-0.15823599696159363,0.5316853523254395,0.03659461438655853,0.7288494110107422,-0.14742466807365417,0.7304086089134216,-0.09195922315120697,-0.1697685718536377
74,615,483,635,501,-0.25976938009262085,-0.18340983986854553,-0.18762755393981934,1.1999001502990723,-0.0378110446035862,-0.2496452033519745,-0.24897591769695282,-0.26975956559181213,-0.24548573791980743,-0.21867023408412933,1.5681170225143433,-0.27733689546585083,-0.22391244769096375,2.716996669769287,-0.184223011136055,-0.26616334915161133,-0.03961479663848877,-0.07194662094116211,0.009363971650600433,-0.2212054431438446,-0.12589935958385468,-0.08855611830949783,-0.2683449983596802,-0.27799442410469055,0.15670040249824524,-0.18955153226852417,-0.19089151918888092,-0.2737647593021393,-0.18238680064678192,-0.2782471776008606,-0.09676507115364075,-0.10750354081392288,-0.23197796940803528,0.5892094373703003,-0.2252625823020935,-0.2717689275741577,0.07186143100261688,-0.08729731291532516,-0.1660565435886383,-0.17897771298885345,-0.2696498930454254,0.15272565186023712,1.0444918870925903,0.3338046669960022,-0.20389583706855774,-0.27782225608825684,-0.21134020388126373,0.8792914152145386,4.547584533691406,0.9421331882476807,0.26737383008003235,-0.2687796652317047,-0.1823957860469818,-0.2705382704734802,-0.1527589112520218,-0.15948529541492462,-0.2771225571632385,1.5217905044555664,1.6531213521957397,-0.13601383566856384,0.11116689443588257,0.3722754120826721,-0.09834753721952438,0.40363141894340515,0.364878386259079,-0.26991841197013855,-0.2724649906158447,0.06179278343915939,-0.2557171583175659,0.834235668182373,-0.05503435432910919,-0.1742544174194336,-0.2546938359737396,0.4386811852455139,-0.047903433442115784,-0.15333464741706848,-0.2739071846008301,-0.23347614705562592,0.060236942023038864,-0.060675203800201416,-0.06402696669101715,-0.2132793813943863,-0.2781175374984741,-0.14874526858329773,-0.19188885390758514,-0.07496844232082367,-0.19098447263240814,-0.1260530650615692,-0.2703781723976135,-0.2642837464809418,-0.2366342693567276,0.16794641315937042,-0.21775436401367188,-0.18549445271492004,-0.24449825286865234,0.44307658076286316,-0.2746647000312805,-0.18116846680641174,0.6272563934326172,-0.24564935266971588,-0.2558058202266693,-0.11670494824647903,-0.08578038215637207,0.376030296087265,-0.10326961427927017,1.1676335334777832,-0.1857266128063202,-0.2711583375930786,-0.23151232302188873,0.28057366609573364,-0.23144307732582092,-0.17196206748485565,-0.25914880633354187,-0.27730098366737366,-0.24939368665218353,-0.16612589359283447,1.599721074104309,0.45151036977767944,0.09256613254547119,-0.10046704113483429,-0.10594622790813446,-0.1097569465637207,-0.24184077978134155,0.4039325714111328,-0.08549174666404724,-0.21625231206417084,-0.19233393669128418,-0.26342499256134033
75,497,198,526,227,-0.1576819270849228,-0.26169270277023315,-0.17405235767364502,1.0626671314239502,-0.16313409805297852,0.21086116135120392,0.17657524347305298,-0.21680518984794617,0.24271731078624725,-0.22087691724300385,0.07240702211856842,-0.1958194077014923,-0.14114424586296082,-0.1743125319480896,1.6333069801330566,-0.27333739399909973,-0.12515942752361298,1.0315229892730713,-0.048597030341625214,-0.16062738001346588,0.11300166696310043,0.567775309085846,0.46253669261932373,1.2216147184371948,0.524550199508667,0.4316583275794983,-0.1979687213897705,0.00293104350566864,-0.13665516674518585,0.8737198114395142,-0.20911160111427307,-0.2508293390274048,-0.23201104998588562,-0.1580604761838913,-0.2394617199897766,-0.2147371917963028,-0.07760000973939896,0.02504093572497368,-0.14942330121994019,-0.17301520705223083,0.3941473960876465,0.16078202426433563,1.0679517984390259,-0.18298839032649994,-0.24423572421073914,0.06640058755874634,-0.23326262831687927,3.0447962284088135,0.6200892925262451,0.9274184703826904,0.01572445034980774,0.14742764830589294,0.2527911961078644,-0.2581486105918884,0.5986912250518799,-0.235665425658226,1.0574743747711182,0.7491777539253235,1.942106008529663,-0.19881224632263184,2.3857550621032715,-0.2537655532360077,0.7327912449836731,2.216618537902832,-0.24257567524909973,-0.2102152705192566,-0.12450551986694336,-0.1750786155462265,-0.027652829885482788,-0.26552534103393555,0.26530542969703674,-0.13717031478881836,-0.038449399173259735,-0.12864205241203308,0.07145648449659348,-0.2634250521659851,-0.17549405992031097,-0.17856958508491516,0.2275168001651764,-0.14367511868476868,1.3224807977676392,-0.26347053050994873,-0.22070768475532532,-0.13650000095367432,1.0340795516967773,-0.1441781222820282,-0.27450698614120483,-0.014742380008101463,0.16793102025985718,-0.25399696826934814,-0.11277690529823303,0.05045505613088608,-0.2736133635044098,-0.1262623816728592,-0.17677360773086548,0.16879484057426453,-0.2393335998058319,-0.20889726281166077,-0.255465567111969,0.22255943715572357,-0.23845431208610535,-0.040860217064619064,-0.14335301518440247,0.24790912866592407,0.4648893177509308,1.6781078577041626,-0.010806173086166382,1.4757826328277588,0.02369457483291626,-0.2441549003124237,0.1151571273803711,0.28508126735687256,0.7106728553771973,1.5889759063720703,-0.1651304066181183,0.12818536162376404,0.15903536975383759,-0.08427654206752777,-0.20943614840507507,0.1066967248916626,-0.014448262751102448,0.1660931557416916,0.7290536761283875,1.1360121965408325,-0.2590441107749939,-0.25683140754699707,-0.25793135166168213,-0.17166969180107117
76,368,496,414,533,0.759800374507904,-0.24087896943092346,-0.042561933398246765,1.0158486366271973,-0.1779569387435913,0.23706193268299103,0.08399498462677002,-0.20232684910297394,0.07629051804542542,-0.2644067108631134,0.29503539204597473,-0.10297191888093948,-0.07029707729816437,0.21662941575050354,0.3565961718559265,-0.17304733395576477,-0.14722998440265656,-0.17250464856624603,0.7402837872505188,0.0883985236287117,0.2173241674900055,0.18793274462223053,0.24130631983280182,-0.04752638190984726,0.35268017649650574,0.6755916476249695,-0.07643692195415497,-0.15685003995895386,0.16369059681892395,0.7167627811431885,-0.24853432178497314,-0.16288934648036957,-0.10491583496332169,0.13728071749210358,-0.14171114563941956,0.059144362807273865,-0.24061107635498047,-0.012858562171459198,-0.14923545718193054,-0.028350889682769775,0.07985910773277283,-0.1512012481689453,-0.0947071835398674,0.035563647747039795,-0.0216941237449646,-0.15965117514133453,-0.209396094083786,0.315971314907074,0.4081084728240967,0.14793451130390167,0.467318058013916,0.22961701452732086,0.004122592508792877,-0.24400275945663452,0.8026815056800842,-0.26830121874809265,0.02311614900827408,0.5689558982849121,0.680302083492279,-0.20630782842636108,0.3871099352836609,0.1714683324098587,0.05878882855176926,-0.1588904857635498,-0.11823607236146927,-0.16305191814899445,0.614867091178894,0.2116442620754242,-0.09726846218109131,0.5131579041481018,0.3786267936229706,-0.2076631635427475,-0.05056300759315491,0.6887826323509216,0.03772808611392975,-0.19493892788887024,0.22501668334007263,-0.2504611015319824,-0.1116153821349144,-0.23401014506816864,0.04584173858165741,-0.2556949853897095,-0.26728880405426025,1.6186704635620117,0.5353949069976807,-0.13657283782958984,0.020619947463274002,-0.15507864952087402,0.1152871698141098,-0.18096016347408295,-0.22623927891254425,0.31966450810432434,0.12500685453414917,-0.25636810064315796,0.48159801959991455,-0.13606014847755432,-0.24233022332191467,0.02627905085682869,-0.24254962801933289,0.07716649770736694,0.10424238443374634,-0.09232372045516968,-0.04683908447623253,0.10709662735462189,0.5918833017349243,0.14710921049118042,0.04999785125255585,1.5469856262207031,-0.18002521991729736,-0.12092982977628708,0.7131983041763306,-0.08155037462711334,-0.23376776278018951,-0.19178658723831177,0.6958105564117432,-0.05801615118980408,0.18262052536010742,-0.1615234613418579,0.15158215165138245,0.08955155313014984,-0.16935858130455017,0.36858129501342773,0.10821665823459625,0.4547109603881836,-0.18661974370479584,0.8700101375579834,-0.17772522568702698,-0.21718420088291168
77,558,490,575,507,-0.08117004483938217,-0.2649867534637451,-0.08247469365596771,1.0212894678115845,-0.11579837650060654,-0.08934994041919708,2.0149118900299072,-0.25686272978782654,-0.2708112895488739,-0.17612935602664948,-0.23893238604068756,-0.2706475853919983,-0.25843048095703125,1.5987582206726074,-0.09707945585250854,-0.26996445655822754,-0.0985332503914833,4.023780345916748,-0.056942105293273926,0.19452281296253204,-0.27460429072380066,-0.26381537318229675,0.2903338074684143,0.5723104476928711,0.4182521104812622,0.11149153858423233,-0.2567300498485565,-0.2784629464149475,0.05189765989780426,0.6716285347938538,-0.2723248600959778,-0.2057095319032669,-0.2649778127670288,-0.1597776859998703,-0.27832210063934326,-0.23120039701461792,-0.17302961647510529,2.538804531097412,-0.2597643733024597,-0.17762510478496552,-0.20490866899490356,-0.09819446504116058,-0.2549009919166565,0.052433837205171585,-0.09604500234127045,1.0285791158676147,-0.15532709658145905,1.0699667930603027,2.614903688430786,2.797682762145996,-0.092213936150074,-0.27021726965904236,0.6844902634620667,-0.27410367131233215,-0.09537326544523239,-0.015822529792785645,-0.09323611110448837,-0.2738104462623596,0.4540357291698456,-0.2454761564731598,2.675997257232666,-0.20700819790363312,-0.27133023738861084,-0.27659472823143005,1.6334736347198486,-0.21920476853847504,-0.08992168307304382,0.04669610783457756,0.23729588091373444,-0.19113248586654663,0.16543526947498322,-0.23961178958415985,-0.15700769424438477,-0.0006704448605887592,-0.27687007188796997,-0.1216905415058136,-0.21842435002326965,-0.2769414782524109,-0.24439164996147156,-0.0584372915327549,1.764019250869751,-0.24228820204734802,-0.25236350297927856,0.1287098228931427,1.510137915611267,-0.09948074817657471,-0.06777733564376831,-0.022780511528253555,1.491445779800415,-0.0903666764497757,-0.07638514041900635,0.9393845200538635,-0.16245457530021667,-0.2160017043352127,-0.27713754773139954,-0.26445186138153076,-0.27846166491508484,-0.09912727773189545,-0.09407645463943481,0.10895343124866486,-0.266433447599411,-0.08905275166034698,-0.27644187211990356,0.8069665431976318,3.061091899871826,0.2809734642505646,-0.03425520285964012,3.02085018157959,-0.21836017072200775,-0.2735016942024231,0.5554127097129822,-0.231979101896286,0.165317565202713,2.022212028503418,0.18007667362689972,0.06697900593280792,1.8217617273330688,1.9499461650848389,-0.1727381944656372,0.6891287565231323,0.02210220694541931,-0.05468515679240227,-0.2379479855298996,2.5440051555633545,-0.13080450892448425,-0.0027767373248934746,-0.20966404676437378,-0.15902268886566162
78,633,554,654,574,-0.24079807102680206,-0.25113970041275024,-0.19702549278736115,1.5163657665252686,-0.27739956974983215,-0.2549577057361603,-0.11350518465042114,-0.27822643518447876,-0.022816991433501244,-0.21133172512054443,-0.2659933865070343,-0.2408856600522995,-0.21771231293678284,4.755107879638672,0.759647011756897,-0.2526911497116089,-0.10152462124824524,1.6823008060455322,-0.2388482242822647,-0.16477002203464508,-0.26124027371406555,0.04394260793924332,-0.2597335875034332,-0.2761226296424866,1.574594497680664,1.3759844303131104,1.2860933542251587,-0.18970432877540588,-0.27794069051742554,0.1810840517282486,-0.1656903326511383,0.25157085061073303,-0.15978571772575378,0.014984705485403538,-0.2746177315711975,-0.22390331327915192,0.6449657082557678,-0.2182292938232422,-0.10049855709075928,-0.26188352704048157,0.005528701934963465,0.4044673442840576,0.4876744747161865,0.9556013941764832,-0.21487270295619965,0.6122698783874512,-0.20129045844078064,-0.03233814612030983,-0.2741600573062897,-0.25517958402633667,1.2623318433761597,1.0379643440246582,0.026687219738960266,-0.19307786226272583,-0.27777066826820374,0.031735073775053024,-0.023705020546913147,-0.25991368293762207,2.9444029331207275,-0.2439163625240326,-0.13844743371009827,-0.24729210138320923,0.7062426209449768,-0.06984568387269974,1.3702762126922607,0.3834226429462433,-0.22459909319877625,1.2945667505264282,-0.16638033092021942,-0.27254006266593933,0.6188324093818665,-0.2504502832889557,-0.27063727378845215,-0.1506408005952835,0.38648030161857605,0.6618129014968872,-0.07984600961208344,-0.2782452404499054,-0.2613532543182373,-0.05718987062573433,-0.14428742229938507,-0.26619353890419006,-0.2594902217388153,-0.24439142644405365,-0.2225501835346222,-0.04338208958506584,-0.05344042554497719,-0.2747229337692261,-0.09544496983289719,-0.19901138544082642,-0.22142216563224792,-0.18264099955558777,-0.06344511359930038,0.6208020448684692,-0.2650463283061981,0.8333690762519836,0.5348296165466309,-0.11192885786294937,0.12682713568210602,-0.26142361760139465,3.383084774017334,-0.1824624240398407,-0.059699006378650665,-0.2764925956726074,-0.18777333199977875,-0.26261383295059204,0.14053229987621307,-0.15500755608081818,-0.27556487917900085,0.08994842320680618,-0.1393202543258667,0.3267243504524231,-0.13486090302467346,0.4673766493797302,-0.2763192653656006,-0.06492847204208374,-0.2558332085609436,0.2121204435825348,0.9926881194114685,-0.2755652368068695,0.31778642535209656,-0.16789376735687256,-0.178029865026474,0.9279181957244873,-0.07228579372167587,-0.2767627239227295,-0.16410216689109802,0.30531641840934753
79,316,554,374,609,0.7448586225509644,-0.21440881490707397,0.14445148408412933,1.0775418281555176,-0.22423139214515686,-0.11505422741174698,0.04180946573615074,-0.13347624242305756,-0.24378377199172974,-0.25613662600517273,0.2478058934211731,0.2076670527458191,0.020007485523819923,-9.240955114364624e-05,0.2806656062602997,-0.140924870967865,-0.12263403832912445,-0.09439663589000702,0.3890892565250397,-0.058004334568977356,0.3941440284252167,0.001007603481411934,0.9114035367965698,0.00917920470237732,0.027176588773727417,0.08241237699985504,-0.18345311284065247,-0.19986602663993835,0.980151355266571,0.7809577584266663,-0.16299086809158325,-0.23782457411289215,-0.05330219119787216,0.23405468463897705,-0.17569737136363983,0.16759279370307922,-0.1902237832546234,0.1800646185874939,-0.046279966831207275,-0.08432970941066742,0.02428903430700302,-0.046887751668691635,-0.1669071912765503,0.2647567391395569,0.09443381428718567,-0.15222884714603424,-0.12360414862632751,0.5085079073905945,0.0694541186094284,0.535938560962677,0.14061349630355835,0.049930207431316376,0.5753397345542908,-0.1859372854232788,0.26720160245895386,-0.1756860613822937,0.19045135378837585,0.1692276895046234,0.45572158694267273,-0.20509570837020874,0.2048504650592804,0.6623580455780029,0.050491005182266235,0.11603465676307678,-0.03387859836220741,-0.02776305004954338,0.09474409371614456,0.41619521379470825,0.03643146529793739,0.6082514524459839,0.4300861060619354,-0.14160284399986267,-0.049996644258499146,0.475167840719223,-0.07285410910844803,-0.09700065851211548,0.23434437811374664,-0.07334477454423904,-0.07920917123556137,0.8420296311378479,-0.0400199294090271,-0.21855562925338745,-0.2677726149559021,0.016888415440917015,0.029291991144418716,0.011480236425995827,0.18558955192565918,-0.202355295419693,0.14651700854301453,0.14148098230361938,-0.19356244802474976,0.2913827896118164,0.787185788154602,-0.2644549012184143,-0.1867704540491104,-0.14330416917800903,-0.21560892462730408,0.3681069612503052,-0.22108957171440125,0.0356476865708828,-0.05010657012462616,0.19048553705215454,-0.03218138590455055,0.4568652808666229,0.2240799367427826,0.31178897619247437,0.04208078235387802,0.01899706944823265,-0.00801037810742855,-0.08576668798923492,0.06434372812509537,-0.06477807462215424,-0.15101358294487,-0.14707250893115997,0.646242082118988,-0.10780294239521027,0.5494482517242432,-0.18149392306804657,-0.05527869984507561,0.0124222906306386,-0.15977323055267334,0.5025002956390381,-0.15364918112754822,0.18160338699817657,0.026143459603190422,0.2579718828201294,-0.05697626248002052,-0.18193402886390686
80,367,603,436,669,1.19092857837677,-0.22433118522167206,0.22633974254131317,1.0605896711349487,-0.21287739276885986,-0.12997856736183167,0.27532583475112915,-0.19505123794078827,-0.08185718953609467,-0.21428827941417694,0.14433802664279938,0.011058512143790722,-0.045504748821258545,0.02195092663168907,0.5303616523742676,-0.1422082781791687,0.1019563227891922,0.3067416548728943,0.5097278356552124,-0.021680239588022232,0.9666025042533875,-0.01763206720352173,1.0819034576416016,0.14934909343719482,-0.09584064781665802,0.5354397892951965,-0.18712779879570007,-0.07942605018615723,0.9024942517280579,0.8213459253311157,-0.18553510308265686,-0.11631554365158081,-0.07703528553247452,0.3376895487308502,-0.1793581247329712,0.28049585223197937,-0.16516177356243134,0.5395902395248413,-0.02339506708085537,-0.044805046170949936,0.4148867726325989,-0.03357929363846779,-0.09053584188222885,0.43614548444747925,0.12110574543476105,-0.0020564100705087185,-0.07618891447782516,0.9907709360122681,0.08118043839931488,0.32574301958084106,0.27263742685317993,0.49469852447509766,0.773406982421875,-0.21857161819934845,0.1438494175672531,0.03825235739350319,0.6331799030303955,0.38939881324768066,0.7196104526519775,-0.23242723941802979,0.38518550992012024,0.2586447596549988,-0.03425752371549606,0.2519485652446747,-0.01505187340080738,0.02286757156252861,0.15193228423595428,0.3611114025115967,0.14217010140419006,0.19302496314048767,0.34139952063560486,0.14642825722694397,-0.004645132925361395,0.5496894121170044,-0.13812382519245148,-0.0387544147670269,0.3016483187675476,0.13312354683876038,0.0728764533996582,0.5867265462875366,-0.010087793692946434,-0.22687824070453644,-0.2587122321128845,-0.03169475495815277,0.32633036375045776,-0.10371018946170807,0.17891666293144226,-0.17892472445964813,0.14936861395835876,-0.10576190054416656,-0.036519162356853485,-0.00477325776591897,0.9492829442024231,-0.23914603888988495,-0.11213312298059464,-0.06259351968765259,-0.23042616248130798,0.5494612455368042,-0.24819223582744598,0.03366676717996597,0.01575995422899723,0.07481763511896133,-0.001220758305862546,0.5969708561897278,0.7953320741653442,0.2659568786621094,0.1275666058063507,0.5021536946296692,-0.009102368727326393,-0.18492117524147034,0.6236280202865601,0.2176697701215744,-0.19804438948631287,0.045532532036304474,0.5289078950881958,0.11419181525707245,0.5732282400131226,-0.10899484157562256,0.2018638551235199,0.021323850378394127,-0.17247864603996277,0.5470906496047974,0.051280926913022995,0.198011115193367,-0.03597633168101311,0.35472917556762695,-0.005997106432914734,-0.19700029492378235
81,296,587,357,644,0.8847113847732544,-0.20791465044021606,0.18459713459014893,1.08041250705719,-0.22876697778701782,-0.051206015050411224,0.02973678894340992,-0.15507864952087402,-0.15412119030952454,-0.25054872035980225,0.18992796540260315,0.31325510144233704,-0.05545854568481445,-0.0248805470764637,0.25454020500183105,-0.1648068130016327,-0.03515948727726936,-0.10040147602558136,0.6880070567131042,-0.18478703498840332,0.38664597272872925,-0.04012560844421387,1.0276081562042236,-0.1082833930850029,-0.030842680484056473,0.1796758621931076,-0.19102080166339874,-0.20828570425510406,0.8104146718978882,0.8998175859451294,-0.11186178028583527,-0.23178496956825256,-0.04668791592121124,0.17326202988624573,-0.16038338840007782,0.24759593605995178,-0.16329774260520935,0.19821950793266296,0.023058373481035233,-0.10775212198495865,0.057581380009651184,-0.04683796316385269,-0.19153538346290588,0.12988057732582092,0.11431919038295746,-0.1278201788663864,-0.1029859334230423,0.4859212636947632,0.06185855716466904,0.7745048999786377,0.07986278831958771,-0.0006878543645143509,0.5090872049331665,-0.16521498560905457,0.3736201822757721,-0.058326587080955505,0.19256247580051422,0.1278202086687088,0.4213315546512604,-0.20604778826236725,0.19610705971717834,0.5777174234390259,0.03128625452518463,-0.09072314202785492,-0.020190851762890816,-0.1403203010559082,0.11157156527042389,0.2818286716938019,-0.013369591906666756,0.5584696531295776,0.38194116950035095,-0.15013307332992554,-0.09115789830684662,0.4480815827846527,-0.1451171338558197,-0.10249485075473785,0.2730703055858612,-0.04844514653086662,-0.0599004328250885,0.9727018475532532,-0.1226113811135292,-0.22690671682357788,-0.25819626450538635,-0.021764937788248062,0.1180606260895729,0.15630455315113068,0.18663550913333893,-0.18469828367233276,0.16113147139549255,0.08672164380550385,-0.17663639783859253,0.3695882558822632,0.9853621125221252,-0.26281583309173584,-0.1700509637594223,-0.12269474565982819,-0.1977040022611618,0.1438780128955841,-0.22561024129390717,0.06326398998498917,-0.04022926837205887,0.21564795076847076,-0.1189575344324112,0.5422388911247253,0.4491642713546753,0.15240713953971863,0.06367772072553635,0.02673640474677086,0.09346431493759155,-0.12497087568044662,0.20565824210643768,-0.029126746580004692,-0.17650088667869568,-0.17443503439426422,0.7028933763504028,-0.08440297842025757,0.725737452507019,-0.21525181829929352,-0.06467647105455399,-0.06587561219930649,-0.1409701704978943,0.38646185398101807,-0.12896433472633362,0.1431831270456314,0.019705653190612793,0.37532171607017517,-0.0718107521533966,-0.18825986981391907
82,373,565,420,606,0.9223785996437073,-0.24180929362773895,0.0605773963034153,1.0383955240249634,-0.2140292078256607,-0.009747743606567383,0.36446413397789,-0.2325485497713089,-0.1373511403799057,-0.19037283957004547,0.03617832064628601,0.21339011192321777,-0.1251356452703476,-0.07355979830026627,0.4963466227054596,-0.15105319023132324,0.3406793773174286,-0.18742644786834717,0.4223978519439697,-0.184850811958313,0.7963979840278625,0.06114272400736809,0.7146641612052917,0.3138194680213928,-0.19916798174381256,0.42120930552482605,-0.21426840126514435,-0.1405392438173294,0.3329884707927704,0.7132231593132019,-0.2329321652650833,-0.2222936898469925,-0.07260996848344803,0.28829896450042725,-0.13128019869327545,0.11242017894983292,-0.20129920542240143,0.10098610073328018,-0.136615589261055,-0.1535997837781906,0.22122251987457275,-0.11042845994234085,-0.07987847924232483,0.395822137594223,0.28823697566986084,-0.1285836547613144,-0.22246508300304413,0.7346166968345642,0.23567606508731842,0.40920281410217285,0.46759775280952454,0.5152628421783447,0.4730903208255768,-0.2182025909423828,0.3829507529735565,0.06995398551225662,0.39732012152671814,0.57571941614151,0.8810096383094788,-0.22998268902301788,0.692303478717804,0.38845929503440857,-0.014519602060317993,0.09230777621269226,-0.07723141461610794,0.040870506316423416,0.6644930243492126,0.06548679620027542,0.1377466768026352,0.2855452299118042,0.42776593565940857,-0.1425608992576599,-0.13041333854198456,0.7819626927375793,-0.148117795586586,-0.12648163735866547,0.20498919486999512,-0.14187826216220856,-0.04352353885769844,0.04859715700149536,0.14829806983470917,-0.24657845497131348,-0.2607995867729187,0.3000834882259369,0.5344439148902893,-0.14463673532009125,0.1581018716096878,-0.19947952032089233,0.0468241386115551,-0.13948088884353638,-0.24668151140213013,0.179338738322258,0.6950211524963379,-0.26164141297340393,0.16066838800907135,0.005925083998590708,-0.2344655841588974,0.3884923458099365,-0.269509881734848,0.10657147318124771,0.0596068911254406,0.017109090462327003,-0.08851400762796402,0.5621514916419983,0.2784062623977661,0.254270076751709,-0.0468374602496624,0.770584762096405,0.0501563660800457,-0.18351976573467255,0.7884117960929871,0.063914455473423,-0.16404293477535248,-0.0943288579583168,0.5193691849708557,-0.035104330629110336,0.35616132616996765,-0.1860744208097458,0.08273916691541672,0.12226951867341995,-0.1637808382511139,0.4468279778957367,0.2797945439815521,0.570182204246521,-0.06280628591775894,0.6093924045562744,-0.12524598836898804,-0.2208741158246994
83,477,543,508,573,0.4190516173839569,-0.25555992126464844,-0.07490087300539017,1.10506010055542,-0.16216519474983215,-0.268859326839447,0.374780535697937,-0.1842683106660843,-0.2622409164905548,-0.24121658504009247,0.4714367091655731,-0.24080394208431244,-0.048939429223537445,0.1457824558019638,0.6652116775512695,-0.17786623537540436,0.12125830352306366,-0.23875044286251068,-0.2572923004627228,0.0788658857345581,0.31813937425613403,0.5946191549301147,0.25721362233161926,0.17864663898944855,0.6564850211143494,-0.1831592619419098,-0.2088032066822052,-0.07371828705072403,0.20390599966049194,0.10124564915895462,-0.22143957018852234,-0.1308623105287552,-0.12341240793466568,0.4536113739013672,-0.17497913539409637,-0.1815890222787857,-0.14273178577423096,0.10393040627241135,-0.26163414120674133,0.011060526594519615,-0.16953492164611816,-0.09430594742298126,0.1260533332824707,0.7460839748382568,0.09793831408023834,-0.22127477824687958,-0.24817048013210297,0.5370646715164185,-0.0583922415971756,0.10757620632648468,0.7483387589454651,0.1175641119480133,0.4314047396183014,-0.25133848190307617,0.05980366840958595,-0.20196613669395447,-0.17122048139572144,0.632902979850769,1.0522856712341309,-0.2131550908088684,0.12078741192817688,0.5311535596847534,-0.14420035481452942,0.22241584956645966,-0.031680598855018616,-0.05124642327427864,-0.20996828377246857,0.319296658039093,0.051888857036828995,0.38327139616012573,0.747316837310791,-0.11329849064350128,-0.12662221491336823,0.12057468295097351,0.06164594367146492,0.015319664031267166,-0.06905164569616318,-0.2182966023683548,-0.1461508572101593,-0.19128194451332092,-0.11199956387281418,-0.2508726119995117,-0.26649725437164307,0.20499470829963684,-0.11091746389865875,-0.056795671582221985,-0.11422499269247055,-0.22124378383159637,0.15448161959648132,-0.24593111872673035,-0.1296389400959015,0.011934995651245117,0.11379063129425049,-0.16426296532154083,-0.20044589042663574,0.033306755125522614,-0.21179352700710297,-0.05861528962850571,-0.2482636272907257,0.032630182802677155,0.6128566265106201,0.02334810420870781,0.119480200111866,0.19941477477550507,-0.25472313165664673,0.22048543393611908,0.020867398008704185,-0.26429483294487,0.03210458159446716,-0.013079170137643814,-0.13532865047454834,0.001888081431388855,-0.1416718065738678,-0.20839625597000122,0.2681785225868225,-0.09353873133659363,0.4049931764602661,-0.21120768785476685,-0.15367455780506134,0.0651453286409378,-0.13236857950687408,0.40710368752479553,-0.22701801359653473,0.3084144592285156,-0.0759587436914444,0.13965073227882385,-0.09558717906475067,-0.12183484435081482
84,601,665,621,681,0.262617290019989,-0.2756049931049347,-0.258710652589798,0.947263240814209,-0.08709459751844406,-0.24918480217456818,0.5351788997650146,-0.2774270176887512,-0.16990196704864502,-0.25263097882270813,0.5008675456047058,-0.22579629719257355,0.13235925137996674,0.17207854986190796,-0.09298530220985413,-0.1240134984254837,-0.27834275364875793,-0.1996973305940628,-0.20643287897109985,-0.24730338156223297,-0.0320296511054039,-0.06826747953891754,0.5666337609291077,0.10174312442541122,0.05563424155116081,-0.2527589797973633,0.3157881498336792,-0.2556104063987732,-0.0910440981388092,0.6723574995994568,-0.2199072241783142,-0.21405524015426636,-0.1414720118045807,0.40067264437675476,-0.2412625551223755,-0.22966432571411133,-0.25346142053604126,-0.16650241613388062,-0.25344914197921753,-0.24048811197280884,-0.22003625333309174,-0.25848087668418884,-0.2782546579837799,-0.14069242775440216,-0.09390990436077118,-0.264982134103775,-0.27843472361564636,-0.21468950808048248,0.24854423105716705,0.765097975730896,1.389399766921997,-0.030352512374520302,0.6891365051269531,-0.1946818083524704,-0.2709232270717621,-0.1486985981464386,-0.26938700675964355,0.9421004056930542,0.7333242893218994,-0.25765931606292725,0.19941729307174683,1.3941256999969482,0.02836359292268753,-0.004548886325210333,0.5829141736030579,-0.2518523931503296,-0.21854732930660248,0.8700441122055054,0.017235707491636276,1.7155553102493286,0.5031468272209167,-0.2779775857925415,-0.02156347595155239,0.07495752722024918,0.0208499226719141,-0.2722775638103485,-0.27781346440315247,-0.26966592669487,-0.27076390385627747,-0.17117421329021454,-0.2129046618938446,-0.2620643079280853,-0.257913738489151,0.24663084745407104,0.34985023736953735,0.011566258035600185,-0.254453182220459,-0.15419995784759521,0.20194783806800842,-0.17315079271793365,-0.2163965404033661,1.520378589630127,-0.2640905976295471,-0.23990149796009064,-0.2781111001968384,-0.12729451060295105,-0.221310555934906,-0.18231801688671112,-0.27722281217575073,0.28872156143188477,0.02143772318959236,0.1132388561964035,-0.028544073924422264,0.6242726445198059,-0.2388455867767334,-0.041445132344961166,0.057740483433008194,-0.22484682500362396,-0.2782762944698334,0.1736368089914322,-0.2271725833415985,-0.2759343087673187,0.21832557022571564,-0.277126669883728,0.76925128698349,-0.2758937478065491,0.7075334191322327,-0.16892719268798828,-0.17381398379802704,-0.02903178706765175,-0.11444707214832306,-0.03617572411894798,-0.2626195251941681,1.2957955598831177,-0.16723617911338806,-0.10659326612949371,-0.1614931970834732,-0.2576156258583069
85,332,627,376,669,1.0175881385803223,-0.21651287376880646,0.14184428751468658,1.0138980150222778,-0.2250090092420578,-0.17125855386257172,0.2526750862598419,-0.20329256355762482,-0.16877155005931854,-0.25654372572898865,0.3633608818054199,-0.2071717381477356,-0.11836417764425278,0.09483631700277328,0.2851356565952301,-0.151844784617424,0.3272000253200531,0.15599611401557922,0.40627995133399963,-0.16079942882061005,0.7197802662849426,-0.10710841417312622,0.9927892684936523,0.18579475581645966,-0.04563431441783905,0.7060227394104004,-0.13464243710041046,-0.042192112654447556,0.5775740146636963,0.9253079891204834,-0.19927717745304108,-0.14748574793338776,-0.1006259098649025,0.17218132317066193,-0.17822831869125366,0.05848659202456474,-0.21461224555969238,0.42796778678894043,-0.08894173055887222,-0.16039885580539703,0.2817288339138031,-0.1315220147371292,-0.14815394580364227,0.14671729505062103,0.09130627661943436,-0.07900858670473099,-0.22137950360774994,0.8598246574401855,0.1610141545534134,0.5879266858100891,0.43569424748420715,0.3928375542163849,0.3476257622241974,-0.21165363490581512,0.2380199432373047,-0.1355496495962143,0.3757563531398773,0.08723641186952591,0.9737095832824707,-0.22250445187091827,0.04309295490384102,-0.05592432618141174,-0.1116182804107666,-0.08890048414468765,0.010183623991906643,-0.2266530990600586,0.407467246055603,0.2712961733341217,-0.049101393669843674,0.20769096910953522,0.30420395731925964,0.0611150749027729,-0.11505261808633804,0.1854459047317505,-0.11996989697217941,-0.12514354288578033,0.08851365000009537,-0.0833209753036499,-0.09375866502523422,-0.10473678261041641,0.017771253362298012,-0.18839240074157715,-0.2641330063343048,-0.08735062927007675,0.41951408982276917,-0.1347971111536026,0.07923093438148499,-0.11968705803155899,0.17183752357959747,-0.23721903562545776,-0.1184394583106041,0.042694080621004105,0.5933617949485779,-0.26441600918769836,-0.05414862558245659,-0.056420907378196716,-0.24388189613819122,0.41850098967552185,-0.2533522844314575,0.14791850745677948,0.05772837623953819,0.013354301452636719,-0.012498781085014343,0.48199084401130676,0.6787316203117371,0.0139244943857193,0.1720656156539917,0.7532317042350769,-0.04997740685939789,-0.1931484341621399,0.5624560713768005,0.07453904300928116,-0.2542475461959839,-0.05601048469543457,0.4106101095676422,-0.026016637682914734,0.6139921545982361,-0.16455933451652527,0.18603241443634033,-0.04028637334704399,-0.167586088180542,0.4367164373397827,0.1376984566450119,0.24384354054927826,-0.14634859561920166,0.28281691670417786,-0.07848900556564331,-0.21115900576114655
86,570,485,587,502,-0.27589666843414307,-0.2142055183649063,-0.1566421389579773,1.4124795198440552,-0.030661102384328842,-0.14620742201805115,-0.27816107869148254,-0.2779013514518738,-0.2461460530757904,-0.013913034461438656,-0.25513339042663574,-0.18104955554008484,-0.27781909704208374,-0.23280571401119232,0.12564289569854736,-0.26921212673187256,-0.15048463642597198,3.3693389892578125,-0.15698638558387756,-0.27234238386154175,-0.2783506512641907,-0.2742130756378174,-0.14005602896213531,4.664804458618164,1.0804682970046997,2.7831685543060303,-0.20634765923023224,0.6091338396072388,-0.15146926045417786,3.8308351039886475,0.5698613524436951,-0.2784420847892761,-0.19325147569179535,-0.23045660555362701,-0.27078375220298767,-0.25142717361450195,0.544599175453186,2.686774253845215,-0.2778588831424713,-0.27174317836761475,1.8959521055221558,0.6361150145530701,-0.2750789523124695,-0.21406406164169312,-0.189642533659935,2.781750440597534,-0.2179669439792633,2.486243486404419,-0.2764841914176941,-0.0924423336982727,0.29234594106674194,-0.23022088408470154,-0.2172643393278122,-0.15661318600177765,-0.22419162094593048,-0.18437974154949188,0.5311421751976013,-0.1709299087524414,1.6585166454315186,-0.1738930344581604,-0.25323256850242615,-0.18617093563079834,0.27323660254478455,-0.12372338771820068,-0.21170206367969513,-0.27497565746307373,-0.029183080419898033,-0.22575774788856506,0.6284809112548828,-0.07993858307600021,-0.27029478549957275,0.2208470106124878,-0.25885552167892456,-0.25941887497901917,-0.2771036922931671,1.4671028852462769,-0.03951731696724892,-0.25151950120925903,-0.09022142738103867,-0.17905114591121674,2.4770560264587402,-0.2740398943424225,-0.2634371221065521,-0.2722685933113098,2.28627872467041,-0.05732051655650139,-0.07023295015096664,-0.02089018188416958,3.8479299545288086,-0.2443116307258606,-0.2386275678873062,-0.27786916494369507,-0.2595261335372925,0.7791885137557983,-0.24987958371639252,-0.27794787287712097,0.33948850631713867,-0.23091334104537964,-0.27797791361808777,-0.23689594864845276,1.3338350057601929,0.3307175636291504,-0.20382551848888397,-0.13027338683605194,3.6171061992645264,-0.2370716631412506,-0.20891857147216797,-0.27172690629959106,-0.2638263404369354,-0.20855090022087097,0.28750094771385193,1.3033883571624756,-0.21370001137256622,3.0878002643585205,-0.2782149314880371,0.4487185776233673,-0.2494983971118927,1.7864073514938354,0.1051405742764473,-0.10944415628910065,0.34675565361976624,0.5562347173690796,-0.21205496788024902,1.2234077453613281,0.16335704922676086,-0.2029394805431366,-0.1068534255027771,0.7581772804260254
87,354,661,410,711,1.256326675415039,-0.19242557883262634,0.07183339446783066,1.075319766998291,-0.240217387676239,-0.13015350699424744,0.5278921127319336,-0.19847196340560913,-0.06495928764343262,-0.22299610078334808,0.09540924429893494,-0.15499737858772278,-0.004410130903124809,-0.09629052132368088,0.5138808488845825,-0.16107720136642456,0.17835544049739838,-0.1816650629043579,0.583087146282196,0.09789429605007172,0.7690439224243164,0.0009572978015057743,0.8383910655975342,0.12640896439552307,-0.1307869553565979,0.4192347526550293,-0.21567687392234802,-0.12770919501781464,1.0684151649475098,0.6719552278518677,-0.17189697921276093,-0.10365808755159378,-0.056975800544023514,0.3759331703186035,-0.1648276448249817,0.37385013699531555,-0.18042652308940887,0.31522315740585327,0.2785806357860565,-0.04780144989490509,0.2656876742839813,-0.028451208025217056,-0.09235521405935287,0.5346187949180603,0.48825085163116455,-0.07901059091091156,-0.11156895756721497,0.9463175535202026,0.13074707984924316,0.1810237318277359,0.3233841359615326,0.2851918041706085,0.5711122155189514,-0.2021356225013733,0.3554987907409668,-0.009155591018497944,0.5738650560379028,0.5871853232383728,0.5331521034240723,-0.19750899076461792,0.4631088972091675,0.22703126072883606,-0.08188530802726746,0.328624963760376,-0.08669432252645493,0.23446615040302277,0.2742205858230591,0.3422348201274872,0.11372898519039154,0.35431724786758423,0.3407744765281677,0.07194563001394272,-0.09296002238988876,0.6278982162475586,-0.13299228250980377,-0.05037367343902588,0.6367879509925842,0.19624826312065125,0.13860853016376495,0.7999547719955444,-0.14604412019252777,-0.23116125166416168,-0.2558499574661255,-0.10921748727560043,0.6722056865692139,-0.17564657330513,0.17761629819869995,-0.14969536662101746,0.048970434814691544,-0.10118254274129868,-0.07944217324256897,0.019945871084928513,1.0014480352401733,-0.24590550363063812,-0.14943212270736694,-0.022527405992150307,-0.2320232093334198,0.5740727186203003,-0.2661937475204468,0.005815002601593733,-0.011203690432012081,-0.0032449928112328053,-0.03975694626569748,0.5352448225021362,0.5182682871818542,0.26698723435401917,0.11965744942426682,0.24973344802856445,-0.034303195774555206,-0.17384961247444153,0.6760274171829224,0.04886164516210556,-0.1739753633737564,-0.11941680312156677,0.6077703833580017,0.07482919096946716,0.5085766911506653,-0.15054798126220703,0.1586536467075348,0.10394760966300964,-0.17848384380340576,0.710322380065918,-0.025832805782556534,0.25653278827667236,-0.005274007562547922,0.6094467043876648,0.11210966110229492,-0.19946953654289246
88,587,765,620,798,0.6873018741607666,-0.26494500041007996,-0.1924876570701599,1.0899463891983032,-0.08774160593748093,-0.27336153388023376,0.24646013975143433,-0.2449178397655487,-0.22756648063659668,-0.17845897376537323,0.5973376035690308,-0.10787834227085114,-0.17737631499767303,0.5267048478126526,0.6489245891571045,-0.14637833833694458,-0.23049822449684143,0.25127077102661133,-0.1976471245288849,-0.18863877654075623,0.14012551307678223,0.5197523832321167,0.15408362448215485,0.44572362303733826,-0.025319311767816544,-0.023431017994880676,-0.08048959821462631,-0.1621149182319641,0.3974360525608063,-0.014558437280356884,-0.23837725818157196,0.09835336357355118,-0.1482107937335968,0.492353230714798,-0.198121577501297,-0.01657707244157791,-0.09507439285516739,-0.10333748906850815,-0.21344706416130066,0.3325830101966858,0.15339630842208862,-0.006442651152610779,-0.2488522231578827,0.3374858498573303,-0.1932675838470459,-0.05686654523015022,-0.2541845738887787,0.46986526250839233,0.20661140978336334,0.2036265879869461,0.347089946269989,0.6379039883613586,0.4059419631958008,-0.21522116661071777,-0.1618080735206604,-0.16625423729419708,-0.02125946432352066,0.40396618843078613,0.29803234338760376,-0.21800722181797028,0.09212180972099304,0.5977272987365723,-0.1667592078447342,0.4045650362968445,0.7948132753372192,-0.12611857056617737,-0.2381359338760376,0.8197885751724243,1.118718147277832,0.48356759548187256,1.1822144985198975,0.1598019003868103,-0.07204435020685196,0.09921444952487946,-0.13694678246974945,-0.0694008618593216,0.8789731860160828,-0.24024449288845062,0.17803645133972168,-0.08517720550298691,-0.08404017239809036,-0.25927484035491943,-0.24309298396110535,-0.10643310844898224,0.5664315223693848,-0.04102950170636177,0.01660529151558876,-0.1749868392944336,0.12771283090114594,-0.2500883936882019,-0.02465219795703888,0.1611659824848175,0.3708072304725647,-0.14630240201950073,-0.22046642005443573,0.07339745759963989,-0.2433096021413803,-0.13380968570709229,-0.25997477769851685,0.03571787849068642,0.9459227323532104,-0.015386617742478848,0.17426076531410217,0.40897953510284424,-0.24680186808109283,0.058932479470968246,0.03928826004266739,-0.1865633726119995,-0.2335856854915619,-0.09487036615610123,1.242245078086853,-0.047140926122665405,-0.09421634674072266,0.10172870755195618,0.11413180828094482,0.11249083280563354,0.36052972078323364,0.02491079270839691,0.19938065111637115,0.19076484441757202,-0.08175188302993774,0.5403799414634705,-0.23207753896713257,0.741712212562561,0.16414755582809448,0.07025355100631714,0.13440005481243134,-0.09693190455436707
89,372,695,421,740,1.4684786796569824,-0.22869369387626648,0.028126703575253487,1.0738035440444946,-0.22407960891723633,-0.005439158994704485,0.2008388638496399,-0.22496387362480164,0.09493044763803482,-0.1076771691441536,-0.13591055572032928,0.09216435253620148,-0.15084068477153778,-0.1392151266336441,0.6902633309364319,-0.15912359952926636,0.36857128143310547,0.16466942429542542,0.8996289372444153,-0.1992853879928589,1.1203526258468628,-0.04831749573349953,1.187148094177246,0.054743971675634384,-0.14910240471363068,0.670301616191864,-0.2546478509902954,0.012581799179315567,1.2067906856536865,0.9962384104728699,-0.166854590177536,-0.22511833906173706,-0.09869177639484406,0.20525643229484558,-0.16937002539634705,0.551611065864563,-0.1357925534248352,0.36689403653144836,0.6253875494003296,-0.13515008985996246,0.5987527966499329,0.04627947509288788,-0.17175520956516266,0.2813955843448639,0.31575703620910645,0.05480661615729332,-0.04361327365040779,0.9458073377609253,0.0780244767665863,0.21880461275577545,0.17226266860961914,0.5460871458053589,0.7235767841339111,-0.17342358827590942,0.6771560311317444,-0.12147685140371323,0.8866612911224365,0.5189030170440674,0.5837836265563965,-0.2626539468765259,0.42250311374664307,0.4438896179199219,0.09701982885599136,0.3051835298538208,-0.16661708056926727,0.10917702317237854,0.3070314824581146,0.24811679124832153,0.0618223212659359,0.12401750683784485,0.16953356564044952,0.14617596566677094,0.02423945441842079,0.7658782601356506,-0.09472289681434631,-0.047674670815467834,0.9067738652229309,0.2717527151107788,0.31198835372924805,0.8834998607635498,-0.04603762924671173,-0.2439822554588318,-0.22837969660758972,-0.1625920981168747,1.0232844352722168,-0.19510109722614288,0.3393208384513855,-0.1540738195180893,0.026819076389074326,-0.09353409707546234,-0.12623625993728638,-0.008705993182957172,1.735479712486267,-0.2527002692222595,-0.17947840690612793,0.07151493430137634,-0.18494674563407898,0.6350307464599609,-0.27041277289390564,-0.007320818956941366,-0.03982624411582947,0.06750467419624329,-0.15804342925548553,0.675415575504303,1.0982788801193237,0.25601890683174133,0.19701522588729858,0.7491323947906494,0.1187836304306984,-0.24397727847099304,0.7784025073051453,0.3112088441848755,-0.23782798647880554,0.07538222521543503,0.7284554243087769,0.23126977682113647,0.5197979807853699,-0.14662912487983704,0.39385077357292175,0.021740026772022247,-0.16518893837928772,0.641396164894104,0.05952532961964607,0.1330629140138626,-0.017293240875005722,0.46402889490127563,-0.06737066805362701,-0.2079293429851532
90,467,759,499,789,1.0687052011489868,-0.23035353422164917,-0.22413112223148346,1.1930949687957764,-0.2177923619747162,0.1115468442440033,0.2915441393852234,-0.21973374485969543,-0.22870893776416779,-0.0807141363620758,-0.021338365972042084,0.07739894092082977,-0.1730671226978302,-0.14454737305641174,1.1372125148773193,-0.16597267985343933,-0.126211479306221,1.1627106666564941,0.3794453740119934,-0.07659025490283966,1.262380838394165,0.13732396066188812,0.42300182580947876,1.3039817810058594,-0.1742556393146515,1.2604814767837524,-0.18945282697677612,0.3786589503288269,0.06996110081672668,1.1353298425674438,-0.02009163796901703,0.7017569541931152,-0.14595317840576172,0.2897130250930786,-0.17489875853061676,0.31736451387405396,0.22558914124965668,0.0757569968700409,0.07522542029619217,-0.18405640125274658,1.9013633728027344,0.4114590883255005,0.3028579652309418,0.18332241475582123,-0.034262754023075104,0.5906195044517517,0.23116859793663025,1.7642359733581543,0.16481725871562958,-0.04138179123401642,0.7807716727256775,1.6957859992980957,0.4872075319290161,-0.2743505537509918,-0.024165064096450806,0.08630149811506271,2.0785953998565674,0.1984724998474121,1.717627763748169,-0.25340893864631653,0.6612792015075684,-0.14689017832279205,0.06202647089958191,1.012976884841919,-0.17682293057441711,0.0562799796462059,-0.0831664502620697,0.07184294611215591,0.38817113637924194,-0.25623106956481934,0.6274697184562683,0.959075391292572,-0.21002253890037537,0.37036406993865967,-0.16622474789619446,0.06476619839668274,0.14672544598579407,-0.12718164920806885,-0.06799755990505219,0.799341082572937,0.6090471148490906,-0.13268055021762848,-0.21829713881015778,-0.21979209780693054,1.0329816341400146,-0.17137329280376434,-0.05722297728061676,-0.09144599735736847,0.1596524715423584,-0.08869723230600357,-0.1874530017375946,-0.23778307437896729,0.47503265738487244,0.06764215975999832,-0.03639786317944527,0.38450106978416443,-0.21828866004943848,0.699954628944397,-0.26347416639328003,-0.17834354937076569,0.4469360113143921,-0.1390390247106552,-0.16650639474391937,0.22562551498413086,1.0561189651489258,0.5262980461120605,-0.0531807467341423,1.222947120666504,0.019489139318466187,-0.06452970206737518,2.0822677612304688,1.55342435836792,-0.09490995854139328,0.4497202932834625,-0.0016614217311143875,0.6671735644340515,0.24673371016979218,-0.04350963979959488,1.0419189929962158,-0.05174674093723297,-0.12392034381628036,0.44852352142333984,-0.016472168266773224,0.5796143412590027,-0.10044553875923157,-0.15625548362731934,-0.24392321705818176,-0.03048514574766159
91,357,731,406,776,1.8773207664489746,-0.20880641043186188,0.08441898226737976,1.0617384910583496,-0.25619056820869446,0.24941594898700714,-0.09911081939935684,-0.24867862462997437,0.291471004486084,-0.14732414484024048,-0.1582171767950058,1.1390340328216553,-0.2186184525489807,-0.22327566146850586,0.30542561411857605,-0.2015404999256134,0.39208364486694336,0.06980763375759125,1.0123953819274902,-0.20971979200839996,0.615634560585022,-0.09965404868125916,1.0061829090118408,-0.16416724026203156,-0.21779613196849823,0.7351207137107849,-0.199710413813591,0.13126641511917114,1.1289421319961548,1.3286967277526855,-0.16141074895858765,-0.18864840269088745,-0.07636858522891998,0.07336599379777908,-0.20762142539024353,1.275449275970459,-0.08163850009441376,0.15068140625953674,0.6837755441665649,-0.16467531025409698,0.7812703251838684,0.1305207908153534,-0.2078290432691574,-0.016608132049441338,0.22048836946487427,0.13029038906097412,0.0721488893032074,0.8931729793548584,-0.11114125698804855,0.2353818416595459,0.03814991936087608,0.7014519572257996,0.4881328046321869,-0.12628310918807983,0.9007574915885925,-0.02569195255637169,1.2966006994247437,0.08489274978637695,0.9478831887245178,-0.25371795892715454,0.013494021259248257,0.40195322036743164,0.19695988297462463,0.003282659687101841,-0.1891726851463318,-0.1140349730849266,0.41180118918418884,-0.06328437477350235,-0.13796545565128326,0.10112617164850235,0.21726976335048676,0.2554515600204468,-0.13552194833755493,0.9636859893798828,-0.0969640463590622,-0.13481320440769196,0.6055382490158081,0.1798359602689743,0.142578125,1.5716849565505981,-0.09325812757015228,-0.25321707129478455,-0.22113913297653198,-0.18309205770492554,0.7388433218002319,0.08750306069850922,0.5038444995880127,-0.1560685932636261,-0.09845151007175446,0.06820765137672424,-0.21675781905651093,-0.12087927758693695,1.6490998268127441,-0.25125735998153687,-0.23266230523586273,0.31418201327323914,-0.1737653911113739,1.4061708450317383,-0.27031365036964417,-0.019913144409656525,-0.1433078646659851,-0.1117028146982193,-0.19149215519428253,0.6928697824478149,1.064618706703186,-0.12439176440238953,0.0636490061879158,0.20110055804252625,0.12640336155891418,-0.08794209361076355,0.8416445255279541,0.6669028401374817,-0.2554311752319336,-0.07543644309043884,0.9127252101898193,0.3682835102081299,0.19698694348335266,-0.24440224468708038,0.5410817265510559,-0.15871575474739075,-0.1715048998594284,0.577406644821167,-0.056586794555187225,0.163664773106575,-0.08587324619293213,0.1830698847770691,0.08742313086986542,-0.21189086139202118
92,882,606,900,630,0.11209172010421753,-0.2771192193031311,-0.16711091995239258,1.1451445817947388,-0.11802181601524353,-0.1889704465866089,0.2285965085029602,-0.2552756369113922,-0.2599066495895386,-0.19602899253368378,0.3477762043476105,-0.2027672827243805,-0.16072216629981995,0.13274705410003662,0.5956369042396545,-0.2593955099582672,0.40954190492630005,-0.23890534043312073,-0.2690219283103943,-0.04604203999042511,0.22771097719669342,1.261339783668518,0.18468886613845825,0.9405648708343506,0.6793996095657349,-0.06906794011592865,-0.1857932209968567,-0.12543950974941254,0.14793185889720917,0.16654404997825623,-0.2691943943500519,-0.03224262595176697,-0.14711825549602509,0.6282881498336792,-0.218878835439682,-0.2022017240524292,0.029689207673072815,-0.08847390860319138,-0.2623148262500763,-0.12755535542964935,-0.1518573760986328,-0.03201465308666229,0.2593967318534851,1.5275702476501465,0.4573003053665161,-0.2623801827430725,-0.19907283782958984,0.5315364599227905,0.2516811788082123,0.1636923849582672,2.0477135181427,0.6299707293510437,0.511513888835907,-0.2612394392490387,0.7292557954788208,-0.2475612461566925,-0.01709422469139099,0.8297863602638245,2.175931692123413,-0.27152329683303833,-0.15970376133918762,0.27162855863571167,-0.21225477755069733,0.34742066264152527,-0.10161320865154266,0.01064317673444748,0.18643301725387573,-0.011014845222234726,-0.13023586571216583,0.563185453414917,0.6227760910987854,-0.1501278281211853,-0.19958990812301636,-0.06800427287817001,0.033303942531347275,0.04932491481304169,0.06836460530757904,-0.2590488791465759,-0.2116144299507141,-0.14447112381458282,0.42613130807876587,-0.26545172929763794,-0.27563053369522095,0.05376562476158142,0.050399959087371826,-0.07412096858024597,-0.21381425857543945,-0.19001924991607666,-0.10151450335979462,-0.2601979374885559,-0.08848007023334503,0.04319005459547043,-0.00884198397397995,0.02906157821416855,-0.06483191251754761,0.40765100717544556,-0.24150404334068298,-0.09152453392744064,-0.2702546715736389,0.0675218403339386,0.1475403755903244,-0.18380692601203918,0.04733898863196373,0.5557633638381958,-0.20926222205162048,0.24621392786502838,-0.03596518933773041,-0.27784839272499084,-0.09761783480644226,-0.1800394058227539,-0.08990051597356796,0.2629493474960327,0.5703167915344238,-0.2525680661201477,0.2636066675186157,0.006809309124946594,0.38413289189338684,-0.2758062481880188,-0.041552744805812836,-0.19439804553985596,-0.13709205389022827,0.026813097298145294,-0.24514126777648926,0.3007318675518036,-0.20063889026641846,0.2734042704105377,-0.1551913022994995,-0.11333180218935013
93,330,380,400,448,1.1194300651550293,-0.13554073870182037,0.10751360654830933,1.1067514419555664,-0.2281833291053772,-0.101050965487957,0.15681299567222595,-0.1421796679496765,-0.029161812737584114,-0.18530088663101196,0.057469334453344345,0.1418561488389969,-0.036481428891420364,0.007221496198326349,0.36518314480781555,-0.1504185050725937,0.13712911307811737,-0.09600021690130234,0.555885910987854,0.018399624153971672,0.46833592653274536,-0.02815495803952217,0.9650366902351379,-0.029054604470729828,-0.05441273748874664,0.355224609375,-0.1541460007429123,-0.1262248456478119,0.7953148484230042,0.7227007150650024,-0.08437961339950562,-0.17199647426605225,-0.02655782736837864,0.32533061504364014,-0.11430774629116058,0.5772267580032349,-0.14315779507160187,0.24321751296520233,0.2038256824016571,-0.05903218314051628,0.15068259835243225,0.024673327803611755,-0.09316442161798477,0.1796470433473587,0.27479904890060425,-0.030970580875873566,-0.006477539427578449,0.6799893975257874,0.13735142350196838,0.5773763060569763,0.1854759007692337,0.2500206232070923,0.6327939033508301,-0.1667816936969757,0.35694557428359985,0.3306468725204468,0.45321691036224365,0.29204535484313965,0.6428952217102051,-0.1816222369670868,0.19571053981781006,0.4833696782588959,0.018605535849928856,0.21102692186832428,-0.030427871271967888,-0.049463797360658646,0.12052001059055328,0.2987464964389801,0.059536609798669815,0.4222395420074463,0.3504112958908081,-0.04628622904419899,0.0141726303845644,0.5645373463630676,-0.13529548048973083,-0.07631253451108932,0.39529240131378174,0.17817345261573792,0.0615558996796608,1.0695756673812866,-0.07342299818992615,-0.1471666842699051,-0.24251209199428558,0.06754296272993088,0.3572190999984741,-0.0008861255482770503,0.05896196886897087,-0.18571737408638,0.08057090640068054,-0.03630415350198746,0.06763636320829391,0.1823510378599167,1.0157322883605957,-0.26156261563301086,-0.1750205159187317,-0.025325823575258255,-0.1902572065591812,0.4307101368904114,-0.2316870093345642,-0.0013172435574233532,-0.01327979564666748,0.2836751341819763,-0.07895262539386749,0.46811768412590027,0.5251162052154541,0.15751752257347107,0.14910732209682465,-0.10055901855230331,0.10581985116004944,-0.11696392297744751,0.47376003861427307,0.12107167392969131,-0.23378951847553253,-0.16754284501075745,0.6345210671424866,0.024274377152323723,0.5675640106201172,-0.14577358961105347,0.022643836215138435,0.04578327015042305,-0.15770301222801208,0.537118673324585,-0.08135728538036346,0.314590722322464,-0.013111467473208904,0.2898518443107605,0.17166680097579956,-0.19031409919261932
94,374,385,420,426,0.8968966603279114,-0.1725379228591919,0.03561525419354439,1.0492256879806519,-0.23062682151794434,0.097504623234272,0.1850120574235916,-0.20691372454166412,-0.037034571170806885,-0.23600272834300995,0.20688767731189728,-0.09346922487020493,-0.056230079382658005,0.07065490633249283,0.26945891976356506,-0.20126473903656006,0.22441251575946808,0.292395681142807,0.41391894221305847,-0.12871985137462616,0.38833150267601013,-0.036003123968839645,0.9638612866401672,-0.1466187983751297,0.06757413595914841,0.3112143278121948,-0.09470140933990479,-0.06914307177066803,1.0122126340866089,0.6797921061515808,-0.18266379833221436,-0.2574463188648224,-0.018075356259942055,0.25059738755226135,-0.18073922395706177,0.6250529885292053,-0.1770133525133133,0.19306647777557373,0.2031140774488449,-0.1560264229774475,0.13238032162189484,0.05331987142562866,-0.191402867436409,0.06410202383995056,0.09032423049211502,-0.077077217400074,0.16540266573429108,0.8258154988288879,-0.04759983345866203,0.3872581720352173,0.041254136711359024,0.530084490776062,0.7571384310722351,-0.13903570175170898,0.35329899191856384,0.02993432618677616,0.5807142853736877,0.10986068099737167,0.8415824770927429,-0.21492807567119598,0.09992706775665283,0.5005820393562317,0.18082039058208466,0.05979061499238014,-0.051690053194761276,0.01859167218208313,0.41812863945961,0.3064180016517639,-0.12443719059228897,0.3504141569137573,0.3613390028476715,0.009008537046611309,-0.14883385598659515,0.5913407802581787,0.045183729380369186,-0.18619687855243683,0.4131929874420166,-0.08915802836418152,-0.007033477071672678,1.3723381757736206,0.15578418970108032,-0.2058113068342209,-0.23400519788265228,-0.013156205415725708,0.15727095305919647,-0.2118818312883377,0.2310238927602768,-0.2269842028617859,0.006598005536943674,0.22136946022510529,-0.24157561361789703,0.059885215014219284,0.7722151279449463,-0.25938358902931213,-0.2394499033689499,0.02228369377553463,-0.21096448600292206,1.093520998954773,-0.256086140871048,0.043088365346193314,-0.04045232757925987,-0.16878187656402588,-0.08580894023180008,0.46739038825035095,0.5380107760429382,-0.04214826598763466,0.14157195389270782,0.2540452480316162,-0.07478412240743637,-0.14348338544368744,0.47139573097229004,0.19906814396381378,-0.25833824276924133,0.08201967924833298,0.6327045559883118,-0.09294632822275162,0.13057005405426025,-0.2180207222700119,0.03291976824402809,0.05899769440293312,-0.17938952147960663,0.7530586123466492,-0.02801458351314068,0.4543442726135254,-0.08236895501613617,0.13242107629776,-0.02033958025276661,-0.18849317729473114
95,63,438,80,456,0.125898078083992,-0.264800488948822,0.0500403568148613,1.2010750770568848,-0.1824963390827179,-0.2717379629611969,0.05398194491863251,0.032366469502449036,-0.19874060153961182,-0.1411905139684677,-0.03717169538140297,-0.14478906989097595,-0.005836106836795807,2.324191093444824,0.3640819191932678,-0.018610157072544098,-0.17447224259376526,0.4691486954689026,-0.23927436769008636,-0.20631301403045654,-0.2694547772407532,0.698482871055603,0.09433262050151825,-0.110846146941185,0.1867271214723587,-0.19696056842803955,-0.0683455616235733,-0.23434966802597046,0.47300267219543457,0.04672735929489136,-0.00439365953207016,-0.22216421365737915,-0.21437354385852814,0.2992880940437317,-0.252936452627182,-0.2768060564994812,-0.06197350099682808,0.24767804145812988,-0.23820745944976807,0.19470244646072388,-0.2647993564605713,-0.013290328904986382,-0.17535817623138428,0.6007406711578369,-0.2280949205160141,0.2792055010795593,-0.26277366280555725,0.5706403255462646,0.1215788871049881,-0.06588120013475418,0.5045786499977112,0.12914781272411346,0.5347076058387756,-0.21516995131969452,0.13640107214450836,0.09207309037446976,-0.019757311791181564,-0.17735660076141357,0.7712229490280151,-0.27720868587493896,-0.15389150381088257,0.6759463548660278,-0.07166098803281784,0.44662153720855713,2.0188190937042236,-0.10477330535650253,-0.2486811876296997,0.7383140325546265,0.15458086133003235,0.04582645744085312,0.9603937864303589,-0.1774972379207611,-0.1395195722579956,-0.18432140350341797,-0.07982532680034637,-0.15233288705348969,-0.03342185914516449,-0.26083803176879883,-0.0748874768614769,-0.11472637951374054,0.550545871257782,-0.2303605079650879,-0.2779441475868225,-0.14455518126487732,-0.034837596118450165,-0.1833726167678833,-0.173744797706604,-0.2325902134180069,0.4541945457458496,-0.26118671894073486,-0.2587404251098633,0.0036217421293258667,0.010151080787181854,-0.1868252158164978,-0.20892366766929626,0.006990283727645874,-0.1594787985086441,-0.016216695308685303,-0.08847574144601822,-0.028877034783363342,0.5812152028083801,0.21095195412635803,0.28109848499298096,0.32830631732940674,-0.19220414757728577,0.3286690413951874,0.3956321179866791,-0.059937164187431335,-0.264867901802063,0.025535177439451218,-0.19711989164352417,-0.1819436103105545,-0.02487044781446457,0.5237879753112793,0.02938307821750641,-0.10967753082513809,0.11129048466682434,0.03504980728030205,0.377890408039093,0.44627705216407776,-0.03379099816083908,0.3500863313674927,-0.2589575946331024,0.6872228384017944,-0.0910947397351265,-0.24598106741905212,-0.2319365292787552,-0.06243690475821495
96,332,703,377,746,1.146155595779419,-0.21522347629070282,0.20631535351276398,1.0493296384811401,-0.2328082174062729,0.04897512495517731,0.3105996549129486,-0.1873515248298645,-0.09107154607772827,-0.25057125091552734,0.25571537017822266,-0.19174957275390625,-0.07538650929927826,0.168148472905159,0.38762977719306946,-0.17447340488433838,-0.03566613420844078,-0.006095157936215401,0.3012208640575409,-0.020899789407849312,1.0327174663543701,0.044546179473400116,0.9397352933883667,-0.04065944626927376,-0.024937160313129425,0.7130706310272217,-0.14378732442855835,-0.18737727403640747,0.6248839497566223,1.1740119457244873,-0.2275269329547882,-0.1733628511428833,-0.1289219707250595,0.2659287750720978,-0.14538328349590302,0.14471761882305145,-0.16485919058322906,0.3256765604019165,0.22476428747177124,-0.08235883712768555,0.13049525022506714,-0.09014716744422913,-0.15735404193401337,0.5659491419792175,0.35871148109436035,-0.14459125697612762,-0.09015405923128128,0.5586757659912109,0.16562233865261078,0.6438816785812378,0.35799986124038696,0.4469417929649353,0.5453472137451172,-0.23820611834526062,0.35311901569366455,-0.15373407304286957,0.2104412019252777,0.305014431476593,0.8455035090446472,-0.17144015431404114,0.26239103078842163,0.22120536863803864,-0.08536843210458755,0.14369618892669678,0.0483657605946064,0.1704252064228058,0.14337623119354248,0.41614940762519836,0.07045435905456543,0.456182599067688,0.21891266107559204,-0.018009550869464874,0.03730713948607445,0.6516152024269104,-0.1314789205789566,-0.0690508782863617,0.5823948383331299,0.19998110830783844,-0.03297114744782448,-0.141618549823761,-0.06960149109363556,-0.1922258734703064,-0.251038134098053,0.1268588900566101,0.4095689058303833,-0.04419967904686928,-0.02576357126235962,-0.16330158710479736,0.10667412728071213,-0.2361607551574707,-0.11974266916513443,0.16541992127895355,0.7543062567710876,-0.252840518951416,-0.2038908302783966,-0.015813278034329414,-0.23596405982971191,0.07778917998075485,-0.2532860040664673,0.07048530131578445,0.03720523416996002,-0.011307752691209316,-0.0659775584936142,0.6949536204338074,0.9573313593864441,0.0730600506067276,0.11282917112112045,0.1367577165365219,-0.029812302440404892,-0.1771460920572281,0.7331238389015198,0.026747392490506172,-0.22276729345321655,0.03384704887866974,0.40336161851882935,0.01360414456576109,0.6730607748031616,-0.16233022511005402,0.09385495632886887,0.07202360033988953,-0.17222754657268524,0.48494210839271545,-0.07433393597602844,0.30487579107284546,-0.07420197129249573,0.4051956534385681,-0.05302586778998375,-0.20159560441970825
97,588,760,616,784,0.6873018741607666,-0.26494500041007996,-0.1924876570701599,1.0899463891983032,-0.08774160593748093,-0.27336153388023376,0.24646013975143433,-0.2449178397655487,-0.22756648063659668,-0.17845897376537323,0.5973376035690308,-0.10787834227085114,-0.17737631499767303,0.5267048478126526,0.6489245891571045,-0.14637833833694458,-0.23049822449684143,0.25127077102661133,-0.1976471245288849,-0.18863877654075623,0.14012551307678223,0.5197523832321167,0.15408362448215485,0.44572362303733826,-0.025319311767816544,-0.023431017994880676,-0.08048959821462631,-0.1621149182319641,0.3974360525608063,-0.014558437280356884,-0.23837725818157196,0.09835336357355118,-0.1482107937335968,0.492353230714798,-0.198121577501297,-0.01657707244157791,-0.09507439285516739,-0.10333748906850815,-0.21344706416130066,0.3325830101966858,0.15339630842208862,-0.006442651152610779,-0.2488522231578827,0.3374858498573303,-0.1932675838470459,-0.05686654523015022,-0.2541845738887787,0.46986526250839233,0.20661140978336334,0.2036265879869461,0.347089946269989,0.6379039883613586,0.4059419631958008,-0.21522116661071777,-0.1618080735206604,-0.16625423729419708,-0.02125946432352066,0.40396618843078613,0.29803234338760376,-0.21800722181797028,0.09212180972099304,0.5977272987365723,-0.1667592078447342,0.4045650362968445,0.7948132753372192,-0.12611857056617737,-0.2381359338760376,0.8197885751724243,1.118718147277832,0.48356759548187256,1.1822144985198975,0.1598019003868103,-0.07204435020685196,0.09921444952487946,-0.13694678246974945,-0.0694008618593216,0.8789731860160828,-0.24024449288845062,0.17803645133972168,-0.08517720550298691,-0.08404017239809036,-0.25927484035491943,-0.24309298396110535,-0.10643310844898224,0.5664315223693848,-0.04102950170636177,0.01660529151558876,-0.1749868392944336,0.12771283090114594,-0.2500883936882019,-0.02465219795703888,0.1611659824848175,0.3708072304725647,-0.14630240201950073,-0.22046642005443573,0.07339745759963989,-0.2433096021413803,-0.13380968570709229,-0.25997477769851685,0.03571787849068642,0.9459227323532104,-0.015386617742478848,0.17426076531410217,0.40897953510284424,-0.24680186808109283,0.058932479470968246,0.03928826004266739,-0.1865633726119995,-0.2335856854915619,-0.09487036615610123,1.242245078086853,-0.047140926122665405,-0.09421634674072266,0.10172870755195618,0.11413180828094482,0.11249083280563354,0.36052972078323364,0.02491079270839691,0.19938065111637115,0.19076484441757202,-0.08175188302993774,0.5403799414634705,-0.23207753896713257,0.741712212562561,0.16414755582809448,0.07025355100631714,0.13440005481243134,-0.09693190455436707
98,63,454,78,469,0.45037341117858887,-0.25368207693099976,0.03127199038863182,0.9872940182685852,-0.10506133735179901,-0.27467504143714905,0.015773922204971313,-0.1635565310716629,-0.2488933950662613,-0.2560340464115143,0.26962190866470337,-0.2732476592063904,0.24533237516880035,0.26010411977767944,0.11618071794509888,0.01346534676849842,-0.2581019699573517,-0.156923308968544,-0.1636003851890564,-0.2643629312515259,0.04071812331676483,-0.02887742966413498,0.3321491479873657,0.053186625242233276,0.2900407314300537,-0.2003955990076065,-0.1525813639163971,-0.2765721082687378,0.08930506557226181,0.20230169594287872,-0.11457556486129761,-0.21101735532283783,-0.179366797208786,0.35626330971717834,-0.21178101003170013,-0.2767412066459656,-0.26343879103660583,0.4958544969558716,-0.2721680700778961,0.37342020869255066,-0.2781319320201874,-0.2189200222492218,-0.12938040494918823,0.08873188495635986,0.17514601349830627,-0.1741330325603485,-0.27774572372436523,0.21406860649585724,0.43132269382476807,0.4343078136444092,0.5401940941810608,-0.21477265655994415,0.9804767370223999,-0.2775396704673767,0.31857830286026,-0.20110876858234406,-0.17886248230934143,-0.150845006108284,0.3913829028606415,-0.26961004734039307,0.6248711943626404,1.316052794456482,-0.013046748004853725,-0.22611045837402344,0.2509172856807709,0.11229152232408524,-0.26118704676628113,0.2955947518348694,0.1606086790561676,0.7294090390205383,0.4011881649494171,-0.27042314410209656,0.005403891671448946,0.38453173637390137,-0.14517787098884583,-0.23750342428684235,0.011481783352792263,-0.2781337797641754,-0.2781688868999481,-0.14936253428459167,0.5993357300758362,-0.27393078804016113,-0.2692892849445343,0.0733472928404808,0.042032331228256226,-0.17006686329841614,0.08306393772363663,-0.2634643614292145,0.46590283513069153,-0.2771822214126587,-0.27405452728271484,0.16776087880134583,0.10300295054912567,-0.2509377896785736,-0.22133705019950867,-0.2722289264202118,-0.25806596875190735,0.2394881397485733,-0.0950605496764183,0.21813830733299255,-0.05407881364226341,0.08560016006231308,0.2597537636756897,0.5899181962013245,-0.27724048495292664,0.2037428468465805,0.2825646996498108,-0.16910521686077118,-0.27809008955955505,0.008085574023425579,0.05686889588832855,-0.2643900513648987,-0.13549070060253143,-0.16411326825618744,0.6724791526794434,-0.2308627963066101,1.4180519580841064,-0.047034937888383865,-0.11179647594690323,-0.01681070774793625,-0.1428389847278595,0.4903032183647156,-0.23103633522987366,0.5847927927970886,-0.09303716570138931,0.2058984786272049,-0.26243776082992554,-0.23926396667957306
99,486,559,508,577,-0.11681671440601349,-0.2686868906021118,0.3134724497795105,1.2765085697174072,-0.21291029453277588,-0.24542082846164703,0.1769041270017624,-0.26588618755340576,-0.17157353460788727,-0.1599964201450348,0.46217817068099976,-0.24611473083496094,-0.2114892303943634,0.982151985168457,2.0388784408569336,-0.2670484781265259,0.5278049111366272,-0.12986357510089874,0.8299862146377563,0.2596738934516907,0.5254685282707214,1.5122672319412231,-0.26370853185653687,0.2819617688655853,1.4016573429107666,-0.21078386902809143,-0.2287069708108902,-0.034574031829833984,0.3401569128036499,-0.24233517050743103,-0.20341184735298157,0.015870049595832825,-0.17402276396751404,0.7938840985298157,-0.13081471621990204,0.07210481911897659,-0.014336545020341873,-0.11140567809343338,-0.21537524461746216,-0.21712255477905273,-0.08953709900379181,0.15001165866851807,1.495115876197815,1.4635088443756104,-0.08184985816478729,-0.20378753542900085,-0.2626003921031952,1.513047456741333,0.3472456932067871,-0.21981029212474823,0.8997226357460022,0.6890086531639099,-0.17111678421497345,-0.21097712218761444,0.7545497417449951,-0.24788197875022888,0.45622143149375916,2.0917270183563232,1.891650915145874,-0.27535611391067505,1.018381953239441,-0.1926746517419815,-0.21552078425884247,1.8604589700698853,-0.2091495543718338,0.04209958016872406,-0.0873630940914154,0.09713124483823776,-0.26240089535713196,0.09649811685085297,0.6725478768348694,0.0035629794001579285,-0.22424140572547913,0.5011020302772522,0.22172114253044128,0.09619750082492828,0.004610732197761536,-0.25928840041160583,0.6826818585395813,-0.14978408813476562,-0.2419518083333969,-0.19682419300079346,-0.2670239210128784,0.35748207569122314,-0.10100506246089935,-0.17532069981098175,-0.2752974331378937,-0.15426482260227203,-0.21051451563835144,-0.27682065963745117,0.03284201771020889,-0.27770864963531494,-0.21217134594917297,-0.04790407791733742,-0.1712646782398224,0.5675427913665771,-0.2114027738571167,-0.1319884955883026,-0.19283628463745117,-0.22647447884082794,1.4101123809814453,-0.14841212332248688,0.22233302891254425,-0.08598475158214569,-0.14255347847938538,0.4807546138763428,-0.006111019290983677,0.05283483862876892,0.30786627531051636,-0.17825095355510712,-0.27330923080444336,0.2974359691143036,0.11485421657562256,-0.16494278609752655,-0.01939711719751358,0.3176034092903137,0.4221891760826111,-0.12289056181907654,0.20158815383911133,0.15194900333881378,-0.12824662029743195,0.44833576679229736,0.10458867251873016,0.17545154690742493,-0.1582765430212021,0.15623506903648376,-0.18116918206214905,-0.057199180126190186
100,440,741,486,782,1.3115893602371216,-0.22519777715206146,-0.02719690464437008,1.1535754203796387,-0.22144556045532227,-0.2699347734451294,0.5745030045509338,-0.10886719077825546,-0.2628370225429535,-0.23833481967449188,0.25495269894599915,-0.25043991208076477,-0.03400339558720589,0.3594028055667877,0.914097011089325,-0.1075856164097786,-0.16107530891895294,0.9476265907287598,0.12295079231262207,0.43667614459991455,0.7992505431175232,0.1820114403963089,0.3507324159145355,0.5520527958869934,-0.06343807280063629,0.49616459012031555,-0.17047977447509766,0.07067296653985977,0.6624229550361633,0.2731914520263672,-0.2326698750257492,0.30704909563064575,-0.025334017351269722,0.5290945768356323,-0.15218570828437805,0.19998645782470703,-0.08143549412488937,0.3316631019115448,-0.07997383922338486,0.06082690879702568,0.7009937167167664,0.08870867639780045,0.02279874123632908,0.7781283259391785,0.1827227622270584,0.11956439167261124,-0.023239364847540855,0.8949809670448303,0.10408439487218857,0.11175582557916641,0.47826075553894043,0.6461159586906433,0.696765661239624,-0.26074254512786865,-0.1498841643333435,0.010516147129237652,0.927974283695221,0.48448896408081055,0.6827282905578613,-0.21012943983078003,0.3830637037754059,0.3995664119720459,-0.010211470536887646,0.8661965727806091,0.5106101632118225,-0.033912789076566696,-0.1497000902891159,0.6479663252830505,0.33023276925086975,0.254162073135376,1.0128053426742554,0.6014537215232849,-0.057601675391197205,0.21388931572437286,-0.15455982089042664,0.12147416919469833,0.5599269270896912,-0.05320822075009346,0.06786767393350601,0.25868916511535645,-0.09685830026865005,-0.11832264065742493,-0.26976022124290466,-0.12512752413749695,0.40382441878318787,-0.1480010598897934,-0.16992218792438507,-0.13630545139312744,0.290997713804245,-0.2589949667453766,0.2190699577331543,-0.03461957350373268,0.4925276041030884,-0.18243664503097534,-0.007563551422208548,-0.03874606266617775,-0.26755985617637634,0.3533604145050049,-0.2400960475206375,-0.1048857644200325,0.7005548477172852,0.14182168245315552,0.03016316331923008,0.333841472864151,0.10203532129526138,0.4189722239971161,-0.03001619689166546,0.1584450602531433,-0.17162704467773438,-0.07469422370195389,1.382715106010437,0.4619493782520294,-0.04546988382935524,0.1618528813123703,0.2207411527633667,0.2334425300359726,0.5681924223899841,-0.08003606647253036,0.3484675884246826,0.0004374980926513672,-0.1496923416852951,0.5444417595863342,-0.1281525194644928,0.5461497902870178,0.1063230037689209,0.03323611989617348,0.014993362128734589,-0.0783834233880043
