id,x0,y0,x1,y1,f0,f1,f2,f3,f4,f5,f6,f7,f8,f9,f10,f11,f12,f13,f14,f15,f16,f17,f18,f19,f20,f21,f22,f23,f24,f25,f26,f27,f28,f29,f30,f31,f32,f33,f34,f35,f36,f37,f38,f39,f40,f41,f42,f43,f44,f45,f46,f47,f48,f49,f50,f51,f52,f53,f54,f55,f56,f57,f58,f59,f60,f61,f62,f63,f64,f65,f66,f67,f68,f69,f70,f71,f72,f73,f74,f75,f76,f77,f78,f79,f80,f81,f82,f83,f84,f85,f86,f87,f88,f89,f90,f91,f92,f93,f94,f95,f96,f97,f98,f99,f100,f101,f102,f103,f104,f105,f106,f107,f108,f109,f110,f111,f112,f113,f114,f115,f116,f117,f118,f119,f120,f121,f122,f123,f124,f125,f126,f127
0,638,382,698,440,0.6168971061706543,-0.15164341032505035,0.5539262294769287,1.050531268119812,-0.20424816012382507,-0.19246146082878113,0.1684633493423462,-0.172643780708313,-0.2026963233947754,-0.24005049467086792,0.27906960248947144,0.2889518439769745,-0.0710754543542862,0.1973860114812851,0.28147321939468384,-0.17053917050361633,-0.1564142256975174,-0.18485167622566223,0.48500561714172363,-0.10598345100879669,-0.06348762661218643,0.13092949986457825,0.4748765826225281,0.08618636429309845,0.17484092712402344,0.15976397693157196,-0.18489986658096313,-0.15623264014720917,0.5267344117164612,0.20329920947551727,-0.10488852858543396,-0.18270695209503174,-0.054853152483701706,0.32001376152038574,-0.10291395336389542,-0.09002381563186646,-0.22313138842582703,0.3794238567352295,-0.1616075038909912,0.35109156370162964,-0.25827035307884216,-0.18426094949245453,0.2113591432571411,0.46812090277671814,0.0878438875079155,-0.20117521286010742,-0.2082442343235016,0.4927775263786316,0.34399041533470154,0.4463030695915222,0.3437136113643646,0.013138916343450546,0.4956541061401367,-0.2232401967048645,1.154711127281189,-0.10059739649295807,-0.05076642334461212,0.12972375750541687,0.5578515529632568,-0.16238832473754883,0.45957598090171814,0.5955941677093506,-0.17441409826278687,0.010680161416530609,0.3037123680114746,0.012092419900000095,-0.01061986293643713,0.26773422956466675,0.04012603685259819,0.7809340953826904,0.5877291560173035,-0.18765494227409363,0.00750224944204092,0.21065890789031982,-0.2221730351448059,-0.05073319748044014,0.506956160068512,-0.1544773131608963,-0.10388714075088501,-0.2565588653087616,0.14036796987056732,-0.19449137151241302,-0.2721097469329834,0.6840829849243164,-0.022925809025764465,0.3893623948097229,-0.2335258424282074,-0.21092484891414642,0.23021773993968964,-0.25870323181152344,-0.12828931212425232,0.19314169883728027,0.23972409963607788,-0.26224759221076965,0.33151915669441223,-0.18792282044887543,-0.23904141783714294,-0.13610801100730896,-0.17985351383686066,0.17594069242477417,0.03337413817644119,0.05334603413939476,0.1278696358203888,0.6584059000015259,0.10475151240825653,0.4379194676876068,0.05754750221967697,0.08548210561275482,-0.06464701145887375,-0.11760503053665161,0.28832921385765076,-0.2016817182302475,0.4663553535938263,-0.13500335812568665,0.5981074571609497,-0.1345846951007843,0.9297018647193909,-0.17420777678489685,-0.24626415967941284,-0.027845095843076706,-0.1565898060798645,0.20622868835926056,0.12595173716545105,0.48152461647987366,-0.11816587299108505,0.8812299966812134,-0.06548024713993073,-0.20538261532783508
1,619,335,678,392,0.5540561079978943,-0.1407950520515442,0.4186471104621887,1.0552457571029663,-0.2169720083475113,-0.2189372479915619,0.07861264795064926,-0.09777134656906128,-0.2528730034828186,-0.2384844720363617,0.28221628069877625,-0.02057100087404251,0.031131181865930557,0.19860447943210602,0.2138608694076538,-0.12383289635181427,-0.15669338405132294,-0.17706380784511566,0.21637018024921417,-0.04387487471103668,-0.06904270499944687,0.07466199994087219,0.5677766799926758,0.01664682850241661,0.20300254225730896,0.10755878686904907,-0.16371558606624603,-0.19372476637363434,0.3815279006958008,0.31880778074264526,-0.05485845357179642,-0.1976623237133026,-0.06839390099048615,0.2694978415966034,-0.12721221148967743,-0.1460713893175125,-0.22521954774856567,0.417033851146698,-0.18620820343494415,0.13003380596637726,-0.26099973917007446,-0.18070602416992188,0.0854324996471405,0.3335781693458557,0.06982225179672241,-0.18049076199531555,-0.18306580185890198,0.44048911333084106,0.16361311078071594,0.3214077353477478,0.3589814305305481,-0.05118395760655403,0.5144658088684082,-0.2227228283882141,0.8337191343307495,-0.20644459128379822,-0.08150333166122437,0.07034008949995041,0.5097758173942566,-0.201912522315979,0.2707065939903259,0.6879788637161255,-0.13094906508922577,-0.03984881937503815,0.24054589867591858,0.024901237338781357,-0.08085785806179047,0.32811421155929565,-0.023996809497475624,0.6419869065284729,0.5722142457962036,-0.1982760727405548,-0.01138661615550518,0.0744512602686882,-0.1769481599330902,-0.0822136402130127,0.3254852592945099,-0.14115473628044128,-0.15825629234313965,-0.26067593693733215,0.16145049035549164,-0.18975360691547394,-0.2742265462875366,0.39483174681663513,-0.06560228765010834,0.3189249634742737,-0.19356144964694977,-0.23139429092407227,0.2881886065006256,-0.2488245666027069,-0.11402592062950134,0.24625098705291748,0.3125796318054199,-0.26004284620285034,0.14311891794204712,-0.1962904930114746,-0.23047131299972534,-0.08495946228504181,-0.19565363228321075,0.1742134392261505,0.02482866309583187,0.11901161819696426,0.09984974563121796,0.5068219900131226,0.08674901723861694,0.3631066381931305,0.10098649561405182,-0.029302293434739113,-0.041903555393218994,-0.07974565029144287,0.1872844099998474,-0.1999368518590927,0.2733391523361206,-0.15700724720954895,0.5594804883003235,-0.16257470846176147,0.762205958366394,-0.1836516559123993,-0.23659315705299377,-0.037637144327163696,-0.1579207479953766,0.29667899012565613,0.017247077077627182,0.42049938440322876,-0.11368122696876526,0.5452054738998413,-0.1322198063135147,-0.2034224569797516
2,395,571,434,609,0.561743438243866,-0.21572571992874146,0.03902595117688179,0.9813022613525391,-0.20821428298950195,-0.016135739162564278,0.2488270401954651,-0.1717054694890976,-0.1788317859172821,-0.2622913718223572,0.23034964501857758,-0.25003910064697266,0.031439006328582764,0.19382816553115845,0.530920684337616,-0.21396614611148834,-0.12036938220262527,-0.044865820556879044,0.09435734152793884,-0.039180416613817215,0.0476846769452095,0.08311334252357483,0.4186543822288513,0.3678508996963501,0.08840370178222656,0.16229498386383057,-0.1557692587375641,-0.18353651463985443,0.4226699471473694,0.42608264088630676,-0.15585173666477203,-0.13912293314933777,-0.09444647282361984,0.1712619662284851,-0.15339075028896332,-0.17429138720035553,-0.24060072004795074,0.14513400197029114,-0.17295874655246735,0.08289353549480438,-0.26425033807754517,-0.21353745460510254,-0.02281523123383522,0.1509975641965866,0.14045125246047974,-0.18547815084457397,-0.17800985276699066,0.360284686088562,0.24043872952461243,0.25302019715309143,0.48074764013290405,0.2592148184776306,0.36980175971984863,-0.24233780801296234,1.1247506141662598,-0.2568519413471222,-0.10788770765066147,0.06257680803537369,0.7091977000236511,-0.18882392346858978,0.2559164762496948,0.4140757918357849,-0.16276347637176514,-0.18975621461868286,0.2074144035577774,-0.07332909107208252,0.19693395495414734,0.2446122169494629,-0.018151745200157166,0.49928030371665955,0.4643091559410095,-0.22507068514823914,-0.021238310262560844,0.10018273442983627,-0.10656669735908508,-0.13025374710559845,0.5390757322311401,-0.14661866426467896,-0.19250360131263733,-0.1819332242012024,0.17348617315292358,-0.2349509596824646,-0.27615925669670105,0.38577258586883545,0.4704623222351074,0.10289303213357925,-0.19738608598709106,-0.17435230314731598,0.16830651462078094,-0.20411065220832825,-0.22080808877944946,0.17094840109348297,0.12718844413757324,-0.25294506549835205,0.021218610927462578,-0.14430059492588043,-0.2064475119113922,0.048659153282642365,-0.23965710401535034,0.21777616441249847,0.40615400671958923,0.16800689697265625,-0.03162278234958649,0.45275354385375977,-0.09674660116434097,0.18255800008773804,0.008599283173680305,0.25649645924568176,-0.1292007863521576,-0.0839126855134964,0.09864446520805359,-0.21222996711730957,-0.01949637569487095,0.04295269772410393,0.4747638702392578,-0.19425290822982788,0.6828770041465759,-0.2448873519897461,-0.2372743785381317,-0.050784096121788025,-0.10414060950279236,0.269466757774353,0.30674535036087036,0.5949709415435791,-0.12099962681531906,0.8402047753334045,-0.11668404191732407,-0.2074056714773178
3,569,165,621,216,0.5835307240486145,-0.181071475148201,0.48663124442100525,1.0146156549453735,-0.24527692794799805,-0.20627059042453766,0.15759094059467316,-0.15243689715862274,-0.2564485967159271,-0.23745080828666687,0.25246763229370117,-0.10167726129293442,0.08694668859243393,0.27785012125968933,0.2252342700958252,-0.16198141872882843,-0.10331758111715317,-0.20100055634975433,0.43928447365760803,-0.045023005455732346,0.06626680493354797,-0.006452944595366716,0.4998178482055664,0.20559710264205933,0.10470198839902878,0.22656382620334625,-0.09590303152799606,-0.20473118126392365,0.4528978168964386,0.18869702517986298,-0.0802016630768776,-0.19998425245285034,-0.011039367876946926,0.4287787079811096,-0.12050320208072662,-0.006789017003029585,-0.2349449247121811,0.3781813681125641,-0.1961670070886612,0.1887809783220291,-0.2479371726512909,-0.19264690577983856,0.31216156482696533,0.45154672861099243,0.36698615550994873,-0.21454212069511414,-0.1843375265598297,0.47494029998779297,0.31030991673469543,0.4198017120361328,0.40769121050834656,-0.02051542140543461,0.5489034652709961,-0.2261325567960739,0.8387634754180908,-0.16096724569797516,0.03856077417731285,0.10932721942663193,0.6672396063804626,-0.20126520097255707,0.32909640669822693,0.8085483312606812,-0.12721708416938782,0.01776062697172165,0.4053858518600464,-0.03234570473432541,0.07199537009000778,0.2656181752681732,0.02027764543890953,0.6835783123970032,0.6925827264785767,-0.13764342665672302,-0.08586127310991287,0.22220446169376373,-0.19541803002357483,-0.0466955304145813,0.29020169377326965,-0.14036594331264496,-0.16871659457683563,-0.2486553192138672,0.08028420805931091,-0.1894482970237732,-0.27319663763046265,0.502580463886261,-0.12005928158760071,0.23460613191127777,-0.25963103771209717,-0.23073291778564453,0.22160111367702484,-0.22297392785549164,-0.12359730154275894,0.17375700175762177,0.16136819124221802,-0.2547144293785095,0.38994893431663513,-0.19641998410224915,-0.24084652960300446,0.08054375648498535,-0.19586889445781708,0.17900311946868896,0.192718505859375,0.15542790293693542,0.14303843677043915,0.6186741590499878,0.021183133125305176,0.27740490436553955,0.06975243985652924,0.11805573850870132,-0.09024366736412048,-0.02585029974579811,0.3836174011230469,-0.18219134211540222,0.22298425436019897,-0.15860489010810852,0.6446040272712708,-0.17790552973747253,1.03043532371521,-0.21436800062656403,-0.22315628826618195,-0.1241498664021492,-0.1635299026966095,0.23431508243083954,0.14829882979393005,0.5358977913856506,-0.09187202900648117,0.8923075199127197,-0.1551668345928192,-0.21281206607818604
4,428,159,468,198,0.6544486284255981,-0.18618164956569672,0.2988191545009613,1.0048022270202637,-0.2609732747077942,0.02815159223973751,0.18612104654312134,-0.1299053430557251,-0.05996789038181305,-0.23546528816223145,0.30692926049232483,-0.2162390947341919,0.015960097312927246,0.31891223788261414,0.3634432852268219,-0.16974762082099915,-0.13600638508796692,-0.18438798189163208,0.15362747013568878,-0.04891365393996239,-0.049403417855501175,0.2090337574481964,0.3994418978691101,-0.06302960962057114,0.19277256727218628,0.11668627709150314,-0.10538014024496078,-0.14368772506713867,0.3343215584754944,0.30082422494888306,-0.16967183351516724,-0.18807382881641388,-0.10159527510404587,0.296803742647171,-0.12282256036996841,-0.14810554683208466,-0.2302352637052536,0.034245166927576065,-0.12819801270961761,-0.02033974789083004,-0.2603445053100586,-0.1929047554731369,0.11734538525342941,0.1826648861169815,0.235093355178833,-0.20176680386066437,-0.16959863901138306,0.4900619685649872,0.2031644731760025,0.18655294179916382,0.45264244079589844,0.3089456260204315,0.4386853575706482,-0.22094739973545074,0.980694055557251,-0.25374382734298706,0.029337486252188683,0.07246082276105881,0.8570616245269775,-0.2080381214618683,0.11754126101732254,0.627308189868927,-0.12486761063337326,-0.18448437750339508,0.2954312860965729,-0.0640626773238182,0.3282797634601593,0.22356107831001282,-0.10050562024116516,0.4522973299026489,0.6260201334953308,-0.20441259443759918,-0.09450622648000717,0.054460909217596054,-0.062036581337451935,-0.14292605221271515,0.5146441459655762,-0.15965121984481812,-0.1510937660932541,-0.21288728713989258,0.20539751648902893,-0.2118961215019226,-0.2753145098686218,0.22758324444293976,0.006711302325129509,0.05431802570819855,-0.13705822825431824,-0.21837669610977173,0.11813494563102722,-0.1962149739265442,-0.19193413853645325,0.1805025190114975,0.17763075232505798,-0.2582625150680542,0.21738716959953308,-0.1205611526966095,-0.22461441159248352,0.020265642553567886,-0.2389274686574936,0.2100994884967804,0.2928597331047058,0.1893787384033203,0.0937102660536766,0.4503667652606964,0.06773694604635239,0.20842917263507843,0.054728057235479355,0.34290099143981934,-0.1344560980796814,-0.06301899999380112,0.2515508532524109,-0.19393087923526764,0.024472113698720932,-0.10200006514787674,0.42877164483070374,-0.20232105255126953,0.4555499851703644,-0.24599607288837433,-0.2207336574792862,0.020731071010231972,-0.14313216507434845,0.29965388774871826,0.27719685435295105,0.6147183775901794,-0.1263750195503235,0.5424756407737732,-0.16295209527015686,-0.21610966324806213
5,753,539,807,592,0.4081582725048065,-0.17520685493946075,0.2542353570461273,1.0363928079605103,-0.16354726254940033,-0.2046840637922287,0.24293361604213715,-0.1531912237405777,-0.23459221422672272,-0.23783515393733978,0.19654534757137299,-0.023259257897734642,-0.005336245056241751,0.04420757666230202,0.14916424453258514,-0.1750381588935852,-0.19475269317626953,-0.12160834670066833,0.12751810252666473,-0.0883498415350914,-0.0415300577878952,0.04222700372338295,0.46383559703826904,0.18452991545200348,0.1357882022857666,0.12009269744157791,-0.19135089218616486,-0.17901094257831573,0.37021008133888245,0.21679902076721191,-0.09315375238656998,-0.240219846367836,-0.09453084319829941,0.2506875991821289,-0.13416247069835663,-0.20099414885044098,-0.21496184170246124,0.21969513595104218,-0.20525915920734406,0.2615238130092621,-0.25731921195983887,-0.1756705492734909,0.0970301404595375,0.16975867748260498,0.01726905070245266,-0.19247014820575714,-0.17486976087093353,0.44429826736450195,0.3963899612426758,0.4248507022857666,0.3377119302749634,-0.05496540293097496,0.45793989300727844,-0.2199152261018753,0.848842442035675,-0.1539827138185501,-0.15871965885162354,0.009885300882160664,0.4949394166469574,-0.20103852450847626,0.31840941309928894,0.6154295206069946,-0.1647852212190628,-0.11457580327987671,0.1017812117934227,-0.12044920772314072,0.012432686984539032,0.19439780712127686,0.036276884377002716,0.7432318329811096,0.5274934768676758,-0.21423937380313873,-0.022100770846009254,0.19745254516601562,-0.2134474664926529,-0.06100490316748619,0.36906078457832336,-0.18220341205596924,-0.12695744633674622,-0.22638766467571259,0.183318093419075,-0.2023382931947708,-0.2744101285934448,0.5540004968643188,0.12180715054273605,0.27002623677253723,-0.24127143621444702,-0.2073843628168106,0.16426090896129608,-0.22271867096424103,-0.18794231116771698,0.27193483710289,0.2708682119846344,-0.2558676302433014,0.2319244146347046,-0.1877826303243637,-0.22915823757648468,-0.09216944128274918,-0.18566305935382843,0.17792266607284546,-0.07510461658239365,0.07558653503656387,0.024282045662403107,0.5987595319747925,-0.04239538311958313,0.39369964599609375,0.05652020499110222,0.24103529751300812,-0.11993653327226639,-0.0978621318936348,0.17788785696029663,-0.20716209709644318,0.35453465580940247,-0.11231303960084915,0.5413966774940491,-0.15873000025749207,0.851266086101532,-0.1529860645532608,-0.2481047511100769,0.007617751602083445,-0.140900656580925,0.15790022909641266,0.12305765599012375,0.5513166785240173,-0.11476834863424301,0.7273282408714294,-0.14837713539600372,-0.21471820771694183
6,118,531,161,573,0.529137134552002,-0.21074461936950684,0.4001785218715668,0.9514039158821106,-0.20949780941009521,-0.05942772701382637,0.16617409884929657,-0.17601178586483002,-0.21967899799346924,-0.2501833438873291,0.25657060742378235,-0.12025142461061478,-0.14459912478923798,0.6667926907539368,0.22267426550388336,-0.19738227128982544,-0.1979905366897583,-0.1695328950881958,0.02361108921468258,-0.04161591827869415,-0.15783536434173584,0.1530662477016449,0.4102294445037842,0.13915817439556122,0.08608613163232803,0.30162015557289124,-0.14959579706192017,-0.21076162159442902,0.28833338618278503,0.2880995273590088,-0.13513495028018951,-0.2078121453523636,0.04153278470039368,0.2131318897008896,-0.14431223273277283,-0.156538188457489,-0.2447485476732254,0.3022952973842621,-0.2509753704071045,0.194363534450531,-0.2680371105670929,-0.21266603469848633,0.057340849190950394,0.24208895862102509,0.006162166595458984,-0.15724827349185944,-0.19508963823318481,0.4557560682296753,0.23114395141601562,0.3835656940937042,0.5360437035560608,0.16101448237895966,0.5118531584739685,-0.2356782704591751,1.1773377656936646,-0.02047453261911869,0.05046061798930168,-0.11452686786651611,0.6842665076255798,-0.20944805443286896,0.18327516317367554,0.2972787320613861,-0.12398091703653336,-0.11477136611938477,0.4672560393810272,-0.1719697266817093,0.2506677806377411,0.3399718701839447,-0.12708301842212677,0.5087782740592957,0.40833398699760437,-0.22226978838443756,-0.048294857144355774,0.019995838403701782,-0.12032514810562134,-0.1413450390100479,0.3453282415866852,-0.1824677437543869,-0.1259366124868393,-0.18913763761520386,0.2103518843650818,-0.19838345050811768,-0.25907108187675476,0.6902663111686707,-0.0053712897934019566,0.28940504789352417,-0.20149166882038116,-0.1553245335817337,0.3316766321659088,-0.1996750831604004,-0.12926387786865234,0.13797569274902344,0.10056791454553604,-0.23007239401340485,0.7953667640686035,-0.18486559391021729,-0.22312696278095245,-0.18437546491622925,-0.20267748832702637,0.3108339309692383,0.2845142185688019,-0.025810346007347107,0.09333144873380661,0.6173072457313538,-0.09210225194692612,0.22950315475463867,0.10099615901708603,0.6706387996673584,-0.14441627264022827,-0.18331748247146606,0.43718084692955017,-0.23962891101837158,0.3418869078159332,0.07579195499420166,0.49116185307502747,-0.20604126155376434,0.5256803035736084,-0.14902843534946442,-0.2257266789674759,0.11242475360631943,-0.13175378739833832,0.13647127151489258,0.622769296169281,0.6824668049812317,-0.17829281091690063,0.8633081912994385,-0.09817439317703247,-0.2258695811033249
7,498,242,540,283,0.5596100687980652,-0.19605639576911926,0.2717876434326172,0.9409079551696777,-0.1646231710910797,-0.18803194165229797,0.06033904477953911,-0.19662059843540192,-0.2567567825317383,-0.24372032284736633,0.3732380270957947,-0.16624748706817627,-0.16949783265590668,0.7055271863937378,0.19223935902118683,-0.21535666286945343,-0.2122294306755066,-0.24454405903816223,0.03447803482413292,0.06084989011287689,-0.17546135187149048,0.3723958730697632,0.15487591922283173,0.02398158609867096,0.277320921421051,0.3253011107444763,-0.1018783301115036,-0.1419350504875183,0.1652539074420929,0.023816466331481934,-0.20482365787029266,-0.23820903897285461,0.04160276800394058,0.17988798022270203,-0.13389113545417786,-0.12885425984859467,-0.22528132796287537,0.02413443848490715,-0.24574333429336548,0.15112429857254028,-0.25230175256729126,-0.18978004157543182,0.010396517813205719,0.03736903890967369,-0.14117571711540222,-0.1748325526714325,-0.20272080600261688,0.53436279296875,0.4265671968460083,0.11767449975013733,0.6559743881225586,0.14253020286560059,0.1459953486919403,-0.16619618237018585,1.293657898902893,-0.19976481795310974,0.11855337768793106,0.019153162837028503,0.7182559967041016,-0.2093760073184967,0.10314802080392838,0.24641408026218414,-0.08102518320083618,-0.17599141597747803,0.2571243643760681,-0.21691133081912994,0.019228171557188034,0.20614522695541382,-0.13460169732570648,0.48421865701675415,0.5332376956939697,-0.17845527827739716,-0.20346558094024658,0.013503067195415497,-0.00810861587524414,-0.2029513120651245,0.33867961168289185,-0.2665501832962036,0.06716793775558472,-0.21324649453163147,0.19127140939235687,-0.21149757504463196,-0.2711440324783325,1.3024345636367798,-0.04746127501130104,0.34034955501556396,-0.247473806142807,-0.1805763989686966,0.170507550239563,-0.20122472941875458,-0.17963367700576782,0.06031092256307602,0.1514234095811844,-0.22647342085838318,1.2704274654388428,-0.18494407832622528,-0.25139766931533813,-0.16561312973499298,-0.20228850841522217,0.23279798030853271,0.15513038635253906,-0.14605571329593658,0.08321715146303177,0.4899534285068512,-0.2360762059688568,0.3215668201446533,0.016726840287446976,1.2856662273406982,-0.2109302580356598,-0.0489959716796875,0.35736700892448425,-0.21655970811843872,0.18943944573402405,-0.1616915762424469,0.648212194442749,-0.2242170125246048,0.15743346512317657,-0.20817510783672333,-0.23273542523384094,0.1345895230770111,-0.12305915355682373,0.15432223677635193,0.5731198787689209,0.4889547526836395,-0.20000764727592468,0.8373492360115051,-0.10238303244113922,-0.24549999833106995
8,184,465,226,506,0.4583348333835602,-0.20072877407073975,0.39607325196266174,0.9487364888191223,-0.18183644115924835,-0.11807304620742798,0.16736014187335968,-0.21517698466777802,-0.2326778620481491,-0.2659284770488739,0.25035935640335083,-0.15408898890018463,-0.09329823404550552,0.4371783435344696,0.2574552595615387,-0.18785762786865234,-0.12031913548707962,-0.25417158007621765,0.40402400493621826,-0.016263529658317566,-0.13360343873500824,0.005026006605476141,0.3494495451450348,0.07007616013288498,0.3283977806568146,0.3809971809387207,-0.12834598124027252,-0.22829407453536987,0.1353011578321457,0.20217889547348022,-0.17078173160552979,-0.2546819746494293,0.008289297111332417,0.2904781997203827,-0.1451045721769333,-0.08195023238658905,-0.2529945969581604,0.12761318683624268,-0.2546069324016571,0.03160671517252922,-0.25224244594573975,-0.22559873759746552,0.16585630178451538,0.13783852756023407,0.10823940485715866,-0.1774393916130066,-0.22656960785388947,0.45073023438453674,0.30285024642944336,0.3681260049343109,0.5866343379020691,0.15132568776607513,0.3893309533596039,-0.21380753815174103,1.1122403144836426,-0.12479335814714432,0.26612141728401184,0.020641682669520378,0.8044697642326355,-0.2096463292837143,0.39204514026641846,0.2984994351863861,-0.07524409145116806,-0.06398215144872665,0.10863661766052246,-0.18525898456573486,0.3771871030330658,0.19558513164520264,-0.10954239964485168,0.5606086254119873,0.42413458228111267,-0.20623354613780975,-0.12433920055627823,-0.03276289626955986,-0.07960207015275955,-0.1235794648528099,0.4483913481235504,-0.19617529213428497,-0.2073979526758194,-0.2077573984861374,0.055668462067842484,-0.24143831431865692,-0.25852957367897034,0.5964846611022949,-0.010180038399994373,0.18593092262744904,-0.2340707778930664,-0.15916794538497925,0.15565933287143707,-0.20284171402454376,-0.2166355401277542,0.14011910557746887,-0.020001346245408058,-0.23593799769878387,0.8388208746910095,-0.15695081651210785,-0.22797758877277374,-0.19846105575561523,-0.22953657805919647,0.25282034277915955,0.4082147777080536,0.02086656354367733,0.07259012758731842,0.5397228598594666,-0.14148831367492676,0.22005607187747955,-0.0878542885184288,0.6953320503234863,-0.06722384691238403,-0.1342608779668808,0.45473742485046387,-0.235695481300354,0.3281863033771515,0.0046922885812819,0.5413454174995422,-0.2103796750307083,0.6244828104972839,-0.1496351957321167,-0.21947352588176727,-0.037788473069667816,-0.13373909890651703,0.17521922290325165,0.5584261417388916,0.8572627902030945,-0.1816728115081787,0.9500131607055664,-0.16337119042873383,-0.2315264791250229
9,527,594,571,638,0.24723778665065765,-0.21757084131240845,0.14623452723026276,0.9697844386100769,-0.19374185800552368,0.06332386285066605,0.44893333315849304,-0.21821407973766327,0.2749740183353424,-0.22838596999645233,0.08183719217777252,-0.20441515743732452,-0.12824127078056335,0.40584802627563477,0.3311740458011627,-0.24724368751049042,-0.15617509186267853,-0.19003517925739288,0.35802730917930603,-0.06284797191619873,-0.16990278661251068,-0.014558847062289715,0.36916685104370117,0.7310808300971985,0.20517821609973907,1.1244906187057495,-0.13574601709842682,-0.2045615166425705,0.6067525148391724,0.32953712344169617,-0.09080406278371811,-0.18845470249652863,0.3273376226425171,0.18488693237304688,-0.16505290567874908,-0.09248166531324387,-0.2105637639760971,0.42725953459739685,0.04783638194203377,0.1988651305437088,-0.16722016036510468,-0.17906807363033295,-0.0834352970123291,0.28275102376937866,-0.024232158437371254,0.06545186042785645,-0.17661382257938385,1.2836424112319946,0.1986587792634964,0.3713855445384979,0.48140788078308105,0.1255294531583786,0.4452950060367584,-0.13164006173610687,1.3965636491775513,-0.18371200561523438,0.10779738426208496,0.07930278778076172,1.1076339483261108,-0.24601154029369354,0.6606268286705017,-0.1874953955411911,-0.12889225780963898,0.13438232243061066,0.040181949734687805,-0.19350002706050873,0.8756185173988342,0.044134218245744705,0.041519731283187866,-0.019698521122336388,0.36791229248046875,-0.1926378756761551,-0.16890227794647217,0.27909907698631287,-0.13313855230808258,-0.10613200068473816,0.9188778400421143,-0.2179478406906128,0.2886030972003937,-0.14972296357154846,0.11350017786026001,-0.2202802151441574,-0.24749666452407837,1.5456352233886719,0.8517107367515564,-0.0945538580417633,-0.19179101288318634,-0.061259925365448,0.5303972959518433,-0.1724817305803299,-0.1560669094324112,0.01754319667816162,0.4843999445438385,-0.2419111281633377,1.0221465826034546,-0.14097660779953003,-0.16752587258815765,-0.15012846887111664,-0.24415099620819092,0.1770535707473755,0.49998489022254944,-0.17387019097805023,0.06139310821890831,0.6423036456108093,0.06424131989479065,0.33165207505226135,-0.12631723284721375,0.7533710598945618,0.15111596882343292,-0.19165973365306854,0.3480941355228424,-0.20813703536987305,0.2682528793811798,0.1305515170097351,0.5520201325416565,-0.13839466869831085,0.5923762321472168,-0.11866254359483719,-0.2274142950773239,0.25123992562294006,-0.03612230345606804,0.48609432578086853,0.3814568519592285,0.550015926361084,-0.22790710628032684,1.7216421365737915,-0.008838909678161144,-0.2314559668302536
10,601,627,651,677,0.5042577385902405,-0.17969171702861786,0.35923394560813904,1.0130534172058105,-0.22424793243408203,-0.16379541158676147,0.18611837923526764,-0.1769358366727829,-0.2634291648864746,-0.25039178133010864,0.2700374126434326,0.04207213968038559,-0.026507146656513214,0.364641934633255,0.20135793089866638,-0.18366186320781708,-0.02476782351732254,-0.15735818445682526,0.3850640654563904,-0.10390076041221619,-0.0917406752705574,0.01921498402953148,0.4762638807296753,0.07539578527212143,0.07684136182069778,0.20411425828933716,-0.13670103251934052,-0.2162289321422577,0.43687111139297485,0.2829602062702179,-0.11391496658325195,-0.19662301242351532,-0.06775254011154175,0.3170466423034668,-0.1341085135936737,-0.10864180326461792,-0.22799918055534363,0.2487102895975113,-0.22862376272678375,0.12355388700962067,-0.26035255193710327,-0.19903376698493958,0.09155648201704025,0.3051517903804779,0.22232358157634735,-0.20141686499118805,-0.21083715558052063,0.41889476776123047,0.2548472285270691,0.41689831018447876,0.33207622170448303,0.03719811886548996,0.4558875262737274,-0.22384241223335266,0.7747650146484375,-0.05691250041127205,-0.07750984281301498,0.0038089288864284754,0.5368683338165283,-0.19638508558273315,0.22614240646362305,0.6558182239532471,-0.16765925288200378,0.009064335376024246,0.4405347406864166,-0.003946172073483467,0.18420857191085815,0.3028138279914856,-0.041655704379081726,0.703673779964447,0.6136305928230286,-0.19015659391880035,-0.07437090575695038,0.04437701404094696,-0.20310355722904205,-0.05066624656319618,0.3989342153072357,-0.16095055639743805,-0.11506360024213791,-0.25170373916625977,0.021968405693769455,-0.2114832103252411,-0.2756517231464386,0.4744371771812439,0.021042563021183014,0.36025652289390564,-0.24237945675849915,-0.2043115198612213,0.1386544108390808,-0.23147259652614594,-0.1529865264892578,0.23653753101825714,0.110924132168293,-0.25521236658096313,0.19266991317272186,-0.1810312718153,-0.23331955075263977,-0.07738032191991806,-0.20760519802570343,0.21616511046886444,0.13325394690036774,0.08726123720407486,0.09356138855218887,0.6141455769538879,0.1614314168691635,0.22831811010837555,0.01737268455326557,0.07505694031715393,-0.09818273037672043,-0.035365816205739975,0.3758960962295532,-0.21732157468795776,0.1892702579498291,-0.10822872072458267,0.5343120694160461,-0.18253546953201294,0.9080584049224854,-0.23238505423069,-0.24613288044929504,-0.0593956783413887,-0.14408397674560547,0.19061116874217987,0.13341543078422546,0.5643361806869507,-0.12995067238807678,0.9854807257652283,-0.10244647413492203,-0.21607249975204468
11,218,374,265,421,0.7230115532875061,-0.1825602948665619,0.588608980178833,0.984356164932251,-0.2137451469898224,-0.21121931076049805,0.2739042639732361,-0.2247474193572998,-0.1617342084646225,-0.24710117280483246,0.5717376470565796,-0.12411657720804214,-0.11752647906541824,0.34664952754974365,0.3323696553707123,-0.21444068849086761,-0.12308381497859955,-0.009026224724948406,0.3380812406539917,-0.07754634320735931,-0.06767560541629791,0.06208203732967377,0.42212793231010437,0.13823360204696655,-0.06669819355010986,0.2691185772418976,-0.16281752288341522,-0.15862005949020386,1.0240675210952759,0.15685266256332397,-0.0280475951731205,-0.02363736182451248,-0.047246403992176056,0.26141372323036194,-0.11614081263542175,0.012605875730514526,-0.22949764132499695,0.2828752100467682,-0.20381410419940948,0.4018804430961609,-0.24174751341342926,-0.2007146179676056,0.1289861500263214,0.5158186554908752,0.1320084035396576,-0.21476534008979797,-0.24287159740924835,0.8048003315925598,0.24706704914569855,0.38141411542892456,0.31894180178642273,0.2092137485742569,0.3353850245475769,-0.20863193273544312,1.1724222898483276,-0.18008144199848175,0.2796386182308197,0.013386700302362442,0.5415171980857849,-0.18983030319213867,0.20130619406700134,0.4097091257572174,-0.21935100853443146,0.1476820707321167,0.5281617045402527,-0.14504359662532806,0.009925895370543003,0.39926639199256897,0.12695078551769257,0.6217753887176514,0.5274583697319031,-0.14377255737781525,-0.11021236330270767,0.07005120813846588,-0.2101483941078186,-0.058775968849658966,0.6324615478515625,-0.19672828912734985,0.18748190999031067,-0.21298131346702576,-0.0869387686252594,-0.23544269800186157,-0.2727527618408203,0.2919071316719055,0.029485801234841347,0.20145492255687714,-0.22952201962471008,-0.1546429544687271,0.21034377813339233,-0.23722253739833832,-0.0050964090041816235,-0.011081904172897339,0.1842278242111206,-0.251738965511322,0.45096784830093384,-0.15474016964435577,-0.23987910151481628,0.09540151804685593,-0.22804562747478485,0.18355581164360046,0.37394750118255615,0.016956506296992302,0.205075204372406,0.8188343048095703,-0.017422934994101524,0.20358912646770477,0.004593974910676479,0.09722360223531723,-0.09283864498138428,-0.12782005965709686,0.5303919315338135,-0.2023877501487732,0.25804603099823,0.0437212809920311,0.48990991711616516,-0.15697728097438812,0.926010012626648,-0.2406628429889679,-0.2293151170015335,-0.03451142832636833,-0.13523942232131958,0.2657015919685364,0.2395118921995163,0.4097949266433716,-0.1310981810092926,0.8187269568443298,0.12484049797058105,-0.22256769239902496
12,339,556,378,595,0.5379143357276917,-0.20540709793567657,0.08008672297000885,0.9844104647636414,-0.20616109669208527,-0.17021983861923218,0.3387082517147064,-0.14117874205112457,-0.17413289844989777,-0.19314426183700562,0.2084907740354538,-0.25044217705726624,0.0791454166173935,0.21184425055980682,0.25743231177330017,-0.19699370861053467,-0.14485812187194824,-0.21649712324142456,0.3155279755592346,0.13506807386875153,-0.002729058265686035,0.0954504907131195,0.20560239255428314,0.5972954630851746,0.13624538481235504,0.4443477392196655,-0.1361849457025528,-0.12277152389287949,0.21196575462818146,0.32445669174194336,-0.1649954915046692,-0.014534707181155682,0.0032638709526509047,0.1934511810541153,-0.12309026718139648,-0.21500368416309357,-0.22144292294979095,0.08973868936300278,-0.24157196283340454,0.12369266897439957,-0.24686329066753387,-0.17764435708522797,0.06679936498403549,0.011741973459720612,0.23695950210094452,-0.17987067997455597,-0.12069340795278549,0.501599133014679,0.7127132415771484,0.19812697172164917,0.6380088329315186,0.09563901275396347,0.20393724739551544,-0.19759154319763184,0.8630097508430481,-0.26140081882476807,-0.032025210559368134,0.3008165657520294,0.7712680697441101,-0.2145545482635498,0.31644827127456665,0.48796966671943665,-0.08818596601486206,-0.1842634081840515,0.16642649471759796,-0.19781488180160522,-0.0734655037522316,0.02413330413401127,0.09524794667959213,0.5836580395698547,0.5618007779121399,-0.22549180686473846,-0.1633291095495224,0.3522747755050659,-0.16024917364120483,-0.1861875206232071,0.1928883045911789,-0.18587587773799896,-0.09889049082994461,-0.20791250467300415,0.274313360452652,-0.2045585662126541,-0.27402764558792114,0.7655525803565979,0.37687385082244873,0.16552841663360596,-0.22266225516796112,-0.20535774528980255,0.18144311010837555,-0.20787997543811798,-0.20131520926952362,0.1512075811624527,0.20421604812145233,-0.24651837348937988,0.45419707894325256,-0.1867382526397705,-0.23178519308567047,0.1658307909965515,-0.23064088821411133,0.18799073994159698,0.17653997242450714,0.1505860984325409,-0.02050541341304779,0.4394363462924957,-0.21228592097759247,0.3933323621749878,0.038952626287937164,0.6347365975379944,-0.15312255918979645,-0.04063951596617699,0.07222311198711395,-0.17209620773792267,0.02784578688442707,-0.16278183460235596,0.5458123683929443,-0.19639666378498077,0.49966394901275635,-0.1690763682126999,-0.23498983681201935,0.06954426318407059,-0.11019095033407211,0.2812316417694092,0.1964924931526184,0.699298083782196,-0.0568973608314991,0.8564055562019348,-0.21706275641918182,-0.21469807624816895
13,444,191,481,227,0.7750681638717651,-0.23189981281757355,0.5208669900894165,0.9523241519927979,-0.2242046445608139,0.43356165289878845,0.24115021526813507,-0.21330863237380981,0.27926960587501526,-0.24058015644550323,0.5071575045585632,-0.09154544770717621,-0.1302899718284607,0.3130919337272644,0.5407695770263672,-0.25551044940948486,-0.03624580800533295,-0.155931293964386,0.6716823577880859,-0.04924106225371361,-0.09479876607656479,0.07995430380105972,0.2593614161014557,-0.08289667963981628,0.3712970018386841,0.46268755197525024,-0.08014971762895584,-0.1812979131937027,0.3567737340927124,0.21209149062633514,-0.21115821599960327,-0.17898564040660858,-0.05893823131918907,0.46420955657958984,-0.12258280813694,0.05694255605340004,-0.23208178579807281,-0.025415919721126556,0.20495197176933289,0.17693747580051422,-0.2522973418235779,-0.21069221198558807,0.27653613686561584,0.22335147857666016,0.43489429354667664,-0.1485864818096161,-0.1794043630361557,0.9650794267654419,0.3975487947463989,0.2275690734386444,0.2720705270767212,0.6495908498764038,0.35792869329452515,-0.20749546587467194,1.7293509244918823,-0.24295680224895477,0.11423643678426743,0.16512154042720795,0.933503270149231,-0.19612661004066467,0.24081966280937195,0.14027149975299835,-0.1559704691171646,-0.21548008918762207,0.09391969442367554,-0.03298372030258179,0.8266388177871704,-0.00402343925088644,0.04514138400554657,0.26318466663360596,0.46739256381988525,-0.1761167049407959,-0.1481270045042038,0.36693206429481506,-0.1095116063952446,-0.13295389711856842,1.2224326133728027,-0.21271520853042603,0.03850279748439789,-0.14005295932292938,0.166996031999588,-0.23074586689472198,-0.2680097222328186,0.6627073287963867,0.3359869718551636,-0.14752048254013062,-0.22539202868938446,-0.1233934536576271,0.15342605113983154,-0.1863877773284912,-0.1529969424009323,0.19267991185188293,-0.04995622858405113,-0.2380073368549347,0.38731518387794495,-0.07401972264051437,-0.22588852047920227,-0.079804927110672,-0.2421858012676239,0.2367866039276123,0.7205079197883606,-0.04525713622570038,0.12288755923509598,0.44611379504203796,0.19321367144584656,0.09365929663181305,-0.043437566608190536,0.4705231487751007,-0.09855810552835464,-0.2043771743774414,0.7854551076889038,-0.21191249787807465,0.05636347830295563,0.1508917510509491,0.3368924558162689,-0.18538716435432434,0.42179223895072937,-0.18242108821868896,-0.2381504327058792,-0.015500124543905258,-0.10313045978546143,0.44222497940063477,0.6654725670814514,0.7339427471160889,-0.1763036996126175,1.3171223402023315,-0.11937926709651947,-0.2414446920156479
14,797,628,838,667,0.6670095324516296,-0.19349439442157745,0.3381916582584381,0.964567244052887,-0.21524040400981903,-0.06735821068286896,0.12282981723546982,-0.14976632595062256,-0.198483407497406,-0.24830330908298492,0.27673280239105225,-0.17386846244335175,-0.03076106868684292,0.6057156920433044,0.20353907346725464,-0.19483107328414917,-0.13209815323352814,-0.03218485787510872,-0.08432230353355408,-0.09047010540962219,-0.13106070458889008,0.1817179173231125,0.4204495847225189,0.08317244052886963,0.04077206179499626,0.2441922277212143,-0.10745509713888168,-0.12993641197681427,0.30457353591918945,0.43193235993385315,-0.16976530849933624,-0.15754687786102295,-0.10396800190210342,0.3027256429195404,-0.15843059122562408,-0.14203192293643951,-0.22429506480693817,0.1428460329771042,-0.24180977046489716,0.04265208914875984,-0.25194844603538513,-0.19573761522769928,-0.0926767960190773,0.31406018137931824,0.1521235704421997,-0.1655794233083725,-0.15810249745845795,0.42013487219810486,0.22045421600341797,0.1759365200996399,0.6606028079986572,0.1744365692138672,0.3887324035167694,-0.22846102714538574,1.166811466217041,-0.08695163577795029,0.10033398866653442,-0.02488856017589569,0.9765777587890625,-0.2188870906829834,-0.03328363969922066,0.43051376938819885,-0.14541511237621307,-0.09163609147071838,0.46518492698669434,-0.15782083570957184,0.3270096778869629,0.41110196709632874,-0.12123163789510727,0.27126967906951904,0.626088559627533,-0.17791903018951416,-0.13970576226711273,-0.0018984178313985467,-0.07976485043764114,-0.12441901117563248,0.47392192482948303,-0.188115194439888,-0.12576976418495178,-0.20259463787078857,0.07108777016401291,-0.20984019339084625,-0.26553311944007874,0.25860241055488586,-0.03401533141732216,-0.007272973656654358,-0.15548567473888397,-0.21042485535144806,0.18247222900390625,-0.1991010457277298,-0.20056013762950897,0.09946803003549576,0.06453660875558853,-0.25665485858917236,0.549470841884613,-0.1439245492219925,-0.2252359390258789,-0.024474551901221275,-0.2196454554796219,0.24338991940021515,0.2841368317604065,0.007846389897167683,0.10520830005407333,0.5262556672096252,0.168557271361351,0.26534876227378845,-0.04181385040283203,0.266657292842865,-0.1632842868566513,-0.10514000058174133,0.5026604533195496,-0.20034296810626984,0.0864575132727623,-0.12473569065332413,0.4007117450237274,-0.22232389450073242,0.41099512577056885,-0.12697435915470123,-0.23236513137817383,0.0008112390642054379,-0.14452557265758514,0.20933525264263153,0.30159249901771545,0.5024201273918152,-0.13279685378074646,0.6789615750312805,-0.10651429742574692,-0.20909659564495087
15,676,458,721,502,0.5293437838554382,-0.1726030558347702,0.2149903029203415,0.9918115139007568,-0.23764199018478394,-0.16201455891132355,0.25431379675865173,-0.18489626049995422,-0.1355745643377304,-0.22408001124858856,0.24861621856689453,-0.22414156794548035,-0.001874710083939135,0.15951691567897797,0.30790477991104126,-0.21419160068035126,-0.13995522260665894,-0.17314866185188293,0.5149987936019897,-0.09419313818216324,0.05850766599178314,0.02396535314619541,0.40512874722480774,0.2503751814365387,0.08744478970766068,0.2599790394306183,-0.18142069876194,-0.06204892694950104,0.4436231851577759,0.2492605596780777,-0.14699392020702362,-0.17234304547309875,-0.03803720325231552,0.18154138326644897,-0.12179313600063324,-0.20201383531093597,-0.2412276268005371,0.2976405918598175,-0.23249711096286774,0.22468887269496918,-0.2509467303752899,-0.20809105038642883,0.04798242077231407,-0.019330881536006927,0.04001222178339958,-0.20751701295375824,-0.1778697967529297,0.4090983271598816,0.34023067355155945,0.40604496002197266,0.30497363209724426,0.0069769821129739285,0.5229151248931885,-0.21939097344875336,0.947382926940918,-0.13368357717990875,-0.11920768767595291,0.017331501469016075,0.6070218086242676,-0.20054639875888824,0.4712013006210327,0.6383163928985596,-0.08605047315359116,-0.138503298163414,0.2548050284385681,-0.20034129917621613,0.0452590174973011,0.08697114139795303,0.05174582451581955,0.7241538166999817,0.48385089635849,-0.23080457746982574,-0.06842231005430222,0.17674189805984497,-0.18506546318531036,-0.12161508947610855,0.32795366644859314,-0.19360409677028656,-0.13842420279979706,-0.19426369667053223,0.1873367577791214,-0.22600749135017395,-0.2741647958755493,0.796203076839447,0.18197152018547058,0.3700030744075775,-0.22062158584594727,-0.194660946726799,0.18286196887493134,-0.20289483666419983,-0.21674391627311707,0.24257762730121613,0.1959335207939148,-0.24206866323947906,0.25486722588539124,-0.1731978803873062,-0.2344542145729065,-0.00996362790465355,-0.20754705369472504,0.2503134310245514,-0.006940722465515137,0.053592342883348465,-0.07944442331790924,0.5318944454193115,-0.14107021689414978,0.28255367279052734,0.037693534046411514,0.6726580858230591,-0.17283207178115845,-0.10049530118703842,0.06604120135307312,-0.20537003874778748,0.2118396759033203,-0.03429423272609711,0.6001221537590027,-0.18137918412685394,0.8543961644172668,-0.2226918339729309,-0.24497413635253906,-0.02606566809117794,-0.13044799864292145,0.15635667741298676,0.3868859112262726,0.75235515832901,-0.12131819128990173,1.0586949586868286,-0.1139652356505394,-0.22141703963279724
16,418,414,458,453,0.5010446906089783,-0.18655233085155487,0.3096356689929962,0.9985752105712891,-0.21346212923526764,-0.14843448996543884,0.14218729734420776,-0.10594309121370316,-0.2081419825553894,-0.19876748323440552,0.30604982376098633,-0.2531073987483978,0.11362951993942261,0.349178284406662,0.36026954650878906,-0.17427928745746613,-0.13789720833301544,0.02786559797823429,0.19110293686389923,0.1487630158662796,-0.09288787096738815,0.4479900598526001,0.20902077853679657,0.2983945608139038,0.5168867707252502,0.12091132253408432,-0.11532828956842422,-0.08268915116786957,0.1633918434381485,0.07457656413316727,-0.18376608192920685,-0.10457023233175278,-0.029782766476273537,0.18923532962799072,-0.12936289608478546,-0.22468964755535126,-0.2119453102350235,0.10616448521614075,-0.23737330734729767,0.23180370032787323,-0.25996553897857666,-0.15073949098587036,0.23375898599624634,0.1562327742576599,0.05829750373959541,-0.1633242815732956,-0.12633614242076874,0.6436815857887268,0.46425381302833557,0.0397702157497406,0.5199626088142395,0.19353072345256805,0.20733261108398438,-0.17294757068157196,1.0282310247421265,-0.2564713954925537,0.019975751638412476,0.2532208263874054,0.8347551226615906,-0.2288421392440796,0.2288440465927124,0.4354541301727295,-0.10332760214805603,-0.2159440517425537,0.1803664118051529,-0.20233456790447235,-0.10174950957298279,0.014873184263706207,0.08145441859960556,0.4153845012187958,0.708493709564209,-0.19301199913024902,-0.16069652140140533,0.1048687994480133,-0.11757447570562363,-0.1672121286392212,0.11322493106126785,-0.18973489105701447,-0.01497997622936964,-0.19057752192020416,0.4926595985889435,-0.17512239515781403,-0.2739802896976471,0.6117753982543945,0.03624362871050835,0.07066983729600906,-0.2273554801940918,-0.21273481845855713,0.14512492716312408,-0.18882624804973602,-0.13120460510253906,0.04504184052348137,0.16067634522914886,-0.2414446622133255,0.479164719581604,-0.19501864910125732,-0.23461925983428955,0.13285529613494873,-0.18406037986278534,0.21042585372924805,0.040565088391304016,0.008644427172839642,0.17638331651687622,0.3653814494609833,-0.22220821678638458,0.37958335876464844,0.2419504076242447,0.914793074131012,-0.12228304147720337,0.018322771415114403,-0.03224700689315796,-0.16400720179080963,0.19808541238307953,-0.05905237793922424,0.4790036678314209,-0.19057442247867584,0.25844836235046387,-0.21017809212207794,-0.2009371966123581,0.02131151221692562,-0.11445469409227371,0.26390454173088074,0.43264588713645935,0.5471152663230896,-0.08693629503250122,0.6515629887580872,-0.2124306559562683,-0.20616722106933594
17,562,797,608,841,0.47625118494033813,-0.17917384207248688,0.3523141145706177,0.998666524887085,-0.2266083061695099,-0.19404387474060059,0.17552727460861206,-0.13446319103240967,-0.1795736402273178,-0.24124526977539062,0.2629668712615967,-0.238664448261261,0.1408294141292572,0.14769844710826874,0.2566646635532379,-0.1526401787996292,-0.2074776142835617,-0.06858789920806885,0.08117223531007767,-0.04849571734666824,0.0067687863484025,0.07681377232074738,0.5198721289634705,0.10781967639923096,0.1882147341966629,0.2335977554321289,-0.1385529786348343,-0.14108914136886597,0.2133316695690155,0.3930456340312958,-0.16941776871681213,-0.18989212810993195,-0.02368772402405739,0.22825707495212555,-0.1618388295173645,-0.19911664724349976,-0.23384830355644226,0.25192150473594666,-0.24600110948085785,0.040214937180280685,-0.23757760226726532,-0.19508321583271027,0.04036058485507965,0.2773951590061188,-0.020206231623888016,-0.1975478231906891,-0.12823516130447388,0.5654312968254089,0.20444636046886444,0.19719886779785156,0.3592812120914459,0.042336154729127884,0.49450528621673584,-0.2267250418663025,0.7901460528373718,-0.24436026811599731,0.02346600405871868,0.09029898047447205,0.7355954647064209,-0.23204877972602844,0.3532456159591675,0.477923184633255,-0.11254803091287613,-0.018572159111499786,0.1324860155582428,-0.11827214807271957,-0.07917838543653488,0.22120793163776398,0.00362721411511302,0.4276787042617798,0.5370751619338989,-0.21954882144927979,-0.09620887041091919,0.12877441942691803,-0.14851818978786469,-0.1271854043006897,0.14016912877559662,-0.20631200075149536,-0.15438154339790344,-0.23444297909736633,0.27502191066741943,-0.21487265825271606,-0.2706933617591858,0.38285180926322937,-0.037785544991493225,0.015249603427946568,-0.16735447943210602,-0.19429755210876465,0.1703774482011795,-0.21438618004322052,-0.20218069851398468,0.09743686765432358,0.180423304438591,-0.25593671202659607,0.348676860332489,-0.18414810299873352,-0.23596392571926117,0.035171132534742355,-0.22392898797988892,0.17924684286117554,0.049239300191402435,0.010790937580168247,0.09356418251991272,0.44870901107788086,-0.00968107208609581,0.34004804491996765,0.057572927325963974,0.3020050525665283,-0.08249787986278534,-0.10250617563724518,0.023255111649632454,-0.1948748230934143,0.16427189111709595,0.055220022797584534,0.5340495109558105,-0.1964678168296814,0.5178971886634827,-0.1911073476076126,-0.20256635546684265,-0.03860650584101677,-0.15151512622833252,0.314587265253067,0.20780643820762634,0.5412614345550537,-0.1112048327922821,0.5001001954078674,-0.18081198632717133,-0.21726137399673462
18,617,580,668,632,0.6303472518920898,-0.1751437783241272,0.3736867308616638,1.0419211387634277,-0.23871861398220062,-0.18102219700813293,0.17922742664813995,-0.17043574154376984,-0.26113569736480713,-0.2381466180086136,0.26304152607917786,0.009382926858961582,0.007451727986335754,0.5014480948448181,0.3847757875919342,-0.1722276210784912,-0.10658714175224304,-0.11750862002372742,0.5729962587356567,0.10238119214773178,0.11030634492635727,0.02539329044520855,0.44598880410194397,0.06603003293275833,0.06391186267137527,0.4143791198730469,-0.1536944955587387,-0.2059907466173172,0.6317593455314636,0.31689903140068054,-0.08767271041870117,-0.12479045987129211,-0.04681551083922386,0.438202440738678,-0.1131441742181778,0.014753580093383789,-0.20232214033603668,0.20169445872306824,-0.1623392552137375,0.12755195796489716,-0.20087067782878876,-0.15785877406597137,0.21661686897277832,0.5886542797088623,0.2860177457332611,-0.18594717979431152,-0.18581931293010712,0.5275394916534424,0.4022667706012726,0.4534476101398468,0.4889061152935028,0.24501913785934448,0.6559993028640747,-0.23466359078884125,0.7075997591018677,-0.1435459405183792,0.3131616711616516,0.3409636616706848,0.648734450340271,-0.23181067407131195,0.27285322546958923,0.6207084655761719,-0.15562543272972107,0.4927985370159149,0.38078051805496216,-0.04502515494823456,0.142075315117836,0.5308670997619629,0.033315543085336685,0.5741159915924072,0.5402688384056091,-0.1456228792667389,-0.07732664793729782,0.2105160355567932,-0.17890995740890503,-0.0131271593272686,0.5832178592681885,-0.10056377947330475,-0.05342450365424156,-0.22929133474826813,-0.04046313837170601,-0.2062511444091797,-0.27021217346191406,0.4395105242729187,-0.028020819649100304,-0.07236912846565247,-0.23077885806560516,-0.2254127860069275,0.11668149381875992,-0.22216644883155823,0.013233293779194355,0.09149592369794846,0.30823051929473877,-0.26204612851142883,0.28721773624420166,-0.11129643023014069,-0.2366751879453659,0.11032673716545105,-0.2087484747171402,0.0716339647769928,0.24346764385700226,0.032968178391456604,0.14547522366046906,0.7010490894317627,0.19637362658977509,0.42281395196914673,-0.012925694696605206,-0.0206320658326149,-0.09522774815559387,-0.06008867546916008,0.5938816666603088,-0.1562473624944687,0.2486899197101593,-0.12062215805053711,0.4750917851924896,-0.10228590667247772,0.9238274693489075,-0.16733917593955994,-0.17452897131443024,-0.050229694694280624,-0.1628841608762741,0.23985391855239868,0.10481368005275726,0.6120965480804443,-0.06090286001563072,0.7857264280319214,-0.02465933933854103,-0.21723636984825134
19,238,480,275,518,0.6400983929634094,-0.17888838052749634,0.3949538767337799,0.9794745445251465,-0.23278506100177765,0.17850542068481445,0.12209127098321915,-0.20710833370685577,-0.059404078871011734,-0.23506338894367218,0.3036014139652252,-0.2505611479282379,-0.10429036617279053,0.6133211255073547,0.5548110604286194,-0.2409163862466812,0.06669784337282181,-0.12397054582834244,0.3260912001132965,0.05487712845206261,-0.05202723667025566,0.4944431483745575,0.3170423209667206,-0.18767237663269043,0.611621618270874,0.2501506209373474,-0.06697013974189758,-0.0693017765879631,0.18594564497470856,0.22239887714385986,-0.21281588077545166,-0.2070269137620926,-0.09745685011148453,0.46972763538360596,-0.07669835537672043,-0.12877553701400757,-0.23961390554904938,-0.14128978550434113,-0.0012939373264089227,0.031335651874542236,-0.259927898645401,-0.2043895274400711,0.15539200603961945,0.17243559658527374,0.2991293966770172,-0.15772782266139984,-0.20179255306720734,0.536714494228363,0.25606071949005127,0.12971937656402588,0.5404847264289856,0.49607011675834656,0.2550210952758789,-0.22323553264141083,1.5415974855422974,-0.25156715512275696,-0.044819191098213196,-0.054779890924692154,1.187034249305725,-0.15407906472682953,0.20543920993804932,0.24473215639591217,-0.14244113862514496,-0.24987728893756866,0.17193005979061127,-0.13846135139465332,0.43162861466407776,0.06296231597661972,-0.11843516677618027,0.2916059195995331,0.4086848795413971,-0.20968730747699738,-0.09409409016370773,0.10397819429636002,0.023460477590560913,-0.1825733333826065,0.8066118359565735,-0.1966158151626587,-0.07495874166488647,-0.1900867223739624,0.31591251492500305,-0.22729013860225677,-0.2743561863899231,0.35917553305625916,0.23942284286022186,0.05615107715129852,-0.1506195217370987,-0.17250275611877441,0.06558118015527725,-0.20708973705768585,-0.17852942645549774,0.045760661363601685,0.0641736164689064,-0.2500556707382202,0.21671849489212036,-0.09162798523902893,-0.2351628988981247,-0.08142690360546112,-0.23568816483020782,0.2619607150554657,0.14376984536647797,-0.10567962378263474,0.014002668671309948,0.4834877550601959,0.19906382262706757,0.10705381631851196,0.11522483080625534,0.9660558104515076,-0.15843556821346283,-0.1740284562110901,0.22947396337985992,-0.22104625403881073,0.16151262819766998,0.09268870949745178,0.35433879494667053,-0.18742521107196808,0.16480758786201477,-0.22905373573303223,-0.20885074138641357,0.07699170708656311,-0.10898158699274063,0.22860364615917206,0.5806428790092468,0.5815735459327698,-0.20679481327533722,1.0516873598098755,-0.1575632095336914,-0.21995504200458527
20,540,832,577,871,0.5104682445526123,-0.22700154781341553,0.45885077118873596,0.956108570098877,-0.2582697868347168,-0.053986240178346634,0.20438916981220245,-0.08986184746026993,-0.15080876648426056,-0.18469853699207306,0.1056174635887146,-0.19433541595935822,0.1024680808186531,0.4530578553676605,0.6004820466041565,-0.20700502395629883,-0.15402714908123016,-0.02326434850692749,0.31897875666618347,0.20998354256153107,0.06415623426437378,0.20893584191799164,0.4199778139591217,0.24494536221027374,0.4546947181224823,0.25003084540367126,-0.08561370521783829,-0.15729455649852753,0.13188499212265015,0.32579538226127625,-0.18375574052333832,-0.19254077970981598,0.018353575840592384,0.4004232883453369,-0.1671157032251358,-0.009355555288493633,-0.2514944076538086,0.4735370874404907,-0.17692773044109344,0.11832782626152039,-0.16972780227661133,-0.18595117330551147,0.37993285059928894,0.2665869891643524,0.011491085402667522,-0.04735970124602318,-0.17982375621795654,0.7981089949607849,0.17114345729351044,0.17587600648403168,0.44365033507347107,0.31302541494369507,0.6089493632316589,-0.231695756316185,1.2178943157196045,-0.2314995527267456,0.34467509388923645,0.10690027475357056,1.0059345960617065,-0.22456200420856476,0.5270017385482788,0.15528155863285065,-0.09110604971647263,-0.04105539992451668,0.14001254737377167,-0.1599855124950409,0.2615261971950531,0.1227726936340332,0.31549111008644104,0.21585313975811005,0.6187025904655457,0.06255203485488892,-0.08314447104930878,0.40648436546325684,-0.06853749603033066,-0.13668428361415863,0.4838489294052124,-0.043524131178855896,-0.16233132779598236,-0.13824278116226196,0.23616068065166473,-0.10938330739736557,-0.26460161805152893,0.29614436626434326,0.041521105915308,-0.06912815570831299,-0.15584097802639008,-0.15623688697814941,0.3941495418548584,-0.18496893346309662,0.2555136978626251,0.03830898180603981,0.1842128038406372,-0.24173200130462646,0.6510607600212097,-0.12561951577663422,-0.23321647942066193,-0.022898325696587563,-0.25000515580177307,0.21078240871429443,0.6626295447349548,0.20161108672618866,0.2644409239292145,0.4583141803741455,0.4644078314304352,0.20568756759166718,-0.005966146942228079,0.4786306917667389,-0.16102223098278046,-0.16418343782424927,0.5972369313240051,-0.13897597789764404,0.3069395124912262,0.2992675006389618,0.4633728563785553,-0.1453670710325241,0.391079306602478,0.07735144346952438,-0.06866296380758286,0.0035025477409362793,-0.14705266058444977,0.5167352557182312,0.6017716526985168,0.8076931834220886,-0.0815025120973587,0.6314515471458435,-0.19205884635448456,-0.19781243801116943
21,181,709,223,750,0.8840910196304321,-0.22012482583522797,0.6232967972755432,1.0473310947418213,-0.17715580761432648,-0.23187255859375,0.7911927700042725,-0.22247493267059326,0.25742048025131226,-0.22745615243911743,0.3788145184516907,-0.2535986602306366,-0.15372660756111145,0.45194676518440247,0.6680439114570618,-0.27250322699546814,0.4075237214565277,0.015832871198654175,0.6048358082771301,-0.19475901126861572,-0.2153746485710144,0.5767438411712646,0.4031609296798706,0.10148480534553528,0.10936716198921204,0.09167955815792084,-0.1328919529914856,-0.1943037509918213,0.48373711109161377,0.04682805761694908,-0.15385442972183228,-0.16186854243278503,0.012056626379489899,0.7737424373626709,-0.11741837114095688,0.021122314035892487,0.0004254952073097229,0.43702077865600586,0.6991282105445862,-0.09773318469524384,0.11530961096286774,-0.04768812283873558,0.46742549538612366,0.6282719373703003,0.7139626741409302,0.2558712363243103,-0.23373737931251526,1.8740501403808594,0.45261770486831665,0.24428266286849976,0.5649682283401489,0.119255430996418,0.48319321870803833,-0.19231882691383362,2.184833526611328,-0.25390398502349854,0.9638760089874268,0.5573285222053528,1.3362889289855957,-0.21355795860290527,1.0082677602767944,-0.108255535364151,-0.12480098009109497,0.5371604561805725,0.42652663588523865,-0.18027570843696594,0.15953971445560455,-0.18079185485839844,0.014451943337917328,0.2374076247215271,0.3250686526298523,-0.1842457801103592,-0.22511334717273712,0.062115564942359924,-0.18021260201931,-0.1878184676170349,1.1577609777450562,-0.26837387681007385,0.28636449575424194,-0.17678914964199066,0.43111008405685425,-0.2269504815340042,-0.24771323800086975,0.18719267845153809,0.36063045263290405,-0.08982595801353455,-0.26424843072891235,-0.12452886998653412,0.6243341565132141,-0.2358803004026413,-0.18862225115299225,-0.07716085016727448,-0.02100285515189171,-0.02948993444442749,0.625857949256897,0.09363115578889847,-0.19986492395401,0.22867430746555328,-0.2030888795852661,0.07240504026412964,0.77314692735672,-0.16402244567871094,0.38434740900993347,0.766997218132019,0.2444097250699997,0.543809175491333,-0.07741886377334595,0.6947813034057617,-0.07094688713550568,-0.2312353551387787,1.6258535385131836,0.027318865060806274,1.547440767288208,0.4950231909751892,0.22511549293994904,-0.0296487957239151,0.22778096795082092,-0.1413789987564087,-0.020408935844898224,0.10678929835557938,-0.035645492374897,0.44613218307495117,0.3812297582626343,0.42975062131881714,-0.19047972559928894,0.8487350940704346,-0.2381342351436615,-0.24177363514900208
22,785,389,832,432,0.5765551924705505,-0.1865379810333252,0.4070192277431488,0.9951802492141724,-0.17998488247394562,-0.11544612795114517,0.7057244181632996,-0.24013270437717438,0.10637641698122025,-0.21664616465568542,0.22237055003643036,0.2287781983613968,-0.2087685465812683,0.24219761788845062,0.44055700302124023,-0.24408160150051117,-0.19163285195827484,-0.007056540809571743,0.369789183139801,-0.1864747703075409,-0.17329496145248413,0.20064705610275269,0.4310707151889801,0.08723743259906769,-0.14630374312400818,0.41346868872642517,-0.2233322411775589,-0.17033420503139496,1.2637364864349365,0.24682262539863586,-0.14048068225383759,-0.16914312541484833,-0.11930971592664719,0.05895675718784332,-0.14191195368766785,-0.21120527386665344,-0.23563817143440247,0.3294464349746704,-0.21272975206375122,0.4738500416278839,-0.2368830293416977,-0.18281222879886627,-0.06093493476510048,0.04778125509619713,-0.1305556297302246,-0.1373160183429718,-0.20208746194839478,1.111620545387268,0.47767797112464905,0.5177788734436035,0.04209837689995766,0.2800789475440979,0.24200572073459625,-0.18411630392074585,1.0642919540405273,-0.18767142295837402,-0.062445804476737976,-0.11559663712978363,0.31576764583587646,-0.19221441447734833,0.663379967212677,0.05226178839802742,-0.21784411370754242,0.010220984928309917,0.24069759249687195,-0.14188013970851898,0.08774790912866592,-0.0575992614030838,0.6288952231407166,0.5777414441108704,0.39378857612609863,-0.16680273413658142,0.0371055081486702,-0.0803145170211792,-0.23846668004989624,-0.12554307281970978,0.9311645030975342,-0.16753919422626495,0.5346928238868713,-0.21211935579776764,0.21980983018875122,-0.24232298135757446,-0.26044362783432007,0.6932988166809082,0.6192503571510315,0.07335725426673889,-0.22768767178058624,-0.0998089462518692,0.07886077463626862,-0.21671751141548157,-0.18538673222064972,0.08630786091089249,0.522283136844635,-0.2480752170085907,0.08596952259540558,-0.15270307660102844,-0.23238123953342438,-0.16072875261306763,-0.23767614364624023,0.2700808048248291,0.024783305823802948,-0.16561011970043182,0.04865060746669769,0.5088632702827454,0.19582147896289825,0.2703302204608917,0.016072051599621773,0.5678960084915161,-0.191972553730011,-0.22410038113594055,0.5369811058044434,-0.24972820281982422,0.4442679286003113,0.4928355813026428,0.44712311029434204,-0.06830789893865585,0.9098273515701294,-0.11934144049882889,-0.20110106468200684,0.3401588499546051,-0.09185025095939636,0.36958327889442444,0.35556715726852417,0.6059315800666809,-0.1858111172914505,1.0210399627685547,0.3826752305030823,-0.23381058871746063
23,760,292,809,339,0.6072064638137817,-0.19970513880252838,0.11782002449035645,1.0289762020111084,-0.21411868929862976,-0.22167618572711945,0.5276157855987549,-0.19733430445194244,-0.23762543499469757,-0.25064384937286377,0.21943089365959167,-0.07797842472791672,-0.04595129191875458,0.24440370500087738,0.31320273876190186,-0.16045382618904114,-0.10247597098350525,0.06961802393198013,0.3393475115299225,0.01103869266808033,-0.046123724430799484,-0.06422117352485657,0.34112825989723206,0.25927475094795227,0.008294714614748955,0.486818790435791,-0.1696893721818924,-0.2160763144493103,0.5597661137580872,0.2519559860229492,-0.07420748472213745,-0.09493257105350494,-0.07222112268209457,0.35083597898483276,-0.08818861842155457,-0.046121951192617416,-0.22170159220695496,0.36616167426109314,-0.14753839373588562,0.2819421589374542,-0.19422738254070282,-0.17272686958312988,0.16760390996932983,0.30839380621910095,0.4320054054260254,-0.18754816055297852,-0.2281440645456314,0.4013206362724304,0.4181802272796631,0.4161832332611084,0.5410801768302917,0.2171495109796524,0.4573354125022888,-0.23884762823581696,0.9331321716308594,-0.04235319048166275,0.30641263723373413,0.0804675817489624,0.6082480549812317,-0.23354676365852356,0.3333187699317932,0.6482164859771729,-0.17010262608528137,0.1040583923459053,0.3357667326927185,-0.10045063495635986,0.14071905612945557,0.32770615816116333,-0.01473237108439207,0.690072774887085,0.48062488436698914,-0.1922718733549118,-0.05812961608171463,0.22263330221176147,-0.1971050500869751,0.031314950436353683,0.4206444025039673,-0.20648524165153503,-0.21090063452720642,-0.2467193305492401,0.010739793069660664,-0.21446548402309418,-0.2627382278442383,0.3960430324077606,0.322759211063385,0.01065327599644661,-0.21693311631679535,-0.20813655853271484,0.23277834057807922,-0.24390220642089844,-0.11281538009643555,0.12130173295736313,0.19140179455280304,-0.2605554163455963,0.28430232405662537,-0.16615526378154755,-0.24108396470546722,0.07755420356988907,-0.2100195437669754,0.12534376978874207,0.273654043674469,0.14305250346660614,0.0044600167311728,0.6659291386604309,-0.08981871604919434,0.34077703952789307,-0.0024587693624198437,0.267255574464798,-0.1683734804391861,-0.11082755029201508,0.608409583568573,-0.1821850687265396,0.2665884792804718,-0.08741863816976547,0.5308045744895935,-0.12409880757331848,1.113877773284912,-0.19302895665168762,-0.1901666820049286,-0.010244346223771572,-0.13547785580158234,0.21294653415679932,0.14633500576019287,0.7117285132408142,-0.07396857440471649,1.0131146907806396,-0.16871947050094604,-0.2134600728750229
24,469,416,503,449,0.776044487953186,-0.2254573404788971,-0.06292887032032013,0.9459823966026306,-0.15375103056430817,0.08043640851974487,0.266300767660141,-0.1809109002351761,0.3643404245376587,-0.16193822026252747,0.4559789299964905,-0.20596399903297424,-0.1765371561050415,0.5932169556617737,0.32729074358940125,-0.24342621862888336,0.2601451873779297,-0.065323606133461,0.42073750495910645,0.11509010940790176,-0.1694176197052002,0.09483913332223892,0.0252058207988739,-0.10469786822795868,1.0428235530853271,1.1142048835754395,-0.06480956077575684,-0.12402548640966415,0.25649917125701904,0.10325086861848831,-0.22942987084388733,0.110136978328228,0.12163489311933517,0.14142382144927979,-0.15295541286468506,-0.05843088775873184,-0.24396288394927979,0.04815100133419037,-0.011751249432563782,0.24018457531929016,-0.2618142366409302,-0.22370237112045288,0.2574884295463562,0.12241879850625992,0.30751413106918335,-0.06574980169534683,-0.18982937932014465,0.5141807794570923,1.0646966695785522,0.4199182987213135,0.6145345568656921,0.3059387803077698,0.044392943382263184,-0.169357568025589,1.5146503448486328,-0.20215335488319397,-0.039719466120004654,0.15330426394939423,0.8008023500442505,-0.19513173401355743,0.05550694838166237,0.2676164507865906,-0.09340228885412216,-0.11517536640167236,0.17738677561283112,-0.1647188365459442,0.24636989831924438,-0.0007917843759059906,0.0489654466509819,0.5459768772125244,0.2392369657754898,-0.20328807830810547,-0.0979912057518959,0.17480935156345367,0.09900173544883728,-0.1892581284046173,0.7660418748855591,-0.18324270844459534,-0.02273574098944664,-0.08489251136779785,0.1184191182255745,-0.17297321557998657,-0.27245116233825684,1.3659257888793945,0.770065426826477,0.18993259966373444,-0.26407289505004883,-0.1161232441663742,0.17269346117973328,-0.1758911907672882,-0.15636561810970306,0.050889912992715836,-0.02562221884727478,-0.23670177161693573,0.8037377595901489,-0.18855133652687073,-0.25166812539100647,0.07906981557607651,-0.16585543751716614,0.2503211498260498,0.422965407371521,-0.024900011718273163,0.07587914168834686,0.511929988861084,-0.24834515154361725,0.1523895263671875,0.1944374144077301,1.1959059238433838,-0.22536905109882355,-0.18100154399871826,0.12199889123439789,-0.2567831873893738,0.049872372299432755,-0.10267775505781174,0.493161678314209,-0.1987244188785553,0.4663392901420593,-0.09819643199443817,-0.2311970293521881,0.10059351474046707,-0.024341806769371033,0.21419647336006165,0.34795081615448,0.7926154136657715,-0.15620017051696777,1.4919778108596802,-0.22888556122779846,-0.24908500909805298
25,492,497,529,534,0.5442790389060974,-0.2564261257648468,0.23982442915439606,0.9797875881195068,-0.2180721014738083,0.2765795886516571,0.2937900424003601,-0.18844205141067505,0.11361508816480637,-0.23003287613391876,0.36904895305633545,-0.21139420568943024,-0.03219568356871605,0.36437228322029114,0.6302364468574524,-0.24328769743442535,0.03537062928080559,-0.19111277163028717,0.2504463493824005,-0.029224088415503502,-0.06882897764444351,0.2999173104763031,0.3362128734588623,0.06554225832223892,0.3152318000793457,0.2544390857219696,-0.11318212747573853,-0.2255823165178299,0.21876364946365356,0.2351500540971756,-0.17561471462249756,-0.19043366611003876,-0.07201749086380005,0.2341628521680832,-0.17308171093463898,0.008356362581253052,-0.20266686379909515,0.004343380685895681,-0.021684488281607628,-0.07308714091777802,-0.255878746509552,-0.18837285041809082,0.0068255760706961155,0.19853980839252472,0.2565598487854004,-0.11844099313020706,-0.20163114368915558,0.9642018675804138,0.04132559522986412,0.07313589006662369,0.4249950349330902,0.6244622468948364,0.23974911868572235,-0.1697642058134079,1.1989415884017944,-0.2113008052110672,0.07096809893846512,0.16847197711467743,0.8113346695899963,-0.18299150466918945,0.297639936208725,0.09935269504785538,-0.14720191061496735,-0.20152612030506134,0.017707081511616707,0.07610911875963211,0.5594666004180908,0.07676278054714203,0.038604721426963806,0.10388103872537613,0.4193432331085205,-0.203466534614563,-0.18231211602687836,0.26586422324180603,-0.05970481410622597,-0.17548011243343353,1.0975446701049805,-0.20249414443969727,0.2480151504278183,-0.1373518854379654,0.181617870926857,-0.25115615129470825,-0.2523593008518219,0.2432395964860916,0.3547441065311432,-0.19528572261333466,-0.24218221008777618,-0.12025757879018784,0.1538849025964737,-0.19612860679626465,-0.22175300121307373,0.11696767807006836,0.16315776109695435,-0.23510265350341797,0.2507849335670471,-0.0020201902370899916,-0.19250671565532684,-0.0025288115721195936,-0.2663581371307373,0.21647989749908447,0.7680220603942871,-0.047404695302248,0.08321571350097656,0.44179630279541016,0.0688137412071228,-0.042091015726327896,-0.08151089400053024,0.5438718199729919,-0.14953406155109406,-0.2222127467393875,0.7970214486122131,-0.1709032654762268,-0.028074661269783974,0.3740006685256958,0.17387144267559052,-0.1998220682144165,0.11781773716211319,-0.20745675265789032,-0.2269279509782791,0.1687455177307129,-0.07775149494409561,0.6184764504432678,0.5127572417259216,0.6892187595367432,-0.16009852290153503,0.7792263031005859,-0.058879632502794266,-0.21641559898853302
26,611,196,658,248,0.6763147711753845,-0.17856843769550323,0.4524094760417938,1.0229229927062988,-0.24473685026168823,-0.23438331484794617,0.43783143162727356,-0.20820116996765137,-0.21047072112560272,-0.20391573011875153,0.18869183957576752,-0.15909089148044586,-0.08288924396038055,0.4494285583496094,0.46112802624702454,-0.19309288263320923,-0.11989990621805191,0.11892308294773102,0.4503239095211029,0.052263204008340836,-0.013210094533860683,0.15458640456199646,0.3752190172672272,0.1790839582681656,0.020959440618753433,0.460710734128952,-0.17382514476776123,-0.20332905650138855,0.5402176380157471,0.13056638836860657,-0.07861550897359848,-0.09625217318534851,-0.0010631680488586426,0.1823318749666214,-0.11816879361867905,-0.1225811094045639,-0.20750512182712555,0.2905045747756958,-0.2215001881122589,0.2687370777130127,-0.19590061902999878,-0.18541860580444336,0.34637150168418884,0.70396488904953,-0.00364034716039896,-0.17022591829299927,-0.2074051946401596,0.6363500952720642,0.3947538137435913,0.36500948667526245,0.4525412321090698,0.28672677278518677,0.6764057874679565,-0.22442525625228882,1.2691612243652344,-0.20182403922080994,0.44478246569633484,0.18748682737350464,0.7638137340545654,-0.19625255465507507,0.6575899124145508,0.42652419209480286,-0.18311220407485962,0.6212620139122009,0.4837777316570282,-0.08682867139577866,-0.03915848582983017,0.48327943682670593,0.0019347734050825238,0.5237937569618225,0.39827778935432434,-0.16194356977939606,-0.07070866227149963,0.1195950135588646,-0.21260660886764526,-0.03466925397515297,0.5710136890411377,-0.1987946778535843,-0.09481577575206757,-0.21002903580665588,0.2423243522644043,-0.22592920064926147,-0.2688978314399719,0.255464643239975,0.09896048903465271,-0.16704922914505005,-0.23111788928508759,-0.19691313803195953,0.19963699579238892,-0.22028376162052155,-0.07755380123853683,-0.02354864776134491,0.29014939069747925,-0.26681986451148987,0.5233301520347595,-0.12477798014879227,-0.24550414085388184,0.08638600260019302,-0.21266025304794312,0.0903385654091835,0.2257305234670639,0.004201736766844988,0.08017177134752274,0.9899174571037292,-0.06712469458580017,0.4526607096195221,-0.0828281119465828,0.2627054452896118,-0.15982314944267273,-0.1807975471019745,0.788841724395752,-0.1878412663936615,0.812286376953125,0.298667311668396,0.3997441530227661,-0.12715327739715576,0.6705399751663208,-0.23412148654460907,-0.20284292101860046,0.008824971504509449,-0.13428810238838196,0.1609996110200882,0.3370901644229889,0.6802712082862854,-0.10050413012504578,0.6100049614906311,-0.12537336349487305,-0.22287525236606598
27,648,491,705,537,0.5534690022468567,-0.16180814802646637,0.5568121671676636,1.001688003540039,-0.23194877803325653,-0.15670029819011688,0.29260900616645813,-0.15853942930698395,-0.22775466740131378,-0.2258569449186325,0.21624596416950226,0.5125346183776855,-0.031633410602808,0.3501357138156891,0.27738142013549805,-0.17545931041240692,-0.187676802277565,0.29899653792381287,0.6670393943786621,-0.06455186754465103,-0.03005826286971569,-0.01268437784165144,0.4420911371707916,0.19354039430618286,0.11502309888601303,0.43099847435951233,-0.16520939767360687,-0.0816945731639862,0.574827253818512,0.3332618176937103,-0.11140013486146927,-0.19974000751972198,0.002600826323032379,0.16504961252212524,-0.1586134284734726,-0.17044031620025635,-0.23166640102863312,0.5765642523765564,-0.2008117437362671,0.2826216220855713,-0.22829049825668335,-0.19325686991214752,0.10463843494653702,0.3024456799030304,-0.02733892761170864,-0.19646669924259186,-0.18735159933567047,0.4049414098262787,0.2714064419269562,0.3980071246623993,0.2479368895292282,0.09037210792303085,0.5137127041816711,-0.23830312490463257,1.000773310661316,0.03230689838528633,0.0669688880443573,0.024684211239218712,0.6404685378074646,-0.2367420345544815,0.2907232940196991,0.5103318691253662,-0.15443378686904907,-0.045947715640068054,0.37937045097351074,-0.10682322829961777,-0.03370624780654907,0.18116295337677002,0.09762463718652725,0.7012049555778503,0.7421658039093018,-0.16884726285934448,-0.04089770466089249,0.12152651697397232,-0.20001636445522308,0.008295689709484577,0.20819421112537384,-0.19800066947937012,-0.1561151146888733,-0.20633260905742645,0.21277165412902832,-0.21547329425811768,-0.27139344811439514,1.1670255661010742,-0.011120915412902832,0.05802685022354126,-0.23162955045700073,-0.1946130245923996,0.2615341246128082,-0.21472357213497162,-0.15521325170993805,0.22125370800495148,0.10258561372756958,-0.2475118637084961,0.6249757409095764,-0.19172604382038116,-0.23531945049762726,-0.0678744688630104,-0.17488984763622284,0.21482722461223602,0.13898903131484985,0.06720981001853943,0.08596590906381607,0.3647613227367401,0.26628461480140686,0.20538944005966187,-0.011998564936220646,0.5652115941047668,-0.16746969521045685,-0.07131854444742203,0.13656552135944366,-0.1910552978515625,0.28372788429260254,-0.0238246638327837,0.6681492328643799,-0.15716129541397095,0.9727106094360352,-0.10315293073654175,-0.1589137315750122,-0.07675697654485703,-0.16155098378658295,0.18608121573925018,0.25272709131240845,0.7967957854270935,-0.0823151096701622,0.9707304835319519,-0.14477591216564178,-0.1962900161743164
28,331,686,370,721,0.7134062647819519,-0.2258574217557907,0.11406673491001129,1.0440280437469482,-0.20814836025238037,0.27444183826446533,0.5074487328529358,-0.22483155131340027,-0.014705551788210869,-0.25761255621910095,0.41376739740371704,-0.020297951996326447,-0.10265132784843445,0.3484621047973633,0.6756975650787354,-0.2430858612060547,-0.12261928617954254,0.12712371349334717,0.36797311902046204,-0.016398945823311806,-0.08369792997837067,0.1363592892885208,0.03551233187317848,0.11411619186401367,0.4304579794406891,0.9534529447555542,-0.0670180693268776,-0.1039227545261383,0.47332966327667236,0.5469553470611572,-0.020321978256106377,-0.031652290374040604,-0.07845565676689148,0.29352447390556335,-0.16812629997730255,0.09348428249359131,-0.06076667830348015,-0.015861131250858307,0.254641592502594,0.07378561049699783,-0.05015396326780319,-0.07496877014636993,0.23279303312301636,0.43194064497947693,0.30468422174453735,-0.005878839176148176,-0.1186365932226181,0.9733718037605286,0.7778189182281494,0.49658849835395813,0.4680339992046356,0.9035245180130005,0.19882212579250336,-0.1705494225025177,1.429333209991455,-0.25128307938575745,0.5451880693435669,0.47590911388397217,0.8032971620559692,-0.23224598169326782,0.8940011262893677,0.13927465677261353,-0.026928968727588654,0.5561993718147278,0.22207532823085785,0.00478804437443614,0.21778631210327148,0.15570667386054993,0.09944797307252884,0.409318745136261,0.28248122334480286,-0.18924905359745026,-0.09717527031898499,0.1651385873556137,-0.1675466001033783,-0.07690256834030151,0.9807233810424805,-0.1592610478401184,0.023757807910442352,-0.11942606419324875,0.1152561753988266,-0.2352808117866516,-0.23026084899902344,0.4408224821090698,0.6607862710952759,-0.17755547165870667,-0.22385051846504211,-0.10963732749223709,0.09339945763349533,-0.18940088152885437,-0.19897937774658203,0.23037290573120117,0.08230267465114594,-0.07129278779029846,0.10821491479873657,0.03771187365055084,-0.2065429389476776,-0.07373879849910736,-0.23326605558395386,0.04369227588176727,0.6887088418006897,-0.021050602197647095,0.12626338005065918,0.7696021199226379,0.1650800257921219,0.37899911403656006,-0.06729584187269211,0.24347257614135742,-0.16069357097148895,-0.21673402190208435,0.8936354517936707,0.009167366661131382,0.6383996605873108,0.37743720412254333,0.16698937118053436,0.04636722058057785,0.5793785452842712,-0.12102264910936356,-0.14795804023742676,0.15485529601573944,-0.05709097906947136,0.31162723898887634,0.3404938280582428,0.9415206909179688,-0.12369775772094727,0.8311513662338257,-0.032672587782144547,-0.22034341096878052
29,248,247,290,287,0.28459587693214417,-0.2614152431488037,0.0441446453332901,0.9663904309272766,-0.13509510457515717,0.03715462610125542,1.0794757604599,-0.21209287643432617,0.34537866711616516,-0.22940926253795624,0.1996602863073349,0.2957439422607422,-0.13566456735134125,0.5647007822990417,0.5156533122062683,-0.2262018918991089,0.0033263564109802246,0.3543557822704315,0.4321807324886322,0.008116424083709717,-0.16023200750350952,-0.06194804236292839,0.39680567383766174,0.7002332210540771,-0.13778269290924072,0.8361018300056458,-0.18703646957874298,-0.23245298862457275,1.1058560609817505,0.5173931121826172,-0.2195054292678833,-0.14560143649578094,-0.09916690737009048,0.1237424984574318,-0.22938655316829681,-0.09972288459539413,-0.24178408086299896,0.8697608113288879,-0.2341388463973999,0.4949789047241211,-0.2311244159936905,-0.20702673494815826,0.01336619257926941,0.36407768726348877,-0.10885707288980484,0.02502717636525631,-0.2054140418767929,1.2274144887924194,0.398250550031662,0.5960192084312439,0.34730732440948486,0.6782458424568176,0.4134948253631592,-0.17547200620174408,0.800643265247345,-0.16276122629642487,0.22701376676559448,0.14676658809185028,0.34196171164512634,-0.20272183418273926,0.539759635925293,0.11451778560876846,-0.18912704288959503,0.5587974190711975,0.48589691519737244,0.21931664645671844,0.47337278723716736,0.11429497599601746,0.4386937618255615,0.22659824788570404,0.3583783805370331,-0.2241925746202469,-0.0003974648716393858,0.24636365473270416,-0.25014421343803406,-0.05787350609898567,0.73912113904953,-0.18846793472766876,0.3063448369503021,-0.089274100959301,-0.025372544303536415,-0.22674734890460968,-0.23896391689777374,0.6854603290557861,1.1266307830810547,-0.20944374799728394,-0.22111685574054718,-0.05793602392077446,0.5229339003562927,-0.17927314341068268,-0.19699282944202423,0.1682513803243637,0.34239694476127625,-0.2569235563278198,0.2815186679363251,-0.12850156426429749,-0.1836504340171814,-0.0660797730088234,-0.2541574239730835,0.2735454738140106,0.49324071407318115,0.033579643815755844,-0.03785635158419609,0.7720448970794678,0.18018583953380585,0.3468421399593353,-0.09689578413963318,0.8680458068847656,-0.17791473865509033,-0.2264908105134964,0.7274245619773865,-0.24192668497562408,0.3413010537624359,0.7462969422340393,0.2159615308046341,-0.1555738002061844,1.1007399559020996,0.1972378045320511,-0.19676847755908966,0.5902748107910156,-0.029134400188922882,0.6774415969848633,0.25975582003593445,0.7954328656196594,-0.06413283199071884,1.3458338975906372,0.08810460567474365,-0.2347419261932373
30,498,561,533,591,-0.2508426308631897,-0.2573436200618744,0.1357119381427765,1.1400766372680664,-0.1414410024881363,-0.011695384979248047,-0.05986126512289047,-0.25911790132522583,-0.23499003052711487,-0.2496519833803177,0.3335440754890442,0.006721340119838715,-0.204269677400589,2.029608964920044,0.3647441864013672,-0.26599693298339844,0.19014576077461243,-0.14509887993335724,-0.057644493877887726,0.2559764087200165,-0.27171623706817627,0.8908484578132629,0.06076999008655548,-0.21048909425735474,2.0618696212768555,1.01296067237854,-0.0027813613414764404,-0.17510992288589478,-0.06469441205263138,0.7483952641487122,-0.1854696422815323,-0.23936744034290314,-0.17739787697792053,0.6395078301429749,-0.1858987659215927,-0.26888084411621094,-0.13045763969421387,-0.07145722955465317,-0.20159602165222168,-0.2470247447490692,-0.2690202593803406,-0.09548427909612656,0.4551366865634918,0.4773532450199127,-0.270081102848053,-0.037103321403265,-0.2654976546764374,0.6091455817222595,1.2653932571411133,0.10062171518802643,1.122362732887268,1.0707392692565918,-0.08280016481876373,-0.19649025797843933,0.015613451600074768,-0.1764277219772339,-0.15721769630908966,0.7089330554008484,1.7339344024658203,-0.2040102630853653,-0.016937658190727234,0.0005782246589660645,-0.0831078290939331,-0.19377925992012024,-0.028647102415561676,-0.0004196763038635254,0.4171733260154724,0.22795051336288452,-0.2442242056131363,-0.1273268312215805,0.20272044837474823,-0.23891258239746094,-0.23027338087558746,-0.14085328578948975,0.3271477222442627,-0.1309024542570114,-0.02452775090932846,-0.26061299443244934,0.0044768452644348145,-0.10112278908491135,0.4898179769515991,-0.2483280450105667,-0.2779225707054138,0.9778634905815125,0.0879015326499939,-0.18503829836845398,-0.22656963765621185,-0.16412341594696045,-0.1192312240600586,-0.24743515253067017,-0.1540171504020691,0.1516392081975937,-0.204183891415596,-0.23622804880142212,-0.2723129093647003,-0.0882500484585762,-0.2077908217906952,-0.2056059092283249,-0.1781044602394104,0.07338373363018036,-0.04990426078438759,-0.24596521258354187,0.2507566809654236,0.31131139397621155,0.7882910370826721,0.27139317989349365,-0.050377245992422104,0.33907485008239746,0.16922011971473694,-0.2524360418319702,-0.2776634693145752,-0.21536067128181458,-0.235957071185112,-0.112297423183918,-0.03723277524113655,-0.22392456233501434,-0.26007360219955444,0.04324500262737274,-0.20748499035835266,0.30305027961730957,-0.017295172438025475,0.3280014097690582,-0.20483258366584778,0.8017683029174805,-0.20520907640457153,0.23903101682662964,-0.26593658328056335,-0.19828753173351288
31,536,485,576,523,0.4022378623485565,-0.2328621745109558,0.3114219605922699,0.9115400910377502,-0.1897232085466385,0.25927358865737915,0.36263585090637207,-0.2190006524324417,0.11142470687627792,-0.20220492780208588,0.20857900381088257,-0.18600279092788696,-0.16472254693508148,0.6208418011665344,0.40846431255340576,-0.2434508353471756,-0.14922015368938446,0.12819023430347443,-0.0022893548011779785,-0.22338299453258514,-0.15210416913032532,0.10754702240228653,0.637097179889679,0.5005717277526855,0.04368013143539429,0.4808606803417206,-0.14607009291648865,-0.18266808986663818,0.7092648148536682,0.7707066535949707,-0.16888199746608734,-0.1513308584690094,-0.054799675941467285,0.036088962107896805,-0.19428837299346924,-0.1812775582075119,-0.23455150425434113,0.42361578345298767,-0.22392384707927704,0.1387719064950943,-0.23575656116008759,-0.22624242305755615,0.020585566759109497,0.34502002596855164,-0.17159323394298553,-0.07621699571609497,-0.1896774172782898,0.8778960108757019,0.1689782291650772,0.6094117164611816,0.37736889719963074,0.32834839820861816,0.17111463844776154,-0.22774212062358856,1.259222388267517,-0.08841929584741592,0.1542671173810959,-0.12755422294139862,0.8401384353637695,-0.1846039891242981,0.5179596543312073,0.05205303430557251,-0.0629127025604248,0.029575185850262642,0.4639582633972168,-0.1098741963505745,0.15873432159423828,0.2695847451686859,0.08578946441411972,0.20452041923999786,0.29295191168785095,-0.23470298945903778,-0.007914078421890736,-0.0946427583694458,-0.13026276230812073,-0.10100480169057846,0.6031627058982849,-0.2101607322692871,0.12979097664356232,-0.13502345979213715,0.4977054297924042,-0.23353253304958344,-0.23679232597351074,0.2680121660232544,0.5358101725578308,-0.022645289078354836,-0.21418052911758423,-0.08698270469903946,0.31891727447509766,-0.18650996685028076,-0.19307196140289307,0.03564731404185295,0.44442737102508545,-0.2370200902223587,0.7199363708496094,-0.14433680474758148,-0.12494394183158875,-0.15192390978336334,-0.24474895000457764,0.30204904079437256,0.3671016991138458,-0.14270754158496857,0.008905701339244843,0.7042903304100037,0.6218319535255432,0.1779431849718094,-0.09927574545145035,0.9746384024620056,-0.0644492506980896,-0.17217664420604706,0.48162487149238586,-0.23864446580410004,0.20228664577007294,1.1605156660079956,0.27435192465782166,-0.22448782622814178,0.3840363323688507,-0.13042853772640228,-0.22897033393383026,0.2764299809932709,-0.02286333031952381,0.20934738218784332,0.7161042094230652,0.7069078087806702,-0.19855372607707977,0.6526463627815247,-0.0365770198404789,-0.2124561071395874
32,247,221,281,251,0.20864877104759216,-0.2344243824481964,-0.08501828461885452,0.9458531737327576,-0.10652586817741394,-0.029574789106845856,0.010477611795067787,-0.18242833018302917,-0.032276347279548645,-0.26353907585144043,0.5474748611450195,-0.2565487325191498,0.060832999646663666,0.08337780088186264,-0.045141756534576416,-0.16458666324615479,-0.20017966628074646,-0.1997462809085846,-0.24666142463684082,-0.20473390817642212,-0.06331238150596619,-0.06837114691734314,0.27265501022338867,0.7536090016365051,0.24039822816848755,0.47938984632492065,-0.08973829448223114,-0.10586896538734436,0.14597220718860626,0.32047614455223083,-0.24942348897457123,-0.23161680996418,0.37472161650657654,0.2595900297164917,-0.18959470093250275,-0.22668004035949707,-0.26093292236328125,-0.019402332603931427,-0.2041129767894745,-0.02638585865497589,-0.24692773818969727,-0.22852462530136108,-0.1266636997461319,-0.05219157040119171,0.0030489563941955566,-0.2465536892414093,-0.19799327850341797,0.4338114857673645,0.5902519822120667,0.3900352120399475,0.5980256795883179,-0.13152027130126953,0.311982125043869,-0.2217358946800232,-0.014796916395425797,-0.19872158765792847,-0.2300509512424469,0.26647767424583435,0.5645127296447754,-0.2246832251548767,0.109512098133564,0.46781760454177856,0.08922247588634491,-0.24261242151260376,-0.01876906119287014,-0.20751729607582092,0.3561096489429474,-0.028453737497329712,0.08535048365592957,0.603484034538269,0.5921686291694641,-0.20276466012001038,-0.14797857403755188,0.020154353231191635,-0.08150353282690048,-0.216606006026268,0.028003614395856857,-0.2176111936569214,-0.16086339950561523,-0.15101590752601624,-0.03674020245671272,-0.24910840392112732,-0.25379276275634766,2.3521547317504883,-0.03151008114218712,-0.030289947986602783,-0.14486438035964966,-0.1358649730682373,0.25989285111427307,-0.20135682821273804,-0.24367231130599976,0.23077243566513062,0.1407504826784134,-0.2290935218334198,1.2313367128372192,-0.20891612768173218,-0.23129591345787048,0.04245387017726898,-0.23087278008460999,0.159666508436203,0.5862924456596375,-0.055623579770326614,0.25467202067375183,0.3596886694431305,-0.24449624121189117,0.21192428469657898,-0.02396835759282112,0.4742424190044403,-0.013299189507961273,0.3930302858352661,-0.07133562862873077,-0.21600835025310516,-0.14841651916503906,-0.21202519536018372,0.8402642011642456,-0.2463168203830719,0.611067533493042,-0.2125597894191742,-0.20415472984313965,-0.03122147172689438,-0.13615450263023376,0.37428176403045654,-0.18558865785598755,0.45883968472480774,-0.15443415939807892,0.38635095953941345,-0.11112507432699203,-0.23341897130012512
33,573,496,612,539,0.5203739404678345,-0.23815535008907318,0.5780526399612427,0.9227349162101746,-0.21086537837982178,0.009119872935116291,0.23908555507659912,-0.22001345455646515,-0.14293494820594788,-0.24322868883609772,0.2654992640018463,-0.19020891189575195,-0.11982885003089905,0.750263512134552,0.6633244156837463,-0.21435503661632538,-0.13262490928173065,0.028037093579769135,0.5686793923377991,-0.003682931186631322,-0.15337885916233063,0.3591555655002594,0.30858007073402405,-0.03885738179087639,0.3599340617656708,0.22765862941741943,-0.08438024669885635,-0.16030512750148773,0.5469569563865662,0.07343118637800217,-0.24051189422607422,-0.18918783962726593,-0.04661981388926506,0.595942497253418,-0.12525169551372528,-0.049104154109954834,-0.24888241291046143,0.013250976800918579,-0.1996169537305832,0.185044065117836,-0.23517732322216034,-0.22489823400974274,0.5100648403167725,0.2370002418756485,-0.12112920731306076,-0.07911146432161331,-0.19800782203674316,1.166441559791565,0.4129151999950409,0.13541516661643982,0.49097657203674316,0.5720917582511902,0.2603701949119568,-0.2589286267757416,1.560341477394104,-0.19214104115962982,0.5083298087120056,-0.055644433945417404,1.1325465440750122,-0.042916666716337204,0.6686074733734131,-0.12381833791732788,-0.10955363512039185,0.4769474267959595,0.2823192775249481,-0.21662598848342896,0.5929544568061829,0.09575378149747849,-0.07354343682527542,0.09790033847093582,0.5027907490730286,-0.17276644706726074,-0.15170413255691528,0.001464997767470777,-0.08983423560857773,-0.1813051700592041,0.7035560011863708,-0.23718702793121338,0.02204342745244503,-0.1044902577996254,0.1199747696518898,-0.22984035313129425,-0.2680259644985199,0.19379548728466034,0.1524120420217514,-0.13385756313800812,-0.188012957572937,-0.11663781851530075,0.010983849875628948,-0.17412900924682617,-0.08120285719633102,-0.1018013060092926,-0.14860102534294128,-0.24466735124588013,0.9666007161140442,-0.08366867154836655,-0.24587023258209229,-0.2098051905632019,-0.242334246635437,0.23202812671661377,0.2452462762594223,-0.17318689823150635,0.18995769321918488,0.5745753645896912,0.03024323843419552,0.3904748857021332,-0.08296188712120056,1.1146987676620483,-0.18500161170959473,-0.20307636260986328,0.3791525363922119,-0.23707377910614014,0.7739225029945374,0.3935147225856781,0.2787275016307831,-0.1787024885416031,0.2942400574684143,-0.056128501892089844,-0.1737644076347351,0.01195099949836731,-0.12429976463317871,0.20739006996154785,0.9534117579460144,0.7948994636535645,-0.2227863073348999,0.951636791229248,-0.09411846846342087,-0.23741810023784637
34,750,446,796,499,0.5416312217712402,-0.14132072031497955,0.30030882358551025,1.060893177986145,-0.2364480346441269,-0.24262495338916779,0.1236923560500145,-0.08586057275533676,-0.2624615430831909,-0.2523585855960846,0.16867615282535553,0.009591381065547466,0.08259687572717667,0.09555596113204956,0.2778870463371277,-0.14846830070018768,-0.17261911928653717,-0.18564732372760773,0.29337307810783386,0.014220613054931164,-0.020386116579174995,0.1717212200164795,0.5051873922348022,0.09223901480436325,0.15056686103343964,0.14789645373821259,-0.1902196854352951,-0.1856364756822586,0.42379045486450195,0.3515644073486328,-0.050825417041778564,-0.21716220676898956,-0.057354945689439774,0.33555424213409424,-0.13838201761245728,-0.1070604920387268,-0.20708589255809784,0.273730605840683,-0.20929519832134247,0.1188834011554718,-0.2365199774503708,-0.1572006493806839,0.008086727000772953,0.35274985432624817,-0.021568074822425842,-0.15831507742404938,-0.12551461160182953,0.43014249205589294,0.26936671137809753,0.23177392780780792,0.49927759170532227,-0.026109060272574425,0.5394176840782166,-0.21567277610301971,1.0054644346237183,-0.1942007690668106,0.0797734335064888,0.18687893450260162,0.6043865084648132,-0.19074995815753937,0.3157459795475006,0.660257875919342,-0.1578035205602646,-0.006966419517993927,0.07024675607681274,-0.09182051569223404,0.008190122433006763,0.3121044337749481,-0.026826567947864532,0.5417401790618896,0.5376062989234924,-0.19024808704853058,-0.052163075655698776,0.12970758974552155,-0.1760110706090927,-0.06793183833360672,0.4315057098865509,-0.13463528454303741,-0.04221585392951965,-0.26234179735183716,0.05061621591448784,-0.19091002643108368,-0.2765674889087677,0.3681131601333618,0.08581792563199997,0.22248034179210663,-0.16303730010986328,-0.22367499768733978,0.1719091534614563,-0.22513163089752197,-0.09235700219869614,0.17698390781879425,0.3753839433193207,-0.2623327374458313,0.24196599423885345,-0.1621006578207016,-0.22705800831317902,-0.043716710060834885,-0.22188584506511688,0.12044763565063477,0.050099145621061325,0.14275318384170532,0.10328390449285507,0.5581081509590149,0.14962364733219147,0.4948566257953644,0.011083941906690598,-0.014244104735553265,-0.10902789980173111,-0.07416804879903793,0.2056703120470047,-0.17067766189575195,0.4628143012523651,-0.17700554430484772,0.6167076230049133,-0.11017262935638428,0.736821711063385,-0.13082046806812286,-0.197309672832489,-0.049847204238176346,-0.1648186594247818,0.2955411374568939,0.025409430265426636,0.4214518368244171,-0.09807290881872177,0.5916538834571838,-0.14433398842811584,-0.20984907448291779
35,188,323,225,357,0.5828402042388916,-0.2521682381629944,0.17410381138324738,1.0948692560195923,-0.22550058364868164,0.5333613157272339,0.26992151141166687,-0.23920851945877075,0.9133054614067078,-0.15577171742916107,0.031755369156599045,0.4232594668865204,-0.16379998624324799,0.6965985894203186,0.7463306784629822,-0.26208794116973877,0.12935756146907806,0.43516597151756287,0.2366544008255005,-0.14769364893436432,-0.09313204139471054,0.20730669796466827,0.6652417182922363,0.44220420718193054,-0.03893385827541351,0.59653639793396,-0.14597785472869873,-0.18216438591480255,0.22024662792682648,0.8703683018684387,-0.1940132975578308,-0.211048424243927,-0.18903304636478424,0.24538637697696686,-0.16501422226428986,0.27737125754356384,0.01580405980348587,0.3027001619338989,0.39653944969177246,-0.06955733150243759,0.012789665721356869,-0.017543604597449303,-0.095084547996521,0.2392498105764389,0.2355068325996399,0.2635188102722168,-0.21963684260845184,1.365607738494873,0.4054185450077057,0.3989724814891815,0.17521780729293823,0.8807181715965271,0.5923733115196228,-0.06799105554819107,2.0147311687469482,-0.204637810587883,0.20327500998973846,0.6618475914001465,1.3184698820114136,-0.22187410295009613,0.5590344667434692,-0.15967430174350739,0.03854230046272278,0.13424009084701538,0.24178862571716309,0.4159243106842041,0.6639452576637268,0.08354506641626358,0.4816000461578369,-0.12868435680866241,0.34290552139282227,-0.15804557502269745,-0.02358442358672619,0.6693227291107178,-0.13938866555690765,-0.08085159957408905,1.6830226182937622,-0.16242378950119019,0.5826385617256165,-0.09412446618080139,1.0841110944747925,-0.24328553676605225,-0.22260750830173492,0.5707578659057617,1.042642593383789,-0.19278717041015625,-0.22731167078018188,-0.11517288535833359,0.5001894235610962,-0.19594652950763702,-0.20936912298202515,0.15073035657405853,0.3955802023410797,-0.11277570575475693,0.1538926213979721,0.20953160524368286,-0.022253774106502533,-0.07670395076274872,-0.21025674045085907,0.09725431352853775,0.9922725558280945,-0.18687646090984344,-0.14877890050411224,0.4916630685329437,1.3784531354904175,0.4580436646938324,-0.22135424613952637,0.9006392359733582,-0.12055516988039017,-0.22172772884368896,1.997494101524353,-0.08482960611581802,0.24584613740444183,1.1273316144943237,-0.09427667409181595,-0.02330351434648037,0.05693238973617554,0.04207692667841911,-0.20110315084457397,0.26620596647262573,0.03901233151555061,0.7029261589050293,0.10951680690050125,0.7168963551521301,-0.0017900815000757575,0.9711233973503113,-0.07448138296604156,-0.1972125768661499
36,158,426,194,458,0.08033794909715652,-0.2219516485929489,0.6300686001777649,1.1228439807891846,-0.20201396942138672,0.5137237906455994,0.14280618727207184,-0.24683107435703278,0.1874956339597702,0.003204256296157837,0.49342426657676697,0.2027224451303482,-0.18367791175842285,0.23846618831157684,0.9089551568031311,-0.24390339851379395,0.002396027324721217,0.9464138150215149,0.06611514091491699,-0.23063097894191742,-0.10325606912374496,0.4639139175415039,0.5283218026161194,0.9086617827415466,0.30160486698150635,0.9280664324760437,-0.20674104988574982,-0.1839638352394104,1.062445044517517,1.0920461416244507,-0.07291363924741745,-0.18999610841274261,-0.12462504953145981,0.08085557818412781,-0.21035826206207275,-0.22605915367603302,0.05253473296761513,0.7188057899475098,-0.013300105929374695,0.13909000158309937,0.23016370832920074,0.12928400933742523,0.7386314868927002,1.2071260213851929,-0.08395758271217346,0.48971235752105713,-0.2431032508611679,3.112319231033325,0.504966676235199,0.4096185863018036,0.1518394500017166,0.7401919364929199,0.6864392161369324,-0.09254330396652222,0.3816896975040436,-0.20970852673053741,0.8413675427436829,0.4251292049884796,1.421388030052185,-0.13248085975646973,0.28186550736427307,-0.13220588862895966,0.20927254855632782,1.3921092748641968,-0.09311576932668686,0.2562131881713867,0.8053505420684814,-0.09575819224119186,0.7439807057380676,0.150657519698143,0.418621301651001,0.18516187369823456,-0.17560715973377228,-0.0007017453317530453,-0.16701024770736694,0.10872137546539307,0.8288691639900208,-0.008420038037002087,0.9500200152397156,-0.11596369743347168,0.5192103385925293,-0.25454041361808777,-0.23065821826457977,0.26941922307014465,0.49289464950561523,-0.10367900133132935,-0.15016977488994598,-0.07289423048496246,0.5130001306533813,-0.22423017024993896,-0.23342891037464142,-0.028020838275551796,0.6916170716285706,0.0821249857544899,0.08183493465185165,0.08651427179574966,-0.1531369537115097,-0.1898016333580017,-0.23640871047973633,-0.03679903224110603,0.23638594150543213,0.08949151635169983,0.5701245665550232,0.6751760840415955,2.26019024848938,0.6496464610099792,-0.07466307282447815,0.2590971887111664,0.8296448588371277,-0.18905210494995117,0.523182213306427,0.2582995295524597,0.32420316338539124,1.3102083206176758,-0.12658651173114777,0.30720755457878113,-0.04359303042292595,0.3691209554672241,-0.017305538058280945,0.25232362747192383,-0.04958036541938782,0.571838915348053,0.010099331848323345,0.565187931060791,-0.12236011028289795,0.3364222049713135,0.43265530467033386,-0.16176210343837738
37,836,554,871,585,0.2763824462890625,-0.21577496826648712,-0.21218867599964142,1.120111107826233,-0.1423695981502533,0.12781573832035065,0.41771095991134644,-0.19517144560813904,0.05059292912483215,-0.25175923109054565,0.07221366465091705,0.3630145490169525,-0.1574353724718094,-0.11239518225193024,0.6740752458572388,-0.22635284066200256,-0.2340766191482544,-0.24394598603248596,-0.23335319757461548,-0.08138041198253632,-0.11739635467529297,0.2999875843524933,0.12527862191200256,1.6211612224578857,-0.062092892825603485,0.9311498403549194,-0.18609867990016937,-0.12823991477489471,0.0917312502861023,0.7683035135269165,-0.25519973039627075,0.09787675738334656,-0.0933513343334198,0.10678061097860336,-0.15010298788547516,0.26306113600730896,0.05245065689086914,0.011547796428203583,0.3195609450340271,-0.08700867742300034,-0.02601747214794159,0.07250017672777176,-0.11468194425106049,0.15586011111736298,0.14718025922775269,-0.12846718728542328,-0.20848742127418518,0.5808380842208862,0.4523107707500458,0.21887636184692383,0.9663825631141663,0.19120121002197266,0.20902344584465027,-0.25410473346710205,0.9310889840126038,-0.2480641007423401,0.06055223196744919,1.0399675369262695,1.028301477432251,-0.16354945302009583,0.010963317938148975,0.18709123134613037,-0.16498850286006927,-0.16324105858802795,-0.023667998611927032,-0.07088002562522888,0.4043607711791992,-0.09836071729660034,0.1434541642665863,0.11975998431444168,0.6081409454345703,-0.21933484077453613,-0.19649818539619446,0.1415967047214508,-0.20273591578006744,0.08814915269613266,0.7477830052375793,-0.23633402585983276,0.06085105985403061,-0.15489593148231506,0.5503436326980591,-0.2033643126487732,-0.24847829341888428,1.4735333919525146,0.8842191696166992,-0.18297484517097473,-0.18468451499938965,-0.1504749357700348,0.06542318314313889,-0.2017921507358551,-0.24032002687454224,0.24148277938365936,-0.0031058378517627716,0.030029818415641785,0.4530285596847534,0.35433751344680786,-0.059650056064128876,-0.24496488273143768,-0.25695353746414185,0.059636130928993225,1.3281738758087158,-0.0005004033446311951,-0.02317487820982933,0.3467494249343872,0.4046229124069214,0.20593328773975372,-0.10141058266162872,0.24799233675003052,-0.015771791338920593,-0.23309819400310516,1.455674171447754,0.206734299659729,0.03731364756822586,-0.1651923656463623,0.22618359327316284,-0.11343693733215332,0.1667577475309372,-0.047446608543395996,-0.1631476879119873,0.03626194968819618,-0.031764402985572815,0.4937727451324463,-0.19776639342308044,0.6618015170097351,0.1691524237394333,0.7238634824752808,-0.1454293131828308,-0.10689935088157654
38,789,452,828,497,0.6382632255554199,-0.21502740681171417,0.4717906713485718,0.9801774024963379,-0.20081108808517456,-0.2556089460849762,0.7428334355354309,-0.22814786434173584,-0.05999867990612984,-0.25321531295776367,0.06162743270397186,-0.14900992810726166,-0.17893652617931366,0.5027453899383545,0.321280837059021,-0.24962465465068817,-0.04976208135485649,0.17275655269622803,0.9291324019432068,-0.19594649970531464,-0.17088539898395538,-0.07106871902942657,0.45203518867492676,0.10306230187416077,-0.09713102132081985,0.38205185532569885,-0.23087270557880402,-0.16210483014583588,0.5598210692405701,0.12309551239013672,0.036471135914325714,-0.17560434341430664,0.1766587495803833,0.07688208669424057,-0.09838249534368515,-0.10887978225946426,-0.24936115741729736,0.857184112071991,-0.006699974182993174,0.2951842248439789,-0.20107324421405792,-0.22027210891246796,-0.03870848938822746,0.45259174704551697,-0.14393644034862518,-0.044418055564165115,-0.1929050236940384,0.6968570351600647,0.3301059901714325,0.6626308560371399,0.38143137097358704,-0.16237907111644745,1.1258673667907715,-0.2514825761318207,2.3635082244873047,-0.021733900532126427,0.3313778340816498,-0.21743346750736237,0.8389568328857422,-0.25888630747795105,0.8598833084106445,0.31701838970184326,-0.214350625872612,0.11072000116109848,0.6430112719535828,-0.18618355691432953,-0.16362357139587402,0.19249479472637177,-0.17559480667114258,0.3577158451080322,0.1595122218132019,-0.2516395151615143,-0.04760966822504997,0.12229695171117783,-0.23182564973831177,-0.1647302657365799,0.5888102650642395,-0.17837192118167877,-0.06745725125074387,-0.2040952444076538,0.17309688031673431,-0.2208794206380844,-0.26449236273765564,0.3373053967952728,0.637585461139679,-0.02200978994369507,-0.2743062674999237,-0.1342010349035263,0.8152287006378174,-0.21185554563999176,-0.20565934479236603,0.06529337912797928,0.19844596087932587,-0.25012922286987305,0.9284667372703552,-0.1782461404800415,-0.24359005689620972,0.12721756100654602,-0.22344104945659637,0.20556850731372833,0.43018198013305664,-0.02973114140331745,-0.11903534084558487,0.9964129328727722,0.2774202823638916,0.32125067710876465,-0.07639337331056595,0.4599110782146454,-0.2122936248779297,-0.07465440779924393,0.6903786659240723,-0.23971585929393768,0.8154204487800598,0.07540559023618698,0.6557215452194214,-0.05560261383652687,1.315981388092041,-0.10540881007909775,-0.20399786531925201,0.07509150356054306,-0.11597636342048645,0.18182533979415894,0.5846977829933167,0.8016847968101501,-0.21743763983249664,1.3848577737808228,-0.18686969578266144,-0.23298752307891846
39,452,602,480,628,0.7547115087509155,-0.24520353972911835,-0.13593311607837677,1.1830179691314697,-0.1971605271100998,0.5422577857971191,0.346363365650177,-0.21799317002296448,-0.12157466262578964,-0.23550383746623993,0.1578460931777954,-0.2562656104564667,-0.10096971690654755,-0.06861096620559692,0.0978994071483612,-0.1951943039894104,-0.18050901591777802,-0.13033035397529602,-0.2616344690322876,-0.16671761870384216,0.15231779217720032,0.4189094305038452,0.34291335940361023,1.7321282625198364,0.16076698899269104,1.2425159215927124,-0.21262183785438538,-0.24782082438468933,0.3908088803291321,1.6473138332366943,0.3856423497200012,0.13352735340595245,-0.1611461341381073,0.08902834355831146,-0.1772700697183609,-0.010905757546424866,0.21662138402462006,0.1575479656457901,-0.15318822860717773,0.03106403350830078,-0.07066531479358673,0.095119908452034,0.0005833059549331665,0.6994389295578003,0.08787713944911957,-0.055922262370586395,-0.17211899161338806,0.6855593323707581,0.9619643092155457,0.3914478123188019,1.2445231676101685,0.7596544623374939,0.5191675424575806,-0.21221768856048584,0.6482871770858765,-0.25161993503570557,0.31856226921081543,0.3247062563896179,1.7573705911636353,-0.2633212208747864,0.02386389672756195,0.4024612605571747,-0.22392398118972778,-0.23444341123104095,0.1969088613986969,0.6190345287322998,-0.10870860517024994,0.15118622779846191,0.11080203950405121,0.27088525891304016,0.4402883052825928,-0.25547242164611816,-0.07733967900276184,0.21970240771770477,-0.19650976359844208,0.1317564696073532,0.2661597430706024,-0.08399681746959686,-0.158763587474823,-0.14227363467216492,1.4826915264129639,-0.18267406523227692,-0.26226502656936646,-0.0019613131880760193,0.32938718795776367,-0.19375772774219513,-0.17481230199337006,-0.16314968466758728,0.05293513834476471,-0.19224238395690918,-0.23111554980278015,0.30450186133384705,0.17752286791801453,0.22026650607585907,-0.11666426062583923,0.06628298759460449,-0.14699546992778778,-0.14746829867362976,-0.25380584597587585,-0.006130307912826538,-0.08016347885131836,0.3022516369819641,-0.12097372114658356,0.7515047788619995,1.4202125072479248,0.381679892539978,-0.07935591042041779,-0.1908913254737854,-0.18045471608638763,-0.21812571585178375,1.3030403852462769,0.5260828733444214,-0.07131806015968323,0.25896432995796204,0.08027081191539764,0.022159650921821594,0.34626442193984985,-0.16640642285346985,-0.223760187625885,0.11733148992061615,-0.10048842430114746,0.06356918811798096,-0.25151729583740234,0.5966614484786987,-0.04036369174718857,0.11102065443992615,-0.02068648487329483,-0.04167908430099487
40,768,728,804,762,0.6388903260231018,-0.22440487146377563,-0.09289393573999405,1.0830364227294922,-0.1832323670387268,0.20373786985874176,0.44210824370384216,-0.1991851031780243,-0.17574694752693176,-0.26030656695365906,0.022357910871505737,0.0219862163066864,-0.1375737190246582,-0.12964417040348053,0.39320722222328186,-0.21959054470062256,-0.12276323139667511,0.11871841549873352,-0.21818356215953827,0.01470983773469925,-0.07078108936548233,0.8146233558654785,0.19214335083961487,1.3229494094848633,-0.15138481557369232,0.6119087934494019,-0.19955018162727356,-0.03720337152481079,0.09893536567687988,0.5851664543151855,-0.1556786298751831,-0.1829192340373993,-0.1424330323934555,0.2180987447500229,-0.16537779569625854,-0.1546037793159485,-0.07587873935699463,-0.11624827235937119,-0.24511529505252838,0.07544919103384018,-0.13462528586387634,-0.11024893820285797,-0.12692278623580933,0.5615589022636414,0.06446938961744308,-0.20812848210334778,-0.16788344085216522,0.8149398565292358,0.4745301306247711,0.08469709753990173,0.8479452133178711,0.7314679622650146,0.18918132781982422,-0.14336377382278442,0.9320772886276245,-0.2520848512649536,0.21645553410053253,0.4247092604637146,1.189795732498169,-0.25399118661880493,0.5692150592803955,0.32819876074790955,-0.20878314971923828,-0.14979888498783112,0.08858752995729446,0.11268342286348343,0.6599546670913696,-0.08756508678197861,0.5293297171592712,0.25911617279052734,1.063734531402588,-0.22132965922355652,-0.1666020303964615,0.1618136465549469,-0.1850452721118927,-0.025274284183979034,0.7734425663948059,-0.14890360832214355,0.284209281206131,-0.1358930468559265,0.4763265550136566,-0.23501482605934143,-0.25772374868392944,-0.020035315304994583,0.5323227047920227,-0.13939103484153748,-0.06806643307209015,-0.1276531219482422,-0.0701175108551979,-0.20366796851158142,-0.20197021961212158,0.3051600456237793,0.14598983526229858,-0.24191914498806,0.7346280813217163,0.06546921283006668,-0.24858376383781433,-0.1472419649362564,-0.2710607647895813,0.10262330621480942,0.08233041316270828,0.00728665292263031,0.003680311143398285,0.5932852625846863,0.5221084952354431,0.3447788953781128,-0.1429072916507721,0.018575288355350494,0.03730913996696472,-0.2197795808315277,1.371894121170044,-0.0614033043384552,0.3428523540496826,-0.07955002039670944,0.019817471504211426,-0.007413186132907867,0.10111001133918762,-0.1289452761411667,-0.22818481922149658,0.3197231888771057,-0.13101622462272644,0.205833300948143,0.04779981076717377,0.7432934045791626,0.03142943233251572,0.2491798847913742,0.019257299602031708,-0.17953675985336304
41,472,578,505,609,0.9646063446998596,-0.24980805814266205,0.6189064383506775,1.020326852798462,-0.12808111310005188,-0.043942682445049286,0.7121536731719971,-0.2291712462902069,0.235275000333786,-0.22226297855377197,1.3045226335525513,-0.11890585720539093,-0.15848684310913086,0.9686421155929565,0.358236163854599,-0.2189120203256607,-0.09948243945837021,-0.1271761953830719,0.48488616943359375,-0.20401275157928467,-0.2146948128938675,0.06429067999124527,0.2060927450656891,-0.15017350018024445,0.14340603351593018,1.2906301021575928,-0.16866889595985413,-0.21642059087753296,1.3056155443191528,0.1865176111459732,-0.22096040844917297,-0.17866264283657074,-0.003729715943336487,0.029989376664161682,-0.13681650161743164,0.3980972468852997,-0.1530475616455078,0.33140453696250916,0.5496292114257812,0.25245779752731323,-0.11984019726514816,-0.09406067430973053,0.21782639622688293,0.08591267466545105,0.6596596837043762,-0.02712886780500412,-0.23035892844200134,1.9968401193618774,0.5007717609405518,0.5696433782577515,0.2360067069530487,0.4935723543167114,0.2350292205810547,0.019254453480243683,1.0061583518981934,-0.2605738043785095,0.039589546620845795,0.36696523427963257,0.37904441356658936,-0.19876840710639954,0.14777806401252747,0.23765844106674194,0.03501763194799423,0.2411433756351471,0.35673558712005615,-0.23615117371082306,0.13368138670921326,-0.03341863304376602,0.3280680179595947,0.474465548992157,0.14155998826026917,-0.022486895322799683,-0.10971242189407349,0.1919907182455063,-0.16490402817726135,-0.0961480587720871,1.3098516464233398,-0.17348787188529968,0.9392538070678711,-0.10635532438755035,-0.18264293670654297,-0.25696128606796265,-0.2548474073410034,1.1583778858184814,0.3272046446800232,-0.184284508228302,-0.20728570222854614,-0.07731878757476807,0.20586079359054565,-0.1707679182291031,-0.25386542081832886,-0.038546591997146606,0.15799519419670105,-0.2132243812084198,0.25713977217674255,-0.002840951085090637,-0.15177401900291443,-0.26379886269569397,-0.24847567081451416,0.09116718918085098,1.3328583240509033,0.24307136237621307,0.43166065216064453,0.6830645799636841,-0.22449137270450592,0.0022471845149993896,-0.004389069974422455,0.5019856691360474,-0.13985241949558258,-0.19963033497333527,1.1046695709228516,-0.1564645767211914,0.09219329059123993,0.7018248438835144,0.1683603674173355,-0.10105276107788086,0.3544451892375946,-0.13234274089336395,-0.21110975742340088,0.3554428219795227,0.02833711728453636,0.7248220443725586,-0.10542622208595276,0.4498515725135803,-0.16789968311786652,1.1217857599258423,0.31188732385635376,-0.2433166205883026
42,356,599,385,631,0.7262676954269409,-0.21906094253063202,0.5601276159286499,0.9746096730232239,-0.21866264939308167,0.38553351163864136,0.7277628779411316,-0.2294023036956787,0.6099469661712646,-0.23516981303691864,0.25351056456565857,-0.0767110288143158,-0.0706733986735344,0.8085200786590576,0.5354461669921875,-0.2673909664154053,0.018563788384199142,0.726536750793457,0.2611449658870697,-0.1379184126853943,-0.19911348819732666,0.08137546479701996,0.5805737972259521,0.4523420035839081,0.4681774377822876,1.3715229034423828,0.03645322471857071,-0.09702154248952866,0.7161470651626587,1.0420918464660645,0.4049864113330841,-0.18954940140247345,0.09152005612850189,0.06088508665561676,-0.20885157585144043,0.06255963444709778,-0.14027073979377747,0.24634653329849243,0.041949562728405,-0.0010748691856861115,-0.17084121704101562,-0.20893393456935883,-0.0014105737209320068,0.8575920462608337,0.25119367241859436,0.07752792537212372,-0.24169079959392548,1.2495851516723633,0.18893155455589294,0.5952340960502625,0.8926103711128235,0.9970225095748901,0.30632951855659485,-0.23191407322883606,2.0595152378082275,-0.19873210787773132,0.5492738485336304,-0.16221760213375092,1.6203954219818115,-0.13144472241401672,0.5201708078384399,0.04889920353889465,-0.21820363402366638,-0.004039250314235687,1.03721022605896,-0.02399437129497528,0.7436317205429077,0.3420015573501587,-0.11473684757947922,-0.029822558164596558,0.2454243004322052,-0.23818403482437134,-0.15333861112594604,-0.11558756232261658,-0.15216128528118134,-0.1986694186925888,0.48618632555007935,-0.23769249022006989,-0.06779646873474121,-0.1234598308801651,1.0821716785430908,-0.23372745513916016,-0.24515309929847717,0.1918765902519226,0.6462472081184387,-0.14547988772392273,-0.10708096623420715,-0.08438588678836823,0.21479356288909912,-0.19275565445423126,-0.1898210346698761,-0.18114741146564484,0.0311959907412529,-0.25084683299064636,0.8648900985717773,-0.025618745014071465,-0.1924767792224884,0.168276846408844,-0.21148736774921417,0.24600408971309662,0.45573803782463074,-0.1508510857820511,0.2372165322303772,1.1129043102264404,1.1936078071594238,0.14697477221488953,0.062484145164489746,0.9230326414108276,-0.10120897740125656,-0.20057246088981628,0.910285472869873,-0.16308552026748657,0.8473926782608032,1.5835905075073242,0.030677033588290215,-0.1144535019993782,0.14883439242839813,-0.17027439177036285,-0.1956297755241394,0.22171223163604736,0.0012856870889663696,0.06519577652215958,0.4069250226020813,1.0018789768218994,-0.21062935888767242,0.42207103967666626,0.001368112862110138,-0.21080297231674194
43,453,300,485,341,0.6758250594139099,-0.19408059120178223,0.30150216817855835,1.0095809698104858,-0.2338460236787796,-0.12241014838218689,0.3076459467411041,-0.16963021457195282,-0.1714155226945877,-0.2356007695198059,0.15095525979995728,-0.19126850366592407,0.002756615402176976,0.3446231782436371,0.32662227749824524,-0.2102479487657547,-0.19098900258541107,-0.19773446023464203,0.42401838302612305,-0.006513506174087524,-0.010144881904125214,0.11353269964456558,0.21862877905368805,0.606928825378418,0.06924168020486832,0.37570562958717346,-0.16855700314044952,-0.12836574018001556,0.6269015669822693,0.08105770498514175,-0.06307700276374817,-0.09555735439062119,-0.006821756716817617,0.4306839406490326,-0.10789769887924194,-0.04707115888595581,-0.20989938080310822,-0.005147784948348999,-0.02328372932970524,0.23869355022907257,-0.2452213019132614,-0.16947950422763824,0.2672608196735382,0.19029025733470917,0.3696634769439697,-0.13767127692699432,-0.11845353990793228,0.6352723240852356,0.9138946533203125,0.23382113873958588,0.9483051896095276,0.13581562042236328,0.23596394062042236,-0.19387580454349518,1.5852680206298828,-0.23327524960041046,0.24433071911334991,0.3930504024028778,1.020309329032898,-0.15370437502861023,0.44330334663391113,0.5743367075920105,-0.18284094333648682,0.008202631957828999,0.22106391191482544,-0.22096367180347443,0.07635871320962906,0.08399427682161331,-0.01534924004226923,0.5774231553077698,0.3589794933795929,-0.21313224732875824,-0.18578524887561798,0.37505409121513367,-0.18740898370742798,-0.17267727851867676,0.9506699442863464,-0.19802670180797577,-0.08796489238739014,-0.18905670940876007,0.1953326016664505,-0.17962242662906647,-0.2725338637828827,0.15993815660476685,0.473612904548645,0.2051692008972168,-0.1797114759683609,-0.20059484243392944,0.13107822835445404,-0.18122874200344086,-0.1688072681427002,-0.017557576298713684,0.34629955887794495,-0.2559734582901001,0.5320741534233093,-0.1413695365190506,-0.24225246906280518,0.2628454267978668,-0.23292191326618195,0.12513737380504608,0.21295513212680817,0.09932195395231247,0.06373036652803421,1.026049256324768,-0.25622960925102234,0.6889529228210449,-0.023626534268260002,0.525871217250824,-0.1820899397134781,-0.12912052869796753,0.22350168228149414,-0.13259431719779968,0.7724225521087646,-0.015865394845604897,0.48813700675964355,-0.1186397448182106,0.5904099345207214,-0.18264824151992798,-0.2339390367269516,0.011651943437755108,-0.1171286478638649,0.16187328100204468,0.123493991792202,0.564008891582489,-0.06781204789876938,0.9704615473747253,-0.2066904902458191,-0.228237584233284
44,478,299,518,348,0.7932975888252258,-0.20757347345352173,0.6121913194656372,0.9517068862915039,-0.23921701312065125,-0.13093507289886475,0.21365775167942047,-0.18410788476467133,-0.1659940630197525,-0.23096291720867157,0.046024151146411896,-0.15499837696552277,0.009465349838137627,0.2157362699508667,0.28394579887390137,-0.20599588751792908,-0.15793514251708984,-0.1261427253484726,0.4962327778339386,-0.07389093190431595,0.00927246268838644,0.18239150941371918,0.32626211643218994,0.8214951157569885,-0.024108197540044785,0.40812671184539795,-0.17564551532268524,-0.1421181708574295,0.3758574426174164,0.13543075323104858,-0.08045829832553864,-0.11878152936697006,0.05197661370038986,0.6035966277122498,-0.12821461260318756,0.0022340482100844383,-0.2157531976699829,0.06762200593948364,0.006956113502383232,0.1830492615699768,-0.20817174017429352,-0.20018631219863892,0.270088255405426,0.41011640429496765,0.19574572145938873,-0.040554478764534,-0.13341259956359863,0.8828379511833191,0.34871411323547363,0.026816831901669502,0.926298975944519,0.1077406033873558,0.45521342754364014,-0.22553317248821259,2.0067055225372314,-0.22914330661296844,0.4983116686344147,0.32279300689697266,1.3691749572753906,-0.01405052375048399,0.6071665287017822,0.2587653398513794,-0.16230808198451996,0.022462692111730576,0.17625541985034943,-0.14919835329055786,0.13747388124465942,0.1264117956161499,-0.07462676614522934,0.2908058166503906,0.5356282591819763,-0.2007472813129425,-0.198182612657547,0.3663643002510071,-0.21899141371250153,-0.19687825441360474,0.841325581073761,-0.20431263744831085,-0.15534265339374542,-0.18735353648662567,0.19133789837360382,-0.22024863958358765,-0.27191150188446045,0.07870132476091385,0.19405478239059448,0.31279775500297546,-0.14962002635002136,-0.19516506791114807,0.28338757157325745,-0.19350332021713257,-0.20774579048156738,-0.08518549054861069,0.08963117003440857,-0.24705280363559723,1.1601910591125488,-0.14588476717472076,-0.24383868277072906,0.267863005399704,-0.26654672622680664,0.16852688789367676,0.2757209837436676,0.02055027335882187,0.1502026468515396,1.007842779159546,-0.23219925165176392,0.5459709763526917,-0.13286767899990082,0.5139256715774536,-0.16652816534042358,-0.14028522372245789,0.3934066593647003,-0.11962001770734787,1.079018473625183,-0.05886504426598549,0.5448251366615295,-0.12800158560276031,0.29508548974990845,-0.15863941609859467,-0.2460174560546875,-0.11097347736358643,-0.14456014335155487,0.16043168306350708,0.39381086826324463,0.542679488658905,-0.10043058544397354,1.1058249473571777,-0.21892043948173523,-0.21904593706130981
45,509,477,541,507,0.3167243003845215,-0.2654159963130951,-0.044973962008953094,1.0770771503448486,-0.15317341685295105,-0.261923223733902,0.040333863347768784,-0.18055981397628784,-0.23667506873607635,-0.2265039086341858,0.4806179404258728,-0.2611890733242035,0.09406650811433792,-0.06963153183460236,0.3695130944252014,-0.19794829189777374,0.5629018545150757,-0.19678211212158203,-0.26705121994018555,-0.22068212926387787,0.18455617129802704,0.30102792382240295,0.3517921268939972,0.505527138710022,0.2393687516450882,-0.16929160058498383,-0.1852942705154419,-0.26167696714401245,0.3382236957550049,0.08922018110752106,-0.15345498919487,-0.20991063117980957,-0.0652088150382042,0.3737238049507141,-0.2329651266336441,-0.12357383966445923,-0.0851408839225769,0.07209344953298569,-0.21512152254581451,-0.16224148869514465,-0.22031369805335999,-0.07009880989789963,-0.16274398565292358,0.665279746055603,0.07713226228952408,-0.22696204483509064,-0.18374550342559814,0.6912012100219727,-0.03835168480873108,0.03379637748003006,0.7454285621643066,-0.004720952361822128,0.24190199375152588,-0.2176968902349472,0.4098932147026062,-0.2193482220172882,-0.18205901980400085,0.714999258518219,0.9768876433372498,-0.20213337242603302,-0.06819897890090942,0.730918288230896,-0.17901957035064697,0.280512273311615,-0.09187500178813934,0.2357761263847351,-0.09485191106796265,0.21405066549777985,-0.03558941185474396,0.3528709411621094,0.5358889102935791,-0.21843191981315613,-0.2319473922252655,0.3300943374633789,-0.010534249246120453,-0.1197478175163269,0.2307242900133133,-0.25788313150405884,-0.18821634352207184,-0.18996073305606842,-0.12949003279209137,-0.26849210262298584,-0.2580285370349884,-0.1444379985332489,-0.06911291927099228,-0.04017315059900284,-0.03696192055940628,-0.21275456249713898,0.12103790044784546,-0.21164089441299438,-0.2520983815193176,-0.049774084240198135,0.40192675590515137,-0.10396550595760345,-0.15707950294017792,0.14654488861560822,-0.14521974325180054,0.27434277534484863,-0.25604957342147827,0.03491922840476036,0.9335361123085022,0.050186965614557266,0.04133163392543793,0.44959133863449097,-0.21619555354118347,0.17590060830116272,-0.13431082665920258,-0.2530762255191803,0.396211713552475,-0.11050140112638474,-0.08087809383869171,0.010197289288043976,-0.18023894727230072,-0.20440945029258728,0.333750456571579,-0.09550615400075912,0.2948471009731293,-0.24352586269378662,-0.22507968544960022,-0.005302824079990387,-0.1321098506450653,0.5359458923339844,-0.273213267326355,0.1937471628189087,-0.05948276072740555,0.1872262954711914,-0.16235440969467163,-0.1353769749403
46,466,557,494,582,0.07461851835250854,-0.2673887014389038,-0.12833884358406067,1.234087347984314,-0.15472126007080078,-0.1105220764875412,-0.008183196187019348,-0.18879860639572144,-0.15763968229293823,-0.19894903898239136,0.21433421969413757,-0.26805049180984497,0.054798588156700134,-0.1152774766087532,0.3289100229740143,-0.19433265924453735,0.6047609448432922,-0.18608078360557556,-0.23600345849990845,-0.048637717962265015,-0.058364905416965485,1.8459696769714355,0.16272644698619843,1.1074326038360596,0.8653071522712708,-0.24664711952209473,-0.21617184579372406,-0.26533597707748413,0.15971729159355164,-0.05089162290096283,-0.1698932647705078,-0.24819698929786682,-0.18431100249290466,0.310538649559021,-0.20748955011367798,-0.07215648889541626,0.08385957032442093,-0.04933571070432663,-0.19719725847244263,-0.12810543179512024,-0.24702107906341553,0.08795564621686935,-0.05652109906077385,0.8825247883796692,-0.002399161458015442,-0.24458682537078857,-0.16684606671333313,0.8330674171447754,0.2678929567337036,0.08663145452737808,1.4527010917663574,0.37819230556488037,0.19554218649864197,-0.2017572522163391,0.7436222434043884,-0.22427742183208466,-0.18223659694194794,1.051893949508667,1.8350915908813477,-0.2496306300163269,0.024237513542175293,0.2993258535861969,-0.15198296308517456,-0.02951299399137497,-0.19023708999156952,0.004039213061332703,-0.18778643012046814,0.008763857185840607,0.09354107081890106,0.22970479726791382,0.8409404754638672,-0.26088207960128784,-0.2023334950208664,0.17135171592235565,-0.02854808047413826,-0.0943632498383522,0.07081951946020126,-0.25072404742240906,-0.1958400011062622,-0.1905706524848938,0.6431445479393005,-0.2537643313407898,-0.27233633399009705,-0.1292218565940857,-0.07238077372312546,-0.24337297677993774,-0.16943591833114624,-0.2092122733592987,-0.01956372708082199,-0.20083631575107574,-0.245504230260849,0.19505876302719116,0.2519375681877136,0.0527581125497818,-0.16724595427513123,0.28658050298690796,-0.1923525333404541,0.15804098546504974,-0.25180232524871826,-0.024368442595005035,-0.04160182923078537,-0.022945694625377655,0.09439266473054886,0.2850170433521271,-0.26908183097839355,0.4376436471939087,-0.06950417906045914,-0.23877248167991638,0.44944655895233154,-0.196547269821167,-0.0400124192237854,0.21582312881946564,0.0053932699374854565,-0.19459491968154907,0.06410172581672668,-0.07789922505617142,-0.012819536030292511,-0.2714536190032959,-0.2006373554468155,-0.023956775665283203,-0.12500929832458496,0.2605658769607544,-0.24964579939842224,0.18249469995498657,-0.0744951143860817,-0.10628128051757812,-0.14140832424163818,-0.05278634652495384
47,458,626,487,656,0.729442298412323,-0.2623167634010315,0.39079591631889343,1.0118167400360107,-0.1461292803287506,-0.2370685636997223,0.3184729814529419,-0.23926199972629547,0.07729755342006683,-0.2321244776248932,1.220272183418274,-0.03177904337644577,-0.14063692092895508,0.6978898644447327,0.3758009970188141,-0.2407553642988205,-0.13055139780044556,0.05380292981863022,0.12712356448173523,-0.16185377538204193,-0.1803489327430725,0.01581735908985138,0.3223261833190918,-0.23428472876548767,0.5137761235237122,1.0147640705108643,0.050798073410987854,-0.2128751277923584,0.8402197957038879,0.0686352550983429,-0.13586218655109406,-0.20679602026939392,-0.13552476465702057,0.12859490513801575,-0.19422173500061035,0.36919042468070984,-0.06911104917526245,0.1881391406059265,0.7577965259552002,0.023522883653640747,-0.19462111592292786,-0.04610801488161087,0.14344316720962524,0.2996146082878113,0.6478536128997803,-0.11275739222764969,-0.1567493975162506,1.3089137077331543,0.028557736426591873,0.4047633707523346,0.28179726004600525,0.6405571699142456,0.06809212267398834,-0.05072207748889923,1.079465627670288,-0.2357219010591507,0.0037460997700691223,0.21205082535743713,0.6349707841873169,-0.2013055682182312,-0.22409719228744507,0.17113137245178223,-0.09111977368593216,-0.15763288736343384,-0.008361563086509705,-0.21839943528175354,0.02014322578907013,0.10452571511268616,0.036366552114486694,0.3798897862434387,-0.009574025869369507,-0.13513828814029694,-0.16842523217201233,-0.04593147709965706,-0.015548869967460632,-0.11402907967567444,1.3140698671340942,-0.2126479297876358,0.28993135690689087,-0.09610356390476227,-0.15872441232204437,-0.25817278027534485,-0.26078420877456665,0.8463682532310486,0.3090693950653076,-0.1465403437614441,-0.20215103030204773,-0.10705716907978058,0.11720497161149979,-0.19189175963401794,-0.22783023118972778,-0.08559002727270126,0.04570026695728302,-0.12370263040065765,-0.13579078018665314,0.20268183946609497,-0.07565756887197495,-0.15764307975769043,-0.2627253830432892,0.12153170257806778,1.8564705848693848,-0.0844765305519104,0.5781362652778625,0.48169535398483276,-0.19621682167053223,-0.23863375186920166,-0.020334847271442413,0.1114911139011383,-0.19532069563865662,-0.202873095870018,0.9386948347091675,-0.09464088082313538,-0.13011577725410461,0.31816715002059937,0.18826790153980255,-0.14080390334129333,0.21911871433258057,-0.22978347539901733,-0.15913017094135284,-0.033391937613487244,0.007323339581489563,0.774640679359436,-0.16558966040611267,0.4577026069164276,-0.21084560453891754,0.74091637134552,-0.14195048809051514,-0.22678737342357635
48,335,592,366,627,0.445984810590744,-0.20768046379089355,0.2391584813594818,1.0482573509216309,-0.18191304802894592,-0.2620626986026764,0.43007713556289673,-0.22111088037490845,-0.2563994526863098,-0.25775954127311707,0.33681315183639526,-0.2479410618543625,0.013487190008163452,0.6214967370033264,0.6728241443634033,-0.25089865922927856,-0.011261139065027237,0.00328855961561203,0.09987744688987732,0.1380942165851593,-0.1715620458126068,0.9972652196884155,0.29933202266693115,-0.1830100566148758,0.8252325057983398,-0.11810998618602753,-0.18960121273994446,-0.1370866745710373,0.2821534276008606,0.17693395912647247,-0.10797934234142303,-0.11706091463565826,-0.140853613615036,0.238507941365242,-0.16450297832489014,-0.13653846085071564,-0.20795992016792297,0.026087291538715363,-0.15193022787570953,0.10975214838981628,-0.27139905095100403,-0.16850043833255768,0.06570079177618027,0.09746032953262329,-0.12212567776441574,-0.13261856138706207,-0.15683026611804962,0.5763493776321411,0.0939735621213913,-0.09879828244447708,0.6055281162261963,0.31884390115737915,0.211775004863739,-0.2057865858078003,1.3741776943206787,-0.20628401637077332,-0.1034359484910965,-0.0946032702922821,0.921244740486145,-0.1102723777294159,0.14610911905765533,0.24572205543518066,-0.21992337703704834,-0.20045214891433716,0.11534499377012253,-0.22525443136692047,-0.21105796098709106,0.2061241716146469,-0.13545964658260345,0.1426469385623932,0.42316919565200806,-0.24102459847927094,-0.20416395366191864,-0.17646802961826324,0.1419619917869568,-0.16062963008880615,0.6246520280838013,-0.22939151525497437,-0.14912062883377075,-0.18689846992492676,0.13152024149894714,-0.26929694414138794,-0.26486724615097046,0.1964552104473114,0.2666126489639282,-0.12165097892284393,-0.19060611724853516,-0.16939453780651093,0.11571986973285675,-0.21284791827201843,-0.21318258345127106,-0.008974811993539333,0.13541297614574432,-0.2714269161224365,0.0639474093914032,-0.11837993562221527,-0.2150493562221527,0.10800614953041077,-0.22216756641864777,0.13755804300308228,0.32590776681900024,-0.0069638267159461975,-0.024115294218063354,0.4822377860546112,-0.20512288808822632,0.043142303824424744,-0.012891381978988647,0.5958795547485352,-0.17237073183059692,-0.23012258112430573,0.0328226312994957,-0.23683923482894897,0.3336908221244812,0.06064721941947937,0.20615369081497192,-0.1641681045293808,0.1370917558670044,-0.26551392674446106,-0.15684695541858673,0.05878704786300659,-0.057689495384693146,0.3082681894302368,0.11402375996112823,0.35269349813461304,-0.20250314474105835,0.6799694895744324,-0.18146347999572754,-0.16990916430950165
49,206,752,246,788,0.4243469536304474,-0.17882390320301056,0.24014915525913239,1.0780197381973267,-0.16838395595550537,0.14420367777347565,0.2574261724948883,-0.1983291357755661,-0.04597316309809685,-0.2643683850765228,0.15230350196361542,1.1634939908981323,-0.07596681267023087,0.7537742257118225,0.5527729392051697,-0.22605900466442108,0.25029808282852173,-0.22092728316783905,0.6708881258964539,0.1772792786359787,-0.15414156019687653,0.4639216363430023,0.2475113719701767,-0.10074005275964737,0.7416104674339294,0.5878073573112488,-0.11845285445451736,-0.20208847522735596,0.15160280466079712,0.6659705638885498,-0.20773768424987793,-0.21634508669376373,-0.15259750187397003,0.36458393931388855,-0.17319364845752716,-0.09566652774810791,-0.1747932881116867,-0.06304354965686798,-0.0886639729142189,-0.062164947390556335,-0.17770300805568695,-0.13072417676448822,0.01740249991416931,0.43463262915611267,-0.02309665083885193,-0.11235358566045761,-0.15422269701957703,0.5605317950248718,0.5306681394577026,0.24941223859786987,0.6489560604095459,0.8080622553825378,0.3851366341114044,-0.24088430404663086,1.1246256828308105,-0.14097554981708527,0.18950152397155762,0.5273507237434387,1.0937086343765259,-0.23083467781543732,0.2998078167438507,0.09900053590536118,-0.15153954923152924,0.07258842885494232,0.07023891806602478,0.06688001751899719,0.587706983089447,0.36739182472229004,-0.14927110075950623,0.07305199652910233,0.4608759880065918,-0.2189258188009262,-0.15074323117733002,0.21060879528522491,-0.0027486432809382677,-0.09896689653396606,0.4291810989379883,-0.2139633148908615,-0.06488440930843353,-0.2140594720840454,0.2004743367433548,-0.21605639159679413,-0.25359752774238586,1.109619140625,0.3965764045715332,-0.17357619106769562,-0.2114369422197342,-0.1906919926404953,0.09964817017316818,-0.1837136149406433,-0.13691432774066925,0.30889853835105896,-0.10530200600624084,-0.24756266176700592,-0.086436428129673,0.03726696968078613,-0.2278449386358261,-0.0716153159737587,-0.24166329205036163,0.10840336233377457,0.21782545745372772,-0.06838100403547287,0.0730702355504036,0.3681429326534271,0.8805500864982605,0.4030090272426605,-0.04543648660182953,0.4724579155445099,0.07188517600297928,-0.20779752731323242,0.2173740267753601,-0.1774737387895584,0.2663939893245697,-0.060519155114889145,0.21105462312698364,-0.08169344067573547,0.23002803325653076,0.019227271899580956,-0.05539749935269356,0.1135714054107666,-0.12967433035373688,0.32581326365470886,-0.0397045724093914,0.898594081401825,-0.17679519951343536,0.7965611815452576,-0.2068759799003601,-0.20703034102916718
50,502,588,535,619,0.8836185336112976,-0.23573139309883118,-0.16141165792942047,1.0279135704040527,-0.17888015508651733,0.7794570922851562,0.46526747941970825,-0.19269457459449768,1.2602875232696533,-0.23016566038131714,-0.07356768101453781,-0.2184692621231079,-0.10730255395174026,0.07709814608097076,0.32022419571876526,-0.2534937858581543,-0.08897493779659271,-0.24768270552158356,0.2655276656150818,-0.09567537903785706,-0.21535992622375488,0.05691426992416382,0.19902873039245605,0.7944323420524597,0.014630906283855438,1.8720321655273438,-0.11599931120872498,-0.2179916352033615,0.1735716313123703,0.8940786123275757,-0.1920073926448822,-0.1754516363143921,0.29596376419067383,-0.015954378992319107,-0.17275984585285187,0.28611382842063904,-0.121843621134758,0.20922155678272247,0.9669742584228516,0.09828223288059235,-0.1153845340013504,-0.14397665858268738,-0.19959524273872375,0.030365094542503357,0.2946142256259918,0.3470640778541565,-0.1734873354434967,1.299543857574463,0.7069529294967651,0.4950070381164551,0.41554728150367737,0.5713542699813843,0.5137935876846313,-0.1965266913175583,2.1902623176574707,-0.19096001982688904,0.0973939523100853,0.34250056743621826,0.969301700592041,-0.2235916256904602,1.3528534173965454,-0.17964324355125427,-0.14010317623615265,0.13895368576049805,0.1861426830291748,0.12907055020332336,1.3667986392974854,-0.18074442446231842,0.019063681364059448,-0.19411686062812805,0.250333309173584,-0.25670725107192993,-0.1547357439994812,0.1653575599193573,-0.2244202196598053,0.01442176103591919,1.8549597263336182,-0.22330838441848755,0.06933976709842682,-0.043635670095682144,0.32633671164512634,-0.20211106538772583,-0.21291691064834595,1.5688960552215576,2.104989528656006,-0.23271667957305908,-0.23187343776226044,-0.019962184131145477,0.5938813090324402,-0.10909833759069443,-0.19115403294563293,0.24687863886356354,0.4888702929019928,-0.20516237616539001,0.7355499267578125,-0.02832081913948059,-0.19206950068473816,-0.1791776865720749,-0.26173049211502075,0.11550012230873108,0.45825478434562683,-0.12555775046348572,-0.037480369210243225,0.6854565143585205,1.0942776203155518,0.7475166320800781,-0.2089712768793106,0.8902940154075623,0.18145093321800232,-0.15762421488761902,1.3646291494369507,-0.2055657058954239,0.33744052052497864,0.4659111499786377,0.261238157749176,0.08081433922052383,0.22636274993419647,-0.17733915150165558,-0.1651810109615326,0.49623602628707886,0.023039430379867554,0.3577609658241272,0.005260065197944641,0.6619014739990234,-0.2083151638507843,1.490370512008667,-0.19685137271881104,-0.23076137900352478
51,494,650,534,687,0.3253289461135864,-0.24858658015727997,-0.1744106411933899,1.0614317655563354,-0.17996692657470703,0.009612162597477436,0.6718227863311768,-0.23966239392757416,0.5145529508590698,0.016046443954110146,0.019525110721588135,0.6638547778129578,-0.14732559025287628,-0.08567643165588379,0.564426600933075,-0.2435869425535202,0.1468154639005661,0.5197188854217529,0.7190597653388977,-0.20113611221313477,-0.15695412456989288,0.07222338765859604,0.21226315200328827,1.413624882698059,-0.20890529453754425,1.3762925863265991,-0.19845588505268097,-0.07818681746721268,0.20547251403331757,0.5246217250823975,-0.15609584748744965,0.05368119478225708,0.08500834554433823,0.5834470391273499,-0.15263058245182037,0.2245740294456482,-0.16304223239421844,0.28785404562950134,-0.21839775145053864,0.3924269378185272,0.24803905189037323,-0.08804052323102951,0.041307609528303146,-0.13272327184677124,0.29250088334083557,0.44400063157081604,-0.24857865273952484,1.9070965051651,0.767839252948761,0.4883561432361603,0.5060037970542908,1.1987066268920898,0.9718644618988037,-0.20215725898742676,0.5109872221946716,0.023088684305548668,0.6638224720954895,0.48247361183166504,0.6537988185882568,-0.22404183447360992,0.9558525681495667,0.13324229419231415,-0.0842292308807373,0.036425624042749405,0.14730072021484375,0.007441649679094553,0.6891701221466064,-0.2442350834608078,0.8578901290893555,0.0090967221185565,0.8883330821990967,-0.15446911752223969,-0.22317367792129517,0.25170591473579407,-0.24263329803943634,-0.12176903337240219,0.2771317958831787,-0.22368061542510986,0.04073922708630562,-0.212912917137146,0.34562912583351135,-0.269907146692276,-0.2601846158504486,0.4478539526462555,1.2264115810394287,-0.2106788009405136,-0.2192065715789795,-0.13386894762516022,0.5875784158706665,-0.21908211708068848,-0.20558162033557892,0.2784062922000885,0.21352727711200714,-0.20743565261363983,0.3568390905857086,-0.12826800346374512,-0.21409392356872559,0.2879839837551117,-0.2687854766845703,0.0623069703578949,0.4235888421535492,-0.14294089376926422,-0.05929388478398323,0.8574844002723694,0.3831672668457031,0.9643732905387878,-0.062251295894384384,1.3440905809402466,-0.23892533779144287,-0.25383463501930237,1.7185434103012085,-0.053444426506757736,0.5409315228462219,0.332498699426651,0.11683166772127151,0.07682446390390396,0.6180170178413391,0.07534578442573547,-0.13678307831287384,0.29860377311706543,-0.04722489416599274,0.5876259803771973,0.021665731444954872,1.155631184577942,-0.1171170249581337,1.0826878547668457,-0.08407353609800339,-0.1606963723897934
52,202,343,235,374,0.9475045800209045,-0.24609941244125366,0.4300110638141632,1.1091399192810059,-0.20691156387329102,0.7635992765426636,0.2320968210697174,-0.21424756944179535,0.6545472145080566,-0.20820064842700958,0.3145142197608948,0.6240469217300415,-0.1820092648267746,0.013669217005372047,0.8348566293716431,-0.2670825123786926,0.7595106959342957,-0.14876414835453033,0.673301637172699,-0.16891148686408997,0.12935328483581543,0.35117655992507935,0.07016953080892563,0.8613963723182678,-0.07500111311674118,0.9143221378326416,-0.14578601717948914,-0.16619664430618286,0.4033607542514801,0.47791749238967896,-0.265315979719162,-0.17556913197040558,-0.029508545994758606,0.20182964205741882,-0.18774975836277008,0.6988674402236938,0.04962761327624321,-0.10163553059101105,0.16377082467079163,0.23000404238700867,-0.07201363146305084,-0.049206119030714035,0.21590527892112732,1.061927318572998,0.6267212629318237,-0.20028039813041687,-0.21423481404781342,1.0728559494018555,0.4844600260257721,0.29002124071121216,0.828249454498291,1.3329758644104004,0.03221697732806206,-0.22753587365150452,2.327505588531494,-0.24211101233959198,0.9026612639427185,1.5736796855926514,1.2784802913665771,-0.20220983028411865,0.3145889639854431,-0.07423491030931473,-0.1742812693119049,-0.12185519933700562,-0.06631018221378326,1.1915907859802246,1.0806143283843994,-0.10840505361557007,0.10105782747268677,0.27278581261634827,0.43277695775032043,-0.14375519752502441,-0.19210824370384216,0.795723021030426,-0.260397732257843,-0.014132052659988403,1.0304583311080933,-0.25792771577835083,0.26587894558906555,-0.1387755274772644,0.49838683009147644,-0.23511429131031036,-0.2299831211566925,0.42315706610679626,0.30383265018463135,-0.21183855831623077,-0.2698383629322052,-0.15924809873104095,-0.049922727048397064,-0.19704318046569824,-0.2284250259399414,-0.03721952438354492,-0.15665999054908752,0.09783301502466202,0.6605737209320068,0.5858635306358337,-0.17229920625686646,0.33876705169677734,-0.2399854063987732,0.02286616340279579,1.653523325920105,-0.1431727409362793,0.268483430147171,0.39207983016967773,0.5240617990493774,0.2206018716096878,-0.12691903114318848,0.07634091377258301,0.21917058527469635,-0.2708689570426941,2.4751412868499756,0.21294479072093964,0.32876551151275635,0.5708745121955872,0.0023653842508792877,-0.08205500990152359,-0.006829418241977692,-0.24118082225322723,-0.19505496323108673,-0.014873988926410675,-0.08969604969024658,0.5300911664962769,0.18538004159927368,0.6372181177139282,0.03389318287372589,0.8855865001678467,-0.0804935097694397,-0.193041130900383
53,362,656,392,685,-0.18407416343688965,-0.27550679445266724,-0.055255111306905746,1.3092749118804932,-0.1789807379245758,0.0943654477596283,-0.25072455406188965,-0.25772300362586975,-0.24580872058868408,-0.16488361358642578,0.20843541622161865,-0.13984601199626923,-0.2628430128097534,0.034050002694129944,1.044646978378296,-0.2722434997558594,0.8526099920272827,1.5921361446380615,-0.14968663454055786,-0.05010828748345375,-0.07836659252643585,0.2860625684261322,-0.12641775608062744,2.205472469329834,1.8669309616088867,2.2854390144348145,-0.1845691204071045,-0.12034115940332413,-0.2434324324131012,1.864018440246582,0.7911386489868164,-0.16520145535469055,-0.010703571140766144,0.003803551197052002,-0.2745057940483093,-0.13014072179794312,0.41695910692214966,0.4574112892150879,-0.18993116915225983,-0.003384312614798546,0.12127983570098877,0.14610886573791504,0.3276776969432831,2.500176191329956,-0.21523109078407288,0.13502903282642365,-0.2670172452926636,0.5839664936065674,-0.27655819058418274,-0.2686856985092163,2.028078079223633,0.9957121014595032,0.021606549620628357,-0.19652825593948364,1.290391206741333,-0.20755062997341156,0.8075878620147705,1.2780711650848389,3.0726380348205566,-0.27046656608581543,-0.18259190022945404,-0.2709121108055115,-0.24699947237968445,1.0108978748321533,-0.2384243905544281,1.0206596851348877,-0.1515054702758789,0.34640660881996155,-0.2739817500114441,-0.24798712134361267,0.07580729573965073,-0.19134972989559174,-0.23982518911361694,0.03624798357486725,0.04390724003314972,1.0154838562011719,-0.13215404748916626,-0.21747326850891113,-0.1443001627922058,-0.07587923109531403,1.5511940717697144,-0.25763100385665894,-0.2514742910861969,0.15404239296913147,-0.1466115266084671,-0.18548813462257385,-0.20750489830970764,-0.167457714676857,0.27318432927131653,-0.2389434278011322,-0.26068997383117676,-0.24669745564460754,-0.15625719726085663,0.43938159942626953,0.18860328197479248,0.47800737619400024,0.082552969455719,-0.15344743430614471,-0.2701680660247803,-0.18396316468715668,2.6197266578674316,0.08309169858694077,0.1836538314819336,0.4282987117767334,1.349867343902588,-0.2686583995819092,-0.2677198648452759,-0.21545463800430298,0.7212077379226685,-0.21838200092315674,0.04000265896320343,0.6673030257225037,0.09544230997562408,1.4415545463562012,-0.21642956137657166,0.2763899564743042,-0.27402257919311523,-0.1316961795091629,-0.15510544180870056,-0.27778637409210205,0.022148799151182175,0.1507643759250641,-0.2764410376548767,0.5119379758834839,0.04248207062482834,-0.17306482791900635,-0.12632903456687927,0.17071914672851562
54,805,358,837,393,1.136601209640503,-0.21521136164665222,-0.09934951364994049,0.9820982217788696,-0.11721593141555786,0.2570137083530426,0.5408114194869995,-0.187408909201622,-0.09666551649570465,-0.22217927873134613,0.11189571022987366,-0.23147225379943848,-0.14274737238883972,0.5096793174743652,0.20766055583953857,-0.26438429951667786,-0.128703311085701,1.3042395114898682,0.26172366738319397,-0.1608065366744995,-0.16153579950332642,-0.23498690128326416,0.5317395329475403,0.9613503217697144,-0.12009618431329727,1.7265766859054565,-0.13277556002140045,-0.24786685407161713,0.5737186670303345,1.2774866819381714,0.028053387999534607,-0.18792949616909027,0.016751334071159363,0.4612830877304077,-0.1786351501941681,0.07957914471626282,0.03180427476763725,1.3281854391098022,0.9473305344581604,-0.16223356127738953,0.42277511954307556,-0.0846649631857872,-0.1248256266117096,0.8907575607299805,1.059928297996521,0.6529722809791565,-0.2284090220928192,1.7037055492401123,0.07349640130996704,0.5245178937911987,0.8527575731277466,0.9147371649742126,1.3417338132858276,-0.11788476258516312,2.1256346702575684,-0.19752086699008942,0.7889012694358826,-0.1450810730457306,1.840479850769043,-0.16274186968803406,0.16997845470905304,-0.008775614202022552,-0.013292759656906128,0.12002035975456238,0.6324365139007568,-0.19210273027420044,0.46128392219543457,-0.13025328516960144,-0.1740870475769043,-0.2030196487903595,0.30050110816955566,-0.24369317293167114,-0.24647212028503418,0.41364991664886475,-0.21277248859405518,-0.011793777346611023,1.5841375589370728,-0.2241598665714264,0.047703951597213745,-0.08186816424131393,0.517520010471344,-0.16606086492538452,-0.22412273287773132,-0.07040329277515411,1.495609998703003,-0.15384410321712494,-0.07034050673246384,-0.057315628975629807,1.1912130117416382,-0.1580534130334854,-0.11741700768470764,-0.05068729817867279,0.6051998734474182,-0.04012101888656616,0.5722938179969788,0.1012195348739624,-0.1129300594329834,0.10750174522399902,-0.24575331807136536,0.0422426238656044,0.7454119920730591,-0.20307114720344543,0.034072600305080414,0.8350315690040588,1.725915551185608,0.021848507225513458,-0.18522167205810547,0.6077079772949219,-0.18242433667182922,-0.16595833003520966,1.6467208862304688,0.035730890929698944,0.2480839490890503,0.7880603075027466,0.09457424283027649,0.22921979427337646,0.3718010187149048,0.5701858401298523,-0.07261848449707031,0.08419612050056458,0.018841568380594254,0.40210679173469543,-0.02451617270708084,0.6368810534477234,-0.2223220318555832,1.7106825113296509,-0.0640561580657959,-0.21036244928836823
55,649,535,704,572,0.5297521352767944,-0.17878296971321106,0.5261518359184265,1.0484615564346313,-0.1813012808561325,0.0904666855931282,0.559781551361084,-0.20639313757419586,-0.10967590659856796,-0.2264738529920578,0.2627125382423401,2.154573917388916,-0.1743665337562561,0.14361199736595154,0.21962200105190277,-0.19572576880455017,-0.14520138502120972,0.041600778698921204,0.5682995319366455,-0.14687106013298035,-0.07604342699050903,-0.05628446489572525,0.5552714467048645,0.25170665979385376,-0.08146009594202042,0.4012998640537262,-0.20032498240470886,-0.1172708198428154,0.776095986366272,0.9019109010696411,-0.11623390763998032,-0.21985021233558655,-0.0693882554769516,0.08368513733148575,-0.17220941185951233,-0.10137571394443512,-0.21672502160072327,0.44232556223869324,-0.2689877152442932,0.1554664820432663,-0.10444825887680054,-0.14383184909820557,-0.1043364554643631,0.3593689203262329,-0.08583691716194153,-0.20701538026332855,-0.22237786650657654,0.44661957025527954,0.4719078540802002,0.943597674369812,0.08004385232925415,0.20857656002044678,0.5795683860778809,-0.2405158281326294,0.4314602017402649,0.27739062905311584,-0.08748851716518402,0.44989490509033203,0.46590715646743774,-0.2334771752357483,0.5381608605384827,0.3456515669822693,-0.09583763778209686,0.06035466492176056,0.20122799277305603,0.10156261920928955,0.3678353428840637,0.29620224237442017,0.3934922218322754,0.6650915145874023,1.0001661777496338,-0.1497824490070343,0.0821763426065445,0.6387720108032227,-0.20174890756607056,0.12355624884366989,0.10307155549526215,-0.2083287537097931,-0.1091807559132576,-0.2175809144973755,0.1146860271692276,-0.23932643234729767,-0.2560690939426422,1.4500007629394531,-0.056113071739673615,-0.14275333285331726,-0.17034399509429932,-0.1412392556667328,0.2402607798576355,-0.24404147267341614,-0.21022078394889832,0.42926737666130066,0.10614907741546631,-0.2642589211463928,0.43413299322128296,-0.15553399920463562,-0.22216424345970154,-0.10552184283733368,-0.17133769392967224,0.14970777928829193,0.13880836963653564,0.1396620273590088,0.0388898104429245,0.27576154470443726,1.018344759941101,0.3116893768310547,-0.11518386006355286,0.306490957736969,-0.05962890386581421,-0.029322214424610138,0.4502352774143219,-0.17612028121948242,0.32145026326179504,0.003497770056128502,0.44244179129600525,-0.11217580735683441,0.9286563396453857,0.24789461493492126,-0.1180800050497055,0.17357753217220306,-0.1704886257648468,0.4131510555744171,0.008736096322536469,0.7992188334465027,0.06946460902690887,0.7536299824714661,0.008846595883369446,-0.16239814460277557
56,814,591,849,621,0.458154559135437,-0.26370394229888916,0.1364160180091858,1.1632533073425293,-0.1545647382736206,-0.10886818915605545,0.1828032284975052,-0.22246365249156952,-0.24290144443511963,-0.2483997792005539,0.5604987144470215,0.3464699983596802,-0.12859369814395905,0.9341008067131042,0.9319190979003906,-0.24445684254169464,-0.16167539358139038,0.16319657862186432,-0.04923434928059578,0.32214832305908203,0.04412606358528137,0.36448952555656433,0.13639497756958008,-0.050219565629959106,0.5358734726905823,0.5485329627990723,-0.08223719149827957,-0.09946390986442566,0.5232104063034058,0.18119515478610992,-0.22984206676483154,-0.051093120127916336,-0.1666327863931656,0.35054874420166016,-0.1058453917503357,0.14710618555545807,0.0925956591963768,0.10868620872497559,0.6871750950813293,-0.031969547271728516,0.010888556949794292,0.12775327265262604,-0.0026661281008273363,1.037143349647522,0.09656248241662979,0.015455667860805988,-0.18300014734268188,0.9847386479377747,0.28929468989372253,0.20875604450702667,0.358493834733963,0.534888505935669,0.23147748410701752,-0.0327070951461792,0.6303309798240662,-0.22583992779254913,0.33559414744377136,1.0766345262527466,0.7998427748680115,-0.1887531280517578,0.5437936186790466,0.39511504769325256,0.37508365511894226,0.7351956367492676,0.1664198487997055,0.15951372683048248,-0.20815835893154144,0.7582419514656067,0.06880730390548706,0.26929768919944763,0.4362180531024933,-0.21025629341602325,-0.1926228404045105,0.7097561955451965,-0.0021724451798945665,0.14574481546878815,1.1550073623657227,-0.20537130534648895,0.5059858560562134,-0.14841754734516144,-0.18106454610824585,-0.2346389889717102,-0.24769973754882812,0.4568904936313629,0.6400600671768188,-0.14069266617298126,-0.07351076602935791,-0.1848210096359253,0.16714562475681305,-0.18284332752227783,-0.018746301531791687,-0.024372396990656853,0.37117281556129456,0.15192440152168274,-0.2196652889251709,0.3084312975406647,-0.0926082506775856,-0.056044045835733414,-0.18824994564056396,-0.054400186985731125,1.241113543510437,-0.1713828295469284,0.0859791561961174,0.4487740099430084,-0.057959336787462234,0.23747748136520386,-0.07968737185001373,-0.18643997609615326,-0.02509910799562931,-0.117011159658432,0.9146023392677307,0.0715160146355629,0.031086215749382973,-0.0862581729888916,0.13839714229106903,-0.0005205124616622925,0.41015902161598206,0.2834416925907135,-0.10700438171625137,0.009920500218868256,-0.03811567649245262,0.6817877888679504,-0.2188025861978531,0.40721777081489563,0.1941089779138565,0.41262826323509216,-0.1677703857421875,-0.17105431854724884
57,855,497,896,528,0.4730605185031891,-0.15119719505310059,0.34926167130470276,1.1120089292526245,-0.12823885679244995,0.3419169485569,0.6799696087837219,-0.2527128756046295,-0.029973557218909264,-0.25552570819854736,0.19338972866535187,2.3453409671783447,-0.18073026835918427,0.9864043593406677,0.6895410418510437,-0.23183687031269073,0.07241600751876831,0.12221435457468033,0.9047884345054626,0.10803373903036118,-0.13566647469997406,-0.07643350958824158,0.3147766590118408,-0.12393603473901749,0.5720810294151306,1.4977487325668335,-0.18570154905319214,-0.2560708224773407,0.5796411633491516,1.3417164087295532,-0.22985519468784332,-0.20909841358661652,-0.11194083839654922,0.067738838493824,-0.19330115616321564,0.1426495611667633,-0.1542704552412033,-0.01823083870112896,0.31024596095085144,-0.056588780134916306,-0.02065337635576725,-0.04477040842175484,-0.03555147722363472,0.3948775827884674,-0.010971099138259888,0.013922721147537231,-0.2660830020904541,0.7552044987678528,0.7540101408958435,0.5428422689437866,0.19557993113994598,1.0599753856658936,0.28802525997161865,-0.1712234765291214,0.6540305018424988,-0.08400889486074448,0.19162583351135254,0.9191510081291199,0.6284389495849609,-0.23884372413158417,0.6001020669937134,0.16660918295383453,0.05797917768359184,0.4762461185455322,0.19536393880844116,0.3089899718761444,0.5451614260673523,0.17643721401691437,0.11088693141937256,0.16802360117435455,0.29061153531074524,-0.21830932796001434,-0.0337495356798172,0.8853632807731628,-0.0863538607954979,0.060666948556900024,0.8641512989997864,-0.20855820178985596,-0.07584813237190247,-0.18925659358501434,0.17235584557056427,-0.21239978075027466,-0.25699582695961,1.7996689081192017,1.0256537199020386,-0.18501825630664825,-0.21906334161758423,-0.18322528898715973,0.17401671409606934,-0.24806411564350128,-0.07532227784395218,0.18447618186473846,0.1998165100812912,-0.15093131363391876,-0.13145899772644043,0.026944570243358612,-0.17933236062526703,-0.20910198986530304,-0.21904651820659637,0.04071464017033577,0.5661584734916687,-0.051248934119939804,-0.06159747764468193,0.3698546886444092,1.057327389717102,0.46297815442085266,-0.15476654469966888,0.654289722442627,0.2071947455406189,-0.1677926778793335,0.6702733039855957,-0.17071838676929474,0.21552978456020355,0.6808401942253113,0.12871167063713074,0.008258551359176636,0.657831072807312,0.7168591618537903,0.010557924397289753,0.45146241784095764,-0.08791440725326538,0.641857922077179,-0.09320392459630966,1.2378641366958618,0.02997525967657566,1.1240516901016235,-0.09171662479639053,-0.20574481785297394
58,219,776,252,804,0.8257681131362915,-0.2534988820552826,0.3299925625324249,1.1306432485580444,-0.17755824327468872,0.22565829753875732,0.4330638647079468,-0.20723578333854675,0.23900602757930756,-0.22859464585781097,0.05214811861515045,1.9135849475860596,-0.18531274795532227,0.39858460426330566,1.017141580581665,-0.2440524697303772,0.09951695054769516,0.009327664971351624,0.8501866459846497,-0.008422695100307465,-0.008333124220371246,0.5573921203613281,0.00424966961145401,0.5279639363288879,-0.016313083469867706,0.8440684080123901,-0.13618600368499756,-0.2185378074645996,0.696561872959137,0.43014711141586304,-0.2566322088241577,-0.10395613312721252,-0.13484536111354828,0.3678918480873108,-0.16230839490890503,0.5420020222663879,-0.042838338762521744,-0.16480131447315216,-0.048961468040943146,0.2893211245536804,-0.0875062644481659,-0.004908386617898941,0.11116494983434677,0.6741634607315063,0.3519637882709503,-0.13715773820877075,-0.20943480730056763,1.2542545795440674,0.46803414821624756,0.0517541877925396,0.5498995184898376,1.2708816528320312,0.05445371940732002,-0.21717573702335358,1.8029112815856934,-0.1256631314754486,0.8540599346160889,1.4625556468963623,1.04096519947052,-0.1848304122686386,0.27903228998184204,0.021807584911584854,-0.07922587543725967,0.007793329656124115,0.10650728642940521,0.5482602119445801,0.4182325005531311,-0.12755736708641052,0.14214110374450684,0.08400355279445648,0.5508553981781006,-0.197759747505188,-0.18046128749847412,0.7616525292396545,-0.22037659585475922,-0.034523699432611465,0.9439989328384399,-0.22619035840034485,0.4203311800956726,-0.14675290882587433,0.025164008140563965,-0.2208678424358368,-0.23307441174983978,0.833721399307251,0.551149845123291,-0.2116689383983612,-0.24940770864486694,-0.15936574339866638,-0.02538713812828064,-0.20523664355278015,-0.17253875732421875,-0.14034095406532288,0.022583097219467163,0.004353456199169159,0.20168767869472504,0.393580824136734,-0.19143392145633698,0.10909899324178696,-0.257749080657959,0.00283142551779747,1.4250621795654297,-0.18822655081748962,0.16747213900089264,0.3794192671775818,0.6635027527809143,0.2890366017818451,-0.05824640393257141,0.16535285115242004,0.04611773043870926,-0.27438074350357056,1.2053818702697754,0.1283823549747467,0.30874913930892944,0.2651498317718506,0.09865998476743698,0.06492561101913452,0.16424523293972015,0.09628400951623917,0.006302308291196823,0.15512554347515106,-0.11505135893821716,0.6058570146560669,-0.06408841907978058,0.5778883695602417,0.015034221112728119,0.9248136878013611,-0.061555154621601105,-0.18538713455200195
59,128,394,156,428,0.6081063151359558,-0.245016410946846,-0.12020102143287659,1.1225719451904297,-0.13017986714839935,-0.27777570486068726,0.5069479942321777,-0.2593514025211334,-0.2590303421020508,-0.22717070579528809,0.38725894689559937,-0.2492690086364746,-0.16469651460647583,0.1443966031074524,0.5935841202735901,-0.22279173135757446,0.5771616697311401,-0.25934576988220215,-0.27020925283432007,0.059432923793792725,0.3019324541091919,1.156355857849121,-0.030942529439926147,1.1755925416946411,-0.14139150083065033,-0.2446538507938385,-0.18569645285606384,-0.26075682044029236,0.4057893753051758,-0.10781879723072052,-0.25435829162597656,-0.2323932647705078,-0.16431139409542084,0.6998981237411499,-0.15507730841636658,-0.14438733458518982,-0.049384359270334244,-0.15347254276275635,-0.249565988779068,0.26004159450531006,-0.16692934930324554,-0.11422315239906311,0.1312410682439804,1.69266939163208,0.27591708302497864,-0.2703033685684204,-0.2316250503063202,0.5011920928955078,0.270159512758255,0.09766006469726562,1.4143022298812866,0.1314912587404251,0.38777250051498413,-0.24106383323669434,1.5157959461212158,-0.24569901823997498,0.19263656437397003,1.2735075950622559,1.2649675607681274,-0.27219459414482117,0.36547142267227173,0.672288179397583,-0.23095202445983887,0.8145946264266968,0.40450191497802734,0.21794642508029938,-0.06915102899074554,0.3844791054725647,-0.1327851414680481,0.3953452408313751,0.8744492530822754,-0.246247798204422,-0.18030688166618347,0.09931112825870514,-0.17529571056365967,0.007483877241611481,0.1334926337003708,-0.26649975776672363,-0.08744218945503235,-0.12882795929908752,-0.027462191879749298,-0.26973921060562134,-0.2761771082878113,-0.17406241595745087,-0.04117141664028168,-0.2164059281349182,-0.19382694363594055,-0.22417278587818146,-0.06902678310871124,-0.2578652501106262,-0.1450795978307724,-0.029907140880823135,-0.08696231245994568,-0.17034783959388733,0.28104639053344727,0.2540615200996399,-0.2558029294013977,-0.02180270291864872,-0.2556341588497162,-0.02445736527442932,0.4270767867565155,-0.016293518245220184,0.1552080512046814,0.8134370446205139,-0.20799607038497925,0.44867926836013794,-0.06573314964771271,-0.1964774876832962,-0.09912227094173431,-0.1147671639919281,0.7218856811523438,0.045852020382881165,1.3755593299865723,-0.19039350748062134,0.13824501633644104,-0.10349081456661224,0.5383082628250122,-0.2631431221961975,-0.1473047286272049,-0.056911446154117584,-0.14961813390254974,0.07963220775127411,-0.002187877893447876,0.25684115290641785,0.017824189737439156,0.10320830345153809,-0.012969717383384705,-0.18500006198883057
60,547,517,583,554,0.6169281601905823,-0.25882965326309204,0.4284670948982239,1.05272376537323,-0.13184858858585358,-0.09657752513885498,1.0028598308563232,-0.21954861283302307,-0.1001710444688797,-0.2438955157995224,0.20253631472587585,-0.19938141107559204,-0.16081659495830536,0.6724202632904053,0.6648921966552734,-0.2396942377090454,-0.205984964966774,1.4053597450256348,0.2829117476940155,0.1980198323726654,-0.19973233342170715,-0.18662704527378082,0.23399880528450012,0.44839614629745483,0.03750341013073921,1.3310225009918213,-0.22048871219158173,-0.2522640824317932,1.036619782447815,0.8135514855384827,-0.11333814263343811,-0.16036422550678253,-0.015711002051830292,-0.02822643518447876,-0.22644412517547607,-0.05996982753276825,-0.12472479045391083,1.0492230653762817,-0.23232610523700714,0.3564280867576599,0.10774296522140503,-0.12172277271747589,0.07029543071985245,0.8835853338241577,0.2573888301849365,0.2926744222640991,-0.20610469579696655,1.7188133001327515,0.024442536756396294,0.021513700485229492,0.5371591448783875,0.5383134484291077,0.37820735573768616,-0.2509129047393799,1.0334399938583374,-0.17763051390647888,1.0634771585464478,-0.01523742824792862,0.8695568442344666,-0.24627017974853516,0.35011619329452515,-0.1884903907775879,-0.1667914092540741,1.4587383270263672,0.4337413012981415,0.06311871111392975,0.11078540980815887,0.1719655692577362,0.26308172941207886,-0.05052150785923004,0.23902170360088348,-0.18353389203548431,-0.09836253523826599,-0.20524825155735016,-0.23281776905059814,0.2661325931549072,0.39454948902130127,-0.22976885735988617,0.12706683576107025,-0.11107996106147766,0.22441628575325012,-0.23940126597881317,-0.2609875798225403,0.09015060216188431,0.5650962591171265,-0.1916491538286209,-0.20943818986415863,-0.08034935593605042,0.5578904747962952,-0.16030991077423096,-0.04242212325334549,-0.25756946206092834,-0.03451703488826752,-0.14609932899475098,0.8488864898681641,-0.14631524682044983,-0.22421470284461975,-0.1453700065612793,-0.22322112321853638,-0.018321894109249115,0.708886981010437,0.10146192461252213,0.0729236975312233,0.6102219223976135,0.8529433012008667,0.16705608367919922,-0.10400334745645523,0.24437934160232544,-0.08149297535419464,-0.2708495259284973,1.0317246913909912,-0.06035620719194412,0.15391011536121368,0.8924722075462341,0.17980985343456268,0.03617957979440689,0.6859867572784424,0.23505181074142456,-0.1273055076599121,0.08959077298641205,-0.04213981330394745,0.4934922456741333,0.1667274385690689,0.5046088099479675,-0.09961771219968796,1.0640580654144287,-0.03345055878162384,-0.14880695939064026
61,609,821,646,868,1.4699058532714844,-0.23893173038959503,0.5138850808143616,1.0493861436843872,-0.17487351596355438,-0.058640580624341965,0.5078837275505066,-0.249797523021698,-0.11409734934568405,-0.2438277155160904,0.01851539872586727,-0.15968841314315796,-0.12738429009914398,0.577158510684967,0.4371219575405121,-0.167850062251091,-0.11110024899244308,0.31845593452453613,0.4764346182346344,-0.08676230162382126,-0.14607921242713928,0.11692414432764053,0.548210084438324,0.40204522013664246,-0.1813981980085373,0.6161280274391174,-0.14297476410865784,-0.24288026988506317,0.9939643740653992,0.3010823428630829,0.26930907368659973,-0.18085485696792603,-0.044754285365343094,0.5109732747077942,-0.16715632379055023,-0.02391299046576023,-0.0315711610019207,0.9995389580726624,0.6856844425201416,0.32826900482177734,0.03082304634153843,-0.11119484901428223,0.23254907131195068,1.1528187990188599,0.05682109296321869,0.2719824016094208,-0.1904919296503067,0.9318804144859314,0.6078413128852844,0.35757243633270264,1.0339871644973755,0.3700554072856903,0.8995065093040466,-0.18055516481399536,2.7928807735443115,-0.21673035621643066,1.6333473920822144,0.19063644111156464,1.1771451234817505,-0.20053206384181976,0.7300894856452942,0.3199261724948883,-0.2496061772108078,0.5603647232055664,0.8734340667724609,0.05979844927787781,-0.10033196955919266,0.3903311491012573,-0.14605797827243805,0.31614208221435547,0.49068203568458557,-0.1688312441110611,-0.1348983496427536,0.19793500006198883,-0.2430185228586197,-0.03405867889523506,1.5328211784362793,-0.08665912598371506,0.062411922961473465,-0.16736972332000732,0.21278877556324005,-0.26056793332099915,-0.25778523087501526,-0.046135783195495605,0.8190649151802063,-0.07834262400865555,-0.12798038125038147,-0.15554283559322357,0.6290323138237,-0.2282835692167282,-0.2255345582962036,-0.10510159283876419,0.8350958228111267,-0.028020104393363,1.3460369110107422,-0.1627441793680191,-0.2271125316619873,0.1553020477294922,-0.24172402918338776,0.02915997803211212,0.24327611923217773,0.18633802235126495,0.12773652374744415,1.7869625091552734,0.782181441783905,0.6902501583099365,-0.14633923768997192,0.4435698986053467,-0.2184181660413742,-0.09171140193939209,1.6891523599624634,-0.015571204014122486,2.0395772457122803,0.6171360611915588,0.3656953275203705,0.22374318540096283,0.7643216252326965,-0.1338580697774887,-0.014691740274429321,-0.03135043382644653,-0.09376291185617447,0.15534581243991852,0.24979977309703827,0.4920942485332489,-0.05865464732050896,0.65091472864151,-0.13341902196407318,-0.2432783842086792
62,190,278,221,312,0.5428196787834167,-0.2597055435180664,-0.06135891377925873,1.1225353479385376,-0.12782561779022217,-0.2253440022468567,0.0855218917131424,-0.21861609816551208,-0.23957909643650055,-0.23168641328811646,0.6950855255126953,-0.16406992077827454,-0.13196557760238647,1.3040916919708252,0.6560298800468445,-0.1965964138507843,0.03680310398340225,0.22745415568351746,-0.11868862062692642,-0.2122025340795517,-0.08821184933185577,0.564583420753479,0.0016307458281517029,0.29588890075683594,-0.105940081179142,-0.2376619130373001,-0.18118241429328918,-0.19634515047073364,0.38533633947372437,-0.12321648001670837,-0.21099504828453064,-0.16131846606731415,-0.1936180591583252,0.7573257684707642,-0.1387990117073059,-0.10300296545028687,0.0013204365968704224,-0.04701017588376999,-0.12448523193597794,-0.20076951384544373,-0.07460445910692215,-0.014425329864025116,-0.00018358230590820312,0.5736627578735352,-0.04717332497239113,-0.09311710298061371,-0.2565544545650482,1.0766656398773193,0.690956711769104,-0.10725519806146622,0.3422681987285614,0.18042567372322083,0.4332462251186371,-0.23929306864738464,0.7331807613372803,-0.23705661296844482,0.41780906915664673,0.6915882229804993,0.9433379769325256,-0.22375735640525818,0.5362029671669006,0.660602867603302,-0.08293682336807251,0.771469235420227,1.2597113847732544,-0.17654117941856384,-0.2255689799785614,0.5266880989074707,-0.14530546963214874,0.11460089683532715,1.281861662864685,-0.05764372646808624,-0.229899600148201,0.18911056220531464,-0.0768311470746994,-0.07388535887002945,0.5641459226608276,-0.2503545582294464,0.03353220224380493,-0.14297088980674744,-0.06137993931770325,-0.2544354796409607,-0.210103839635849,-0.20133455097675323,0.19878436625003815,-0.1544061005115509,-0.1962084025144577,-0.19841153919696808,0.0651678815484047,-0.26671838760375977,-0.26978856325149536,-0.06883181631565094,-0.05650556832551956,-0.03654613345861435,-0.003768734633922577,0.25568196177482605,-0.24732248485088348,-0.030490491539239883,-0.12782542407512665,-0.008356407284736633,0.8209162354469299,-0.08658824861049652,0.10404404997825623,0.4623868465423584,-0.20873229205608368,0.7742562890052795,-0.1238609254360199,-0.10321959853172302,-0.2481033354997635,-0.09689528495073318,1.100394606590271,0.06936265528202057,0.2768065333366394,-0.051918480545282364,0.09997615218162537,-0.1357298195362091,0.19044998288154602,-0.08474535495042801,-0.026527799665927887,0.06797973066568375,-0.10687310993671417,0.5022382140159607,-0.20059186220169067,0.5305203199386597,0.04341653734445572,-0.011041536927223206,-0.07198184728622437,-0.1657806634902954
63,114,595,158,627,1.1121987104415894,-0.2295520305633545,0.028917163610458374,1.1108620166778564,-0.17777274549007416,0.13045978546142578,0.22331304848194122,-0.1996881067752838,0.13752536475658417,-0.2664967179298401,0.26932835578918457,0.8338662981987,-0.1636737436056137,0.8429466485977173,0.6782245635986328,-0.18407051265239716,-0.24674582481384277,0.3892199993133545,0.4791077673435211,0.48012587428092957,0.005843862891197205,0.5323836803436279,-0.04920759052038193,0.5666391253471375,0.3493407368659973,0.9247225522994995,-0.10886213928461075,-0.19079291820526123,0.17837704718112946,0.44190219044685364,-0.26449403166770935,-0.16393664479255676,-0.031632594764232635,0.3094545006752014,-0.15863873064517975,0.2122412770986557,-0.17024150490760803,0.21971166133880615,-0.028570786118507385,0.6446661949157715,0.011823520064353943,-0.09481561183929443,0.13477806746959686,0.392666220664978,0.14956259727478027,-0.0245477557182312,-0.13708609342575073,0.6209911108016968,0.47878873348236084,-0.023397687822580338,0.8793572187423706,0.3862241804599762,0.26967599987983704,-0.22017019987106323,1.3079569339752197,-0.19051392376422882,0.6099144220352173,0.8486228585243225,0.9033571481704712,-0.25966358184814453,0.48639780282974243,0.27095332741737366,-0.1303795427083969,0.08177785575389862,0.3783207833766937,-0.13219501078128815,0.3057551383972168,0.18700076639652252,-0.014132477343082428,0.11061130464076996,0.9055014848709106,-0.18936005234718323,-0.15105578303337097,0.7716118097305298,-0.08516665548086166,0.023817062377929688,0.6001107692718506,-0.24333524703979492,-0.02960771881043911,-0.12763488292694092,0.32015740871429443,-0.1703488975763321,-0.26157885789871216,2.074009895324707,0.4481801390647888,-0.18639662861824036,-0.2102990746498108,-0.19652006030082703,0.472322940826416,-0.2089102566242218,0.12148825079202652,0.01993960700929165,-0.017206892371177673,-0.22078683972358704,0.6205066442489624,-0.09806869924068451,-0.25766071677207947,-0.13609188795089722,-0.19341957569122314,0.04081415757536888,0.7834805250167847,0.046241529285907745,0.1409721076488495,0.3586788475513458,0.4459048807621002,0.4498295783996582,-0.011014625430107117,1.3857448101043701,-0.17462095618247986,-0.19983476400375366,1.4524425268173218,-0.021442346274852753,0.3880375921726227,0.07115401327610016,0.1893148422241211,0.03714922070503235,0.16333116590976715,0.12313930690288544,0.11906328797340393,0.18138721585273743,-0.12616895139217377,0.3283167779445648,-0.03202888369560242,0.9577795267105103,-0.08564695715904236,0.8859821557998657,-0.11833681911230087,-0.1797688901424408
64,818,672,847,702,-0.2712879180908203,-0.16173270344734192,-0.20325243473052979,1.1638469696044922,-0.24109742045402527,-0.26086556911468506,0.5692242980003357,-0.2532106637954712,-0.2761334180831909,-0.2600123882293701,0.3497074246406555,-0.11854995042085648,-0.27309650182724,0.7603734135627747,1.3058205842971802,-0.22232834994792938,-0.08359459042549133,0.0616656057536602,-0.25262048840522766,1.1954379081726074,-0.2522444427013397,1.6248457431793213,-0.15127551555633545,0.16425977647304535,2.597268581390381,-0.27335137128829956,-0.15432961285114288,-0.019432835280895233,-0.2659552991390228,-0.26752015948295593,-0.184372216463089,-0.21099139750003815,-0.25753968954086304,0.222592294216156,-0.16924209892749786,-0.27672433853149414,-0.1878422200679779,-0.2577391564846039,-0.17809341847896576,0.028269974514842033,-0.1998153179883957,-0.10393156856298447,1.0304474830627441,0.5745067596435547,-0.26638713479042053,-0.12946957349777222,-0.2775634229183197,0.8243339657783508,0.8420082330703735,-0.0992904081940651,1.4919122457504272,0.7981395721435547,0.13015007972717285,-0.22738580405712128,0.23379474878311157,-0.2642936408519745,0.08981936424970627,0.6957947611808777,2.081756114959717,-0.22895127534866333,0.1081496924161911,-0.12129650264978409,-0.24940268695354462,0.9521558284759521,-0.21350406110286713,-0.23387762904167175,-0.2588678300380707,0.12843415141105652,-0.18056213855743408,-0.16814576089382172,0.6487699151039124,-0.22432830929756165,-0.04825657233595848,0.18793582916259766,0.2903302311897278,-0.13317441940307617,-0.17579694092273712,-0.20350393652915955,-0.2233571857213974,-0.2225286215543747,0.7395357489585876,-0.18431910872459412,-0.278036504983902,0.9141639471054077,0.1940183788537979,-0.21087707579135895,-0.24887269735336304,-0.1802138239145279,0.13031704723834991,-0.27770814299583435,-0.17492139339447021,0.4190038740634918,-0.25826582312583923,-0.24080055952072144,-0.1786753237247467,0.08969046920537949,-0.27831217646598816,-0.2761201560497284,-0.2456013709306717,-0.0024486577603965998,-0.0175591092556715,-0.2732904553413391,0.047680456191301346,0.22979871928691864,-0.2383153736591339,0.9066986441612244,0.10728509724140167,0.8542606234550476,0.06075936555862427,-0.21979571878910065,-0.27107200026512146,-0.16537779569625854,0.7340306639671326,-0.0771716758608818,-0.13070544600486755,-0.0676165223121643,-0.18428796529769897,0.24930736422538757,-0.045461028814315796,0.5736669898033142,-0.1103896051645279,0.2805873155593872,0.20295561850070953,1.4272805452346802,-0.2089054137468338,-0.18669390678405762,-0.22561098635196686,-0.15227575600147247
65,156,328,186,357,0.8715181350708008,-0.26430222392082214,-0.12702339887619019,1.0576064586639404,-0.12453237920999527,-0.2668236196041107,0.24894633889198303,-0.2198370099067688,-0.2701414227485657,-0.24737608432769775,0.5449751615524292,-0.2132401168346405,-0.1542920619249344,0.6037870645523071,0.49543410539627075,-0.2283298522233963,-0.05191449075937271,-0.18996301293373108,-0.15729403495788574,-0.270674467086792,0.022551514208316803,0.1863516867160797,0.07104569673538208,0.3202621340751648,-0.1510007083415985,0.033718377351760864,-0.19197045266628265,-0.24112097918987274,0.5516689419746399,0.01186951994895935,-0.21985715627670288,0.04791027307510376,-0.10290196537971497,0.5296359658241272,-0.18404734134674072,0.1423783153295517,-0.0005157366394996643,-0.0678151398897171,0.0025744587182998657,-0.14440010488033295,-0.027031108736991882,-0.059889331459999084,-0.10589952766895294,0.5762336254119873,0.40420013666152954,-0.21138332784175873,-0.19691553711891174,0.7916855812072754,0.4442601799964905,0.20928698778152466,0.5980203747749329,0.14452329277992249,0.4262033998966217,-0.23517249524593353,0.7988038659095764,-0.22583900392055511,0.34199056029319763,0.7661280632019043,0.8397327661514282,-0.2207764834165573,0.14014238119125366,0.7768080234527588,-0.0836329460144043,0.21078899502754211,1.0103185176849365,0.07874502241611481,-0.09010427445173264,0.21548470854759216,-0.14925621449947357,0.35646945238113403,0.9748450517654419,-0.2053993046283722,-0.22265410423278809,0.24572718143463135,-0.11833968758583069,-0.05906485766172409,0.6285314559936523,-0.2670430839061737,-0.0852331593632698,-0.15318527817726135,-0.09025756269693375,-0.2609899640083313,-0.2697288990020752,-0.03335002809762955,0.17267045378684998,-0.18782104551792145,-0.196298748254776,-0.18667194247245789,0.05022202804684639,-0.26226863265037537,-0.22921213507652283,-0.04228127375245094,-0.04234421253204346,0.05368246138095856,0.027872830629348755,0.3094339072704315,-0.20439165830612183,0.05184566229581833,-0.21495425701141357,0.07519423961639404,1.138844609260559,-0.08085723966360092,0.01551097258925438,0.5947399139404297,-0.22038781642913818,0.2900888919830322,-0.10157262533903122,-0.16873478889465332,-0.24710200726985931,-0.12108729779720306,1.1853610277175903,0.14540676772594452,0.08080978691577911,0.06287606060504913,0.15636438131332397,-0.15654204785823822,0.65897136926651,-0.15249308943748474,-0.1342243254184723,0.14962926506996155,-0.09480215609073639,0.5161773562431335,-0.27492544054985046,0.6206083297729492,0.021936535835266113,0.2645385265350342,0.11426113545894623,-0.1564140021800995
66,147,346,177,373,0.4535912275314331,-0.25654736161231995,0.17363250255584717,1.2269293069839478,-0.1982995569705963,0.2857566177845001,0.22470995783805847,-0.25227630138397217,-0.22412395477294922,-0.24595536291599274,0.1541084200143814,0.4796620309352875,-0.24591585993766785,0.09354864060878754,0.7057602405548096,-0.2513786256313324,-0.050178803503513336,0.3482785224914551,0.016719039529561996,-0.15198761224746704,0.25499439239501953,0.7214778661727905,0.23839189112186432,1.6867505311965942,0.0950164869427681,1.1199238300323486,-0.226267009973526,-0.24505281448364258,0.012563280761241913,0.910283625125885,-0.18725068867206573,0.04614439606666565,-0.1608709990978241,0.4291994571685791,-0.16142341494560242,0.25052109360694885,0.3217344284057617,-0.06399000436067581,0.007079318165779114,-0.20948630571365356,0.3241587281227112,0.1854827105998993,0.03321361914277077,1.5354785919189453,0.36617887020111084,-0.09370820224285126,-0.17254775762557983,1.4947137832641602,0.7619706392288208,0.06473252177238464,1.030704140663147,1.1363658905029297,0.3726748824119568,-0.2534369230270386,1.0109636783599854,-0.2520589828491211,1.235851526260376,1.3254194259643555,1.790534257888794,-0.1907508224248886,0.08486086875200272,0.18815886974334717,-0.053232934325933456,0.21490886807441711,0.06111155450344086,0.5638514757156372,0.040269963443279266,-0.10657806694507599,-0.15692652761936188,-0.038841716945171356,0.8245341777801514,-0.13388490676879883,-0.2503963112831116,0.2521592676639557,-0.24422051012516022,0.2546810805797577,0.30997133255004883,-0.23662732541561127,-0.08470284193754196,-0.2122626006603241,0.7952222228050232,-0.234343022108078,-0.264381468296051,0.02193879708647728,0.11254363507032394,-0.15683996677398682,-0.22502616047859192,-0.2393243908882141,-0.15024524927139282,-0.23942232131958008,-0.2518795132637024,0.19977596402168274,-0.24014398455619812,0.4097857177257538,0.1382405012845993,0.5697449445724487,-0.16300708055496216,0.004797335714101791,-0.22873298823833466,-0.12636400759220123,0.9463085532188416,-0.2309737354516983,0.18476927280426025,0.44021403789520264,1.3403706550598145,0.38421207666397095,-0.18014070391654968,-0.12869177758693695,0.2723689675331116,-0.16007697582244873,1.643198013305664,0.8310928344726562,0.2935311198234558,0.10094420611858368,-0.06496918201446533,0.03850886598229408,0.4414433240890503,0.0385315865278244,0.04100024327635765,-0.09130936861038208,-0.10528996586799622,0.3669539988040924,-0.24429994821548462,0.5618845820426941,0.1925608515739441,0.1377875655889511,-0.13702058792114258,-0.05975278839468956
67,654,210,678,243,1.3027724027633667,-0.23342959582805634,0.4463351368904114,1.1128093004226685,-0.2690136134624481,-0.21732348203659058,0.4683976173400879,-0.2450910210609436,-0.1818535327911377,-0.21660709381103516,-0.08286140859127045,-0.2630346417427063,-0.18025314807891846,0.6605323553085327,1.442379117012024,-0.2260781228542328,-0.25059622526168823,0.6093501448631287,0.18844351172447205,0.17570579051971436,0.028711415827274323,1.0416983366012573,0.16577467322349548,0.09752218425273895,0.09137760102748871,0.06836497038602829,-0.10943865776062012,-0.2488473802804947,0.5549723505973816,-0.15634803473949432,-0.19671043753623962,-0.18045958876609802,-0.08341941237449646,1.058231234550476,-0.09722642600536346,0.17612990736961365,0.12238238751888275,-0.18724742531776428,0.8206987380981445,0.30077266693115234,-0.08937039226293564,-0.05162487179040909,0.7326158285140991,1.642017126083374,0.6979029178619385,-0.04975156858563423,-0.1554805338382721,0.6434066295623779,0.15383681654930115,0.11731533706188202,1.3517847061157227,0.9530346989631653,0.7103306651115417,-0.2644582986831665,2.6870524883270264,-0.24967838823795319,1.3308558464050293,0.5175583958625793,1.5060486793518066,-0.037214070558547974,0.5441003441810608,0.22171922028064728,-0.24257653951644897,0.9826033115386963,0.5727970004081726,-0.041104692965745926,0.012602346017956734,0.36787551641464233,-0.16017359495162964,0.10981810837984085,0.3488847613334656,-0.24691501259803772,-0.15720266103744507,-0.21566586196422577,-0.19611328840255737,-0.06406942754983902,1.9659992456436157,-0.10093685984611511,0.4699991047382355,-0.11301249265670776,0.08774468302726746,-0.2385907918214798,-0.24710772931575775,-0.14895549416542053,0.3566018342971802,-0.18017473816871643,-0.1715603619813919,-0.19734758138656616,-0.09869647771120071,-0.22938233613967896,0.04853168874979019,-0.16208159923553467,0.19567811489105225,0.04232725501060486,0.7749305963516235,0.27510806918144226,-0.1934148073196411,0.020478568971157074,-0.24603261053562164,-0.047504834830760956,1.1669096946716309,-0.25419309735298157,0.08449365198612213,1.5341334342956543,-0.22495585680007935,0.1492101550102234,-0.11867183446884155,0.12657232582569122,-0.22105717658996582,-0.17485424876213074,1.7745990753173828,0.042400047183036804,1.837794542312622,0.50178462266922,0.14418962597846985,0.07654298841953278,0.12219244241714478,-0.159261554479599,-0.06756430119276047,-0.06148819252848625,-0.06528467684984207,0.14347206056118011,0.3531658947467804,0.6578635573387146,-0.16814041137695312,0.8318633437156677,-0.2014448195695877,-0.20276135206222534
68,787,337,820,367,-0.18450987339019775,-0.2517351508140564,0.40965044498443604,1.2511026859283447,0.06711027026176453,0.37019601464271545,0.02850787341594696,-0.258230984210968,-0.23174351453781128,-0.26602569222450256,0.6819843053817749,1.3182265758514404,-0.23271310329437256,1.1938610076904297,0.3223688304424286,-0.2117936760187149,1.5987589359283447,-0.2622721195220947,0.2479821741580963,0.4285542368888855,-0.13061362504959106,0.2565367817878723,-0.108712337911129,0.06601809710264206,2.5337493419647217,1.4438809156417847,-0.16846752166748047,-0.19154201447963715,0.0662815272808075,1.566192626953125,-0.23614707589149475,-0.25072866678237915,-0.07130168378353119,-0.057559385895729065,-0.20123426616191864,-0.27001214027404785,-0.0025910958647727966,-0.1609702706336975,-0.15625284612178802,-0.07095809280872345,-0.15021386742591858,0.03206518292427063,0.31306004524230957,1.949944019317627,-0.2764223515987396,-0.15546882152557373,-0.2744481563568115,0.5663210153579712,0.8971049189567566,0.5674899816513062,0.3589005768299103,0.5577231645584106,0.14375628530979156,-0.23502403497695923,-0.19435611367225647,-0.1644974797964096,-0.05085558071732521,1.736290693283081,1.5555859804153442,-0.19680336117744446,0.3394649922847748,-0.018852651119232178,0.10012665390968323,1.2975685596466064,-0.1557922065258026,1.2170222997665405,1.4789925813674927,1.2009069919586182,-0.12530547380447388,0.1433304250240326,0.46082454919815063,-0.25007885694503784,-0.10473160445690155,0.6046168804168701,-0.044138021767139435,0.49912765622138977,-0.16277237236499786,-0.26537495851516724,0.005730770528316498,-0.07979308068752289,0.30559366941452026,-0.20701798796653748,-0.2766962945461273,1.6112051010131836,-0.2560321092605591,-0.12996560335159302,-0.20194417238235474,-0.1757129728794098,-0.057559117674827576,-0.19153115153312683,-0.04914514347910881,0.25127899646759033,-0.1741744428873062,0.117643341422081,-0.2513054311275482,0.08622725307941437,-0.17494162917137146,-0.20607128739356995,-0.10646483302116394,-0.10702076554298401,-0.08748982846736908,-0.2739076614379883,0.438951313495636,0.19596250355243683,1.663044810295105,0.3553193211555481,-0.13728280365467072,0.16560737788677216,1.6388804912567139,-0.23350095748901367,-0.27708953619003296,-0.13571637868881226,0.17959776520729065,-0.16887615621089935,-0.03452956676483154,-0.039359450340270996,0.023711949586868286,0.720574676990509,-0.07518372684717178,0.2339003086090088,-0.13316558301448822,0.25592440366744995,-0.13131515681743622,0.8529040813446045,0.09106911718845367,0.030929110944271088,-0.2124461531639099,-0.1336367428302765
69,171,690,200,723,1.0130603313446045,-0.24231919646263123,0.12607231736183167,1.2251724004745483,-0.17783492803573608,0.10979081690311432,0.10396286100149155,-0.25977763533592224,-0.25704798102378845,0.08623256534337997,0.04976676404476166,1.2283790111541748,-0.2076166272163391,0.32477688789367676,1.6053611040115356,-0.2711424231529236,-0.1179746687412262,0.20648205280303955,0.4253849983215332,-0.22278673946857452,-0.21651452779769897,1.0108107328414917,0.13672231137752533,0.6072311401367188,0.48400038480758667,0.946831464767456,-0.18108786642551422,-0.2096116840839386,-0.1352028250694275,0.741965115070343,0.019527576863765717,0.17618754506111145,-0.18743246793746948,1.3416537046432495,-0.13892747461795807,0.3365326225757599,0.4211927652359009,0.029859967529773712,1.2427841424942017,-0.2122553139925003,0.9382887482643127,0.37676286697387695,0.41410547494888306,0.2387438416481018,0.7035757899284363,1.0500576496124268,-0.1014455258846283,1.8236370086669922,0.3286897838115692,-0.1907130777835846,0.5065186619758606,1.8450429439544678,0.006240949034690857,-0.14520761370658875,1.64345383644104,-0.17857776582241058,1.9179120063781738,0.5892176628112793,1.2005946636199951,-0.2197551429271698,0.31616130471229553,-0.19385379552841187,0.0385131761431694,-0.03904692828655243,-0.21089862287044525,-0.2293170541524887,-0.14680130779743195,-0.2699753940105438,0.7741165161132812,-0.23083436489105225,0.7987843751907349,0.08816779404878616,-0.19737693667411804,0.02848207950592041,0.0920071005821228,-0.04881506413221359,2.228264570236206,-0.13568487763404846,0.25159069895744324,-0.1694566309452057,0.13613976538181305,-0.25274884700775146,-0.2559184432029724,-0.09805040061473846,1.6701512336730957,-0.06946241855621338,-0.19387686252593994,-0.2407512068748474,-0.04021673649549484,-0.2563062012195587,-0.22705906629562378,-0.03831281512975693,0.26022303104400635,0.45645666122436523,0.21433256566524506,0.501404881477356,0.010169576853513718,-0.10547670722007751,-0.2644559442996979,-0.1997784972190857,1.7687065601348877,0.2341594696044922,-0.09132705628871918,0.4542270302772522,1.383138656616211,0.20161107182502747,-0.2535693049430847,0.3151761293411255,-0.1079162135720253,-0.21647398173809052,3.5048742294311523,0.6833683848381042,0.7082067131996155,0.6300053596496582,-0.08707162737846375,0.33094701170921326,-0.2719273269176483,0.5188764333724976,0.36424678564071655,-0.08181574940681458,0.09472353756427765,1.0152957439422607,-0.11884661763906479,0.730096697807312,0.11697487533092499,0.506501317024231,-0.24493438005447388,-0.03329925984144211
70,664,593,708,625,0.6464777588844299,-0.24956972897052765,0.2398250550031662,1.0872174501419067,-0.245313823223114,0.38345637917518616,0.49702516198158264,-0.25113943219184875,0.20689135789871216,-0.1605881303548813,0.19448518753051758,3.0683419704437256,-0.18847942352294922,0.2149188369512558,0.8612930178642273,-0.23005612194538116,0.07008066028356552,0.4541764259338379,1.0053001642227173,-0.16665008664131165,-0.05692287161946297,0.055776242166757584,0.4861167371273041,0.3870730698108673,0.32678452134132385,1.2240148782730103,-0.20523779094219208,0.15594421327114105,0.39742374420166016,1.09259033203125,-0.057248543947935104,-0.23789596557617188,-0.08108856528997421,0.04844975471496582,-0.18033690750598907,0.16676902770996094,-0.13718102872371674,0.4692361056804657,0.2093525379896164,0.15948309004306793,0.23827670514583588,-0.06258488446474075,0.08932879567146301,0.1485421508550644,0.15848387777805328,0.05020902678370476,-0.20502644777297974,1.1503058671951294,0.522835910320282,0.548852801322937,0.20885400474071503,1.3979471921920776,0.7478749752044678,-0.20344805717468262,1.5758304595947266,0.3114911913871765,0.3555241525173187,1.1044312715530396,0.6478558778762817,-0.2263394594192505,0.3583550751209259,0.129022479057312,0.07311857491731644,-0.23417794704437256,0.19653065502643585,0.1710839867591858,0.9308507442474365,-0.10742131620645523,0.47106799483299255,-0.11327574402093887,0.4170595109462738,-0.028853366151452065,0.016370832920074463,0.7418267130851746,-0.11895590275526047,-0.015811443328857422,0.6924551129341125,-0.19252151250839233,-0.07558109611272812,0.03087540902197361,0.5247935652732849,-0.2647721767425537,-0.25234442949295044,2.0134801864624023,0.7681058049201965,-0.21451134979724884,-0.22983920574188232,-0.1827937811613083,0.5533006191253662,-0.17715708911418915,-0.25174373388290405,0.42570939660072327,0.19716818630695343,-0.18574142456054688,0.08438851684331894,0.07406051456928253,-0.19776518642902374,0.20298393070697784,-0.25721415877342224,0.12107690423727036,0.6912757754325867,0.0311276912689209,0.05649353563785553,0.503080427646637,1.2819761037826538,0.35592523217201233,-0.0677359402179718,1.2742911577224731,-0.03066479228436947,-0.17656922340393066,1.2600644826889038,0.038935065269470215,0.2946455776691437,0.44021034240722656,0.15571346879005432,0.04899980500340462,0.2492028921842575,0.3886340856552124,0.14790640771389008,0.10546761006116867,-0.07379964739084244,0.66023188829422,0.1947152018547058,1.1551717519760132,-0.05311359837651253,0.7605121731758118,-0.2283054143190384,-0.19917552173137665
71,787,706,820,733,-0.18217244744300842,-0.259649395942688,1.2814173698425293,1.1949198246002197,-0.2540741562843323,-0.12943720817565918,1.0646120309829712,-0.2578392028808594,-0.019317030906677246,-0.27054834365844727,0.8158817291259766,0.9970524907112122,-0.24631308019161224,2.1771912574768066,1.261454701423645,-0.25721320509910583,-0.09515229612588882,1.1849391460418701,0.8238479495048523,0.1361917108297348,-0.0586128830909729,0.47781360149383545,0.004367262125015259,-0.23728607594966888,0.547732412815094,1.6375941038131714,-0.1767776757478714,-0.23544585704803467,1.9142613410949707,0.8912097215652466,-0.27577969431877136,-0.15749266743659973,-0.24110949039459229,0.1561422348022461,-0.19846737384796143,-0.09436765313148499,0.17992284893989563,0.3072713613510132,-0.13769464194774628,0.02121293544769287,0.2585403621196747,0.27383849024772644,0.6518538594245911,1.6130726337432861,-0.17919820547103882,0.37408724427223206,-0.26505738496780396,3.3898653984069824,0.41844823956489563,-0.009340658783912659,-0.20048931241035461,1.7469322681427002,-0.06080583482980728,0.021631017327308655,0.4825669825077057,-0.1931927502155304,1.0338294506072998,0.2586665749549866,0.736491322517395,-0.16199250519275665,0.7342098951339722,-0.07764779031276703,0.5303425788879395,2.2960877418518066,0.18701061606407166,-0.15058200061321259,-0.22090473771095276,0.10622205585241318,0.341720849275589,0.052724532783031464,-0.0350738950073719,0.3946973979473114,-0.2157316356897354,0.1267409473657608,-0.2160893976688385,0.44662702083587646,1.7027876377105713,-0.2761351466178894,1.882572889328003,-0.116570383310318,-0.13386407494544983,-0.2379787564277649,-0.2587146759033203,-0.08815772086381912,0.5527709722518921,-0.06114037334918976,-0.15875309705734253,-0.1541382074356079,-0.18476197123527527,-0.19359594583511353,-0.13389943540096283,-0.23138701915740967,0.5758719444274902,0.2801819145679474,-0.2408740371465683,0.2531557083129883,-0.14189216494560242,-0.22246278822422028,-0.09727582335472107,-0.20419776439666748,1.050817608833313,-0.15289509296417236,0.6109837293624878,0.6256431341171265,1.0938111543655396,0.5296288728713989,-0.23215219378471375,0.30234795808792114,0.8745352029800415,-0.22556759417057037,-0.012413926422595978,0.3616675138473511,0.6386419534683228,1.4303553104400635,-0.13598287105560303,0.026336101815104485,0.49937453866004944,0.3889903128147125,0.11981789767742157,0.522057294845581,0.05156395211815834,0.7698602080345154,-0.19000431895256042,0.25551652908325195,0.06148437038064003,0.2398611307144165,-0.11374390870332718,-0.2047547996044159
72,485,631,518,664,0.35244667530059814,-0.22109903395175934,-0.14956852793693542,1.0186933279037476,-0.19830995798110962,0.032615676522254944,0.287970632314682,-0.23489145934581757,0.6647738814353943,-0.2496938705444336,0.3883407413959503,0.15917940437793732,-0.1490408480167389,0.2871241867542267,0.14136895537376404,-0.2511923611164093,0.11650633811950684,-0.07613152265548706,0.3372161388397217,-0.16968397796154022,-0.2446957379579544,-0.12138061970472336,0.23856918513774872,1.1247928142547607,-0.103300541639328,1.0734081268310547,-0.0977509617805481,-0.19506430625915527,0.00517195463180542,0.6664711833000183,-0.19796457886695862,-0.08988893032073975,0.160558819770813,0.635012149810791,-0.20126821100711823,0.2308720350265503,-0.17130443453788757,0.3046461343765259,-0.21404428780078888,0.36262500286102295,0.152460515499115,-0.14975035190582275,0.029452204704284668,-0.06923132389783859,0.23435524106025696,0.30536532402038574,-0.23279057443141937,1.5200979709625244,0.7871420979499817,0.9007623195648193,0.5350087285041809,0.5281335115432739,1.175236463546753,-0.2386234998703003,0.6984228491783142,-0.16592594981193542,0.4405112862586975,0.41383931040763855,0.7509962320327759,-0.24132391810417175,1.012133240699768,0.2795509696006775,-0.18153294920921326,-0.14480343461036682,0.5573052763938904,0.11505986750125885,0.7601922750473022,0.09425884485244751,0.14449946582317352,-0.11582662165164948,0.967710554599762,-0.24295450747013092,-0.20914694666862488,0.23225794732570648,-0.16896404325962067,-0.09247477352619171,0.08434916287660599,-0.228804349899292,-0.17360657453536987,-0.1718284785747528,0.12443762272596359,-0.2683425843715668,-0.2545989155769348,0.6116636991500854,1.004626989364624,-0.19751378893852234,-0.2427624613046646,-0.05628253519535065,0.591823935508728,-0.1888493448495865,-0.20613601803779602,0.5045313239097595,0.050616554915905,-0.16892318427562714,0.534162700176239,-0.11005181819200516,-0.25199124217033386,-0.14512929320335388,-0.26881977915763855,0.13601824641227722,0.3978107273578644,-0.05801650136709213,-0.049208421260118484,1.093076467514038,0.3072134554386139,1.1248233318328857,-0.1180376335978508,0.7283473014831543,-0.21581657230854034,-0.25390782952308655,1.4249159097671509,-0.1265285313129425,0.650390088558197,0.01952465996146202,0.1590847373008728,0.04646982252597809,0.7971255779266357,-0.04944342374801636,-0.14472535252571106,0.3420393466949463,-0.08526237308979034,0.43853646516799927,-0.1467791199684143,1.1052017211914062,-0.19521597027778625,1.1798478364944458,-0.004391014575958252,-0.18668429553508759
73,724,229,764,277,0.47873225808143616,-0.2422913759946823,0.05788351967930794,1.0904382467269897,-0.18547312915325165,-0.1854420155286789,0.35671719908714294,-0.2266964167356491,-0.18521572649478912,-0.1388833075761795,0.17599041759967804,0.13519538938999176,-0.13928426802158356,0.7053984999656677,0.4025252163410187,-0.20003528892993927,-0.16790980100631714,1.2041608095169067,0.6017119288444519,0.20986850559711456,-0.018097704276442528,-0.13013683259487152,0.2988119125366211,0.7412077784538269,0.2164539247751236,1.4553524255752563,-0.16824008524417877,-0.2314774990081787,0.37973034381866455,0.8788490295410156,0.01052941381931305,-0.1384403556585312,-0.09059649705886841,0.4361129105091095,-0.19459299743175507,0.014684597961604595,0.0008074939250946045,0.8158926367759705,-0.14774590730667114,-0.032222867012023926,0.520340085029602,-0.006056284066289663,0.27591750025749207,0.9396507740020752,-0.028435131534934044,0.37102165818214417,-0.2076949030160904,1.1413520574569702,0.42982327938079834,0.35797056555747986,0.9897860884666443,0.5836614966392517,0.60154128074646,-0.23666870594024658,0.6461949944496155,-0.15285764634609222,1.444196343421936,0.4631668031215668,1.5166277885437012,-0.22765366733074188,0.45866551995277405,0.19271409511566162,-0.035736437886953354,1.421670913696289,0.22686751186847687,0.14028339087963104,-0.1758333444595337,0.5341178774833679,0.05436347797513008,0.2046249955892563,0.1623752862215042,0.02844242751598358,-0.12756755948066711,0.5488391518592834,-0.19159261882305145,0.26863721013069153,0.37028446793556213,-0.15744434297084808,-0.17566728591918945,-0.15716178715229034,0.4426654279232025,-0.22896623611450195,-0.26716965436935425,0.03626745566725731,0.42873644828796387,-0.16910970211029053,-0.19397300481796265,-0.17738239467144012,0.5634202361106873,-0.2401052713394165,0.07537917047739029,-0.06459789723157883,0.16777563095092773,-0.03859764710068703,0.1751905083656311,-0.002363314153626561,-0.1916951686143875,0.07183346152305603,-0.20892028510570526,-0.09849831461906433,0.6440282464027405,-0.15067578852176666,0.05863333120942116,0.81538987159729,0.7532488703727722,0.4334798753261566,-0.13831423223018646,0.6374419927597046,-0.09319759160280228,-0.035471606999635696,1.1511467695236206,0.2954595386981964,0.647701621055603,0.48781466484069824,0.20669341087341309,0.15039047598838806,0.5998228192329407,0.10622755438089371,0.06413616985082626,0.002492964267730713,-0.1045893058180809,0.28331947326660156,-0.05705777183175087,0.7973286509513855,0.0015591805567964911,0.40862056612968445,-0.15635930001735687,-0.1434815675020218
74,218,273,254,313,0.9598976373672485,-0.2466251701116562,0.6484177112579346,1.0086710453033447,-0.18027082085609436,0.21255330741405487,0.6958066821098328,-0.23414170742034912,0.011492550373077393,-0.21726571023464203,0.059858523309230804,-0.26417601108551025,-0.164637953042984,0.4255472719669342,0.8199478387832642,-0.200102299451828,-0.24379584193229675,1.927769422531128,0.15258409082889557,0.14101915061473846,-0.13871079683303833,0.18371281027793884,0.3634744882583618,0.7543625831604004,0.13242611289024353,0.8752400875091553,-0.18000978231430054,-0.16239240765571594,0.579791247844696,0.48022350668907166,-0.1830170452594757,-0.17715467512607574,0.1277133822441101,0.19832925498485565,-0.21276530623435974,0.11878368258476257,-0.08198221772909164,0.7481705546379089,-0.16894038021564484,0.9240175485610962,0.19382132589817047,-0.1644871085882187,0.46164557337760925,1.5692297220230103,0.16261523962020874,0.08543142676353455,-0.203932523727417,0.8344253897666931,-0.019088607281446457,0.3129656910896301,1.3329426050186157,0.600741982460022,0.5765714645385742,-0.2585555911064148,2.2776083946228027,-0.21055611968040466,1.2329131364822388,0.1334739625453949,1.297593116760254,-0.25768476724624634,0.26413458585739136,0.2124273180961609,-0.21586081385612488,0.36980167031288147,0.6111865639686584,0.09080249071121216,-0.22633293271064758,0.15790528059005737,0.05421806871891022,0.012980233877897263,0.2808420658111572,-0.07336197793483734,-0.02005946636199951,0.11093363910913467,-0.22202566266059875,0.07202112674713135,0.6274400949478149,-0.266366183757782,-0.0235903337597847,-0.10341377556324005,0.7418937087059021,-0.23074555397033691,-0.23696716129779816,0.03239080309867859,0.49721503257751465,-0.20291057229042053,-0.2538519501686096,-0.11515295505523682,1.0390758514404297,-0.1988525092601776,-0.08914682269096375,-0.056569166481494904,-0.02059047669172287,-0.1695772409439087,1.6218688488006592,-0.06117486208677292,-0.25976333022117615,0.24936719238758087,-0.2524145543575287,0.10691353678703308,1.3071272373199463,-0.021947171539068222,0.2290414720773697,1.4438581466674805,0.6067906618118286,0.07107193768024445,0.03405730426311493,0.7790180444717407,-0.22223371267318726,-0.241943359375,1.6539613008499146,-0.0597834475338459,1.3573418855667114,1.291434407234192,0.10238305479288101,0.06548631191253662,0.2841024398803711,0.0016645491123199463,-0.12256114184856415,0.14365670084953308,-0.022132640704512596,0.23842746019363403,0.4814126789569855,0.7936446666717529,-0.08745147287845612,0.773230791091919,-0.15668126940727234,-0.18017825484275818
75,519,535,554,568,0.4902060627937317,-0.2680467963218689,0.2508533298969269,1.0800305604934692,-0.15034446120262146,-0.18477779626846313,0.4418492913246155,-0.24304218590259552,-0.19420072436332703,-0.2331731617450714,1.0001949071884155,-0.24186493456363678,-0.2074219286441803,0.1076621264219284,0.24837584793567657,-0.1939447820186615,-0.10956709086894989,0.06505550444126129,-0.13121628761291504,0.11913654208183289,0.10180303454399109,0.05824129283428192,0.1604900062084198,0.7661618590354919,0.2041361927986145,1.1435221433639526,-0.236825630068779,-0.22024205327033997,0.7658786773681641,0.5885252356529236,-0.09815782308578491,-0.06459623575210571,0.10592067241668701,0.30832743644714355,-0.1903305947780609,0.06909185647964478,0.02107413113117218,0.24129986763000488,-0.24314072728157043,0.23775100708007812,0.07546256482601166,-0.07670945674180984,0.7060636281967163,1.4596142768859863,0.6597553491592407,-0.21890245378017426,-0.22547076642513275,1.1686148643493652,0.9889553785324097,0.6534435749053955,1.1553137302398682,0.5940359234809875,0.1977999359369278,-0.1968965232372284,0.6784641742706299,-0.22363688051700592,0.6421158313751221,1.0711536407470703,1.111412763595581,-0.2514359652996063,0.8488576412200928,0.3941148519515991,-0.11760658770799637,1.3737876415252686,-0.028833255171775818,0.5046225786209106,0.07877311110496521,0.2700042724609375,0.2873397469520569,0.6612969636917114,0.3185957074165344,-0.16246867179870605,-0.10815024375915527,0.3672544062137604,-0.20958074927330017,0.19992348551750183,0.1450841873884201,-0.27199631929397583,0.05271613597869873,-0.09302809089422226,-0.0815163403749466,-0.18884709477424622,-0.2466925084590912,-0.012442037463188171,-0.09469034522771835,-0.22981330752372742,-0.2503438889980316,-0.09537790715694427,-0.017111456021666527,-0.23302794992923737,-0.19484271109104156,0.070063516497612,-0.0002686157822608948,-0.008933842182159424,0.41709867119789124,0.16791456937789917,-0.24997305870056152,0.1640147864818573,-0.19846457242965698,-0.033516574651002884,0.4920508861541748,-0.2087835669517517,0.3304758071899414,0.915221631526947,-0.051388438791036606,0.7428257465362549,-0.16921915113925934,-0.2353174239397049,0.01503179594874382,-0.11875125765800476,0.9356621503829956,0.042716220021247864,0.7666307687759399,-0.07348737120628357,0.12542927265167236,0.046247418969869614,0.9575442671775818,-0.04849078506231308,-0.21499672532081604,0.09913098067045212,-0.13133177161216736,0.2754674553871155,-0.18145135045051575,0.45144397020339966,0.03060821071267128,0.5352956652641296,0.008509695529937744,-0.22636815905570984
76,327,659,357,690,0.8134403228759766,-0.25858360528945923,-0.12105849385261536,1.16690993309021,-0.16330870985984802,0.19824831187725067,0.3862850069999695,-0.25993812084198,-0.0937545970082283,-0.2631244957447052,0.25851836800575256,-0.13269677758216858,-0.22506636381149292,0.07283994555473328,0.6314293146133423,-0.19099865853786469,-0.24693916738033295,-0.05018704757094383,-0.10648451745510101,0.13199537992477417,0.15118689835071564,0.3081812262535095,-0.08525201678276062,1.016216516494751,-0.06069374829530716,1.317158818244934,-0.2167925387620926,-0.2380247265100479,0.32739466428756714,0.866146445274353,0.18934696912765503,0.1695721298456192,-0.11238133162260056,0.4021361470222473,-0.11832501739263535,0.24774865806102753,0.18444621562957764,-0.07544788718223572,0.45035865902900696,-0.14531533420085907,0.21833421289920807,0.1472785770893097,0.38661110401153564,0.5097371339797974,0.5143566131591797,0.02045781910419464,-0.09068010002374649,0.956559419631958,1.3271585702896118,0.4805232882499695,1.1867384910583496,1.0569802522659302,0.10860254615545273,-0.2101442813873291,1.2419666051864624,-0.24518892168998718,1.0014190673828125,1.003590703010559,1.0790280103683472,-0.25269177556037903,1.3898497819900513,0.5667287111282349,-0.1525823026895523,0.6506590247154236,0.005321294069290161,0.18690237402915955,-0.11108485609292984,0.0564424991607666,0.1594710648059845,0.5765268206596375,0.3389861583709717,-0.17691998183727264,-0.12662234902381897,0.6993971467018127,-0.21435153484344482,0.024387098848819733,0.8326257467269897,-0.20829950273036957,-0.03941941261291504,-0.1496010422706604,0.2795039117336273,-0.18616607785224915,-0.25773265957832336,-0.0980105847120285,0.8322990536689758,-0.22463124990463257,-0.24017807841300964,-0.15621206164360046,-0.1285654604434967,-0.21196049451828003,-0.19519102573394775,0.1672927439212799,0.27107229828834534,0.19421038031578064,0.21779175102710724,0.24639126658439636,-0.19375674426555634,-0.07057434320449829,-0.2239890843629837,-0.15900275111198425,0.3276991546154022,-0.20500057935714722,-0.09286031126976013,0.9383083581924438,0.5610696077346802,0.9577000737190247,-0.1834336668252945,0.056758902966976166,-0.2450653314590454,-0.13583847880363464,1.6988416910171509,0.4504503607749939,0.9652531147003174,0.13684339821338654,0.04969920963048935,0.35843902826309204,0.941083550453186,0.10336461663246155,-0.06702698767185211,0.17340169847011566,-0.09711071103811264,0.16133928298950195,-0.09662552177906036,0.8049690127372742,0.06798680871725082,0.21905012428760529,-0.2519558370113373,-0.17194509506225586
77,665,195,700,227,0.7596268057823181,-0.25549280643463135,0.059326767921447754,1.160508155822754,-0.23226720094680786,-0.26451683044433594,0.4424130320549011,-0.2294081449508667,-0.18098515272140503,-0.2388603240251541,0.4295198917388916,0.3645809292793274,-0.1454450637102127,0.8974066972732544,1.0928386449813843,-0.23881091177463531,-0.013631142675876617,0.25015687942504883,0.30440622568130493,0.46918898820877075,0.15217584371566772,0.34229472279548645,-0.020633697509765625,0.02831427752971649,0.5912370681762695,0.4750479459762573,-0.05041186884045601,-0.26245230436325073,0.2368985414505005,-0.021551668643951416,-0.2477317899465561,-0.20741117000579834,-0.08830402791500092,0.7473100423812866,-0.1257476806640625,0.26058071851730347,-0.020084723830223083,-0.17330491542816162,0.4625980854034424,0.09768538177013397,0.06700785458087921,-0.02318907156586647,0.5558167695999146,1.1569600105285645,0.6763810515403748,-0.0829692929983139,-0.18351760506629944,0.8963472247123718,-0.000947415828704834,-0.020036716014146805,0.9848474264144897,0.4851478636264801,0.23120401799678802,-0.25500935316085815,1.013263463973999,-0.2269703894853592,0.623319149017334,1.3552327156066895,1.3628170490264893,-0.05795475095510483,0.1477600634098053,0.3118296265602112,-0.09959690272808075,1.3208634853363037,0.2190428078174591,0.5318496823310852,0.02074122428894043,0.583427906036377,-0.13814307749271393,0.0364321768283844,0.5340807437896729,-0.1528417468070984,-0.10116632282733917,1.0718697309494019,-0.06280648708343506,0.09440335631370544,0.7246631979942322,-0.2622382342815399,0.03497251123189926,-0.14604498445987701,-0.20264729857444763,-0.2134288251399994,-0.26014649868011475,0.6358360052108765,0.09208311885595322,-0.16804270446300507,-0.22510506212711334,-0.24130326509475708,0.26919984817504883,-0.24350374937057495,-0.005324017256498337,-0.12984946370124817,-0.11642704904079437,-0.019264504313468933,-0.06557677686214447,0.2925487756729126,-0.21308383345603943,-0.002907000482082367,-0.2244238555431366,-0.09449782222509384,1.6900298595428467,-0.10908909142017365,0.05151256546378136,0.49813681840896606,-0.24521571397781372,0.0485665388405323,-0.0588541105389595,-0.09754331409931183,-0.014671877026557922,-0.12128815799951553,1.1466095447540283,0.1038830578327179,0.24247857928276062,-0.1185813695192337,0.09362584352493286,-0.01273585855960846,0.23851804435253143,0.17830690741539001,-0.04077277332544327,-0.013095125555992126,-0.1154811680316925,0.6852903366088867,-0.23031693696975708,0.4679683744907379,-0.005855776369571686,0.798478364944458,-0.24340905249118805,-0.1696750819683075
78,146,414,170,438,0.1318182349205017,-0.24417904019355774,0.13753196597099304,1.1277737617492676,-0.12924568355083466,-0.08796004205942154,0.6948024034500122,-0.2027912437915802,-0.21137548983097076,-0.19087538123130798,0.42516109347343445,-0.19176848232746124,-0.11679577082395554,0.1767071783542633,1.6286273002624512,-0.25937753915786743,-0.12536664307117462,1.477685809135437,0.015776097774505615,-0.1958591789007187,-0.1228676289319992,1.0016143321990967,0.42971232533454895,0.82752925157547,0.05029559135437012,0.35368025302886963,-0.20849299430847168,-0.18267230689525604,0.10916245728731155,0.5163902044296265,-0.10917852818965912,-0.210199236869812,-0.17385010421276093,-0.12756122648715973,-0.2693585753440857,-0.22385282814502716,0.11754737794399261,0.39761313796043396,-0.18909341096878052,-0.18211369216442108,0.5550447702407837,0.27008357644081116,1.534293532371521,0.5159121155738831,-0.14297275245189667,0.35996729135513306,-0.27772536873817444,4.200951099395752,0.39893898367881775,0.14051881432533264,-0.11711526662111282,0.12238922715187073,0.5652462840080261,-0.17514526844024658,0.5421017408370972,-0.21053948998451233,1.811823844909668,0.7342402338981628,2.0788745880126953,-0.11140359938144684,1.4288794994354248,-0.266843318939209,0.7631075382232666,3.0654304027557373,-0.012744084000587463,-0.1628125011920929,-0.05990048497915268,-0.04777885228395462,-0.0872529000043869,-0.2205491065979004,0.21228556334972382,0.06954741477966309,-0.22127173840999603,-0.22923964262008667,-0.09556595236063004,-0.18107718229293823,-0.165794238448143,-0.17448878288269043,0.38074991106987,-0.086063914000988,0.8785214424133301,-0.24284061789512634,-0.15737587213516235,-0.07944867014884949,0.2459685206413269,-0.06325767934322357,-0.13930760324001312,-0.033406104892492294,0.5847637057304382,-0.2639208734035492,-0.13090558350086212,-0.19792023301124573,-0.1184258684515953,0.170796200633049,-0.13359631597995758,0.256664514541626,-0.2091030478477478,-0.17508381605148315,-0.17886751890182495,-0.012873411178588867,-0.132771298289299,-0.08181022852659225,0.032577551901340485,0.9746140241622925,0.970417857170105,1.6151739358901978,-0.24064217507839203,0.8356756567955017,0.514531672000885,-0.11444856226444244,0.4067149758338928,0.47637221217155457,1.731020212173462,2.2726197242736816,-0.2460888922214508,0.2535107731819153,-0.09344416856765747,-0.03989522159099579,-0.16704660654067993,-0.1468931883573532,0.027759119868278503,0.23385488986968994,0.5117313861846924,0.8681167960166931,-0.25629186630249023,-0.19437070190906525,-0.26195231080055237,-0.17391735315322876
79,825,580,854,606,-0.07578666508197784,-0.2751089036464691,0.521607518196106,1.1715408563613892,-0.12031599134206772,-0.2658349573612213,0.05897737294435501,-0.2724055051803589,-0.18623727560043335,-0.22728300094604492,0.9624552130699158,0.8007835745811462,-0.22678610682487488,2.5608301162719727,0.1612275391817093,-0.22690656781196594,-0.15095080435276031,0.09003046154975891,-0.2453884482383728,0.6902621984481812,-0.1313289850950241,-0.19519661366939545,-0.08342339098453522,-0.26633939146995544,0.6486266255378723,1.2994059324264526,0.00213787704706192,-0.1999989151954651,1.00442373752594,0.6599544882774353,-0.27073296904563904,-0.24244317412376404,-0.24314165115356445,0.30318036675453186,-0.234430193901062,-0.217042475938797,0.03693030774593353,0.38669607043266296,-0.1838933378458023,-0.2289210855960846,-0.24852925539016724,0.03286045789718628,-0.0009585097432136536,2.03489351272583,-0.1385289877653122,0.032674551010131836,-0.20531320571899414,0.5866385102272034,0.7176535725593567,0.547965407371521,0.1764964759349823,0.5069112181663513,0.28212499618530273,-0.1360933929681778,-0.11715587228536606,-0.17407459020614624,0.11887859553098679,0.6504321098327637,1.1995213031768799,-0.2678780257701874,0.22041535377502441,0.5760934352874756,0.12236935645341873,2.0976293087005615,0.7667654156684875,0.7823513746261597,-0.21936635673046112,1.6696794033050537,-0.2241608202457428,0.42224034667015076,0.2013864815235138,-0.23641495406627655,-0.17472216486930847,0.2098391056060791,-0.0863708034157753,0.6290966868400574,0.016846396028995514,-0.21027719974517822,-0.009296713396906853,-0.10538917034864426,-0.24142739176750183,-0.23045289516448975,-0.26892587542533875,0.9891287684440613,0.04691457003355026,-0.1511067897081375,-0.008271249011158943,-0.22162295877933502,0.11953800916671753,-0.10944417864084244,0.18580077588558197,-0.07507643848657608,-0.015970390290021896,0.08047309517860413,-0.26252317428588867,0.15577436983585358,-0.11470654606819153,-0.1176978200674057,-0.05465348809957504,-0.09318272769451141,1.0054304599761963,-0.2594752013683319,0.2890077829360962,0.5798932313919067,0.2657598853111267,0.36955827474594116,-0.1453549712896347,-0.09894873946905136,0.2171596884727478,-0.11676277220249176,-0.23679599165916443,-0.1695006787776947,0.040603846311569214,-0.013215575367212296,0.048701196908950806,-0.1368544101715088,0.9914196133613586,0.675319492816925,-0.05200976878404617,0.052661724388599396,-0.11249242722988129,0.2815701365470886,-0.22503870725631714,0.4180399775505066,0.28246787190437317,0.023604996502399445,-0.18484696745872498,-0.1910894811153412
80,572,839,602,875,0.5559413433074951,-0.2309877574443817,0.32671409845352173,0.9226733446121216,-0.21208393573760986,0.1005573719739914,0.6554956436157227,-0.2274567037820816,-0.10788023471832275,-0.10998430848121643,0.050804100930690765,-0.11472025513648987,-0.17894247174263,0.3127952814102173,0.4624239206314087,-0.2459922730922699,0.035637468099594116,0.06641247868537903,0.22697018086910248,-0.12714487314224243,-0.109658382833004,0.1582103967666626,0.1658826470375061,0.4338541030883789,0.04862844944000244,0.40120169520378113,-0.15892376005649567,-0.21942883729934692,0.4245239794254303,0.26087698340415955,-0.25492677092552185,-0.20163515210151672,0.010488450527191162,0.4837248921394348,-0.21715283393859863,-0.1414439082145691,-0.14438048005104065,-0.09206241369247437,-0.24560563266277313,0.26341134309768677,-0.19092005491256714,-0.1990060806274414,0.24224643409252167,0.6688615083694458,0.12450580298900604,-0.15888969600200653,-0.20781973004341125,0.9901554584503174,0.29246315360069275,0.22522662580013275,0.5914914608001709,0.6113443970680237,0.19702143967151642,-0.21881791949272156,1.5703983306884766,-0.20136286318302155,0.48420992493629456,0.2687663435935974,1.111572265625,-0.20995402336120605,0.5674647092819214,-0.15758323669433594,-0.1683366298675537,0.2609702944755554,0.20426787436008453,0.0003127157688140869,0.5420008301734924,-0.006273292005062103,0.5022976994514465,0.1958533525466919,0.5922770500183105,-0.20165219902992249,-0.06386688351631165,0.02564045786857605,-0.21368181705474854,-0.06767342984676361,0.6049854755401611,-0.22311431169509888,-0.07915017753839493,-0.05865287780761719,0.2255614846944809,-0.23971903324127197,-0.2607284188270569,0.2628422975540161,0.4096719026565552,-0.15212485194206238,-0.1623094379901886,-0.10038191080093384,-0.0334603525698185,-0.1598663479089737,-0.20111817121505737,-0.05685547739267349,0.15934313833713531,-0.179934561252594,1.127358078956604,0.029691219329833984,-0.21799281239509583,-0.07041032612323761,-0.26972031593322754,0.23237192630767822,0.8346283435821533,-0.1120128184556961,0.11026966571807861,0.6069713830947876,0.04931388795375824,0.08645938336849213,-0.05582146346569061,0.9212868809700012,-0.14557692408561707,-0.20716476440429688,0.9198791980743408,-0.133139967918396,0.6807759404182434,0.6521812677383423,0.26692384481430054,-0.16674239933490753,0.1759665459394455,-0.01907927542924881,-0.1711989939212799,0.2761014401912689,-0.09927360713481903,0.34120798110961914,0.7924185395240784,0.9692482352256775,-0.07361918687820435,1.0170109272003174,-0.006742142140865326,-0.2250187247991562
81,171,305,200,330,0.04818360507488251,-0.2784571647644043,0.9045424461364746,1.1239573955535889,-0.1818971037864685,-0.2313583493232727,0.1408448964357376,-0.2718140482902527,-0.2099200040102005,-0.17854751646518707,0.539233386516571,0.3151150941848755,-0.14023084938526154,1.159488320350647,0.9021835327148438,-0.23253944516181946,-0.25980278849601746,1.4027560949325562,0.0008847415447235107,0.08338649570941925,-0.14389671385288239,-0.011321679688990116,0.09961865097284317,-0.13326135277748108,1.4784390926361084,0.9041876792907715,0.11920950561761856,-0.2613781988620758,0.5158676505088806,-0.05345889925956726,-0.24157851934432983,-0.16710501909255981,-0.004541404545307159,0.23247301578521729,-0.25600558519363403,-0.19317969679832458,0.029163546860218048,-0.14556783437728882,-0.18546362221240997,-0.027060367166996002,-0.10181979089975357,0.057923391461372375,0.5222164988517761,1.8295481204986572,-0.07099632173776627,0.12490099668502808,-0.2180226743221283,1.42607581615448,-0.025326557457447052,0.024404391646385193,0.27959442138671875,0.8880071640014648,0.05042587220668793,-0.20577844977378845,-0.021668843924999237,-0.18587076663970947,0.5341224670410156,-0.045988909900188446,1.1531902551651,-0.2777478098869324,-0.10931070148944855,0.37188398838043213,-0.24430036544799805,0.5412255525588989,-0.07470531761646271,0.03828985244035721,-0.21962471306324005,0.35196852684020996,-0.14135271310806274,0.19725793600082397,0.36873164772987366,0.28688347339630127,-0.24711178243160248,-0.0017390698194503784,-0.12796425819396973,0.5176373720169067,0.2091483473777771,-0.25849974155426025,0.20058760046958923,-0.0878758504986763,-0.18890786170959473,-0.2722018361091614,-0.2689143419265747,0.3210933208465576,-0.010611355304718018,-0.12886114418506622,-0.0003770589828491211,-0.18592102825641632,0.24806448817253113,-0.18444588780403137,-0.030848167836666107,-0.13043728470802307,0.09027756750583649,0.10471156239509583,-0.16670753061771393,0.3441767990589142,-0.18579110503196716,-0.08736610412597656,-0.2657150328159332,-0.01957547664642334,2.442131757736206,-0.15331745147705078,0.5246666669845581,0.47173020243644714,-0.18618044257164001,-0.08239826560020447,-0.15422070026397705,-0.18276062607765198,0.08503727614879608,-0.2641933560371399,-0.17082175612449646,0.1958971470594406,-0.08849216997623444,0.4482232630252838,0.09529827535152435,0.061290398240089417,0.49819523096084595,-0.0027392953634262085,0.0005587339401245117,-0.14044097065925598,-0.0335138775408268,0.7486743927001953,-0.25222206115722656,0.35684025287628174,0.06783299148082733,0.2325107902288437,-0.212624192237854,-0.02224200963973999
82,813,695,842,723,0.6152900457382202,-0.2443501204252243,0.4065289795398712,1.2310549020767212,-0.24636945128440857,-0.16525737941265106,0.325663298368454,-0.2486867755651474,-0.214911550283432,-0.20601972937583923,0.17207473516464233,0.46920132637023926,-0.2484280914068222,0.5069334506988525,1.7185707092285156,-0.2471693456172943,-0.17198245227336884,2.375922679901123,0.04699363559484482,-0.24700669944286346,-0.048041559755802155,0.7198464870452881,-0.10421678423881531,1.4741582870483398,0.2302343249320984,1.1348246335983276,-0.08625036478042603,-0.1738111674785614,0.1394527107477188,0.32327866554260254,-0.1921500414609909,-0.04389917105436325,-0.1839638352394104,0.8996628522872925,-0.16930624842643738,-1.220405101776123e-05,0.5255525708198547,0.39213305711746216,0.13359558582305908,-0.17346778512001038,1.0299372673034668,0.32973575592041016,0.573650598526001,1.4054510593414307,0.20838811993598938,0.9308408498764038,-0.01885310374200344,2.9772000312805176,-0.13373196125030518,-0.20076048374176025,0.8716049194335938,1.2624906301498413,0.21745514869689941,-0.20365020632743835,1.55350923538208,-0.19028565287590027,2.8346433639526367,0.5122739672660828,1.5602972507476807,-0.13982164859771729,0.6491708755493164,-0.014153551310300827,0.3666709363460541,0.30717724561691284,0.04307191073894501,0.02422472834587097,-0.2436176985502243,-0.0795813649892807,-0.011840291321277618,-0.2142203152179718,1.0183109045028687,0.3317797780036926,-0.24024930596351624,0.08180990815162659,-0.26720547676086426,0.267723947763443,0.7838074564933777,-0.23385664820671082,0.2206592857837677,-0.17108860611915588,-0.10428670793771744,-0.27426227927207947,-0.2563325762748718,-0.12969790399074554,1.0980536937713623,-0.028041934594511986,-0.16024944186210632,-0.24205225706100464,0.2442253679037094,-0.2217046022415161,-0.23983870446681976,-0.22077742218971252,-0.1603647917509079,0.6391458511352539,0.7240434885025024,0.5789847373962402,-0.14491277933120728,0.11272874474525452,-0.22198638319969177,-0.25742417573928833,2.6294515132904053,-0.14298702776432037,0.2182338535785675,1.0183849334716797,0.4831802546977997,-0.054779425263404846,-0.2525753974914551,0.18220898509025574,0.4154754877090454,-0.21812471747398376,2.9784181118011475,0.8781704902648926,1.3816808462142944,1.5266469717025757,-0.2450529783964157,0.30050721764564514,-0.24616965651512146,0.1963576227426529,0.252754807472229,-0.225846067070961,0.07729113101959229,0.732174277305603,-0.15527141094207764,0.879884660243988,0.2132304310798645,-0.0030022766441106796,-0.17033898830413818,-0.02389257401227951
83,688,208,719,238,-0.08195442706346512,-0.26269248127937317,0.3755118250846863,1.0132520198822021,-0.27171245217323303,0.3138485550880432,1.1856082677841187,-0.20256684720516205,1.213153600692749,-0.1927938610315323,0.054091956466436386,-0.27311503887176514,-0.044846512377262115,0.36645016074180603,1.6130250692367554,-0.27500224113464355,-0.21671639382839203,-0.1536857634782791,0.7150574326515198,-0.1557319313287735,-0.21720069646835327,0.0656360387802124,0.19639213383197784,0.15714482963085175,-0.27261611819267273,-0.2776605188846588,-0.15528185665607452,-0.13016153872013092,0.32397541403770447,-0.19188202917575836,-0.24164234101772308,-0.15727724134922028,-0.21228846907615662,0.12448392063379288,-0.25755947828292847,-0.20396967232227325,-0.17006856203079224,-0.2519720196723938,-0.18995995819568634,-0.1819256693124771,0.5637383460998535,-0.04417780041694641,1.3652416467666626,-0.09046174585819244,-0.23297756910324097,0.56830894947052,-0.2230760157108307,4.56679105758667,0.596237301826477,-0.017681550234556198,-0.212975412607193,-0.08789670467376709,0.6770787835121155,-0.27103155851364136,1.1454031467437744,-0.2540361285209656,1.2580615282058716,0.335493266582489,2.227372646331787,-0.1473170667886734,3.912602663040161,-0.26158398389816284,0.18162719905376434,6.525082588195801,0.05788495019078255,-0.25775399804115295,-0.17038296163082123,-0.255786269903183,-0.23926591873168945,-0.27010807394981384,0.25725749135017395,-0.132454052567482,-0.26611706614494324,0.062184546142816544,-0.04676707088947296,-0.25918084383010864,-0.27202895283699036,-0.2037665694952011,0.041041381657123566,-0.1362512856721878,0.8559406995773315,-0.27548834681510925,-0.25032177567481995,-0.1501527726650238,1.5223807096481323,-0.10622434318065643,-0.21881990134716034,-0.007904505357146263,-0.10535331815481186,-0.2776417136192322,-0.06591863930225372,-0.24874457716941833,-0.27210038900375366,-0.2108832150697708,0.04863736778497696,0.15003567934036255,-0.27680644392967224,-0.22918841242790222,-0.20296289026737213,-0.18366587162017822,-0.27434152364730835,-0.013639879412949085,-0.23414811491966248,0.5922784209251404,-0.2769889533519745,3.2368454933166504,-0.2633954882621765,2.2317302227020264,-0.05362873896956444,-0.26531824469566345,0.19709385931491852,-0.026925401762127876,3.5455918312072754,2.1485564708709717,-0.19588212668895721,0.2598717510700226,1.1746013164520264,0.08395088464021683,-0.173183411359787,0.23103442788124084,-0.10874880850315094,0.29761120676994324,0.7368215322494507,0.8523273468017578,-0.2764793336391449,-0.1969711184501648,-0.25573551654815674,-0.25439608097076416
84,771,349,802,381,-0.04627418890595436,-0.25793445110321045,0.11687614023685455,1.1512322425842285,-0.18077459931373596,0.1425599753856659,0.09655182808637619,-0.2454051375389099,-0.24933576583862305,-0.2173829972743988,0.6799319386482239,-0.0007323622703552246,-0.14231334626674652,0.2563360631465912,0.37457817792892456,-0.21339234709739685,-0.20384711027145386,0.886188268661499,-0.2346474528312683,0.08625060319900513,0.09151966124773026,0.5593718886375427,0.2805231511592865,0.7523377537727356,0.7273491621017456,0.9436596035957336,-0.18604639172554016,-0.1939704865217209,0.1825588345527649,1.03257417678833,-0.09288883209228516,-0.043238624930381775,-0.12719255685806274,0.2292487919330597,-0.16177955269813538,-0.23486202955245972,0.03651602566242218,0.2536149322986603,-0.22175085544586182,-0.11529362946748734,-0.028223998844623566,0.03248511999845505,0.23219764232635498,1.701700210571289,-0.20339283347129822,0.00669010728597641,-0.23510143160820007,0.8655002117156982,0.7693458795547485,0.246858611702919,0.7084840536117554,0.9767350554466248,0.6475329399108887,-0.17748600244522095,0.2396760880947113,-0.2479155957698822,0.6684964895248413,0.8454699516296387,1.412543773651123,-0.2276422530412674,0.27415037155151367,0.3308151960372925,-0.046561099588871,1.3019262552261353,-0.1345650553703308,0.10098472237586975,-0.19183599948883057,0.5302518606185913,-0.05899228900671005,0.42024099826812744,0.4683724641799927,-0.18978309631347656,-0.13439661264419556,0.47197699546813965,-0.15743723511695862,0.195225328207016,-0.1991576850414276,-0.2372128665447235,-0.12252351641654968,-0.13782016932964325,0.3903074860572815,-0.21423617005348206,-0.2253427505493164,0.3354770541191101,-0.21100236475467682,-0.18248909711837769,-0.22495409846305847,-0.1996036171913147,-0.06141391396522522,-0.2153642475605011,-0.21177533268928528,0.218208909034729,-0.1297295093536377,-0.0310857892036438,0.056686170399188995,0.23306703567504883,-0.22547325491905212,-0.16237014532089233,-0.2209048569202423,-0.08447667211294174,-0.0301816426217556,0.08278751373291016,0.2617291510105133,0.5340311527252197,1.075421690940857,0.5535088181495667,-0.1255086064338684,-0.047188714146614075,0.3523856997489929,-0.09873034060001373,-0.05081106722354889,0.24441348016262054,0.485323965549469,0.378051221370697,0.04387251287698746,0.16520865261554718,0.022547781467437744,0.0247318334877491,0.023565001785755157,0.16671164333820343,-0.146285742521286,0.17220298945903778,-0.11026307940483093,0.8256758451461792,0.035193897783756256,-0.15004406869411469,-0.23749405145645142,-0.11275620758533478
85,844,534,877,558,0.5209081768989563,-0.2478453516960144,-0.16549476981163025,1.1088848114013672,-0.12897174060344696,-0.26165127754211426,0.6302231550216675,-0.24823758006095886,-0.2639399468898773,-0.23664072155952454,0.16424421966075897,1.0894932746887207,-0.11446699500083923,-0.049615852534770966,0.8133308291435242,-0.1929745376110077,-0.2616001069545746,-0.23035147786140442,-0.2572646737098694,-0.005122065544128418,-0.18662241101264954,1.1618616580963135,0.23951949179172516,0.6426938772201538,-0.15329550206661224,-0.22484377026557922,-0.22379109263420105,-0.21512311697006226,0.06328579038381577,0.16465672850608826,-0.1648244857788086,-0.2037690132856369,-0.12288714945316315,0.2863461375236511,-0.09660252928733826,-0.16507035493850708,-0.14887434244155884,-0.023226112127304077,-0.27782267332077026,-0.0512547641992569,-0.10365608334541321,-0.06747869402170181,-0.2752312421798706,-0.17977166175842285,-0.16796228289604187,-0.07727771997451782,-0.25292491912841797,0.667506754398346,0.18176846206188202,0.0190005823969841,0.24323134124279022,0.632251501083374,0.14529909193515778,-0.2165236473083496,0.36702030897140503,-0.2189279943704605,-0.16103005409240723,0.5325620770454407,0.08394496142864227,-0.24524278938770294,0.8624127507209778,0.4209413528442383,-0.1445820927619934,-0.26107001304626465,0.060335032641887665,-0.2676228880882263,-0.17236211895942688,0.025129184126853943,1.062075138092041,0.14749541878700256,1.4224522113800049,-0.23738151788711548,-0.09606244415044785,0.12339216470718384,-0.1255786120891571,-0.20845672488212585,1.0694009065628052,-0.2708325684070587,0.16769173741340637,-0.17294758558273315,-0.15813326835632324,-0.26859724521636963,-0.26890766620635986,0.028830021619796753,1.0443695783615112,-0.12635691463947296,-0.17537638545036316,-0.20071394741535187,0.06784586608409882,-0.2402379810810089,-0.1926957219839096,0.36112284660339355,0.20994406938552856,-0.23419831693172455,-0.028508350253105164,0.0015132203698158264,-0.22033199667930603,-0.08881252259016037,-0.2664029002189636,0.08256316930055618,0.6201478838920593,0.08338724076747894,-0.1164328083395958,0.365964412689209,-0.21903842687606812,0.3108155131340027,-0.18681961297988892,0.03706835210323334,-0.19938963651657104,-0.19125357270240784,1.4458539485931396,-0.1859184205532074,0.32249870896339417,0.019658245146274567,0.06288071721792221,-0.018703527748584747,0.09456337988376617,0.05048781633377075,-0.09157553315162659,0.3900609612464905,-0.08455614745616913,0.6993796825408936,-0.1789381206035614,0.9057651162147522,0.1426992118358612,0.1311684101819992,-0.16890135407447815,-0.11959249526262283
86,340,652,365,678,0.3944672644138336,-0.2064128816127777,-0.196478471159935,1.1972441673278809,-0.23293447494506836,-0.1695774495601654,0.3325464129447937,-0.15731188654899597,-0.27416640520095825,-0.2414151281118393,0.1073172464966774,-0.12511596083641052,-0.04005208611488342,-0.21258728206157684,1.0197769403457642,-0.09850557148456573,-0.27360689640045166,-0.20859040319919586,-0.20972073078155518,0.5442015528678894,0.30010151863098145,0.8371278047561646,0.009336918592453003,1.515487551689148,0.11714362353086472,-0.17319516837596893,-0.262259840965271,-0.2535661458969116,0.21298077702522278,-0.10384619235992432,-0.2078401744365692,-0.13130658864974976,-0.15576060116291046,0.3875361382961273,-0.05001530796289444,-0.17850103974342346,-0.05749502032995224,-0.08514873683452606,-0.24932922422885895,0.05744829773902893,-0.0024294182658195496,0.07867283374071121,0.651277482509613,0.2963320016860962,0.132224902510643,-0.16329315304756165,-0.13073858618736267,0.8513070940971375,0.7818374633789062,0.09690774232149124,1.138317346572876,0.07023073732852936,0.19314557313919067,-0.16726508736610413,0.5838326215744019,-0.2681174874305725,0.5807627439498901,1.4167948961257935,0.45777052640914917,-0.24333614110946655,1.6109966039657593,0.7777054905891418,-0.07446596771478653,0.6121123433113098,-0.13662685453891754,-0.2236841320991516,-0.14623616635799408,0.15398630499839783,0.443445086479187,0.4320639967918396,0.8274998664855957,-0.24246414005756378,-0.06341103464365005,0.7712708711624146,-0.20072872936725616,-0.11630426347255707,0.17264696955680847,-0.23483183979988098,0.0247956495732069,-0.19650156795978546,0.17082753777503967,-0.1254691332578659,-0.27573102712631226,0.03766479343175888,0.48823609948158264,-0.10879295319318771,-0.2349717766046524,-0.23817282915115356,0.04394165053963661,-0.2210220992565155,-0.08939570188522339,0.17230838537216187,0.24983865022659302,-0.11712568253278732,0.22507980465888977,0.1632956862449646,-0.2609184980392456,-0.04823528230190277,-0.23837804794311523,-0.1273449808359146,0.17353455722332,0.0038376599550247192,-0.010401886887848377,0.605625569820404,-0.20887969434261322,1.354813814163208,-0.07275346666574478,0.22145262360572815,-0.23951363563537598,-0.10085581243038177,0.6340247988700867,0.12655910849571228,1.2853635549545288,-0.10794086009263992,0.165126770734787,0.2802707254886627,0.37075990438461304,0.19111020863056183,-0.05431858450174332,0.21546059846878052,-0.13976852595806122,0.242977112531662,-0.02039499580860138,0.9408894181251526,0.277097225189209,0.053357720375061035,-0.23036344349384308,-0.1660693734884262
87,734,768,772,809,0.7910462021827698,-0.2326231747865677,0.431938499212265,1.0227731466293335,-0.227311909198761,-0.039851605892181396,0.15232107043266296,-0.18850459158420563,-0.2203110307455063,-0.19702254235744476,0.11361264437437057,0.264629989862442,-0.028829986229538918,0.09068384021520615,0.7174537777900696,-0.16005302965641022,-0.12048525363206863,0.3530195951461792,0.43660768866539,-0.008952021598815918,0.07412662357091904,0.40786734223365784,0.4631228446960449,0.17166773974895477,0.1974182277917862,0.6506533026695251,-0.1524161994457245,0.11610499024391174,0.24865269660949707,0.4771934747695923,-0.20153392851352692,-0.1944713145494461,-0.024179384112358093,0.3146764934062958,-0.12868307530879974,-0.031051240861415863,-0.19206953048706055,0.11633013933897018,-0.11439615488052368,0.11229503899812698,0.1302536129951477,-0.1328088641166687,0.09189236164093018,0.4828818142414093,0.10684090107679367,-0.09378194808959961,-0.22267265617847443,0.7074952125549316,0.14970991015434265,0.0012696149060502648,0.6588366627693176,0.7928391098976135,0.3726688325405121,-0.1967688351869583,1.2307971715927124,-0.01607910729944706,0.7081765532493591,0.3405321538448334,0.9452719688415527,-0.21800293028354645,0.26209187507629395,0.24641072750091553,-0.06659330427646637,-0.20024685561656952,0.040721599012613297,-0.17935870587825775,0.26676198840141296,0.08661368489265442,0.16850268840789795,0.11131986975669861,0.5359978079795837,-0.06637825816869736,-0.12204762548208237,0.21976904571056366,-0.06370162963867188,-0.08247056603431702,0.4308726489543915,-0.2219095230102539,-0.05690230056643486,-0.208352193236351,0.2081393450498581,-0.22723388671875,-0.2720819115638733,0.1425306797027588,0.0881986990571022,-0.04740038141608238,0.060995180159807205,-0.17232941091060638,0.1905284970998764,-0.22485755383968353,0.003599445102736354,-0.008944270201027393,0.2647095322608948,-0.2443268746137619,0.4320617616176605,-0.07384861260652542,-0.22772061824798584,0.3915039300918579,-0.24281342327594757,0.14187675714492798,0.48597264289855957,-0.08616618067026138,0.2090412974357605,0.5876515507698059,0.19215448200702667,0.30965909361839294,0.008042997680604458,0.8582143783569336,-0.15856902301311493,-0.17524747550487518,0.73764568567276,0.022359574213624,0.5240353941917419,0.06764930486679077,0.33286458253860474,-0.04394818842411041,0.09608346223831177,-0.13980264961719513,0.00016165773558896035,-0.0159275084733963,-0.12937651574611664,0.5119035840034485,0.28247204422950745,0.5531654357910156,-0.06722094863653183,0.39896073937416077,-0.14777253568172455,-0.19524669647216797
88,231,263,264,300,0.9811367988586426,-0.25926172733306885,0.18805857002735138,1.1358232498168945,-0.19987112283706665,-0.27079010009765625,0.9022948145866394,-0.2020922303199768,-0.2694288492202759,-0.2298816591501236,0.0716581642627716,-0.21926966309547424,-0.11909517645835876,0.4673656225204468,0.9976157546043396,-0.16218580305576324,-0.11191949248313904,2.0503499507904053,0.10061396658420563,0.4791252017021179,0.12298361957073212,0.04568076506257057,0.23041999340057373,0.989496111869812,0.2817733883857727,1.3194838762283325,-0.18271756172180176,-0.14411702752113342,0.7021251916885376,0.7417625188827515,-0.14772072434425354,-0.15527594089508057,0.03398187458515167,0.3390806317329407,-0.20760007202625275,0.07036639750003815,0.03647339344024658,0.8801218271255493,-0.155466690659523,0.7760021090507507,0.2759643793106079,-0.04771362245082855,0.3555186986923218,1.7671241760253906,0.6274839043617249,0.032918840646743774,-0.105632483959198,0.6132471561431885,0.14193791151046753,0.3023134469985962,1.4579092264175415,0.81511390209198,0.5885466933250427,-0.25650882720947266,0.9962079524993896,-0.2321343719959259,1.2168409824371338,0.44430190324783325,1.279656171798706,-0.2612152099609375,0.01140393316745758,0.46598151326179504,-0.18586258590221405,0.782956600189209,0.67892986536026,0.4822518825531006,-0.1088295578956604,0.5044687986373901,0.2464177906513214,0.07544408738613129,0.4337439239025116,-0.13190117478370667,0.08386628329753876,0.17234231531620026,-0.1760115921497345,0.41465386748313904,0.22258543968200684,-0.21091684699058533,-0.15976712107658386,-0.10563573241233826,0.009796593338251114,-0.2518764138221741,-0.26738685369491577,-0.07828310132026672,0.27129724621772766,-0.11945045739412308,-0.19905254244804382,-0.2148677408695221,0.8377259969711304,-0.2221093773841858,-0.10713674128055573,-0.09489355981349945,0.002546638250350952,0.0497160404920578,0.44540056586265564,0.017000935971736908,-0.23522716760635376,0.21298432350158691,-0.22751347720623016,-0.01981191337108612,1.3622850179672241,0.32600826025009155,0.06834594905376434,1.1869006156921387,0.053161293268203735,0.23365412652492523,0.12285614758729935,0.13282376527786255,-0.1791868805885315,-0.19434893131256104,1.2660794258117676,0.11579754948616028,0.6459209322929382,0.660699188709259,0.05703914910554886,0.14618618786334991,0.6670685410499573,0.19183413684368134,-0.056845709681510925,0.09891382604837418,-0.05037669092416763,0.3882495164871216,-0.19621002674102783,0.667559027671814,0.2408313751220703,0.6381827592849731,-0.1744743138551712,-0.1155657023191452
89,783,364,809,390,0.20964859426021576,-0.26122191548347473,0.20129689574241638,1.2229775190353394,-0.17550250887870789,0.238369420170784,0.10154499858617783,-0.2598702311515808,-0.2179083228111267,-0.16043224930763245,0.47411519289016724,-0.13833028078079224,-0.20768627524375916,0.3147287368774414,1.0417096614837646,-0.26402509212493896,-0.17021989822387695,0.9431193470954895,0.767689049243927,0.007472183555364609,0.19353953003883362,0.6622539758682251,0.016808420419692993,0.685949444770813,0.19125443696975708,0.9759177565574646,-0.265421062707901,-0.22432275116443634,0.6411144137382507,0.8377858400344849,-0.11027589440345764,-0.028925858438014984,-0.17436008155345917,0.3251761198043823,-0.0701722726225853,-0.13812564313411713,0.14577943086624146,0.2294234335422516,0.061353638768196106,-0.13141915202140808,0.1893005222082138,0.2499215453863144,0.8407442569732666,1.3881120681762695,-0.07081416994333267,0.12411151826381683,-0.2536296546459198,2.111222743988037,1.0906486511230469,0.044969141483306885,0.5868614912033081,1.2969441413879395,0.36328524351119995,-0.09648513793945312,0.9181415438652039,-0.25420069694519043,1.5068180561065674,0.9021579027175903,1.5215816497802734,-0.2036377489566803,0.8574138283729553,0.025254040956497192,0.1825137585401535,3.0249712467193604,-0.13603529334068298,0.07796939462423325,-0.19809767603874207,0.2511487603187561,0.026015639305114746,0.18807701766490936,0.21896889805793762,0.0700669065117836,-0.17801064252853394,0.2765659987926483,-0.16591259837150574,0.17626194655895233,0.7129159569740295,-0.09075845032930374,0.8414381742477417,-0.1507987082004547,0.2244582176208496,-0.2437262237071991,-0.21181222796440125,-0.20936410129070282,0.5113940238952637,-0.15013842284679413,-0.23227223753929138,-0.14235499501228333,-0.21113371849060059,-0.2241850197315216,-0.20551085472106934,0.2575722634792328,0.4487558901309967,0.07608067989349365,0.06585477292537689,0.48673272132873535,-0.2174508273601532,-0.2663113474845886,-0.16210927069187164,-0.18878331780433655,0.0910937637090683,0.07761085778474808,-0.019115015864372253,0.6695314645767212,1.1237289905548096,1.0597741603851318,-0.16839534044265747,0.19245551526546478,0.8465522527694702,-0.1126733124256134,0.49170413613319397,0.4770383834838867,0.7130826115608215,0.7006614804267883,-0.18255513906478882,0.3908687233924866,0.2509194016456604,-0.013662021607160568,0.22845256328582764,0.19654126465320587,-0.09641513973474503,0.2515464425086975,0.026897717267274857,0.4695734977722168,0.01820553094148636,-0.026715092360973358,-0.13341256976127625,-0.1283523291349411
90,694,235,728,271,1.35037100315094,-0.26601579785346985,-0.0823778361082077,1.182446837425232,-0.19467712938785553,0.6810957193374634,0.6499416828155518,-0.2627117931842804,0.08347895741462708,-0.19119110703468323,-0.19811077415943146,-0.1265956610441208,-0.18298019468784332,-0.007137328386306763,1.6158252954483032,-0.2414080947637558,-0.25664016604423523,0.8190032839775085,0.49106189608573914,-0.05196583271026611,0.2204180806875229,0.4225345253944397,0.21007394790649414,0.9510794281959534,-0.09309601783752441,1.3758751153945923,-0.15682533383369446,-0.22650471329689026,0.37403419613838196,0.3668091297149658,0.07218660414218903,-0.10140624642372131,-0.08463508635759354,0.6924171447753906,-0.15760597586631775,-0.09654930233955383,0.2746694087982178,-0.019496358931064606,1.2587971687316895,-0.15052179992198944,1.1400020122528076,0.2312808334827423,0.18614202737808228,0.5435189008712769,0.4179382622241974,0.8403372168540955,-0.0668857991695404,1.8653888702392578,0.6054136753082275,-0.11068527400493622,0.8571639657020569,1.7228940725326538,0.3081948757171631,-0.17765659093856812,1.5730222463607788,-0.2251521348953247,1.9513767957687378,0.8873046040534973,1.0427157878875732,-0.2195219099521637,1.154076099395752,-0.13003945350646973,0.1913582980632782,0.31244757771492004,-0.12142084538936615,0.11267751455307007,0.4183334708213806,-0.21278342604637146,0.3084029257297516,-0.269571989774704,0.7223819494247437,0.16283905506134033,-0.24639585614204407,0.20195159316062927,-0.2445550560951233,0.13143566250801086,2.4673986434936523,-0.16665378212928772,0.2980170249938965,-0.18092122673988342,0.26429107785224915,-0.24594935774803162,-0.23748914897441864,-0.09570176899433136,2.5407423973083496,-0.10509029030799866,-0.2479924112558365,-0.14375248551368713,-0.14060509204864502,-0.24122211337089539,-0.21561835706233978,-0.14539721608161926,1.0311534404754639,0.2281717211008072,0.19104880094528198,0.46436336636543274,-0.11409680545330048,0.058513663709163666,-0.26720017194747925,-0.20473520457744598,0.8968085646629333,-0.27417227625846863,-0.1703108549118042,0.8168826103210449,1.0372164249420166,0.5125842094421387,-0.22063256800174713,1.26936936378479,-0.04494781792163849,-0.18776088953018188,3.083620548248291,0.5482969284057617,1.3614798784255981,1.386345624923706,-0.06841665506362915,0.5193852186203003,0.061044760048389435,0.047370802611112595,0.49564945697784424,0.2512547969818115,0.03683990240097046,0.6664248704910278,-0.017357923090457916,0.9800474047660828,0.10740484297275543,0.9379992485046387,-0.2009308934211731,-0.1534152626991272
91,131,616,161,636,1.5420602560043335,-0.21837031841278076,0.10257477313280106,1.0463159084320068,-0.16310352087020874,0.9294893145561218,0.6554383635520935,-0.2399369180202484,0.6200553178787231,-0.03615393489599228,-0.20912164449691772,1.9692025184631348,-0.1241157129406929,0.141679048538208,0.9082428216934204,-0.22013330459594727,-0.1970272958278656,0.5638818740844727,1.341923713684082,-0.23999355733394623,-0.25243496894836426,-0.15191735327243805,0.09687207639217377,0.2462923526763916,-0.21344637870788574,2.2248306274414062,-0.14216439425945282,-0.24835219979286194,0.5215665698051453,1.3507318496704102,-0.13628165423870087,-0.19582867622375488,0.12384389340877533,-0.17485928535461426,-0.2220710813999176,0.5961621999740601,-0.20401011407375336,0.8291894197463989,0.23417732119560242,0.664845883846283,0.3898087441921234,-0.07212280482053757,-0.08805511146783829,-0.26164939999580383,0.18739363551139832,0.4171234667301178,-0.17238794267177582,1.0079160928726196,0.816842794418335,0.11348439753055573,0.4474964439868927,0.7759450078010559,-0.11731041222810745,-0.24033024907112122,1.8875768184661865,0.16211342811584473,0.9242864847183228,0.9016578793525696,0.20716038346290588,-0.230735182762146,1.5229129791259766,-0.2466893196105957,-0.10983872413635254,-0.011770706623792648,0.19217056035995483,-0.24156874418258667,0.8168151378631592,-0.2571962773799896,0.4952431321144104,-0.032542288303375244,0.8218300342559814,-0.0436781644821167,-0.09760910272598267,0.6035375595092773,-0.2500639855861664,0.11371935904026031,1.7692084312438965,-0.26248499751091003,-0.11484995484352112,-0.1390843242406845,0.6543723344802856,-0.2703593969345093,-0.240972638130188,2.7429275512695312,1.993606686592102,-0.2143794298171997,-0.2283758968114853,-0.09635009616613388,0.4337720572948456,-0.13971024751663208,-0.2591782212257385,0.0029159188270568848,0.44499027729034424,-0.2572079598903656,1.243651270866394,-0.225006103515625,-0.22192855179309845,-0.22848835587501526,-0.1896873116493225,0.04367172718048096,0.6625643968582153,-0.17768870294094086,-0.09060684591531754,0.2138969749212265,1.8121256828308105,0.8213781118392944,-0.27047544717788696,2.3876113891601562,-0.22028595209121704,-0.2752004861831665,2.7525901794433594,-0.0897211953997612,0.29586419463157654,1.6194580793380737,0.31333452463150024,0.14563488960266113,0.35806047916412354,0.40741920471191406,0.18533647060394287,0.40000995993614197,-0.021855708211660385,0.43871310353279114,0.07363314181566238,1.3555850982666016,-0.14738476276397705,1.9563589096069336,-0.1533755511045456,-0.1773616075515747
92,708,252,735,280,0.9651061296463013,-0.23887187242507935,0.0027314871549606323,1.1512497663497925,-0.1890508532524109,0.11118955910205841,1.4121129512786865,-0.26950758695602417,0.007174268364906311,-0.13884979486465454,-0.2295045554637909,-0.1571924090385437,-0.20021143555641174,0.46307337284088135,1.6992793083190918,-0.23634234070777893,-0.2522979974746704,2.5230977535247803,1.4719874858856201,0.1989995539188385,0.21444819867610931,0.012814857065677643,0.020519554615020752,1.2408899068832397,0.3999777138233185,2.8223602771759033,-0.11767010390758514,-0.257254958152771,1.2964545488357544,0.4484531879425049,-0.06656055897474289,-0.2417079210281372,-0.007818028330802917,0.4800524115562439,-0.19088837504386902,0.24201279878616333,0.11053326725959778,0.8243046998977661,0.7465117573738098,0.014321938157081604,0.8701471090316772,0.1348383128643036,0.5272830724716187,1.1625500917434692,0.978919506072998,0.37277621030807495,-0.21294692158699036,1.400774598121643,0.27944836020469666,-0.1875087022781372,1.4446417093276978,2.38423490524292,-0.15858960151672363,-0.12879808247089386,0.9413686990737915,-0.10471615940332413,2.476102352142334,1.227583408355713,1.451244831085205,-0.18025937676429749,0.15949848294258118,-0.0584239587187767,0.15600967407226562,0.9623681306838989,-0.0386810302734375,0.23808756470680237,-0.1398823857307434,-0.1358129233121872,0.10999173671007156,-0.24114574491977692,0.438419908285141,0.17636153101921082,-0.20666071772575378,0.31429606676101685,-0.08204442262649536,0.42432284355163574,1.8573329448699951,-0.2537953555583954,0.2971235513687134,-0.15657179057598114,-0.16328462958335876,-0.2673608362674713,-0.23415446281433105,0.23114228248596191,1.8871407508850098,-0.11183695495128632,-0.2657405734062195,-0.11351905763149261,0.1250089854001999,-0.22330361604690552,-0.27308690547943115,-0.23490843176841736,1.0970228910446167,0.1819760799407959,0.15047630667686462,0.39050400257110596,-0.16973964869976044,0.08376625180244446,-0.2715156078338623,-0.1509566754102707,1.8293523788452148,-0.2493632435798645,-0.09945264458656311,0.47917574644088745,0.8893332481384277,0.22339855134487152,0.0517900213599205,1.6989822387695312,0.1326485127210617,-0.16704130172729492,1.5963188409805298,0.3170953691005707,0.2683103680610657,1.3400343656539917,0.2626490890979767,0.39648398756980896,0.500467836856842,0.11163146793842316,0.3527527153491974,0.22976577281951904,0.06253321468830109,0.6194324493408203,-0.10699594020843506,0.8468087911605835,0.1923389732837677,1.4332945346832275,-0.18271106481552124,-0.15257281064987183
93,157,691,180,717,0.2519209384918213,-0.2744296193122864,-0.22874343395233154,1.3379932641983032,-0.14350351691246033,0.5552444458007812,-0.06714682281017303,-0.2629501521587372,-0.24343064427375793,0.36026060581207275,-0.03347126394510269,2.6647374629974365,-0.26184722781181335,-0.2737696170806885,0.4676949381828308,-0.26449811458587646,-0.14535945653915405,0.28598538041114807,-0.08355958759784698,-0.25271496176719666,-0.1654375046491623,0.8817752003669739,0.2309565544128418,2.568819999694824,-0.04353221505880356,1.7136181592941284,-0.25722789764404297,-0.19321326911449432,-0.24676662683486938,1.6688792705535889,0.2748633027076721,0.06373490393161774,-0.24899742007255554,0.1394442915916443,-0.224172905087471,0.12125511467456818,0.4155813157558441,0.2865331768989563,-0.034982748329639435,-0.19033655524253845,1.0430556535720825,0.5554361939430237,-0.01797521859407425,-0.11396095156669617,-0.2622923254966736,1.0615036487579346,-0.2194937765598297,1.5485552549362183,1.8008644580841064,-0.09891106188297272,0.21136154234409332,1.8154855966567993,-0.04417424649000168,0.027567058801651,-0.2267984002828598,-0.09910771995782852,1.193979263305664,0.9625795483589172,0.010260529816150665,-0.19395385682582855,-0.11271233856678009,-0.11162769049406052,0.05870315432548523,-0.1803513765335083,-0.2713059186935425,-0.24071264266967773,-0.24254286289215088,-0.25433024764060974,1.9980335235595703,-0.144752636551857,0.9140678644180298,0.07366076856851578,-0.15542307496070862,-0.15959432721138,-0.25531187653541565,0.07435356825590134,0.5374158024787903,-0.06888220459222794,-0.01602591574192047,-0.18184947967529297,0.6218305826187134,-0.2055947184562683,-0.2520499527454376,-0.13052906095981598,1.993322491645813,-0.09012790024280548,-0.14208456873893738,-0.21146970987319946,-0.22713498771190643,-0.22517161071300507,-0.27769577503204346,0.89942866563797,0.5408853888511658,0.4572782814502716,-0.20033913850784302,0.22746896743774414,-0.07305209338665009,-0.26599735021591187,-0.2721916139125824,-0.2503325343132019,-0.06578989326953888,0.6090699434280396,-0.1373831033706665,0.0766264945268631,2.8487563133239746,0.48893237113952637,-0.1839832067489624,-0.26645976305007935,-0.27038949728012085,-0.25537288188934326,2.7177255153656006,0.8327151536941528,-0.199029803276062,0.8609935641288757,-0.1333916187286377,0.4291157126426697,-0.27681082487106323,1.3479816913604736,0.4211568832397461,-0.07155892252922058,0.007607124745845795,0.5125980377197266,-0.2231665551662445,1.2419683933258057,0.6621649265289307,-0.22422225773334503,-0.20397056639194489,0.033794037997722626
94,358,675,384,699,-0.035339225083589554,-0.2613525390625,1.0206804275512695,1.1263117790222168,-0.2429218292236328,-0.06802277266979218,1.4371285438537598,-0.25989651679992676,-0.26173773407936096,-0.19802013039588928,0.7202469706535339,0.4624987840652466,-0.17807729542255402,2.1924619674682617,0.5156614780426025,-0.2580522894859314,-0.11307716369628906,2.3492302894592285,2.0784857273101807,-0.09742319583892822,-0.24943609535694122,-0.09314042329788208,-0.07688239216804504,-0.24278655648231506,0.02412155270576477,1.8941236734390259,-0.2628335952758789,-0.11029936373233795,2.1696174144744873,0.878273069858551,0.39853429794311523,-0.10649950802326202,-0.24029763042926788,0.495608389377594,-0.2379710078239441,-0.15084809064865112,0.0527864508330822,1.4142299890518188,-0.2656559944152832,-0.2653580904006958,-0.07738320529460907,0.17592297494411469,0.24362346529960632,0.5196507573127747,-0.21619391441345215,0.8947936296463013,-0.1945200115442276,2.6715731620788574,1.0167559385299683,0.45510947704315186,-0.26146572828292847,0.9964626431465149,0.2757563889026642,-0.02806021273136139,0.6147215366363525,0.7388250827789307,1.0248847007751465,0.12592628598213196,0.18570472300052643,-0.19158963859081268,1.0898168087005615,-0.11366714537143707,-0.08174455165863037,4.527500152587891,1.2329375743865967,-0.05326146259903908,-0.22101274132728577,0.6572868227958679,0.064777672290802,-0.061059270054101944,-0.04368865489959717,-0.1737830936908722,-0.2190019190311432,-0.23129785060882568,-0.25673359632492065,0.21355761587619781,1.4299862384796143,-0.19697442650794983,1.0365837812423706,-0.0981469452381134,-0.26563066244125366,-0.2356753945350647,-0.20342481136322021,-0.1666509509086609,0.6496925354003906,-0.04711775481700897,-0.0942513644695282,-0.14300616085529327,0.09460393339395523,-0.1760372519493103,-0.2459562122821808,-0.2240051031112671,-0.09491825103759766,0.017348535358905792,-0.1971212476491928,0.13094699382781982,-0.03480708599090576,-0.19654694199562073,-0.023868240416049957,-0.21713005006313324,0.5200944542884827,0.00647309422492981,0.11053456366062164,0.9445592164993286,1.4182127714157104,0.726087212562561,-0.24142654240131378,0.5760274529457092,-0.1380845308303833,-0.2038165032863617,-0.00981515645980835,-0.24128569662570953,1.3231624364852905,1.6083734035491943,-0.04846508800983429,0.16776981949806213,1.5113630294799805,0.23284350335597992,-0.0010482370853424072,0.4942222237586975,0.05661255121231079,0.566264271736145,-0.2052648514509201,0.4587085247039795,0.08264768868684769,0.7230846881866455,0.23610566556453705,-0.21697688102722168
95,782,685,809,713,0.27688735723495483,-0.2709340453147888,-0.030048247426748276,1.0808039903640747,-0.1573549509048462,-0.2727092504501343,0.04107116907835007,-0.17636030912399292,-0.2665969133377075,-0.23304963111877441,0.3726281225681305,-0.25498563051223755,-0.0122453011572361,0.038508493453264236,0.5367638468742371,-0.16739444434642792,-0.26042449474334717,-0.23543588817119598,-0.25139451026916504,-0.09362414479255676,0.13046658039093018,0.5237963795661926,0.33602428436279297,0.5487374663352966,0.2181132435798645,-0.13332246243953705,-0.21766546368598938,-0.2532444894313812,0.3281673789024353,0.08103515207767487,-0.20958179235458374,-0.1358596384525299,-0.1193595752120018,0.41589775681495667,-0.22472675144672394,-0.24468521773815155,-0.08857490122318268,0.0785370022058487,-0.26192745566368103,-0.043859269469976425,-0.20041722059249878,-0.1090516671538353,-0.0007471293210983276,1.005766749382019,0.007534842938184738,-0.2010568082332611,-0.1736343502998352,0.5016002655029297,-0.0007586218416690826,0.03027324751019478,1.0085697174072266,0.10508278757333755,0.4333440959453583,-0.23530313372612,0.743928074836731,-0.18954476714134216,0.06086482107639313,0.7192310094833374,1.0533866882324219,-0.2311166226863861,0.05178032070398331,0.621448278427124,-0.1263340413570404,0.2634238600730896,-0.10988252609968185,0.086507648229599,-0.24414198100566864,0.4104032516479492,-0.02422383427619934,0.28798913955688477,0.7034276723861694,-0.2043459415435791,-0.1933862715959549,0.004434674978256226,0.015165751799941063,-0.009723126888275146,-0.004190552979707718,-0.2772403061389923,-0.22383984923362732,-0.12736065685749054,-0.07145008444786072,-0.2721804976463318,-0.2702710032463074,-0.06607086956501007,-0.07403142750263214,-0.17379137873649597,-0.0429072380065918,-0.22516073286533356,0.1852179765701294,-0.23852179944515228,-0.2356269806623459,-0.0247478187084198,0.24886545538902283,-0.12369584292173386,-0.019015245139598846,0.07281644642353058,-0.20236358046531677,0.05696548894047737,-0.24679520726203918,0.013277022168040276,0.6882603168487549,-0.009453646838665009,0.16331201791763306,0.4634634256362915,-0.2542485296726227,0.43673694133758545,-0.15615685284137726,-0.2549605369567871,-0.1319141685962677,-0.09971299767494202,0.009414557367563248,-0.0014758333563804626,0.41251614689826965,-0.17195811867713928,0.3302920460700989,-0.1179816722869873,0.2422771453857422,-0.18608878552913666,-0.13647110760211945,0.044033974409103394,-0.13586539030075073,0.48281633853912354,-0.2710963189601898,0.1620798110961914,-0.008104097098112106,0.008978430181741714,-0.23066648840904236,-0.1633431613445282
96,156,374,188,401,0.4161202907562256,-0.24252185225486755,0.4798683822154999,1.1647562980651855,-0.10204855352640152,-0.24191460013389587,0.23637810349464417,-0.2556338608264923,-0.01402602344751358,-0.21107004582881927,0.9531406164169312,0.5206704139709473,-0.18738681077957153,1.3185768127441406,1.1045684814453125,-0.25021064281463623,-0.16622310876846313,-0.021905548870563507,-0.0013384465128183365,-0.1851712167263031,-0.1722041517496109,1.115768313407898,-0.01847337931394577,0.15517494082450867,0.4709620475769043,-0.11450038105249405,-0.22049540281295776,-0.026958042755723,1.0529310703277588,-0.1648053377866745,-0.20966657996177673,-0.08867985010147095,-0.19420304894447327,0.6693169474601746,-0.17007680237293243,-0.16256670653820038,0.09190972149372101,0.09834606200456619,0.550321102142334,0.10448258370161057,0.19438278675079346,0.07861310243606567,0.44995903968811035,0.7097958326339722,-0.03402894735336304,0.04310645908117294,-0.20228278636932373,2.340296506881714,0.5862444043159485,0.12295064330101013,0.3809717297554016,0.5613319873809814,0.26210731267929077,-0.18781240284442902,0.8097878694534302,0.004626952111721039,0.7212225794792175,0.9138160943984985,1.0684067010879517,-0.18081538379192352,0.8905884027481079,-0.026017695665359497,-0.00935303419828415,0.7132686376571655,0.4383711516857147,-0.2684551477432251,-0.23580557107925415,-0.019926343113183975,0.21121340990066528,0.1269012987613678,1.0677584409713745,0.06987681984901428,-0.20035094022750854,0.2990911602973938,-0.13545255362987518,-0.06328762322664261,0.5379456281661987,-0.24579621851444244,0.767402708530426,-0.15495696663856506,0.014747872948646545,-0.23888693749904633,-0.2664147615432739,0.5645700693130493,0.36060672998428345,-0.07820486277341843,-0.19237178564071655,-0.18116196990013123,-0.021667957305908203,-0.2394588142633438,-0.2393866330385208,-0.012530267238616943,-0.17149308323860168,0.16509470343589783,0.07810204476118088,0.3868348300457001,-0.23311856389045715,-0.17242561280727386,-0.21765685081481934,-0.009000852704048157,0.6865952014923096,-0.16734722256660461,0.5192485451698303,0.4584575593471527,-0.199087455868721,0.48563694953918457,0.017023704946041107,0.09031571447849274,-0.1958463191986084,-0.18371698260307312,1.1739193201065063,0.2397933006286621,0.8511048555374146,0.46710819005966187,-0.10119056701660156,0.06459652632474899,0.15928825736045837,0.18319551646709442,0.17763471603393555,0.27763113379478455,-0.05256064608693123,0.6533615589141846,-0.15285629034042358,0.6898554563522339,-0.08447681367397308,0.09678968787193298,0.24052709341049194,-0.16489064693450928
97,148,679,180,700,0.36595791578292847,-0.2765852212905884,-0.2752724587917328,1.2905311584472656,-0.15117080509662628,0.16278690099716187,0.14528043568134308,-0.25644439458847046,-0.268865704536438,0.09011592715978622,-0.2576551139354706,3.6280343532562256,-0.2703811824321747,-0.22236788272857666,2.0527517795562744,-0.19039125740528107,-0.18817123770713806,1.0113027095794678,0.4661557674407959,-0.14501412212848663,-0.16115602850914001,0.5448992848396301,-0.2735515236854553,1.6241004467010498,0.8315895795822144,1.0945230722427368,-0.02021215856075287,-0.07152514159679413,0.12042486667633057,0.06821689009666443,-0.23221661150455475,-0.05543578416109085,-0.20104056596755981,0.5367642641067505,-0.1956101655960083,0.35125479102134705,0.23953498899936676,-0.20726075768470764,0.2077261209487915,-0.20359033346176147,1.1857194900512695,0.4637279510498047,0.14014005661010742,0.2715919613838196,-0.06988854706287384,0.46856632828712463,-0.2745197117328644,1.443497896194458,0.814835250377655,0.10792914032936096,0.4283767640590668,2.671189785003662,-0.27583518624305725,-0.1101883128285408,-0.1962341070175171,-0.015061542391777039,1.3178883790969849,2.0983288288116455,0.7414383888244629,-0.13832655549049377,0.6032150387763977,0.047291576862335205,0.2425847202539444,-0.13152669370174408,-0.27550962567329407,-0.212141215801239,-0.07851281762123108,-0.2669743299484253,1.7875354290008545,-0.17646074295043945,1.1614744663238525,0.2255222648382187,-0.16268743574619293,0.872830867767334,-0.1427202820777893,0.2080458700656891,1.3246800899505615,-0.1798788607120514,0.13089576363563538,-0.19642126560211182,-0.2723395824432373,-0.2671370208263397,-0.23020748794078827,1.3690240383148193,1.4176713228225708,-0.05152679234743118,-0.18316155672073364,-0.23648114502429962,-0.12008586525917053,-0.27036166191101074,-0.2536420226097107,0.06359028816223145,0.7087965607643127,0.39971721172332764,-0.22446462512016296,0.5934116244316101,-0.0398147851228714,0.10974554717540741,-0.25297725200653076,-0.2462889552116394,2.626762628555298,-0.25621771812438965,-0.01740729808807373,-0.15636411309242249,0.012211646884679794,0.2707000970840454,-0.12958191335201263,0.3434593677520752,-0.23082974553108215,-0.24799060821533203,2.091702938079834,0.7466572523117065,-0.21861916780471802,0.15607450902462006,-0.046888649463653564,0.5363864302635193,-0.24502353370189667,1.528923511505127,0.7957130670547485,0.1413358747959137,0.09782105684280396,1.0395091772079468,-0.25379449129104614,1.6216418743133545,0.5997257232666016,0.29871636629104614,0.0790988951921463,-0.0026715919375419617
98,123,630,159,656,0.31790322065353394,-0.2770221531391144,-0.12825098633766174,1.152681827545166,-0.17432349920272827,-0.2487705498933792,0.5477724671363831,-0.2561570703983307,-0.13656920194625854,-0.23925559222698212,0.37860381603240967,1.4986982345581055,-0.17788958549499512,0.03174472600221634,0.7093621492385864,-0.23258450627326965,-0.22347694635391235,-0.22461430728435516,-0.22981441020965576,-0.2584545910358429,-0.17610150575637817,0.35758134722709656,0.21731533110141754,0.7331516742706299,0.020514726638793945,0.1359710544347763,-0.09698472172021866,-0.25073346495628357,0.31052273511886597,0.055532753467559814,-0.20887643098831177,0.06047885864973068,-0.1028464138507843,0.4725015163421631,-0.2251206785440445,0.26883989572525024,-0.0202556774020195,-0.08598390221595764,-0.09162825345993042,0.006511867046356201,-0.005637411028146744,0.05094316229224205,-0.1372019350528717,0.15696056187152863,0.10688681900501251,-0.11207449436187744,-0.17800968885421753,1.0945713520050049,-0.05391029268503189,0.0504646934568882,0.651930570602417,0.4476960599422455,0.12670451402664185,-0.1943221539258957,0.7886273860931396,-0.20072637498378754,0.19201377034187317,1.1444859504699707,0.45692160725593567,-0.18819481134414673,0.006972715258598328,0.2554556727409363,-0.11406087130308151,0.5132974982261658,-0.0958896353840828,0.10841533541679382,-0.1370672732591629,0.07230320572853088,0.4031437337398529,0.22981411218643188,0.8347629904747009,-0.20072567462921143,-0.16429488360881805,0.5991454720497131,-0.21775919198989868,-0.10762599855661392,0.16457422077655792,-0.2479550987482071,0.033703796565532684,-0.13741439580917358,-0.15319013595581055,-0.2666546106338501,-0.26517874002456665,0.5352972149848938,0.44748175144195557,-0.14016607403755188,-0.20914393663406372,-0.12482704222202301,0.1744917631149292,-0.2648526430130005,-0.2506408095359802,0.015868578106164932,-0.07625910639762878,0.012817218899726868,0.02263060212135315,0.41046273708343506,-0.10310456156730652,0.004225052893161774,-0.2587510943412781,-0.01515054702758789,1.9248523712158203,-0.14983361959457397,0.17592638731002808,0.15161767601966858,-0.17740674316883087,-0.12625598907470703,-0.05624760314822197,-0.23298543691635132,-0.004213243722915649,-0.22056500613689423,0.9900729060173035,0.11927072703838348,-0.01811462640762329,-0.015236765146255493,0.057927969843149185,0.007847987115383148,0.1413167119026184,0.3431982398033142,0.02120770700275898,0.03029785305261612,-0.10537898540496826,0.8330212831497192,-0.2370675802230835,0.6448131799697876,0.16021637618541718,0.2028340846300125,-0.19167445600032806,-0.11685644835233688
99,132,651,158,673,0.15275587141513824,-0.27780184149742126,-0.24080592393875122,1.3962152004241943,-0.16353926062583923,-0.12358196079730988,0.09891414642333984,-0.25846177339553833,-0.09861715883016586,-0.2155715972185135,0.10952770709991455,0.8365880250930786,-0.27674323320388794,-0.21855467557907104,1.0355279445648193,-0.2780848741531372,-0.15909443795681,-0.22447267174720764,-0.17003172636032104,-0.19174019992351532,-0.23253336548805237,1.1632136106491089,-0.22220143675804138,1.813639521598816,1.292518138885498,0.32036590576171875,-0.20999959111213684,-0.038764290511608124,-0.2504604458808899,-0.2655290961265564,-0.19625374674797058,0.25792157649993896,-0.2036573737859726,0.4383046627044678,-0.22025495767593384,0.6363638639450073,0.4012640118598938,-0.080323226749897,0.0658826008439064,-0.27445346117019653,0.04702528566122055,0.4583584666252136,0.2758715748786926,0.1508774757385254,0.46284985542297363,-0.04942458122968674,-0.07889823615550995,1.2870967388153076,1.408247709274292,-0.16756673157215118,1.2348006963729858,0.6498030424118042,-0.12391705811023712,-0.10401663929224014,1.1672221422195435,-0.19274920225143433,0.5430365800857544,1.707078456878662,1.313270926475525,-0.2112816572189331,-0.2564854621887207,-0.22705480456352234,-0.1126921996474266,-0.18501876294612885,-0.26786017417907715,0.15490829944610596,-0.15885859727859497,-0.25183212757110596,-0.11228790879249573,-0.21527940034866333,1.0013269186019897,-0.11273718625307083,-0.2504822313785553,-0.023180663585662842,-0.24448207020759583,0.10725424438714981,0.4153400659561157,-0.19079342484474182,-0.10965616255998611,-0.23146995902061462,0.72350013256073,-0.2163950651884079,-0.271662175655365,0.3211948275566101,0.7261812090873718,-0.08142776042222977,-0.17699897289276123,-0.13373856246471405,-0.17281408607959747,-0.2462146133184433,-0.2757171392440796,0.5559511184692383,-0.2023165225982666,0.4139147400856018,0.014361724257469177,1.021216630935669,-0.04425062984228134,0.02972513437271118,-0.2595589756965637,-0.24232107400894165,2.3889544010162354,-0.27689313888549805,0.10644306242465973,-0.07269861549139023,-0.0973786935210228,-0.016154862940311432,-0.1270323097705841,-0.23307159543037415,-0.2619369626045227,-0.27729126811027527,1.9551838636398315,0.6114569902420044,-0.17861343920230865,-0.23412643373012543,-0.21755880117416382,0.04477927088737488,-0.24934333562850952,0.10591858625411987,0.050157953053712845,-0.1721837818622589,0.0020028110593557358,0.5869442224502563,-0.21541203558444977,1.123691201210022,0.32546305656433105,0.35126152634620667,-0.12318196892738342,0.03535952791571617
100,179,293,205,318,-0.2013157606124878,-0.2507322132587433,-0.06606265157461166,1.3222545385360718,-0.0594877265393734,-0.19831803441047668,-0.25693100690841675,-0.2781848609447479,-0.15231652557849884,-0.20322367548942566,1.741623878479004,-0.2360677868127823,-0.16553965210914612,3.4085583686828613,-0.05664748698472977,-0.27052581310272217,-0.042070064693689346,-0.12813396751880646,-0.25570088624954224,-0.20624354481697083,-0.2630401849746704,0.9100440740585327,-0.2324867993593216,-0.27571314573287964,0.0431424044072628,-0.25346699357032776,-0.2202826589345932,-0.2543947696685791,0.14340560138225555,-0.2705751359462738,-0.1637437641620636,-0.2219499945640564,-0.2783673107624054,1.0242891311645508,-0.18728147447109222,-0.2653350532054901,0.27181169390678406,-0.13737958669662476,-0.17530257999897003,-0.25937384366989136,-0.2732566297054291,0.18804582953453064,0.4618755877017975,1.7834469079971313,-0.2207559198141098,-0.23170529305934906,-0.2780688405036926,1.2733826637268066,2.621584892272949,-0.1403265744447708,0.2826352119445801,-0.1679491400718689,0.4351024627685547,-0.22932544350624084,0.28414443135261536,-0.2770208418369293,-0.1222100555896759,1.6085500717163086,1.7452192306518555,-0.21927392482757568,-0.25028908252716064,0.653515100479126,0.05131165683269501,2.920779228210449,2.105708599090576,-0.2648586630821228,-0.2542282044887543,1.4814634323120117,-0.26359426975250244,-0.0069552017375826836,0.8425939083099365,-0.25146427750587463,-0.27110716700553894,-0.21609541773796082,-0.0666271448135376,0.18471302092075348,-0.22352831065654755,-0.23959968984127045,0.34856462478637695,-0.021938348188996315,-0.025076162070035934,-0.1916578710079193,-0.028049228712916374,-0.17391464114189148,-0.27845391631126404,-0.031150395050644875,-0.12833905220031738,-0.23056021332740784,-0.2665836811065674,-0.2776082456111908,-0.2750149667263031,0.15377266705036163,-0.20374278724193573,0.02426309697329998,-0.2782667577266693,0.7134690284729004,-0.2776050865650177,-0.14090871810913086,0.21795783936977386,-0.25320765376091003,-0.25033506751060486,-0.18039916455745697,0.21790187060832977,0.4324604272842407,-0.1315462291240692,2.2914576530456543,-0.2137351930141449,-0.2500845789909363,-0.18299485743045807,0.047277551144361496,-0.23402409255504608,-0.15069285035133362,0.608874499797821,-0.22377800941467285,-0.27017834782600403,-0.16524215042591095,0.22030343115329742,-0.031023871153593063,0.12584617733955383,0.08543027192354202,-0.12433227151632309,-0.05630384758114815,-0.2063702791929245,0.002519066911190748,0.04217035323381424,-0.2676405906677246,0.019463207572698593,-0.22632081806659698
101,657,573,709,597,0.08337956666946411,-0.21491463482379913,0.661054790019989,1.2667878866195679,-0.24162666499614716,0.1980084627866745,0.3860016167163849,-0.20485901832580566,-0.23248712718486786,-0.22998447716236115,0.13558192551136017,6.075408935546875,-0.18956995010375977,0.8104078769683838,0.9169356226921082,-0.20608514547348022,-0.07546209543943405,0.6522989869117737,1.3086763620376587,0.10425752401351929,0.16123594343662262,0.14334075152873993,0.6168456077575684,0.9408186078071594,0.9042138457298279,1.7018769979476929,-0.23146505653858185,-0.23780523240566254,0.7743157744407654,2.4054839611053467,-0.1976718306541443,-0.22945229709148407,-0.18254201114177704,0.12378980964422226,-0.19656360149383545,0.49677523970603943,0.0018670310964807868,0.2123054713010788,-0.197540283203125,0.06799229979515076,0.3689157962799072,0.12946255505084991,0.17323625087738037,1.4548460245132446,-0.036788951605558395,0.015191172249615192,-0.19966168701648712,1.184956669807434,0.797642707824707,0.6654728055000305,0.463138610124588,1.5632314682006836,0.4597112238407135,-0.18028457462787628,-0.059797823429107666,0.376400351524353,0.6085206866264343,2.3536806106567383,0.8670322895050049,-0.20782452821731567,0.12950193881988525,0.2542281448841095,0.08904159069061279,0.8357207775115967,-0.043122995644807816,0.44933876395225525,0.08399990946054459,0.14478962123394012,0.534001886844635,-0.0028380926232784986,0.7899706959724426,0.08922567963600159,0.052881646901369095,1.1145213842391968,-0.23719966411590576,0.7984420657157898,-0.16739429533481598,0.04218379035592079,-0.04109111800789833,-0.200090691447258,0.059169698506593704,-0.1940010040998459,-0.2503298819065094,2.697808027267456,0.06255795806646347,-0.16060779988765717,-0.21113057434558868,-0.22634804248809814,0.1071668490767479,-0.24155740439891815,0.009160543791949749,0.41402754187583923,-0.11097069829702377,0.18464972078800201,-0.052901968359947205,0.09113136678934097,-0.15460455417633057,-0.07620493322610855,-0.21041111648082733,-0.15186487138271332,0.41152918338775635,0.2959621846675873,0.45279741287231445,0.1600852757692337,2.8417088985443115,0.5751938819885254,-0.11921671032905579,-0.1426282525062561,0.9478551745414734,-0.13725779950618744,0.008140597492456436,0.3338089883327484,0.09059687703847885,0.16026882827281952,0.13414324820041656,0.34560176730155945,0.29988929629325867,2.4619944095611572,0.38698050379753113,0.024512669071555138,-0.15676811337471008,0.39695215225219727,-0.2265201061964035,0.8995575904846191,0.4360556900501251,0.07573416829109192,-0.2024046629667282,-0.09146925061941147
102,673,225,702,255,-0.18147538602352142,-0.21122431755065918,0.22232170403003693,1.0953527688980103,-0.22011812031269073,-0.26998013257980347,0.47638383507728577,-0.2263757437467575,-0.22642923891544342,-0.13245919346809387,1.0247100591659546,-0.09604739397764206,-0.06839288771152496,1.5949143171310425,0.5189468860626221,-0.2662826478481293,-0.10510466247797012,-0.012949089519679546,-0.21818378567695618,-0.11049707233905792,-0.27343347668647766,0.3963986933231354,-0.10198323428630829,0.02396448701620102,0.07369574159383774,-0.1043139323592186,-0.2687891721725464,-0.2566394507884979,0.16061833500862122,-0.17850522696971893,-0.10686978697776794,-0.17688225209712982,-0.24192480742931366,2.5490872859954834,-0.26208555698394775,-0.11559604108333588,0.09967175126075745,-0.2237173169851303,-0.23935265839099884,-0.2083137184381485,0.6533573865890503,0.00418152566999197,0.861491858959198,1.6580431461334229,-0.10222407430410385,1.028493046760559,-0.06036299467086792,4.942510604858398,1.2951984405517578,-0.10380913317203522,-0.12215593457221985,-0.27815693616867065,2.872274160385132,-0.27541854977607727,0.1019044741988182,-0.19803261756896973,0.8059549927711487,0.6092789769172668,2.9047818183898926,-0.12319043278694153,0.4889357388019562,-0.048062097281217575,0.3364059329032898,4.60524845123291,1.2814297676086426,-0.15301531553268433,-0.08769183605909348,-0.06796398013830185,-0.2784438729286194,-0.16432377696037292,1.4550758600234985,0.0505976639688015,-0.16725146770477295,-0.2632671892642975,-0.13507206737995148,-0.2473491132259369,-0.2434188425540924,-0.1345461905002594,0.04826537147164345,-0.0718371719121933,-0.1335403323173523,-0.2783229649066925,-0.20165881514549255,-0.0990113839507103,-0.1617489755153656,-0.0041546993888914585,-0.12587063014507294,-0.04207334667444229,0.08257421851158142,-0.2709302604198456,-0.09778819233179092,-0.11739837378263474,-0.14271822571754456,0.0025401986204087734,-0.22259846329689026,0.34901705384254456,-0.2671082019805908,-0.19812622666358948,-0.23776419460773468,-0.255160927772522,-0.18543998897075653,-0.04021206870675087,0.3728789985179901,1.0361356735229492,-0.17077621817588806,2.5223610401153564,-0.2752606272697449,0.48378118872642517,-0.09346633404493332,-0.24048268795013428,-0.2604268193244934,0.044434916228055954,4.194622993469238,0.4450380802154541,-0.2710830271244049,0.16662074625492096,0.16320541501045227,0.4958679676055908,0.0033907496836036444,-0.17326489090919495,-0.12203256785869598,0.38912534713745117,-0.25004658102989197,0.823585569858551,-0.2766667306423187,-0.25358858704566956,-0.22812534868717194,-0.20980191230773926
103,747,749,787,777,0.2456163763999939,-0.23026490211486816,0.29514995217323303,1.1230310201644897,-0.12875206768512726,0.010242491960525513,0.26559826731681824,-0.16850833594799042,-0.22676146030426025,-0.2375039905309677,0.1736963391304016,0.9423914551734924,-0.0346858873963356,0.17343954741954803,0.7969710230827332,-0.19443677365779877,-0.2376651018857956,0.5454515814781189,-0.0710005983710289,0.24192900955677032,0.15800841152668,0.5572669506072998,0.6274943947792053,0.8682686686515808,0.5949311852455139,0.4766232967376709,-0.2106536477804184,-0.08797696232795715,0.34801796078681946,1.027531623840332,-0.18969549238681793,-0.07698257267475128,-0.11938899010419846,0.24184708297252655,-0.19633473455905914,-0.08196436613798141,-0.10089356452226639,0.24165458977222443,-0.2342401146888733,0.06747763603925705,-0.15283940732479095,-0.07394503802061081,0.0527535080909729,1.2748010158538818,0.03777213394641876,-0.08301302045583725,-0.12373145669698715,0.7035276293754578,0.1086476668715477,0.30917850136756897,0.8002937436103821,0.6765742301940918,0.6095911264419556,-0.2404487282037735,0.33075886964797974,-0.2516549229621887,0.08078313618898392,0.7423431873321533,1.218564510345459,-0.23127557337284088,0.055592212826013565,0.4359961450099945,-0.13913594186306,0.2561449706554413,-0.020652582868933678,0.3764698803424835,-0.20597369968891144,0.17678390443325043,-0.028884952887892723,0.17317397892475128,0.8802862763404846,-0.16771964728832245,-0.13803844153881073,0.20290116965770721,-0.11251351982355118,0.252173513174057,0.04926399886608124,-0.07811945676803589,-0.15975694358348846,-0.2162170559167862,0.2801658511161804,-0.23212333023548126,-0.271194726228714,0.5743557810783386,-0.05159042403101921,-0.1299765259027481,-0.04544971510767937,-0.24547527730464935,0.1351226270198822,-0.22348594665527344,-0.10036114603281021,0.09067819267511368,0.1552533209323883,-0.09892010688781738,-0.02390635572373867,-0.004233588930219412,-0.16694527864456177,0.030823731794953346,-0.24118535220623016,0.033825356513261795,0.6029142737388611,0.08624977618455887,0.12362941354513168,0.4088904857635498,0.9805371761322021,0.30860403180122375,-0.1170070543885231,-0.15787537395954132,0.33334001898765564,-0.10654304176568985,0.05298392102122307,0.0669255405664444,0.12864182889461517,0.22909219563007355,0.23330514132976532,-0.015940219163894653,0.2561843991279602,0.5673507452011108,-0.14339536428451538,-0.06157154217362404,-0.13758228719234467,0.40191152691841125,-0.19827021658420563,0.6682446599006653,0.09598814696073532,0.0480523407459259,-0.20629502832889557,-0.07972390949726105
104,165,396,195,426,0.6504526138305664,-0.24225515127182007,0.1393444687128067,1.1948988437652588,-0.18873660266399384,0.4157114624977112,-0.022929087281227112,-0.2535496950149536,0.04495948553085327,-0.1937217116355896,0.08763400465250015,0.0004251748323440552,-0.20297685265541077,0.3667396605014801,1.3025093078613281,-0.27291882038116455,-0.2363402545452118,2.0519587993621826,-0.02395394630730152,-0.1718687117099762,-0.02382013387978077,0.4069105088710785,0.438525915145874,1.518024206161499,0.2828028202056885,1.281788945198059,-0.16857320070266724,-0.05938141793012619,0.1603546142578125,0.8896880745887756,-0.07507522404193878,-0.11426414549350739,-0.07601381838321686,0.5385079383850098,-0.19949954748153687,-0.15834477543830872,0.33930373191833496,0.8124154210090637,0.8768420219421387,-0.12202960252761841,1.0805599689483643,0.19570192694664001,0.3395637273788452,0.6229677796363831,0.347457617521286,0.7413718700408936,-0.21812966465950012,2.1325666904449463,0.05387687683105469,0.1009894609451294,0.7143529057502747,0.958524227142334,0.45358291268348694,-0.2513367235660553,1.437835454940796,-0.2409721463918686,1.9554892778396606,0.8389431238174438,1.8036085367202759,-0.16100215911865234,0.8056145906448364,-0.18209563195705414,0.12406295537948608,0.3878282308578491,-0.06241248548030853,0.2187797874212265,-0.13238614797592163,-0.13714183866977692,-0.10193435102701187,-0.23924361169338226,0.7227599024772644,0.2510868310928345,-0.04157765209674835,0.32099875807762146,-0.19878730177879333,0.3625367283821106,0.6949339509010315,-0.1396503895521164,-0.019358940422534943,-0.1415916085243225,0.7584661245346069,-0.25217294692993164,-0.24878297746181488,-0.22880811989307404,1.0188764333724976,-0.10366302728652954,-0.2097109705209732,-0.13686451315879822,0.49559471011161804,-0.23410233855247498,-0.21497881412506104,-0.030851542949676514,0.014246262609958649,0.43977659940719604,0.2488645613193512,0.47899961471557617,-0.10422160476446152,-0.06556523591279984,-0.2109641432762146,-0.15521594882011414,1.4484260082244873,-0.22656650841236115,0.13892090320587158,0.4782780706882477,1.3237824440002441,0.15329408645629883,-0.17201533913612366,0.5327135324478149,-0.18889376521110535,-0.214271679520607,2.2248992919921875,0.7118715047836304,0.9275776743888855,1.577164649963379,-0.2060505747795105,0.3205311596393585,-0.17223218083381653,0.17588482797145844,0.35087335109710693,-0.16954047977924347,0.03799246996641159,0.4768632650375366,-0.08658028393983841,0.9439111948013306,0.020387068390846252,0.0687275379896164,-0.17643123865127563,-0.052871622145175934
105,150,660,181,682,0.4927941858768463,-0.27292531728744507,0.13346576690673828,1.21315598487854,-0.17522820830345154,-0.006071358919143677,0.8482792973518372,-0.2715891897678375,-0.24389421939849854,-0.2564253807067871,-0.041027892380952835,2.6064682006835938,-0.2126515805721283,0.27733907103538513,0.7410168051719666,-0.22174707055091858,-0.2520102858543396,0.7651187777519226,0.6128135323524475,-0.14843696355819702,-0.10301707684993744,-0.1497439295053482,0.10430660098791122,2.3301796913146973,-0.022782981395721436,1.4588624238967896,-0.24905014038085938,-0.2757081389427185,-0.010634228587150574,1.4042967557907104,-0.26136237382888794,-0.16590774059295654,-0.004819758236408234,0.5615559220314026,-0.2391013652086258,0.22635877132415771,0.09675812721252441,0.2632119059562683,-0.15417085587978363,-0.25722289085388184,1.6738784313201904,0.2529018521308899,-0.0339336171746254,-0.09243163466453552,0.16016864776611328,0.9166702032089233,-0.08668594062328339,1.9317827224731445,0.9812275767326355,-0.0804264098405838,1.0278782844543457,0.8900859355926514,0.24852702021598816,-0.25448405742645264,-0.09185021370649338,0.5972912311553955,2.3634283542633057,1.7985879182815552,1.7301476001739502,-0.13645488023757935,1.9516706466674805,-0.18844644725322723,0.8503955006599426,2.7145023345947266,-0.19558973610401154,0.08228684961795807,-0.12568709254264832,-0.009398609399795532,0.45527565479278564,-0.23122870922088623,1.2555480003356934,0.26779311895370483,-0.27741798758506775,1.5596001148223877,-0.177027627825737,0.25635451078414917,-0.20931467413902283,-0.21975931525230408,-0.21261203289031982,-0.2609637379646301,0.8004741668701172,-0.2522980570793152,-0.14321240782737732,1.2222391366958618,1.0954684019088745,-0.10445249080657959,-0.2528943419456482,-0.2743356227874756,0.6129983067512512,-0.23472237586975098,-0.2721759080886841,0.1603277027606964,-0.2699289917945862,0.39179861545562744,0.31178268790245056,-0.010506339371204376,-0.18457159399986267,0.1614840179681778,-0.09668153524398804,-0.1886233687400818,0.5826647281646729,0.009936682879924774,-0.20407135784626007,-0.07940033078193665,1.9193625450134277,1.6363158226013184,-0.24192550778388977,1.4481524229049683,0.17379368841648102,0.0017951279878616333,2.1035513877868652,0.7967892289161682,0.813062846660614,0.5130249261856079,0.17558640241622925,0.3337082266807556,0.3532634377479553,1.8919697999954224,0.42929092049598694,-0.2396276593208313,-0.07708457857370377,0.48538899421691895,-0.15312978625297546,1.4359320402145386,0.3218269646167755,0.34450653195381165,-0.21570929884910583,-0.06326471269130707
106,535,529,558,555,-0.08511842787265778,-0.24714666604995728,-0.13713210821151733,1.2259008884429932,-0.1874430924654007,-0.18384334444999695,-0.04278166964650154,-0.265241801738739,-0.2353234440088272,-0.15143434703350067,1.3529194593429565,-0.2729826271533966,-0.2559365928173065,0.4911286234855652,0.6735695600509644,-0.08423657715320587,-0.2433486431837082,-0.039499398320913315,-0.25439152121543884,0.9888161420822144,0.2701396644115448,0.658281683921814,-0.27432239055633545,0.3479481339454651,1.1569111347198486,-0.2692258059978485,-0.19061700999736786,-0.1572580337524414,0.007112856488674879,-0.26931464672088623,-0.19109581410884857,-0.2637428641319275,-0.18573398888111115,0.7779808640480042,-0.10501346737146378,-0.2204892486333847,-0.12055910378694534,-0.16789351403713226,-0.25991830229759216,0.08776728063821793,-0.18027591705322266,0.019827362149953842,1.2623703479766846,1.371438980102539,-0.13226714730262756,-0.2736303210258484,-0.27059873938560486,0.7568933963775635,1.6265300512313843,0.5501468777656555,1.1479041576385498,-0.14549148082733154,-0.06630738079547882,-0.1012590229511261,0.24171675741672516,-0.25146347284317017,0.1656145602464676,2.5347485542297363,1.064243197441101,-0.18397441506385803,1.861179232597351,0.6369689106941223,0.17084763944149017,4.048727989196777,-0.17004194855690002,-0.0011667078360915184,-0.09877002239227295,1.2378530502319336,0.03673028573393822,0.9498138427734375,0.41285061836242676,-0.27843961119651794,0.15947361290454865,1.499743938446045,-0.13479319214820862,-0.2240564227104187,-0.2784353196620941,-0.2568624019622803,0.017435291782021523,-0.03311155363917351,-0.2040274292230606,-0.08095718175172806,-0.26046815514564514,0.1906992495059967,-0.18824546039104462,-0.1813165247440338,-0.1988465040922165,-0.11361870914697647,-0.0795985758304596,-0.27600181102752686,-0.018400095403194427,0.42764872312545776,-0.26151028275489807,-0.2092355489730835,-0.04185577481985092,0.3972393274307251,-0.2699560523033142,-0.24510125815868378,-0.12123904377222061,-0.24293582141399384,-0.013595008291304111,-0.2426203042268753,0.17097440361976624,0.562248706817627,-0.09934119880199432,1.828726053237915,-0.2173784226179123,-0.26385262608528137,0.057986851781606674,0.11636313796043396,-0.2406831979751587,-0.19205664098262787,1.3738181591033936,-0.24015210568904877,-0.1534671187400818,0.2029791921377182,1.0611006021499634,0.4099367558956146,-0.1454463005065918,0.3697710335254669,-0.20968563854694366,0.1307666301727295,-0.12790150940418243,0.8399912714958191,0.04668703302741051,-0.02682201750576496,-0.12963798642158508,-0.25279945135116577
107,594,827,617,868,0.6968858242034912,-0.2375004142522812,0.2738492786884308,1.0764851570129395,-0.1964874118566513,-0.0414954274892807,0.06518277525901794,-0.22072385251522064,-0.018216043710708618,-0.20630480349063873,0.2027881145477295,-0.25361713767051697,-0.138546422123909,0.035279110074043274,1.3594931364059448,-0.2571910619735718,-0.2038278728723526,-0.02560594119131565,0.04009974002838135,0.044598910957574844,-0.00016453862190246582,1.223409652709961,0.14060549437999725,0.5704585909843445,0.0018083751201629639,-0.13844788074493408,-0.24881570041179657,-0.2180488109588623,0.05883045122027397,-0.08806739002466202,-0.24525289237499237,-0.2384435534477234,-0.06604751199483871,0.4952460527420044,-0.10377451032400131,-0.24763530492782593,0.05978049710392952,-0.1397891640663147,0.5379465222358704,-0.15099316835403442,0.06398620456457138,-0.08038274198770523,0.8337111473083496,0.9835397601127625,-0.1912498027086258,0.007675657514482737,-0.25042209029197693,1.9103957414627075,0.28878989815711975,0.2813195288181305,0.43784579634666443,0.20753705501556396,0.7127308249473572,-0.145816370844841,2.4351649284362793,-0.1982501745223999,1.4860082864761353,0.940662145614624,1.2144404649734497,-0.23002386093139648,2.2495276927948,0.18439359962940216,0.29726144671440125,1.6389309167861938,0.14191870391368866,0.11636748909950256,0.0004907647962681949,0.33116260170936584,-0.10971232503652573,0.06788989901542664,0.49020370841026306,-0.26992809772491455,-0.13301314413547516,0.06661106646060944,-0.1977333277463913,-0.208726167678833,1.182043433189392,-0.26773932576179504,0.7130961418151855,-0.08809515088796616,0.03735984489321709,-0.22466520965099335,-0.17152774333953857,0.009355899877846241,0.6235413551330566,-0.06642021983861923,-0.047046225517988205,-0.041001614183187485,-0.05715130642056465,-0.22260117530822754,-0.15555961430072784,0.10638990253210068,-0.020640382543206215,-0.03902832046151161,1.0463637113571167,0.39574217796325684,-0.2716558277606964,-0.24119889736175537,-0.26125454902648926,-0.03306205943226814,0.1257961541414261,-0.12823374569416046,-0.031847648322582245,1.8625391721725464,-0.15849818289279938,1.1781338453292847,-0.2688479423522949,0.3354412019252777,0.09388464689254761,-0.18972615897655487,1.477190375328064,-0.06183649227023125,2.8346874713897705,0.7367009520530701,0.00029858946800231934,0.26884886622428894,0.09513723850250244,-0.021568402647972107,-0.18292582035064697,0.015355624258518219,-0.04120001569390297,0.2347242683172226,0.9109861850738525,0.8979290127754211,-0.15333999693393707,0.27088865637779236,-0.15974046289920807,-0.24044953286647797
108,849,520,887,543,0.8584623336791992,-0.2031950056552887,-0.17712727189064026,1.2059638500213623,-0.17803344130516052,0.08384247124195099,1.6906812191009521,-0.2486303150653839,-0.08530782163143158,-0.2619536519050598,-0.038082681596279144,3.26645827293396,-0.2290775030851364,0.3408374786376953,0.6606844663619995,-0.2133544683456421,-0.15427479147911072,-0.25751572847366333,1.4222681522369385,-0.08932468295097351,-0.2607174813747406,-0.00797174870967865,-0.1699008047580719,0.03780031204223633,0.08350186049938202,1.504220962524414,-0.2342815399169922,-0.2720232903957367,0.6810697913169861,1.0057026147842407,-0.2280123084783554,-0.2109772115945816,-0.0821085274219513,0.19880935549736023,-0.1325598508119583,0.681646466255188,-0.09407667815685272,-0.02385278046131134,0.673498272895813,0.08551406860351562,0.16487011313438416,0.1062188521027565,-0.2413303554058075,-0.03611651062965393,0.32852280139923096,0.12732738256454468,-0.27587181329727173,0.9865269660949707,1.0685782432556152,0.3472893536090851,0.09457695484161377,0.5474005937576294,0.2619168162345886,-0.07242190092802048,0.8963096737861633,-0.10378418117761612,0.08999378979206085,1.6692445278167725,-0.0007184343412518501,-0.1888751983642578,1.0282387733459473,0.24153099954128265,0.05516446381807327,0.3280828297138214,0.3501899838447571,0.028404057025909424,0.7081329226493835,-0.05142924189567566,0.5354689955711365,0.1872972846031189,0.5560193061828613,-0.22539862990379333,-0.1465134620666504,1.5969901084899902,-0.254858136177063,0.026894398033618927,1.4045114517211914,-0.1804036796092987,0.14486031234264374,-0.20382630825042725,-0.16098788380622864,-0.25722628831863403,-0.2533370852470398,2.066558837890625,1.822289228439331,-0.1290571391582489,-0.25774967670440674,-0.1939307451248169,0.3150850534439087,-0.26016470789909363,-0.23341266810894012,0.15820744633674622,0.21831123530864716,-0.07273709774017334,-0.1356399804353714,0.18394796550273895,-0.1320633441209793,-0.2294735312461853,-0.2618711590766907,-0.08647967129945755,0.969050407409668,0.15829281508922577,-0.15201106667518616,0.3006479740142822,0.2979010343551636,0.6563629508018494,-0.15799933671951294,0.4695175588130951,-0.2694071829319,-0.16546562314033508,1.2815951108932495,-0.12900644540786743,0.6783567667007446,0.16281025111675262,0.19563904404640198,0.13546842336654663,0.556913435459137,1.1055419445037842,0.08896954357624054,0.6508843898773193,-0.06643926352262497,0.9622194170951843,-0.27657121419906616,1.3196319341659546,0.28176814317703247,1.8268790245056152,0.00517977774143219,-0.20447182655334473
109,151,401,169,418,0.5265756249427795,-0.22103387117385864,0.45664384961128235,0.9449828267097473,-0.1283148229122162,-0.025734493508934975,1.6418555974960327,-0.21454420685768127,-0.21481947600841522,-0.26694533228874207,-0.2781817317008972,-0.26198649406433105,-0.2074725329875946,-0.1466461420059204,1.0819294452667236,-0.27792102098464966,-0.1514238566160202,2.961611747741699,-0.22538897395133972,-0.244777649641037,-0.14401419460773468,0.8926469683647156,1.101909875869751,1.400516152381897,0.025799602270126343,0.9090484976768494,-0.26091551780700684,-0.21279330551624298,0.09818772971630096,1.2192177772521973,-0.08124573528766632,-0.1419365257024765,-0.07348167896270752,-0.26526081562042236,-0.2652316391468048,-0.21369700133800507,-0.017509635537862778,0.8167920112609863,-0.2048957496881485,-0.24348106980323792,0.8627596497535706,-0.13606329262256622,-0.2264472395181656,0.8761340379714966,-0.1824372261762619,0.6640247702598572,-0.27754470705986023,2.426116466522217,-0.26783818006515503,0.5298693180084229,0.04288823530077934,0.35244545340538025,0.7076711654663086,-0.11569495499134064,0.6553764939308167,-0.21172936260700226,1.4362118244171143,-0.2081352025270462,1.5400187969207764,-0.13755662739276886,1.5351433753967285,-0.2679396867752075,0.060338959097862244,-0.27450472116470337,0.25184810161590576,-0.1937016248703003,-0.00865811575204134,-0.27843764424324036,0.10347038507461548,-0.25865253806114197,-0.1435360610485077,-0.0694560706615448,-0.19037887454032898,-0.24690768122673035,-0.2579861283302307,-0.15701718628406525,-0.21860088407993317,-0.27808642387390137,-0.0017070438480004668,-0.11446975916624069,1.754775881767273,-0.20723746716976166,-0.13518361747264862,-0.08894587308168411,0.6578305959701538,-0.11487091332674026,-0.2040959596633911,-0.03322146460413933,1.390943169593811,-0.25008058547973633,-0.11255036294460297,-0.12735775113105774,-0.13290628790855408,-0.14986485242843628,-0.016170360147953033,-0.226413294672966,-0.14936582744121552,-0.2527486979961395,-0.26616358757019043,0.2380000352859497,-0.002936899196356535,-0.1548701673746109,0.26702818274497986,1.7156391143798828,1.9844917058944702,-0.24198158085346222,-0.25093427300453186,1.9423121213912964,-0.2771219313144684,-0.10455689579248428,1.0890580415725708,0.32877635955810547,2.1751339435577393,4.083395004272461,-0.2639654278755188,0.09201116114854813,-0.2749975919723511,-0.2687050402164459,-0.1424345225095749,-0.02006254345178604,0.19102689623832703,0.1365939974784851,1.1012579202651978,1.9402010440826416,-0.23432742059230804,-0.23735924065113068,-0.25056180357933044,-0.15287448465824127
110,147,385,168,408,-0.27828076481819153,-0.26542702317237854,-0.12552596628665924,1.3783352375030518,-0.10440360754728317,-0.26934614777565,-0.27760472893714905,-0.27365484833717346,-0.19196726381778717,-0.1662779599428177,0.40168115496635437,-0.2325619012117386,-0.16017384827136993,2.150291919708252,1.016262173652649,-0.2751968204975128,-0.1122337058186531,-0.25289055705070496,-0.24827665090560913,-0.21442675590515137,-0.17747117578983307,2.1034836769104004,-0.26156333088874817,0.2861363887786865,1.7398982048034668,-0.2709060311317444,-0.27033206820487976,0.14301234483718872,-0.27827149629592896,-0.2757630944252014,-0.12319134175777435,-0.1042332723736763,-0.26902323961257935,0.9430190324783325,-0.254921555519104,-0.2612707316875458,0.23210392892360687,-0.09278446435928345,-0.16563574969768524,-0.2741451561450958,-0.19973298907279968,0.16257432103157043,2.028261184692383,1.983657717704773,-0.25406110286712646,-0.16387911140918732,-0.2770836353302002,1.92725670337677,1.5110619068145752,-0.2779761850833893,1.3241873979568481,0.2520897686481476,0.36284342408180237,-0.2759025990962982,0.19404751062393188,-0.22897998988628387,0.11526989191770554,1.5530720949172974,2.8230512142181396,-0.24500134587287903,-0.25980904698371887,-0.21030233800411224,-0.08778390288352966,0.6971940398216248,0.29505202174186707,-0.2732484042644501,-0.2759665846824646,0.07916078716516495,-0.2764629125595093,-0.25920313596725464,1.556496500968933,0.06418215483427048,-0.2779536247253418,-0.2784635126590729,0.14415013790130615,0.36440709233283997,-0.17451775074005127,-0.1856941282749176,-0.06693454086780548,-0.027246279641985893,0.8212178349494934,-0.17707686126232147,-0.2740215063095093,0.1272628903388977,-0.27677294611930847,-0.03505165874958038,-0.09496482461690903,-0.2051275372505188,-0.26543256640434265,-0.22659777104854584,-0.2564667761325836,0.009966821409761906,-0.11706500500440598,0.20125579833984375,-0.22996406257152557,0.68861985206604,-0.27679911255836487,-0.13416126370429993,-0.1571175754070282,-0.22763293981552124,-0.019565273076295853,-0.14527854323387146,0.2849036455154419,0.20317593216896057,-0.20317000150680542,1.1472158432006836,-0.017610374838113785,-0.2611999809741974,-0.11652219295501709,-0.09562180191278458,-0.2758079171180725,0.2924799919128418,0.4802677631378174,-0.22619478404521942,-0.27837228775024414,0.004351689014583826,-0.2782174348831177,0.34628966450691223,0.25410157442092896,-0.2706112861633301,-0.11695797741413116,0.05394762381911278,-0.27624940872192383,0.3153044581413269,-0.1587311327457428,-0.25896155834198,-0.2121579796075821,-0.046871624886989594
111,136,648,171,672,0.2988252639770508,-0.2733951807022095,-0.21439732611179352,1.3322210311889648,-0.170209139585495,0.07410360872745514,0.05965132266283035,-0.25763797760009766,-0.17562535405158997,-0.211895152926445,-0.03197243809700012,2.6479811668395996,-0.2405010163784027,-0.2347855269908905,1.1274012327194214,-0.23634406924247742,-0.2069026231765747,0.18148812651634216,-0.06830354034900665,-0.19906947016716003,-0.15614739060401917,0.7258796691894531,-0.11733604967594147,2.973154306411743,0.5508588552474976,1.0675220489501953,-0.2308780550956726,-0.1573883444070816,-0.25467628240585327,0.8522616624832153,-0.21580824255943298,0.07111817598342896,-0.2240867018699646,0.6162629723548889,-0.2375653088092804,0.43991655111312866,0.3639645576477051,-0.06764175742864609,-0.06294039636850357,-0.2525562644004822,0.6723595857620239,0.3779122531414032,0.0010791569948196411,-0.020846545696258545,0.4565708041191101,0.3761504292488098,-0.06392928212881088,1.187398910522461,1.5841701030731201,-0.15116927027702332,1.4045262336730957,1.6253271102905273,0.13732405006885529,-0.17475184798240662,0.5297552347183228,-0.16763228178024292,1.4638702869415283,2.1568527221679688,1.1550136804580688,-0.16679224371910095,0.268782377243042,-0.005925029516220093,-0.031342994421720505,-0.17774775624275208,-0.27256715297698975,0.10275566577911377,-0.09311617910861969,-0.24368004500865936,0.5228577256202698,-0.22143392264842987,1.1520854234695435,-0.1794840395450592,-0.248540997505188,0.3630463480949402,-0.25998783111572266,0.1118413582444191,0.09053483605384827,-0.23254434764385223,-0.152937114238739,-0.24109528958797455,1.0122743844985962,-0.2428434193134308,-0.2628742456436157,1.0119702816009521,1.6833412647247314,-0.10173028707504272,-0.21447518467903137,-0.20173534750938416,-0.12578824162483215,-0.2584163546562195,-0.25299423933029175,0.7157982587814331,-0.23842540383338928,0.5154439806938171,-0.07846875488758087,0.6521896123886108,-0.10614548623561859,0.09371785819530487,-0.2631922960281372,-0.2012462466955185,1.3011729717254639,-0.06128576397895813,-0.045158810913562775,-0.08444124460220337,1.2444121837615967,0.6990084648132324,-0.11805680394172668,0.10662784427404404,-0.2619938850402832,-0.23262685537338257,2.3446497917175293,0.8090791702270508,0.05568283796310425,-0.12284957617521286,-0.0257091224193573,0.2622992992401123,-0.24934713542461395,1.4473600387573242,0.32623961567878723,-0.18319521844387054,-0.025453587993979454,0.39657658338546753,-0.22756069898605347,1.9872127771377563,0.44643399119377136,0.3981832265853882,-0.1643146276473999,0.020254328846931458
112,141,668,162,688,0.1941624879837036,-0.26439493894577026,-0.20663166046142578,1.247746229171753,-0.18206626176834106,-0.05238962918519974,0.2791731059551239,-0.2623574435710907,-0.2297842800617218,-0.2520182728767395,0.20612846314907074,1.271231770515442,-0.12986670434474945,-0.11913427710533142,0.9627578258514404,-0.24039632081985474,-0.17864729464054108,0.5742800831794739,-0.12078668922185898,-0.15439122915267944,-0.10962878167629242,0.7820757627487183,0.051722120493650436,2.2287180423736572,1.2051887512207031,0.7049450278282166,0.02562415599822998,-0.04435485228896141,-0.12875352799892426,0.730472981929779,-0.2097800076007843,-0.09914276748895645,-0.19919133186340332,0.45559388399124146,-0.2502436935901642,0.018639400601387024,0.1658189445734024,-0.01678604446351528,-0.15200930833816528,-0.115393728017807,0.2727387249469757,0.20018109679222107,0.18174868822097778,0.5059313178062439,-0.024278223514556885,0.16821013391017914,-0.14889633655548096,1.2302875518798828,1.1087329387664795,-0.004964016377925873,1.280562400817871,1.1053764820098877,0.3487868905067444,-0.14155340194702148,-0.0701684057712555,-0.21575532853603363,1.0466500520706177,1.3817040920257568,1.4349985122680664,-0.18564307689666748,0.17682631313800812,-0.03486558049917221,-0.057546231895685196,-0.1765870898962021,-0.15092504024505615,-0.01585380733013153,-0.161458820104599,0.05345584452152252,0.181007981300354,-0.011952288448810577,0.9776265025138855,-0.0737859308719635,-0.23751284182071686,0.29181694984436035,-0.18117184937000275,0.14705336093902588,-0.1554451584815979,-0.17261278629302979,-0.16639026999473572,-0.2216523289680481,0.7098293900489807,-0.2454063892364502,-0.26216182112693787,0.8095743656158447,0.45299190282821655,-0.12300748378038406,-0.21888279914855957,-0.20731192827224731,0.0480041578412056,-0.2726020812988281,-0.27330493927001953,0.49031034111976624,-0.17150931060314178,0.32925063371658325,-0.18719828128814697,0.4089099168777466,-0.12921269237995148,0.13057315349578857,-0.2694673538208008,-0.09945014119148254,1.2161563634872437,-0.1099724993109703,0.3306739330291748,0.17202293872833252,0.9174506664276123,0.432721346616745,0.006490990519523621,-0.07328509539365768,-0.22656722366809845,-0.2538571357727051,0.7481719255447388,0.5602869987487793,0.2174556851387024,-0.032989002764225006,0.0503690205514431,0.05696259066462517,-0.13088169693946838,0.893807053565979,0.15820442140102386,-0.15987053513526917,-0.03373349457979202,0.33393821120262146,-0.25077465176582336,1.6347970962524414,0.24477916955947876,0.009423695504665375,-0.10886581242084503,-0.057805951684713364
113,413,686,445,710,0.17898789048194885,-0.24579113721847534,0.17033284902572632,1.1249558925628662,-0.23293191194534302,-0.24218302965164185,0.13041222095489502,-0.23763780295848846,-0.2724769413471222,-0.19495274126529694,0.6203272342681885,1.2453458309173584,-0.1295625865459442,0.677583634853363,1.1195255517959595,-0.2494509518146515,-0.1143856942653656,-0.1780857890844345,0.13636891543865204,0.10887390375137329,0.12469509989023209,0.5573104619979858,0.30874308943748474,0.48590409755706787,0.8919212818145752,0.15177054703235626,-0.01861422508955002,-0.15503087639808655,0.3210415542125702,0.2687937021255493,-0.1008138656616211,0.005037449300289154,-0.15364277362823486,0.3770880103111267,-0.23989981412887573,0.013005536049604416,-0.09828802943229675,0.29296115040779114,-0.21744440495967865,0.10052096843719482,-0.19609059393405914,-0.047606490552425385,0.792782187461853,1.1627373695373535,-0.05676402896642685,-0.21482163667678833,-0.2400178164243698,0.7399210929870605,0.016261644661426544,0.09022430330514908,0.9612576961517334,0.7569370865821838,0.09852933138608932,-0.2468683272600174,0.24010542035102844,-0.25474414229393005,0.21434886753559113,1.4415318965911865,1.2522512674331665,-0.20710167288780212,-0.1544039398431778,0.20035263895988464,-0.22426798939704895,0.45401227474212646,-0.02548925206065178,0.2118632197380066,-0.20588546991348267,0.478059321641922,-0.1024160236120224,0.11313353478908539,0.6294040679931641,-0.03301538899540901,-0.165433868765831,0.3367217779159546,-0.010097105987370014,0.18043431639671326,0.09164291620254517,-0.24997363984584808,-0.002124965190887451,-0.14146576821804047,-0.11829154938459396,-0.24181528389453888,-0.2734031081199646,1.3793646097183228,0.013548593968153,-0.04316020756959915,-0.15057215094566345,-0.19222456216812134,0.11871705949306488,-0.27535557746887207,-0.07834029942750931,-0.08528431504964828,0.2078491598367691,-0.03282316401600838,-0.16655823588371277,0.3754294216632843,-0.17531630396842957,-0.08617743104696274,-0.23497289419174194,0.012011900544166565,1.5251858234405518,-0.054299496114254,0.34068775177001953,0.3082783818244934,-0.11072905361652374,-0.0013596341013908386,-0.02875082567334175,-0.21973662078380585,0.03455161303281784,-0.12734630703926086,-0.10680177807807922,0.159272700548172,-0.08148056268692017,-0.09947985410690308,0.22713269293308258,-0.04154953733086586,0.25821781158447266,0.3414619565010071,0.1114291399717331,-0.08678934723138809,-0.1330597996711731,0.3770222067832947,-0.25800442695617676,0.4511849284172058,-0.02066424861550331,0.11542419344186783,-0.14760014414787292,-0.12185244262218475
114,807,679,827,707,1.5636119842529297,-0.2539660334587097,-0.1586126983165741,1.194072961807251,-0.14869239926338196,-0.27602875232696533,0.3478904366493225,-0.25253963470458984,-0.23581276834011078,-0.2532442808151245,0.26849040389060974,-0.268008291721344,-0.22687411308288574,0.27947843074798584,1.5756396055221558,-0.18617349863052368,-0.20332492887973785,0.1252964586019516,-0.17085666954517365,-0.17422740161418915,-0.06305228918790817,1.202560305595398,-0.2249612808227539,1.3926771879196167,-0.18159455060958862,-0.19047445058822632,-0.24186894297599792,-0.266889750957489,0.45322707295417786,-0.006452925503253937,-0.25031453371047974,0.07667292654514313,-0.12779192626476288,1.220144271850586,-0.08737760037183762,-0.27261295914649963,0.3732140064239502,-0.04121233895421028,0.3793737292289734,0.1703263521194458,0.5812259912490845,0.09175886958837509,0.22955268621444702,1.0688083171844482,-0.000643901526927948,0.3823726773262024,-0.038686566054821014,1.4044462442398071,0.23348098993301392,0.06228747218847275,0.8919933438301086,0.10693300515413284,0.8533977270126343,-0.26502853631973267,2.0207061767578125,-0.23095569014549255,1.745186686515808,0.4928995966911316,1.0719554424285889,-0.20031756162643433,1.9242751598358154,0.6561985611915588,0.06384655088186264,1.3964496850967407,1.191107153892517,0.037719741463661194,-0.27166417241096497,0.918261706829071,0.004419523756951094,0.223943293094635,1.7815272808074951,-0.17466360330581665,-0.011674918234348297,-0.08206316083669662,-0.18913395702838898,-0.038643576204776764,1.3364742994308472,-0.25177502632141113,0.1479855328798294,-0.10731136798858643,-0.16750602424144745,-0.2760666608810425,-0.19907058775424957,-0.1188383400440216,0.8966065645217896,-0.12947484850883484,-0.1855269968509674,-0.23855452239513397,0.11013515293598175,-0.27663862705230713,-0.22431868314743042,-0.06717080622911453,-0.24407806992530823,0.27537980675697327,0.8556650280952454,0.3955008089542389,-0.25623947381973267,-0.25436484813690186,-0.24469667673110962,-0.16852973401546478,1.165702223777771,0.017694957554340363,-0.11233283579349518,1.6258835792541504,-0.1571887880563736,0.7767018675804138,-0.1876455545425415,-0.09376752376556396,-0.1493944227695465,-0.04482268542051315,2.63181209564209,0.36117833852767944,2.79683780670166,0.6398967504501343,-0.17868581414222717,0.37510308623313904,0.5150272250175476,-0.08744317293167114,0.05212608724832535,0.0564807653427124,-0.009628906846046448,0.21849331259727478,-0.04334907978773117,1.1318809986114502,0.19042184948921204,-0.04625418037176132,0.17061564326286316,-0.09732668101787567
115,762,765,793,799,-0.10064075887203217,-0.2171832025051117,0.7954474091529846,1.1926994323730469,-0.08924335241317749,0.22077572345733643,0.16809730231761932,-0.272819846868515,-0.25509142875671387,-0.08777578175067902,0.34916603565216064,3.13830828666687,-0.1931447982788086,0.616593599319458,1.3896381855010986,-0.2500726580619812,-0.24930480122566223,1.2222468852996826,1.1383471488952637,0.2616937458515167,0.21050585806369781,0.3189404010772705,0.4351811408996582,0.9289477467536926,1.133278489112854,1.6580607891082764,-0.23203833401203156,0.2121952474117279,0.7651667594909668,1.5473155975341797,-0.20906579494476318,-0.021141596138477325,-0.03593735024333,0.23812168836593628,-0.2371305227279663,0.12571470439434052,-0.027412794530391693,0.42348724603652954,-0.20522023737430573,-0.02273157238960266,0.4004640579223633,0.09753875434398651,0.7435707449913025,1.8156623840332031,-0.006624341011047363,0.1357818841934204,-0.2643892168998718,1.7147419452667236,0.5204037427902222,0.3228550851345062,0.574470043182373,1.7052631378173828,0.274953693151474,-0.16316363215446472,-0.16357123851776123,0.16850073635578156,1.0987428426742554,1.6708710193634033,1.2676124572753906,-0.225568026304245,0.1978127509355545,-0.10559727996587753,0.05816447734832764,2.0977623462677,-0.16635487973690033,0.6166324615478516,-0.09480799734592438,0.16520510613918304,0.31875643134117126,-0.14323213696479797,0.7353075742721558,0.20301496982574463,-0.16253945231437683,0.5624574422836304,-0.1502286046743393,0.5579000115394592,-0.18778692185878754,-0.027025848627090454,0.23463338613510132,-0.12160830944776535,0.12610575556755066,-0.24319271743297577,-0.2499227374792099,1.2204654216766357,-0.05687543749809265,-0.09869326651096344,-0.19177189469337463,-0.20517991483211517,0.04911978170275688,-0.2662773132324219,-0.03429491072893143,-0.02425941824913025,-0.02000632882118225,0.038656532764434814,0.00357162207365036,0.3051266372203827,-0.14318199455738068,0.3507961630821228,-0.22078204154968262,-0.13729919493198395,1.032468318939209,-0.0011423677206039429,0.40897297859191895,0.2705208659172058,1.7899904251098633,0.45375028252601624,-0.19183023273944855,0.4443483054637909,0.876541256904602,-0.15521448850631714,-0.02439257502555847,0.32714521884918213,0.072257399559021,0.6535735726356506,0.0025343019515275955,0.3757414221763611,0.11752331256866455,1.3135539293289185,0.2937779724597931,-0.10555274784564972,-0.1094857007265091,0.5728676319122314,-0.06049571931362152,1.073363184928894,0.2302892804145813,0.18552513420581818,-0.08387322723865509,-0.04727849364280701
116,413,670,442,692,0.307640016078949,-0.23114356398582458,0.04364347830414772,1.0903929471969604,-0.2297857254743576,-0.257548987865448,0.155219167470932,-0.1693921685218811,-0.27628612518310547,-0.22116619348526,0.32632821798324585,0.13258299231529236,0.02417925000190735,0.08230260014533997,0.8453764915466309,-0.1801188439130783,-0.2503545880317688,-0.19062498211860657,-0.24487188458442688,0.16067680716514587,0.14104056358337402,0.26040706038475037,0.4543292224407196,0.5256907343864441,0.5957884788513184,0.11936203390359879,-0.1698458343744278,-0.12112005054950714,0.4022985100746155,0.316463828086853,-0.10339289903640747,-0.002417653799057007,-0.137905552983284,0.21497534215450287,-0.20332786440849304,-0.0959143191576004,-0.14862218499183655,0.394366055727005,-0.25777602195739746,0.08772426843643188,-0.2039005160331726,-0.08687026053667068,0.2653052806854248,0.6199068427085876,0.04848697781562805,-0.19503942131996155,-0.18159636855125427,0.46543216705322266,-0.026924319565296173,0.1283583641052246,0.8230214715003967,0.3076751232147217,0.256528377532959,-0.24952983856201172,0.34977787733078003,-0.2757102847099304,-0.014576613903045654,0.713858962059021,0.9241288900375366,-0.23607054352760315,-0.033436402678489685,0.4658428728580475,-0.17762506008148193,0.04333541542291641,-0.02731756493449211,0.03983907401561737,-0.23079778254032135,0.4518420398235321,-0.011865688487887383,0.25070926547050476,0.6817787885665894,-0.08627139031887054,-0.13128069043159485,0.17269907891750336,0.0108140017837286,0.14967072010040283,0.11423204839229584,-0.26533204317092896,-0.19624945521354675,-0.19967204332351685,-0.05196187272667885,-0.24077239632606506,-0.2732306122779846,0.5347951054573059,-0.036182425916194916,-0.05664243549108505,-0.09772029519081116,-0.22069427371025085,0.2579214572906494,-0.20055030286312103,-0.10416818410158157,-0.039615750312805176,0.374909371137619,-0.13960109651088715,-0.14886075258255005,0.030398011207580566,-0.17894530296325684,0.11965623497962952,-0.24061286449432373,0.055295757949352264,0.8946978449821472,0.02819078415632248,0.022017978131771088,0.4748643636703491,-0.1912948042154312,0.2464955747127533,-0.07216942310333252,-0.22455008327960968,-0.1333799511194229,-0.07420679926872253,-0.06285611540079117,0.028538689017295837,-0.05456794425845146,-0.10961975157260895,0.3525623679161072,-0.10972148180007935,0.3561372756958008,0.10716432332992554,-0.1683502048254013,-0.00834103673696518,-0.11786658316850662,0.4680057168006897,-0.25157785415649414,0.28061679005622864,0.04707494378089905,0.17632505297660828,-0.20119403302669525,-0.11869584023952484
117,655,564,706,581,0.17415930330753326,-0.21242019534111023,0.3893861174583435,1.1999669075012207,-0.2248261719942093,-0.20919682085514069,0.6588044166564941,-0.164101704955101,-0.23617583513259888,-0.2226877212524414,0.39399248361587524,3.6231393814086914,-0.10569681227207184,1.1130118370056152,0.8496582508087158,-0.18319283425807953,-0.22317960858345032,0.5161153078079224,0.747854471206665,-0.017052743583917618,0.027216745540499687,-0.031729668378829956,0.5439717173576355,0.13844847679138184,0.43681600689888,0.9915192723274231,-0.20734773576259613,-0.23796811699867249,0.9715501070022583,1.3720200061798096,-0.16832229495048523,-0.2038576453924179,-0.15374556183815002,0.10947545617818832,-0.20035408437252045,0.0833858922123909,-0.10892962664365768,0.2508871853351593,-0.20109021663665771,0.0082920603454113,0.05589006468653679,0.015187973156571388,0.16762155294418335,0.8012382984161377,0.028719622641801834,0.027863003313541412,-0.20405492186546326,1.1785645484924316,0.39145299792289734,0.5061115026473999,0.1386871486902237,1.0415911674499512,0.6375333070755005,-0.21164196729660034,-0.0027945861220359802,0.39775556325912476,0.1480056643486023,1.227073311805725,0.5601639747619629,-0.21531939506530762,0.17824886739253998,0.3641374409198761,-0.059144407510757446,1.0553226470947266,0.06582055985927582,0.03399394080042839,-0.06198982894420624,0.3473282754421234,0.4218584895133972,0.17938232421875,0.47204798460006714,0.030212480574846268,0.034934137016534805,0.496810644865036,-0.1913193315267563,0.5650548934936523,-0.04294167086482048,-0.05779796838760376,0.032369986176490784,-0.19794106483459473,-0.07785981893539429,-0.19943290948867798,-0.25511717796325684,1.869334101676941,0.12306424975395203,-0.12130671739578247,-0.17775464057922363,-0.20402219891548157,0.21076135337352753,-0.24325008690357208,0.020526491105556488,0.07892271876335144,0.14555251598358154,-0.05635461583733559,-0.04750583693385124,0.008443258702754974,-0.16971999406814575,-0.06938982009887695,-0.18403510749340057,-0.06793592870235443,0.5517750382423401,0.3642423152923584,0.14126208424568176,0.3099170923233032,1.324095606803894,0.44960734248161316,-0.05410691350698471,-0.11412257701158524,0.3477742075920105,-0.14243684709072113,0.02311626821756363,0.022465365007519722,0.054494909942150116,0.26196354627609253,0.14359590411186218,0.13772328197956085,0.7111332416534424,1.6826069355010986,0.30769166350364685,0.13893428444862366,-0.1307143121957779,0.45310178399086,-0.22104379534721375,0.6062467694282532,0.18620947003364563,0.24358747899532318,-0.16378837823867798,-0.11728560924530029
118,798,680,817,708,0.9056215286254883,-0.26323628425598145,-0.1264290064573288,1.1793406009674072,-0.15373939275741577,-0.2717246413230896,0.18554216623306274,-0.23318034410476685,-0.251266747713089,-0.22175812721252441,0.23679986596107483,-0.2638514041900635,-0.15220552682876587,0.13569515943527222,1.3432976007461548,-0.19715820252895355,-0.22304487228393555,-0.05022123456001282,-0.20447534322738647,-0.06960216164588928,0.19427406787872314,1.0789871215820312,-0.038943588733673096,1.326013445854187,0.10164094716310501,-0.12633857131004333,-0.23369839787483215,-0.25679731369018555,0.2989586889743805,0.0010881349444389343,-0.2336224615573883,0.021663732826709747,-0.1408548355102539,0.905724048614502,-0.15826281905174255,-0.25124621391296387,0.2072877734899521,0.0020602047443389893,0.06476756930351257,0.1013297289609909,0.21800416707992554,0.01010528951883316,0.23740269243717194,1.5214194059371948,0.08511201292276382,0.07893989235162735,-0.1239878311753273,0.9357950687408447,0.08369532227516174,0.004562057554721832,1.252225637435913,0.2599318027496338,0.6423054933547974,-0.2610488831996918,1.6190999746322632,-0.21142056584358215,1.0297720432281494,0.9962660670280457,1.3911877870559692,-0.22207489609718323,0.9744831323623657,0.5258112549781799,-0.05343705788254738,0.9802318811416626,0.5297167301177979,0.23323030769824982,-0.25601762533187866,0.6543001532554626,-0.0090852752327919,0.17676396667957306,1.3911793231964111,-0.18350249528884888,-0.09027861058712006,-0.034400299191474915,-0.10414490848779678,0.08513076603412628,0.655638575553894,-0.2641744613647461,-0.028851434588432312,-0.09084106236696243,-0.13142193853855133,-0.2768397033214569,-0.23068439960479736,-0.0652356892824173,0.3942614197731018,-0.14130648970603943,-0.16318807005882263,-0.24796344339847565,0.08763331174850464,-0.27046269178390503,-0.21721294522285461,-0.08618280291557312,-0.04815579950809479,0.14974352717399597,0.4460100829601288,0.375912070274353,-0.20995157957077026,-0.1558370441198349,-0.25225067138671875,-0.10414407402276993,1.2431998252868652,0.026081383228302002,0.05274191126227379,1.0622177124023438,-0.198404461145401,0.5641471743583679,-0.17907875776290894,-0.16556239128112793,-0.10598350316286087,-0.09440523386001587,1.3771717548370361,0.28574058413505554,1.782109022140503,0.21679487824440002,0.028269581496715546,0.17817692458629608,0.2880241870880127,-0.09336531162261963,-0.019298598170280457,0.00513891875743866,-0.06914675235748291,0.27896738052368164,-0.15904006361961365,0.5981894731521606,0.1434190422296524,-0.06384637206792831,-0.021799080073833466,-0.10290732979774475
119,749,749,792,798,0.18131452798843384,-0.22780722379684448,0.3748730421066284,1.1124958992004395,-0.16027654707431793,-0.05566012114286423,0.27136218547821045,-0.2011169046163559,-0.24182187020778656,-0.18900078535079956,0.3661791980266571,1.2464542388916016,-0.08033081144094467,0.31089386343955994,0.8866609930992126,-0.20387384295463562,-0.24772551655769348,0.5496217012405396,0.35674604773521423,0.1453550010919571,0.11176878958940506,0.45966604351997375,0.4286895990371704,0.6244306564331055,0.5523707866668701,0.6432991623878479,-0.21259859204292297,0.07084384560585022,0.5473120212554932,0.7766242027282715,-0.19676262140274048,-0.1233581155538559,-0.10014986991882324,0.2441425919532776,-0.19415126740932465,-0.07072658091783524,-0.12245627492666245,0.22214394807815552,-0.23202461004257202,0.019966397434473038,0.044239163398742676,-0.04084842652082443,0.24225865304470062,1.0365118980407715,-0.03405264765024185,-0.04606306552886963,-0.172626793384552,1.0779776573181152,0.2538300156593323,0.19313934445381165,0.6018423438072205,0.8699362874031067,0.44255563616752625,-0.20532673597335815,0.20774635672569275,-0.071774423122406,0.4280551075935364,0.8372318148612976,1.022696614265442,-0.22526603937149048,0.14480789005756378,0.3160663843154907,-0.05416497215628624,0.8742485046386719,-0.042345643043518066,0.18828950822353363,-0.1700892150402069,0.21767795085906982,0.13641445338726044,0.11100363731384277,0.7138028740882874,-0.02871166355907917,-0.15636375546455383,0.2897290587425232,-0.09221891313791275,0.1809840053319931,-0.057231202721595764,-0.14069677889347076,0.014601780101656914,-0.19328659772872925,0.19519010186195374,-0.23974034190177917,-0.2641611099243164,0.6103096008300781,0.009985691867768764,-0.12759177386760712,-0.08964139968156815,-0.2335880547761917,0.1471937894821167,-0.23931625485420227,-0.15097768604755402,0.02273174189031124,0.1225503534078598,-0.12579280138015747,-0.02698596939444542,0.05963662639260292,-0.18912996351718903,0.19423922896385193,-0.23134464025497437,0.01098562404513359,0.5698014497756958,-0.007245931308716536,0.2207202911376953,0.4087260067462921,0.6517935991287231,0.4429669976234436,-0.10858094692230225,0.15820185840129852,0.28648221492767334,-0.12975642085075378,0.056078579276800156,0.07768464088439941,0.11644940823316574,0.2254246026277542,0.18151116371154785,0.049993760883808136,0.25083351135253906,0.4467931389808655,0.015380793251097202,-0.017461465671658516,-0.12630964815616608,0.5054866075515747,-0.12400404363870621,0.7358945608139038,0.07196402549743652,0.13306239247322083,-0.14547871053218842,-0.11807890981435776
