id,x0,y0,x1,y1,f0,f1,f2,f3,f4,f5,f6,f7,f8,f9,f10,f11,f12,f13,f14,f15,f16,f17,f18,f19,f20,f21,f22,f23,f24,f25,f26,f27,f28,f29,f30,f31,f32,f33,f34,f35,f36,f37,f38,f39,f40,f41,f42,f43,f44,f45,f46,f47,f48,f49,f50,f51,f52,f53,f54,f55,f56,f57,f58,f59,f60,f61,f62,f63,f64,f65,f66,f67,f68,f69,f70,f71,f72,f73,f74,f75,f76,f77,f78,f79,f80,f81,f82,f83,f84,f85,f86,f87,f88,f89,f90,f91,f92,f93,f94,f95,f96,f97,f98,f99,f100,f101,f102,f103,f104,f105,f106,f107,f108,f109,f110,f111,f112,f113,f114,f115,f116,f117,f118,f119,f120,f121,f122,f123,f124,f125,f126,f127
0,552,580,570,597,-0.26035627722740173,-0.20639225840568542,0.015511476434767246,1.033858060836792,-0.03177446871995926,-0.27194494009017944,-0.27560707926750183,-0.25671616196632385,-0.23832453787326813,-0.19464562833309174,1.9136396646499634,-0.2319013625383377,-0.2783195674419403,2.3601009845733643,-0.23724138736724854,-0.2317800670862198,-0.05084704980254173,-0.03799111768603325,0.6540922522544861,-0.1748441755771637,-0.19327713549137115,-0.2763743996620178,-0.2780665457248688,-0.2780435383319855,0.3368637263774872,-0.2141479104757309,-0.1242804303765297,-0.22638005018234253,-0.07686665654182434,-0.27687081694602966,-0.17128464579582214,-0.10565056651830673,-0.26033300161361694,0.8461757898330688,-0.25511041283607483,-0.2653932273387909,-0.1223640963435173,-0.17155684530735016,-0.18095794320106506,-0.19141390919685364,-0.24886555969715118,-0.01562059111893177,0.42214858531951904,0.3826862871646881,-0.26639461517333984,-0.27649977803230286,-0.21765968203544617,0.8174135684967041,4.289904594421387,1.3291659355163574,0.12901955842971802,-0.2702173888683319,-0.03700157254934311,-0.2580674886703491,-0.22307832539081573,-0.18837691843509674,-0.2648700177669525,0.6013835668563843,1.0251926183700562,-0.0903443917632103,1.014350414276123,0.9336164593696594,-0.07273062318563461,1.0362951755523682,0.3332345485687256,-0.26159924268722534,-0.24792547523975372,0.3141838014125824,-0.27637407183647156,1.2738159894943237,0.04450463503599167,-0.10771064460277557,-0.27713677287101746,0.3926575779914856,-0.09259425848722458,-0.2501589059829712,-0.27272114157676697,-0.2429603785276413,-0.1818114072084427,-0.11296875774860382,-0.22429314255714417,-0.2552144229412079,-0.25357893109321594,0.10598919540643692,-0.17982731759548187,-0.1365075558423996,-0.18603584170341492,-0.19420650601387024,-0.2734289765357971,-0.27842941880226135,-0.19125394523143768,0.1983538269996643,-0.237449049949646,-0.2744790315628052,-0.26085394620895386,0.11968135833740234,-0.2672722339630127,-0.25321775674819946,0.5928559303283691,-0.1840517669916153,-0.25409576296806335,-0.18452222645282745,-0.019162293523550034,0.685383677482605,-0.11045984923839569,1.0842196941375732,-0.24430760741233826,-0.2758270502090454,0.1103382408618927,0.4443064332008362,-0.23255272209644318,-0.2695884108543396,-0.27436399459838867,-0.25905340909957886,-0.1051357239484787,-0.19259013235569,3.276442050933838,0.5552274584770203,-0.16538091003894806,-0.19688096642494202,-0.13501997292041779,-0.04277249798178673,-0.224582701921463,0.9806111454963684,-0.11987452208995819,-0.26773709058761597,-0.26062336564064026,-0.2776971757411957
1,446,459,468,479,0.9033249020576477,-0.2617822289466858,-0.11636961996555328,0.898749589920044,-0.05219026282429695,-0.27750277519226074,-0.006449311971664429,-0.2409060299396515,-0.26971864700317383,-0.2594224810600281,0.6870172619819641,-0.22447173297405243,-0.08743859082460403,0.3610459268093109,-0.07538197934627533,-0.22437307238578796,-0.20299126207828522,-0.23616904020309448,-0.1722298413515091,-0.27274972200393677,-0.23275387287139893,0.09876345098018646,0.2989029884338379,-0.20878246426582336,-0.06163104623556137,-0.1662164330482483,-0.236688494682312,-0.2465222179889679,0.43739357590675354,0.4774254560470581,-0.19687922298908234,-0.2561452388763428,-0.005969514138996601,0.0841430202126503,-0.24143028259277344,-0.2728288173675537,-0.25904813408851624,0.20329967141151428,-0.2767505347728729,-0.2071184366941452,-0.2776503562927246,-0.23086678981781006,-0.2598271667957306,-0.12353363633155823,0.1568508744239807,-0.21437197923660278,-0.2762405574321747,0.4477040469646454,-0.0020619258284568787,0.04519980773329735,0.29331743717193604,-0.02111855149269104,0.23708543181419373,-0.18217700719833374,-0.09536030143499374,-0.2072736620903015,-0.263454794883728,-0.08462382853031158,0.12996935844421387,-0.27026963233947754,-0.004074707627296448,0.8715126514434814,-0.21194729208946228,-0.24890682101249695,1.4366722106933594,-0.273342490196228,-0.23693645000457764,0.425639808177948,-0.10873720049858093,0.4533880650997162,1.2287713289260864,-0.23939773440361023,-0.21912160515785217,-0.13213452696800232,0.11098819971084595,-0.2693026065826416,0.2589375674724579,-0.27593809366226196,-0.25051817297935486,-0.12208704650402069,0.005522815510630608,-0.26237237453460693,-0.27479031682014465,-0.14218415319919586,0.22686126828193665,-0.1612791270017624,-0.19951704144477844,-0.13280190527439117,0.19497418403625488,-0.2618723511695862,-0.16209131479263306,0.10764695703983307,0.1943342685699463,-0.22950327396392822,-0.27742552757263184,-0.1815425604581833,-0.24180713295936584,0.04247014597058296,-0.2571225166320801,0.3975808322429657,0.055925238877534866,0.5226401090621948,0.006921755149960518,0.6737132668495178,-0.2735462188720703,0.12882837653160095,-0.09060985594987869,-0.25877657532691956,-0.22106635570526123,-0.16111861169338226,-0.2190156728029251,-0.26843389868736267,-0.2724563777446747,0.05951137840747833,0.3921847939491272,-0.2501004636287689,0.09791459143161774,-0.2724384069442749,-0.2711736261844635,0.16739220917224884,-0.07238510996103287,0.39178547263145447,-0.26272547245025635,0.5640326142311096,-0.14921966195106506,0.06769596040248871,0.4183904528617859,-0.2050120234489441
2,596,623,613,639,0.46268466114997864,-0.2729949951171875,-0.11008913069963455,0.9293793439865112,-0.06785597652196884,-0.26781395077705383,-0.11297290027141571,-0.2169846147298813,-0.27686092257499695,-0.2783604860305786,0.7580231428146362,-0.16783827543258667,0.23857511579990387,-0.1311723291873932,-0.08150605857372284,-0.17158779501914978,-0.27706268429756165,-0.1752883940935135,-0.19985181093215942,-0.27841395139694214,-0.0051956456154584885,-0.012365121394395828,0.6446576118469238,-0.13544350862503052,0.1808406263589859,-0.20420393347740173,-0.25107020139694214,-0.2764703631401062,0.06381206214427948,0.32815054059028625,-0.04171649366617203,-0.21600554883480072,-0.13305321335792542,0.042617712169885635,-0.25138479471206665,-0.27804893255233765,-0.25936031341552734,0.12023237347602844,-0.27534496784210205,-0.1925506293773651,-0.276105672121048,-0.24288851022720337,-0.272167831659317,-0.2656634747982025,0.012765313498675823,-0.23850823938846588,-0.27672189474105835,0.4581925868988037,-0.11963964998722076,-0.1005658283829689,0.30533039569854736,-0.2301803082227707,0.19926267862319946,-0.25025156140327454,-0.10997822880744934,-0.12165945023298264,-0.266661137342453,-0.13107039034366608,0.08285532146692276,-0.2754656970500946,-0.2014014571905136,0.6175177097320557,-0.14364545047283173,-0.26799750328063965,-0.23230747878551483,-0.19277913868427277,-0.2647726535797119,0.09636460989713669,0.03411950543522835,0.34880128502845764,0.41926273703575134,-0.26382648944854736,-0.17821376025676727,-0.11414149403572083,0.03592962399125099,-0.22975997626781464,0.10113449394702911,-0.27710917592048645,-0.27536728978157043,-0.07389198988676071,0.09414384514093399,-0.24760539829730988,-0.2557591497898102,-0.15414978563785553,-0.0553465336561203,0.127762109041214,-0.1452842652797699,-0.11536559462547302,0.08907337486743927,-0.27510619163513184,-0.1914478838443756,0.19033725559711456,0.3845095932483673,-0.23910486698150635,-0.2784024477005005,-0.2451176792383194,-0.2353886067867279,0.16262635588645935,-0.25676053762435913,0.3229140043258667,-0.06598316878080368,0.14133048057556152,0.005948785692453384,0.17979450523853302,-0.2767372131347656,0.06415408849716187,-0.17371250689029694,-0.24176713824272156,-0.17960792779922485,-0.2200702279806137,-0.15979619324207306,-0.26621273159980774,-0.2762835919857025,-0.2540159821510315,0.5580576062202454,-0.2540847361087799,0.20398816466331482,-0.2766188383102417,-0.2784605920314789,-0.13740432262420654,-0.11727976053953171,0.5264034271240234,-0.2699490487575531,0.05689231678843498,-0.17953631281852722,0.19416487216949463,-0.24931661784648895,-0.23113444447517395
3,474,213,497,234,0.03722362220287323,-0.25413116812705994,0.28390535712242126,1.1887755393981934,-0.08646885305643082,-0.2529873549938202,-0.09511735290288925,-0.272676944732666,-0.17697155475616455,-0.2411726713180542,0.661253809928894,-0.26611804962158203,-0.17246732115745544,2.7509331703186035,0.12116771936416626,-0.23716174066066742,-0.10850678384304047,-0.12220524996519089,-0.2777577042579651,0.1494075059890747,-0.20036008954048157,-0.192678302526474,-0.048752911388874054,-0.25300759077072144,0.3561801314353943,1.2883131504058838,0.07320081442594528,-0.2678672671318054,0.1876046061515808,0.2517523467540741,-0.2688961923122406,-0.22129219770431519,-0.19951561093330383,0.06890659034252167,-0.23581171035766602,-0.2631259262561798,0.19097112119197845,-0.1237490251660347,-0.2193196713924408,-0.22464221715927124,-0.26395586133003235,0.167619988322258,0.0717112347483635,0.6679434180259705,-0.05703672766685486,0.13529902696609497,-0.2692106068134308,0.5465048551559448,0.20583583414554596,0.23995685577392578,0.10737576335668564,0.4732554256916046,0.07497957348823547,-0.09254821389913559,-0.20233091711997986,0.011334478855133057,-0.23294168710708618,-0.011844039894640446,1.6123796701431274,-0.2241465449333191,0.028024286031723022,0.6435390114784241,0.1658083200454712,0.06876935809850693,0.6850944757461548,0.33052918314933777,-0.27534615993499756,0.39491596817970276,-0.17516615986824036,0.37452879548072815,0.13136997818946838,-0.2503817677497864,-0.21924571692943573,-0.0143389031291008,-0.004568452946841717,0.2695297300815582,-0.09438915550708771,-0.26721763610839844,-0.1802537888288498,-0.07012779265642166,-0.15387439727783203,-0.2372170388698578,-0.2769848704338074,0.15781784057617188,-0.1397377997636795,-0.11895290017127991,-0.15424369275569916,-0.17941054701805115,-0.0467475987970829,-0.22442901134490967,0.1688356101512909,-0.13388486206531525,-0.11807098239660263,0.32454943656921387,-0.26344993710517883,0.1349361389875412,0.3383004069328308,-0.12947173416614532,0.03815288841724396,0.010317958891391754,1.5884026288986206,-0.09620879590511322,-0.027210887521505356,0.27217763662338257,-0.2571493089199066,0.05206388235092163,-0.20246395468711853,-0.210385262966156,-0.1930425763130188,-0.10040459781885147,-0.21982385218143463,-0.011557072401046753,-0.1674031913280487,0.1673700213432312,0.22311483323574066,-0.2401231825351715,1.087756872177124,-0.17210769653320312,-0.18116545677185059,-0.14556178450584412,0.10795889794826508,0.26552683115005493,-0.22303107380867004,0.29661619663238525,-0.0670812651515007,0.2620922029018402,-0.15081390738487244,-0.10575014352798462
4,612,586,630,603,1.0535234212875366,-0.2756355404853821,-0.1287432760000229,0.8847150206565857,-0.014714405871927738,-0.2775649130344391,-0.04995859041810036,-0.2668198347091675,-0.2683272957801819,-0.27439337968826294,1.4746208190917969,-0.27687549591064453,-0.2758355736732483,1.5057185888290405,-0.16746999323368073,-0.25098738074302673,-0.08031940460205078,-0.18208475410938263,-0.17826245725154877,-0.23558610677719116,-0.2666976749897003,0.12040859460830688,-0.19571128487586975,-0.2756972908973694,-0.22784793376922607,-0.2777198255062103,-0.19224093854427338,-0.22113037109375,0.9831199049949646,-0.03360624238848686,-0.2481560856103897,-0.2306576818227768,-0.08777523785829544,0.5339094996452332,-0.21982575953006744,-0.2754085659980774,-0.26266399025917053,-0.0701148584485054,-0.2617409825325012,-0.26831939816474915,-0.2730032205581665,-0.2369760274887085,-0.26247337460517883,0.05625185742974281,0.13857696950435638,-0.2592012584209442,-0.27153101563453674,0.5640121102333069,0.8787274360656738,0.13008354604244232,0.19869253039360046,-0.07114118337631226,0.3356212377548218,-0.17361602187156677,-0.18051280081272125,-0.22687943279743195,-0.24731363356113434,0.2699066698551178,0.26290228962898254,-0.22609661519527435,0.2103261947631836,1.5657421350479126,-0.25166767835617065,-0.1290329098701477,3.2094171047210693,-0.25764575600624084,-0.20404499769210815,0.402724951505661,-0.25947657227516174,0.8528948426246643,2.0355358123779297,-0.165180042386055,-0.2712179720401764,-0.114597849547863,0.10629665106534958,-0.2745853066444397,0.5495247840881348,-0.2752455770969391,-0.09281797707080841,-0.17557618021965027,-0.16865265369415283,-0.27259373664855957,-0.2783334255218506,-0.12159644067287445,0.09863307327032089,-0.2746630012989044,-0.2725323438644409,-0.15269772708415985,-0.01818952150642872,-0.25219792127609253,-0.1364482194185257,-0.013775339350104332,-0.14804978668689728,-0.2172219157218933,-0.2757319211959839,-0.08804596215486526,-0.27842724323272705,-0.1614576131105423,-0.27832403779029846,0.3844170868396759,-0.05843837186694145,0.33148011565208435,0.18459075689315796,0.8641117215156555,-0.23817069828510284,0.7126303315162659,-0.004662047140300274,-0.2751484513282776,-0.27187779545783997,0.010235919617116451,-0.23959584534168243,-0.2750508487224579,-0.22627662122249603,-0.02714005671441555,0.3190506100654602,-0.26212888956069946,0.6633437275886536,-0.2752543091773987,-0.25586721301078796,0.21940912306308746,-0.06846760958433151,0.07054451107978821,-0.2077338546514511,0.8019270896911621,-0.10938617587089539,-0.12494960427284241,1.000116229057312,-0.24439886212348938
5,159,772,177,789,0.22189326584339142,-0.20608536899089813,0.1698141098022461,1.2423752546310425,-0.1504552811384201,-0.2468096762895584,0.00494258850812912,-0.2381446659564972,-0.2427792251110077,-0.19235098361968994,0.2638098895549774,-0.24794194102287292,-0.016177643090486526,2.392913818359375,1.260013222694397,-0.2042260468006134,-0.2003294825553894,-0.2689153850078583,-0.25721603631973267,-0.08380326628684998,-0.17568692564964294,1.758577823638916,0.13800103962421417,-0.2228538990020752,0.7191982269287109,-0.2217959761619568,0.013631083071231842,-0.258334219455719,0.0867433100938797,0.12321243435144424,-0.147007018327713,-0.2330012023448944,-0.1414511352777481,0.6200416088104248,-0.23506873846054077,-0.22981666028499603,0.2438656985759735,0.12051030993461609,-0.21521206200122833,-0.10036150366067886,-0.27287212014198303,0.1680269092321396,0.31074392795562744,0.2360837310552597,-0.0747569277882576,0.01902373880147934,-0.2007398009300232,0.956395149230957,-0.1350000649690628,-0.04445808380842209,0.26643794775009155,1.0078907012939453,0.17050588130950928,-0.2414555847644806,0.12274914234876633,-0.2526046633720398,-0.2318846434354782,0.21026164293289185,1.8796725273132324,-0.26833492517471313,-0.19494348764419556,0.3954538106918335,-0.18847501277923584,-0.21736747026443481,0.20724983513355255,-0.10225377231836319,-0.2633576989173889,0.03730081766843796,-0.10388020426034927,0.06013472378253937,0.781143307685852,-0.25207793712615967,-0.19110579788684845,-0.0825633853673935,0.6213296055793762,-0.13874779641628265,0.011460274457931519,-0.2526635527610779,0.04518648982048035,-0.09647680073976517,-0.09073354303836823,-0.2746307849884033,-0.27227652072906494,0.0038704052567481995,-0.06330332905054092,-0.03129812330007553,-0.005385056138038635,-0.22787600755691528,0.09585528075695038,-0.25108015537261963,-0.184891939163208,-0.13556931912899017,0.13241331279277802,0.38510602712631226,-0.23096981644630432,0.33515727519989014,0.3032897710800171,-0.005822557955980301,-0.07941550016403198,0.024244852364063263,1.562637448310852,0.12004704773426056,0.006103023886680603,0.04972335696220398,-0.15669994056224823,0.022611863911151886,-0.03472289443016052,-0.20414644479751587,-0.16482171416282654,-0.19993998110294342,-0.16052785515785217,0.005139797925949097,-0.1953568458557129,-0.09613309055566788,0.026681452989578247,-0.22091886401176453,0.19770143926143646,-0.19403818249702454,-0.1111794114112854,0.012001879513263702,0.12270522117614746,0.4705313742160797,-0.23326490819454193,0.10132492333650589,-0.21226733922958374,0.03438730537891388,-0.0961371660232544,0.00884256511926651
6,286,266,308,286,1.054553508758545,-0.24242624640464783,-0.11402148753404617,0.9215589761734009,-0.08106579631567001,-0.27767661213874817,-0.050549909472465515,-0.2574140727519989,-0.2717658281326294,-0.26822012662887573,0.5242190361022949,-0.273959755897522,-0.1775738149881363,0.5963793992996216,0.0050114355981349945,-0.19631555676460266,-0.16316252946853638,-0.26711803674697876,-0.2050611972808838,-0.22998589277267456,-0.13732384145259857,0.06657056510448456,0.3466804027557373,-0.2283255159854889,-0.0681358128786087,-0.12037959694862366,-0.22773805260658264,-0.15853290259838104,0.6556633710861206,0.6502296924591064,-0.27137231826782227,-0.21928828954696655,-0.08674339950084686,0.006769120693206787,-0.2067115604877472,-0.2699916958808899,-0.2547615170478821,-0.0069238245487213135,-0.27009445428848267,-0.18086326122283936,-0.2701782286167145,-0.24638119339942932,-0.15766286849975586,0.003343448042869568,0.10830499231815338,-0.2620251178741455,-0.2707544267177582,0.11854525655508041,0.051681503653526306,0.04932819679379463,0.5279510617256165,0.25916674733161926,0.16817277669906616,-0.22894704341888428,0.11241410672664642,-0.25191953778266907,-0.2570372223854065,0.3378472626209259,0.33134323358535767,-0.225178062915802,-0.06622488796710968,1.1314826011657715,-0.23358827829360962,-0.17239060997962952,1.7215309143066406,-0.21012994647026062,-0.23086148500442505,0.6206108331680298,-0.14885514974594116,1.002842903137207,1.1418559551239014,-0.21601265668869019,0.1613653004169464,-0.09271109849214554,0.046099357306957245,-0.1340051293373108,0.3257896900177002,-0.26772046089172363,-0.22465460002422333,-0.16394607722759247,-0.01049766968935728,-0.2588891386985779,-0.27274757623672485,-0.12917709350585938,0.2531382441520691,0.5446310639381409,-0.0978083461523056,-0.16144287586212158,-0.015591039322316647,-0.21434646844863892,-0.18768063187599182,0.10288366675376892,0.08251269161701202,-0.23043516278266907,-0.27718597650527954,-0.14469346404075623,-0.2374592125415802,-0.17278903722763062,-0.23197762668132782,0.36529210209846497,-0.03997480124235153,0.5934963822364807,-0.002625688910484314,0.7448128461837769,-0.2752155661582947,0.22727197408676147,-0.05108775198459625,-0.19410662353038788,-0.18345212936401367,0.07658864557743073,-0.19711384177207947,-0.2746930718421936,-0.2539336681365967,0.05870535224676132,0.5478223562240601,-0.2520107924938202,0.3633595108985901,-0.27684691548347473,-0.2754712700843811,0.18628627061843872,-0.0999588891863823,0.1003182977437973,-0.23480966687202454,0.49641701579093933,-0.12608417868614197,-0.009390496648848057,0.6624575853347778,-0.21625803411006927
7,482,556,499,573,0.771742582321167,-0.21088860929012299,-0.09217197448015213,0.9495639801025391,-0.12142259627580643,-0.2774311602115631,0.49999022483825684,-0.25953221321105957,-0.2681007385253906,-0.21205350756645203,0.5328588485717773,-0.265426367521286,-0.0545177236199379,0.17250387370586395,0.11111664772033691,-0.18852932751178741,-0.2772565186023712,-0.2364722043275833,-0.2552286684513092,-0.25731900334358215,-0.23688489198684692,0.05835980549454689,0.15294188261032104,-0.1128091961145401,-0.043118853121995926,-0.1724284589290619,-0.18297229707241058,-0.25674283504486084,0.35463201999664307,0.44320303201675415,-0.2534327805042267,-0.2776881754398346,0.014563770964741707,0.20721133053302765,-0.1421981155872345,-0.278266966342926,-0.2630690038204193,-0.046289220452308655,-0.27175718545913696,-0.24291396141052246,-0.2773793935775757,-0.22437861561775208,-0.2775365114212036,-0.08412805199623108,0.562924861907959,-0.2415839284658432,-0.17799112200737,0.39387741684913635,0.13112059235572815,0.03258286789059639,0.22134120762348175,0.034222107380628586,0.504859209060669,-0.20032940804958344,-0.02461989037692547,-0.25104543566703796,-0.27507543563842773,0.2152692824602127,0.20425641536712646,-0.27398690581321716,0.4337995946407318,1.0609493255615234,-0.10917449742555618,-0.17230577766895294,1.0947178602218628,-0.20238132774829865,-0.26755014061927795,0.4398321211338043,0.0032101557590067387,0.5757588148117065,1.4107893705368042,-0.2661111652851105,-0.12704288959503174,0.018115436658263206,0.09288662672042847,-0.2732412815093994,0.21425653994083405,-0.2688928246498108,-0.23420706391334534,-0.24141013622283936,-0.023913854733109474,-0.2784343361854553,-0.2783525288105011,-0.1599663496017456,0.3565671443939209,-0.10040950030088425,-0.24714159965515137,-0.23479053378105164,0.05780687555670738,-0.22418059408664703,-0.22409386932849884,0.17400164902210236,0.10067906230688095,-0.23660004138946533,-0.27673813700675964,-0.13980355858802795,-0.24067817628383636,0.046947795897722244,-0.27846023440361023,0.3820941746234894,0.07871764153242111,0.8340263962745667,-0.0902496725320816,0.7377620339393616,-0.2784297466278076,0.23113243281841278,-0.02108108438551426,-0.27425047755241394,-0.19120143353939056,-0.07095783203840256,-0.1675889939069748,-0.2761914134025574,-0.25775259733200073,-0.13938027620315552,0.5394493937492371,-0.2602955400943756,0.1093972697854042,-0.278013676404953,-0.27603450417518616,0.2010999321937561,-0.08354184776544571,0.48661643266677856,-0.2769051790237427,0.6771498322486877,-0.032485783100128174,0.4672190845012665,0.2632107436656952,-0.21002915501594543
8,423,170,443,189,0.8075414896011353,-0.26034942269325256,0.034155670553445816,0.9348443150520325,-0.08071252703666687,-0.27589455246925354,0.14661884307861328,-0.2531989812850952,-0.27809491753578186,-0.26759156584739685,1.1531161069869995,-0.26389941573143005,-0.08980288356542587,0.642530620098114,1.4960989574319683e-05,-0.2041282206773758,-0.2209077775478363,-0.2782202363014221,-0.2663443088531494,-0.27818551659584045,-0.12649191915988922,-0.11946097761392593,0.22281844913959503,-0.2107204645872116,-0.14207416772842407,-0.22137123346328735,-0.14047880470752716,-0.154108926653862,0.8918672204017639,0.4203779101371765,-0.2760660946369171,-0.20077095925807953,-0.1134394109249115,0.3913467824459076,-0.1764174848794937,-0.27284982800483704,-0.25121068954467773,0.11956427991390228,-0.2784613370895386,-0.15855902433395386,-0.2781224846839905,-0.23694157600402832,-0.2622031271457672,0.5071151256561279,0.16152900457382202,-0.27340880036354065,-0.2695681154727936,0.3139347732067108,0.5488888621330261,0.3787389397621155,0.22348131239414215,-0.09534736722707748,0.6905063986778259,-0.24397586286067963,0.0014148683985695243,-0.25610002875328064,-0.2729257047176361,0.41580817103385925,0.42535334825515747,-0.27195975184440613,0.12673507630825043,1.73335862159729,-0.24856747686862946,-0.03488665446639061,1.5925770998001099,-0.1951591819524765,-0.2772345244884491,0.6535961627960205,-0.20245316624641418,1.002653956413269,1.0215821266174316,-0.23960518836975098,-0.10616403073072433,0.26491114497184753,-0.03789915516972542,-0.19192437827587128,0.15764454007148743,-0.2353420853614807,-0.14120562374591827,-0.2151770144701004,-0.1238611713051796,-0.26723819971084595,-0.27797526121139526,0.12733504176139832,-0.07844763249158859,-0.06409920006990433,-0.20532675087451935,-0.2093251347541809,0.1339995563030243,-0.1549692153930664,-0.25237569212913513,0.019520465284585953,-0.013338022865355015,-0.23710814118385315,-0.26866471767425537,-0.14387142658233643,-0.26764801144599915,-0.06398840248584747,-0.24885964393615723,0.2719249725341797,-0.022797003388404846,0.6413257122039795,0.12415182590484619,1.0068612098693848,-0.2680737376213074,0.6444536447525024,0.22024758160114288,-0.2672843933105469,-0.20974735915660858,0.11687368154525757,-0.2778506577014923,-0.2740928530693054,-0.10247315466403961,-0.1362140029668808,0.6119773387908936,-0.2437831610441208,1.4617745876312256,-0.24372312426567078,-0.24275930225849152,0.07704736292362213,-0.13887009024620056,0.18009686470031738,-0.2715560793876648,0.5616985559463501,-0.03155119717121124,0.1185314953327179,0.2781563103199005,-0.23371979594230652
9,635,620,654,637,0.03344694525003433,-0.27417153120040894,-0.2546159625053406,1.0302659273147583,-0.1536015123128891,-0.263796865940094,-0.05840618163347244,-0.18235009908676147,-0.14863048493862152,-0.25712692737579346,-0.05610644817352295,-0.22207464277744293,0.5959807634353638,-0.071082204580307,-0.1379420906305313,0.027139389887452126,-0.22416603565216064,-0.2522006630897522,-0.16609865427017212,-0.22441066801548004,0.0022936228197067976,0.019354121759533882,0.9208791255950928,0.16370350122451782,0.1653391569852829,-0.19246450066566467,0.27151861786842346,-0.14511807262897491,-0.2707270085811615,0.9599170684814453,-0.2751610279083252,-0.23986515402793884,-0.10996091365814209,0.23359593749046326,-0.2536356747150421,-0.24615387618541718,-0.17805466055870056,-0.127837136387825,-0.2739505171775818,-0.2727207839488983,-0.1261160671710968,-0.2045866847038269,-0.27617889642715454,-0.2428741753101349,0.03424036130309105,-0.24536070227622986,-0.20919449627399445,-0.2671354115009308,0.04459752142429352,0.21212971210479736,1.5990115404129028,0.08014116436243057,0.6407084465026855,-0.1494021862745285,-0.2311447262763977,-0.20625203847885132,-0.27462977170944214,0.747315526008606,0.5351790189743042,-0.2723764479160309,-0.2067224532365799,1.4473334550857544,0.024389659985899925,-0.27063819766044617,-0.023245081305503845,-0.20793238282203674,-0.25779619812965393,0.897672712802887,0.1410069316625595,1.2015783786773682,0.4558677673339844,-0.27522212266921997,-0.016879428178071976,0.03485957533121109,0.08072883635759354,-0.1330270916223526,-0.27773505449295044,-0.22040972113609314,-0.2552531659603119,-0.23320232331752777,-0.0652892217040062,-0.2741802930831909,-0.26493117213249207,-0.13225635886192322,0.27897387742996216,0.10844802111387253,-0.27831149101257324,-0.2519688606262207,0.2741381824016571,0.3200524151325226,-0.2407727837562561,1.5993903875350952,-0.1649945080280304,-0.2746218144893646,-0.2772098481655121,-0.18268108367919922,-0.0398687869310379,0.15654218196868896,-0.25463882088661194,0.2039056122303009,0.03844752907752991,0.8370335698127747,0.01573951728641987,0.5500450134277344,-0.2514561414718628,-0.12295154482126236,0.038041919469833374,-0.14145593345165253,-0.2310604751110077,0.39539697766304016,-0.0842042937874794,-0.2581368386745453,-0.2442028522491455,-0.2767352759838104,0.630873441696167,-0.2581423223018646,-0.026086870580911636,-0.23027510941028595,-0.16413815319538116,-0.10381856560707092,-0.0773092731833458,0.04255568981170654,-0.22559989988803864,0.9914214015007019,-0.0913124829530716,-0.22817344963550568,-0.27805304527282715,-0.21347394585609436
10,534,736,553,754,-0.1841413974761963,-0.2783832252025604,-0.25857922434806824,1.4241212606430054,-0.06266021728515625,0.4609999656677246,-0.26512080430984497,-0.2639611065387726,-0.21504004299640656,-0.24928219616413116,0.31536728143692017,-0.25175243616104126,-0.2770586311817169,0.4088718295097351,-0.14399464428424835,-0.2520442605018616,-0.13243363797664642,-0.027782026678323746,-0.16376714408397675,-0.1725151240825653,-0.27059412002563477,0.7007476687431335,-0.2519828975200653,0.19450466334819794,3.137425184249878,-0.1991536170244217,-0.19124484062194824,-0.2605295181274414,-0.2015528678894043,-0.2781487703323364,-0.13494205474853516,-0.229988232254982,-0.271388977766037,0.2393486201763153,-0.24673470854759216,-0.2770490348339081,0.37378931045532227,-0.04064206779003143,-0.237256720662117,-0.18697002530097961,-0.2778627276420593,0.5845571756362915,1.3099082708358765,-0.04259235039353371,-0.26788264513015747,-0.2725682854652405,-0.27029943466186523,1.1784471273422241,5.342977046966553,0.7293418049812317,1.0071258544921875,-0.27408668398857117,-0.2760668396949768,0.1658727377653122,-0.06166982278227806,-0.1281011998653412,-0.27775248885154724,1.06271231174469,2.0094165802001953,-0.20568646490573883,0.08912000060081482,-0.19631408154964447,-0.06161389872431755,-0.26523643732070923,-0.25219428539276123,-0.2718077301979065,-0.15295162796974182,-0.23572219908237457,-0.2713928520679474,0.11610718071460724,-0.0035738893784582615,-0.27344608306884766,-0.2784595191478729,0.20938889682292938,-0.12069403380155563,-0.1799602210521698,-0.09369148313999176,-0.2286788523197174,-0.2660907506942749,-0.19561123847961426,0.846943736076355,-0.09524402022361755,-0.26386064291000366,-0.23999282717704773,-0.05716225132346153,-0.069758839905262,-0.12965475022792816,-0.17356039583683014,-0.27178165316581726,-0.27671271562576294,-0.27587243914604187,0.8859192728996277,-0.17407391965389252,0.314289391040802,-0.2701268494129181,0.36047643423080444,-0.2758825719356537,-0.2694355547428131,0.1852576583623886,-0.27572235465049744,-0.2190297693014145,-0.27595868706703186,-0.07773923128843307,0.19954141974449158,-0.14103135466575623,0.8629983067512512,-0.21534493565559387,-0.2619504928588867,0.18800154328346252,-0.13695228099822998,-0.23078653216362,-0.09290675818920135,-0.2783847749233246,-0.2623305022716522,-0.27836018800735474,0.03674384951591492,-0.004667464178055525,0.5040174126625061,-0.1512470692396164,-0.05892609804868698,-0.05006333068013191,0.002173298504203558,-0.2762991786003113,1.1332217454910278,-0.06855588406324387,-0.2114241123199463,-0.07420683652162552,-0.17180301249027252
11,663,677,683,695,-0.2614402770996094,-0.2156258523464203,-0.053074296563863754,1.211234450340271,-0.03734550625085831,-0.1893777996301651,-0.252998024225235,-0.26803073287010193,-0.21812237799167633,-0.21294306218624115,1.8744333982467651,-0.21225391328334808,-0.26716935634613037,2.9847493171691895,-0.25762736797332764,-0.20735618472099304,-0.05087561905384064,-0.013364010490477085,0.21142692863941193,-0.2493547946214676,-0.2655041813850403,-0.12550123035907745,-0.2302822321653366,-0.2776544988155365,0.05350461229681969,-0.17788009345531464,-0.09988737106323242,-0.179622620344162,-0.03795476257801056,-0.2626980245113373,-0.1326669156551361,-0.11809342354536057,-0.27034884691238403,0.8650292158126831,-0.2395123690366745,-0.27814990282058716,0.07922100275754929,-0.09059246629476547,-0.17185279726982117,-0.2042219340801239,-0.26588931679725647,0.2961179316043854,0.5388213396072388,0.3359350264072418,-0.2383842021226883,-0.2780546247959137,-0.2539330720901489,0.8746643662452698,4.667332172393799,0.8447266817092896,0.20610778033733368,-0.2749554216861725,-0.22454138100147247,-0.10644762963056564,-0.1951097697019577,-0.24981078505516052,-0.27837780117988586,1.3640507459640503,0.9519259333610535,-0.11120522767305374,0.5793527364730835,1.203201174736023,-0.05912106856703758,2.031708002090454,0.9636432528495789,-0.27382704615592957,-0.2766394019126892,0.8646294474601746,-0.2709103226661682,1.2966209650039673,0.18148250877857208,-0.23216275870800018,-0.27761244773864746,0.7064012885093689,-0.14058776199817657,-0.2612099051475525,-0.27262166142463684,-0.26150980591773987,0.05449480935931206,-0.11495397239923477,-0.24249126017093658,-0.1895509660243988,-0.16427059471607208,-0.2173241823911667,-0.24851322174072266,-0.0794101431965828,-0.1727527379989624,-0.21716439723968506,-0.27362099289894104,-0.23416034877300262,-0.2634473443031311,0.32517698407173157,-0.2306147664785385,-0.1415138989686966,-0.2766452431678772,0.29036837816238403,-0.2743375599384308,-0.26266345381736755,0.7705839276313782,-0.26588085293769836,-0.25448209047317505,-0.16469833254814148,-0.013840884901583195,0.5168447494506836,-0.07100480049848557,1.657570719718933,-0.24012862145900726,-0.2780717611312866,0.0005901358090341091,0.6294704675674438,-0.20159722864627838,-0.2358117699623108,-0.27789929509162903,-0.2676187753677368,-0.26095283031463623,-0.1060655415058136,2.20169997215271,0.3072209060192108,-0.02789359539747238,0.03728681430220604,-0.12346046417951584,-0.09582079946994781,-0.18801289796829224,0.5690125226974487,0.027652742341160774,-0.26187849044799805,-0.2736949324607849,-0.27011406421661377
12,599,653,616,669,-0.10209161043167114,-0.15338213741779327,-0.14306487143039703,1.5858123302459717,-0.13230785727500916,-0.19284607470035553,-0.07702875882387161,-0.20081296563148499,-0.009967360645532608,-0.1505770981311798,-0.24909858405590057,-0.2234838902950287,-0.15299107134342194,5.369612216949463,2.1650166511535645,-0.2747456133365631,-0.07440286874771118,1.8358538150787354,-0.2606112062931061,0.21214348077774048,-0.24750922620296478,1.8773236274719238,-0.2160118818283081,-0.2751539945602417,3.3156745433807373,-0.22547896206378937,2.610773801803589,-0.2626761496067047,-0.25255244970321655,-0.19320246577262878,-0.047071803361177444,0.02429039590060711,-0.21174831688404083,0.5941785573959351,-0.27350854873657227,-0.14516566693782806,0.8469812273979187,-0.0344981849193573,-0.03736066818237305,-0.26031729578971863,-0.23937024176120758,0.37567606568336487,0.6265034675598145,1.1830997467041016,-0.0842774510383606,0.8255947828292847,-0.06265754252672195,0.25144755840301514,-0.2171286940574646,-0.2507474720478058,0.5456396341323853,1.5487306118011475,-0.23082639276981354,0.09072098881006241,-0.2591206431388855,-0.20654593408107758,-0.08428804576396942,-0.2768325209617615,2.282884359359741,-0.2558783292770386,-0.17713025212287903,-0.25789177417755127,0.27460020780563354,-0.16499042510986328,0.9723079204559326,0.30896472930908203,-0.17337945103645325,0.48352524638175964,-0.19128353893756866,-0.23174436390399933,0.8394525051116943,-0.25979548692703247,-0.254210501909256,-0.06677211821079254,0.635029137134552,-0.03989115357398987,-0.025691688060760498,-0.22548092901706696,-0.278380811214447,-0.039170414209365845,-0.2784636318683624,-0.25268274545669556,-0.27046722173690796,-0.2519828677177429,-0.11144967377185822,-0.007513875141739845,-0.018995173275470734,-0.19035130739212036,-0.24149149656295776,-0.18413831293582916,-0.2698836624622345,-0.24014826118946075,-0.012602164410054684,1.2678967714309692,-0.19756150245666504,1.013285756111145,0.9809886813163757,-0.06894733756780624,-0.020166847854852676,-0.2772251069545746,4.915984153747559,-0.0379958301782608,0.5120527744293213,-0.27673426270484924,-0.014155667275190353,-0.12283985316753387,0.4273149371147156,-0.07745026797056198,-0.2737394869327545,-0.2577733099460602,-0.032145969569683075,-0.10499611496925354,-0.09728314727544785,1.7934616804122925,-0.2620753049850464,-0.1539013534784317,-0.19264136254787445,0.5258541107177734,1.1087255477905273,-0.25785499811172485,0.6947625875473022,0.024615004658699036,-0.204218327999115,1.9434527158737183,-0.1493639200925827,-0.21874691545963287,-0.08878643810749054,0.5597207546234131
13,637,558,656,575,0.23617437481880188,-0.2615470290184021,-0.09220843762159348,0.9880998134613037,-0.11809404194355011,-0.2779204249382019,0.010826844722032547,-0.18219733238220215,-0.27260223031044006,-0.2270088791847229,0.5959087610244751,-0.20448508858680725,0.3019063472747803,-0.04837069660425186,-0.0036799684166908264,-0.17841731011867523,-0.24715352058410645,-0.20071521401405334,-0.22210338711738586,-0.23250898718833923,-0.1311967819929123,0.10047934204339981,0.5064356923103333,-0.06747476011514664,0.24164268374443054,-0.21863102912902832,-0.19367918372154236,-0.2744404673576355,0.10696645081043243,0.41077369451522827,-0.08666497468948364,-0.2551136612892151,0.0031430143862962723,0.15663272142410278,-0.21675468981266022,-0.26902419328689575,-0.23568494617938995,0.1331949532032013,-0.2659757137298584,-0.16757236421108246,-0.27259135246276855,-0.17953529953956604,-0.2722546458244324,-0.17196322977542877,0.2813846170902252,-0.18600024282932281,-0.15609249472618103,0.4834260046482086,-0.05497811734676361,0.03412538766860962,0.46674883365631104,-0.21528178453445435,0.43195390701293945,-0.17345550656318665,-0.01331728883087635,-0.1918162703514099,-0.2773546576499939,-0.06236764416098595,0.1482110619544983,-0.2680032551288605,-0.056355640292167664,0.7732073068618774,-0.07417479157447815,-0.2739076018333435,-0.09952821582555771,-0.225574791431427,-0.2586008608341217,0.2265993356704712,0.20526647567749023,0.28967249393463135,0.5898174047470093,-0.26067832112312317,-0.2001381516456604,0.1738496571779251,0.06720872223377228,-0.2640395760536194,0.03959599882364273,-0.27273398637771606,-0.2530854344367981,-0.2005593180656433,-0.01961725577712059,-0.274416983127594,-0.27790796756744385,-0.11881259828805923,0.06775789707899094,-0.1323918104171753,-0.1684475541114807,-0.18797363340854645,0.4927515983581543,-0.15617015957832336,-0.24609485268592834,0.18523645401000977,0.43810001015663147,-0.2638019919395447,-0.27094629406929016,-0.23913326859474182,-0.19700001180171967,0.42923447489738464,-0.24390636384487152,0.205840602517128,0.10024354606866837,0.4463694095611572,-0.00400462606921792,0.4718809127807617,-0.27747100591659546,0.18543359637260437,-0.02702210284769535,-0.25388967990875244,-0.1193745881319046,-0.11468707770109177,-0.11068148910999298,-0.2506626844406128,-0.27484363317489624,-0.19336283206939697,0.4104357063770294,-0.2415350079536438,0.06990884244441986,-0.2767009437084198,-0.26725342869758606,0.04591543599963188,-0.07917726784944534,0.7163708209991455,-0.2746756672859192,0.236233651638031,-0.0780114233493805,0.34844839572906494,-0.163091778755188,-0.19231075048446655
14,563,529,582,547,-0.24869799613952637,-0.2556619346141815,-0.11727149039506912,1.5382051467895508,-0.04383116587996483,0.7152881622314453,-0.277823269367218,-0.26797056198120117,-0.2759682536125183,-0.21010085940361023,-0.06834709644317627,-0.1607631891965866,-0.24001316726207733,0.9969519972801208,0.2262699156999588,-0.2395850270986557,0.382179856300354,-0.1931995302438736,-0.1764247566461563,0.2477562129497528,-0.21565723419189453,3.59919810295105,-0.27795037627220154,0.21332460641860962,3.9048283100128174,-0.25961118936538696,-0.23010708391666412,-0.18094150722026825,-0.12243179231882095,-0.2767268121242523,-0.20963524281978607,-0.27137860655784607,-0.2574387788772583,0.05933151766657829,-0.2634179890155792,-0.21134372055530548,0.6741682887077332,-0.03307163715362549,-0.23255258798599243,-0.25556105375289917,-0.27736586332321167,0.4820946753025055,0.7700097560882568,0.6406500339508057,-0.2740848660469055,-0.23672568798065186,-0.2583681344985962,1.0715715885162354,1.6459689140319824,-0.2013213038444519,2.193701982498169,1.0454976558685303,-0.2775900661945343,-0.17203229665756226,0.5340192914009094,-0.18218666315078735,-0.27059441804885864,1.1437840461730957,3.918732166290283,-0.2692347764968872,-0.22355437278747559,-0.2424841672182083,-0.262118935585022,-0.25628840923309326,-0.23958703875541687,-0.27835842967033386,-0.06556271016597748,-0.2754581868648529,-0.23294450342655182,-0.2005206048488617,0.8144303560256958,-0.2594550848007202,-0.259674608707428,-0.26774370670318604,0.44931408762931824,0.10857798159122467,-0.12984547019004822,-0.1513463854789734,-0.2754313349723816,-0.14711354672908783,2.373784303665161,-0.2707737386226654,-0.277762234210968,-0.20378611981868744,-0.20461617410182953,-0.1943599432706833,-0.27433720231056213,-0.08893883228302002,-0.27798181772232056,-0.2679673135280609,-0.1509351283311844,0.6824380159378052,-0.15167418122291565,0.7370128035545349,-0.26513707637786865,0.4330359995365143,-0.2132197618484497,-0.27812254428863525,-0.11592220515012741,-0.16445371508598328,-0.2742076516151428,-0.20240066945552826,-0.04103025794029236,-0.13848787546157837,-0.23566170036792755,0.7651649117469788,-0.26726800203323364,-0.265521764755249,0.7299227714538574,-0.23380446434020996,-0.25894972681999207,0.16843675076961517,-0.25710251927375793,-0.27844998240470886,-0.2553468942642212,-0.15599066019058228,-0.06454151123762131,-0.25427356362342834,-0.2545926570892334,-0.2662704586982727,0.1339520812034607,-0.1220913752913475,-0.2768467366695404,-0.07989633083343506,-0.23696087300777435,-0.2410457283258438,-0.052725132554769516,0.12819026410579681
15,189,603,208,622,0.6354631185531616,-0.2762433588504791,0.700139582157135,0.9158200621604919,-0.04233095794916153,-0.25251877307891846,-0.04076515883207321,-0.2733601927757263,-0.27768445014953613,-0.230428084731102,2.1070361137390137,-0.24862489104270935,0.06278426945209503,0.17757368087768555,-0.153459832072258,-0.25479280948638916,-0.18810108304023743,-0.25395363569259644,-0.15056952834129333,-0.22347597777843475,-0.24443361163139343,0.20727376639842987,0.5827046632766724,-0.21960270404815674,0.3623773455619812,0.060311153531074524,-0.04356931149959564,-0.003242790699005127,1.2582873106002808,0.33852577209472656,-0.27108410000801086,-0.13487178087234497,-0.06591986864805222,-0.028880709782242775,-0.2609546184539795,-0.24645866453647614,-0.21508517861366272,0.42803359031677246,-0.18771864473819733,-0.0017498359084129333,-0.1730985790491104,-0.19187837839126587,-0.2229313999414444,1.2898166179656982,-0.08780059963464737,-0.2578919529914856,-0.24295198917388916,1.3353115320205688,0.011958204209804535,0.7480148077011108,0.02878640592098236,0.24024838209152222,0.3108268082141876,0.04398852586746216,-0.146205872297287,-0.21718484163284302,-0.25062739849090576,0.0605362206697464,-0.006142891943454742,-0.26659780740737915,-0.1258154958486557,0.5633244514465332,-0.17004598677158356,-0.2708643078804016,0.9887266159057617,-0.23622554540634155,-0.23882175981998444,0.37242063879966736,0.5062255263328552,0.878110408782959,0.8978307843208313,-0.08173676580190659,-0.18656876683235168,-0.006978318095207214,-0.11352799087762833,-0.21436014771461487,-0.042767539620399475,-0.2743297815322876,0.5558754205703735,-0.12545931339263916,-0.04360596835613251,-0.24375131726264954,-0.25820061564445496,0.13792948424816132,0.12888410687446594,0.031175918877124786,-0.21824587881565094,-0.12432174384593964,0.1266542673110962,-0.27630871534347534,-0.1812898963689804,-0.10050605237483978,-0.18830358982086182,-0.24244052171707153,-0.269037127494812,-0.1727578043937683,-0.20821481943130493,0.5050595998764038,-0.25788456201553345,0.32570740580558777,0.09113530069589615,0.39149194955825806,1.9271204471588135,0.5498512387275696,-0.1292479932308197,-0.015169218182563782,0.12476237863302231,-0.2132309377193451,-0.029444321990013123,-0.16518527269363403,-0.2582515478134155,-0.23689894378185272,-0.27793920040130615,0.17155538499355316,0.31713181734085083,-0.2679663598537445,-0.048098959028720856,-0.2547128200531006,-0.1946919560432434,0.026038363575935364,-0.0853283703327179,0.3464483618736267,-0.26604923605918884,0.5143190026283264,-0.1334502249956131,-0.08088645339012146,0.3878077268600464,-0.2444227635860443
16,736,633,756,652,1.8090652227401733,-0.27274101972579956,-0.09109923988580704,0.9222055673599243,-0.008111119270324707,-0.2760351002216339,-0.23896853625774384,-0.2523200809955597,-0.23193682730197906,-0.2696019113063812,1.10657799243927,-0.27372708916664124,-0.2627677023410797,2.4578235149383545,-0.20199823379516602,-0.24666322767734528,-0.0402202382683754,-0.2753000259399414,-0.12890352308750153,-0.184434711933136,-0.2520913779735565,0.40090587735176086,-0.27839410305023193,-0.27285829186439514,-0.2711462676525116,-0.2510947287082672,-0.25145649909973145,-0.16493776440620422,1.4573092460632324,-0.03180450201034546,-0.19620157778263092,-0.21484774351119995,-0.08795780688524246,0.5062103271484375,-0.2559005916118622,-0.26865139603614807,-0.2057783156633377,-0.12969204783439636,-0.2126736044883728,-0.18630367517471313,-0.2780002951622009,-0.20758703351020813,-0.19898581504821777,0.8531239032745361,-0.13474684953689575,-0.2576068937778473,-0.24774858355522156,0.555050790309906,0.3633374869823456,-0.1523304432630539,0.18973608314990997,0.24019210040569305,0.45550569891929626,-0.22261624038219452,-0.1494716852903366,-0.2723780572414398,-0.25632086396217346,0.17531482875347137,0.16688172519207,-0.25061342120170593,-0.12298164516687393,1.570874571800232,-0.276681512594223,0.2608230412006378,4.60213565826416,-0.2757555842399597,-0.1330910623073578,1.0012576580047607,-0.2772913873195648,0.5699796080589294,2.7455568313598633,0.06327430158853531,-0.277906209230423,-0.2770816683769226,-0.008800508454442024,-0.2391699254512787,1.201770305633545,-0.2783242464065552,0.04288123920559883,-0.08727998286485672,-0.15509463846683502,-0.2540493607521057,-0.2778298258781433,-0.2230064868927002,-0.02405364438891411,-0.2206539660692215,-0.21127533912658691,-0.17322605848312378,-0.16921474039554596,-0.274509072303772,-0.10733456909656525,-0.1823243796825409,-0.27451804280281067,-0.25315946340560913,-0.2779534161090851,0.1259026676416397,-0.27352964878082275,-0.27587783336639404,-0.26856330037117004,0.2570446729660034,-0.0038949833251535892,0.26064532995224,0.35612380504608154,1.0290796756744385,-0.26573529839515686,0.5999018549919128,-0.04475560411810875,-0.22927182912826538,-0.27101314067840576,0.08002836257219315,-0.21962133049964905,-0.2777740955352783,-0.22138375043869019,0.4389016330242157,-0.07112502306699753,-0.20571349561214447,0.33466461300849915,-0.2706981301307678,-0.22680361568927765,0.33280667662620544,-0.09981819242238998,-0.13538946211338043,-0.1538752168416977,0.9504441618919373,-0.0746210590004921,-0.22202180325984955,2.1468331813812256,-0.2075573205947876
17,607,694,624,709,-0.25919458270072937,-0.056547511368989944,-0.17722705006599426,1.4885716438293457,-0.03829573839902878,-0.12440569698810577,-0.12851673364639282,-0.21729376912117004,-0.2147344946861267,-0.18575610220432281,0.07509491592645645,-0.10750485956668854,-0.0730472058057785,2.695265054702759,2.057056427001953,-0.2249370515346527,-0.11019046604633331,-0.16106656193733215,-0.15021809935569763,-0.03238442540168762,-0.2633697986602783,4.1053147315979,-0.23955824971199036,2.4817562103271484,-0.19673144817352295,-0.0929812341928482,-0.06321177631616592,-0.2516566514968872,-0.17654018104076385,-0.06414613872766495,-0.1369931846857071,-0.15390664339065552,-0.212168887257576,2.3185200691223145,-0.2344008833169937,0.20258274674415588,1.0782567262649536,-0.00782500859349966,-0.14095811545848846,-0.17287562787532806,-0.24476736783981323,0.6926918625831604,0.16007421910762787,0.1799875795841217,-0.11311172693967819,1.249481201171875,-0.25815147161483765,3.003873825073242,-0.23158320784568787,-0.17053015530109406,0.1485535353422165,1.196728229522705,0.23863300681114197,-0.2529241740703583,1.0128673315048218,-0.10250237584114075,-0.036007605493068695,0.6245752573013306,1.8653407096862793,-0.1657790094614029,-0.19289466738700867,-0.12182751297950745,-0.019070692360401154,-0.06975924223661423,1.3061163425445557,-0.1740463227033615,-0.1402827352285385,-0.20834600925445557,0.28376850485801697,-0.040315695106983185,2.3908324241638184,-0.22898808121681213,-0.1922951191663742,-0.17601019144058228,0.008271977305412292,-0.17961829900741577,-0.17589320242404938,-0.10035310685634613,-0.18465574085712433,-0.06037583947181702,0.12615463137626648,-0.268879234790802,-0.2643578350543976,-0.20436304807662964,1.7239329814910889,-0.06682295352220535,-0.16350814700126648,-0.10040009766817093,-0.16646936535835266,-0.2568908929824829,-0.2320825308561325,0.32754161953926086,-0.15707197785377502,1.0605254173278809,-0.1644405871629715,0.5847972631454468,0.39191731810569763,-0.08995667845010757,-0.0169922336935997,-0.26768821477890015,1.439438819885254,-0.13208633661270142,-0.02216538041830063,-0.20410549640655518,-0.01944296807050705,0.5158068537712097,-0.23049400746822357,-0.13960349559783936,-0.2503421902656555,-0.2210053652524948,1.64997136592865,0.6354391574859619,-0.25145843625068665,-0.058164581656455994,-0.26148730516433716,-0.1831633448600769,-0.0973823294043541,0.3313208222389221,0.00805877149105072,-0.278172105550766,0.4293922483921051,0.6977415084838867,-0.18306806683540344,-0.01758936047554016,0.20484091341495514,-0.21285022795200348,-0.08835671842098236,0.7785401344299316
18,767,642,786,660,-0.20408895611763,-0.19314107298851013,-0.056082580238580704,1.1532297134399414,-0.17322632670402527,-0.20731529593467712,-0.21336635947227478,-0.26508164405822754,0.7783116102218628,-0.1704111099243164,0.047997117042541504,-0.147201806306839,-0.21038268506526947,0.6266642808914185,1.5029531717300415,-0.23577001690864563,-0.048225030303001404,-0.23302385210990906,-0.22799131274223328,-0.014894813299179077,-0.26778754591941833,1.693557858467102,0.7087283134460449,0.07325432449579239,2.2028207778930664,-0.14883966743946075,-0.19895343482494354,-0.24764089286327362,-0.2551746964454651,-0.14361293613910675,-0.1393715739250183,-0.19635623693466187,-0.10953494161367416,2.6537888050079346,-0.2550373673439026,-0.21220161020755768,0.23815017938613892,0.22775818407535553,-0.2355358600616455,-0.2414572834968567,-0.09153184294700623,0.10699136555194855,0.41391557455062866,0.3048344552516937,-0.14483635127544403,0.8005201816558838,-0.15892668068408966,2.5769827365875244,-0.07859588414430618,0.15715950727462769,0.669823944568634,0.9797087907791138,1.5753400325775146,-0.2680094838142395,0.8216317892074585,-0.07830074429512024,-0.025471001863479614,0.4701841473579407,2.5600600242614746,-0.19045625627040863,-0.20989376306533813,0.5859758853912354,-0.15440884232521057,-0.24428468942642212,-0.019263844937086105,-0.26542308926582336,-0.26825958490371704,-0.27221208810806274,0.16485407948493958,-0.11009857058525085,1.6922249794006348,-0.13525719940662384,-0.22797507047653198,0.7150269746780396,0.7728513479232788,-0.09120390564203262,-0.054468367248773575,-0.18952049314975739,-0.1690797358751297,-0.08211378753185272,-0.2780625820159912,-0.2634567320346832,-0.26072850823402405,-0.2555472254753113,0.16652414202690125,-0.11777330935001373,-0.18803277611732483,-0.09239516407251358,0.9847322106361389,-0.261635422706604,-0.22086210548877716,0.541312038898468,0.15013715624809265,0.2952123284339905,-0.25110405683517456,0.44572725892066956,0.024761825799942017,-0.23085114359855652,-0.25197720527648926,-0.08603747189044952,1.785623550415039,-0.1690191924571991,0.015700671821832657,0.10559627413749695,-0.13498547673225403,0.8237149715423584,-0.2576073706150055,-0.17111048102378845,0.12467797100543976,-0.2680514454841614,0.3497530519962311,0.09850989282131195,-0.003794342279434204,-0.173627108335495,0.11312715709209442,-0.14266400039196014,0.6959392428398132,0.11479605734348297,-0.242836594581604,-0.11170365661382675,0.11697080731391907,1.3511161804199219,-0.24368038773536682,0.1204390749335289,-0.274955689907074,0.7950440645217896,-0.16875489056110382,0.02081684023141861
19,646,731,666,749,0.609460711479187,-0.2725285589694977,-0.09812716394662857,0.9465560913085938,-0.0699852854013443,-0.27336636185646057,0.23159252107143402,-0.2476961314678192,-0.26503151655197144,-0.2723921537399292,0.8095590472221375,-0.27827560901641846,-0.05251405015587807,0.6265735030174255,-0.029150206595659256,-0.15653908252716064,-0.24191762506961823,-0.22204306721687317,-0.2643800675868988,-0.2768930196762085,-0.21174083650112152,-0.06881190091371536,0.14402621984481812,-0.18501682579517365,-0.038777127861976624,-0.22623290121555328,-0.15753225982189178,-0.2528793513774872,0.6011409163475037,0.39254769682884216,-0.25927263498306274,-0.21415668725967407,-0.0817965492606163,0.3829510807991028,-0.2137274593114853,-0.27515217661857605,-0.24802042543888092,0.03019067458808422,-0.2784588634967804,-0.2358258217573166,-0.27811458706855774,-0.21599824726581573,-0.2784322202205658,0.022737625986337662,0.319876492023468,-0.24957507848739624,-0.2607361376285553,0.332837849855423,0.45933061838150024,0.14656643569469452,0.5086297988891602,-0.17674002051353455,0.624350905418396,-0.2161613255739212,-0.22086729109287262,-0.2552086412906647,-0.2773455083370209,0.09053231030702591,0.2823481261730194,-0.26632070541381836,0.09223175793886185,1.4459123611450195,-0.20134876668453217,0.014910439029335976,1.3315298557281494,-0.2664009928703308,-0.2778569757938385,0.5015754103660583,-0.13621868193149567,0.8700771331787109,1.199973225593567,-0.19804905354976654,-0.1893777996301651,-0.043726637959480286,0.07504449039697647,-0.2593171298503876,0.21435728669166565,-0.26326313614845276,-0.19992050528526306,-0.21630151569843292,-0.1729917973279953,-0.27713143825531006,-0.27644118666648865,-0.1586860567331314,0.06045285239815712,-0.2116018384695053,-0.24454733729362488,-0.18439500033855438,0.13122080266475677,-0.15904061496257782,-0.22498159110546112,0.13051776587963104,-0.0019337603589519858,-0.24165160953998566,-0.2723221182823181,-0.17595890164375305,-0.2697170376777649,0.11201979964971542,-0.25946900248527527,0.286236435174942,-0.02426285855472088,0.5242643356323242,0.09703583270311356,0.8632262945175171,-0.27746421098709106,0.5699121356010437,0.12816990911960602,-0.267570436000824,-0.2107551395893097,0.20055510103702545,-0.2758858799934387,-0.274330198764801,-0.2389175295829773,-0.12924227118492126,0.4432840645313263,-0.2254200130701065,1.1065540313720703,-0.2685530483722687,-0.23059794306755066,0.053077999502420425,-0.10528425127267838,0.23806247115135193,-0.2607259154319763,0.7921275496482849,-0.0711468756198883,0.09786838293075562,0.2305256873369217,-0.21988138556480408
20,683,622,703,641,0.14228343963623047,-0.2582578957080841,-0.10123080760240555,0.9023692607879639,-0.0704597607254982,-0.26509204506874084,0.058462176471948624,-0.20327617228031158,-0.2714384198188782,-0.27719223499298096,0.8587355613708496,-0.20169119536876678,0.0185459703207016,0.24723370373249054,-0.04473832622170448,-0.21274514496326447,-0.22285574674606323,-0.2553064525127411,-0.21508629620075226,-0.23133833706378937,-0.06006491556763649,-0.13400501012802124,0.40376386046409607,-0.19791525602340698,0.1828237771987915,-0.1753130853176117,-0.19131049513816833,-0.26577097177505493,0.27503353357315063,0.4577144980430603,-0.13036730885505676,-0.19221536815166473,-0.12608563899993896,0.18111388385295868,-0.23719081282615662,-0.23832324147224426,-0.24477893114089966,0.16482201218605042,-0.27498453855514526,-0.18752598762512207,-0.25930649042129517,-0.21055245399475098,-0.22394607961177826,-0.1316285878419876,0.14296036958694458,-0.22950562834739685,-0.2443331629037857,0.4825189709663391,0.3341381549835205,0.47208371758461,0.3022490441799164,-0.251727819442749,0.6282899975776672,-0.24687393009662628,-0.1023678407073021,-0.1867762804031372,-0.2527925670146942,-0.23595702648162842,0.22922156751155853,-0.21292665600776672,-0.12985771894454956,0.8973954916000366,-0.11525210738182068,-0.2660425305366516,0.024413928389549255,-0.26732566952705383,-0.23152804374694824,0.11445242166519165,0.043361861258745193,0.6318784952163696,0.23808607459068298,-0.23720720410346985,-0.18853682279586792,-0.07439003139734268,-0.03288678824901581,-0.22855448722839355,0.06562685966491699,-0.27508240938186646,-0.2579846978187561,-0.1212339699268341,-0.14736108481884003,-0.2625141441822052,-0.27038514614105225,0.12818707525730133,0.12575741112232208,-0.24109697341918945,-0.234273761510849,-0.13994234800338745,0.22965414822101593,-0.22207194566726685,-0.19149640202522278,0.06998276710510254,0.17848943173885345,-0.23288488388061523,-0.26283928751945496,-0.21894292533397675,-0.24520394206047058,0.04214070737361908,-0.19985610246658325,0.24576066434383392,-0.022519627586007118,0.1695612519979477,-0.05126059055328369,0.7210807800292969,-0.2488551139831543,0.052585210651159286,-0.04792602360248566,-0.26020681858062744,-0.15760324895381927,-0.08782671391963959,-0.16663601994514465,-0.2364063262939453,-0.2782876491546631,-0.14897318184375763,0.4867993891239166,-0.23483401536941528,1.502700924873352,-0.21498914062976837,-0.253557950258255,-0.10741299390792847,-0.07641030102968216,0.46778780221939087,-0.27076077461242676,0.5746259093284607,-0.16433969140052795,0.6395052671432495,-0.19265538454055786,-0.22796735167503357
21,662,432,681,449,-0.17146851122379303,-0.2759741544723511,-0.27817502617836,1.4541594982147217,-0.038092244416475296,0.4473724961280823,-0.27845999598503113,-0.27378609776496887,-0.2089226245880127,-0.23495501279830933,0.35381317138671875,-0.27288973331451416,-0.2736033499240875,0.19998730719089508,-0.18980535864830017,-0.2622085511684418,-0.11268134415149689,-0.0170899610966444,-0.21131263673305511,-0.26545238494873047,-0.2693081796169281,0.8001088500022888,-0.20697526633739471,0.4272972047328949,3.077437400817871,-0.1706361323595047,-0.20382992923259735,-0.2614622414112091,-0.17944271862506866,-0.2716047167778015,-0.10969815403223038,-0.2532413601875305,-0.2623356580734253,0.2802931070327759,-0.24648986756801605,-0.27415597438812256,0.4788493514060974,-0.022599395364522934,-0.22044239938259125,-0.162571519613266,-0.2774565517902374,0.702805757522583,1.1932116746902466,-0.11759961396455765,-0.24436123669147491,-0.27641209959983826,-0.25843676924705505,1.25409996509552,5.666854381561279,0.6638431549072266,0.9659466743469238,-0.2781716585159302,-0.2683658003807068,0.22334367036819458,-0.10837777704000473,-0.11968349665403366,-0.2778414189815521,1.226391315460205,2.02268385887146,-0.19375570118427277,-0.12855681777000427,-0.21817773580551147,-0.04815337806940079,-0.2782667577266693,-0.24347326159477234,-0.24852456152439117,-0.23061281442642212,-0.25120532512664795,-0.2719196081161499,0.0482507087290287,0.016183309257030487,-0.2716904878616333,-0.2761923372745514,0.04852524772286415,-0.14249971508979797,-0.20095953345298767,-0.07846808433532715,-0.19667275249958038,-0.27158987522125244,-0.17414718866348267,0.7553490400314331,-0.09020528942346573,-0.25878745317459106,-0.27040985226631165,-0.06909982860088348,-0.052875056862831116,-0.10389245301485062,-0.17906038463115692,-0.24995243549346924,-0.27808094024658203,-0.2749098539352417,0.9727472066879272,-0.13858582079410553,0.4084087014198303,-0.27800020575523376,0.5263673067092896,-0.27773332595825195,-0.24871253967285156,0.11444354802370071,-0.2784051299095154,-0.20868147909641266,-0.2654111683368683,-0.12556421756744385,0.10750357806682587,-0.09788559377193451,0.7526612281799316,-0.2299148291349411,-0.22981101274490356,0.1230531856417656,-0.11446218192577362,-0.22152982652187347,-0.030711643397808075,-0.263406366109848,-0.2769523859024048,-0.27058589458465576,0.08414360135793686,-0.11436418443918228,0.46702808141708374,-0.13544617593288422,-0.08553529530763626,-0.05444909259676933,-0.05251841992139816,-0.26533445715904236,1.1317138671875,-0.05786388739943504,-0.17208391427993774,-0.07690403610467911,-0.14748640358448029
22,202,565,222,584,0.25952985882759094,-0.2540329098701477,0.030920343473553658,0.8417097330093384,-0.03425315022468567,-0.2613013982772827,0.042893990874290466,-0.27580368518829346,-0.2676341235637665,-0.2547950744628906,1.6245710849761963,-0.2744385004043579,-0.1661396026611328,0.8591530323028564,-0.12443742156028748,-0.2102065086364746,-0.1288161426782608,-0.23629704117774963,-0.27464988827705383,-0.23928649723529816,-0.20892073214054108,-0.2694471776485443,0.041558023542165756,-0.24761788547039032,-0.05385351926088333,-0.22607110440731049,-0.17294791340827942,-0.27454060316085815,0.6276953816413879,0.1726941615343094,-0.27829045057296753,-0.11227668076753616,-0.20844563841819763,0.4359676241874695,-0.24433833360671997,-0.26210206747055054,-0.26136741042137146,-0.06718257069587708,-0.25599777698516846,-0.2493426650762558,-0.2690225839614868,-0.2543870806694031,-0.18736492097377777,0.30137327313423157,0.19915640354156494,-0.27845531702041626,-0.25418493151664734,0.4695122539997101,1.0544332265853882,0.7511667609214783,0.2073512077331543,-0.23734502494335175,0.36245638132095337,-0.2766956090927124,-0.1337113231420517,-0.1875413954257965,-0.27453240752220154,-0.022396398708224297,0.5365197658538818,-0.19980598986148834,0.5155442953109741,1.480584740638733,-0.21558783948421478,0.541640043258667,0.8645347356796265,-0.24238158762454987,-0.262254536151886,0.1996326893568039,-0.22358356416225433,1.2119839191436768,0.4320264160633087,-0.22263483703136444,-0.1812228262424469,0.15580758452415466,-0.08756111562252045,-0.25341060757637024,0.01167531032115221,-0.27485400438308716,-0.24515536427497864,-0.10044906288385391,-0.22606931626796722,-0.2754077613353729,-0.27786263823509216,0.039147984236478806,-0.07390204817056656,-0.24235181510448456,-0.26539433002471924,-0.11347660422325134,-0.07643747329711914,-0.2748154103755951,-0.1694510579109192,-0.05276428163051605,-0.20486444234848022,-0.22026357054710388,-0.27347731590270996,-0.1546090543270111,-0.2784286439418793,-0.1957312971353531,-0.14847859740257263,0.24342097342014313,-0.11651639640331268,-0.15186412632465363,0.09504193067550659,0.8382896780967712,-0.23276978731155396,0.3856085538864136,-0.12397858500480652,-0.2493700534105301,-0.19613592326641083,0.17950475215911865,-0.278165340423584,-0.27341586351394653,-0.163540318608284,-0.10620232671499252,0.6044263243675232,-0.2621718943119049,3.009786367416382,-0.19384728372097015,-0.2633450925350189,-0.17426085472106934,-0.1231309249997139,0.16547875106334686,-0.2752388119697571,0.8699861168861389,-0.14115454256534576,0.4507341980934143,-0.15690559148788452,-0.2730570435523987
23,432,407,454,428,0.12244094163179398,-0.24202117323875427,-0.07733272761106491,1.0079494714736938,-0.02948790229856968,-0.2742882966995239,-0.27583831548690796,-0.22206461429595947,-0.26711586117744446,-0.23202943801879883,1.208799958229065,-0.27729350328445435,-0.18518438935279846,4.152534484863281,0.32220378518104553,-0.27566027641296387,-0.042772382497787476,-0.25243762135505676,-0.27575919032096863,-0.23405736684799194,-0.23571208119392395,1.392163634300232,-0.19221670925617218,-0.24982905387878418,-0.24264442920684814,-0.2756078839302063,-0.21372629702091217,-0.25983816385269165,0.9303914904594421,-0.2374154031276703,-0.21376939117908478,-0.2738141715526581,-0.27792054414749146,0.0783272236585617,-0.25404196977615356,-0.2582758963108063,-0.22401325404644012,-0.2745002210140228,-0.09655885398387909,-0.246381476521492,-0.21765322983264923,-0.17538480460643768,-0.2767283320426941,0.035931993275880814,-0.20793244242668152,-0.12219980359077454,-0.20077161490917206,0.6451428532600403,0.48275265097618103,-0.20821207761764526,-0.01341222319751978,1.6437137126922607,0.0010717498371377587,-0.18246503174304962,-0.22479820251464844,-0.1998421847820282,-0.2709857225418091,0.308423787355423,0.5017206072807312,-0.24808438122272491,-0.27809417247772217,0.3187132179737091,-0.2728266716003418,0.056152451783418655,4.2629547119140625,-0.24351949989795685,-0.11098915338516235,1.2563420534133911,-0.2422347366809845,-0.04603493586182594,1.4134209156036377,-0.2163248062133789,-0.2724613845348358,-0.2755739986896515,0.2967858910560608,-0.27846404910087585,0.3606186509132385,-0.20470675826072693,0.30152687430381775,-0.09476175159215927,0.3270210325717926,-0.2532872259616852,-0.275908499956131,0.383135050535202,0.07820593565702438,-0.21898089349269867,-0.26175206899642944,-0.16562925279140472,-0.2525406777858734,-0.2564050853252411,-0.22462114691734314,0.01181836798787117,-0.2729169726371765,-0.27654173970222473,-0.17777161300182343,-0.08036279678344727,-0.21911031007766724,-0.2177637219429016,-0.25829869508743286,0.23165220022201538,-0.07098373770713806,-0.16750137507915497,-0.02568262815475464,0.44586917757987976,-0.20090700685977936,0.38877174258232117,-0.08526615053415298,0.21296389400959015,-0.2354734241962433,-0.24997957050800323,-0.15530386567115784,-0.27777695655822754,-0.16621164977550507,0.31896114349365234,-0.16274897754192352,-0.27805083990097046,-0.23621201515197754,-0.2750018835067749,-0.23666074872016907,0.5917872786521912,0.10166022181510925,-0.06255489587783813,-0.24544201791286469,0.4627618193626404,-0.20171916484832764,-0.24624928832054138,0.6113365292549133,-0.1935919225215912
24,542,705,562,723,0.07801563292741776,-0.23493504524230957,0.030310194939374924,1.1985994577407837,-0.12274013459682465,-0.2107086032629013,-0.10069811344146729,-0.227534219622612,-0.25303369760513306,-0.15304890275001526,0.27815404534339905,-0.22282332181930542,0.009371757507324219,0.47388312220573425,1.6906161308288574,-0.20119334757328033,-0.2457912117242813,-0.2676037549972534,-0.2716480493545532,-0.12474064528942108,-0.2103654444217682,1.250382661819458,0.17482054233551025,-0.1231483668088913,2.51786208152771,-0.1823895126581192,0.02985791489481926,-0.26732808351516724,0.04129217565059662,0.22986188530921936,-0.11956752091646194,-0.1552327275276184,-0.15070375800132751,0.4991927444934845,-0.24480290710926056,-0.22801485657691956,0.2619174122810364,0.0968959704041481,-0.2730993628501892,-0.1588582843542099,-0.2756635546684265,0.16219857335090637,0.626475989818573,0.6790796518325806,0.24993939697742462,-0.16961613297462463,-0.18804262578487396,0.9123822450637817,-0.11570373922586441,0.01325497031211853,1.1632832288742065,0.9065619707107544,0.04312771558761597,-0.22175219655036926,0.517421305179596,-0.17036926746368408,-0.019329160451889038,0.32443177700042725,2.133742094039917,-0.2458868771791458,-0.21458350121974945,0.324540376663208,-0.23172032833099365,-0.24483899772167206,0.007731162011623383,-0.18164603412151337,-0.21618592739105225,-0.010884806513786316,-0.11397665739059448,0.21756020188331604,0.6330279111862183,0.054496705532073975,-0.18290242552757263,-0.03447289019823074,0.8228212594985962,0.04638861119747162,0.14258982241153717,-0.20371073484420776,-0.13456089794635773,-0.1318296641111374,-0.14651022851467133,-0.26278480887413025,-0.25958895683288574,-0.10056232661008835,-0.1038699820637703,0.008465327322483063,-0.12801748514175415,-0.19482126832008362,0.08586560189723969,-0.23550757765769958,-0.2646239399909973,-0.0965614765882492,0.17485085129737854,0.3449034094810486,-0.23598992824554443,0.6074725985527039,0.1251387745141983,-0.03602021932601929,-0.23508575558662415,-0.005219504237174988,2.489854335784912,0.10180889070034027,0.11460960656404495,0.2378678321838379,-0.13765086233615875,-0.13637201488018036,-0.04015640169382095,-0.15837380290031433,0.013089844956994057,-0.19348347187042236,-0.1500525027513504,0.1607346087694168,-0.2566608190536499,-0.05337657779455185,0.04133415222167969,-0.10426950454711914,0.2071995735168457,-0.26056838035583496,-0.22864609956741333,-0.0879162922501564,0.14406950771808624,0.43442898988723755,-0.21410062909126282,0.15467889606952667,-0.188197523355484,0.20056496560573578,-0.051102690398693085,0.06600704789161682
25,304,385,324,404,-0.18910273909568787,-0.20626948773860931,-0.27508050203323364,1.439478874206543,-0.07068668305873871,-0.21342800557613373,-0.25797978043556213,-0.23893558979034424,-0.13403522968292236,-0.06957854330539703,0.131415456533432,-0.18498097360134125,-0.2757115066051483,0.9030365943908691,2.2454311847686768,-0.21137197315692902,0.24151843786239624,-0.26137828826904297,-0.1984061747789383,0.378735214471817,-0.27790549397468567,3.540283203125,-0.25683730840682983,0.36336320638656616,5.3911051750183105,-0.27496135234832764,0.15663275122642517,-0.2379317283630371,-0.17024078965187073,-0.17112506926059723,-0.09087064117193222,-0.1254805028438568,-0.25878027081489563,1.0382157564163208,-0.2704436779022217,-0.2697029709815979,0.6355059742927551,-0.01273669395595789,-0.07894078642129898,-0.2746739089488983,-0.24644893407821655,0.3259746730327606,0.5110008120536804,2.0666756629943848,-0.27798622846603394,-0.17214195430278778,-0.22029460966587067,0.6545700430870056,-0.27730828523635864,-0.20126470923423767,1.9829707145690918,2.07523512840271,-0.24464136362075806,-0.22238360345363617,-0.0004861713096033782,-0.108042411506176,-0.10065922886133194,1.771388053894043,3.6806788444519043,-0.1648096889257431,-0.2777222692966461,-0.25000467896461487,-0.23800714313983917,-0.2102806121110916,-0.2381661981344223,-0.1591823250055313,-0.2783384919166565,0.06104711815714836,-0.2469199150800705,-0.1641833484172821,1.5899122953414917,-0.18106481432914734,-0.21241673827171326,-0.2260996401309967,1.2847250699996948,0.20497694611549377,-0.023501068353652954,-0.14420680701732635,-0.2784031927585602,-0.03462102636694908,-0.23694588243961334,-0.21579821407794952,-0.26639193296432495,-0.1417257934808731,-0.2402818351984024,-0.04453599080443382,-0.13378460705280304,-0.2128574550151825,-0.27275413274765015,-0.25538671016693115,-0.27844247221946716,-0.24002797901630402,-0.012541086412966251,0.7464153170585632,-0.20046238601207733,1.3412561416625977,0.25914761424064636,-0.1972040981054306,-0.2722845673561096,-0.25262147188186646,2.842327833175659,-0.10335635393857956,0.6990532875061035,-0.2622644603252411,-0.04137733206152916,-0.26816967129707336,-0.2413746863603592,-0.0852307379245758,0.2659640312194824,-0.2741672098636627,-0.12732325494289398,0.32178616523742676,-0.22562824189662933,-0.24926646053791046,-0.25353795289993286,-0.03978924825787544,-0.1267220824956894,-0.19695447385311127,-0.11806777864694595,-0.2182401716709137,0.21554838120937347,0.04304478317499161,-0.1986798495054245,0.7595271468162537,-0.21461409330368042,-0.22454245388507843,-0.05068477988243103,0.2553163468837738
26,252,500,272,519,0.11779170483350754,-0.2194080650806427,0.3069848418235779,1.2523919343948364,-0.20267342031002045,-0.25225067138671875,-0.03283245861530304,-0.25564509630203247,-0.18812178075313568,-0.20240077376365662,0.41270366311073303,-0.2670825123786926,-0.046445589512586594,2.318192481994629,0.7477881908416748,-0.23795005679130554,-0.20222781598567963,-0.10086844116449356,-0.2775973081588745,0.11947609484195709,-0.18443697690963745,0.27062085270881653,0.1710486114025116,-0.25051188468933105,0.983703076839447,0.2963626980781555,0.24354784190654755,-0.256044864654541,0.23321577906608582,0.0910034030675888,-0.15871918201446533,-0.2099776566028595,-0.1929401159286499,0.18656882643699646,-0.22355984151363373,-0.27198970317840576,0.30475011467933655,0.045200563967227936,-0.1999174952507019,-0.18449527025222778,-0.2759815752506256,0.22118119895458221,0.3602173924446106,0.5456783175468445,0.0844111368060112,0.058061450719833374,-0.22170260548591614,0.6941876411437988,0.027191445231437683,0.18264156579971313,0.20506393909454346,0.564620316028595,0.2196899801492691,-0.14988958835601807,-0.01921798661351204,-0.26308882236480713,-0.20631980895996094,-0.0691646859049797,1.8152520656585693,-0.26310715079307556,-0.18772289156913757,0.5345994830131531,-0.03868362307548523,-0.18204981088638306,0.1579035520553589,0.08134710788726807,-0.24402227997779846,0.1034490168094635,-0.11404760926961899,0.38701388239860535,0.22098103165626526,-0.2553046941757202,-0.19449728727340698,-0.05363919585943222,0.1952584683895111,0.19335252046585083,0.12052104622125626,-0.24746094644069672,-0.11174601316452026,-0.1386522650718689,-0.220594123005867,-0.2734746038913727,-0.277361661195755,0.1382073611021042,-0.13332873582839966,0.04784931242465973,-0.1418725997209549,-0.2289363443851471,-0.007642507553100586,-0.19197282195091248,-0.06918156147003174,-0.1626286506652832,0.08337323367595673,0.4212043285369873,-0.2405538260936737,0.33648473024368286,0.4409486949443817,-0.07769893109798431,0.004806265234947205,-0.0033637583255767822,2.2445433139801025,0.15256880223751068,-0.032140761613845825,0.3335879445075989,-0.15759284794330597,-0.07408913969993591,-0.028475478291511536,-0.1870182454586029,-0.014648450538516045,-0.16560477018356323,-0.16636249423027039,-0.00971706211566925,-0.16404597461223602,0.10886695981025696,0.17418663203716278,-0.20699360966682434,0.73050457239151,-0.19739846885204315,-0.1479320377111435,-0.14962467551231384,0.18497847020626068,0.4252283573150635,-0.21745513379573822,0.1564996838569641,-0.11129142343997955,0.2696601450443268,0.005414646118879318,0.005045630037784576
27,303,165,321,181,0.14247249066829681,-0.19230395555496216,0.10128283500671387,1.225987195968628,-0.14834079146385193,-0.26835471391677856,-0.015440775081515312,-0.23092100024223328,-0.24479034543037415,-0.21341830492019653,0.27337703108787537,-0.2303762286901474,0.03608100488781929,2.579503059387207,1.0406346321105957,-0.22219708561897278,-0.12881620228290558,-0.2243397980928421,-0.26364532113075256,-0.1977047324180603,-0.1351284235715866,1.7736597061157227,0.19966167211532593,-0.220662921667099,0.35794422030448914,-0.2179056704044342,-0.07732992619276047,-0.27024710178375244,0.06479554623365402,0.20155543088912964,-0.1268666684627533,-0.24526847898960114,-0.1419687718153,0.5894056558609009,-0.23524147272109985,-0.22600862383842468,0.22683587670326233,0.04623287916183472,-0.19963356852531433,-0.1557733118534088,-0.26712992787361145,0.12239920347929001,0.23454833030700684,0.43682101368904114,-0.06709279119968414,-0.035763584077358246,-0.16326475143432617,0.8740625381469727,-0.13608963787555695,-0.01844409853219986,0.33336856961250305,1.2100872993469238,0.2450939416885376,-0.25390011072158813,0.1735500991344452,-0.2560442090034485,-0.23463337123394012,0.1389949470758438,1.639670968055725,-0.24946898221969604,-0.19083553552627563,0.2975981831550598,-0.22967687249183655,-0.18922066688537598,0.6199979186058044,0.006437566131353378,-0.2162732183933258,0.17910480499267578,-0.12002546340227127,0.10256370902061462,0.7457915544509888,-0.23320573568344116,-0.180744931101799,-0.10341285169124603,0.4863032102584839,-0.12673154473304749,-0.0524805411696434,-0.23312771320343018,0.08517444878816605,-0.12264543026685715,0.016611319035291672,-0.26894718408584595,-0.27336639165878296,-0.01026171538978815,-0.08170798420906067,0.1147407665848732,-0.06677787005901337,-0.21539916098117828,0.02662871778011322,-0.2293694168329239,-0.2192443609237671,-0.08085961639881134,0.10435424745082855,0.3052334785461426,-0.23321184515953064,0.29595157504081726,0.1309913694858551,-0.03321390971541405,-0.059369008988142014,0.005978085100650787,1.078499436378479,0.14687597751617432,-0.006299357861280441,0.15482845902442932,-0.15852391719818115,0.05389227345585823,0.050970423966646194,-0.24406275153160095,-0.17290207743644714,-0.19682054221630096,-0.15996354818344116,-0.013838700950145721,-0.18592262268066406,-0.05080395191907883,0.06111888587474823,-0.24680301547050476,0.17802156507968903,-0.2054847776889801,-0.09365398436784744,0.020599443465471268,0.08722661435604095,0.27872321009635925,-0.2367297112941742,0.06701355427503586,-0.19678565859794617,0.09213188290596008,-0.05850326269865036,-0.003772042691707611
28,646,347,666,366,0.8007916808128357,-0.25219520926475525,0.050319794565439224,0.9396193623542786,-0.08277431130409241,-0.2784292995929718,0.38558241724967957,-0.2547248601913452,-0.27807334065437317,-0.2704939544200897,1.0633946657180786,-0.24483530223369598,-0.07791667431592941,0.6110320091247559,-0.010551556944847107,-0.2054995596408844,-0.22735734283924103,-0.2367158830165863,-0.2726808190345764,-0.26386961340904236,-0.2040976881980896,-0.08395896106958389,0.20054973661899567,-0.18799585103988647,-0.12945406138896942,-0.2227327972650528,-0.15934830904006958,-0.2455562800168991,1.0123674869537354,0.4216639995574951,-0.27530351281166077,-0.20969395339488983,-0.06385079771280289,0.4695171117782593,-0.16538214683532715,-0.2684837281703949,-0.25477245450019836,0.12162726372480392,-0.2681180536746979,-0.20977936685085297,-0.2781626284122467,-0.22463954985141754,-0.27548882365226746,0.38254085183143616,0.391958087682724,-0.2658941149711609,-0.24452127516269684,0.4625152349472046,0.6197447776794434,0.42130330204963684,0.29839375615119934,-0.1361553966999054,0.7078427672386169,-0.20616085827350616,-0.0456664115190506,-0.2498384714126587,-0.27843451499938965,0.3681167662143707,0.3214150667190552,-0.2752496004104614,0.40255987644195557,1.5538804531097412,-0.19240479171276093,0.09544622898101807,1.525026559829712,-0.25675487518310547,-0.2774311900138855,0.46685078740119934,-0.11106511950492859,1.0737522840499878,1.177709698677063,-0.21902403235435486,-0.15328384935855865,0.2856084704399109,-0.0066802590154111385,-0.25880467891693115,0.413290798664093,-0.22407811880111694,-0.10193391144275665,-0.23383334279060364,-0.17256927490234375,-0.26653656363487244,-0.2782919406890869,0.024465521797537804,0.012590277940034866,-0.20088057219982147,-0.23017103970050812,-0.1857749968767166,0.20217056572437286,-0.16724920272827148,-0.25149184465408325,0.08200466632843018,0.0939270630478859,-0.24087576568126678,-0.2544252872467041,-0.1729307770729065,-0.2702154815196991,-0.006176766473799944,-0.25986313819885254,0.2714289724826813,0.0031223183032125235,0.47837015986442566,0.16215278208255768,0.9631046652793884,-0.2701837122440338,0.7804118394851685,0.11798029392957687,-0.27235686779022217,-0.20865388214588165,0.09198977798223495,-0.2637247145175934,-0.2763459384441376,-0.036781977862119675,-0.08629853278398514,0.5520101189613342,-0.2382202297449112,1.3252758979797363,-0.24658916890621185,-0.2394459843635559,0.17787010967731476,-0.1322886049747467,0.3331705927848816,-0.27013394236564636,0.7452087998390198,-0.016299182549118996,0.2329433262348175,0.45087528228759766,-0.23381558060646057
29,570,623,587,640,0.05995466560125351,-0.2212899923324585,-0.10026605427265167,0.8652145266532898,-0.06477545201778412,-0.2607443332672119,0.08834315836429596,-0.2200658917427063,-0.26388341188430786,-0.2368830442428589,1.0367950201034546,-0.18656955659389496,-0.062452930957078934,0.031008992344141006,-0.0455596037209034,-0.224433034658432,-0.1760966032743454,-0.2224205732345581,-0.04189979285001755,-0.21803909540176392,-0.026801515370607376,-0.10454151779413223,0.3201293647289276,-0.11929474771022797,0.5606168508529663,-0.19749385118484497,-0.20151503384113312,-0.25578296184539795,0.13004621863365173,0.29428723454475403,-0.17396236956119537,-0.16550293564796448,-0.19102662801742554,0.2991907298564911,-0.2569362223148346,-0.23550069332122803,-0.26436686515808105,-0.039532989263534546,-0.2724626660346985,-0.21117618680000305,-0.2579526901245117,-0.2489747405052185,-0.01575026661157608,-0.16361743211746216,0.30480512976646423,-0.2582204341888428,-0.21412992477416992,0.41241326928138733,0.858324408531189,0.8897932767868042,0.20571938157081604,-0.2565643787384033,0.20582593977451324,-0.24972620606422424,-0.10046213865280151,-0.1288662850856781,-0.23994937539100647,-0.20551368594169617,0.3257794678211212,-0.17156536877155304,0.3472698926925659,0.7178751230239868,-0.13264410197734833,-0.20999443531036377,-0.18803957104682922,-0.21836525201797485,-0.1315598487854004,-0.022198066115379333,0.0005175922997295856,0.9617214202880859,0.1452168971300125,-0.19560451805591583,-0.14788150787353516,-0.1802579164505005,-0.031467437744140625,-0.22251097857952118,-0.09776265174150467,-0.25844210386276245,-0.2737364172935486,-0.08867153525352478,-0.09994415938854218,-0.26501232385635376,-0.25549548864364624,0.20839735865592957,0.10709115862846375,-0.05216895788908005,-0.17286983132362366,-0.08640331774950027,-0.030062682926654816,-0.23378613591194153,-0.1684204787015915,0.21054436266422272,0.06048552691936493,-0.21328648924827576,-0.25620973110198975,-0.18028020858764648,-0.2510364055633545,-0.1362960785627365,-0.1817207634449005,0.2894253134727478,-0.16227714717388153,-0.002922236919403076,-0.07582131773233414,0.7121853232383728,-0.2170298993587494,0.022998830303549767,-0.15201620757579803,-0.22414813935756683,-0.15782198309898376,-0.133451908826828,-0.21605069935321808,-0.267561137676239,-0.2680013179779053,-0.2008960247039795,0.779292106628418,-0.2607509195804596,2.3036932945251465,0.029399380087852478,-0.27701646089553833,-0.1459164023399353,-0.07355114817619324,0.36727315187454224,-0.2729211747646332,0.7657222747802734,-0.19122475385665894,0.6518778800964355,-0.254591703414917,-0.2475888878107071
30,263,231,282,248,-0.15615077316761017,-0.20426252484321594,-0.15065176784992218,1.256438136100769,-0.022335529327392578,-0.16514477133750916,-0.17936360836029053,-0.2549844980239868,-0.17100632190704346,-0.20704157650470734,2.19846510887146,-0.2446855902671814,-0.20490531623363495,3.164985418319702,-0.2340105175971985,-0.1771448254585266,-0.014660656452178955,-0.011858778074383736,-0.2535962462425232,-0.23844438791275024,-0.268018513917923,-0.003011793829500675,-0.1486044079065323,-0.27054035663604736,-0.24864859879016876,-0.18217812478542328,-0.1814807653427124,-0.17933733761310577,0.5051205158233643,-0.2587217390537262,-0.09040405601263046,-0.1266045719385147,-0.2739245891571045,1.0024020671844482,-0.2211078405380249,-0.2756689190864563,0.24383234977722168,-0.06715592741966248,-0.19869668781757355,-0.2516763210296631,-0.27598705887794495,0.33800628781318665,0.2912903428077698,0.7534853219985962,-0.24915458261966705,-0.2755102515220642,-0.2535204291343689,0.7382566332817078,4.277984619140625,0.6264446973800659,0.059949841350317,-0.27832967042922974,-0.18400251865386963,-0.08056928962469101,-0.08144865930080414,-0.26903659105300903,-0.22317583858966827,2.764885187149048,0.6766987442970276,-0.10072082281112671,0.36828580498695374,2.08447527885437,-0.0839000791311264,2.879592180252075,2.695171356201172,-0.2758314907550812,-0.2253391444683075,1.7289844751358032,-0.26247599720954895,1.632319688796997,0.722655177116394,-0.27231520414352417,-0.2611939311027527,0.7069457173347473,-0.1914069950580597,-0.22989559173583984,-0.13682964444160461,-0.2708279490470886,0.44565221667289734,-0.03795641288161278,-0.2783666253089905,-0.2327386736869812,-0.196833074092865,-0.27390486001968384,-0.2765611410140991,-0.05247160792350769,-0.13946881890296936,-0.1662190705537796,-0.2686384320259094,-0.23092719912528992,-0.2377968281507492,0.35163745284080505,-0.21780236065387726,-0.09284057468175888,-0.2777482271194458,0.5651204586029053,-0.2703706920146942,-0.22045782208442688,0.6193861961364746,-0.2774936258792877,-0.27689626812934875,-0.19051803648471832,0.15572212636470795,0.7820910215377808,-0.04371648281812668,2.426910161972046,-0.23741185665130615,-0.18841686844825745,-0.26924628019332886,0.6697153449058533,-0.18315990269184113,-0.2143803834915161,-0.16741611063480377,-0.27508002519607544,-0.2719774842262268,-0.003056958317756653,2.1335299015045166,0.23734867572784424,0.056941449642181396,0.18945986032485962,-0.13353830575942993,-0.19864924252033234,-0.1349799782037735,0.2207173854112625,0.3137977421283722,-0.2247580736875534,-0.02650877647101879,-0.2686983346939087
31,566,688,584,705,-0.20711968839168549,-0.2783817946910858,-0.27514150738716125,1.5429439544677734,-0.04089551046490669,0.6444559693336487,-0.2645883560180664,-0.262386292219162,-0.22279763221740723,-0.25554370880126953,0.07127226144075394,-0.2781630754470825,-0.25445494055747986,0.0745251253247261,-0.13583898544311523,-0.26638221740722656,-0.09101874381303787,-0.043827664107084274,-0.2551262080669403,-0.12527573108673096,-0.2255767434835434,1.9072468280792236,-0.21752862632274628,0.7116293907165527,3.5317530632019043,-0.2030155211687088,-0.27168917655944824,-0.277306467294693,-0.1358145773410797,-0.27433377504348755,-0.13292646408081055,-0.2774614095687866,-0.2653420865535736,0.022327492013573647,-0.2476593255996704,-0.2685396671295166,0.6383241415023804,-0.02652524970471859,-0.2230156511068344,-0.22312374413013458,-0.2781662940979004,0.7499616146087646,1.2138001918792725,-0.12346336245536804,-0.24036070704460144,-0.2672403156757355,-0.26486653089523315,1.0176175832748413,4.802043437957764,-0.03106698952615261,1.4337471723556519,-0.18765005469322205,-0.2524586021900177,0.3168202042579651,0.008528443984687328,-0.1519099324941635,-0.27708685398101807,1.2646878957748413,2.3821637630462646,-0.2512655556201935,-0.27443477511405945,-0.2765682637691498,-0.13454674184322357,-0.21289101243019104,-0.24152883887290955,-0.2618109881877899,-0.27845969796180725,-0.2631085216999054,-0.27787891030311584,-0.23998279869556427,0.17557580769062042,-0.2682228088378906,-0.2784644663333893,-0.18251903355121613,-0.12570054829120636,-0.00985542219132185,-0.06766264140605927,-0.1576591283082962,-0.2709645628929138,-0.14837196469306946,1.5736169815063477,-0.11374623328447342,-0.2728573679924011,-0.2451600283384323,-0.04669051244854927,-0.08834002912044525,-0.11504701524972916,-0.16406549513339996,-0.2623308002948761,-0.27271899580955505,-0.2783640921115875,1.2721054553985596,-0.14468687772750854,0.634624183177948,-0.2768160402774811,0.5524040460586548,-0.25945064425468445,-0.22393465042114258,-0.0384233258664608,-0.2742159962654114,-0.2362738400697708,-0.2773721516132355,-0.15006425976753235,-0.034831754863262177,-0.1213688850402832,0.7251248359680176,-0.24250152707099915,-0.22117644548416138,-0.020968586206436157,-0.22000354528427124,-0.21856246888637543,0.04672980681061745,-0.25113847851753235,-0.27816155552864075,-0.2558836340904236,0.0023485186975449324,-0.24129556119441986,0.03690581023693085,-0.2105204463005066,-0.1254367232322693,0.030524378642439842,-0.12404132634401321,-0.2648423910140991,0.7027426362037659,-0.037913091480731964,-0.15869587659835815,-0.07006990164518356,-0.034833166748285294
32,589,644,605,659,-0.11622843891382217,-0.2757490277290344,-0.1577267199754715,0.9600180387496948,-0.06606969237327576,-0.27245384454727173,0.15252846479415894,-0.2774927020072937,-0.14129334688186646,-0.23583583533763885,2.296419858932495,-0.2781834900379181,1.047304630279541,0.3104255795478821,-0.2529515326023102,-0.18770578503608704,-0.27823808789253235,-0.2712170481681824,-0.16440540552139282,-0.2778717279434204,0.06613259762525558,0.2959059178829193,0.8265751004219055,-0.19092994928359985,1.487566351890564,-0.0007483565714210272,1.0690743923187256,-0.024670863524079323,0.1987675279378891,0.5147488713264465,-0.2199396938085556,-0.15980961918830872,-0.08680108934640884,-0.10579319298267365,-0.2781272828578949,-0.20277169346809387,-0.2001975178718567,0.0109493313357234,-0.0867377519607544,-0.16424274444580078,-0.12804721295833588,-0.21765586733818054,-0.2758750915527344,1.9186222553253174,-0.2674005329608917,-0.27817073464393616,-0.24368447065353394,0.08554206043481827,-0.10273804515600204,1.4954774379730225,0.16610769927501678,0.4646696448326111,0.46310460567474365,-0.00753120006993413,-0.16399294137954712,-0.19059264659881592,-0.2672986686229706,0.9457152485847473,0.09722200781106949,-0.24855822324752808,-0.051413699984550476,0.30390042066574097,0.23714014887809753,-0.20579154789447784,0.13818098604679108,0.19517114758491516,-0.27822208404541016,2.377749443054199,0.2334725260734558,1.5171844959259033,0.03582509234547615,-0.19656725227832794,-0.2494235783815384,0.3110422194004059,-0.22453972697257996,-0.15544724464416504,-0.13126282393932343,-0.2781340479850769,-0.08328548073768616,-0.08602697402238846,-0.1398489773273468,-0.2630614638328552,-0.2442806363105774,1.0877485275268555,-0.1539536863565445,-0.12715616822242737,-0.1325857937335968,-0.21579183638095856,0.17396029829978943,-0.2748093605041504,-0.24005669355392456,0.3956283628940582,-0.23456425964832306,-0.2782135605812073,-0.2324444055557251,-0.11401558667421341,-0.09291557222604752,0.8491635322570801,-0.22455358505249023,0.07306451350450516,0.1560763120651245,-0.270736962556839,2.661454439163208,0.6029532551765442,-0.27810847759246826,-0.17625001072883606,0.4660634398460388,-0.22444936633110046,-0.13586433231830597,-0.2710776627063751,-0.2405414879322052,-0.2674337923526764,-0.2673399746417999,-0.006484456826001406,0.4811049699783325,-0.27822381258010864,-0.18932560086250305,-0.2695399820804596,0.07648977637290955,-0.21275334060192108,-0.09325896203517914,0.12146106362342834,-0.2565571069717407,1.716722011566162,-0.1141292005777359,-0.24466939270496368,-0.22773298621177673,-0.2711411714553833
33,168,575,188,594,0.07750608772039413,-0.2683507204055786,-0.055125892162323,1.0356553792953491,-0.07433237880468369,-0.20861686766147614,-0.22442686557769775,-0.18788959085941315,-0.25498145818710327,-0.21904641389846802,0.8828399181365967,-0.13945041596889496,0.020204797387123108,0.06628182530403137,-0.17254123091697693,-0.19748438894748688,-0.21803751587867737,-0.10690715909004211,0.24316419661045074,-0.2147018313407898,-0.11252740025520325,-0.10114908963441849,0.2814759910106659,-0.062055788934230804,0.87698894739151,-0.21340304613113403,-0.2147931307554245,-0.22948405146598816,0.04834124445915222,0.19012968242168427,-0.13801667094230652,-0.20501857995986938,-0.12864312529563904,0.4052521288394928,-0.24029679596424103,-0.2505638897418976,-0.1642315685749054,0.14443552494049072,-0.22330936789512634,-0.20962080359458923,-0.2681201100349426,-0.03610870987176895,0.19759683310985565,0.027021855115890503,-0.13551408052444458,-0.2376524806022644,-0.20472413301467896,0.6763502955436707,2.2497012615203857,0.8079388737678528,0.36444365978240967,-0.26663804054260254,0.20158979296684265,-0.1922464519739151,-0.0454205758869648,-0.14749085903167725,-0.2653499245643616,0.32618266344070435,0.6964840888977051,-0.17076411843299866,0.5817638039588928,0.44970786571502686,-0.010812420397996902,0.0872337818145752,-0.24041959643363953,-0.2561587691307068,-0.15125083923339844,0.12424074113368988,-0.08414044231176376,0.8938916921615601,0.1543644368648529,-0.2181282788515091,-0.23674045503139496,0.4755982756614685,-0.021875955164432526,-0.24367883801460266,-0.07352159172296524,-0.2555823028087616,-0.27093756198883057,-0.16693218052387238,-0.0919075533747673,-0.26780518889427185,-0.2721443474292755,-0.031051652505993843,-0.011522665619850159,-0.17033202946186066,-0.15319904685020447,-0.14014942944049835,0.095511794090271,-0.2271873652935028,-0.22140301764011383,0.2718598246574402,0.2242923378944397,-0.2550841271877289,-0.2545067071914673,0.060033321380615234,-0.23800162971019745,0.03488004207611084,-0.07748132944107056,-0.07030142843723297,-0.08269748091697693,-0.05507916212081909,0.030116505920886993,0.3252846896648407,-0.18876060843467712,0.3947902321815491,-0.2282528579235077,-0.25888514518737793,0.2468489110469818,-0.017073962837457657,-0.16009293496608734,-0.22536738216876984,-0.2747603952884674,-0.23269802331924438,0.2634807825088501,-0.05457340180873871,1.4475021362304688,0.3906751275062561,-0.19521738588809967,-0.04079599678516388,-0.15980294346809387,0.4586295485496521,-0.2758657932281494,0.8227974772453308,-0.11161081492900848,-0.06193233281373978,-0.17534857988357544,-0.2248682677745819
34,281,439,302,458,0.4368562698364258,-0.26865464448928833,0.023620398715138435,0.9412006735801697,-0.03905019909143448,-0.27792736887931824,0.28725674748420715,-0.276804119348526,-0.27522343397140503,-0.209317147731781,1.7563399076461792,-0.2679092586040497,-0.26582837104797363,1.1305283308029175,-0.1163884699344635,-0.17885786294937134,-0.15184372663497925,-0.11383755505084991,-0.2698487639427185,-0.276205837726593,-0.20622681081295013,-0.2371681183576584,-0.1888991892337799,-0.2590838670730591,-0.1616995930671692,-0.2673857808113098,-0.24550992250442505,-0.22005167603492737,0.8723012208938599,-0.10560788959264755,-0.24817270040512085,-0.10305167734622955,-0.21188971400260925,0.6594023704528809,-0.22472484409809113,-0.2784636318683624,-0.23257212340831757,-0.2479097843170166,-0.25968748331069946,-0.23955368995666504,-0.2780773639678955,-0.19758352637290955,-0.13411158323287964,0.4972948133945465,-0.04957939311861992,-0.27750471234321594,-0.2599477171897888,0.49083250761032104,1.4774856567382812,0.743015706539154,0.26491808891296387,-0.24987460672855377,0.23383444547653198,-0.2615821659564972,0.052506737411022186,-0.26601874828338623,-0.24561083316802979,0.6451092958450317,0.5481170415878296,-0.24526828527450562,1.4743505716323853,1.5837888717651367,-0.23458869755268097,2.7169365882873535,1.2202025651931763,-0.20149986445903778,-0.25866901874542236,0.8534331321716309,-0.2519190311431885,1.5466681718826294,0.6228275299072266,-0.22936443984508514,-0.10390879213809967,0.6941589713096619,-0.11458822339773178,-0.23121440410614014,-0.05059110373258591,-0.2734018862247467,-0.18003028631210327,-0.08129695057868958,-0.26786261796951294,-0.2751833498477936,-0.265280157327652,-0.02376609295606613,-0.1269879937171936,-0.2681490182876587,-0.27527880668640137,-0.0951840952038765,-0.13946542143821716,-0.2707114815711975,-0.23658809065818787,0.030781110748648643,-0.2632238566875458,-0.2578861117362976,-0.16924330592155457,0.006745185237377882,-0.27072039246559143,-0.2338794320821762,-0.10657337307929993,-0.00022199290106073022,-0.19777065515518188,-0.25610095262527466,0.01942448504269123,0.8607896566390991,-0.1978692263364792,1.2703865766525269,-0.20433926582336426,-0.27689942717552185,-0.1928156465291977,0.3513363301753998,-0.2781473696231842,-0.27846232056617737,0.367290735244751,-0.15289412438869476,0.42718374729156494,-0.14513875544071198,3.252466917037964,-0.10296831279993057,-0.19687241315841675,-0.007915972732007504,-0.17733125388622284,0.01909198798239231,-0.27300187945365906,0.8344848155975342,-0.03410188853740692,0.304046630859375,-0.13731369376182556,-0.2742232084274292
35,247,247,267,265,0.33868423104286194,-0.2535368800163269,-0.09307891875505447,1.1751891374588013,-0.025476951152086258,-0.2583894729614258,-0.2695910632610321,-0.2661445140838623,-0.16417264938354492,-0.16479498147964478,2.281198024749756,-0.27839964628219604,-0.23597566783428192,2.423269510269165,-0.14350473880767822,-0.1394927203655243,-0.03501025587320328,-0.01479983888566494,-0.23404525220394135,-0.2782338261604309,-0.19152843952178955,-0.15062108635902405,-0.19265983998775482,-0.2782750427722931,-0.22375722229480743,-0.2542721629142761,-0.2075587958097458,-0.19450515508651733,0.9565920233726501,-0.2784630358219147,-0.12723061442375183,-0.18818694353103638,-0.26220905780792236,1.278403639793396,-0.1521097868680954,-0.2752143442630768,0.012991760857403278,-0.11883483082056046,-0.2532215416431427,-0.27822181582450867,-0.26557695865631104,0.11744223535060883,0.25371038913726807,1.0945237874984741,-0.21563640236854553,-0.2730069160461426,-0.2674693465232849,0.5776292085647583,3.3215553760528564,0.6275175213813782,0.1795012354850769,-0.2784590721130371,0.1313452422618866,-0.20506542921066284,0.0629558339715004,-0.274551659822464,-0.09012875705957413,2.756890296936035,0.7983140349388123,-0.1694861650466919,1.1436431407928467,2.15850567817688,0.16066892445087433,4.352989673614502,2.475639581680298,-0.2784578800201416,-0.2669964134693146,1.9099491834640503,-0.27808669209480286,1.9225845336914062,0.985173761844635,-0.26307210326194763,-0.19151219725608826,0.6233779191970825,-0.10878033190965652,-0.18707266449928284,-0.1040683314204216,-0.2775632441043854,0.0724383071064949,-0.0311944168061018,-0.2673102617263794,-0.21869103610515594,-0.08933594822883606,-0.2665536403656006,-0.27835142612457275,-0.09925539791584015,-0.15741145610809326,-0.1654096096754074,-0.27845853567123413,-0.25450655817985535,-0.26459217071533203,0.19483555853366852,-0.22809772193431854,-0.23385930061340332,-0.259316086769104,0.5597097873687744,-0.25475186109542847,-0.26716023683547974,0.32983097434043884,-0.2679287791252136,-0.26491495966911316,-0.24874247610569,0.15319646894931793,0.6663447618484497,-0.058663614094257355,2.585965156555176,-0.2425338476896286,-0.15631148219108582,-0.25026941299438477,1.0439660549163818,-0.24016113579273224,-0.23992489278316498,0.5610753297805786,-0.2771376371383667,-0.17774845659732819,0.054080359637737274,2.782440662384033,0.10715484619140625,0.006263921037316322,0.04542174190282822,-0.1952936053276062,-0.1702568531036377,-0.2042074203491211,0.3583008050918579,0.2148371934890747,-0.27343282103538513,0.7140272259712219,-0.27201685309410095
36,237,424,258,443,0.954684853553772,-0.2742534279823303,0.04276902228593826,1.041844129562378,-0.053614966571331024,-0.27137112617492676,-0.11624540388584137,-0.25784894824028015,-0.1974172443151474,-0.2579291760921478,0.6637430787086487,-0.20884549617767334,-0.04714374989271164,2.1585357189178467,0.18621519207954407,-0.2164197564125061,-0.14283329248428345,-0.21894648671150208,-0.21813350915908813,-0.2782382369041443,-0.2578052580356598,0.36966845393180847,0.09144443273544312,-0.24688009917736053,-0.10044961422681808,-0.1750938892364502,-0.14628510177135468,-0.26598185300827026,0.9874707460403442,0.1028631329536438,-0.19936013221740723,-0.2473718822002411,-0.12029993534088135,0.40982797741889954,-0.257399320602417,-0.27823126316070557,-0.04132421314716339,-0.024772368371486664,-0.2435164451599121,-0.030794156715273857,-0.2777746319770813,-0.0772295817732811,-0.276947557926178,0.8390519022941589,-0.08475561439990997,-0.1321609616279602,-0.26053911447525024,0.4813792109489441,-0.12671785056591034,-0.08671653270721436,0.32597213983535767,0.12472257018089294,0.30043870210647583,-0.22538551688194275,-0.04382936283946037,0.2252073585987091,-0.23966291546821594,0.09279382228851318,0.34621796011924744,-0.24331393837928772,-0.2198280394077301,0.9913990497589111,-0.22903795540332794,0.5983841419219971,2.6870946884155273,-0.058603353798389435,-0.19563275575637817,1.3055630922317505,-0.1210370883345604,0.25167831778526306,1.5755029916763306,-0.1287006288766861,-0.2525278925895691,-0.10879181325435638,0.014836108312010765,-0.12892508506774902,0.7103254199028015,-0.24948149919509888,0.10815587639808655,-0.08038053661584854,-0.18194778263568878,-0.27366575598716736,-0.2618233561515808,-0.11482063680887222,-0.14179576933383942,-0.14444129168987274,-0.1239805817604065,-0.179031640291214,0.19028034806251526,-0.22090540826320648,-0.22804412245750427,-0.10763285309076309,0.08481229096651077,-0.2039194107055664,-0.24956154823303223,0.13225935399532318,-0.22179584205150604,0.06062372028827667,-0.23614990711212158,0.04532570391893387,0.803573489189148,-0.014052152633666992,0.11650875955820084,0.6262598633766174,-0.23772090673446655,0.21974600851535797,-0.0872628465294838,-0.19203665852546692,-0.23072588443756104,-0.048945724964141846,-0.21984761953353882,-0.22951015830039978,-0.2773323059082031,0.26803961396217346,0.11615066975355148,-0.1644582748413086,0.3751838803291321,-0.2525413930416107,-0.17540480196475983,0.04393363744020462,-0.03136025741696358,0.1837916523218155,-0.1978677362203598,0.2753588855266571,0.005540870130062103,0.11775685101747513,0.8224884271621704,-0.13810233771800995
37,243,440,263,459,-0.27711817622184753,-0.2780850827693939,-0.15513867139816284,1.523728609085083,-0.2502983808517456,-0.27312690019607544,-0.278298944234848,-0.26466768980026245,-0.15632130205631256,-0.03492780029773712,-0.1033744215965271,-0.07165667414665222,-0.26509231328964233,-0.24470125138759613,2.4081315994262695,-0.2784201204776764,-0.11235176771879196,-0.23184582591056824,-0.2784634530544281,-0.27749764919281006,-0.23960570991039276,0.7645851969718933,-0.22194983065128326,1.4117541313171387,-0.2519133687019348,1.4157391786575317,-0.17182132601737976,-0.142633318901062,-0.2783130407333374,-0.1899651736021042,0.5845851898193359,1.1380037069320679,-0.27606555819511414,0.28019583225250244,-0.219732403755188,0.9688546657562256,1.0875829458236694,-0.09467825293540955,1.8523361682891846,-0.21919995546340942,-0.002327970927581191,1.2300090789794922,-0.27793553471565247,-0.0484609417617321,-0.14288996160030365,1.848076343536377,0.2537798583507538,1.7430044412612915,-0.2710210084915161,-0.26434755325317383,-0.2286645770072937,3.6175906658172607,-0.1511465311050415,0.5381661057472229,1.295865535736084,-0.1956789791584015,0.28835877776145935,-0.16447290778160095,-0.20416754484176636,-0.2518296241760254,-0.20171542465686798,-0.2744186222553253,-0.26377251744270325,-0.01233710628002882,-0.23707987368106842,-0.2774900794029236,-0.24537315964698792,-0.2343192994594574,2.8387300968170166,-0.1445910930633545,0.05315183103084564,-0.1329113394021988,-0.2640865743160248,-0.21306943893432617,-0.27350667119026184,-0.19412700831890106,4.657477378845215,-0.27753785252571106,1.072296142578125,-0.15953998267650604,-0.15460284054279327,-0.2043287307024002,-0.2372584193944931,0.11863509565591812,4.405287742614746,-0.043955836445093155,-0.07155729085206985,-0.23761184513568878,-0.22947560250759125,-0.22934556007385254,-0.18673287332057953,-0.25525426864624023,0.9698606729507446,1.1655573844909668,-0.278372198343277,1.0673158168792725,1.2646502256393433,-0.2654348313808441,-0.22394870221614838,-0.27731823921203613,5.680919647216797,0.3605167269706726,-0.19648388028144836,-0.21720239520072937,-0.03744162991642952,-0.22174981236457825,-0.2784641981124878,-0.08726450055837631,-0.10767289996147156,-0.11505347490310669,5.381603240966797,0.7258011102676392,-0.06569556891918182,1.1846671104431152,-0.1577368974685669,0.1277969777584076,-0.2769266366958618,0.011719340458512306,0.09322408586740494,-0.1561671495437622,0.7083223462104797,2.0024919509887695,-0.07193813472986221,0.6802967190742493,0.7600876092910767,0.9594884514808655,-0.10744844377040863,0.37733545899391174
38,403,394,425,415,1.0270038843154907,-0.2761595547199249,-0.04695235565304756,0.8139210939407349,-0.024279778823256493,-0.2780992090702057,0.1852778196334839,-0.2548852860927582,-0.27841973304748535,-0.13254587352275848,1.6429425477981567,-0.27607667446136475,-0.2776898145675659,1.222920298576355,0.15762653946876526,-0.2588004469871521,-0.1557227522134781,-0.22358031570911407,-0.24871022999286652,-0.2747704088687897,-0.2771700620651245,0.3815876841545105,0.02034701034426689,-0.24470575153827667,-0.1632639467716217,-0.26783859729766846,-0.05758241191506386,-0.2268020063638687,0.9714720249176025,0.014569203369319439,-0.2769773602485657,-0.27184170484542847,-0.11956818401813507,0.38586437702178955,-0.15250356495380402,-0.2627812623977661,-0.27692583203315735,0.0647483840584755,-0.2688453197479248,-0.2253623604774475,-0.27181127667427063,-0.2679736614227295,-0.2755682170391083,-0.19774958491325378,0.33669665455818176,-0.22218191623687744,-0.2695826590061188,0.5623617768287659,1.0359935760498047,0.5366811156272888,0.19608236849308014,0.11418502777814865,0.24244838953018188,-0.12557116150856018,-0.20167513191699982,-0.23679755628108978,-0.26509031653404236,0.09707728773355484,0.4107050895690918,-0.21032413840293884,0.44022873044013977,1.2101703882217407,-0.1627444624900818,-0.2661292552947998,2.9629967212677,-0.2287590354681015,-0.2209625095129013,0.40425094962120056,-0.19149735569953918,0.9426522254943848,1.8596346378326416,-0.2677825689315796,-0.21510720252990723,0.06593919545412064,0.356717973947525,-0.21628887951374054,0.3344077169895172,-0.2504196763038635,-0.11666832864284515,-0.1560916006565094,-0.05694618448615074,-0.2720159590244293,-0.27752211689949036,0.26044389605522156,0.4047529697418213,-0.253865122795105,-0.2374141663312912,-0.1951989233493805,0.11682941764593124,-0.2655911445617676,-0.1412889063358307,0.1761101931333542,0.05618058890104294,-0.16548025608062744,-0.26393017172813416,-0.18032200634479523,-0.2713210880756378,-0.0584622398018837,-0.27689266204833984,0.640877366065979,-0.04525444656610489,-0.1296190470457077,0.0892748311161995,0.9269614219665527,-0.22987999022006989,0.42620283365249634,0.12939374148845673,0.4866441786289215,-0.23897165060043335,-0.19054202735424042,-0.26134222745895386,-0.2685200572013855,-0.25416505336761475,0.08473455905914307,0.4477746784687042,-0.27376341819763184,0.3460092544555664,-0.27165883779525757,-0.23805482685565948,0.40143927931785583,-0.02811109833419323,0.17376990616321564,-0.2779639959335327,0.9466300010681152,-0.2058674544095993,-0.0015395202208310366,1.0081535577774048,-0.2505118250846863
39,304,364,325,383,0.827140748500824,-0.2313394695520401,-0.11464013159275055,0.9324131608009338,-0.0875537097454071,-0.27697068452835083,0.2411852329969406,-0.2631722092628479,-0.2778603434562683,-0.25622376799583435,0.725419819355011,-0.2671155035495758,-0.022877030074596405,0.003254941198974848,0.1376720368862152,-0.1856057345867157,-0.2784287631511688,-0.24172845482826233,-0.25580665469169617,-0.26331788301467896,-0.09819305688142776,0.06580746173858643,0.23749156296253204,-0.018134653568267822,0.011395027860999107,-0.13530899584293365,-0.18778690695762634,-0.25756731629371643,0.2754392623901367,0.3502674400806427,-0.25050535798072815,-0.27828654646873474,-0.00947389006614685,0.22271490097045898,-0.15137986838817596,-0.2670876383781433,-0.2673572897911072,0.08803712576627731,-0.27759113907814026,-0.15062202513217926,-0.2771601378917694,-0.23621004819869995,-0.271657258272171,-0.0006341893458738923,0.5515924096107483,-0.25945207476615906,-0.24671360850334167,0.4540799856185913,0.05170690268278122,0.005576972384005785,0.3098503351211548,0.011871879920363426,0.23119549453258514,-0.22175279259681702,0.0006554691935889423,-0.24029192328453064,-0.2704756259918213,0.2409685105085373,0.2473796308040619,-0.2780015766620636,0.2971373200416565,0.8631836175918579,-0.13779479265213013,-0.19228015840053558,0.6142317056655884,-0.14482362568378448,-0.27700963616371155,0.3955690860748291,0.025296904146671295,0.5436987280845642,1.1651403903961182,-0.25231030583381653,-0.10633186250925064,0.17243964970111847,0.08861209452152252,-0.2603608965873718,0.09949716180562973,-0.2755175530910492,-0.2412722408771515,-0.19008636474609375,0.02437473274767399,-0.27748537063598633,-0.27833279967308044,-0.013488988392055035,0.23093737661838531,0.12939627468585968,-0.16491909325122833,-0.20542806386947632,0.10014504194259644,-0.22941096127033234,-0.20965518057346344,0.11935150623321533,0.12961401045322418,-0.22978629171848297,-0.26981231570243835,-0.1443769931793213,-0.2504960000514984,0.20749911665916443,-0.2783929705619812,0.36349016427993774,0.08112948387861252,0.5178490281105042,-0.0734177827835083,0.556292712688446,-0.2768933176994324,0.19207726418972015,-0.037135351449251175,-0.2760263979434967,-0.155198335647583,-0.08443325012922287,-0.18264581263065338,-0.27095115184783936,-0.27306118607521057,-0.1876782327890396,0.5218304991722107,-0.24697817862033844,0.19911952316761017,-0.2783772647380829,-0.2778846323490143,0.06506504118442535,-0.11580272763967514,0.4325100779533386,-0.25774070620536804,0.49514368176460266,-0.08134131133556366,0.42725324630737305,0.13391374051570892,-0.2198576033115387
40,552,640,570,657,-0.24765081703662872,-0.1842583864927292,-0.25601446628570557,0.9602774381637573,-0.025711750611662865,-0.27627623081207275,-0.27616235613822937,-0.21064281463623047,-0.27843132615089417,-0.1730985790491104,1.3396071195602417,-0.06868082284927368,-0.27838134765625,0.42549774050712585,-0.17492154240608215,-0.22243435680866241,-0.05267395079135895,-0.025125840678811073,0.38163134455680847,-0.13413573801517487,-0.17081111669540405,-0.27815091609954834,-0.2784312963485718,-0.1886730045080185,1.138603687286377,-0.2650335133075714,-0.19103258848190308,-0.14043568074703217,-0.2768195569515228,-0.18849243223667145,-0.13285556435585022,-0.11364565789699554,-0.2565508186817169,0.4522591531276703,-0.2697708010673523,-0.2588832676410675,-0.1620340496301651,-0.1051853746175766,-0.19149093329906464,-0.13572753965854645,-0.2560569643974304,-0.15630412101745605,0.6848315000534058,-0.10768202692270279,-0.16093485057353973,-0.2602890133857727,-0.12200711667537689,0.5490800142288208,4.0095744132995605,1.6495264768600464,0.5470495223999023,-0.2486143857240677,-0.2778187692165375,-0.25763535499572754,-0.1791844218969345,-0.053306687623262405,-0.23891526460647583,0.6590321063995361,1.1554083824157715,-0.09590847045183182,1.2280187606811523,0.41815686225891113,-0.11704445630311966,0.12227854877710342,-0.23862266540527344,-0.27265840768814087,-0.25715455412864685,-0.27651387453079224,-0.2435823678970337,1.9093807935714722,-0.2056504487991333,-0.15869908034801483,-0.15024608373641968,0.8559799194335938,-0.0714976042509079,-0.24622483551502228,-0.20266154408454895,-0.24679173529148102,-0.27082252502441406,-0.04870787262916565,-0.26528164744377136,-0.269421249628067,-0.2148810625076294,-0.011511552147567272,0.7320848107337952,-0.22795650362968445,-0.19204683601856232,-0.02205144800245762,-0.23580782115459442,-0.23848269879817963,-0.12110527604818344,0.32788175344467163,-0.23212921619415283,-0.2722627520561218,-0.24014022946357727,0.5296717286109924,-0.2748246490955353,-0.2783835232257843,-0.0070684971287846565,-0.15843768417835236,-0.24150563776493073,-0.18818771839141846,-0.19924212992191315,0.734251856803894,-0.08471190184354782,0.07010971009731293,-0.2781994044780731,-0.20314007997512817,0.3692677319049835,0.006267119199037552,-0.2714131772518158,-0.2780517041683197,-0.19811901450157166,-0.27543967962265015,0.3166908025741577,-0.0523020476102829,3.9419403076171875,0.9943522810935974,-0.23735345900058746,-0.2737019658088684,-0.09101273864507675,0.0008899540407583117,-0.2783285677433014,1.6182986497879028,-0.18174976110458374,-0.21862494945526123,-0.11978249251842499,-0.27832406759262085
41,521,647,540,666,0.3141290247440338,-0.27717486023902893,-0.015097802504897118,0.9384357929229736,-0.04068071395158768,-0.27842822670936584,0.1560431271791458,-0.2784641683101654,-0.27509379386901855,-0.24650980532169342,1.7310254573822021,-0.27033141255378723,-0.187892884016037,1.0039668083190918,-0.1492721289396286,-0.19805210828781128,-0.17378109693527222,-0.11283053457736969,-0.2782909572124481,-0.26947635412216187,-0.21544142067432404,-0.21957726776599884,-0.17305144667625427,-0.26152274012565613,-0.16031773388385773,-0.2734752297401428,-0.20412030816078186,-0.2647688388824463,0.8309425711631775,-0.01505560427904129,-0.2593078911304474,-0.11363988369703293,-0.15461014211177826,0.6128422021865845,-0.21965590119361877,-0.2783444821834564,-0.2179989516735077,-0.24480432271957397,-0.2650924623012543,-0.25800514221191406,-0.278464138507843,-0.19237016141414642,-0.22970733046531677,0.598613977432251,0.14304855465888977,-0.2777716815471649,-0.2781665027141571,0.5011849999427795,1.2372301816940308,0.6209109425544739,0.31509771943092346,-0.24971596896648407,0.3773309886455536,-0.23735971748828888,-0.11087850481271744,-0.2726847231388092,-0.27819207310676575,0.4951895475387573,0.40724581480026245,-0.2439107745885849,0.9486610889434814,1.9415472745895386,-0.24141858518123627,1.845837116241455,1.2938268184661865,-0.23318442702293396,-0.24744637310504913,0.6546999216079712,-0.23594610393047333,1.5121893882751465,0.7029079794883728,-0.2325749546289444,-0.2092197984457016,0.5052184462547302,-0.13045009970664978,-0.2515878975391388,0.07031143456697464,-0.26748552918434143,-0.09488652646541595,-0.1659703403711319,-0.2701227366924286,-0.274109810590744,-0.26578056812286377,-0.04701293259859085,-0.1499101221561432,-0.2716996669769287,-0.2586824893951416,-0.14449487626552582,-0.09069909900426865,-0.16571135818958282,-0.2225513905286789,-0.03390399366617203,-0.24227473139762878,-0.2597976326942444,-0.21290993690490723,-0.021149087697267532,-0.2770784795284271,-0.11406607180833817,-0.13927772641181946,0.02499459683895111,-0.14829188585281372,-0.12331996113061905,0.104828841984272,1.066027045249939,-0.19955503940582275,0.9651918411254883,-0.07569136470556259,-0.2598502039909363,-0.15727192163467407,0.3670676350593567,-0.276236891746521,-0.27833008766174316,0.09930971264839172,-0.14715531468391418,0.35680603981018066,-0.19899368286132812,2.835738182067871,-0.1918008178472519,-0.22162865102291107,0.020688943564891815,-0.15483611822128296,0.06246702000498772,-0.25721943378448486,0.9042420387268066,-0.006635323166847229,0.3136900067329407,0.06388318538665771,-0.26789599657058716
42,338,377,359,397,1.0759055614471436,-0.24286146461963654,-0.055608928203582764,0.7943680882453918,-0.008142353966832161,-0.27669522166252136,-0.20610693097114563,-0.18931683897972107,-0.27846428751945496,-0.24266105890274048,1.8973132371902466,-0.2663000226020813,-0.20238953828811646,2.9669277667999268,-0.10253980755805969,-0.27811476588249207,-0.04738228768110275,-0.2614562213420868,-0.1911189705133438,-0.23403489589691162,-0.2227969467639923,0.5490686297416687,-0.18343888223171234,-0.25563958287239075,-0.26192787289619446,-0.27695414423942566,-0.1561402976512909,-0.2376081347465515,1.1904985904693604,-0.04830382764339447,-0.22086861729621887,-0.2462165206670761,-0.20745857059955597,0.4779231548309326,-0.24681101739406586,-0.2589373290538788,-0.2784157395362854,-0.01541669201105833,-0.1900615245103836,-0.27580156922340393,-0.22972536087036133,-0.2725556790828705,-0.25499704480171204,-0.09418773651123047,-0.22953513264656067,-0.2107628583908081,-0.18385900557041168,0.6421437859535217,1.162658452987671,0.2149457037448883,0.05404776707291603,0.30916956067085266,0.26576346158981323,-0.14633458852767944,-0.24207861721515656,-0.2329002022743225,-0.2392915040254593,0.12650296092033386,0.48143520951271057,-0.1339135318994522,-0.19608920812606812,1.2006865739822388,-0.25751805305480957,-0.2687193751335144,4.679813861846924,-0.2414054274559021,-0.1251005381345749,0.5619693994522095,-0.26512810587882996,0.5313259363174438,2.1378164291381836,-0.24384449422359467,-0.27479374408721924,-0.22247567772865295,0.3729672431945801,-0.21625564992427826,0.6169450283050537,-0.21461156010627747,-0.049283988773822784,-0.05575639009475708,-0.047243088483810425,-0.21819977462291718,-0.26708486676216125,0.44175517559051514,0.3244154751300812,-0.2519535720348358,-0.27846449613571167,-0.10712369531393051,-0.11754803359508514,-0.255550742149353,-0.07521656155586243,0.1562981754541397,-0.20047695934772491,-0.17408983409404755,-0.21356099843978882,-0.1300310641527176,-0.2776375114917755,-0.27834662795066833,-0.26907452940940857,0.7330331206321716,-0.14669457077980042,-0.27594026923179626,0.23875950276851654,0.8285498023033142,-0.2526463568210602,0.472556471824646,-0.01716674491763115,0.30781933665275574,-0.1902942806482315,-0.2614370584487915,-0.15544939041137695,-0.25046879053115845,-0.27833542227745056,0.21749526262283325,0.17736822366714478,-0.27845320105552673,0.1396917849779129,-0.265657901763916,-0.21540963649749756,0.3885176479816437,0.005860527046024799,-0.026568420231342316,-0.2302170842885971,1.0087498426437378,-0.24166248738765717,-0.19973920285701752,1.1964924335479736,-0.25672081112861633
43,571,473,590,492,0.3273206651210785,-0.2783302068710327,-0.13978640735149384,0.9804872870445251,-0.07005295902490616,-0.26900890469551086,0.2998492121696472,-0.19078630208969116,-0.27732229232788086,-0.26848554611206055,0.6495397090911865,-0.23404788970947266,0.11003942042589188,0.23342424631118774,-0.1250082403421402,-0.189072847366333,-0.271421879529953,-0.26312458515167236,-0.22974097728729248,-0.2712508738040924,-0.1967364102602005,-0.08090301603078842,0.4905553460121155,-0.17329077422618866,0.11027923226356506,-0.2147817462682724,-0.20728300511837006,-0.27468836307525635,0.4584914445877075,0.5009368062019348,-0.19322483241558075,-0.16082274913787842,-0.05465257167816162,0.13772432506084442,-0.2560940980911255,-0.27526354789733887,-0.2285517007112503,0.3010402321815491,-0.27836668491363525,0.004950772970914841,-0.27822473645210266,-0.2042323797941208,-0.27439358830451965,-0.16171516478061676,-0.08801624178886414,-0.18131402134895325,-0.27544355392456055,0.6214539408683777,0.0835544690489769,0.22163952887058258,0.25892382860183716,-0.24085965752601624,0.4750959873199463,-0.20222193002700806,-0.0687386617064476,-0.12647004425525665,-0.27076882123947144,-0.17274227738380432,0.061501242220401764,-0.2750381529331207,-0.18823398649692535,1.0090242624282837,-0.1423148661851883,-0.2485678642988205,0.1422242671251297,-0.2311219871044159,-0.27822145819664,0.11998432129621506,0.2524445056915283,0.4707776606082916,0.48239728808403015,-0.26870793104171753,-0.15910936892032623,0.11684756726026535,-0.07938247174024582,-0.23484306037425995,0.2549721598625183,-0.26690298318862915,-0.228971928358078,-0.09402242302894592,-0.14435631036758423,-0.2749127149581909,-0.2667851448059082,-0.20643526315689087,0.06867804378271103,-0.2709062099456787,-0.27675196528434753,-0.09970808029174805,0.6925126910209656,-0.27332136034965515,-0.2471865862607956,0.10824966430664062,0.2800759971141815,-0.270073801279068,-0.2703888416290283,-0.2606833875179291,-0.21672382950782776,-0.0906776487827301,-0.21858729422092438,0.19388778507709503,0.14736488461494446,0.8061674237251282,0.03332918509840965,0.49913543462753296,-0.2372361719608307,0.13276250660419464,0.040480658411979675,-0.20736360549926758,-0.1765294224023819,-0.10544862598180771,-0.13915026187896729,-0.2777772545814514,-0.269664466381073,-0.05879613384604454,0.303733229637146,-0.2106318324804306,0.7931229472160339,-0.21647332608699799,-0.2569081783294678,0.12369345128536224,-0.0861300602555275,0.6792870163917542,-0.27102130651474,0.3864268362522125,-0.12084764242172241,0.17829439043998718,-0.15200279653072357,-0.20366385579109192
44,379,584,399,602,0.14687688648700714,-0.2651706039905548,-0.1955527514219284,0.9062694907188416,-0.028222257271409035,-0.26260635256767273,0.5900405049324036,-0.2366645634174347,-0.26842817664146423,-0.26753368973731995,0.5999220013618469,-0.21855661273002625,0.12132377922534943,-0.15808787941932678,-0.13664640486240387,-0.12136314064264297,-0.2432864010334015,-0.2555416226387024,-0.18625667691230774,-0.2602430284023285,-0.1905732899904251,0.057535409927368164,0.19573217630386353,0.41098636388778687,-0.0814453512430191,-0.24169091880321503,-0.2285613864660263,-0.2645309269428253,0.10857687890529633,0.060155488550662994,-0.26821866631507874,-0.15327030420303345,0.024093253538012505,0.10475019365549088,-0.26248592138290405,-0.267484188079834,-0.2648637890815735,0.25949880480766296,-0.19722308218479156,0.7309724688529968,-0.2672242224216461,-0.21645094454288483,-0.26535654067993164,-0.19967857003211975,-0.09231970459222794,-0.22906188666820526,-0.2680290639400482,0.8859236836433411,0.11466231942176819,0.1560291051864624,0.21358618140220642,-0.2661980390548706,0.2273443192243576,-0.21671192348003387,-0.27802395820617676,-0.12901096045970917,-0.2755305767059326,-0.25829508900642395,-0.05768264830112457,-0.2669050395488739,-0.015783516690135002,0.925670325756073,-0.2008688747882843,-0.21787302196025848,-0.06701157242059708,-0.2552298307418823,-0.2680094540119171,-0.1846495419740677,1.143007755279541,0.49660736322402954,0.9108309745788574,-0.22926032543182373,-0.21785616874694824,0.17584563791751862,-0.1738695651292801,-0.2689199149608612,-0.1318211406469345,-0.26659536361694336,-0.2552199959754944,-0.11147729307413101,-0.12146009504795074,-0.2770768105983734,-0.2731037437915802,-0.26394590735435486,-0.062178414314985275,-0.26270854473114014,-0.26697632670402527,-0.07217483222484589,0.8367921710014343,-0.27164527773857117,-0.20841220021247864,0.09477488696575165,0.1309545487165451,-0.2456199675798416,-0.213412344455719,-0.27232450246810913,-0.2695654034614563,0.18040820956230164,-0.2651468813419342,0.32918161153793335,0.28424015641212463,0.30415260791778564,0.15187442302703857,0.5713653564453125,-0.2755979299545288,0.10539019852876663,0.00981527753174305,-0.27326738834381104,-0.24852268397808075,-0.09994091838598251,-0.029637478291988373,-0.27780061960220337,-0.2761988639831543,0.14623156189918518,0.220796599984169,-0.20176447927951813,0.872535765171051,-0.25644171237945557,-0.2235564887523651,0.1171029657125473,-0.07313638925552368,0.7988026738166809,-0.27832990884780884,0.7079036831855774,-0.09416098892688751,0.06043064221739769,-0.22849157452583313,-0.19727462530136108
45,259,592,279,611,-0.2673664391040802,-0.25621819496154785,-0.2699287235736847,1.5524194240570068,-0.05341099947690964,0.28714263439178467,-0.27741605043411255,-0.253689169883728,-0.27828556299209595,-0.18808256089687347,-0.1545356810092926,-0.22405500710010529,-0.2628176510334015,0.16763964295387268,0.8175275921821594,-0.25740960240364075,-0.18724027276039124,-0.26031145453453064,-0.1788109689950943,0.32890740036964417,-0.27117785811424255,3.8916783332824707,-0.2773655652999878,1.4539361000061035,3.6709556579589844,-0.27521342039108276,-0.23558533191680908,0.0006073598051443696,-0.12424983084201813,-0.2761130928993225,-0.22538618743419647,-0.2133060246706009,-0.2777630686759949,0.08722677081823349,-0.24685610830783844,-0.04585989937186241,0.6659524440765381,-0.02350763790309429,-0.21191737055778503,-0.2759542167186737,-0.27655506134033203,0.5390908718109131,0.4832252264022827,0.6054337620735168,-0.2704445719718933,-0.21864712238311768,-0.19723409414291382,1.1483899354934692,0.7114247679710388,-0.17258073389530182,2.4867300987243652,1.6796348094940186,-0.2782370150089264,-0.22451302409172058,0.4326099753379822,-0.2441270351409912,-0.24172921478748322,1.6775329113006592,3.913207769393921,-0.27773138880729675,-0.22684653103351593,-0.25904402136802673,-0.27063584327697754,-0.26145797967910767,-0.2523665428161621,-0.26377376914024353,-0.2651468515396118,-0.2779047191143036,-0.24963943660259247,-0.1496274620294571,1.1782033443450928,-0.2600748538970947,-0.27228838205337524,-0.27845749258995056,0.34770894050598145,0.26914289593696594,-0.06626764684915543,-0.16865819692611694,-0.27828389406204224,-0.1501454859972,2.5289011001586914,-0.2655719816684723,-0.27716028690338135,-0.012177175842225552,-0.13720782101154327,-0.23374678194522858,-0.2757329046726227,-0.14554758369922638,-0.2740360498428345,-0.2677653133869171,-0.18599818646907806,0.6268758773803711,-0.10652795433998108,0.7803635597229004,-0.27810484170913696,0.7117192149162292,-0.11597613990306854,-0.2675473093986511,-0.24380327761173248,-0.16675376892089844,-0.18553176522254944,-0.23063179850578308,-0.14584800601005554,-0.22483126819133759,-0.24704980850219727,0.6190834045410156,-0.23804739117622375,-0.2488173097372055,0.24662694334983826,-0.24057245254516602,-0.24837695062160492,0.6256858110427856,-0.27554285526275635,-0.2704471945762634,-0.2745468318462372,-0.1013951525092125,-0.06153320521116257,-0.27846264839172363,-0.2577638030052185,-0.2776610553264618,0.08961066603660583,-0.1732904314994812,-0.27181315422058105,-0.024022908881306648,-0.15475156903266907,-0.25141870975494385,-0.05521061271429062,0.3199536204338074
46,593,683,611,700,1.0815813541412354,-0.2781226933002472,-0.27839019894599915,0.987727701663971,-0.06342794001102448,-0.26474663615226746,0.30680495500564575,-0.2773990035057068,-0.1646101474761963,-0.2757180631160736,0.2574290931224823,-0.21504585444927216,-0.0693422332406044,0.6052131652832031,-0.22760607302188873,-0.04619181156158447,-0.20150165259838104,-0.19354943931102753,-0.1346893161535263,-0.27846139669418335,-0.27845701575279236,-0.12917998433113098,0.12675616145133972,-0.22267797589302063,0.10382328182458878,-0.2297135442495346,-0.14420393109321594,-0.27096447348594666,-0.10788630694150925,0.5163668990135193,-0.27174630761146545,-0.1705271303653717,-0.017460603266954422,0.3960423767566681,-0.25636616349220276,-0.20093074440956116,-0.16231292486190796,0.10138207674026489,-0.25096315145492554,-0.2611558735370636,-0.23903171718120575,-0.19942447543144226,-0.21219080686569214,-0.16873204708099365,0.0015763749834150076,-0.19815966486930847,-0.27820202708244324,-0.16963574290275574,0.09522313624620438,0.1778905987739563,0.7320780158042908,-0.149018332362175,1.3544936180114746,-0.2028466761112213,-0.2220660001039505,-0.2662121057510376,-0.2636713981628418,0.5353764295578003,0.3665671646595001,-0.2549116909503937,0.30715057253837585,1.6245312690734863,-0.056531667709350586,-0.1379825919866562,2.0383100509643555,-0.21076339483261108,-0.27628621459007263,1.6561639308929443,-0.20526640117168427,0.6651771664619446,1.8007503747940063,-0.26890259981155396,-0.1640537679195404,-0.207244873046875,0.02268996834754944,-0.16728313267230988,-0.23316048085689545,-0.27435943484306335,-0.2556038498878479,-0.0869036614894867,-0.13162095844745636,-0.22394636273384094,-0.25870856642723083,-0.2656591236591339,0.053945280611515045,-0.23914456367492676,-0.21253128349781036,-0.2671283781528473,0.024960240349173546,-0.27761608362197876,-0.15755203366279602,0.9213821887969971,-0.27440449595451355,-0.2714526951313019,-0.2784203886985779,-0.08401953428983688,-0.21599121391773224,-0.1723099648952484,-0.2697632908821106,0.22371840476989746,-0.11671101301908493,1.4125536680221558,0.1083826795220375,0.7212675213813782,-0.27838853001594543,0.32230812311172485,-0.17101062834262848,-0.1255262792110443,-0.273200660943985,0.3443176746368408,-0.271461546421051,-0.2784643769264221,-0.06953129172325134,-0.2547973692417145,0.3843194246292114,-0.22695709764957428,0.4802539050579071,-0.252979576587677,-0.2606097459793091,0.06789223104715347,-0.056042250245809555,-0.0032500845845788717,-0.1817476451396942,1.3646941184997559,0.02178051695227623,-0.0368909016251564,0.20562928915023804,-0.22133690118789673
47,598,722,616,737,-0.1234457716345787,-0.22276733815670013,-0.13882827758789062,1.508622646331787,-0.06015338748693466,0.17007313668727875,-0.26691117882728577,-0.2565719485282898,-0.17120249569416046,-0.2777945399284363,0.34937363862991333,-0.2523675262928009,-0.27771082520484924,2.4123642444610596,-0.21217438578605652,-0.27846041321754456,-0.05253884941339493,-0.11826436966657639,-0.22557953000068665,-0.1359206885099411,-0.2280910164117813,1.3600902557373047,-0.27649784088134766,-0.19255147874355316,3.1462936401367188,-0.21570636332035065,-0.036691874265670776,-0.17544300854206085,-0.2258797436952591,-0.2685951590538025,-0.12481267750263214,-0.17705310881137848,-0.27026230096817017,0.058280255645513535,-0.2698194682598114,-0.2673352360725403,0.5567072033882141,-0.04801010340452194,-0.12408144772052765,-0.17068853974342346,-0.264291912317276,0.6738664507865906,2.353825092315674,0.22630701959133148,-0.14452342689037323,-0.2739476263523102,-0.22038304805755615,1.463737964630127,5.665562629699707,0.3338107764720917,0.6018415093421936,-0.10787782818078995,-0.2764662802219391,0.05451655387878418,-0.26764896512031555,-0.10291368514299393,-0.2692139148712158,0.6297429800033569,2.0444552898406982,-0.16300427913665771,-0.24239929020404816,-0.2768787443637848,0.04958662390708923,-0.22959205508232117,-0.20617717504501343,-0.22718390822410583,-0.2728347182273865,-0.2568921446800232,-0.2779664099216461,-0.1204327642917633,0.16132311522960663,-0.058637864887714386,-0.240269273519516,-0.27359163761138916,0.031916238367557526,-0.029777681455016136,-0.08855834603309631,-0.14388145506381989,-0.1543889194726944,-0.1533741056919098,1.8650661706924438,-0.1110367700457573,-0.2710186541080475,-0.23227111995220184,-0.2691289782524109,-0.02602369710803032,-0.07412105798721313,-0.22576172649860382,-0.24279578030109406,-0.22437678277492523,-0.24550864100456238,0.8691609501838684,-0.16326771676540375,0.6552029848098755,-0.2781815528869629,0.2164929360151291,-0.27461251616477966,-0.17555400729179382,0.5910765528678894,-0.2559210956096649,-0.186967670917511,-0.1671944409608841,0.3894928991794586,0.06456371396780014,-0.14171989262104034,0.5888710021972656,0.04117872193455696,-0.2781437635421753,0.01297977939248085,-0.17503032088279724,-0.19299562275409698,-0.08358217030763626,-0.22672413289546967,-0.24220557510852814,-0.2511800527572632,-0.22540129721164703,-0.26481711864471436,-0.07009462267160416,-0.05785239860415459,-0.22300192713737488,0.15274162590503693,0.019559239968657494,-0.2525242567062378,1.0073187351226807,-0.12008726596832275,-0.07493117451667786,-0.044597405940294266,-0.14811114966869354
48,470,563,487,579,-0.22217664122581482,-0.22994278371334076,-0.24648219347000122,1.1879342794418335,-0.23237298429012299,-0.17667125165462494,2.8027701377868652,-0.2165604680776596,-0.24404276907444,0.1582918018102646,-0.26295214891433716,-0.26096731424331665,-0.21103540062904358,1.2320754528045654,0.5949349403381348,-0.26853853464126587,-0.08312506228685379,-0.21330301463603973,0.601140022277832,1.0747928619384766,-0.2678128182888031,-0.07809234410524368,0.8213844299316406,1.2056514024734497,0.2265138477087021,0.12097888439893723,-0.25238463282585144,-0.18560749292373657,-0.07415661960840225,-0.08689939975738525,0.1682397723197937,-0.20683616399765015,-0.21994246542453766,0.06997527182102203,-0.26799261569976807,-0.26014724373817444,-0.04434553533792496,1.4485504627227783,-0.013072695583105087,-0.2556012272834778,0.3536633551120758,0.30204570293426514,0.8006666302680969,-0.23492303490638733,-0.2653041481971741,2.1018550395965576,-0.27227872610092163,3.717134952545166,2.545576572418213,0.7881442904472351,-0.2154211401939392,-0.22275516390800476,0.03946307674050331,-0.22042028605937958,-0.2338535338640213,-0.20542344450950623,0.6286602020263672,0.8541216254234314,0.4007895588874817,-0.14077122509479523,4.19960355758667,-0.25305619835853577,0.7359365224838257,1.2356449365615845,0.2785818874835968,-0.17803461849689484,-0.12501415610313416,-0.2661448121070862,1.5362166166305542,-0.2171947956085205,0.5908588767051697,0.8613606691360474,-0.2681543529033661,2.4252140522003174,-0.23295487463474274,-0.17886625230312347,0.4918367564678192,-0.23161680996418,-0.27362751960754395,-0.03951098769903183,1.6339820623397827,-0.18667329847812653,-0.278462678194046,-0.21575616300106049,2.4202141761779785,-0.056211866438388824,-0.08137362450361252,-0.046791210770606995,1.5687193870544434,-0.2150363177061081,0.25911983847618103,0.012072375044226646,1.0574404001235962,0.21259377896785736,-0.26986193656921387,-0.23310816287994385,-0.25872600078582764,-0.23171257972717285,0.2535156011581421,-0.21472211182117462,-0.2738744020462036,-0.26738402247428894,-0.1980796456336975,0.16378799080848694,1.5407065153121948,3.4352993965148926,-0.27023330330848694,1.680237054824829,-0.27669456601142883,-0.27019014954566956,2.556802988052368,-0.02516310289502144,2.343707799911499,1.5704081058502197,0.13778772950172424,-0.03376470133662224,1.2570141553878784,1.6030160188674927,-0.2694815993309021,0.4598486125469208,0.011465583927929401,1.3154792785644531,-0.2783530652523041,1.2517204284667969,0.03216295316815376,-0.16627781093120575,-0.23232446610927582,-0.15237297117710114
49,322,167,340,183,-0.06890382617712021,-0.0748545452952385,-0.15283901989459991,1.35567307472229,-0.026254069060087204,-0.25255003571510315,-0.11438580602407455,-0.25110864639282227,-0.17281502485275269,-0.19950687885284424,0.6812125444412231,-0.22722086310386658,-0.1211748868227005,4.982304096221924,-0.1427873969078064,-0.2738848030567169,-0.0020353496074676514,-0.27561020851135254,-0.1881502866744995,-0.22658248245716095,-0.1655014157295227,2.429417848587036,-0.25701284408569336,-0.2609821557998657,-0.20331253111362457,-0.07548161596059799,0.282882422208786,-0.1787222921848297,0.2875640392303467,-0.0966397300362587,-0.06140424683690071,-0.13510218262672424,-0.22963334619998932,3.324690818786621,-0.26746729016304016,-0.27845922112464905,0.7683142423629761,-0.030738072469830513,-0.1808299869298935,-0.25646206736564636,-0.27537551522254944,0.34689322113990784,0.0009465890470892191,0.7876582741737366,-0.20253272354602814,0.2260916531085968,-0.2776404917240143,1.391385555267334,1.899100422859192,-0.20680682361125946,0.2950078547000885,0.2669368088245392,-0.09445572644472122,-0.14438435435295105,-0.150015190243721,-0.1708153784275055,-0.23771832883358002,1.6945704221725464,1.5001094341278076,-0.12670132517814636,-0.07065484672784805,1.3811864852905273,-0.22891730070114136,-0.06268837302923203,4.449306488037109,-0.2576258182525635,-0.05980677530169487,0.13813801109790802,-0.20796078443527222,-0.27196574211120605,1.8047653436660767,-0.27174726128578186,-0.19856300950050354,-0.23603278398513794,0.02706286311149597,-0.2532337009906769,0.39917147159576416,-0.21000130474567413,0.49104422330856323,-0.01719561219215393,-0.2701261341571808,-0.27127909660339355,-0.27824151515960693,-0.22398057579994202,-0.2767080068588257,-0.023342018947005272,-0.14980356395244598,-0.20313182473182678,-0.27479037642478943,-0.26280030608177185,-0.2276717722415924,0.2966318726539612,-0.21652404963970184,0.39991649985313416,-0.17030122876167297,0.2842403054237366,-0.08709612488746643,-0.06516929715871811,-0.010340475477278233,-0.2514742314815521,0.11370708048343658,-0.10048174858093262,0.7234662175178528,0.3420206904411316,-0.016919028013944626,1.1932313442230225,-0.0891306921839714,-0.08996178954839706,-0.18948937952518463,-0.2784615457057953,-0.1527688354253769,-0.10332250595092773,-0.27561071515083313,-0.268322616815567,-0.2778197228908539,-0.257208913564682,-0.27843600511550903,-0.24801848828792572,-0.038365647196769714,0.006482758559286594,0.2128440886735916,-0.0164750125259161,-0.06473313271999359,-0.12776418030261993,-0.05164268985390663,-0.25160613656044006,-0.10386399924755096,-0.11774120479822159
50,225,514,246,534,-0.23568427562713623,-0.22310015559196472,0.3939438462257385,1.4464365243911743,-0.04826026037335396,0.020530348643660545,-0.27841341495513916,-0.2779693901538849,-0.1507403403520584,-0.12526249885559082,0.061681877821683884,-0.16720156371593475,-0.2515716254711151,1.6835969686508179,0.9297009110450745,-0.18294505774974823,4.893101692199707,-0.163302481174469,-0.2368691861629486,0.440967857837677,-0.26959094405174255,3.8053946495056152,-0.2648235857486725,-0.22120095789432526,3.504581928253174,-0.2591579854488373,-0.26554179191589355,-0.2679130733013153,-0.18398214876651764,-0.19644175469875336,-0.15933354198932648,-0.23218083381652832,-0.2399168163537979,0.5413703918457031,-0.27713021636009216,-0.01826249063014984,0.5960633158683777,-0.018374266102910042,-0.22605647146701813,-0.24114857614040375,-0.2745930552482605,0.3573419749736786,0.1340750902891159,1.325788140296936,-0.17843784391880035,-0.23815692961215973,-0.2757810354232788,0.8285635113716125,-0.10072731971740723,-0.15012067556381226,1.877840280532837,1.3670997619628906,-0.26351892948150635,-0.2476092129945755,1.3686140775680542,-0.19354365766048431,-0.23046883940696716,1.5318481922149658,3.7508692741394043,-0.24913494288921356,-0.2782280147075653,-0.2520684003829956,-0.27845752239227295,-0.13244527578353882,-0.17883536219596863,-0.12094230204820633,0.4103422462940216,-0.2758181393146515,-0.23030005395412445,-0.21820901334285736,0.7631086111068726,-0.26168930530548096,-0.265519380569458,-0.2777816951274872,0.926405668258667,-0.09167507290840149,-0.2602873742580414,-0.20222583413124084,-0.21705938875675201,-0.08413562923669815,-0.07174596190452576,-0.26562491059303284,-0.26787832379341125,-0.2664806842803955,-0.24917541444301605,-0.20057250559329987,-0.21760281920433044,-0.07871194183826447,-0.27801430225372314,-0.2747933566570282,0.02977280505001545,-0.15980717539787292,-0.12046119570732117,0.6405009627342224,-0.2775907814502716,0.5408802032470703,-0.0907968133687973,-0.24152199923992157,-0.1487230658531189,-0.16992008686065674,0.6857506036758423,-0.08908496052026749,0.007998398505151272,-0.18363262712955475,-0.1371312290430069,-0.05921345576643944,-0.2760528028011322,-0.25566405057907104,1.804465651512146,-0.194614976644516,-0.2767848074436188,0.11364032328128815,-0.26270201802253723,-0.2655504047870636,-0.2783297896385193,-0.07714775204658508,-0.10044794529676437,-0.23712144792079926,-0.2420244961977005,-0.272979199886322,0.09808134287595749,0.13584841787815094,-0.2757250964641571,-0.22159670293331146,-0.26939162611961365,-0.25628963112831116,-0.05460048094391823,0.12935948371887207
51,693,417,710,433,-0.24506375193595886,-0.2717832624912262,-0.19564764201641083,1.570676565170288,-0.04163450747728348,1.0476478338241577,-0.17660699784755707,-0.2571999132633209,-0.1542777419090271,-0.2754867672920227,-0.09119972586631775,-0.2318984419107437,-0.19470304250717163,-0.16475045680999756,0.4316125512123108,-0.2770201861858368,-0.03730722889304161,-0.020133022218942642,-0.2643589675426483,-0.0031655614729970694,-0.20686087012290955,1.48854660987854,-0.1691139191389084,0.8372660279273987,3.562755823135376,-0.15002501010894775,-0.27814558148384094,-0.24685263633728027,-0.1578540802001953,-0.2118176370859146,-0.15189199149608612,-0.2601207196712494,-0.27366459369659424,0.1723080426454544,-0.21513786911964417,-0.25304925441741943,0.6708418726921082,-0.02533573843538761,0.07050430029630661,-0.12676623463630676,-0.19780339300632477,1.040340542793274,1.4117499589920044,-0.2521733045578003,-0.2289276123046875,0.17535080015659332,-0.24370817840099335,1.956745982170105,5.418473243713379,0.6087612509727478,0.5030573010444641,-0.27823975682258606,-0.26963844895362854,0.5853110551834106,0.25175315141677856,-0.0687190592288971,-0.1546933501958847,1.5362330675125122,0.5808042287826538,-0.2235841453075409,0.5883743762969971,-0.2749439477920532,-0.08397672325372696,-0.17440900206565857,-0.27179646492004395,-0.14672143757343292,-0.2715367376804352,-0.2534898817539215,-0.06053290516138077,-0.19398446381092072,0.12217094004154205,-0.2781623899936676,-0.2668987214565277,-0.2702103853225708,-0.2439597100019455,-0.2509600818157196,-0.14940503239631653,-0.15482354164123535,-0.16416485607624054,-0.21215197443962097,1.317994236946106,0.0046655056066811085,-0.26657944917678833,-0.27789753675460815,1.2834933996200562,-0.02283674106001854,-0.038889653980731964,-0.07079213112592697,-0.2725857198238373,-0.27485859394073486,-0.2781813442707062,1.4052561521530151,-0.20684194564819336,0.8260912299156189,-0.2627166509628296,0.4723970592021942,-0.26817718148231506,-0.12491872906684875,-0.15248693525791168,-0.26637035608291626,-0.23794060945510864,-0.23925694823265076,-0.19635947048664093,0.1441427618265152,-0.06248621270060539,1.5466785430908203,-0.07176364958286285,-0.26826712489128113,-0.2576563358306885,-0.2693750262260437,-0.2734876275062561,0.06925191730260849,0.27393659949302673,-0.028786515817046165,-0.27687036991119385,0.3845079243183136,-0.2574833929538727,0.7636694312095642,0.13800102472305298,0.6146118640899658,0.1483607143163681,0.043554406613111496,-0.27664637565612793,1.7706363201141357,0.157082200050354,-0.23007918894290924,-0.1371757686138153,-0.03038014844059944
52,454,553,473,571,0.6329025030136108,-0.27825552225112915,-0.19855716824531555,1.0608972311019897,-0.03904907405376434,-0.2783454656600952,0.25982481241226196,-0.2761203348636627,-0.23815685510635376,-0.267646461725235,1.7250785827636719,-0.26022830605506897,-0.2617659270763397,1.5573128461837769,-0.15220293402671814,-0.15963737666606903,-0.11976204067468643,-0.10606254637241364,-0.25760650634765625,-0.2759901285171509,-0.26931875944137573,-0.08180693536996841,-0.26658371090888977,-0.24472297728061676,-0.12886539101600647,-0.2706886827945709,-0.1354382038116455,-0.27472057938575745,0.9945266842842102,-0.1900591105222702,-0.22286508977413177,-0.15848156809806824,-0.18169990181922913,1.1026360988616943,-0.13769298791885376,-0.2526564300060272,-0.13978531956672668,-0.27796563506126404,-0.26828131079673767,-0.16069023311138153,-0.27098578214645386,-0.13126176595687866,-0.25311213731765747,0.7782633900642395,0.006781141739338636,-0.26984789967536926,-0.2520146667957306,0.4788391590118408,1.8091835975646973,0.5122867822647095,0.5151289105415344,-0.2643641233444214,0.8623101115226746,-0.20140895247459412,-0.02891555055975914,-0.25808095932006836,-0.27653560042381287,0.9758623838424683,0.5242758393287659,-0.23063915967941284,0.5876725912094116,2.220458984375,-0.13526135683059692,2.1487488746643066,2.5374059677124023,-0.27520692348480225,-0.27566805481910706,0.9191690683364868,-0.1891775131225586,1.2904558181762695,1.4301366806030273,-0.24569985270500183,-0.22430215775966644,0.06126081198453903,-0.13290628790855408,-0.24101963639259338,0.19090990722179413,-0.26283615827560425,0.05432930961251259,-0.12816256284713745,-0.26841047406196594,-0.2521263360977173,-0.22786790132522583,-0.1479942500591278,-0.1451641172170639,-0.22646018862724304,-0.24828125536441803,-0.2193019539117813,-0.055094145238399506,-0.23941780626773834,-0.26353004574775696,0.17154750227928162,-0.25824347138404846,-0.2776199281215668,-0.23887485265731812,0.07951875776052475,-0.2780848443508148,-0.2618928551673889,-0.1098371371626854,-0.05527632683515549,-0.1492086797952652,0.039360105991363525,0.2431487888097763,1.0588411092758179,-0.15965166687965393,1.6430466175079346,0.10452555865049362,-0.2492048591375351,-0.2541545033454895,0.5452020764350891,-0.2750290334224701,-0.2765912413597107,0.8266157507896423,-0.21484306454658508,0.03082103095948696,-0.1570880115032196,2.2001936435699463,-0.16144993901252747,-0.1222185492515564,0.1972123384475708,-0.1263868808746338,-0.045529402792453766,-0.22154338657855988,0.8131870031356812,0.09123621881008148,-0.08511326462030411,0.864630937576294,-0.2614201009273529
53,724,293,742,307,-0.15554465353488922,-0.13877323269844055,-0.0524149015545845,1.5478110313415527,-0.03812616690993309,0.2519022524356842,-0.17828227579593658,-0.2663622200489044,-0.2177305817604065,-0.2648316025733948,0.3103184998035431,-0.157789409160614,-0.17268122732639313,4.470126628875732,-0.22920241951942444,-0.2776966989040375,-0.007547882851213217,-0.1317947655916214,-0.2679109275341034,-0.06819552183151245,-0.20755644142627716,2.062516927719116,-0.2783146798610687,-0.2502390444278717,1.161181926727295,-0.22767245769500732,-0.20729553699493408,-0.19794730842113495,-0.2713659107685089,-0.2579793930053711,-0.1453578770160675,-0.09060580283403397,-0.2374965399503708,0.08938870579004288,-0.25917038321495056,-0.2573537230491638,0.6891666650772095,-0.06604483723640442,-0.17485731840133667,-0.1670684665441513,-0.23566807806491852,0.7424187660217285,1.6189121007919312,0.021460358053445816,-0.1274510771036148,-0.23919154703617096,-0.19517362117767334,0.9082539081573486,4.644076824188232,-0.21364526450634003,0.49819496273994446,0.35928598046302795,-0.27463820576667786,0.09063863754272461,-0.21848656237125397,-0.1194700300693512,-0.2471473664045334,0.9026205539703369,2.555027484893799,-0.15830868482589722,-0.2288825809955597,-0.2784560024738312,0.09295913577079773,-0.25045841932296753,0.4317738711833954,-0.25684183835983276,-0.2349463850259781,-0.27787792682647705,-0.22098711133003235,-0.2095297873020172,-0.042510535567998886,-0.08088502287864685,-0.26880156993865967,-0.27290377020835876,0.285224050283432,0.12434789538383484,-0.2587602436542511,-0.1509469449520111,0.3372008502483368,-0.05953770503401756,1.5721009969711304,-0.18090450763702393,-0.27760979533195496,-0.21706080436706543,-0.27654796838760376,-0.04006782919168472,-0.15314772725105286,-0.21003398299217224,-0.24963057041168213,-0.24056179821491241,-0.2561004161834717,0.7122493386268616,-0.26415398716926575,0.8212518692016602,-0.25144490599632263,0.16493771970272064,-0.1414763331413269,-0.05343391373753548,0.980231761932373,-0.22213789820671082,-0.24740822613239288,-0.09889776259660721,0.10419608652591705,-0.243811696767807,-0.14455081522464752,1.4878226518630981,-0.15365581214427948,-0.27345457673072815,-0.2657187581062317,-0.21361996233463287,-0.1402236670255661,-0.12602189183235168,-0.19216659665107727,-0.25671565532684326,-0.23013480007648468,-0.2734011113643646,-0.2446891963481903,-0.24263116717338562,0.035115621984004974,0.07348378747701645,0.28468552231788635,0.02057097665965557,-0.17064569890499115,-0.047067586332559586,-0.15653230249881744,-0.10229581594467163,-0.09412521868944168,-0.15077121555805206
54,602,711,619,725,-0.24759814143180847,-0.19731222093105316,-0.24647203087806702,0.8509923815727234,-0.0443040169775486,-0.2136998176574707,-0.03866120055317879,-0.25540393590927124,-0.11957790702581406,-0.2765703499317169,0.6091589331626892,-0.2771573066711426,-0.11391860991716385,1.5667866468429565,-0.2571220099925995,-0.09522266685962677,-0.0786207988858223,-0.15502779185771942,-0.27235695719718933,-0.13751225173473358,-0.2730746865272522,-0.27300289273262024,0.41459470987319946,-0.22655294835567474,0.46489429473876953,-0.27823251485824585,0.4625636041164398,-0.2667844891548157,-0.24684679508209229,0.8619873523712158,-0.18821050226688385,-0.14250627160072327,-0.27732887864112854,0.5281998515129089,-0.2754116654396057,-0.0916072279214859,-0.22820739448070526,-0.24606238305568695,-0.15945874154567719,-0.1938106268644333,-0.27579331398010254,-0.2666879892349243,-0.27336305379867554,-0.2669997215270996,-0.275363951921463,-0.2272970825433731,-0.21741484105587006,-0.2572309076786041,1.7489761114120483,1.3261170387268066,1.5936613082885742,-0.2217016965150833,1.4979110956192017,-0.24210715293884277,-0.2231815755367279,-0.20262040197849274,-0.23337797820568085,0.17732377350330353,1.0133142471313477,-0.09381281584501266,-0.06507262587547302,2.228285074234009,0.17991766333580017,-0.18363739550113678,1.561424732208252,-0.2733219861984253,-0.22199608385562897,0.8235551118850708,-0.25857341289520264,1.5785099267959595,0.5809073448181152,-0.25043922662734985,-0.22774310410022736,-0.273534893989563,0.07915249466896057,-0.2772007882595062,-0.2175140529870987,-0.2704543471336365,-0.18283243477344513,-0.15228186547756195,-0.2605930268764496,-0.21919123828411102,-0.2739253044128418,0.49843502044677734,0.2922670841217041,-0.2711851894855499,-0.15661685168743134,-0.23956671357154846,-0.16188551485538483,-0.26185259222984314,-0.09083139151334763,1.9404995441436768,-0.23822267353534698,-0.23203504085540771,-0.24760955572128296,-0.21923047304153442,-0.21092747151851654,-0.27649563550949097,-0.04459380730986595,0.2854258418083191,-0.2562475800514221,-0.13637827336788177,0.09351806342601776,0.9001907110214233,-0.23991622030735016,-0.03800942376255989,-0.05642019957304001,-0.1554526537656784,-0.277740478515625,1.0680034160614014,-0.24226215481758118,-0.2588626444339752,-0.2594277858734131,-0.27694171667099,0.8278102874755859,-0.2784009277820587,2.7873756885528564,0.4577285647392273,-0.1125531941652298,-0.2784600257873535,0.008148739114403725,-0.23603445291519165,-0.12589429318904877,2.515904188156128,-0.23442667722702026,-0.24389488995075226,-0.2760259211063385,-0.27690383791923523
55,284,485,302,502,-0.09530257433652878,-0.16939184069633484,-0.22975654900074005,1.4714453220367432,-0.17603269219398499,-0.09180909395217896,0.17923131585121155,-0.21954599022865295,-0.06614739447832108,-0.08041373640298843,-0.2735937535762787,-0.21199703216552734,-0.2511211931705475,0.28184863924980164,4.074652671813965,-0.21190014481544495,-0.1366717368364334,1.5278244018554688,-0.2734472155570984,-0.025076543912291527,-0.2780352234840393,2.124084234237671,-0.17082957923412323,2.677698850631714,4.676358222961426,-0.2694091796875,1.6157037019729614,-0.12530992925167084,-0.21083927154541016,-0.09506634622812271,-0.1457473486661911,0.46814897656440735,-0.20649072527885437,0.41431787610054016,-0.277329683303833,-0.1972154676914215,0.7651488780975342,-0.006434570997953415,-0.06378363072872162,-0.27650827169418335,-0.23533478379249573,0.5228129029273987,1.2080671787261963,1.1420326232910156,-0.2328662872314453,0.5327796339988708,-0.17309808731079102,1.3605350255966187,-0.12863031029701233,-0.18489216268062592,1.031140685081482,1.5481860637664795,-0.20260977745056152,-0.06460345536470413,0.10127197206020355,-0.08180279284715652,0.3007131516933441,-0.2766437232494354,2.680936813354492,-0.25949588418006897,-0.2661961615085602,-0.23769515752792358,-0.26295825839042664,-0.22804000973701477,-0.2764700949192047,-0.2094401717185974,-0.2521190345287323,-0.25005167722702026,-0.2765950560569763,-0.11717391759157181,1.4130785465240479,-0.02844122424721718,-0.1975238025188446,-0.06682492792606354,0.3521980047225952,0.18096600472927094,-0.016966264694929123,-0.07588329911231995,-0.27841582894325256,-0.0839407742023468,-0.2264184206724167,-0.23908881843090057,-0.2402743101119995,-0.23477523028850555,-0.2501595616340637,-0.01921476237475872,-0.04133211821317673,-0.22377817332744598,-0.2779335379600525,-0.23206406831741333,-0.2548523545265198,-0.21332210302352905,-0.010608481243252754,1.1086137294769287,-0.2783529758453369,1.4645682573318481,1.0068554878234863,-0.2661735415458679,-0.27639248967170715,-0.278452068567276,6.351459980010986,-0.07004571706056595,0.06511516124010086,-0.07401318848133087,-0.00119897595141083,-0.09807189553976059,-0.21959726512432098,-0.03632410988211632,-0.12779901921749115,-0.2605896592140198,-0.14789478480815887,0.48013436794281006,-0.2752125859260559,2.030911922454834,-0.2730600833892822,0.059767723083496094,-0.22773778438568115,-0.06111187860369682,0.18690848350524902,-0.21658314764499664,0.6496683359146118,0.7500731945037842,-0.22526703774929047,1.50616455078125,0.06989312916994095,-0.20513121783733368,-0.02081570215523243,1.0219104290008545
56,269,625,289,644,0.0592099204659462,-0.2540642321109772,-0.005577221512794495,1.1921322345733643,-0.102060966193676,-0.2021956443786621,0.12481974065303802,-0.24930018186569214,-0.24789275228977203,-0.16084471344947815,0.33837422728538513,-0.2091541737318039,-0.1390150487422943,0.5001586079597473,1.3039391040802002,-0.2071976512670517,-0.27091798186302185,-0.2620633542537689,-0.2739086151123047,-0.23681023716926575,-0.1960102766752243,0.5303757786750793,0.23165825009346008,-0.0820305347442627,2.3957865238189697,0.0519702211022377,0.12331593036651611,-0.26278790831565857,0.10138864815235138,0.16674888134002686,-0.2029503881931305,-0.12768754363059998,-0.17573975026607513,0.33318790793418884,-0.2544666528701782,-0.20327648520469666,0.2855187952518463,0.058568306267261505,-0.2707846760749817,-0.08718661963939667,-0.2627086639404297,0.18710169196128845,0.6411476731300354,0.9380354285240173,0.10050804913043976,-0.19046443700790405,-0.25935298204421997,0.8953104019165039,-0.06486916542053223,0.1473454236984253,1.0906987190246582,0.747821569442749,0.24625125527381897,-0.2040671408176422,0.436708003282547,-0.1747683733701706,-0.0326426699757576,0.17973478138446808,2.344099760055542,-0.24525970220565796,-0.24105304479599,0.3773108720779419,-0.23528757691383362,-0.20495173335075378,0.10949799418449402,-0.20329557359218597,-0.2576313614845276,-5.100667476654053e-05,-0.09583523124456406,0.26412492990493774,0.36612632870674133,0.10186401009559631,-0.11099928617477417,-0.15402552485466003,0.6286497116088867,0.16242170333862305,0.02166391909122467,-0.19868716597557068,-0.18509501218795776,-0.0754651427268982,-0.1629619151353836,-0.2546972632408142,-0.256028413772583,-0.04604969173669815,-0.041535504162311554,-0.05738219618797302,-0.17783482372760773,-0.1673768013715744,0.05787760019302368,-0.2336522340774536,-0.24533843994140625,0.0031413137912750244,-0.0010065529495477676,0.37281185388565063,-0.2606118619441986,0.6584789752960205,0.15399903059005737,-0.20988965034484863,-0.23913414776325226,0.03349974751472473,2.706071376800537,0.05099865049123764,0.09087838977575302,0.2565399706363678,-0.13233081996440887,-0.15412381291389465,-0.012327820062637329,-0.1555846482515335,-0.04133879393339157,-0.18757805228233337,-0.21260090172290802,0.22656230628490448,-0.21475085616111755,-0.02927239052951336,0.02369670569896698,-0.06908564269542694,0.5446763634681702,-0.26400673389434814,-0.21416109800338745,-0.05384029075503349,0.14107674360275269,0.3424786627292633,-0.18693307042121887,0.2846364378929138,-0.208990216255188,0.12943676114082336,-0.05041852220892906,0.0542716458439827
57,276,464,294,479,-0.245160311460495,-0.27735456824302673,-0.1830330491065979,1.611626386642456,-0.015527506358921528,0.8023927211761475,-0.2611444890499115,-0.2696492671966553,-0.19763092696666718,-0.2757408916950226,-0.14904093742370605,-0.27844056487083435,-0.15828090906143188,-0.20914524793624878,0.4802228510379791,-0.27330872416496277,-0.030985677614808083,-0.2041432112455368,-0.1676488220691681,0.011152718216180801,-0.12780635058879852,3.4683263301849365,-0.1951766014099121,1.0267938375473022,4.351512432098389,-0.2607090473175049,-0.22546890377998352,-0.03615284711122513,-0.11334127932786942,-0.2719029188156128,-0.1809690147638321,-0.11111260950565338,-0.251910924911499,-0.2209315448999405,-0.22917301952838898,-0.2172248810529709,0.8086265921592712,-0.019743366166949272,-0.2712688446044922,-0.18858404457569122,-0.27447745203971863,0.930941641330719,0.9416810870170593,-0.2592068314552307,-0.21249057352542877,-0.0697847232222557,-0.23347657918930054,1.453835129737854,3.0714375972747803,-0.25975361466407776,1.1024885177612305,1.1950552463531494,-0.237389475107193,0.17331083118915558,-0.05253056436777115,-0.13930536806583405,-0.27099522948265076,0.8454453349113464,1.4586176872253418,-0.27759966254234314,-0.1451532542705536,-0.22289326786994934,-0.23610034584999084,-0.05671566352248192,-0.2101784348487854,-0.17980089783668518,-0.19950470328330994,-0.25630125403404236,-0.22485898435115814,-0.2270544171333313,0.4020392894744873,-0.21923312544822693,-0.2775243818759918,-0.17488951981067657,-0.09748067706823349,0.35151058435440063,-0.07740597426891327,-0.08307959139347076,-0.2126483917236328,-0.12734650075435638,2.3878722190856934,-0.24467678368091583,-0.2768949866294861,0.331279993057251,0.939755916595459,-0.09431006759405136,-0.11450082808732986,-0.09091991931200027,-0.23699931800365448,-0.2394930124282837,-0.2649451494216919,1.41065514087677,-0.14672242105007172,0.8023536801338196,-0.23273694515228271,0.9095776677131653,-0.19604884088039398,-0.13462243974208832,-0.2694820761680603,-0.2700802981853485,-0.2724513113498688,-0.17849111557006836,-0.23394301533699036,-0.2676341235637665,-0.11483751237392426,0.5735657811164856,-0.20906448364257812,-0.18686771392822266,-0.27558284997940063,-0.27580082416534424,-0.21477724611759186,0.30790597200393677,-0.23212650418281555,-0.2700146436691284,-0.24850167334079742,-0.03973402455449104,-0.09358441084623337,-0.1724972277879715,-0.15929250419139862,-0.052481234073638916,0.2805877923965454,-0.08411385118961334,-0.27247878909111023,0.6492733955383301,0.050159845501184464,-0.17011255025863647,-0.10003158450126648,0.2812279164791107
58,323,322,343,338,-0.27802494168281555,-0.2781990170478821,-0.051794447004795074,1.5024341344833374,-0.06661958247423172,0.9901313185691833,-0.2784542143344879,-0.27378222346305847,-0.27463188767433167,-0.20870955288410187,-0.18525661528110504,-0.2512059211730957,-0.1837732344865799,1.2591781616210938,0.4218277931213379,-0.2644822597503662,-0.27475035190582275,-0.20354963839054108,-0.23497121036052704,0.4704226553440094,-0.17999614775180817,3.5937023162841797,-0.2779804468154907,-0.2443070113658905,3.694357395172119,-0.26984140276908875,-0.2541244626045227,-0.2304018884897232,-0.1848541796207428,-0.2762487530708313,-0.18552017211914062,-0.2676715850830078,-0.2771965265274048,-0.045146431773900986,-0.21696612238883972,-0.18420827388763428,0.6386883854866028,-0.030317261815071106,-0.24648776650428772,-0.2452787309885025,-0.27264758944511414,0.5280234217643738,1.3744059801101685,0.10166043788194656,-0.25168487429618835,-0.23001177608966827,-0.2744644582271576,1.0605374574661255,2.1864442825317383,-0.25311464071273804,2.13627290725708,1.3501464128494263,-0.2620832324028015,-0.10580170154571533,0.9930171966552734,-0.16265377402305603,-0.16644509136676788,0.7993031144142151,3.701144218444824,-0.270479291677475,-0.2481614202260971,-0.24248778820037842,-0.23198579251766205,-0.23433654010295868,-0.22259646654129028,-0.2756926119327545,-0.24284224212169647,-0.24714496731758118,-0.23161321878433228,-0.27020063996315,0.3162408173084259,-0.22182370722293854,-0.2767139673233032,-0.27045297622680664,0.515247642993927,0.21838220953941345,-0.22605983912944794,-0.16995836794376373,-0.1539931297302246,-0.1656053364276886,2.1186957359313965,-0.2710612714290619,-0.2781067490577698,0.03441191092133522,0.020331667736172676,-0.15311257541179657,-0.2784501612186432,-0.10158175975084305,-0.2666884660720825,-0.2647970914840698,-0.27291184663772583,0.7638697624206543,-0.21672861278057098,0.6854888796806335,-0.2237255573272705,0.6040972471237183,-0.2327338010072708,-0.23420515656471252,-0.07882329076528549,-0.20125597715377808,-0.2782815098762512,-0.19074136018753052,-0.036678534001111984,-0.16822554171085358,-0.191903755068779,0.9120169878005981,-0.25954365730285645,-0.2721506357192993,0.16020509600639343,-0.27795881032943726,-0.27100253105163574,0.08739598095417023,-0.22054216265678406,-0.24335095286369324,-0.2477337270975113,-0.10343282669782639,-0.08868271112442017,-0.27224817872047424,-0.22722914814949036,-0.13065391778945923,0.11416171491146088,-0.0862320214509964,-0.2679118812084198,0.12325184047222137,-0.27012398838996887,-0.23521290719509125,-0.09342537820339203,0.010759847238659859
59,723,303,740,318,-0.15554465353488922,-0.13877323269844055,-0.0524149015545845,1.5478110313415527,-0.03812616690993309,0.2519022524356842,-0.17828227579593658,-0.2663622200489044,-0.2177305817604065,-0.2648316025733948,0.3103184998035431,-0.157789409160614,-0.17268122732639313,4.470126628875732,-0.22920241951942444,-0.2776966989040375,-0.007547882851213217,-0.1317947655916214,-0.2679109275341034,-0.06819552183151245,-0.20755644142627716,2.062516927719116,-0.2783146798610687,-0.2502390444278717,1.161181926727295,-0.22767245769500732,-0.20729553699493408,-0.19794730842113495,-0.2713659107685089,-0.2579793930053711,-0.1453578770160675,-0.09060580283403397,-0.2374965399503708,0.08938870579004288,-0.25917038321495056,-0.2573537230491638,0.6891666650772095,-0.06604483723640442,-0.17485731840133667,-0.1670684665441513,-0.23566807806491852,0.7424187660217285,1.6189121007919312,0.021460358053445816,-0.1274510771036148,-0.23919154703617096,-0.19517362117767334,0.9082539081573486,4.644076824188232,-0.21364526450634003,0.49819496273994446,0.35928598046302795,-0.27463820576667786,0.09063863754272461,-0.21848656237125397,-0.1194700300693512,-0.2471473664045334,0.9026205539703369,2.555027484893799,-0.15830868482589722,-0.2288825809955597,-0.2784560024738312,0.09295913577079773,-0.25045841932296753,0.4317738711833954,-0.25684183835983276,-0.2349463850259781,-0.27787792682647705,-0.22098711133003235,-0.2095297873020172,-0.042510535567998886,-0.08088502287864685,-0.26880156993865967,-0.27290377020835876,0.285224050283432,0.12434789538383484,-0.2587602436542511,-0.1509469449520111,0.3372008502483368,-0.05953770503401756,1.5721009969711304,-0.18090450763702393,-0.27760979533195496,-0.21706080436706543,-0.27654796838760376,-0.04006782919168472,-0.15314772725105286,-0.21003398299217224,-0.24963057041168213,-0.24056179821491241,-0.2561004161834717,0.7122493386268616,-0.26415398716926575,0.8212518692016602,-0.25144490599632263,0.16493771970272064,-0.1414763331413269,-0.05343391373753548,0.980231761932373,-0.22213789820671082,-0.24740822613239288,-0.09889776259660721,0.10419608652591705,-0.243811696767807,-0.14455081522464752,1.4878226518630981,-0.15365581214427948,-0.27345457673072815,-0.2657187581062317,-0.21361996233463287,-0.1402236670255661,-0.12602189183235168,-0.19216659665107727,-0.25671565532684326,-0.23013480007648468,-0.2734011113643646,-0.2446891963481903,-0.24263116717338562,0.035115621984004974,0.07348378747701645,0.28468552231788635,0.02057097665965557,-0.17064569890499115,-0.047067586332559586,-0.15653230249881744,-0.10229581594467163,-0.09412521868944168,-0.15077121555805206
60,270,479,287,495,0.21592937409877777,-0.2674405574798584,-0.2761749029159546,0.9901275038719177,-0.17914915084838867,-0.26248741149902344,0.1828600913286209,-0.23140765726566315,-0.23940332233905792,-0.27405521273612976,0.11226546764373779,-0.23170657455921173,0.10873151570558548,-0.07814603298902512,-0.06295713782310486,-0.12014840543270111,-0.19136272370815277,-0.22101721167564392,-0.1978825479745865,-0.23914743959903717,-0.030363434925675392,0.02766398712992668,0.741688072681427,-0.005833314266055822,0.05993891507387161,-0.21575285494327545,-0.00673598563298583,-0.15205319225788116,-0.21089644730091095,0.6597537994384766,-0.2619360089302063,-0.2344820350408554,-0.1413491666316986,0.1991191804409027,-0.2369198203086853,-0.2630675733089447,-0.22597306966781616,-0.06451033800840378,-0.27827003598213196,-0.25145772099494934,-0.17963023483753204,-0.2263941913843155,-0.2753523588180542,-0.2776464819908142,0.12189088761806488,-0.23150688409805298,-0.25091052055358887,-0.20191580057144165,-0.013873046264052391,0.14275473356246948,1.3704208135604858,-0.1119554415345192,0.3400072753429413,-0.23048339784145355,-0.051779814064502716,-0.26463228464126587,-0.2784631550312042,0.318400114774704,0.7343627214431763,-0.22753559052944183,-0.18329419195652008,0.9103958606719971,-0.11328864097595215,-0.27839726209640503,-0.1314563751220703,-0.2750334143638611,-0.22423496842384338,0.4531121850013733,0.0664922371506691,0.8876087665557861,0.2920561134815216,-0.26377585530281067,-0.007399008143693209,0.0031430318485945463,0.047406475991010666,-0.178982675075531,-0.26914069056510925,-0.24244755506515503,-0.2636716663837433,-0.24098017811775208,-0.15965411067008972,-0.27141377329826355,-0.26706942915916443,0.1559111326932907,0.5418689250946045,0.7884749174118042,-0.14060813188552856,-0.2148001343011856,0.21963752806186676,-0.0180149395018816,-0.2177553027868271,1.0641871690750122,-0.04039271920919418,-0.2513730823993683,-0.2689777612686157,-0.15450751781463623,-0.14472928643226624,0.03158184885978699,-0.2504158318042755,0.24867795407772064,-0.04539908841252327,0.23283128440380096,-0.1278803050518036,0.36814987659454346,-0.27593886852264404,-0.008256454020738602,0.02417225018143654,-0.20711171627044678,-0.2285146266222,0.3492053747177124,-0.13938164710998535,-0.25933367013931274,-0.1923941969871521,-0.27821290493011475,0.6499313116073608,-0.24538132548332214,0.35378149151802063,-0.2651103138923645,-0.22299109399318695,-0.0747750774025917,-0.11435245722532272,0.14059200882911682,-0.27079036831855774,0.6388199925422668,-0.15530355274677277,0.007844447158277035,-0.2549980580806732,-0.21857859194278717
61,614,206,631,223,0.5113286375999451,-0.2724617123603821,0.031842708587646484,0.9672456979751587,-0.1211368516087532,-0.27846449613571167,0.023814961314201355,-0.2134535014629364,-0.26916223764419556,-0.2608363628387451,0.6355649828910828,-0.24191072583198547,0.30681705474853516,-0.05077918991446495,0.0187736377120018,-0.1498447060585022,-0.2657204866409302,-0.23744840919971466,-0.23934991657733917,-0.24736574292182922,-0.05297393351793289,0.02905512973666191,0.5371618866920471,-0.05408055707812309,0.07543583959341049,-0.17625382542610168,-0.17097996175289154,-0.2763042449951172,0.2586537301540375,0.44548362493515015,-0.16670788824558258,-0.24545764923095703,-0.06672879308462143,0.2108456939458847,-0.21226036548614502,-0.27739208936691284,-0.24127943813800812,0.08904197812080383,-0.2767333686351776,-0.1914963722229004,-0.2769295275211334,-0.21603336930274963,-0.2686593532562256,-0.0029660884756594896,0.30792367458343506,-0.24845397472381592,-0.18842965364456177,0.39018216729164124,-0.0020130490884184837,0.04364042729139328,0.3802957534790039,-0.10465340316295624,0.4341072738170624,-0.22356049716472626,-0.013805264607071877,-0.18352726101875305,-0.2778032422065735,0.1539018154144287,0.2169436365365982,-0.2772221863269806,0.05884339287877083,0.9147344827651978,-0.10903045535087585,-0.2341606765985489,0.035872768610715866,-0.0462886281311512,-0.20942310988903046,0.31759077310562134,0.050615083426237106,0.5220611691474915,0.7113325595855713,-0.2678167223930359,-0.15817660093307495,0.08442816138267517,0.02758682519197464,-0.2357388436794281,0.13028468191623688,-0.274163156747818,-0.24387213587760925,-0.1774587333202362,0.03094053827226162,-0.2761765420436859,-0.27068254351615906,-0.15126554667949677,-0.0688243880867958,-0.04424356669187546,-0.13152369856834412,-0.21517318487167358,0.12658531963825226,-0.20157307386398315,-0.23438695073127747,0.16648495197296143,0.2812778353691101,-0.2589406967163086,-0.2667604684829712,-0.20221398770809174,-0.2281121462583542,0.33689847588539124,-0.25575917959213257,0.26995357871055603,0.03896376118063927,0.3349519670009613,0.09974908083677292,0.5881672501564026,-0.27817651629447937,0.18018881976604462,-0.05043751746416092,-0.26550859212875366,-0.10786700248718262,-0.17224641144275665,-0.10700954496860504,-0.2576645612716675,-0.2530631422996521,-0.20490597188472748,0.518638014793396,-0.2587662935256958,0.20971962809562683,-0.277131050825119,-0.2720399498939514,-0.016449695453047752,-0.1149996966123581,0.5610059499740601,-0.27612626552581787,0.27700936794281006,-0.024227160960435867,0.2510838210582733,-0.1699397712945938,-0.22061952948570251
62,683,423,699,439,0.286723256111145,-0.2689996659755707,0.10140500962734222,0.8600454330444336,-0.05087699741125107,-0.26722636818885803,0.13007859885692596,-0.2781684696674347,-0.27608537673950195,-0.2670256793498993,1.4456583261489868,-0.25819331407546997,-0.11351626366376877,0.5981020331382751,-0.037712328135967255,-0.22557128965854645,-0.1397676020860672,-0.23420695960521698,-0.22096432745456696,-0.2301880270242691,-0.11235969513654709,-0.27087274193763733,0.21435506641864777,-0.24743981659412384,-0.03948736935853958,-0.2517510652542114,-0.14415520429611206,-0.2678450047969818,0.7485703229904175,0.20846454799175262,-0.24938996136188507,-0.14076609909534454,-0.20304115116596222,0.4732179045677185,-0.21084190905094147,-0.25367477536201477,-0.2665691077709198,-0.12265323102474213,-0.2759353816509247,-0.2766116261482239,-0.2613300085067749,-0.2580908536911011,-0.1392003297805786,0.1940504014492035,0.36758092045783997,-0.2784593403339386,-0.26016727089881897,0.5001834034919739,0.9853573441505432,0.7893918752670288,0.09519023448228836,-0.256100058555603,0.7926361560821533,-0.2769051194190979,-0.01290054526180029,-0.18445174396038055,-0.27181190252304077,-0.083474300801754,0.5705490112304688,-0.21053552627563477,0.33305099606513977,1.4653737545013428,-0.18532788753509521,-0.036768827587366104,0.6840740442276001,-0.2578769624233246,-0.1656787097454071,0.006117419805377722,-0.24275340139865875,1.2044188976287842,0.41574567556381226,-0.20282024145126343,-0.20243890583515167,-0.049543846398591995,-0.0630277618765831,-0.23585301637649536,0.14358007907867432,-0.2781651020050049,-0.23872436583042145,-0.1733931601047516,-0.17472203075885773,-0.27751898765563965,-0.2665361166000366,0.2851192355155945,-0.05562611669301987,-0.16960182785987854,-0.2541489005088806,-0.13991974294185638,-0.1628687083721161,-0.2761756479740143,-0.1752033531665802,-0.042434051632881165,-0.12656031548976898,-0.20728512108325958,-0.2701629400253296,-0.16908574104309082,-0.2769926190376282,-0.23770035803318024,-0.1435643434524536,0.26884499192237854,-0.1427188515663147,-0.03810202330350876,0.08138290792703629,0.817655622959137,-0.24938718974590302,0.39090925455093384,-0.03753668814897537,-0.2406483143568039,-0.22163265943527222,0.04768092930316925,-0.2752648591995239,-0.2765902578830719,-0.11745231598615646,-0.16975344717502594,0.7785100340843201,-0.26744142174720764,2.966451644897461,-0.2188384234905243,-0.26589059829711914,-0.20949146151542664,-0.1351429969072342,0.21157853305339813,-0.2773846685886383,0.815323531627655,-0.15857356786727905,0.5822958946228027,-0.11827494204044342,-0.2682602107524872
63,322,335,342,351,-0.27802494168281555,-0.2781990170478821,-0.051794447004795074,1.5024341344833374,-0.06661958247423172,0.9901313185691833,-0.2784542143344879,-0.27378222346305847,-0.27463188767433167,-0.20870955288410187,-0.18525661528110504,-0.2512059211730957,-0.1837732344865799,1.2591781616210938,0.4218277931213379,-0.2644822597503662,-0.27475035190582275,-0.20354963839054108,-0.23497121036052704,0.4704226553440094,-0.17999614775180817,3.5937023162841797,-0.2779804468154907,-0.2443070113658905,3.694357395172119,-0.26984140276908875,-0.2541244626045227,-0.2304018884897232,-0.1848541796207428,-0.2762487530708313,-0.18552017211914062,-0.2676715850830078,-0.2771965265274048,-0.045146431773900986,-0.21696612238883972,-0.18420827388763428,0.6386883854866028,-0.030317261815071106,-0.24648776650428772,-0.2452787309885025,-0.27264758944511414,0.5280234217643738,1.3744059801101685,0.10166043788194656,-0.25168487429618835,-0.23001177608966827,-0.2744644582271576,1.0605374574661255,2.1864442825317383,-0.25311464071273804,2.13627290725708,1.3501464128494263,-0.2620832324028015,-0.10580170154571533,0.9930171966552734,-0.16265377402305603,-0.16644509136676788,0.7993031144142151,3.701144218444824,-0.270479291677475,-0.2481614202260971,-0.24248778820037842,-0.23198579251766205,-0.23433654010295868,-0.22259646654129028,-0.2756926119327545,-0.24284224212169647,-0.24714496731758118,-0.23161321878433228,-0.27020063996315,0.3162408173084259,-0.22182370722293854,-0.2767139673233032,-0.27045297622680664,0.515247642993927,0.21838220953941345,-0.22605983912944794,-0.16995836794376373,-0.1539931297302246,-0.1656053364276886,2.1186957359313965,-0.2710612714290619,-0.2781067490577698,0.03441191092133522,0.020331667736172676,-0.15311257541179657,-0.2784501612186432,-0.10158175975084305,-0.2666884660720825,-0.2647970914840698,-0.27291184663772583,0.7638697624206543,-0.21672861278057098,0.6854888796806335,-0.2237255573272705,0.6040972471237183,-0.2327338010072708,-0.23420515656471252,-0.07882329076528549,-0.20125597715377808,-0.2782815098762512,-0.19074136018753052,-0.036678534001111984,-0.16822554171085358,-0.191903755068779,0.9120169878005981,-0.25954365730285645,-0.2721506357192993,0.16020509600639343,-0.27795881032943726,-0.27100253105163574,0.08739598095417023,-0.22054216265678406,-0.24335095286369324,-0.2477337270975113,-0.10343282669782639,-0.08868271112442017,-0.27224817872047424,-0.22722914814949036,-0.13065391778945923,0.11416171491146088,-0.0862320214509964,-0.2679118812084198,0.12325184047222137,-0.27012398838996887,-0.23521290719509125,-0.09342537820339203,0.010759847238659859
64,605,211,624,229,0.06798882782459259,-0.27726876735687256,0.26341262459754944,1.145113468170166,-0.18501970171928406,-0.23258358240127563,0.7829452753067017,-0.10859829932451248,-0.21221742033958435,-0.21421104669570923,0.36399590969085693,-0.24152958393096924,-0.025505095720291138,1.2441600561141968,1.2519805431365967,-0.21217972040176392,-0.16826854646205902,3.1615331172943115,-0.12657099962234497,0.9750956296920776,-0.17305825650691986,0.35095641016960144,0.09016065299510956,0.3608996272087097,1.4866777658462524,0.2556900680065155,0.3319132924079895,0.05328966677188873,0.05320645868778229,0.0776054859161377,-0.24402852356433868,0.31081926822662354,0.008847344666719437,0.04501441866159439,-0.1863558441400528,-0.25838541984558105,-0.15058380365371704,-0.03382979333400726,-0.23862984776496887,0.35678350925445557,-0.11032943427562714,-0.020087867975234985,0.5797229409217834,0.4421465992927551,-0.042052268981933594,0.25755196809768677,-0.27187657356262207,0.5279771089553833,-0.06905288249254227,0.03774721920490265,0.6087887287139893,0.20044726133346558,0.030253708362579346,-0.25594183802604675,0.03633458539843559,-0.045204661786556244,0.2545853853225708,-0.17242299020290375,1.0780616998672485,-0.2775719463825226,-0.12911418080329895,0.44195252656936646,-0.16262483596801758,0.0997053012251854,0.4596398174762726,-0.175838902592659,-0.24583956599235535,0.4407515823841095,-0.09309807419776917,0.2924973964691162,0.49316680431365967,-0.21466025710105896,-0.1177372932434082,-0.04654489457607269,0.07826133072376251,0.10482074320316315,0.05136696621775627,-0.2536991834640503,-0.2590954005718231,-0.19133438169956207,0.2983095645904541,-0.024969518184661865,-0.2603725492954254,0.0489809587597847,-0.1267745941877365,-0.012884214520454407,-0.12164121866226196,-0.2146870493888855,0.9383988380432129,-0.2551797032356262,0.7217788100242615,-0.08527186512947083,-0.010461337864398956,-0.04521877318620682,-0.2102966606616974,-0.2279643714427948,-0.03473474085330963,-0.18658408522605896,-0.06390222907066345,0.0616811066865921,2.062657117843628,-0.14441171288490295,-0.07521103322505951,0.12832708656787872,-0.21472066640853882,-0.1003626137971878,0.4048469364643097,0.15132202208042145,-0.14164188504219055,0.08392221480607986,-0.22407236695289612,-0.04361411929130554,-0.24688534438610077,1.2201673984527588,0.20572848618030548,-0.09621527791023254,0.5548710823059082,-0.12978322803974152,0.21824601292610168,-0.0971371978521347,0.13113842904567719,0.45647504925727844,-0.16817021369934082,0.7149462699890137,-0.08688949048519135,0.2399473786354065,-0.10577957332134247,0.21760280430316925
65,278,473,295,487,-0.245160311460495,-0.27735456824302673,-0.1830330491065979,1.611626386642456,-0.015527506358921528,0.8023927211761475,-0.2611444890499115,-0.2696492671966553,-0.19763092696666718,-0.2757408916950226,-0.14904093742370605,-0.27844056487083435,-0.15828090906143188,-0.20914524793624878,0.4802228510379791,-0.27330872416496277,-0.030985677614808083,-0.2041432112455368,-0.1676488220691681,0.011152718216180801,-0.12780635058879852,3.4683263301849365,-0.1951766014099121,1.0267938375473022,4.351512432098389,-0.2607090473175049,-0.22546890377998352,-0.03615284711122513,-0.11334127932786942,-0.2719029188156128,-0.1809690147638321,-0.11111260950565338,-0.251910924911499,-0.2209315448999405,-0.22917301952838898,-0.2172248810529709,0.8086265921592712,-0.019743366166949272,-0.2712688446044922,-0.18858404457569122,-0.27447745203971863,0.930941641330719,0.9416810870170593,-0.2592068314552307,-0.21249057352542877,-0.0697847232222557,-0.23347657918930054,1.453835129737854,3.0714375972747803,-0.25975361466407776,1.1024885177612305,1.1950552463531494,-0.237389475107193,0.17331083118915558,-0.05253056436777115,-0.13930536806583405,-0.27099522948265076,0.8454453349113464,1.4586176872253418,-0.27759966254234314,-0.1451532542705536,-0.22289326786994934,-0.23610034584999084,-0.05671566352248192,-0.2101784348487854,-0.17980089783668518,-0.19950470328330994,-0.25630125403404236,-0.22485898435115814,-0.2270544171333313,0.4020392894744873,-0.21923312544822693,-0.2775243818759918,-0.17488951981067657,-0.09748067706823349,0.35151058435440063,-0.07740597426891327,-0.08307959139347076,-0.2126483917236328,-0.12734650075435638,2.3878722190856934,-0.24467678368091583,-0.2768949866294861,0.331279993057251,0.939755916595459,-0.09431006759405136,-0.11450082808732986,-0.09091991931200027,-0.23699931800365448,-0.2394930124282837,-0.2649451494216919,1.41065514087677,-0.14672242105007172,0.8023536801338196,-0.23273694515228271,0.9095776677131653,-0.19604884088039398,-0.13462243974208832,-0.2694820761680603,-0.2700802981853485,-0.2724513113498688,-0.17849111557006836,-0.23394301533699036,-0.2676341235637665,-0.11483751237392426,0.5735657811164856,-0.20906448364257812,-0.18686771392822266,-0.27558284997940063,-0.27580082416534424,-0.21477724611759186,0.30790597200393677,-0.23212650418281555,-0.2700146436691284,-0.24850167334079742,-0.03973402455449104,-0.09358441084623337,-0.1724972277879715,-0.15929250419139862,-0.052481234073638916,0.2805877923965454,-0.08411385118961334,-0.27247878909111023,0.6492733955383301,0.050159845501184464,-0.17011255025863647,-0.10003158450126648,0.2812279164791107
