id,x0,y0,x1,y1,f0,f1,f2,f3,f4,f5,f6,f7,f8,f9,f10,f11,f12,f13,f14,f15,f16,f17,f18,f19,f20,f21,f22,f23,f24,f25,f26,f27,f28,f29,f30,f31,f32,f33,f34,f35,f36,f37,f38,f39,f40,f41,f42,f43,f44,f45,f46,f47,f48,f49,f50,f51,f52,f53,f54,f55,f56,f57,f58,f59,f60,f61,f62,f63,f64,f65,f66,f67,f68,f69,f70,f71,f72,f73,f74,f75,f76,f77,f78,f79,f80,f81,f82,f83,f84,f85,f86,f87,f88,f89,f90,f91,f92,f93,f94,f95,f96,f97,f98,f99,f100,f101,f102,f103,f104,f105,f106,f107,f108,f109,f110,f111,f112,f113,f114,f115,f116,f117,f118,f119,f120,f121,f122,f123,f124,f125,f126,f127
0,673,298,732,351,0.6340155601501465,-0.1870795488357544,0.736722469329834,1.0154213905334473,-0.10584425181150436,-0.17020349204540253,0.09842177480459213,-0.15063300728797913,-0.15682776272296906,-0.1983325034379959,0.13365967571735382,-0.10221400856971741,0.09780960530042648,0.16158947348594666,0.22272896766662598,-0.14836302399635315,-0.222843199968338,-0.13862134516239166,0.051281411200761795,0.04025055840611458,-0.06063798442482948,0.22751003503799438,0.6867760419845581,0.49841731786727905,0.1409374624490738,0.12118261307477951,-0.08803998678922653,-0.21727332472801208,0.24858146905899048,0.297316312789917,-0.021959559991955757,-0.18581360578536987,0.0639035627245903,0.2515484094619751,-0.19380956888198853,-0.19727161526679993,-0.2418486475944519,0.44234371185302734,-0.1933092474937439,0.37145641446113586,-0.2754491865634918,-0.21641817688941956,0.8022379279136658,0.2168128490447998,0.28822168707847595,-0.1821272075176239,-0.1905873417854309,0.49946129322052,0.2617246210575104,0.19612067937850952,0.14650297164916992,0.01426240336149931,0.2573765516281128,-0.1977977156639099,0.41354507207870483,-0.23471525311470032,-0.22038474678993225,0.16012614965438843,0.5555236339569092,-0.06451952457427979,0.33496081829071045,0.6902161836624146,-0.12064085900783539,-0.19922113418579102,0.5454432368278503,0.6550986170768738,-0.023967139422893524,0.13963119685649872,-0.02613282948732376,0.6052973866462708,1.001278281211853,-0.2304132729768753,-0.027833065018057823,0.046004518866539,-0.18433424830436707,-0.14253710210323334,0.194221630692482,-0.18164269626140594,-0.20013323426246643,-0.20368987321853638,0.6334571242332458,-0.2432192713022232,-0.2721368074417114,0.2193538099527359,-0.10000099241733551,0.5672368407249451,-0.1778881996870041,-0.19882486760616302,0.036058519035577774,-0.23535411059856415,-0.1428890973329544,0.40380728244781494,0.05870869383215904,-0.2411922663450241,0.09347259998321533,-0.24238596856594086,-0.2195727378129959,-0.10274869203567505,-0.19117853045463562,0.3304053544998169,-0.00737663172185421,0.20855353772640228,0.3380448520183563,0.23958060145378113,-0.15048937499523163,0.24207837879657745,0.12684684991836548,0.2294124811887741,-0.15199322998523712,-0.14668190479278564,0.19336292147636414,-0.24266164004802704,0.21547740697860718,-0.09762871265411377,0.5921532511711121,-0.2439795583486557,0.27247941493988037,-0.12973403930664062,-0.2655879259109497,-0.021067507565021515,-0.14141945540905,0.35757139325141907,0.21617954969406128,0.4864474833011627,-0.10270616412162781,0.7150751948356628,-0.12290877848863602,-0.17828814685344696
1,648,596,703,647,0.5668443441390991,-0.20068472623825073,0.8906901478767395,1.0387651920318604,-0.18119081854820251,-0.14224649965763092,0.1365317702293396,-0.1437387466430664,-0.23429645597934723,-0.22914642095565796,0.16785316169261932,-0.017776479944586754,0.035646721720695496,0.6656450629234314,0.24700985848903656,-0.1465785652399063,-0.12347544729709625,-0.19678372144699097,0.3570612072944641,-0.011896037496626377,-0.10731586813926697,0.013029787689447403,0.7373308539390564,0.10501495748758316,0.16248799860477448,0.21962735056877136,-0.031987566500902176,-0.20313993096351624,0.4052840769290924,0.22569264471530914,-0.07274840772151947,-0.20463544130325317,0.05691581219434738,0.3802432417869568,-0.18504871428012848,-0.1273123174905777,-0.24654589593410492,0.569176971912384,-0.17113259434700012,0.18554747104644775,-0.27395734190940857,-0.21118031442165375,0.7313363552093506,0.3553268313407898,0.4773530960083008,-0.18731635808944702,-0.19013184309005737,0.460459440946579,0.5434292554855347,0.5072636008262634,0.11069712042808533,0.04548642411828041,0.36789804697036743,-0.19848601520061493,0.5234542489051819,-0.24333681166172028,-0.1749350130558014,0.11766420304775238,0.6006738543510437,-0.21150948107242584,0.47204700112342834,0.7494217753410339,-0.12611913681030273,-0.018948521465063095,0.6526995897293091,0.7376985549926758,0.041516922414302826,0.20187921822071075,0.05904532968997955,0.7874125242233276,0.7648398280143738,-0.1792866736650467,0.0019299507839605212,0.03504878655076027,-0.17743635177612305,-0.10766669362783432,0.40964576601982117,-0.129550039768219,-0.1244649887084961,-0.19509795308113098,0.2970733344554901,-0.20207597315311432,-0.2701060473918915,0.374202698469162,-0.09290309995412827,0.3330581784248352,-0.23879899084568024,-0.18054883182048798,0.0513087697327137,-0.21869271993637085,-0.06453856825828552,0.3801918625831604,0.11817751824855804,-0.2539747655391693,0.011319968849420547,-0.24359576404094696,-0.22998741269111633,-0.10177142173051834,-0.14850802719593048,0.2671949565410614,0.06846405565738678,0.07762864977121353,0.3298288583755493,0.3105146586894989,0.0578630156815052,0.309914231300354,0.11209738254547119,-0.025391293689608574,-0.08596767485141754,-0.1524248868227005,0.40405362844467163,-0.25598716735839844,0.27546921372413635,-0.08139633387327194,0.6382057666778564,-0.22453027963638306,0.6980496644973755,-0.16779004037380219,-0.24712249636650085,-0.0069696176797151566,-0.14384882152080536,0.43253856897354126,0.12671510875225067,0.501581609249115,-0.11334831267595291,1.049641489982605,-0.07534781843423843,-0.20646212995052338
2,453,512,504,559,0.46907758712768555,-0.19615352153778076,0.7578458786010742,1.000841498374939,0.011026129126548767,-0.14849062263965607,0.21435542404651642,-0.20763705670833588,-0.23401695489883423,-0.27101778984069824,0.33039674162864685,-0.1057482436299324,0.011652191169559956,0.4119175970554352,0.15614619851112366,-0.1355026513338089,-0.10941994190216064,-0.26151105761528015,0.28535163402557373,0.025446603074669838,-0.16515393555164337,0.14234226942062378,0.4775454103946686,-0.023020803928375244,0.5339059233665466,0.16220344603061676,0.07746502012014389,-0.2277989238500595,0.26576268672943115,0.06101404130458832,-0.18833039700984955,-0.2392384260892868,0.08817058801651001,0.6383335590362549,-0.1461261659860611,-0.12615497410297394,-0.25049644708633423,0.1281309276819229,-0.23719066381454468,0.14852695167064667,-0.27228114008903503,-0.21950481832027435,0.6749657988548279,0.2906178832054138,0.2471633404493332,-0.1809009462594986,-0.2314801663160324,0.494155615568161,0.6038009524345398,0.29585883021354675,0.3140988349914551,0.07019820809364319,0.17312562465667725,-0.15310029685497284,0.6371009945869446,-0.22732806205749512,-0.06844866275787354,0.30211034417152405,0.6069183349609375,-0.08992738276720047,0.35138988494873047,0.5950375199317932,-0.023225955665111542,-0.11292856186628342,0.34868428111076355,0.24218030273914337,0.21194513142108917,0.20075976848602295,-0.15549691021442413,0.9130206108093262,0.6704185605049133,-0.2119409590959549,-0.12763744592666626,-0.07658310979604721,-0.14330841600894928,-0.15089116990566254,0.3766227662563324,-0.21494342386722565,-0.1952308565378189,-0.21900653839111328,0.18752402067184448,-0.2181529849767685,-0.2683260142803192,0.34502360224723816,-0.12806889414787292,0.42505475878715515,-0.22627383470535278,-0.16861958801746368,-0.04923040792346001,-0.2348054200410843,-0.13774138689041138,0.3312152922153473,-0.1059735119342804,-0.23638375103473663,0.4014147222042084,-0.2260562628507614,-0.2330343872308731,-0.18273717164993286,-0.21975481510162354,0.2558239996433258,0.1481017917394638,-0.09102747589349747,0.5484663248062134,0.1802826076745987,-0.20376618206501007,0.25750473141670227,0.03269238770008087,0.24248386919498444,-0.015021204948425293,-0.1778251975774765,0.20648378133773804,-0.2610667943954468,0.4965975284576416,-0.17795932292938232,0.6990973949432373,-0.23779670894145966,0.3237079083919525,-0.13278934359550476,-0.25173649191856384,-0.010424408130347729,-0.15220384299755096,0.3503997325897217,0.29199811816215515,0.655100405216217,-0.18940341472625732,1.0431115627288818,-0.13324330747127533,-0.22854888439178467
3,539,589,595,640,0.6471696496009827,-0.11627039313316345,0.7453330755233765,1.056039810180664,-0.19921046495437622,-0.17628245055675507,0.10026148706674576,-0.1120087206363678,-0.21257446706295013,-0.2245446741580963,0.1529090255498886,-0.08660975098609924,0.055242761969566345,0.10577620565891266,0.3615639805793762,-0.12577182054519653,-0.18491876125335693,-0.18685787916183472,0.017219897359609604,-0.04091161489486694,-0.0732041671872139,0.12018503248691559,0.8206712007522583,0.04052988439798355,0.22169284522533417,0.04680032283067703,-0.07350248843431473,-0.23514202237129211,0.3885761499404907,0.3875737488269806,0.05642864108085632,-0.23953568935394287,-0.011089980602264404,0.1869787722826004,-0.155923992395401,-0.18585309386253357,-0.23470567166805267,0.3978019952774048,-0.03421112895011902,0.09431011974811554,-0.27432018518447876,-0.19860617816448212,0.30064448714256287,0.26324644684791565,0.20213928818702698,-0.17642904818058014,-0.13662736117839813,0.4109734296798706,0.18386900424957275,0.3550269603729248,0.04968281835317612,0.07244837284088135,0.39644527435302734,-0.17372776567935944,0.8509162664413452,-0.2523977756500244,-0.2005767524242401,0.06438970565795898,0.4849643111228943,-0.17420074343681335,0.3992157280445099,0.57320237159729,-0.16217386722564697,-0.19950658082962036,0.1976272463798523,0.5175861120223999,-0.12489612400531769,0.2470014989376068,0.029052935540676117,0.6176523566246033,0.5480254888534546,-0.2484133094549179,0.13913266360759735,-0.04110050946474075,-0.1665196418762207,-0.14080172777175903,0.4596862196922302,-0.11320021748542786,-0.15319350361824036,-0.20831352472305298,0.27891188859939575,-0.23202145099639893,-0.2689136266708374,0.17588171362876892,0.09394568204879761,0.5634555220603943,-0.1298198401927948,-0.21016031503677368,0.0653424933552742,-0.24310728907585144,-0.1740165650844574,0.2838438153266907,0.35407841205596924,-0.25819963216781616,-0.025835245847702026,-0.22093361616134644,-0.1778251826763153,-0.10882502049207687,-0.19965386390686035,0.2358381748199463,0.06185298040509224,0.2734748125076294,0.15337081253528595,0.2555215358734131,-0.02406230941414833,0.21135158836841583,0.1755736768245697,-0.07041758298873901,-0.026181474328041077,-0.20188932120800018,0.1862861067056656,-0.2513110339641571,0.13521383702754974,-0.042238689959049225,0.6416353583335876,-0.20666636526584625,0.5136963129043579,-0.09975021332502365,-0.26355767250061035,0.03878028690814972,-0.13222244381904602,0.4696536064147949,0.03468326851725578,0.3416421115398407,-0.10658269375562668,0.6731290817260742,-0.055773939937353134,-0.1885528266429901
4,686,218,740,267,0.5799288749694824,-0.1956295222043991,0.6604097485542297,1.0293564796447754,-0.21934790909290314,-0.12959744036197662,0.11543291807174683,-0.1636989861726761,-0.12641362845897675,-0.19000406563282013,0.13620147109031677,-0.1136699989438057,0.09780368953943253,0.15369056165218353,0.3020111322402954,-0.14046762883663177,-0.16527126729488373,-0.137210413813591,0.06985548138618469,-0.14708659052848816,-0.15856313705444336,0.18543030321598053,0.7013916969299316,0.360579252243042,0.09477778524160385,0.009800977073609829,-0.04445545747876167,-0.20836158096790314,0.2064039260149002,0.2034914493560791,-0.027772163972258568,-0.19003085792064667,0.05028507485985756,0.225536048412323,-0.18542172014713287,-0.2499690055847168,-0.2525117099285126,0.42668476700782776,-0.16531111299991608,0.3604077994823456,-0.26847270131111145,-0.2227167934179306,0.5230673551559448,0.11231300234794617,0.16184037923812866,-0.1865638941526413,-0.20632155239582062,0.37850329279899597,0.2656496465206146,0.255806028842926,0.09096679836511612,0.08228201419115067,0.2284286767244339,-0.1825195997953415,0.6260055303573608,-0.24321411550045013,-0.23755185306072235,0.028789913281798363,0.5030059218406677,-0.1487916260957718,0.4049812853336334,0.5675399303436279,-0.13775615394115448,-0.18743251264095306,0.44863125681877136,0.5488182902336121,-0.07732510566711426,0.16993753612041473,0.08653850108385086,0.699955940246582,0.719750702381134,-0.2433086633682251,0.08169541507959366,0.008757631294429302,-0.20172934234142303,-0.1954665333032608,0.2808036804199219,-0.19333787262439728,-0.20642180740833282,-0.1889418512582779,0.4514692723751068,-0.24242620170116425,-0.2690674066543579,0.16763879358768463,0.08902788162231445,0.7686424255371094,-0.133231982588768,-0.19881437718868256,0.06637745350599289,-0.23226356506347656,-0.19670452177524567,0.34646645188331604,0.012236997485160828,-0.2475927323102951,0.08628901094198227,-0.2476658970117569,-0.19468463957309723,-0.0505366325378418,-0.18528608977794647,0.3218670189380646,0.14589394629001617,0.2843351662158966,0.2273191660642624,0.2843254804611206,-0.18302655220031738,0.13784648478031158,0.16008073091506958,0.11870183795690536,-0.19579081237316132,-0.1595451831817627,0.21722163259983063,-0.2567138671875,0.13478349149227142,-0.02966887690126896,0.6526861786842346,-0.24276995658874512,0.44746658205986023,-0.14277951419353485,-0.2533210813999176,-0.0029000937938690186,-0.12261965125799179,0.391404390335083,0.14648623764514923,0.46282923221588135,-0.1270410567522049,0.8243349194526672,-0.11881708353757858,-0.1737828254699707
5,281,200,351,263,0.6971957683563232,-0.20499923825263977,0.7848141193389893,1.0262012481689453,-0.17022612690925598,-0.18304431438446045,0.06785763800144196,-0.13091953098773956,-0.11637286096811295,-0.20929953455924988,0.14219538867473602,-0.03335791826248169,0.03391887992620468,0.23695418238639832,0.20543751120567322,-0.11597617715597153,-0.20937395095825195,-0.22405309975147247,0.16052541136741638,-0.14695510268211365,-0.11313663423061371,0.026742110028862953,0.751897394657135,0.16811148822307587,0.11446571350097656,0.06766443699598312,-0.10675796121358871,-0.21029216051101685,0.2727859914302826,0.2444724142551422,-0.030683059245347977,-0.19694888591766357,-0.011379800736904144,0.29283344745635986,-0.187588632106781,-0.1869523823261261,-0.247245192527771,0.6303876638412476,-0.07975097000598907,0.16101358830928802,-0.26732128858566284,-0.21604202687740326,0.67788165807724,0.2082199901342392,0.39503535628318787,-0.1948729306459427,-0.18651005625724792,0.3832668364048004,0.36417484283447266,0.42937222123146057,0.1276428997516632,-0.015831084921956062,0.28973087668418884,-0.21995443105697632,0.611842691898346,-0.18740415573120117,-0.20892062783241272,0.13345012068748474,0.5447711944580078,-0.212777778506279,0.4309285283088684,0.703098714351654,-0.13552618026733398,-0.20946291089057922,0.5322845578193665,0.8549814820289612,-0.08601293712854385,0.25235170125961304,0.010087136179208755,0.7897433638572693,0.7608351707458496,-0.22277089953422546,0.051724065095186234,0.027297690510749817,-0.1837838590145111,-0.14908139407634735,0.33006715774536133,-0.19603478908538818,-0.24134418368339539,-0.18478557467460632,0.3276730179786682,-0.2143741250038147,-0.2619481682777405,0.14955474436283112,-0.06006439030170441,0.6444205045700073,-0.1737285703420639,-0.18820059299468994,0.0817345678806305,-0.23848062753677368,-0.19055739045143127,0.4158020615577698,0.08242624253034592,-0.25206199288368225,-0.06723125278949738,-0.24474945664405823,-0.2218237817287445,-0.09945329278707504,-0.16032181680202484,0.29403096437454224,0.07283198833465576,0.18301083147525787,0.26905232667922974,0.35811856389045715,-0.141755610704422,0.22718939185142517,0.13935486972332,-0.12152217328548431,-0.1309220939874649,-0.12829789519309998,0.3169649541378021,-0.24366448819637299,0.2034229338169098,-0.1705622673034668,0.7577303647994995,-0.24056382477283478,0.6498507261276245,-0.18392778933048248,-0.26223674416542053,-0.02899429015815258,-0.15501202642917633,0.4434959590435028,-0.027676573023200035,0.38473764061927795,-0.11333514750003815,0.8020184636116028,-0.14383605122566223,-0.1983279436826706
6,603,350,653,396,0.4906230568885803,-0.17964011430740356,0.6445595622062683,0.9943519234657288,-0.2286418080329895,-0.2192917913198471,-0.03321461379528046,-0.14909544587135315,-0.25338780879974365,-0.2492120862007141,0.3152358829975128,-0.16483557224273682,0.06521818041801453,0.1575346440076828,0.09358977526426315,-0.12922078371047974,-0.193868950009346,-0.2315983772277832,-0.021334746852517128,-0.11532950401306152,-0.1532035619020462,0.024403154850006104,0.551716148853302,-0.03457893803715706,0.2718070149421692,-0.06005842983722687,-0.05271221697330475,-0.22951824963092804,0.10996109247207642,0.23043332993984222,-0.010256214067339897,-0.24723999202251434,-0.007019102573394775,0.19928979873657227,-0.19233012199401855,-0.20944452285766602,-0.24573908746242523,0.2624971568584442,-0.18567270040512085,0.008861088193953037,-0.27031469345092773,-0.2231142222881317,0.2831897735595703,0.03067830577492714,0.016231795772910118,-0.18596476316452026,-0.1827549934387207,0.38776254653930664,0.012031938880681992,0.12968319654464722,0.09061753749847412,-0.128737673163414,0.15791743993759155,-0.19828125834465027,0.6882236003875732,-0.24612993001937866,-0.16554395854473114,0.016484323889017105,0.5613489151000977,-0.17672331631183624,0.16435962915420532,0.5022623538970947,-0.12910380959510803,-0.21456657350063324,0.12845779955387115,0.24490101635456085,-0.004942172206938267,0.22103208303451538,-0.11252694576978683,0.5941092371940613,0.6399232149124146,-0.23850853741168976,-0.03538421913981438,-0.07072554528713226,-0.13444682955741882,-0.1741807609796524,0.15713340044021606,-0.2176395207643509,-0.20071199536323547,-0.2288360297679901,0.18229351937770844,-0.2616349160671234,-0.27055513858795166,0.3770645558834076,-0.16531307995319366,0.6210941672325134,-0.1577737033367157,-0.19950248301029205,0.03358137235045433,-0.2323044091463089,-0.248227059841156,0.2767745554447174,0.15584489703178406,-0.23109348118305206,0.22983524203300476,-0.22797298431396484,-0.1911875605583191,-0.07684453576803207,-0.2198030948638916,0.2965259552001953,0.0898561179637909,0.011078556068241596,0.19833745062351227,0.10209450125694275,-0.21441014111042023,0.05323353037238121,0.044787462800741196,0.0978437289595604,-0.06358056515455246,-0.07796560972929001,-0.08049854636192322,-0.2547895908355713,-0.027265360578894615,-0.1898958534002304,0.6827792525291443,-0.252238392829895,0.3414727449417114,-0.17155838012695312,-0.23888236284255981,-0.08574505895376205,-0.15503579378128052,0.39064857363700867,0.211347758769989,0.3603439927101135,-0.15352153778076172,0.5336471199989319,-0.16772979497909546,-0.21626083552837372
7,395,701,466,764,0.57758629322052,-0.19462716579437256,0.7372996807098389,1.0394364595413208,-0.22168822586536407,-0.2018999606370926,-0.006633286364376545,-0.09746898710727692,-0.1324075609445572,-0.22203779220581055,0.23541812598705292,-0.15336155891418457,0.06637884676456451,0.2039356231689453,0.22242996096611023,-0.10230697691440582,-0.23070137202739716,-0.16817091405391693,0.0025737048126757145,-0.07595992088317871,-0.12429000437259674,0.07057653367519379,0.7610921263694763,0.09601163864135742,0.23063290119171143,0.05016491562128067,-0.09111194312572479,-0.2038670778274536,0.27589964866638184,0.23752892017364502,0.06603164970874786,-0.19827845692634583,-0.026378775015473366,0.20683546364307404,-0.17840556800365448,-0.21038326621055603,-0.24924440681934357,0.602156937122345,-0.1511746197938919,0.1903543472290039,-0.26514124870300293,-0.21430261433124542,0.48278889060020447,0.2595198452472687,0.14429646730422974,-0.17258472740650177,-0.20693464577198029,0.4072422981262207,0.15171103179454803,0.2503749132156372,0.11320779472589493,0.00786886177957058,0.43015074729919434,-0.19566580653190613,0.5727277994155884,-0.2254403531551361,-0.21191135048866272,0.006039828062057495,0.5463861227035522,-0.19286198914051056,0.2792295217514038,0.6283785700798035,-0.11469633877277374,-0.1704910695552826,0.34024301171302795,0.6159976124763489,-0.11818166077136993,0.3451751172542572,-0.053565073758363724,0.652408242225647,0.653684139251709,-0.2230212241411209,0.06526054441928864,-0.048162464052438736,-0.17501004040241241,-0.15531423687934875,0.29939132928848267,-0.18050310015678406,-0.2429153025150299,-0.19875138998031616,0.3309294581413269,-0.21444085240364075,-0.2663915455341339,0.16837559640407562,-0.13910900056362152,0.7230355143547058,-0.1448034644126892,-0.21371404826641083,0.14495187997817993,-0.2421487271785736,-0.16577556729316711,0.34441208839416504,0.15572091937065125,-0.24696016311645508,-0.05712095648050308,-0.2488694190979004,-0.208261638879776,-0.1277797520160675,-0.17971791326999664,0.28704801201820374,0.08407390117645264,0.17697006464004517,0.23623104393482208,0.32253217697143555,-0.10915026813745499,0.2854161262512207,0.11358298361301422,-0.16055431962013245,-0.12910082936286926,-0.10910677909851074,0.1062641590833664,-0.23736314475536346,0.1412428319454193,-0.1504874974489212,0.6951807141304016,-0.2418472319841385,0.5168992877006531,-0.14901220798492432,-0.2627979815006256,-0.04277650639414787,-0.14822238683700562,0.4428650438785553,-0.02281407080590725,0.2914923131465912,-0.12806284427642822,0.5612884759902954,-0.1753353625535965,-0.19200758635997772
8,438,626,509,689,0.5867809653282166,-0.2233729213476181,0.7575796842575073,1.046370267868042,-0.2292894423007965,-0.11770277470350266,0.08710269629955292,-0.12300623953342438,-0.09788108617067337,-0.205419659614563,0.2012440711259842,-0.10250242799520493,-0.02066146209836006,0.34625422954559326,0.25263625383377075,-0.1322544515132904,-0.234319806098938,-0.18504229187965393,0.17468509078025818,-0.11401841789484024,-0.14917871356010437,0.05236440896987915,0.728968620300293,0.028891578316688538,0.237877756357193,0.08404040336608887,-0.10664526373147964,-0.22968050837516785,0.2833934724330902,0.15717104077339172,-0.01350164320319891,-0.19107311964035034,0.007161132991313934,0.22962963581085205,-0.17741145193576813,-0.17443308234214783,-0.24715369939804077,0.5388129949569702,-0.07418261468410492,0.18948572874069214,-0.2696015238761902,-0.20788811147212982,0.6692622900009155,0.07476795464754105,0.2979765236377716,-0.17087414860725403,-0.22279709577560425,0.4094439744949341,0.5204965472221375,0.4539750814437866,0.05792665481567383,0.009381679818034172,0.2186013162136078,-0.20492520928382874,0.6259065270423889,-0.20543205738067627,-0.22578471899032593,0.16464738547801971,0.4872628450393677,-0.18477489054203033,0.4752499461174011,0.5738417506217957,-0.13502423465251923,-0.14577814936637878,0.39682409167289734,0.676880955696106,-0.07213819026947021,0.2377203106880188,-0.003619017545133829,0.7979516386985779,0.6364957094192505,-0.21753309667110443,0.09064352512359619,0.005263730883598328,-0.16000565886497498,-0.1316240280866623,0.33444175124168396,-0.2215162217617035,-0.214388906955719,-0.2005351334810257,0.3694762587547302,-0.21193523705005646,-0.26608145236968994,0.2882269024848938,0.08408592641353607,0.5695981979370117,-0.1808679699897766,-0.20175163447856903,0.018286684527993202,-0.24718576669692993,-0.12335518002510071,0.48941269516944885,0.1640753149986267,-0.25402870774269104,-0.10453957319259644,-0.24174296855926514,-0.2149592489004135,-0.1451571136713028,-0.12587639689445496,0.2701353430747986,-0.03828210011124611,0.08204194903373718,0.22935833036899567,0.2782895565032959,-0.1298104226589203,0.3173471689224243,0.12400587648153305,-0.08749425411224365,-0.13555020093917847,-0.18990084528923035,0.2519001364707947,-0.25408002734184265,0.1686829924583435,-0.14991988241672516,0.6877169609069824,-0.2329329252243042,0.5976591110229492,-0.17271554470062256,-0.2648501992225647,0.07319819927215576,-0.1337120085954666,0.4582291841506958,0.026534732431173325,0.3679679036140442,-0.12331502884626389,0.7832867503166199,-0.1655949354171753,-0.2035829722881317
9,635,161,707,225,0.6611217260360718,-0.21359968185424805,0.6631652116775513,1.0468356609344482,-0.24836602807044983,-0.18746881186962128,0.020108509808778763,-0.10796532779932022,-0.16495570540428162,-0.19006869196891785,0.17412158846855164,-0.17551951110363007,0.041080646216869354,0.21452927589416504,0.1980346143245697,-0.09779999405145645,-0.21625971794128418,-0.23535403609275818,0.004905027337372303,-0.11885665357112885,-0.09058038145303726,0.09341954439878464,0.72254878282547,0.06327427923679352,0.15784713625907898,0.06714525818824768,-0.07306720316410065,-0.2370022088289261,0.2684395909309387,0.1990739107131958,0.023694371804594994,-0.21322646737098694,-0.0546533465385437,0.27259352803230286,-0.17087072134017944,-0.1820393055677414,-0.2427421510219574,0.43237438797950745,-0.08748962730169296,0.08472182601690292,-0.27005070447921753,-0.20182213187217712,0.3738899528980255,0.14228132367134094,0.27212509512901306,-0.17784881591796875,-0.20395532250404358,0.3543887138366699,0.37271761894226074,0.3235514760017395,0.12007995694875717,0.07173166424036026,0.2935483753681183,-0.19426383078098297,0.5855781435966492,-0.22259214520454407,-0.1992957592010498,0.041874293237924576,0.4565983712673187,-0.19136905670166016,0.30210185050964355,0.608441174030304,-0.12443015724420547,-0.21518167853355408,0.3179502487182617,0.5537595152854919,-0.0537574477493763,0.25818395614624023,0.042904190719127655,0.7474015951156616,0.5883802771568298,-0.22958174347877502,0.08354994654655457,-0.04305353760719299,-0.16490039229393005,-0.16817502677440643,0.43812912702560425,-0.16617584228515625,-0.22535574436187744,-0.19975729286670685,0.3556661009788513,-0.2155383825302124,-0.2680298089981079,0.14055201411247253,0.04970937967300415,0.6490786075592041,-0.1489105522632599,-0.2177906483411789,0.03142981976270676,-0.24382054805755615,-0.1541939675807953,0.38163453340530396,0.22492508590221405,-0.2516021132469177,-0.060783106833696365,-0.24848632514476776,-0.2052568942308426,-0.10290713608264923,-0.17404720187187195,0.2673013210296631,0.03657854348421097,0.25586313009262085,0.21451564133167267,0.3217741847038269,-0.15384668111801147,0.22626671195030212,0.17935052514076233,-0.13390851020812988,-0.16053780913352966,-0.15796680748462677,0.32361751794815063,-0.24739328026771545,0.057784099131822586,-0.1678926646709442,0.6941527128219604,-0.23835310339927673,0.5111651420593262,-0.17501044273376465,-0.2583349347114563,0.027253370732069016,-0.1411992907524109,0.46258845925331116,-0.03250426799058914,0.30592697858810425,-0.11249999701976776,0.6139107942581177,-0.17196069657802582,-0.1925320327281952
10,812,244,876,303,0.5871659517288208,-0.21253745257854462,0.8785820603370667,1.0169411897659302,-0.23676957190036774,-0.1653636246919632,-0.006702335085719824,-0.14487998187541962,-0.11388859897851944,-0.23480458557605743,0.25135499238967896,-0.09664595127105713,0.07232251763343811,0.31675049662590027,0.22525876760482788,-0.14173544943332672,-0.20025046169757843,-0.2389838695526123,0.23564887046813965,-0.12323757261037827,-0.05191084370017052,0.11532044410705566,0.830834150314331,0.07394959777593613,0.22691653668880463,0.06007677689194679,-0.050146352499723434,-0.17968209087848663,0.3199697732925415,0.2191041260957718,-0.07459154725074768,-0.20446594059467316,0.0288732647895813,0.30636724829673767,-0.18736319243907928,-0.1981404572725296,-0.2485940009355545,0.47489237785339355,-0.20272453129291534,0.2518959939479828,-0.27082109451293945,-0.22158245742321014,0.6565452218055725,0.289377361536026,0.18945200741291046,-0.2088654786348343,-0.19329215586185455,0.43632635474205017,0.24733535945415497,0.35693034529685974,0.0988345667719841,0.05548098683357239,0.359605073928833,-0.2023419290781021,0.393258661031723,-0.23842020332813263,-0.22821848094463348,0.07528096437454224,0.46231791377067566,-0.170119047164917,0.236867293715477,0.5783793330192566,-0.1282118558883667,-0.11501699686050415,0.40277257561683655,0.6432836055755615,-0.040844958275556564,0.297665536403656,-0.036454785615205765,0.7729800343513489,0.738239586353302,-0.19845108687877655,-0.000685129314661026,-0.055226486176252365,-0.16903221607208252,-0.15953826904296875,0.3007994592189789,-0.1815965622663498,-0.21255309879779816,-0.191597580909729,0.29198798537254333,-0.22932551801204681,-0.2656179666519165,0.36291274428367615,-0.16235746443271637,0.5915567278862,-0.1892329454421997,-0.19849444925785065,0.057346075773239136,-0.22601227462291718,-0.16959385573863983,0.4097381830215454,0.10838315635919571,-0.24577833712100983,-0.0011298457393422723,-0.23969751596450806,-0.2280362844467163,-0.11342117935419083,-0.1820097714662552,0.29164835810661316,0.04218548163771629,0.05744835361838341,0.34395208954811096,0.3702504336833954,-0.15416105091571808,0.19407351315021515,0.15580059587955475,-0.03161424398422241,-0.10165432095527649,-0.1636935919523239,0.22426564991474152,-0.24116384983062744,0.08933982998132706,-0.14509202539920807,0.7012104988098145,-0.24932660162448883,0.49664053320884705,-0.1851143091917038,-0.26269611716270447,-0.08696451783180237,-0.14598451554775238,0.36587437987327576,0.15388639271259308,0.2943755090236664,-0.1379900425672531,0.7694143652915955,-0.10126197338104248,-0.2001481056213379
11,407,339,458,385,0.510085940361023,-0.21186883747577667,0.7111785411834717,1.025665283203125,-0.09806865453720093,-0.10872635990381241,0.24469178915023804,-0.15727803111076355,-0.1935071349143982,-0.23143678903579712,0.19411128759384155,-0.07876227796077728,-0.03385747969150543,0.46958208084106445,0.2107856720685959,-0.14989106357097626,-0.09119069576263428,-0.2091846466064453,0.37356048822402954,-0.0682627260684967,-0.1298111230134964,-0.011391510255634785,0.695967435836792,0.038590241223573685,0.10552968084812164,0.2506071627140045,-0.082607202231884,-0.2327108085155487,0.34022057056427,0.21931186318397522,-0.1053113043308258,-0.22947284579277039,-0.029306190088391304,0.33739450573921204,-0.16309291124343872,-0.12786830961704254,-0.24713343381881714,0.3515256643295288,-0.15822668373584747,0.028373785316944122,-0.2621120512485504,-0.2032572627067566,0.5278803110122681,0.0914866253733635,0.4323619604110718,-0.16540594398975372,-0.2111370861530304,0.5353204011917114,0.5506973266601562,0.5189878344535828,0.06268259137868881,0.1202579066157341,0.3182464838027954,-0.20432433485984802,0.5507381558418274,-0.21504831314086914,-0.10472520440816879,0.05142991244792938,0.5423733592033386,-0.1734359860420227,0.48947036266326904,0.5655280947685242,-0.11188925802707672,-0.10262921452522278,0.3967667818069458,0.4020845293998718,0.18624228239059448,0.15321721136569977,-0.023136816918849945,0.7720037698745728,0.6340978741645813,-0.20065005123615265,0.003024226985871792,0.02791641838848591,-0.17967717349529266,-0.10069675743579865,0.31328821182250977,-0.18280568718910217,-0.15294711291790009,-0.21819064021110535,0.1990642547607422,-0.20236515998840332,-0.2676514685153961,0.33271029591560364,0.15118543803691864,0.4620312452316284,-0.21935002505779266,-0.18463005125522614,-0.038169171661138535,-0.2276829332113266,-0.14454688131809235,0.436299592256546,0.09477298706769943,-0.2509736716747284,0.07977303117513657,-0.2276167869567871,-0.21986567974090576,-0.1528056412935257,-0.17619574069976807,0.2816363573074341,0.008815138600766659,0.08521934598684311,0.22461915016174316,0.21136856079101562,0.03172893077135086,0.254126638174057,0.026447437703609467,0.10502781718969345,-0.04210501164197922,-0.14911867678165436,0.34753909707069397,-0.25077125430107117,0.15619508922100067,-0.10270978510379791,0.6031848192214966,-0.21684901416301727,0.7520092725753784,-0.1688547134399414,-0.2561098635196686,0.07049807161092758,-0.13744106888771057,0.4117219150066376,0.21377865970134735,0.5699076056480408,-0.1399175524711609,1.13805091381073,-0.15822827816009521,-0.21704506874084473
12,346,634,405,689,0.8684280514717102,-0.2350226640701294,0.7270938754081726,1.083204984664917,-0.2004728615283966,-0.04906804487109184,0.4011506736278534,-0.18682804703712463,-0.12186361849308014,-0.14919716119766235,-0.0035412386059761047,0.12035875022411346,-0.05544909089803696,0.39300963282585144,0.4315648078918457,-0.1648678034543991,-0.22715410590171814,0.5813576579093933,0.2633899450302124,-0.0023479685187339783,-0.03212295472621918,0.08567880094051361,0.8535858392715454,0.35718849301338196,0.13708560168743134,0.612808346748352,-0.09497639536857605,-0.22325988113880157,0.6528311371803284,0.692741334438324,0.026299022138118744,-0.23811832070350647,-0.0004758909344673157,0.3182886838912964,-0.1922612488269806,-0.11981533467769623,-0.1816813349723816,0.9427695870399475,-0.062298648059368134,0.33857131004333496,-0.14807547628879547,-0.1452891081571579,0.2985606789588928,0.5459616780281067,0.08687110990285873,0.1095961481332779,-0.18545019626617432,0.8895518779754639,0.35333263874053955,0.46149662137031555,0.10957086831331253,0.38730427622795105,0.5641583800315857,-0.18966539204120636,0.6335849761962891,-0.24269407987594604,0.1653910130262375,0.1066945269703865,0.6942098736763,-0.20022134482860565,0.5252829194068909,0.23676231503486633,-0.1612933874130249,0.03771473467350006,0.4995127320289612,0.5660433173179626,-0.0881672203540802,0.23066727817058563,0.3262346088886261,0.3347528278827667,0.5397460460662842,-0.18286743760108948,0.21923653781414032,0.0856931135058403,-0.2199997901916504,-0.04583660885691643,0.52031010389328,0.060655463486909866,-0.08630707114934921,-0.16165202856063843,0.45167073607444763,-0.23492331802845,-0.2613903880119324,0.049408264458179474,0.31845778226852417,0.30531543493270874,-0.17492401599884033,-0.16113072633743286,0.3051447868347168,-0.22159329056739807,0.11381163448095322,0.1910172700881958,0.3081945776939392,-0.19869676232337952,-0.06798633933067322,-0.21860834956169128,-0.1904575228691101,-0.1344902217388153,-0.1902269423007965,0.16233445703983307,0.20763297379016876,0.5064122080802917,0.26294851303100586,0.3679264187812805,1.0316135883331299,0.23045268654823303,0.1175752654671669,0.1583821028470993,-0.16641341149806976,-0.23530568182468414,0.5845708250999451,-0.17307192087173462,0.14926134049892426,0.46331435441970825,0.5290001630783081,-0.07583113014698029,0.6352289915084839,0.19232851266860962,-0.15296830236911774,0.10256046056747437,-0.11957669258117676,0.49451640248298645,0.03973256051540375,0.5232688188552856,-0.05440055578947067,0.7065649032592773,0.007356852293014526,-0.16807642579078674
13,884,632,956,698,0.696826696395874,-0.21386396884918213,0.7297322750091553,1.0506309270858765,-0.22578218579292297,-0.13819614052772522,0.1988324671983719,-0.13518545031547546,-0.13594868779182434,-0.22765015065670013,0.16662804782390594,-0.0898684412240982,0.019589941948652267,0.3438366651535034,0.24808365106582642,-0.126388818025589,-0.24119862914085388,-0.1819496750831604,0.13310079276561737,0.03638211637735367,-0.04004555195569992,0.09910150617361069,0.7254361510276794,0.289829283952713,0.16986854374408722,0.10297039896249771,-0.12228142470121384,-0.1971893310546875,0.3970004916191101,0.2840591073036194,-0.09437258541584015,-0.19782795011997223,-0.044603705406188965,0.28540390729904175,-0.16296517848968506,-0.1954367309808731,-0.2380330115556717,0.6188149452209473,-0.09974117577075958,0.32301464676856995,-0.2678646445274353,-0.2021920531988144,0.626133382320404,0.35524022579193115,0.33070483803749084,-0.19660356640815735,-0.20401135087013245,0.3855896592140198,0.5701985359191895,0.47603628039360046,0.2684696316719055,-0.023007722571492195,0.3298473358154297,-0.20942078530788422,0.6765090227127075,-0.20929354429244995,-0.19727861881256104,0.23469996452331543,0.6236264109611511,-0.19088385999202728,0.5028565526008606,0.6415207386016846,-0.12810450792312622,-0.08858843147754669,0.5818588733673096,0.6584903001785278,-0.14065659046173096,0.21515657007694244,0.05717913433909416,0.825685977935791,0.7443618178367615,-0.19618180394172668,0.07490354031324387,0.13146118819713593,-0.15259920060634613,-0.10120665282011032,0.3700253963470459,-0.17961624264717102,-0.21024584770202637,-0.1735382378101349,0.36499109864234924,-0.19478440284729004,-0.25894591212272644,0.2249220460653305,-0.03193572536110878,0.3823379874229431,-0.1892486810684204,-0.1872093677520752,0.14919210970401764,-0.2404048889875412,-0.07653070986270905,0.4694776237010956,0.166213259100914,-0.2609071731567383,-0.06920789927244186,-0.23222637176513672,-0.23578748106956482,-0.12015951424837112,-0.14351129531860352,0.234256774187088,-0.027767587453126907,0.1830299198627472,0.24057278037071228,0.4337714612483978,-0.06203390657901764,0.49320799112319946,0.11970604211091995,-0.13260865211486816,-0.14577922224998474,-0.14139091968536377,0.2630859911441803,-0.24101395905017853,0.34381023049354553,-0.1232820451259613,0.6494424343109131,-0.21481303870677948,0.7427688837051392,-0.12792979180812836,-0.25492149591445923,0.00452585332095623,-0.14275574684143066,0.3281184434890747,-0.0227946937084198,0.3422416150569916,-0.07476044446229935,0.6670699119567871,-0.11093270033597946,-0.1960611641407013
14,686,775,755,836,0.734914243221283,-0.21754904091358185,0.615832507610321,1.0352668762207031,-0.2122974395751953,-0.19552704691886902,0.039293915033340454,-0.12523867189884186,-0.2056317776441574,-0.1823948323726654,0.1598009169101715,-0.10096144676208496,0.05192405730485916,0.19093182682991028,0.1381525695323944,-0.0894043892621994,-0.23860907554626465,-0.10019706189632416,-0.014548534527420998,-0.12043850123882294,-0.1256689429283142,0.08454878628253937,0.8254231214523315,0.21190676093101501,0.13609753549098969,0.13852648437023163,-0.0872466117143631,-0.2328612506389618,0.2448667734861374,0.3064254820346832,0.06892529875040054,-0.20138998329639435,-0.04371846839785576,0.20428335666656494,-0.1908121258020401,-0.18944886326789856,-0.24165615439414978,0.6515576243400574,-0.13173052668571472,0.15901699662208557,-0.2708277702331543,-0.20467908680438995,0.33361586928367615,0.12753808498382568,0.17313607037067413,-0.1510620415210724,-0.2091820240020752,0.3597568869590759,0.262026846408844,0.3946080505847931,0.11938145011663437,0.03395698592066765,0.3952171802520752,-0.18542054295539856,0.4746188521385193,-0.21915428340435028,-0.19346590340137482,-0.03572535514831543,0.46283331513404846,-0.1714078187942505,0.2991153597831726,0.5970093011856079,-0.09428530931472778,-0.240226149559021,0.4643801152706146,0.47208651900291443,-0.12743504345417023,0.3093319833278656,0.02498003840446472,0.7267827391624451,0.6619374752044678,-0.23259468376636505,0.12203001976013184,0.013196378946304321,-0.19250376522541046,-0.1558683067560196,0.20245134830474854,-0.16722336411476135,-0.23887376487255096,-0.1979370266199112,0.47616297006607056,-0.2397722750902176,-0.2666141390800476,0.06223259121179581,-0.0296524278819561,0.639443576335907,-0.18694880604743958,-0.19630707800388336,0.1807825118303299,-0.24008908867835999,-0.13595762848854065,0.4025193750858307,0.15864911675453186,-0.2480359971523285,-0.08434295654296875,-0.26190900802612305,-0.19880180060863495,-0.14675383269786835,-0.16660915315151215,0.2909846901893616,0.008287390694022179,0.3053458333015442,0.24551117420196533,0.2793022692203522,0.039684414863586426,0.1493552327156067,0.19492574036121368,-0.04837506636977196,-0.18667453527450562,-0.15716364979743958,0.2772199511528015,-0.24614612758159637,0.07496236264705658,-0.07332056760787964,0.6648322343826294,-0.23081550002098083,0.5271095037460327,-0.14403867721557617,-0.2572386860847473,0.020503398030996323,-0.14239224791526794,0.41031330823898315,-0.01751415990293026,0.369719922542572,-0.11830941587686539,0.4884897768497467,-0.15348230302333832,-0.17842642962932587
15,310,125,365,175,0.5263523459434509,-0.1973714530467987,0.7106598019599915,1.0366883277893066,-0.08664928376674652,-0.20669899880886078,0.16591283679008484,-0.062367942184209824,-0.23352986574172974,-0.2543658912181854,0.1951439082622528,0.020721938461065292,0.08481558412313461,0.14003592729568481,0.21142782270908356,-0.11525038629770279,-0.1683417409658432,-0.24733564257621765,0.29707977175712585,-0.02339641936123371,-0.029566874727606773,0.007219990249723196,0.6462959051132202,0.3157851994037628,0.20021632313728333,0.11428596079349518,-0.07043101638555527,-0.09049629420042038,0.3003377914428711,0.28847602009773254,-0.12192992120981216,-0.22880594432353973,0.036749616265296936,0.42665374279022217,-0.1491122543811798,-0.18367379903793335,-0.23651422560214996,0.44961410760879517,-0.15887026488780975,0.16621674597263336,-0.2623779773712158,-0.1860964298248291,0.6708139777183533,0.2742197811603546,0.20539981126785278,-0.1695963591337204,-0.22141064703464508,0.48521244525909424,0.4880135953426361,0.3720896244049072,0.20505863428115845,-0.10980840772390366,0.2919507920742035,-0.22262604534626007,0.3475848436355591,-0.2041303962469101,-0.15002311766147614,0.3380741477012634,0.6706622242927551,-0.17106196284294128,0.44039323925971985,0.7312432527542114,-0.106957346200943,-0.14534002542495728,0.30804482102394104,0.4550643563270569,0.0291114654392004,0.1507757008075714,-0.00023704435443505645,0.6581722497940063,0.9312828779220581,-0.11480320990085602,-0.032380905002355576,0.1900889277458191,-0.18592825531959534,-0.06932025402784348,0.15096117556095123,-0.162526473402977,-0.18189579248428345,-0.22796450555324554,0.25426042079925537,-0.13878133893013,-0.2724168598651886,0.44454512000083923,-0.1258055865764618,0.3522043526172638,-0.1201692670583725,-0.2247951775789261,0.0810675099492073,-0.2352365404367447,-0.09752561151981354,0.3921734392642975,0.09020563960075378,-0.24547410011291504,0.21026213467121124,-0.2299511730670929,-0.2306777685880661,-0.10274688154459,-0.19908326864242554,0.23210817575454712,0.06262506544589996,0.13721267879009247,0.37336307764053345,0.2213796228170395,-0.17991042137145996,0.4468666613101959,0.06956715881824493,0.07058516889810562,-0.08764786273241043,-0.06501458585262299,0.09365329891443253,-0.21383221447467804,0.32887157797813416,-0.20222239196300507,0.7972857356071472,-0.2181788831949234,0.6284657120704651,-0.06694534420967102,-0.22443826496601105,-0.06564843654632568,-0.1767730712890625,0.42219313979148865,0.14960558712482452,0.47849777340888977,-0.05671187862753868,0.7330805063247681,-0.14179439842700958,-0.19220681488513947
16,302,302,356,353,0.5887880921363831,-0.1983855813741684,0.7559229135513306,1.0522198677062988,-0.19754549860954285,-0.1681448221206665,0.2008671909570694,-0.1645171046257019,-0.1302652508020401,-0.17175787687301636,0.14700540900230408,-0.021710742264986038,0.0504407174885273,0.2126266360282898,0.37343481183052063,-0.13728633522987366,-0.1791388839483261,-0.005256026983261108,0.23296615481376648,-0.043414611369371414,-0.08465635031461716,0.1630801111459732,0.9095314741134644,0.24625907838344574,0.2178548276424408,0.13891096413135529,-0.13258899748325348,-0.20113980770111084,0.2736712694168091,0.35882365703582764,-0.04446040093898773,-0.22747820615768433,0.05138501524925232,0.24138760566711426,-0.180120587348938,-0.19113826751708984,-0.2499009370803833,0.6104345321655273,-0.13218766450881958,0.3284648358821869,-0.2648318409919739,-0.2107914835214615,0.5273546576499939,0.24470169842243195,0.11932632327079773,-0.12696556746959686,-0.21464429795742035,0.5717441439628601,0.2940860986709595,0.38284844160079956,0.09912025928497314,0.159296452999115,0.5038639903068542,-0.19548667967319489,0.6894453763961792,-0.23680542409420013,-0.19485962390899658,0.1067279502749443,0.5545356273651123,-0.15698319673538208,0.5825611352920532,0.484233558177948,-0.12346643209457397,-0.16503889858722687,0.3226760923862457,0.6846246719360352,-0.06561674177646637,0.211073100566864,0.1536569595336914,0.543189525604248,0.6209133267402649,-0.25114282965660095,0.1350434422492981,0.08718424290418625,-0.2002040594816208,-0.15731976926326752,0.3093464970588684,-0.15355323255062103,-0.2175571620464325,-0.2011316418647766,0.5059722661972046,-0.2371469885110855,-0.2679096758365631,0.1322011947631836,0.06641823798418045,0.5282101035118103,-0.1620067059993744,-0.16832353174686432,0.20825311541557312,-0.23512321710586548,-0.12891103327274323,0.35415178537368774,0.16031336784362793,-0.2582685351371765,-0.05654393509030342,-0.24983224272727966,-0.2071797251701355,-0.11155286431312561,-0.17118202149868011,0.2824494242668152,0.031254224479198456,0.17771276831626892,0.234312504529953,0.31237661838531494,0.06516874581575394,0.34726256132125854,0.18912267684936523,0.16886834800243378,-0.11287195980548859,-0.1933862864971161,0.28705033659935,-0.2556050717830658,0.25651443004608154,-0.020718932151794434,0.6231015920639038,-0.2058764398097992,0.5221157073974609,-0.03911076858639717,-0.2638998329639435,0.05772212892770767,-0.13110379874706268,0.4952807128429413,0.14471042156219482,0.43214911222457886,-0.12641537189483643,0.8922547101974487,-0.1009262204170227,-0.17860957980155945
17,501,260,553,308,0.5243076682090759,-0.22388789057731628,0.969589352607727,1.0290497541427612,-0.21780695021152496,-0.09144183993339539,0.0923658013343811,-0.16290676593780518,-0.2249758541584015,-0.20329180359840393,0.23397019505500793,-0.07206764817237854,-0.10322142392396927,0.639657735824585,0.17187950015068054,-0.13994866609573364,-0.16339534521102905,-0.15277017652988434,0.40674304962158203,-0.11809393018484116,-0.20245517790317535,0.0989086925983429,0.6696006059646606,0.04809100553393364,0.1585252732038498,0.126034677028656,-0.08866049349308014,-0.19704505801200867,0.3810015916824341,0.04938924312591553,-0.076840341091156,-0.1879938244819641,-0.016243215650320053,0.2975527048110962,-0.1676298975944519,-0.18288281559944153,-0.24790984392166138,0.514396071434021,-0.03445317968726158,0.10164216160774231,-0.27309682965278625,-0.20820829272270203,0.7389214038848877,0.11515356600284576,0.32464849948883057,-0.185482457280159,-0.22014133632183075,0.506183385848999,0.7279053926467896,0.43048927187919617,0.021481255069375038,0.09497469663619995,0.20179027318954468,-0.1834486722946167,0.744211733341217,-0.24129074811935425,-0.1763654202222824,0.0688340812921524,0.5885172486305237,-0.13649997115135193,0.6017852425575256,0.6094000339508057,-0.11056333780288696,-0.08577413111925125,0.7087131142616272,0.5659215450286865,0.07875236123800278,0.20477153360843658,-0.06739289313554764,0.8856497406959534,0.6601550579071045,-0.20258992910385132,-0.030151989310979843,0.0053876289166510105,-0.17363494634628296,-0.14680078625679016,0.36225655674934387,-0.23344840109348297,-0.19050568342208862,-0.20874355733394623,0.4024578928947449,-0.21250689029693604,-0.2650212049484253,0.22959987819194794,0.02930333837866783,0.6561305522918701,-0.20313382148742676,-0.17663826048374176,-0.012090956792235374,-0.22776015102863312,-0.20569723844528198,0.499345988035202,0.027301887050271034,-0.2501066327095032,0.04928920045495033,-0.24413079023361206,-0.2293836772441864,-0.20431654155254364,-0.10396865010261536,0.3188067078590393,-0.07481499761343002,-0.047435954213142395,0.2906796336174011,0.24206280708312988,-0.09642891585826874,0.3860093653202057,0.10198741406202316,0.17042963206768036,-0.12381528317928314,-0.1769491732120514,0.26164594292640686,-0.2617191672325134,0.4166680574417114,-0.11138945072889328,0.6226065754890442,-0.241851806640625,0.5954476594924927,-0.2281905859708786,-0.2612030804157257,0.11447889357805252,-0.13036540150642395,0.37914150953292847,0.15711577236652374,0.4178720712661743,-0.15238922834396362,1.155733585357666,-0.16150100529193878,-0.206674724817276
18,260,520,310,566,0.7948747277259827,-0.2197977900505066,0.6132184863090515,0.9858951568603516,-0.20322781801223755,-0.15648490190505981,0.3897264301776886,-0.23965215682983398,-0.016646938398480415,-0.22674782574176788,0.21883755922317505,-0.106593057513237,-0.043490782380104065,0.48330461978912354,0.25800397992134094,-0.21217651665210724,-0.13215555250644684,0.08474276959896088,0.19948579370975494,-0.13364267349243164,-0.08501477539539337,0.018349843099713326,0.7515861392021179,0.24217844009399414,-0.03689800202846527,0.25528642535209656,-0.16591604053974152,-0.16235359013080597,0.5866963267326355,0.45393937826156616,-0.10199752449989319,-0.15706612169742584,-0.02378549799323082,0.09776473790407181,-0.17870290577411652,-0.20589977502822876,-0.25393640995025635,0.5619781017303467,-0.18016716837882996,0.1647907793521881,-0.26143911480903625,-0.22743450105190277,0.4761389493942261,0.18799959123134613,0.046158015727996826,-0.16497820615768433,-0.21426177024841309,0.691839337348938,0.3655509352684021,0.47478532791137695,-0.006153523921966553,0.2399197667837143,0.5480611324310303,-0.2344934642314911,0.7084432244300842,-0.2368442416191101,-0.1277802735567093,0.08663569390773773,0.6861180067062378,-0.1660902351140976,0.5705840587615967,0.3694368004798889,-0.11476963013410568,-0.01364872232079506,0.9467647075653076,0.583228349685669,0.10243818163871765,0.28297337889671326,-0.006580246612429619,0.5844709873199463,0.7159135341644287,-0.23259231448173523,0.03566186875104904,-0.01596597209572792,-0.2035457342863083,-0.12921661138534546,0.24516630172729492,-0.18020540475845337,-0.13172723352909088,-0.19262228906154633,0.5595714449882507,-0.25282806158065796,-0.2689262628555298,0.3437817096710205,0.022954152897000313,0.2727857232093811,-0.24765533208847046,-0.1326446235179901,0.18100422620773315,-0.22441503405570984,-0.25317198038101196,0.26628997921943665,0.04715659096837044,-0.24796003103256226,0.00898390356451273,-0.21140465140342712,-0.22447732090950012,-0.03569643944501877,-0.19633783400058746,0.3302837312221527,-0.006190849468111992,0.02335439808666706,0.1881854236125946,0.22614015638828278,0.29302704334259033,0.25242000818252563,0.01992233842611313,0.1493864506483078,-0.18932503461837769,-0.2002744823694229,0.3131798207759857,-0.2548969089984894,0.2666873335838318,0.2744491398334503,0.5016201734542847,-0.22577251493930817,0.4634486436843872,-0.21159203350543976,-0.2616861164569855,0.08458705991506577,-0.134414941072464,0.3125048875808716,0.36101266741752625,0.6917812824249268,-0.1613953411579132,0.6773440837860107,0.037240128964185715,-0.21537967026233673
19,513,720,575,778,0.46646398305892944,-0.20886076986789703,1.1104954481124878,1.044287085533142,-0.14034321904182434,-0.12039630860090256,0.038980767130851746,-0.15445423126220703,-0.15373872220516205,-0.1871086061000824,0.21972304582595825,0.12113717198371887,-0.07993003726005554,0.6628870368003845,0.3291178047657013,-0.1677514761686325,-0.22179952263832092,-0.11004484444856644,0.7756441831588745,0.004057632759213448,-0.13746502995491028,0.12152992188930511,0.6887751817703247,-0.07780452817678452,0.4996817409992218,0.25540217757225037,-0.05964062735438347,-0.15358492732048035,0.4478927254676819,0.08981862664222717,-0.05982685089111328,-0.18958242237567902,0.016177432611584663,0.24212868511676788,-0.1729702353477478,-0.17599134147167206,-0.24497488141059875,0.7023369669914246,-0.14338815212249756,0.438423752784729,-0.27380767464637756,-0.2009984850883484,0.8841208219528198,0.3660227358341217,0.18708600103855133,-0.16303560137748718,-0.20021496713161469,0.5085258483886719,0.39165353775024414,0.42560553550720215,0.09093137830495834,-0.046655528247356415,0.3150758147239685,-0.20391200482845306,0.7279680967330933,-0.1637878119945526,-0.1963280886411667,-0.002287182491272688,0.5891172885894775,-0.14202649891376495,0.41828039288520813,0.5589182376861572,-0.09350016713142395,-0.013629091903567314,0.50090092420578,0.6959011554718018,0.07417573779821396,0.2555466890335083,-0.08423593640327454,0.8100988864898682,0.6695142984390259,-0.16282719373703003,-0.01508527621626854,0.11283116787672043,-0.15109576284885406,-0.09267593920230865,0.32326140999794006,-0.2290337085723877,-0.19153596460819244,-0.20531322062015533,0.41162407398223877,-0.19830018281936646,-0.267488956451416,0.7048667669296265,-0.13138586282730103,0.45291826128959656,-0.2460438460111618,-0.18578748404979706,0.12550780177116394,-0.21848562359809875,-0.05369597673416138,0.3516041040420532,0.04172711446881294,-0.2500734329223633,0.06440750509500504,-0.2455257773399353,-0.2276744842529297,-0.209565669298172,-0.0637558102607727,0.2869165241718292,0.0009872118243947625,-0.11886151880025864,0.39292633533477783,0.33670341968536377,-0.04061414301395416,0.27048757672309875,0.1962527632713318,0.33294665813446045,-0.09319616854190826,-0.17117401957511902,0.18549951910972595,-0.24133189022541046,0.3710895776748657,-0.11172289401292801,0.641348123550415,-0.22792117297649384,0.5966204404830933,-0.09269479662179947,-0.2578302025794983,-0.003977990709245205,-0.13944360613822937,0.32441604137420654,0.2473963350057602,0.43619710206985474,-0.16086220741271973,1.1569247245788574,-0.1435801237821579,-0.1910618394613266
20,233,730,311,800,0.714366614818573,-0.2031673640012741,0.6234147548675537,1.0339796543121338,-0.20388199388980865,-0.2100195735692978,0.03476342186331749,-0.12065880745649338,-0.1338893473148346,-0.2156068980693817,0.1680917739868164,-0.1369134485721588,0.052304595708847046,0.1585702747106552,0.14545799791812897,-0.13006296753883362,-0.2333833873271942,-0.22098208963871002,-0.027222733944654465,-0.14176717400550842,-0.0462893582880497,0.009792342782020569,0.863362193107605,0.047698281705379486,0.058992136269807816,0.11802015453577042,-0.1261719912290573,-0.21579879522323608,0.38482552766799927,0.4155912399291992,0.04582468047738075,-0.2260500192642212,-0.07960350811481476,0.1326454132795334,-0.184520423412323,-0.17744426429271698,-0.23958240449428558,0.4666700065135956,-0.1424572616815567,0.04672732204198837,-0.2737874686717987,-0.2059640735387802,0.2691457271575928,0.16502977907657623,0.15237309038639069,-0.1973665952682495,-0.21369272470474243,0.35726654529571533,0.20836375653743744,0.37472182512283325,0.061648812144994736,0.040476907044649124,0.2559661567211151,-0.19953975081443787,0.3833180367946625,-0.18631593883037567,-0.2304385006427765,0.021508589386940002,0.5012484192848206,-0.19408592581748962,0.2212240993976593,0.5129125714302063,-0.12968221306800842,-0.20035362243652344,0.30989906191825867,0.6206246018409729,-0.12645940482616425,0.32449066638946533,-0.0451456680893898,0.7430840134620667,0.553884744644165,-0.22113704681396484,0.12836268544197083,0.006323011126369238,-0.16608157753944397,-0.13485725224018097,0.32084590196609497,-0.15083244442939758,-0.2405470460653305,-0.16845519840717316,0.2198707014322281,-0.2378261387348175,-0.26663288474082947,0.08648094534873962,0.004341945517808199,0.7766499519348145,-0.05734720826148987,-0.1951577067375183,0.0033881294075399637,-0.240864560008049,-0.20251703262329102,0.2909788489341736,0.25343313813209534,-0.2528729736804962,-0.12137440592050552,-0.2437041848897934,-0.19649851322174072,-0.13651828467845917,-0.1885431408882141,0.26941049098968506,-0.04041828215122223,0.23183052241802216,0.12217895686626434,0.34294581413269043,-0.089447520673275,0.19591990113258362,0.09225089848041534,-0.17840571701526642,-0.08725431561470032,-0.14305992424488068,0.14559240639209747,-0.2487722784280777,-0.038989197462797165,-0.15806928277015686,0.705731987953186,-0.24238362908363342,0.6427872180938721,-0.15924377739429474,-0.26810526847839355,-0.016792824491858482,-0.15006622672080994,0.429387629032135,-0.07952363789081573,0.21899695694446564,-0.10367578268051147,0.49819061160087585,-0.15335342288017273,-0.1935003697872162
21,398,505,449,553,0.6372269988059998,-0.1682889610528946,0.6340592503547668,1.0247498750686646,-0.24022193253040314,-0.18724936246871948,0.2786368429660797,-0.11361303180456161,-0.1847163885831833,-0.22076241672039032,0.21444089710712433,-0.22791092097759247,0.11551537364721298,0.2504497468471527,0.25468742847442627,-0.10749904066324234,-0.14721667766571045,-0.053806427866220474,0.08240099996328354,-0.09933622926473618,-0.08780450373888016,0.226278617978096,0.7298564910888672,0.2560928463935852,0.10478983074426651,-0.0089408652856946,-0.029592497274279594,-0.22217321395874023,0.24521799385547638,0.20907969772815704,-0.10324440151453018,-0.17302732169628143,0.029431479051709175,0.3364199101924896,-0.16893279552459717,-0.23776859045028687,-0.2501566708087921,0.43726253509521484,-0.24185435473918915,0.1567682921886444,-0.2632858455181122,-0.2125694304704666,0.3439056873321533,0.22769927978515625,0.07889565825462341,-0.18604369461536407,-0.19687823951244354,0.5235136151313782,0.16690011322498322,0.302776962518692,0.10715711116790771,-0.024577423930168152,0.5139689445495605,-0.21446597576141357,0.4917695224285126,-0.2518617808818817,-0.20626910030841827,-0.02887915074825287,0.5703808665275574,-0.1413571685552597,0.5324888229370117,0.5908153057098389,-0.07736325263977051,-0.10326910018920898,0.5635700225830078,0.30291566252708435,-0.12470835447311401,0.2407461255788803,0.06672590970993042,0.6247398257255554,0.873253345489502,-0.22508281469345093,0.012732644565403461,-0.06311868876218796,-0.19344276189804077,-0.1879650503396988,0.1066010594367981,-0.17896060645580292,-0.2038363665342331,-0.22999262809753418,0.4250209331512451,-0.21884514391422272,-0.27135875821113586,0.06197879835963249,-0.11849025636911392,0.404855340719223,-0.17649836838245392,-0.21256667375564575,0.08030902594327927,-0.24097366631031036,-0.21950970590114594,0.2667585015296936,0.02113737352192402,-0.25002148747444153,0.09129795432090759,-0.23212583363056183,-0.21403543651103973,-0.07245346158742905,-0.20223218202590942,0.2980944812297821,0.05519283935427666,0.18683220446109772,0.3221326768398285,0.17737771570682526,-0.08095008879899979,0.16774238646030426,0.20802222192287445,0.1590646207332611,-0.14935241639614105,-0.11998961120843887,0.13316451013088226,-0.24496829509735107,0.2507707178592682,0.0699894055724144,0.4871924817562103,-0.23644983768463135,0.43996915221214294,-0.22835130989551544,-0.2319122552871704,0.02557879127562046,-0.1484617441892624,0.3822859525680542,0.19992117583751678,0.5565330386161804,-0.1270769089460373,0.5011332631111145,-0.09305968135595322,-0.18178141117095947
22,431,412,476,452,0.7150482535362244,-0.1671825498342514,0.48702096939086914,1.0106076002120972,-0.22190068662166595,-0.15308350324630737,0.08820826560258865,-0.06327648460865021,-0.15252307057380676,-0.21200013160705566,0.18756890296936035,-0.2142815887928009,0.06724044680595398,0.19626058638095856,0.2578160762786865,-0.14577139914035797,-0.16016025841236115,-0.18127620220184326,0.09896139800548553,0.0005367365083657205,-0.09003743529319763,0.23175197839736938,0.6093910932540894,0.2756139039993286,0.07632450759410858,0.04503016546368599,-0.12179979681968689,-0.18798698484897614,0.30336064100265503,0.3355556130409241,-0.06914912164211273,-0.18572324514389038,-0.044411979615688324,0.15283377468585968,-0.1715964674949646,-0.21768586337566376,-0.24456238746643066,0.3717537522315979,-0.17614944279193878,0.105105921626091,-0.27209335565567017,-0.1974199414253235,0.17046017944812775,-0.004782751202583313,0.05382926017045975,-0.18272429704666138,-0.1532449573278427,0.4048057198524475,0.09490372240543365,0.12055712193250656,0.1552668958902359,-0.02001815289258957,0.3123912513256073,-0.2153579145669937,0.7247354388237,-0.24958711862564087,-0.18467147648334503,0.09181848913431168,0.6904454827308655,-0.13173271715641022,0.3189333379268646,0.6235237717628479,-0.10943279415369034,-0.20929895341396332,0.3041883111000061,0.09580256044864655,-0.08024679869413376,0.16430431604385376,-0.02491670288145542,0.5705968141555786,0.771399199962616,-0.21744997799396515,-0.029551317915320396,0.003829008899629116,-0.11897429078817368,-0.170782670378685,0.13309568166732788,-0.16697603464126587,-0.17101523280143738,-0.2233109474182129,0.36415207386016846,-0.21250101923942566,-0.275516152381897,0.3770056962966919,0.0004981292877346277,0.5752272009849548,-0.025304513052105904,-0.22063113749027252,0.03386877104640007,-0.22603140771389008,-0.22442848980426788,0.28860002756118774,0.2444077581167221,-0.24164602160453796,0.10247505456209183,-0.22455114126205444,-0.213042214512825,-0.03430361673235893,-0.20856046676635742,0.30401289463043213,-0.02115544304251671,0.10431364178657532,0.11057597398757935,0.09169289469718933,-0.07618308812379837,0.26450812816619873,0.1084962785243988,0.23232120275497437,-0.14653219282627106,-0.07584314793348312,-0.00734180212020874,-0.21177203953266144,0.016145139932632446,-0.15337327122688293,0.6189959049224854,-0.23955686390399933,0.3352128565311432,-0.20424003899097443,-0.24004094302654266,0.025309866294264793,-0.1537817418575287,0.4317682981491089,0.16631323099136353,0.3987909257411957,-0.1170763298869133,0.543676495552063,-0.17852550745010376,-0.1854138970375061
23,364,791,448,866,0.7435464262962341,-0.1917622834444046,0.6903099417686462,1.0394537448883057,-0.2174297422170639,-0.18487438559532166,0.02951841428875923,-0.08371449261903763,-0.14122150838375092,-0.1938208043575287,0.17842070758342743,-0.13623307645320892,0.08796572685241699,0.18174515664577484,0.14920496940612793,-0.1158246099948883,-0.21542556583881378,-0.17606104910373688,-0.10518703609704971,-0.13275577127933502,-0.06230412423610687,0.06323929876089096,0.8742983341217041,0.055040258914232254,0.04582767188549042,0.08283159136772156,-0.10673126578330994,-0.2111567109823227,0.4323478639125824,0.32021427154541016,0.03216295689344406,-0.2310316413640976,-0.0763055756688118,0.13888616859912872,-0.1807006448507309,-0.20223908126354218,-0.23990009725093842,0.6047274470329285,-0.14073048532009125,0.09256573766469955,-0.2642095983028412,-0.19958192110061646,0.26448342204093933,0.1326945573091507,0.11899900436401367,-0.16666531562805176,-0.18523527681827545,0.4084162712097168,0.173469677567482,0.29941681027412415,0.05817296728491783,0.02976718358695507,0.3092859387397766,-0.18926911056041718,0.42154496908187866,-0.21994730830192566,-0.1953440010547638,-0.010174263268709183,0.5332291722297668,-0.2119922786951065,0.1958635300397873,0.5669351816177368,-0.1318008303642273,-0.2000419944524765,0.3853727877140045,0.5256382822990417,-0.12759065628051758,0.33256956934928894,-0.00996601302176714,0.6534343957901001,0.6071979403495789,-0.20444703102111816,0.10659880936145782,0.039899762719869614,-0.15388807654380798,-0.14564737677574158,0.3425314724445343,-0.17907579243183136,-0.21916885673999786,-0.17155106365680695,0.2538258731365204,-0.2079148143529892,-0.26796606183052063,0.009547633118927479,-0.004200974944978952,0.6808120608329773,-0.02738332562148571,-0.19744440913200378,0.09648774564266205,-0.23164556920528412,-0.16910575330257416,0.290841668844223,0.3359193205833435,-0.2557092607021332,-0.11495473980903625,-0.24938063323497772,-0.20544865727424622,-0.08803220093250275,-0.18055449426174164,0.26379144191741943,0.0029584751464426517,0.23362082242965698,0.14437559247016907,0.37957286834716797,-0.0983915701508522,0.24455690383911133,0.1426035463809967,-0.1285991072654724,-0.1253710240125656,-0.1415986567735672,0.23875461518764496,-0.2404424101114273,0.03043234907090664,-0.08159992098808289,0.6496584415435791,-0.24250978231430054,0.6092233061790466,-0.20371653139591217,-0.2526336908340454,0.009807312861084938,-0.14536574482917786,0.4697677493095398,-0.06743323057889938,0.17221388220787048,-0.10474133491516113,0.39529258012771606,-0.17862050235271454,-0.190816730260849
24,449,818,519,881,0.734803318977356,-0.2315712571144104,0.7288429737091064,1.0423599481582642,-0.24405312538146973,-0.1319984495639801,0.058008477091789246,-0.15681999921798706,-0.11479869484901428,-0.2110554426908493,0.14623233675956726,-0.0015417635440826416,0.013323325663805008,0.2223455011844635,0.20608516037464142,-0.15074306726455688,-0.2024480551481247,-0.25799494981765747,0.1707053780555725,-0.12059058994054794,-0.05617793649435043,0.061553601175546646,0.8310447335243225,0.011235330253839493,0.20702558755874634,0.22482514381408691,-0.10481435805559158,-0.2087659239768982,0.4022788107395172,0.38496002554893494,0.03868970647454262,-0.22075483202934265,-0.043047577142715454,0.20941433310508728,-0.18726885318756104,-0.1278001070022583,-0.23960432410240173,0.4147065579891205,-0.11080747097730637,0.12448923289775848,-0.2724180519580841,-0.20819295942783356,0.418116956949234,0.23798198997974396,0.24921226501464844,-0.20368357002735138,-0.23184925317764282,0.302135705947876,0.36892393231391907,0.39411747455596924,0.16898275911808014,0.13417701423168182,0.23085735738277435,-0.19091925024986267,0.5240629315376282,-0.12032540142536163,-0.22220322489738464,0.19552788138389587,0.5478555560112,-0.18847966194152832,0.27910587191581726,0.4946672022342682,-0.16290727257728577,-0.1782788783311844,0.31047892570495605,0.902596116065979,0.022098710760474205,0.3135162889957428,-0.055166035890579224,0.8866527080535889,0.43609750270843506,-0.23470932245254517,0.16997911036014557,0.06413406878709793,-0.19445109367370605,-0.1375061273574829,0.3993903398513794,-0.1371564269065857,-0.22154000401496887,-0.16332244873046875,0.2908288240432739,-0.2422858476638794,-0.2619491517543793,0.267122745513916,0.023977085947990417,0.7867444753646851,-0.11735928058624268,-0.15928812325000763,-0.06293489038944244,-0.23632463812828064,-0.12712246179580688,0.36202940344810486,0.1574702262878418,-0.25661587715148926,-0.0878833681344986,-0.24793687462806702,-0.1969076544046402,-0.13591507077217102,-0.15783585608005524,0.2599616050720215,-0.04120468720793724,0.13840173184871674,0.21350915729999542,0.37715640664100647,-0.05367834493517876,0.20009830594062805,0.1782694309949875,-0.11031077802181244,-0.11670684814453125,-0.19927707314491272,0.2655063271522522,-0.2571789026260376,0.03866003453731537,-0.16930463910102844,0.7845126986503601,-0.23458465933799744,0.6431920528411865,-0.09100279211997986,-0.2688579559326172,-0.007024981081485748,-0.14773623645305634,0.3751768469810486,0.01713583990931511,0.3103555738925934,-0.11946350336074829,0.7347366809844971,-0.1184462234377861,-0.20116093754768372
25,560,223,609,268,0.6021225452423096,-0.2126006782054901,0.8272502422332764,0.9527757167816162,-0.19172178208827972,-0.04227450489997864,0.24129533767700195,-0.22995509207248688,0.07895566523075104,-0.20193517208099365,0.12369617819786072,0.17842674255371094,-0.10051143169403076,0.19877323508262634,0.3405311405658722,-0.197799414396286,-0.2197418212890625,0.16099339723587036,0.3968646228313446,-0.1537114977836609,-0.10601910948753357,0.0613446906208992,0.8869035243988037,0.06213213503360748,0.06371337920427322,0.30144357681274414,-0.16476114094257355,-0.15843263268470764,0.4359494745731354,0.49263063073158264,-0.11797777563333511,-0.2271483689546585,0.047063689678907394,0.16110391914844513,-0.21325699985027313,-0.20043841004371643,-0.2579617202281952,0.6123506426811218,-0.23422424495220184,0.20413528382778168,-0.23215635120868683,-0.23196500539779663,0.18177276849746704,0.0811891183257103,-0.1294049620628357,-0.06781059503555298,-0.20223766565322876,0.8080850839614868,0.16953034698963165,0.364747554063797,-0.03864242136478424,0.3314945697784424,0.5571879744529724,-0.2380988895893097,0.98316890001297,-0.2049611210823059,0.08466622233390808,0.011619091033935547,0.7095186710357666,-0.14622381329536438,0.33062416315078735,0.10537011921405792,-0.10021901875734329,-0.13454283773899078,0.34798943996429443,0.07939411699771881,0.21434646844863892,0.16094866394996643,0.1840476095676422,0.3405376076698303,0.6235597133636475,-0.22415097057819366,0.09616401791572571,-0.04418720677495003,-0.19914664328098297,-0.17978151142597198,0.3654631972312927,-0.20053978264331818,-0.16931353509426117,-0.19320562481880188,0.4841098189353943,-0.2633420526981354,-0.2528255581855774,0.6088593602180481,0.14005127549171448,0.24981726706027985,-0.16359655559062958,-0.11357817053794861,0.23426879942417145,-0.1919822096824646,-0.18603049218654633,0.2871049642562866,0.17761270701885223,-0.23705779016017914,0.59098219871521,-0.2320878803730011,-0.20268525183200836,-0.22290584444999695,-0.2449823021888733,0.3531399667263031,-0.029476433992385864,-0.11797278374433517,0.2580409049987793,0.23024174571037292,0.5575613379478455,0.1670987606048584,-0.04326863959431648,0.6175210475921631,-0.14564505219459534,-0.19217081367969513,0.3069019317626953,-0.257342666387558,0.07632385194301605,0.3293474614620209,0.591120719909668,-0.19751079380512238,0.39751991629600525,0.06912770122289658,-0.2261064350605011,0.0022089513950049877,-0.12443012744188309,0.2967328727245331,0.5965957045555115,0.5532820820808411,-0.17800919711589813,0.8538458347320557,-0.05103741213679314,-0.21326424181461334
26,254,280,310,330,0.7376249432563782,-0.1993345469236374,0.7058964371681213,1.0381978750228882,-0.24765942990779877,-0.15941523015499115,0.04258410260081291,-0.1257750391960144,-0.16586682200431824,-0.1972489207983017,0.21274705231189728,-0.20716579258441925,0.12653303146362305,0.19011640548706055,0.2556809186935425,-0.1182706356048584,-0.18779201805591583,-0.12742392718791962,0.10204435139894485,-0.11906757205724716,-0.03427081182599068,0.17585165798664093,0.7207420468330383,0.2014806717634201,0.08018434792757034,-0.0626167356967926,-0.09844359010457993,-0.2129526287317276,0.31234216690063477,0.17054475843906403,-0.055332016199827194,-0.1785336583852768,0.03316138684749603,0.3053194582462311,-0.17796634137630463,-0.21539098024368286,-0.24652071297168732,0.4362640678882599,-0.1536860167980194,0.26536551117897034,-0.2710972726345062,-0.21169348061084747,0.4277697503566742,0.2167326658964157,0.2014426738023758,-0.19030146300792694,-0.18879403173923492,0.4590264856815338,0.18132483959197998,0.2409716695547104,0.1003979817032814,-0.027141084894537926,0.3581496775150299,-0.19998814165592194,0.6153185963630676,-0.2576434910297394,-0.18508686125278473,0.04704825580120087,0.4565902650356293,-0.17343413829803467,0.44613170623779297,0.682868242263794,-0.12073442339897156,-0.1533876210451126,0.5603460073471069,0.3809185326099396,-0.08481371402740479,0.2647906243801117,0.010772667825222015,0.6706064343452454,0.8196805119514465,-0.22908778488636017,-0.045492034405469894,-0.03815240040421486,-0.1781640499830246,-0.18766729533672333,0.3365563154220581,-0.1843990832567215,-0.18953044712543488,-0.21969591081142426,0.40865492820739746,-0.23440957069396973,-0.2717207372188568,0.10666412115097046,-0.10044743865728378,0.570137083530426,-0.14095589518547058,-0.21605651080608368,0.11506354808807373,-0.2339799404144287,-0.18110018968582153,0.35312867164611816,0.17069320380687714,-0.25231173634529114,0.0754835233092308,-0.23607705533504486,-0.2208675891160965,-0.03428575024008751,-0.17413230240345,0.2818152904510498,0.08598559349775314,0.16183650493621826,0.24462895095348358,0.34713855385780334,-0.2089632749557495,0.22159111499786377,0.16988776624202728,0.1950008124113083,-0.1421733945608139,-0.11841278523206711,0.21263770759105682,-0.2440555840730667,0.1371801495552063,-0.09269490092992783,0.6142558455467224,-0.23471267521381378,0.4329923391342163,-0.24434232711791992,-0.25292885303497314,-0.03429729864001274,-0.14096075296401978,0.40249839425086975,0.10349997878074646,0.34881535172462463,-0.11742321401834488,0.670900821685791,-0.12007231265306473,-0.1863180547952652
27,875,277,932,331,0.7042245864868164,-0.19932059943675995,0.9134142994880676,1.0379663705825806,-0.24325744807720184,-0.11493005603551865,0.15382736921310425,-0.18860822916030884,-0.10529728978872299,-0.18493811786174774,0.15896816551685333,-0.08462830632925034,0.016431448981165886,0.39574697613716125,0.39731231331825256,-0.17975151538848877,-0.11017155647277832,-0.04098551347851753,0.39735445380210876,-0.04091118276119232,0.00020702432084362954,0.16359521448612213,0.9180970788002014,0.12281594425439835,0.06794940680265427,0.21695613861083984,-0.08568765968084335,-0.2079107016324997,0.6404159665107727,0.3502955436706543,-0.004937497433274984,-0.18449382483959198,0.0440908707678318,0.23813766241073608,-0.18233664333820343,-0.07753434032201767,-0.23894722759723663,0.6159092783927917,-0.1951671689748764,0.4499889314174652,-0.2647814452648163,-0.2081693559885025,0.33723315596580505,0.4293655455112457,0.027028992772102356,-0.16037344932556152,-0.22050972282886505,0.555036187171936,0.14506615698337555,0.4487813413143158,0.08103162795305252,0.2130543738603592,0.585321843624115,-0.16523414850234985,0.687885582447052,-0.23745720088481903,-0.15645092725753784,0.10594495385885239,0.4842618405818939,-0.20124273002147675,0.3483353555202484,0.467935711145401,-0.15364877879619598,-0.018719246610999107,0.5240618586540222,0.40391239523887634,-0.05599759891629219,0.32748162746429443,0.11951655149459839,0.6650488972663879,0.5557625889778137,-0.21839313209056854,0.07358758896589279,0.06782661378383636,-0.20672637224197388,-0.15108416974544525,0.46897754073143005,-0.06202176585793495,-0.12111908197402954,-0.19049929082393646,0.2222275584936142,-0.23312728106975555,-0.2622798681259155,0.2657204568386078,-0.10309354215860367,0.3943540155887604,-0.23645369708538055,-0.18216438591480255,0.21021874248981476,-0.23257018625736237,-0.03158001974225044,0.23907490074634552,0.21147693693637848,-0.25354811549186707,0.11615129560232162,-0.23303057253360748,-0.1881953477859497,-0.076636403799057,-0.19537143409252167,0.2659987211227417,0.1801694631576538,0.13599713146686554,0.3136718273162842,0.5613171458244324,0.2271769642829895,0.1775614470243454,0.13673725724220276,0.1967412829399109,-0.13271383941173553,-0.16870050132274628,0.3934149742126465,-0.24973700940608978,0.2003614455461502,0.15517635643482208,0.5954149961471558,-0.21420244872570038,0.557259738445282,-0.17621475458145142,-0.2566702663898468,-0.011543859727680683,-0.12906619906425476,0.37022265791893005,0.27354827523231506,0.34275445342063904,-0.13614346086978912,0.7159230709075928,-0.004373148083686829,-0.1924002319574356
28,789,336,843,386,0.5704492926597595,-0.1922893524169922,0.7974263429641724,1.0433417558670044,-0.14649087190628052,-0.08475043624639511,0.29435423016548157,-0.20096412301063538,-0.19831150770187378,-0.2256489396095276,0.12620282173156738,0.0740133672952652,-0.06281842291355133,0.3783601224422455,0.30482062697410583,-0.18368880450725555,-0.2025323510169983,-0.03346893936395645,0.6878290176391602,0.05111796781420708,-0.011687285266816616,-0.013512998819351196,0.7312899827957153,0.1107155978679657,0.36096709966659546,0.48883479833602905,-0.1489698886871338,-0.19244585931301117,0.4659922420978546,0.5871240496635437,-0.14246758818626404,-0.19721589982509613,0.014668570831418037,0.32403838634490967,-0.15306970477104187,-0.10131072252988815,-0.23068708181381226,0.5179502367973328,-0.09137732535600662,0.21537616848945618,-0.26237666606903076,-0.1889255791902542,0.53926682472229,0.4559132158756256,0.3080245554447174,-0.15765933692455292,-0.2218247801065445,0.40837112069129944,0.6760307550430298,0.7858093976974487,0.2310764491558075,0.08385142683982849,0.4513908922672272,-0.19321680068969727,0.7218685150146484,-0.2186015248298645,-0.12025782465934753,0.22661441564559937,0.6846018433570862,-0.17759986221790314,0.486019492149353,0.46070846915245056,-0.1190568208694458,-0.08136337995529175,0.3575020432472229,0.4163442552089691,0.09129604697227478,0.23360282182693481,0.02099783346056938,0.8319912552833557,0.5309507250785828,-0.15735945105552673,0.09725400805473328,0.19532448053359985,-0.2008184790611267,-0.002508929232135415,0.3354049324989319,-0.07015646994113922,-0.18343032896518707,-0.2012556791305542,0.2745293378829956,-0.21072885394096375,-0.26707595586776733,0.5380894541740417,0.0683886706829071,0.2696188986301422,-0.23167988657951355,-0.1677672266960144,0.07579713314771652,-0.22025521099567413,-0.09594899415969849,0.4954622983932495,0.12061581015586853,-0.2563438415527344,0.056153323501348495,-0.22332829236984253,-0.22647449374198914,-0.18917399644851685,-0.16138039529323578,0.20849524438381195,0.043342676013708115,0.0755949392914772,0.2728661000728607,0.49882781505584717,0.43666982650756836,0.36981943249702454,0.02661704272031784,0.2177206426858902,-0.09263760596513748,-0.1723712831735611,0.2883949279785156,-0.2427322119474411,0.3441515564918518,0.01554173231124878,0.5874131321907043,-0.15492098033428192,0.8539345264434814,-0.0014163156738504767,-0.24383915960788727,0.08045678585767746,-0.13623735308647156,0.3006080389022827,0.19317704439163208,0.6173133850097656,-0.09918788075447083,1.1239221096038818,-0.03657928481698036,-0.19764018058776855
29,541,350,587,393,0.6467675566673279,-0.19682461023330688,0.5430486798286438,1.0121747255325317,-0.25651270151138306,-0.1585666537284851,0.14004439115524292,-0.11924430727958679,-0.24084646999835968,-0.2495490163564682,0.24689200520515442,-0.2034192830324173,0.15916597843170166,0.1503499448299408,0.3069782257080078,-0.09930242598056793,-0.19170857965946198,-0.10076559334993362,0.1151006892323494,0.04352863132953644,-0.10609178990125656,0.16762416064739227,0.5664527416229248,-0.03195716440677643,0.33978718519210815,-0.035461410880088806,-0.07438130676746368,-0.2502151131629944,0.2523914873600006,0.32695162296295166,-0.10061872005462646,-0.22195474803447723,-0.03087592124938965,0.24711376428604126,-0.17996369302272797,-0.20532454550266266,-0.24442799389362335,0.14783689379692078,-0.20198768377304077,0.10621491074562073,-0.2619967758655548,-0.20801198482513428,0.1258549839258194,0.0517987459897995,-0.007541133090853691,-0.18857668340206146,-0.16399966180324554,0.33194500207901,0.12480371445417404,0.2201281189918518,0.1870690882205963,0.05176415294408798,0.3138085901737213,-0.1937473565340042,0.7234847545623779,-0.25743329524993896,-0.05556490644812584,0.15568029880523682,0.5096042156219482,-0.16106726229190826,0.31862372159957886,0.5535869598388672,-0.09488991647958755,-0.2087019681930542,0.13449905812740326,0.13932068645954132,-0.018690790981054306,0.24263924360275269,0.010505933314561844,0.6329314708709717,0.6407928466796875,-0.2497001439332962,0.0022041467018425465,-0.04292146861553192,-0.11501596868038177,-0.18584801256656647,0.274415522813797,-0.1922236680984497,-0.16533717513084412,-0.21478325128555298,0.23183512687683105,-0.2518960237503052,-0.2685091495513916,0.41704505681991577,-0.10178035497665405,0.3470982313156128,-0.11412090808153152,-0.20287254452705383,0.028087027370929718,-0.23131555318832397,-0.1979399025440216,0.3298051655292511,0.22608619928359985,-0.24467022716999054,0.325223445892334,-0.23415279388427734,-0.20040473341941833,-0.050503525882959366,-0.22266609966754913,0.22586968541145325,0.18421711027622223,0.11678440123796463,0.21179942786693573,0.17118895053863525,-0.1420459896326065,0.18239477276802063,0.08251391351222992,0.23180770874023438,-0.12981414794921875,-0.07962685078382492,0.05929114297032356,-0.2521558701992035,-0.003348949830979109,-0.14443156123161316,0.6648706793785095,-0.22577309608459473,0.3533335328102112,-0.15234555304050446,-0.19296367466449738,0.014770004898309708,-0.15377023816108704,0.4771016538143158,0.1918167769908905,0.4494068920612335,-0.10984938591718674,0.5115888714790344,-0.1647672951221466,-0.21055294573307037
30,750,655,797,696,0.7303249835968018,-0.16457268595695496,0.596104621887207,1.0103343725204468,-0.2493126094341278,-0.15318268537521362,0.07320120930671692,-0.1013849675655365,-0.23786602914333344,-0.23700004816055298,0.1976960003376007,-0.22126096487045288,0.11155961453914642,0.21827402710914612,0.2813439965248108,-0.12360310554504395,-0.19214528799057007,-0.17031651735305786,0.07866071164608002,0.007304525934159756,-0.1730521023273468,0.2613985538482666,0.5949032306671143,-0.10934463888406754,0.3438850939273834,-0.0790574848651886,-0.03372601792216301,-0.23333273828029633,0.25242379307746887,0.33015623688697815,-0.06495794653892517,-0.22626608610153198,0.000810987432487309,0.20282557606697083,-0.18042820692062378,-0.2219746708869934,-0.22945240139961243,0.2885742485523224,-0.18801304697990417,0.09233158826828003,-0.26935651898384094,-0.19887620210647583,-0.03578699752688408,0.07031839340925217,-0.03273756429553032,-0.16297867894172668,-0.13630414009094238,0.3466760516166687,0.048616744577884674,0.1851595789194107,0.09333476424217224,0.05516558140516281,0.31389108300209045,-0.16400213539600372,0.8508774638175964,-0.26275721192359924,-0.12910230457782745,-0.004180779214948416,0.5585649609565735,-0.15612752735614777,0.24023188650608063,0.6159936189651489,-0.1138911098241806,-0.23209547996520996,0.27710673213005066,0.021809078752994537,-0.08105678111314774,0.21444261074066162,-0.037017982453107834,0.4951666593551636,0.7473511099815369,-0.2448960393667221,-0.07081075012683868,-0.09216545522212982,-0.07642543315887451,-0.19201235473155975,0.32937246561050415,-0.1480425000190735,-0.10226625949144363,-0.2399604320526123,0.22274716198444366,-0.24675321578979492,-0.26803916692733765,0.4405752420425415,-0.09394944459199905,0.3088582754135132,-0.11197561770677567,-0.2098536640405655,0.11922000348567963,-0.23105758428573608,-0.21057075262069702,0.29328107833862305,0.28141137957572937,-0.243340864777565,0.35213160514831543,-0.22634060680866241,-0.17499735951423645,0.003671392798423767,-0.21615518629550934,0.24442344903945923,0.17869482934474945,0.25388991832733154,0.13656435906887054,0.21032290160655975,-0.05845801159739494,0.10519980639219284,0.09598655253648758,0.31434112787246704,-0.10911823809146881,-0.12590783834457397,0.025035612285137177,-0.2523818612098694,-0.0745525062084198,-0.08034487813711166,0.6376125812530518,-0.23427629470825195,0.23581409454345703,-0.19720342755317688,-0.19654566049575806,0.07604818791151047,-0.13527396321296692,0.49541378021240234,0.21259045600891113,0.4146994352340698,-0.11228498071432114,0.5103225708007812,-0.07759002596139908,-0.19810283184051514
31,466,453,514,495,0.6103081703186035,-0.24024057388305664,0.7823715806007385,0.9759363532066345,-0.1984967440366745,-0.10938235372304916,0.09359574317932129,-0.18885143101215363,-0.22259944677352905,-0.21811068058013916,0.4127541482448578,-0.18043546378612518,-0.16863243281841278,0.6888882517814636,0.08782777190208435,-0.19217784702777863,-0.18997310101985931,-0.18070238828659058,0.03411875292658806,-0.13034135103225708,-0.20445282757282257,0.25286945700645447,0.5580670237541199,0.15836496651172638,-0.040878262370824814,0.1202203631401062,-0.12061121314764023,-0.17839552462100983,0.35852718353271484,0.17163057625293732,-0.10267287492752075,-0.2001350373029709,0.04345519468188286,0.1676155924797058,-0.19252264499664307,-0.24252140522003174,-0.24676723778247833,0.6240699887275696,-0.26584160327911377,0.20389340817928314,-0.2742292582988739,-0.22311854362487793,0.18968522548675537,0.29092469811439514,-0.09100057929754257,-0.1872372180223465,-0.22479330003261566,0.4990936517715454,0.15928767621517181,0.37529635429382324,0.08810272067785263,0.21246342360973358,0.437700480222702,-0.2140084058046341,0.8104138970375061,-0.20330919325351715,-0.125535249710083,-0.07695335894823074,0.4273560047149658,-0.16373004019260406,0.18652015924453735,0.4577963352203369,-0.15047021210193634,-0.15937115252017975,0.9760982990264893,0.2732512950897217,0.07392594963312149,0.45302140712738037,-0.1421288549900055,0.712615966796875,0.6606218218803406,-0.23321205377578735,-0.0847027376294136,-0.05820627138018608,-0.17342984676361084,-0.17091675102710724,0.31584033370018005,-0.23514485359191895,-0.14782752096652985,-0.2166392058134079,0.5493109822273254,-0.23627869784832,-0.2639910876750946,0.5007720589637756,-0.1216377317905426,0.3264319896697998,-0.20771610736846924,-0.15887318551540375,0.1962142139673233,-0.22442679107189178,-0.2002965360879898,0.355686753988266,-0.06260165572166443,-0.23228029906749725,0.3440973460674286,-0.23163793981075287,-0.22238166630268097,-0.22213999927043915,-0.1945871114730835,0.37882187962532043,0.061293017119169235,-0.06967420130968094,0.3244211971759796,0.26537248492240906,-0.16071102023124695,0.08642563223838806,0.11824307590723038,0.43448588252067566,-0.19005043804645538,-0.22816747426986694,0.4102449119091034,-0.25534236431121826,0.2966212034225464,0.0027492865920066833,0.5393981337547302,-0.2637793719768524,0.38741806149482727,-0.20877622067928314,-0.26069092750549316,0.13604618608951569,-0.12894843518733978,0.3100760281085968,0.3484290540218353,0.5358758568763733,-0.1724226474761963,0.801296055316925,-0.05809924378991127,-0.20560656487941742
32,341,452,392,494,0.5504956245422363,-0.2208995819091797,1.3832846879959106,0.9801176190376282,-0.03288925811648369,0.00643824553117156,0.41611990332603455,-0.20554929971694946,-0.01941635273396969,-0.25383123755455017,0.6914475560188293,1.5281177759170532,-0.15002359449863434,0.5755826830863953,0.012375995516777039,-0.18916885554790497,-0.18796217441558838,-0.1349036544561386,0.4780452251434326,-0.06462231278419495,-0.2131718248128891,0.2635071575641632,0.24356751143932343,0.06301749497652054,-0.057174548506736755,0.27730414271354675,-0.12638543546199799,-0.2101433426141739,1.0710419416427612,0.12030775099992752,-0.19381116330623627,-0.1288287490606308,0.01144358515739441,0.3165830671787262,-0.1682875156402588,-0.20453353226184845,-0.2408546805381775,0.4009677469730377,-0.23698924481868744,0.31522974371910095,-0.26812517642974854,-0.20399968326091766,0.2844769060611725,0.5682055950164795,-0.13607124984264374,-0.21818019449710846,-0.1855406016111374,1.267193078994751,0.7026286125183105,0.4186912477016449,-0.0024506449699401855,0.23721079528331757,0.1294802576303482,-0.16140799224376678,0.8353629112243652,-0.08134577423334122,0.08054211735725403,0.27796998620033264,0.23241181671619415,-0.18999487161636353,0.5609278082847595,0.29223117232322693,-0.13216687738895416,0.2637680470943451,0.7422296404838562,-0.016581185162067413,0.23439176380634308,-0.017979146912693977,0.22734177112579346,0.8198162913322449,1.0161508321762085,-0.1972106248140335,-0.16206984221935272,0.10751718282699585,-0.268911212682724,-0.14494691789150238,0.3383921682834625,-0.2092762440443039,0.23137126863002777,-0.22835667431354523,0.321931391954422,-0.20804531872272491,-0.2677187919616699,1.2510963678359985,-0.14951708912849426,0.0525946207344532,-0.2441832572221756,-0.15731067955493927,0.027423009276390076,-0.2165520191192627,-0.15947629511356354,0.3635483682155609,-0.08897455781698227,-0.24519316852092743,0.713284432888031,-0.2041277438402176,-0.24598316848278046,-0.1879662722349167,-0.2230021357536316,0.33147743344306946,0.08291574567556381,-0.16841061413288116,0.7326051592826843,0.1038854718208313,0.11413656920194626,0.3786170482635498,0.014388124458491802,0.6151787638664246,-0.06636963784694672,-0.24874192476272583,0.3186299800872803,-0.2580179274082184,0.503774106502533,0.026125410571694374,0.5063422322273254,-0.21717076003551483,0.3182929754257202,-0.014859944581985474,-0.2321862429380417,0.24359053373336792,-0.16738392412662506,0.43880191445350647,0.4420689642429352,0.7309296131134033,-0.09273716062307358,0.9564521908760071,0.23221683502197266,-0.23592829704284668
33,498,177,552,225,0.5333077311515808,-0.22750064730644226,0.8925366997718811,1.0608514547348022,-0.12259645015001297,-0.13899117708206177,0.15611426532268524,-0.15918760001659393,-0.1978905200958252,-0.1704576313495636,0.1381174921989441,-0.05814284831285477,0.005089117214083672,0.4088788330554962,0.3919049799442291,-0.11597812175750732,-0.20371133089065552,-0.004302680492401123,0.6161754727363586,0.07751738280057907,-0.1437164843082428,0.23210342228412628,0.6647541522979736,-0.005436875857412815,0.568107008934021,0.21646727621555328,-0.10873866826295853,-0.21817149221897125,0.4107173681259155,0.17700648307800293,-0.12856964766979218,-0.19794191420078278,0.05173809826374054,0.32290521264076233,-0.17056283354759216,-0.16582439839839935,-0.24024248123168945,0.4270203709602356,-0.15868043899536133,0.24669620394706726,-0.2645200490951538,-0.1821574568748474,0.6989116668701172,0.14825011789798737,0.08638949692249298,-0.11019773036241531,-0.213418647646904,0.49829503893852234,0.637934684753418,0.3546665906906128,0.11837707459926605,0.1482650637626648,0.3207787275314331,-0.1539231389760971,0.6647197008132935,-0.23295828700065613,-0.047366078943014145,0.11235896497964859,0.5172498822212219,-0.10493084043264389,0.47122636437416077,0.5074580907821655,-0.09333125501871109,-0.12839718163013458,0.3108135163784027,0.2649971544742584,0.0607556514441967,0.18219980597496033,0.03957883641123772,0.6778056621551514,0.5758112072944641,-0.2117726355791092,0.013949268497526646,-0.050367001444101334,-0.15984253585338593,-0.14399930834770203,0.2658575773239136,-0.16651412844657898,-0.18668264150619507,-0.21820150315761566,0.4974059462547302,-0.22265805304050446,-0.2678849697113037,0.2872457504272461,0.11251042783260345,0.45970165729522705,-0.19630295038223267,-0.1727617383003235,0.05804893746972084,-0.23618623614311218,-0.03158780559897423,0.4184894561767578,0.12333668768405914,-0.24617473781108856,0.03301125019788742,-0.2533743679523468,-0.2330467402935028,-0.18534137308597565,-0.14373356103897095,0.2394724190235138,-0.0045819878578186035,0.05191807448863983,0.3118382692337036,0.28395524621009827,0.03866765275597572,0.4082954227924347,0.20733565092086792,0.45310652256011963,-0.13557742536067963,-0.17926059663295746,0.17034557461738586,-0.25271451473236084,0.14825399219989777,-0.0767863392829895,0.6617789268493652,-0.19196966290473938,0.5968148708343506,-0.05205830931663513,-0.23496797680854797,0.11117994785308838,-0.11752024292945862,0.4134080410003662,0.2523075044155121,0.4649183452129364,-0.13033033907413483,1.0582407712936401,-0.10624517500400543,-0.18984998762607574
34,487,402,528,439,0.5250340700149536,-0.246171236038208,0.6198049187660217,0.9691926836967468,-0.13563722372055054,0.20498277246952057,0.3657747805118561,-0.24418850243091583,0.497227281332016,-0.2296169251203537,0.4028076231479645,0.021315058693289757,-0.16451744735240936,0.6837349534034729,0.39913907647132874,-0.24231646955013275,-0.1881256103515625,-0.18488319218158722,0.5080947279930115,-0.039965104311704636,-0.22779302299022675,-0.03865924850106239,0.4932192265987396,0.0689200758934021,0.16087035834789276,0.5152776837348938,-0.11474758386611938,-0.21387238800525665,0.6098626255989075,0.44881948828697205,-0.232965350151062,-0.1912544220685959,0.042059194296598434,0.056302428245544434,-0.2019209861755371,0.028084376826882362,-0.271721750497818,0.20918463170528412,-0.1754983812570572,0.3194979429244995,-0.2279231995344162,-0.22122688591480255,0.22075295448303223,-0.12820838391780853,0.05336602404713631,-0.08386143296957016,-0.16643862426280975,1.1928173303604126,0.4614931046962738,0.3629220426082611,0.15730725228786469,0.25996509194374084,0.26207947731018066,-0.1905508190393448,0.9820826649665833,-0.21546761691570282,0.18159781396389008,0.14939022064208984,0.7636052966117859,-0.24828946590423584,0.7359567284584045,-0.050624895840883255,0.007039688527584076,-0.060522038489580154,0.09922907501459122,-0.07936567068099976,0.3415616452693939,0.02774953842163086,0.37447869777679443,0.4844978153705597,0.27781879901885986,-0.2102281004190445,-0.06207849457859993,0.1314132660627365,-0.08881163597106934,-0.20033173263072968,0.6612670421600342,-0.2304437905550003,0.19652968645095825,-0.16461825370788574,0.3747000992298126,-0.25485336780548096,-0.2418202906847,1.0081216096878052,0.24253880977630615,-0.0996749997138977,-0.1965361386537552,-0.06692761182785034,0.08561470359563828,-0.1770763397216797,-0.22280947864055634,0.2357640266418457,0.15503989160060883,-0.24940408766269684,0.5734612941741943,-0.21935288608074188,-0.17776291072368622,-0.23058003187179565,-0.2333066314458847,0.31899720430374146,0.4452485144138336,-0.15456819534301758,0.1180276945233345,0.08230773359537125,0.11334497481584549,0.31355005502700806,-0.08379582315683365,0.7415326237678528,-0.12615492939949036,-0.21706707775592804,0.6438722014427185,-0.22601111233234406,0.3102940022945404,0.5202170014381409,0.4582849442958832,-0.2111908197402954,0.4713524281978607,-0.05132538080215454,-0.21962527930736542,0.34812700748443604,-0.09065801650285721,0.6853985786437988,0.5880385041236877,0.6651225686073303,-0.2080928087234497,1.1242409944534302,0.11003150790929794,-0.24284808337688446
35,822,315,877,365,0.48270341753959656,-0.2077997773885727,0.5661779642105103,1.0072002410888672,-0.22828824818134308,-0.20883192121982574,0.14994311332702637,-0.1939849853515625,-0.2065274715423584,-0.2355230152606964,0.19662359356880188,-0.0030776560306549072,0.13629283010959625,0.26629549264907837,0.19788861274719238,-0.14149567484855652,-0.15747514367103577,-0.05187778174877167,0.40719175338745117,0.012056287378072739,0.059189677238464355,-0.06257009506225586,0.727742075920105,0.4873620271682739,0.16036659479141235,0.2796359658241272,-0.07131265103816986,-0.22099396586418152,0.23543061316013336,0.588550865650177,-0.10600403696298599,-0.23800450563430786,0.04596635326743126,0.3020597994327545,-0.17300255596637726,-0.1480478048324585,-0.24970732629299164,0.5329144597053528,-0.18053758144378662,0.18761833012104034,-0.2732131779193878,-0.2192562222480774,0.4197574555873871,0.2631732225418091,0.05856702849268913,-0.17234820127487183,-0.22674734890460968,0.34394529461860657,0.3996058404445648,0.6245547533035278,0.194629967212677,-0.07590994983911514,0.43193987011909485,-0.2112187147140503,0.35569822788238525,-0.23780018091201782,-0.1887960135936737,0.321264386177063,0.6160872578620911,-0.18018335103988647,0.5167710781097412,0.5759990215301514,-0.01544378325343132,-0.16872653365135193,0.3672716021537781,0.4659470319747925,0.01759553700685501,0.27783674001693726,0.0017882386455312371,0.7715985774993896,0.7250308990478516,-0.2019602507352829,0.051831211894750595,0.2845098674297333,-0.20674121379852295,-0.1037549078464508,0.03848033398389816,-0.10758782178163528,-0.1896943747997284,-0.21222935616970062,0.34996068477630615,-0.21873076260089874,-0.2680409252643585,0.5810474157333374,-0.09627587348222733,0.5316158533096313,-0.19698037207126617,-0.19904199242591858,0.12093234062194824,-0.2257806956768036,-0.030421707779169083,0.6264650821685791,0.0489187054336071,-0.2371811866760254,0.10458312928676605,-0.24105463922023773,-0.21806174516677856,-0.08097894489765167,-0.19638380408287048,0.2954144775867462,-0.005712682846933603,0.08580976724624634,0.258968710899353,0.32704854011535645,0.17275851964950562,0.2460256963968277,0.07794034481048584,0.14847008883953094,-0.14340046048164368,-0.07622899115085602,0.0664861798286438,-0.25006407499313354,0.12156481295824051,-0.09036856889724731,0.7365517616271973,-0.22218428552150726,0.5841070413589478,0.04373994469642639,-0.22566550970077515,-0.08075631409883499,-0.1599285900592804,0.2971433997154236,0.1823587268590927,0.6648375988006592,-0.06967705488204956,0.715674638748169,-0.13184918463230133,-0.1989036500453949
36,317,410,361,452,0.8127544522285461,-0.20356056094169617,0.35220152139663696,1.0142176151275635,-0.2365923523902893,-0.16273154318332672,0.17928117513656616,-0.1370895951986313,-0.18974004685878754,-0.24434977769851685,0.2109067142009735,-0.23342500627040863,0.09045686572790146,0.3086557388305664,0.32331448793411255,-0.14712564647197723,-0.032511334866285324,-0.18541550636291504,0.11660239100456238,-0.07117018848657608,0.03056928515434265,0.1525346040725708,0.6535658240318298,0.203902006149292,-0.023425135761499405,0.06434740871191025,-0.08409585058689117,-0.22788508236408234,0.37013164162635803,0.4322872757911682,-0.12871526181697845,-0.15996557474136353,-0.06790237873792648,0.2636561691761017,-0.15642739832401276,-0.16584908962249756,-0.2485574334859848,0.2218521684408188,-0.1829114556312561,0.04071996733546257,-0.2670902907848358,-0.21565082669258118,0.12833864986896515,0.0937856137752533,0.17395293712615967,-0.19358286261558533,-0.22025617957115173,0.32537081837654114,0.1276102066040039,0.2378370463848114,0.21372106671333313,0.18926388025283813,0.48757559061050415,-0.2351704239845276,0.5853902697563171,-0.23383575677871704,-0.10410305112600327,0.179480642080307,0.6927214860916138,-0.16150467097759247,0.3354116976261139,0.6061274409294128,-0.14377538859844208,-0.12710082530975342,0.5706573128700256,0.28077754378318787,0.052434973418712616,0.34668251872062683,-0.01943444460630417,0.6037754416465759,0.7205088138580322,-0.232169046998024,0.027947472408413887,0.008599952794611454,-0.14947324991226196,-0.1688564270734787,0.1946870982646942,-0.14105664193630219,-0.2071455717086792,-0.2294001579284668,0.21703417599201202,-0.23258532583713531,-0.27190935611724854,0.1210225448012352,0.0769314244389534,0.5800765156745911,-0.06446579843759537,-0.21205393970012665,-0.01304669864475727,-0.24056598544120789,-0.20929716527462006,0.3393113911151886,0.1487876921892166,-0.24749493598937988,-0.07013851404190063,-0.20503617823123932,-0.21252399682998657,0.028844309970736504,-0.24043989181518555,0.27868106961250305,0.1107790470123291,0.2250501811504364,0.10843398422002792,0.19939233362674713,-0.011686467565596104,0.23285998404026031,0.09590024501085281,-0.01610432378947735,-0.16165253520011902,-0.05525630712509155,0.21559423208236694,-0.22776266932487488,-0.02132405899465084,-0.08457382768392563,0.5645637512207031,-0.22800448536872864,0.5571019649505615,-0.2585255205631256,-0.2291673868894577,0.03006446734070778,-0.1500803828239441,0.38921064138412476,0.11237677186727524,0.44561925530433655,-0.11983466148376465,0.5306990146636963,-0.08874915540218353,-0.20044350624084473
37,709,718,762,764,0.6614220142364502,-0.18940469622612,0.8256965279579163,1.0277886390686035,-0.17955905199050903,-0.1598101407289505,0.2267000377178192,-0.18501265347003937,-0.21510998904705048,-0.23176071047782898,0.20889781415462494,0.2615824043750763,0.004808733705431223,0.3791572153568268,0.27643316984176636,-0.12209787964820862,-0.20367774367332458,0.10080002248287201,0.7863242626190186,-0.010298337787389755,-0.14109370112419128,0.08388808369636536,0.3516680896282196,0.09318212419748306,0.5183259844779968,0.3879612684249878,-0.10757001489400864,-0.19826549291610718,0.38553115725517273,0.19332484900951385,-0.09270645678043365,-0.2124491035938263,0.012370324693620205,0.4493538439273834,-0.1285744309425354,-0.16573220491409302,-0.24356593191623688,0.5353301763534546,-0.08065446466207504,0.3245069980621338,-0.2657947540283203,-0.19209074974060059,0.5465331077575684,0.1633141040802002,0.0686853751540184,-0.15194903314113617,-0.20495814085006714,0.559002161026001,0.8699767589569092,0.44104236364364624,0.23299485445022583,-0.07777764648199081,0.34102535247802734,-0.19516390562057495,1.1553387641906738,-0.22987858951091766,0.1291007399559021,0.3216050863265991,0.6842466592788696,-0.18767665326595306,0.7790599465370178,0.4604136049747467,-0.037869617342948914,-0.19698798656463623,0.3734617233276367,0.028864119201898575,0.1377355456352234,0.12127521634101868,-0.027145422995090485,0.6638566851615906,0.718497633934021,-0.17059610784053802,-0.06055073067545891,0.2079552561044693,-0.18574301898479462,-0.07123391330242157,0.34062638878822327,-0.21854153275489807,-0.1733427494764328,-0.2190752625465393,0.4153735041618347,-0.20521338284015656,-0.2721286416053772,0.6936083436012268,-0.04180037975311279,0.06720844656229019,-0.23360313475131989,-0.1875750869512558,0.11445613950490952,-0.21496343612670898,-0.1059340238571167,0.2748551666736603,0.10198458284139633,-0.24970661103725433,0.4320622980594635,-0.23279857635498047,-0.24578922986984253,-0.10276313871145248,-0.10158571600914001,0.21421660482883453,0.07752871513366699,0.04372654855251312,0.45262452960014343,0.2501732110977173,-0.0029652449302375317,0.4849809408187866,0.08148576319217682,0.7781042456626892,-0.1836196929216385,-0.15986879169940948,0.18756799399852753,-0.24315664172172546,0.6629123687744141,-0.10720817744731903,0.7094498872756958,-0.18338587880134583,0.73435378074646,-0.0012907518539577723,-0.21094197034835815,0.015152869746088982,-0.15972578525543213,0.3250797986984253,0.3673674166202545,0.7243595123291016,-0.10223230719566345,1.0167925357818604,-0.15013481676578522,-0.21003875136375427
38,477,343,522,382,0.9035105109214783,-0.17906300723552704,0.4566866457462311,0.9766316413879395,-0.25669386982917786,-0.17574332654476166,0.14664185047149658,-0.152129665017128,-0.23601092398166656,-0.24977463483810425,0.2236875742673874,-0.2500561475753784,0.0645463764667511,0.24679076671600342,0.17906613647937775,-0.1380564421415329,-0.19599847495555878,-0.08892697095870972,-0.24152445793151855,-0.08419247716665268,-0.12052995711565018,0.12438079714775085,0.42234882712364197,0.43374601006507874,-0.13163959980010986,0.031722161918878555,-0.10746679455041885,-0.24270232021808624,0.47777220606803894,0.33502447605133057,-0.09774241596460342,-0.11670619249343872,-0.03325180336833,0.2369377166032791,-0.17902226746082306,-0.20149533450603485,-0.25301647186279297,0.2724512815475464,-0.21134765446186066,0.2088998407125473,-0.2731241285800934,-0.2261245995759964,0.021697739139199257,0.14644448459148407,0.005477413535118103,-0.22321926057338715,-0.19267208874225616,0.41507580876350403,0.019257253035902977,0.14161495864391327,0.1502871960401535,-0.06632065773010254,0.3487188518047333,-0.2238427847623825,0.652854859828949,-0.241733118891716,-0.00483328104019165,-0.05047543719410896,0.41903308033943176,-0.2321089506149292,0.22040773928165436,0.6862401962280273,-0.17231667041778564,-0.21508730947971344,0.8933608531951904,0.16023068130016327,0.08996573835611343,0.3597832918167114,-0.056150685995817184,0.5100946426391602,1.0950316190719604,-0.22538121044635773,-0.037872616201639175,-0.17270107567310333,-0.18219436705112457,-0.16017679870128632,0.38827821612358093,-0.14239078760147095,-0.17305894196033478,-0.22303080558776855,0.28782030940055847,-0.24765247106552124,-0.2720257639884949,0.31647852063179016,-0.09968825429677963,0.41173815727233887,-0.11438783258199692,-0.18415383994579315,0.0034512963611632586,-0.22305242717266083,-0.1363816261291504,0.2179938703775406,0.184017613530159,-0.2365332394838333,0.4570460617542267,-0.2356845885515213,-0.22717945277690887,-0.10745629668235779,-0.25576522946357727,0.3304831385612488,0.3067837357521057,0.2846888303756714,0.1437806487083435,0.19167013466358185,-0.05879005789756775,0.1104043498635292,0.07667571306228638,0.19729097187519073,-0.14621877670288086,-0.056458622217178345,0.3288174569606781,-0.24268002808094025,-0.012724394910037518,-0.07140674442052841,0.5862798690795898,-0.24430163204669952,0.42712345719337463,-0.22920764982700348,-0.26205208897590637,0.077785424888134,-0.15556423366069794,0.35337033867836,0.2186441421508789,0.44859036803245544,-0.10195181518793106,0.41180458664894104,0.12361820787191391,-0.20179907977581024
39,470,225,507,259,0.87408846616745,-0.2247501015663147,0.18363766372203827,0.9953935146331787,-0.1571158766746521,-0.0456126406788826,0.11885954439640045,-0.2087218463420868,0.17277078330516815,-0.19105182588100433,0.33957991003990173,-0.21339894831180573,-0.055427491664886475,0.35388776659965515,0.283152312040329,-0.17730796337127686,-0.13573569059371948,-0.20936481654644012,0.5440244674682617,0.06460981070995331,-0.1219872534275055,-0.06385258585214615,0.21038678288459778,-0.1631683111190796,0.6937506198883057,0.7244957685470581,-0.011306019499897957,-0.23736155033111572,0.01873026043176651,0.12689614295959473,-0.23216164112091064,-0.07072566449642181,0.3121395707130432,0.25204822421073914,-0.12661363184452057,0.2406761348247528,-0.2668290138244629,0.04033689945936203,0.07298453152179718,-0.1000259667634964,-0.14991341531276703,-0.21106299757957458,0.15554922819137573,-0.1906840205192566,0.3338732123374939,-0.13074231147766113,-0.20663043856620789,0.3705528974533081,0.750846803188324,0.39358294010162354,0.23855383694171906,0.04908435791730881,0.12283018231391907,-0.11834605038166046,0.9286391139030457,-0.22077983617782593,0.027364417910575867,0.5054713487625122,0.586639404296875,-0.2501548230648041,0.46683356165885925,0.24607166647911072,0.25236231088638306,-0.1973699927330017,0.014814849942922592,-0.2088003009557724,0.17362026870250702,0.019198797643184662,0.03561500087380409,0.6788252592086792,0.3893614411354065,-0.24391907453536987,-0.12991486489772797,0.08349329233169556,0.08636941760778427,-0.21306639909744263,0.36989060044288635,-0.25297290086746216,-0.21381759643554688,-0.16163259744644165,0.09761988371610641,-0.24327972531318665,-0.26861709356307983,1.1453934907913208,0.144208163022995,0.007867444306612015,-0.20262570679187775,-0.14588254690170288,0.10453502833843231,-0.2006695568561554,-0.20114310085773468,0.30500173568725586,0.0505547858774662,-0.24520836770534515,0.7272114753723145,-0.20850428938865662,-0.23804016411304474,-0.14351560175418854,-0.21008267998695374,0.19238275289535522,0.6557033061981201,-0.13866472244262695,0.11621154844760895,0.11773901432752609,-0.2700932025909424,0.17295461893081665,0.06646318733692169,0.6806812882423401,-0.24817895889282227,-0.19361135363578796,0.5212767720222473,-0.25272536277770996,-0.19651618599891663,-0.17661142349243164,0.6895649433135986,-0.21744708716869354,0.45405852794647217,-0.13469941914081573,-0.17300529778003693,0.10898303985595703,-0.1002449095249176,0.5977126955986023,0.18422335386276245,0.5386642217636108,-0.18821844458580017,1.168766736984253,-0.22028812766075134,-0.23930884897708893
40,589,630,632,667,0.8503426909446716,-0.196685791015625,0.43078193068504333,0.96437007188797,-0.24651245772838593,-0.09456823021173477,0.2492639571428299,-0.19443988800048828,-0.17004401981830597,-0.23846597969532013,0.2508186399936676,-0.16396890580654144,-0.035743582993745804,0.477906197309494,0.23003430664539337,-0.16249316930770874,-0.18805159628391266,0.008142903447151184,-0.10199563950300217,-0.11650717258453369,-0.10342192649841309,-0.011051930487155914,0.44187426567077637,0.2988317608833313,-0.12356851249933243,0.1885831207036972,0.025475358590483665,-0.23267214000225067,0.45960262417793274,0.2623947560787201,-0.11658477783203125,-0.11141616106033325,-0.10685840249061584,0.3881464898586273,-0.1592990905046463,-0.14314629137516022,-0.2548518180847168,0.050560805946588516,-0.1998445987701416,0.16131098568439484,-0.26529839634895325,-0.22354340553283691,0.02261257730424404,0.08397642523050308,0.07126203179359436,-0.1823633462190628,-0.22508597373962402,0.4177347421646118,0.3860684633255005,0.3879722058773041,0.21134305000305176,0.12747448682785034,0.2710537612438202,-0.20993734896183014,0.8505503535270691,-0.2275785654783249,0.06291668862104416,0.037319768220186234,0.6535734534263611,-0.20456242561340332,0.18370608985424042,0.5619574189186096,-0.14501412212848663,-0.21810437738895416,0.8551163077354431,0.08564124256372452,0.21735256910324097,0.30752918124198914,0.04971463978290558,0.6080380082130432,0.7359598278999329,-0.21446840465068817,0.07007122784852982,-0.14591771364212036,-0.18341024219989777,-0.15999577939510345,0.4906446635723114,-0.10113748162984848,-0.16823382675647736,-0.18205921351909637,0.15711867809295654,-0.22802741825580597,-0.26811474561691284,0.20377866923809052,0.094702810049057,0.2833000719547272,-0.0987006425857544,-0.17156314849853516,-0.04159054532647133,-0.21447063982486725,-0.07789111137390137,0.1577335149049759,0.10425365716218948,-0.23352830111980438,0.4487783908843994,-0.2214183211326599,-0.2116132229566574,-0.19093048572540283,-0.2369973510503769,0.3307661712169647,0.3811207711696625,0.2097110152244568,0.2032974809408188,0.18682558834552765,-0.03115141950547695,0.1338994801044464,0.12064973264932632,0.14802780747413635,-0.24541087448596954,-0.1518528014421463,0.5521420836448669,-0.25835445523262024,-0.01488801371306181,-0.08133706450462341,0.6153924465179443,-0.22320957481861115,0.6151001453399658,-0.1350661665201187,-0.24320845305919647,0.12474795430898666,-0.14335662126541138,0.2999565303325653,0.22083257138729095,0.4799364507198334,-0.12663154304027557,0.626545250415802,0.12462810426950455,-0.20168165862560272
41,404,156,463,209,0.8849436640739441,-0.19439877569675446,0.5225353240966797,1.0788249969482422,-0.18959994614124298,-0.14092274010181427,0.29955434799194336,-0.15395690500736237,-0.14872829616069794,-0.2053467482328415,0.020489651709794998,-0.03424396738409996,-0.004317004233598709,0.09903296828269958,0.4869169294834137,-0.11917582899332047,-0.2314755916595459,-0.09730657190084457,0.5090133547782898,0.14351977407932281,0.07632555812597275,0.08009748160839081,0.6825969219207764,0.27733463048934937,0.08841860294342041,0.4477328956127167,-0.13388289511203766,-0.2390184998512268,0.6435163021087646,0.4686068594455719,-0.0699031800031662,-0.18855206668376923,-0.0308705922216177,0.354294091463089,-0.10041230916976929,0.015582539141178131,-0.21425025165081024,0.3948804438114166,0.048231225460767746,0.26919111609458923,-0.2434067726135254,-0.15095479786396027,0.36699482798576355,0.23365019261837006,0.35276901721954346,-0.1456887274980545,-0.21107523143291473,0.45639118552207947,0.6274455189704895,0.668507993221283,0.22323043644428253,0.09156966954469681,0.44649529457092285,-0.18672263622283936,0.8840824961662292,-0.24030739068984985,0.0001971597521333024,0.32441380620002747,0.4594973623752594,-0.18474937975406647,0.7013232707977295,0.5000090599060059,-0.08503345400094986,-0.1627316027879715,0.28659477829933167,0.16157566010951996,-0.027432674542069435,0.15504129230976105,0.25456511974334717,0.7673969268798828,0.6188313364982605,-0.21058881282806396,0.16186201572418213,0.13426683843135834,-0.2290438860654831,-0.07203013449907303,0.7818724513053894,-0.04684022441506386,-0.07758209854364395,-0.20492173731327057,0.19501930475234985,-0.2027653008699417,-0.2624830901622772,0.23982906341552734,0.3595215380191803,0.2196255475282669,-0.223355233669281,-0.18768663704395294,0.04311258718371391,-0.2433340698480606,0.11421069502830505,0.4568014442920685,0.5724566578865051,-0.2529207170009613,0.0799008309841156,-0.2269067019224167,-0.20462876558303833,-0.16743464767932892,-0.1784997433423996,0.1725582480430603,0.13565956056118011,0.3597166836261749,0.16791804134845734,0.3780097961425781,0.3236903250217438,0.44313934445381165,0.14759577810764313,0.3058849573135376,-0.18141986429691315,-0.17256003618240356,0.548177182674408,-0.22170597314834595,0.2613372802734375,-0.011399622075259686,0.5724611282348633,-0.12115534394979477,0.7905974388122559,0.03239167109131813,-0.2108493447303772,0.1560598909854889,-0.13539259135723114,0.4180741310119629,0.1727565973997116,0.5237873196601868,-3.3205997169716284e-05,0.8225633502006531,0.0018308261642232537,-0.1922057718038559
42,335,594,384,639,0.605617344379425,-0.21272331476211548,0.8162968158721924,1.0497210025787354,-0.25389164686203003,-0.135624498128891,0.19203056395053864,-0.18603447079658508,-0.22729089856147766,-0.24098730087280273,0.23714667558670044,-0.1817505955696106,-0.13296668231487274,0.8205792903900146,0.4978047311306,-0.1332324743270874,-0.19818377494812012,0.07205817103385925,0.10449205338954926,0.17054662108421326,-0.02946554496884346,0.46271300315856934,0.7647558450698853,0.12199517339468002,0.2913625240325928,0.23881129920482635,-0.051574867218732834,-0.25801897048950195,0.4423515200614929,0.3454992473125458,-0.10211342573165894,-0.2575523853302002,-0.0449226051568985,0.30019643902778625,-0.1796272099018097,-0.2158118486404419,-0.21267828345298767,0.3370857238769531,-0.1786440908908844,0.13996729254722595,-0.2391682118177414,-0.1848442107439041,0.19285279512405396,0.5990322828292847,-0.10031437128782272,-0.0997307151556015,-0.22749832272529602,0.7506452798843384,0.13054995238780975,0.21443167328834534,0.22871674597263336,0.566251277923584,0.5219389200210571,-0.20158150792121887,0.941750168800354,-0.23214122653007507,0.2661261558532715,0.13901503384113312,0.8129544258117676,-0.1761341392993927,0.354789137840271,0.1394110769033432,-0.09776274859905243,0.28124845027923584,0.4073941707611084,0.2052173912525177,-0.11074422299861908,0.478736013174057,-0.09546426683664322,0.3074110746383667,0.5132997035980225,-0.23910796642303467,0.008038878440856934,-0.1024291068315506,-0.09393200278282166,-0.1624152511358261,0.4283308684825897,-0.16176791489124298,0.019578061997890472,-0.1776713728904724,0.563266396522522,-0.22852711379528046,-0.2600776255130768,0.44957542419433594,-0.08756519854068756,-0.0018744170665740967,-0.1372608244419098,-0.1576836109161377,0.13023068010807037,-0.234660804271698,-0.08467864990234375,0.19781255722045898,0.12346124649047852,-0.25415822863578796,0.3209562599658966,-0.19173458218574524,-0.19972647726535797,-0.18164433538913727,-0.19018712639808655,0.1887635886669159,0.2612204849720001,-0.176809161901474,0.3687225580215454,0.29137712717056274,0.16081945598125458,0.26996463537216187,0.059874918311834335,0.4359496533870697,-0.05869980901479721,-0.2343500256538391,0.5042282342910767,-0.24298574030399323,0.3042905032634735,0.44150447845458984,0.40693578124046326,-0.22650691866874695,0.1980041116476059,-0.10263095796108246,-0.1869300752878189,0.15112604200839996,-0.12467219680547714,0.41821593046188354,0.2483104169368744,0.41917118430137634,-0.17318883538246155,0.30200254917144775,-0.11332418769598007,-0.21000295877456665
43,354,419,396,456,0.7201072573661804,-0.2350659817457199,0.3787718117237091,0.9388884902000427,-0.19674919545650482,-0.1832493543624878,0.5144405364990234,-0.23369818925857544,-0.04455769434571266,-0.25121283531188965,0.12549015879631042,-0.25543051958084106,-0.1674482822418213,0.5307853817939758,0.16660374402999878,-0.22597533464431763,-0.23067471385002136,0.19781821966171265,0.036613743752241135,0.1286723017692566,-0.19996041059494019,0.11423251032829285,0.5330694913864136,0.4529133141040802,0.2406504899263382,0.35373836755752563,-0.07249628007411957,-0.23624804615974426,-0.07713417708873749,0.2987929582595825,-0.173879474401474,-0.21335123479366302,0.08976417779922485,0.3689076900482178,-0.13844770193099976,-0.1531822681427002,-0.2497856616973877,0.9081487059593201,-0.09457533061504364,0.12111268937587738,-0.20271798968315125,-0.2237274944782257,-0.055222418159246445,0.07734648883342743,-0.2021714746952057,0.13715222477912903,-0.2035328447818756,1.1010501384735107,0.17718911170959473,0.3116621971130371,0.15164010226726532,0.0016772821545600891,1.0616331100463867,-0.1625424325466156,1.5003825426101685,-0.22481682896614075,0.33760082721710205,-0.10811454057693481,1.0974855422973633,-0.26232391595840454,0.646490216255188,0.028934970498085022,0.018957804888486862,-0.23603586852550507,0.35848090052604675,-0.17798572778701782,0.14331719279289246,0.04729585722088814,-0.017186924815177917,0.15056726336479187,0.6125285625457764,-0.24815323948860168,-0.14782948791980743,0.23992189764976501,-0.056348882615566254,-0.21864217519760132,0.1853349506855011,-0.2386837601661682,-0.08538886904716492,-0.1761537790298462,0.4660778343677521,-0.24882641434669495,-0.27304983139038086,1.3481124639511108,0.16442656517028809,-0.009290449321269989,-0.2638357877731323,-0.10361053049564362,0.8850841522216797,-0.1834264099597931,-0.18331792950630188,0.2986218333244324,0.010522767901420593,-0.23063701391220093,1.3553868532180786,-0.2358693778514862,-0.1992553174495697,-0.272492915391922,-0.25084733963012695,0.2805750370025635,0.3141934275627136,0.0563807338476181,0.18797321617603302,0.2361682951450348,0.5444479584693909,0.40622419118881226,-0.13454599678516388,1.00564444065094,-0.24299876391887665,-0.19737353920936584,0.6139094829559326,-0.24350573122501373,0.6371724009513855,0.07125315070152283,0.6654583811759949,-0.2193966507911682,0.20242218673229218,0.08395083993673325,-0.21778720617294312,0.27092331647872925,-0.12608151137828827,0.588218629360199,0.5154967904090881,0.8150705099105835,-0.22049371898174286,0.8205216526985168,-0.1562555432319641,-0.2140944004058838
44,284,581,332,622,0.8282843232154846,-0.21700496971607208,0.623332142829895,0.9763526916503906,-0.2518777847290039,-0.178111270070076,0.12518887221813202,-0.1560109406709671,-0.24795429408550262,-0.2411152869462967,0.2999629080295563,-0.08391144126653671,-0.0022444899659603834,0.46396180987358093,0.15164217352867126,-0.12985779345035553,-0.0889045000076294,-0.1495351940393448,0.04562733694911003,-0.11854323744773865,-0.025894924998283386,0.01859300769865513,0.4328451156616211,0.11709234863519669,-0.08230511099100113,0.02583734132349491,-0.09574338048696518,-0.22792859375476837,0.44797778129577637,0.16427451372146606,-0.10646764189004898,-0.14563335478305817,-0.04586487635970116,0.25123775005340576,-0.15783940255641937,-0.18121232092380524,-0.24965591728687286,0.41802144050598145,-0.25642129778862,0.22083230316638947,-0.26755958795547485,-0.21934926509857178,0.15831446647644043,0.2095838338136673,0.0004191895422991365,-0.20741786062717438,-0.2298303097486496,0.36774858832359314,0.06816387176513672,0.22999227046966553,0.13264791667461395,-0.1086488738656044,0.4012315273284912,-0.24613739550113678,0.8126031756401062,-0.1323147565126419,0.01637432910501957,-0.05193216726183891,0.48571228981018066,-0.23681287467479706,0.30175697803497314,0.5510929822921753,-0.16396673023700714,-0.13707762956619263,0.8564183115959167,0.28596583008766174,0.07663506269454956,0.5910389423370361,-0.15140508115291595,0.6510312557220459,0.9045270085334778,-0.19768047332763672,-0.0418759286403656,-0.07512625306844711,-0.17283344268798828,-0.13838879764080048,0.28570565581321716,-0.20212657749652863,-0.19947846233844757,-0.2404797226190567,0.24483974277973175,-0.23543234169483185,-0.2674860656261444,0.5690327286720276,-0.15472625195980072,0.441212922334671,-0.133431538939476,-0.21941041946411133,0.06983884423971176,-0.2348005324602127,-0.1730053424835205,0.22152148187160492,0.10276203602552414,-0.22980010509490967,0.5143606066703796,-0.22145722806453705,-0.23063190281391144,-0.10017189383506775,-0.21874810755252838,0.2950751781463623,0.20808345079421997,0.037253763526678085,0.17965483665466309,0.181599423289299,-0.10761678218841553,0.15065079927444458,0.06301164627075195,0.42901694774627686,-0.18572652339935303,-0.051877811551094055,0.281320184469223,-0.23574571311473846,0.0748724713921547,-0.11782627552747726,0.6442561745643616,-0.24657392501831055,0.6400558948516846,-0.22763605415821075,-0.2277066707611084,0.05852198600769043,-0.16619858145713806,0.30600208044052124,0.35034045577049255,0.4204740524291992,-0.1232457384467125,0.5800041556358337,-0.02215666137635708,-0.2104002684354782
45,650,687,694,724,0.8287528157234192,-0.21950441598892212,0.5345614552497864,0.9809178113937378,-0.178934246301651,0.2883809804916382,0.22790755331516266,-0.20509079098701477,0.37082016468048096,-0.22275829315185547,0.21725016832351685,0.3646889925003052,-0.1143796443939209,0.3291880190372467,0.45353004336357117,-0.19065631926059723,-0.18257437646389008,-0.053956106305122375,0.6286648511886597,0.1488916128873825,-0.17006774246692657,0.3011820316314697,0.6100412011146545,0.03612338751554489,0.433311402797699,0.41577327251434326,-0.0441855825483799,-0.18953271210193634,0.1971626579761505,0.40897125005722046,-0.21588119864463806,-0.1594504565000534,0.03063058853149414,0.15724651515483856,-0.16594485938549042,0.028300639241933823,-0.2508591115474701,0.433498740196228,0.10963781923055649,0.2993365526199341,-0.1904754489660263,-0.20767313241958618,0.13689272105693817,0.036741238087415695,0.11299427598714828,-0.03578851744532585,-0.17040997743606567,0.7330293655395508,0.30752769112586975,0.4919222295284271,0.1149347648024559,0.42990005016326904,0.6454662680625916,-0.2047128975391388,1.5636626482009888,-0.23672230541706085,0.19327102601528168,0.2999742031097412,0.7324154376983643,-0.1817280650138855,0.7129918336868286,0.05013540759682655,0.05957190319895744,-0.16529640555381775,0.2891196012496948,0.09480354189872742,0.5538106560707092,0.11547008901834488,0.17066815495491028,0.27728912234306335,0.5973554253578186,-0.2328452467918396,-0.031525902450084686,0.32645267248153687,-0.10251740366220474,-0.18185831606388092,0.526653528213501,-0.24161164462566376,-0.1199122816324234,-0.14814823865890503,0.4273507297039032,-0.24285700917243958,-0.25069060921669006,1.3681018352508545,0.35290515422821045,-0.1720055341720581,-0.18321919441223145,-0.10631170868873596,0.5626528859138489,-0.18132874369621277,-0.14089401066303253,0.6300401091575623,0.2082654982805252,-0.25318869948387146,0.5440858006477356,-0.20078279078006744,-0.2006056308746338,-0.047602877020835876,-0.21190904080867767,0.2827918827533722,0.38983455300331116,-0.07448528707027435,0.2600305378437042,0.17554424703121185,0.5513157844543457,0.12276069074869156,0.007539977785199881,1.0284013748168945,-0.17722664773464203,-0.20854251086711884,0.7791966795921326,-0.24566203355789185,-0.002421249868348241,0.1992407590150833,0.5058772563934326,-0.19260603189468384,0.17602552473545074,-0.051360711455345154,-0.13313695788383484,0.2547069191932678,-0.10431868582963943,0.5774168968200684,0.6057555675506592,0.7988488078117371,-0.15714344382286072,0.9477508068084717,-0.16198138892650604,-0.21146725118160248
46,222,505,267,546,0.7117738723754883,-0.20392227172851562,0.30369502305984497,1.027891993522644,-0.22547687590122223,-0.22425635159015656,0.36426788568496704,-0.12339088320732117,-0.24472099542617798,-0.24797821044921875,0.24057064950466156,-0.23825867474079132,0.006603439804166555,0.37440550327301025,0.4103968143463135,-0.17112353444099426,-0.21947886049747467,-0.024067984893918037,0.1430378407239914,0.1779867559671402,-0.03875572234392166,0.24340084195137024,0.4320598840713501,0.3533051311969757,0.17111271619796753,0.16823233664035797,-0.12064158916473389,-0.1927531212568283,0.4535783529281616,0.33334362506866455,-0.16591598093509674,-0.17373026907444,-0.0563778281211853,0.24447853863239288,-0.1795637607574463,-0.22749768197536469,-0.24169959127902985,0.42542943358421326,-0.230679452419281,0.12353372573852539,-0.2394689917564392,-0.1955479085445404,0.09444188326597214,0.3169286549091339,0.01799529790878296,-0.15674763917922974,-0.18815141916275024,0.6578627228736877,0.1821966916322708,0.10302168130874634,0.22399142384529114,0.07628995925188065,0.3975893259048462,-0.2374221682548523,0.4634510576725006,-0.21931542456150055,0.03939203917980194,0.0759367123246193,0.6208955645561218,-0.20006783306598663,0.48692452907562256,0.3857983946800232,-0.13260799646377563,0.08917203545570374,0.5221583247184753,0.09799882769584656,-0.04601180553436279,0.23411215841770172,-0.004354311153292656,0.38218954205513,0.8973754048347473,-0.20361857116222382,-0.04377305135130882,-0.018862741068005562,-0.15461181104183197,-0.103311687707901,0.13805556297302246,-0.16081997752189636,-0.17498482763767242,-0.20375093817710876,0.2981604039669037,-0.21065977215766907,-0.26730048656463623,0.41445913910865784,0.1601400375366211,0.10983782261610031,-0.18158219754695892,-0.17436981201171875,0.08159230649471283,-0.21890868246555328,-0.18353329598903656,0.1876414716243744,0.08531715720891953,-0.24771912395954132,0.04152858629822731,-0.19651301205158234,-0.2324058711528778,-0.08292888104915619,-0.24632157385349274,0.19403496384620667,0.1770658791065216,0.26282787322998047,0.07837021350860596,0.17262409627437592,0.14588862657546997,0.2572815716266632,-0.001170602161437273,0.20909176766872406,-0.11063151806592941,-0.10298264026641846,0.09181693941354752,-0.21398510038852692,-0.09374680370092392,-0.00017195277905557305,0.5147884488105774,-0.18123942613601685,0.6142778396606445,-0.10543899983167648,-0.19376415014266968,0.0619165375828743,-0.15646570920944214,0.43333572149276733,0.12568789720535278,0.5068570375442505,-0.08276379108428955,0.5355764031410217,-0.01895727403461933,-0.17987582087516785
47,276,357,316,397,0.7040730714797974,-0.23959563672542572,0.6851012706756592,0.9651638865470886,-0.2399846911430359,-0.03709755092859268,0.4051074981689453,-0.22228176891803741,0.0806455984711647,-0.023647397756576538,0.028825275599956512,-0.05758274346590042,-0.19532839953899384,0.8353480100631714,0.5162078142166138,-0.23073220252990723,-0.24603109061717987,0.8770850300788879,0.13495837152004242,-0.00044495612382888794,-0.19535669684410095,0.3074733316898346,0.6317825317382812,0.2117152214050293,-0.05607808381319046,0.6763188242912292,-0.0174347385764122,-0.2381339967250824,0.6332962512969971,0.2453363537788391,-0.06385423988103867,-0.2420620322227478,0.1670234203338623,0.3501841723918915,-0.1966501772403717,-0.21397298574447632,-0.2284206598997116,0.9708680510520935,-0.14555345475673676,0.30939781665802,-0.14492887258529663,-0.19274629652500153,0.0749315619468689,0.15479427576065063,-0.10330693423748016,0.12794582545757294,-0.2157212495803833,1.1492341756820679,0.06631049513816833,0.12065939605236053,0.21409007906913757,0.870663583278656,0.6417154669761658,-0.21570312976837158,1.287257432937622,-0.23160897195339203,0.6753572225570679,-0.08582065254449844,0.7140027284622192,-0.26779770851135254,-0.032256726175546646,0.16733181476593018,-0.13446030020713806,-0.005304276943206787,0.5858197212219238,-0.02799772471189499,0.09223945438861847,-0.050528086721897125,0.15697002410888672,0.06764011085033417,0.4796574115753174,-0.21079163253307343,-0.093892902135849,0.11274420469999313,-0.12510007619857788,-0.19771508872509003,0.825035810470581,-0.19267427921295166,-0.013256583362817764,-0.21655966341495514,0.28434625267982483,-0.21494808793067932,-0.25103428959846497,0.5210373997688293,0.33625179529190063,-0.08920007944107056,-0.14694151282310486,-0.1113944873213768,0.6025954484939575,-0.1937149167060852,0.0371478796005249,-0.06937306374311447,0.3686066269874573,-0.23618480563163757,0.9651923179626465,-0.1793566644191742,-0.17234674096107483,-0.0828748345375061,-0.22572682797908783,0.2719089984893799,0.8710897564888,0.09156233072280884,0.2448708564043045,0.31400763988494873,0.868406355381012,0.08295740187168121,-0.01562168076634407,0.9903081059455872,-0.21821929514408112,-0.2749340236186981,1.1329545974731445,-0.23654517531394958,0.26323169469833374,0.6723692417144775,0.4652441442012787,-0.17314031720161438,0.2358749359846115,-0.006483934819698334,-0.22097831964492798,0.14020441472530365,-0.09715409576892853,0.5107703804969788,0.5333515405654907,0.7528423070907593,-0.20226770639419556,0.8896900415420532,-0.16041123867034912,-0.2307504415512085
48,542,193,585,235,0.5354298949241638,-0.22385859489440918,1.1554909944534302,0.9708581566810608,-0.1019713506102562,-0.009959730319678783,0.3383585214614868,-0.2485014945268631,-0.08765561133623123,-0.21978886425495148,0.06127161905169487,-0.07987447828054428,-0.05268995091319084,0.6679226756095886,0.31845882534980774,-0.17578166723251343,-0.18790487945079803,0.16413703560829163,0.8642297387123108,-0.013954500667750835,-0.17744719982147217,0.1299300342798233,0.7415237426757812,-0.04699813202023506,0.4423591196537018,0.3033086955547333,-0.12647438049316406,-0.2200942039489746,0.28735241293907166,0.26360130310058594,-0.23777896165847778,-0.22344790399074554,0.14061744511127472,0.6282045245170593,-0.17887437343597412,-0.17062516510486603,-0.2594551146030426,0.44413456320762634,-0.1600237637758255,0.17604081332683563,-0.21243704855442047,-0.22575122117996216,0.5658795237541199,0.22836804389953613,-0.06156838312745094,0.06449070572853088,-0.2020200490951538,1.001825213432312,0.5424850583076477,0.29056552052497864,0.11175820976495743,0.29132938385009766,0.4955688714981079,-0.19530878961086273,1.046481966972351,-0.19805872440338135,0.26187121868133545,0.2011137753725052,1.0216801166534424,0.0015184655785560608,0.7713268399238586,0.034669581800699234,-0.0762978121638298,0.0005665917997248471,0.490524023771286,0.04731321707367897,0.4787350594997406,0.20324693620204926,-0.1169525757431984,0.1713811755180359,0.6771268844604492,-0.18914230167865753,-0.10945292562246323,0.30974364280700684,-0.15207727253437042,-0.21469517052173615,0.4090721905231476,-0.20883876085281372,-0.17868675291538239,-0.18628312647342682,0.3773286044597626,-0.2527426779270172,-0.2730245590209961,0.38291284441947937,0.17033641040325165,0.07635784894227982,-0.18082237243652344,-0.10465577989816666,0.1481970250606537,-0.18943952023983002,-0.14631175994873047,0.32107898592948914,-0.08829127997159958,-0.249124214053154,0.6013880372047424,-0.23879718780517578,-0.24739646911621094,-0.23278199136257172,-0.23095373809337616,0.2498510330915451,0.08014221489429474,-0.12354747205972672,0.5000138878822327,0.25310853123664856,0.27843934297561646,0.45471033453941345,-0.051341742277145386,0.7713630199432373,-0.1413876861333847,-0.26224878430366516,0.1264783889055252,-0.25609055161476135,0.3391609191894531,-0.00969917606562376,0.6673617959022522,-0.20864824950695038,0.39444485306739807,0.08686957508325577,-0.2008928805589676,0.15913821756839752,-0.14080463349819183,0.4743160307407379,0.5949380993843079,0.6690530180931091,-0.22204796969890594,1.4561277627944946,-0.14021454751491547,-0.22691328823566437
49,723,682,774,724,0.8149439692497253,-0.18709121644496918,0.511157751083374,1.036376953125,-0.2396436482667923,-0.16438227891921997,0.33494412899017334,-0.18553638458251953,-0.13874080777168274,-0.21793514490127563,0.10617835074663162,-0.02209877409040928,-0.003454263089224696,0.2688700556755066,0.5343064069747925,-0.14194458723068237,-0.197989359498024,0.14976678788661957,0.5664460062980652,0.051360804587602615,-0.040023818612098694,0.33905696868896484,0.3672259747982025,0.40410101413726807,0.15693658590316772,0.22096382081508636,-0.11521659791469574,-0.20262347161769867,0.4203890264034271,0.18219244480133057,-0.17113249003887177,-0.1556793749332428,-0.007332207635045052,0.30821239948272705,-0.11441821604967117,-0.1998174637556076,-0.2462291717529297,0.3204134404659271,-0.16552063822746277,0.40696027874946594,-0.25628662109375,-0.20306552946567535,0.4590453505516052,0.10168123990297318,0.17757487297058105,-0.18730314075946808,-0.19760043919086456,0.4825671911239624,0.6006619930267334,0.287320613861084,0.26044756174087524,0.10481134057044983,0.3343961834907532,-0.21951912343502045,1.1229544878005981,-0.24714279174804688,0.047570571303367615,0.2801188826560974,0.6801891326904297,-0.12138853967189789,0.6916218996047974,0.553502082824707,-0.07205002009868622,-0.11242446303367615,0.5447107553482056,-0.04782119020819664,-0.021046511828899384,0.06050120294094086,0.06652173399925232,0.5968146324157715,0.8196879625320435,-0.23118135333061218,0.006085766013711691,0.17143841087818146,-0.20093627274036407,-0.13662026822566986,0.3917253911495209,-0.18984250724315643,-0.15320667624473572,-0.21637946367263794,0.48155477643013,-0.22719594836235046,-0.2708529233932495,0.5292975902557373,0.12760348618030548,0.12023019790649414,-0.21158184111118317,-0.182282954454422,0.11789774894714355,-0.22890546917915344,-0.09879527240991592,0.3862675428390503,0.08416765928268433,-0.25027647614479065,0.18237313628196716,-0.2110753059387207,-0.23297946155071259,0.05929163470864296,-0.1678822785615921,0.24611155688762665,0.21175113320350647,0.11066851019859314,0.12931568920612335,0.20476599037647247,0.00037477744626812637,0.4392504096031189,0.09529217332601547,0.5567828416824341,-0.21902024745941162,-0.1771852970123291,0.23488828539848328,-0.22474214434623718,0.4281423091888428,-0.030630290508270264,0.5564773082733154,-0.19084352254867554,0.552878201007843,-0.09641856700181961,-0.22862450778484344,0.054278742522001266,-0.14681272208690643,0.3512348234653473,0.31727516651153564,0.7156867980957031,-0.07528933137655258,0.9016129374504089,-0.06137192249298096,-0.19721774756908417
50,153,718,218,779,0.8895363807678223,-0.23852816224098206,0.8540017008781433,1.055436372756958,-0.19854632019996643,-0.0879768580198288,0.16692525148391724,-0.19707757234573364,-0.026193298399448395,-0.2128271758556366,0.16770344972610474,-0.010709535330533981,0.02841542474925518,0.2808210253715515,0.4629809260368347,-0.16721229255199432,-0.19663824141025543,-0.09610740840435028,0.7924917340278625,0.005510881543159485,0.15972952544689178,0.09916243702173233,0.8558157086372375,0.21134576201438904,0.1773785650730133,0.3347648084163666,-0.14467227458953857,-0.19930462539196014,0.6600092649459839,0.4267083406448364,-0.10105249285697937,-0.1747254580259323,0.07808131724596024,0.3787439167499542,-0.17140504717826843,-0.040760502219200134,-0.2435121089220047,0.6759461760520935,-0.16354236006736755,0.5153273344039917,-0.2483777403831482,-0.20442363619804382,0.5624111294746399,0.53835529088974,0.15474992990493774,-0.1633511781692505,-0.20490512251853943,0.5582345724105835,0.36935052275657654,0.47290319204330444,0.18617156147956848,0.19498571753501892,0.5735686421394348,-0.21912187337875366,0.6264669895172119,-0.17104043066501617,-0.06677360087633133,0.35123276710510254,0.4803113341331482,-0.2339082658290863,0.5765657424926758,0.4806421995162964,-0.12629356980323792,-0.029700618237257004,0.42080461978912354,0.5267888307571411,0.028410060331225395,0.27195024490356445,0.10702675580978394,0.7556368112564087,0.6416832804679871,-0.1781134307384491,0.10562900453805923,0.16554418206214905,-0.22554266452789307,-0.08220069855451584,0.49972963333129883,0.011024890467524529,-0.12109819054603577,-0.1916898936033249,0.2663860619068146,-0.23354515433311462,-0.25917989015579224,0.5696852207183838,-0.011935776099562645,0.2754168212413788,-0.20792274177074432,-0.15389542281627655,0.17646795511245728,-0.22838695347309113,0.1375841200351715,0.37648338079452515,0.19742360711097717,-0.2559973895549774,0.036908816546201706,-0.23890607059001923,-0.2410130649805069,-0.11626480519771576,-0.17697736620903015,0.21830660104751587,0.04210362583398819,0.09224966168403625,0.35328409075737,0.45450615882873535,0.2964344620704651,0.4167318344116211,0.2269124835729599,0.36526384949684143,-0.11681178212165833,-0.2053149938583374,0.37050026655197144,-0.23488157987594604,0.251156210899353,-0.07561898976564407,0.7132535576820374,-0.15016987919807434,0.8108634948730469,-0.03229321166872978,-0.22065269947052002,-0.060508325695991516,-0.15352192521095276,0.3314852714538574,0.23891577124595642,0.3479330539703369,-0.09302426874637604,1.030255913734436,0.05433955416083336,-0.19453932344913483
51,528,382,568,417,0.852235734462738,-0.23291516304016113,0.3240709900856018,1.0050976276397705,-0.22270505130290985,0.11159038543701172,0.5093677043914795,-0.1979037970304489,0.13352088630199432,-0.23155127465724945,0.033833399415016174,-0.03708970546722412,-0.0671939104795456,0.2585943043231964,0.787315845489502,-0.18976862728595734,-0.11243736743927002,0.09382518380880356,0.32552650570869446,0.32453715801239014,-0.1315860152244568,0.6163117289543152,0.31402644515037537,0.3195366859436035,0.5471610426902771,0.4577512741088867,-0.0771554484963417,-0.07977083325386047,0.3916354179382324,0.5035209059715271,-0.2294730395078659,-0.14559389650821686,-0.08867159485816956,0.10475772619247437,-0.12499197572469711,-0.07931651920080185,-0.2501332461833954,-0.01805000752210617,0.11920368671417236,0.21317100524902344,-0.26801279187202454,-0.20875658094882965,0.13712745904922485,0.09375529736280441,0.23571282625198364,-0.15871118009090424,-0.2019559144973755,0.40353575348854065,0.3639601171016693,0.13699455559253693,0.39061251282691956,0.7194263935089111,0.1590268611907959,-0.2376319319009781,1.445706844329834,-0.24195539951324463,0.025175318121910095,0.3249543011188507,1.0147526264190674,-0.16355302929878235,0.42548394203186035,0.22456906735897064,-0.11704594641923904,-0.21912963688373566,0.25942590832710266,0.042867958545684814,0.25390318036079407,0.06065851449966431,-0.00432606041431427,0.3961585760116577,0.6613781452178955,-0.24639655649662018,0.05107267573475838,0.06271804869174957,-0.07825661450624466,-0.17303621768951416,0.811390221118927,-0.23689596354961395,-0.08310315012931824,-0.14485019445419312,0.4998113214969635,-0.23261487483978271,-0.2619060277938843,0.6774527430534363,0.4955199956893921,0.11232522130012512,-0.15660206973552704,-0.16626255214214325,-0.026120036840438843,-0.20274929702281952,-0.15632078051567078,0.29165878891944885,-0.014911283738911152,-0.2555945813655853,0.21574775874614716,-0.18041926622390747,-0.20613352954387665,0.016960153356194496,-0.25376930832862854,0.3047540485858917,0.35569289326667786,-0.037979960441589355,0.0873095765709877,0.09726759791374207,0.39510631561279297,0.13896065950393677,0.008764502592384815,0.36736544966697693,-0.2215060591697693,-0.17341692745685577,0.22582781314849854,-0.2221568077802658,0.0863921120762825,-0.05610319972038269,0.5233898758888245,-0.21517330408096313,0.1954701691865921,-0.07809995859861374,-0.24496765434741974,0.14563597738742828,-0.11750759929418564,0.4154508113861084,0.36765334010124207,0.819524347782135,-0.13770727813243866,0.9445223808288574,-0.22925257682800293,-0.18700747191905975
52,666,104,726,158,0.7570533752441406,-0.19109348952770233,0.7568016052246094,1.062209963798523,-0.23338334262371063,-0.06692785024642944,0.22402451932430267,-0.17856746912002563,0.01126796007156372,-0.18205313384532928,0.07608457654714584,0.1645350307226181,0.011937136761844158,0.20977164804935455,0.5560049414634705,-0.1429910808801651,-0.15373672544956207,0.1698044389486313,0.6505629420280457,-0.1138894334435463,0.08653051406145096,0.14910702407360077,0.9063835144042969,0.3198959529399872,0.1446894258260727,0.27765631675720215,-0.1520788073539734,-0.11875426024198532,0.5241571068763733,0.45458829402923584,-0.1597946435213089,-0.22379733622074127,0.154149129986763,0.3254190981388092,-0.17140759527683258,-0.09511365741491318,-0.24642227590084076,0.7453880310058594,-0.15419165790081024,0.505283534526825,-0.21686087548732758,-0.1939813643693924,0.6254155039787292,0.390934556722641,0.057325124740600586,-0.07746642082929611,-0.22494542598724365,0.7284429669380188,0.29690930247306824,0.4982389509677887,0.05633150413632393,0.24449722468852997,0.6787040829658508,-0.21512703597545624,0.5831918120384216,-0.13850067555904388,-0.06947321444749832,0.47580328583717346,0.5135108232498169,-0.20002464950084686,0.757821798324585,0.3650907576084137,-0.11065468192100525,-0.056106533855199814,0.48921310901641846,0.49276280403137207,0.05495685338973999,0.25561413168907166,0.21121178567409515,0.506547212600708,0.8306581377983093,-0.21208429336547852,0.06530658155679703,0.25446978211402893,-0.2248171716928482,-0.13590960204601288,0.33146634697914124,-0.12151390314102173,-0.13651913404464722,-0.21620965003967285,0.4226759970188141,-0.1932154893875122,-0.2600901424884796,0.4838627278804779,0.06524213403463364,0.09778965264558792,-0.17443601787090302,-0.18293260037899017,0.3478299677371979,-0.23206400871276855,0.045706506818532944,0.4822496473789215,0.1533239781856537,-0.26700830459594727,0.18121428787708282,-0.2184203416109085,-0.2314784973859787,-0.02669946849346161,-0.19821636378765106,0.23204950988292694,0.15264497697353363,0.16385126113891602,0.3580814301967621,0.25492873787879944,0.39018452167510986,0.4103066921234131,0.23098720610141754,0.5338086485862732,-0.14635241031646729,-0.21074794232845306,0.3942539691925049,-0.228007972240448,0.21767140924930573,0.023241592571139336,0.6497240662574768,-0.1643967181444168,0.4977010190486908,0.0728745087981224,-0.20086944103240967,0.05641381815075874,-0.1448112577199936,0.4362666606903076,0.35551416873931885,0.6286802887916565,-0.09574124962091446,0.8464896082878113,0.0188482403755188,-0.18153953552246094
53,623,89,680,140,0.7357380986213684,-0.18570546805858612,0.7917856574058533,1.081628441810608,-0.1904558390378952,-0.14986975491046906,0.10754498094320297,-0.0171361044049263,-0.13268758356571198,-0.24339310824871063,0.11617613583803177,0.24615609645843506,0.1844361275434494,0.21724505722522736,0.38342270255088806,-0.0937102660536766,-0.1746804565191269,-0.06701269745826721,0.5937859416007996,-0.09310201555490494,0.04532022401690483,0.23940320312976837,0.7606126666069031,0.29912716150283813,0.11444395780563354,0.1984902173280716,-0.061117421835660934,-0.11895322799682617,0.5603644847869873,0.3702884912490845,-0.10653408616781235,-0.2226048707962036,0.023536404594779015,0.4146767556667328,-0.16102628409862518,-0.10309737920761108,-0.22633107006549835,0.4167259931564331,-0.18806970119476318,0.24535603821277618,-0.24429810047149658,-0.15385641157627106,0.3531772196292877,0.46440646052360535,0.12598420679569244,-0.13534171879291534,-0.10876733064651489,0.5716084837913513,0.32758787274360657,0.3871966302394867,0.21313874423503876,0.1100822389125824,0.5351365208625793,-0.20877830684185028,0.43823572993278503,-0.17918901145458221,-0.05734562873840332,0.4261760413646698,0.593608558177948,-0.1621491014957428,0.46830227971076965,0.6394420862197876,-0.09253481030464172,-0.06994389742612839,0.44965454936027527,0.3311004042625427,0.02376522310078144,0.28411900997161865,0.09050358086824417,0.6290087699890137,0.9043472409248352,-0.14470301568508148,-0.05360144004225731,0.2338726669549942,-0.18969304859638214,-0.13663579523563385,0.22537685930728912,-0.11929541081190109,-0.12393379211425781,-0.12386095523834229,0.3229101002216339,-0.1316930651664734,-0.257062703371048,0.3968717157840729,-0.08275581151247025,0.06690511852502823,-0.08840867131948471,-0.17916174232959747,0.1174514889717102,-0.2187015265226364,-0.0706891119480133,0.3359695374965668,0.162918820977211,-0.26908573508262634,0.11484254151582718,-0.2255072146654129,-0.22219789028167725,0.1710525006055832,-0.17658846080303192,0.17612607777118683,0.09111813455820084,0.15265293419361115,0.40814217925071716,0.2424159198999405,0.03538893535733223,0.430477112531662,0.1912037581205368,0.2956496477127075,-0.1202048659324646,-0.08994875103235245,0.1714625507593155,-0.1713985949754715,0.15125921368598938,-0.11491502076387405,0.6851701140403748,-0.19841623306274414,0.5282952785491943,-0.07232515513896942,-0.17437250912189484,0.002055953023955226,-0.16951827704906464,0.4757305681705475,0.11659232527017593,0.45382294058799744,-0.035153549164533615,0.6524535417556763,-0.02097453363239765,-0.1640380620956421
54,360,871,409,914,0.7923162579536438,-0.1861482560634613,0.5621145963668823,1.0280669927597046,-0.16777706146240234,-0.1396583616733551,0.33590343594551086,-0.14276453852653503,-0.12847241759300232,-0.2249937802553177,0.11226911097764969,0.4902534484863281,-0.020378805696964264,0.20724855363368988,0.13142716884613037,-0.15707994997501373,-0.05332304537296295,-0.2562671899795532,0.7839465737342834,-0.22324985265731812,-0.15036553144454956,-0.023517820984125137,0.6316405534744263,0.10224160552024841,-0.11416678875684738,0.25651615858078003,-0.1426694542169571,-0.18941599130630493,0.6317060589790344,0.3892873525619507,-0.07892773300409317,-0.20702968537807465,0.046287938952445984,0.2972395718097687,-0.13970404863357544,0.0832701027393341,-0.24343731999397278,0.2664974629878998,-0.2011985033750534,0.06384623050689697,-0.25260108709335327,-0.187135249376297,0.06118771806359291,-0.03980438411235809,0.1179615929722786,-0.20526006817817688,-0.18716995418071747,0.5227644443511963,0.42328110337257385,0.47648537158966064,0.014157282188534737,0.016077885404229164,0.4860023856163025,-0.19881314039230347,0.6564833521842957,-0.045919522643089294,-0.08885354548692703,0.1729772388935089,0.4520849585533142,-0.21021491289138794,0.6110392808914185,0.5521711707115173,0.020960243418812752,-0.11425582319498062,0.44916990399360657,0.1360321193933487,0.3699479103088379,0.11872170865535736,-0.014419187791645527,0.8616814017295837,0.6916269063949585,-0.2005799114704132,0.0070422557182610035,0.29100561141967773,-0.22090639173984528,-0.15437263250350952,0.2829175293445587,-0.12038673460483551,-0.16414326429367065,-0.14899998903274536,-0.005332052707672119,-0.2033972442150116,-0.2676812410354614,0.4434913694858551,0.11679066717624664,0.7181636095046997,0.035808637738227844,-0.19471372663974762,0.030570175498723984,-0.22554022073745728,-0.1679619401693344,0.5018451809883118,0.22160716354846954,-0.24866130948066711,0.2904096245765686,-0.2236025333404541,-0.21256613731384277,-0.0407455749809742,-0.20298397541046143,0.2914808988571167,0.06598607450723648,0.1375698298215866,0.12176407873630524,0.24256008863449097,0.10593879222869873,0.2858392298221588,0.04155497997999191,0.14039196074008942,-0.09993798285722733,-0.08950237184762955,0.21330709755420685,-0.22957774996757507,0.07963293790817261,-0.20698833465576172,0.7073448896408081,-0.19469092786312103,0.9245064854621887,-0.15653471648693085,-0.21280939877033234,0.058271631598472595,-0.17502620816230774,0.45859915018081665,0.2439746856689453,0.5261191129684448,-0.07924970984458923,1.0469930171966553,-0.025832947343587875,-0.21275228261947632
55,467,376,507,408,0.8200609683990479,-0.21336299180984497,0.004720143973827362,0.9830144643783569,-0.19315969944000244,-0.1949540078639984,0.759663462638855,-0.20297518372535706,-0.16290253400802612,-0.2550222873687744,0.08745485544204712,0.26239848136901855,-0.17960673570632935,0.14471480250358582,0.20126208662986755,-0.20105703175067902,-0.21567285060882568,-0.13920782506465912,-0.21050548553466797,-0.07645906507968903,-0.20210033655166626,0.550072431564331,-0.0004877336323261261,0.9306832551956177,-0.18382897973060608,0.31802162528038025,-0.14001740515232086,-0.1690753698348999,0.3832254409790039,0.26175957918167114,-0.2534152865409851,-0.22158950567245483,-0.03126823157072067,0.167986661195755,-0.13369986414909363,-0.14337626099586487,-0.23610785603523254,-0.10236605256795883,-0.21995365619659424,0.23305261135101318,-0.2647192180156708,-0.20060618221759796,-0.13179615139961243,0.020873822271823883,-0.06432956457138062,-0.21743613481521606,-0.20481990277767181,0.6132136583328247,0.39663466811180115,0.06577292084693909,0.3566768169403076,0.20347696542739868,0.33720070123672485,-0.1999264359474182,1.0371496677398682,-0.21265876293182373,0.13792738318443298,0.071027010679245,0.4390982687473297,-0.2175596058368683,0.37713009119033813,0.4794629216194153,-0.14042630791664124,-0.1783592849969864,1.0356414318084717,-0.18489156663417816,0.11719392240047455,-0.0011251866817474365,0.17829903960227966,0.329820841550827,1.3974263668060303,-0.23726814985275269,-0.13897913694381714,-0.170864999294281,-0.22701629996299744,-0.23073966801166534,0.5703758597373962,-0.20954576134681702,-0.04095893353223801,-0.18600700795650482,0.6061006188392639,-0.24186637997627258,-0.27078503370285034,1.4053723812103271,0.3332945704460144,0.010970130562782288,-0.23468497395515442,-0.14367738366127014,-0.03182430937886238,-0.20495080947875977,-0.21588674187660217,0.45987433195114136,-0.05213448405265808,-0.22961363196372986,1.206892490386963,-0.17059266567230225,-0.2472783774137497,-0.2395467460155487,-0.2673790752887726,0.3008381724357605,0.33951735496520996,0.2619452178478241,0.03306136280298233,0.18992111086845398,-0.16566240787506104,0.2707582712173462,-0.008959641680121422,0.6125907897949219,-0.2584230899810791,0.10715692490339279,0.6553279161453247,-0.1995173692703247,0.21383929252624512,-0.04835139960050583,0.6012056469917297,-0.22003763914108276,0.29437345266342163,-0.20046091079711914,-0.2474115639925003,0.26460960507392883,-0.14520201086997986,0.32677966356277466,0.15554504096508026,0.7679293155670166,-0.0596776083111763,0.5812373161315918,0.1752561330795288,-0.19823415577411652
56,566,659,620,707,0.6448314189910889,-0.22268621623516083,0.8144100308418274,1.0704606771469116,-0.20984673500061035,-0.14951708912849426,0.21166373789310455,-0.1683928668498993,-0.2023708075284958,-0.16043436527252197,0.18391692638397217,-0.07964258641004562,-0.03649802505970001,0.4682633578777313,0.3734569549560547,-0.13070203363895416,-0.10503653436899185,-0.008954531513154507,0.6491687297821045,-0.023890234529972076,-0.11533970385789871,0.1606421172618866,0.5987006425857544,0.059279244393110275,0.22824396193027496,0.23213212192058563,-0.1308498978614807,-0.20300547778606415,0.5912655591964722,0.11719240248203278,-0.10583902150392532,-0.17067724466323853,0.07902282476425171,0.4143104553222656,-0.15323607623577118,-0.15886762738227844,-0.2377883791923523,0.47816044092178345,-0.1275954395532608,0.3819735050201416,-0.24506060779094696,-0.17550651729106903,0.4768056273460388,0.22330538928508759,0.19731108844280243,-0.09421376138925552,-0.20737844705581665,0.6238427758216858,0.5572515726089478,0.3705631494522095,0.11175639182329178,0.032022129744291306,0.430524080991745,-0.1647382229566574,0.5790190100669861,-0.1916452944278717,0.006168473046272993,0.09667740762233734,0.446050763130188,-0.19736091792583466,0.5575209856033325,0.5488613843917847,-0.07495675981044769,0.011461694724857807,0.5108807682991028,0.12058138847351074,0.09862092137336731,0.14841395616531372,0.14382942020893097,0.6359742283821106,0.7022779583930969,-0.19000530242919922,-0.06775113195180893,-0.023403510451316833,-0.19514353573322296,-0.1215776726603508,0.4130180776119232,-0.18410134315490723,-0.1213940903544426,-0.23607414960861206,0.22922781109809875,-0.21238189935684204,-0.26793521642684937,0.14502331614494324,0.08833625912666321,0.16345810890197754,-0.22712410986423492,-0.17679283022880554,0.07493772357702255,-0.2271317094564438,-0.04777922108769417,0.3705211877822876,0.2471533864736557,-0.2598295211791992,0.010747485794126987,-0.24210384488105774,-0.2161962389945984,-0.1278168261051178,-0.14333754777908325,0.21124672889709473,0.13594751060009003,-0.009976093657314777,0.3165229260921478,0.3758523464202881,-0.06108621880412102,0.39173126220703125,0.183157816529274,0.6260309219360352,-0.19245468080043793,-0.13980290293693542,0.40190139412879944,-0.24837136268615723,0.2472730427980423,-0.002943522296845913,0.5126389265060425,-0.20636238157749176,0.6345074772834778,-0.18219861388206482,-0.19860710203647614,0.10462591052055359,-0.11041980236768723,0.4736427664756775,0.19272583723068237,0.4119507372379303,-0.08902031183242798,1.0538992881774902,-0.03183594346046448,-0.19770590960979462
57,119,687,176,739,0.7153006792068481,-0.20979908108711243,0.7057186961174011,1.0894923210144043,-0.18755421042442322,-0.18872465193271637,0.18650324642658234,-0.07481150329113007,-0.19377844035625458,-0.23049256205558777,0.1266414076089859,-0.0291859470307827,0.06846820563077927,0.31659144163131714,0.4017854928970337,-0.12237204611301422,-0.13943473994731903,-0.12497249245643616,0.6163794994354248,0.05950905382633209,-0.011890102177858353,0.1586340218782425,0.7720335125923157,0.098110631108284,0.3048218786716461,0.19692713022232056,-0.05962920933961868,-0.22314134240150452,0.5828828811645508,0.28965234756469727,-0.06170830875635147,-0.23176537454128265,-0.02706209011375904,0.35884350538253784,-0.1455281376838684,-0.09920233488082886,-0.22499004006385803,0.43559736013412476,-0.16897432506084442,0.22846272587776184,-0.258415162563324,-0.16152960062026978,0.3614852726459503,0.4163493812084198,0.07118460536003113,-0.13388684391975403,-0.17887720465660095,0.6148664951324463,0.40227654576301575,0.3841754198074341,0.20725272595882416,0.06555289775133133,0.4817565977573395,-0.18651917576789856,0.5850268602371216,-0.2054888755083084,-0.043102532625198364,0.16996647417545319,0.5958757400512695,-0.20994606614112854,0.4830906391143799,0.5217998623847961,-0.10459795594215393,-0.047046415507793427,0.40902718901634216,0.17371772229671478,-0.0024774428457021713,0.24068516492843628,0.04664590209722519,0.6236459016799927,0.6512078046798706,-0.08407498151063919,0.021718446165323257,0.14396725594997406,-0.1926957368850708,-0.08053256571292877,0.4974323511123657,-0.07466666400432587,-0.10770191252231598,-0.22877594828605652,0.16944152116775513,-0.14246995747089386,-0.2653540372848511,0.21013399958610535,-0.004955369979143143,0.2265791893005371,-0.19088977575302124,-0.1907784640789032,0.13191765546798706,-0.24628688395023346,0.14065535366535187,0.23570701479911804,0.26741230487823486,-0.26213401556015015,0.02933938056230545,-0.2382417917251587,-0.21927091479301453,-0.09593205899000168,-0.1742836982011795,0.16439712047576904,0.1104913130402565,0.20958563685417175,0.27635008096694946,0.5218688249588013,0.11258380115032196,0.45580223202705383,0.18856237828731537,0.08279062807559967,-0.09050223231315613,-0.1647261083126068,0.2816443145275116,-0.21810850501060486,0.3325478136539459,-0.08652959018945694,0.6130208969116211,-0.17958609759807587,0.8546523451805115,-0.07320573925971985,-0.19612115621566772,-0.0395667627453804,-0.1555597186088562,0.4250149428844452,0.053123824298381805,0.3510802388191223,-0.06825456023216248,0.6385437250137329,-0.07094279676675797,-0.18265828490257263
58,163,560,226,612,0.954155683517456,-0.1578071117401123,0.855516254901886,1.086577296257019,-0.2248242348432541,-0.020968833938241005,0.31477251648902893,-0.17451316118240356,-0.1247989609837532,-0.20724104344844818,0.018693609163165092,0.9278308749198914,-0.050470367074012756,0.40295395255088806,0.7267778515815735,-0.1377873569726944,-0.23517651855945587,0.17523862421512604,1.2757986783981323,0.13988173007965088,0.01169161219149828,0.09143573045730591,0.6238632798194885,0.10036396980285645,0.36440303921699524,1.0265552997589111,-0.16809014976024628,-0.2348499298095703,1.0044065713882446,0.788724958896637,-0.03893522918224335,-0.12618833780288696,0.10965529829263687,0.18944187462329865,-0.1397526115179062,0.15261788666248322,-0.22341786324977875,0.5300813913345337,0.0585276335477829,0.3147757947444916,-0.1976737529039383,-0.14536024630069733,0.3905235230922699,0.4649544954299927,0.25140318274497986,-0.13958381116390228,-0.22455310821533203,0.5474356412887573,0.7081864476203918,0.6586851477622986,0.23724770545959473,0.5595300793647766,0.4452534019947052,-0.1756066530942917,0.9550541043281555,-0.16123183071613312,0.24606041610240936,0.5230133533477783,0.5257328152656555,-0.1931639462709427,0.8225502371788025,0.39084672927856445,-0.05266691371798515,-0.12728826701641083,0.33666038513183594,0.2097734957933426,0.09975636005401611,0.09618528932332993,0.25435325503349304,0.8035046458244324,0.5669196844100952,-0.15037362277507782,0.1862943023443222,0.3743245303630829,-0.19328327476978302,-0.04574557766318321,0.7507655024528503,-0.041091326624155045,-0.0747370570898056,-0.21852874755859375,0.2777150869369507,-0.215761199593544,-0.25710129737854004,0.9385385513305664,0.2806227505207062,0.07682471722364426,-0.23048102855682373,-0.16368427872657776,0.07542642205953598,-0.2347366362810135,0.19216465950012207,0.4331399202346802,0.5439060926437378,-0.251729816198349,0.13591821491718292,-0.22601346671581268,-0.2344173938035965,-0.05305612459778786,-0.15297821164131165,0.1449451446533203,0.1594059318304062,0.19415344297885895,0.200758159160614,0.32546818256378174,0.8321475386619568,0.5387229919433594,0.12926892936229706,0.424681156873703,-0.17972902953624725,-0.18109075725078583,0.5911863446235657,-0.21639709174633026,0.40052875876426697,0.09910988807678223,0.6305734515190125,-0.02470356784760952,0.8553526997566223,0.16755743324756622,-0.17111437022686005,0.13615000247955322,-0.14426487684249878,0.4356890916824341,0.23551982641220093,0.7121078372001648,-0.018166258931159973,1.1909619569778442,0.2575189173221588,-0.18625259399414062
59,659,659,702,692,0.789220929145813,-0.226548969745636,0.2109145075082779,1.0390961170196533,-0.1487496942281723,0.26500868797302246,0.09333175420761108,-0.18089458346366882,0.10191591084003448,-0.18485209345817566,0.27246877551078796,0.10179239511489868,-0.15742084383964539,0.875076949596405,0.3817339837551117,-0.1529119312763214,-0.2264891117811203,-0.1479949951171875,0.8204252123832703,0.41370177268981934,-0.1912814825773239,0.4976600408554077,0.060941629111766815,0.06731006503105164,0.3674795627593994,0.6211844682693481,-0.05114394426345825,-0.2009381800889969,0.08248812705278397,0.287395179271698,-0.23568017780780792,-0.14880183339118958,0.032287999987602234,0.08843457698822021,-0.12463366985321045,0.09196385741233826,-0.24121727049350739,0.06800486892461777,-0.23322662711143494,0.22627851366996765,-0.1996917426586151,-0.1724454164505005,0.0480278879404068,-0.1386462301015854,-0.23441177606582642,-0.09492751955986023,-0.20264074206352234,0.4147423505783081,0.8068873882293701,0.08303581178188324,0.19260279834270477,0.33803093433380127,0.1561254858970642,-0.14804433286190033,1.2617082595825195,-0.24470770359039307,0.18460114300251007,0.5583627820014954,0.5172075629234314,-0.22578942775726318,0.5486466884613037,0.18413561582565308,0.14420951902866364,-0.07971511781215668,0.3191227912902832,-0.22589898109436035,0.2972075939178467,0.1425335854291916,-0.0008836984634399414,0.4673362076282501,0.6841245293617249,-0.23167896270751953,-0.11421549320220947,0.34783241152763367,0.03407255560159683,-0.22009870409965515,0.17282357811927795,-0.2662918269634247,-0.02999921888113022,-0.17069795727729797,0.5495902895927429,-0.21729359030723572,-0.2691504955291748,2.365407943725586,0.22619646787643433,-0.14715659618377686,-0.18338114023208618,-0.16767044365406036,0.16698487102985382,-0.1966436505317688,0.00536993145942688,0.6876638531684875,0.10458555817604065,-0.2563607692718506,0.9532527923583984,-0.21801672875881195,-0.24685850739479065,-0.2196849286556244,-0.13385111093521118,0.1864919364452362,0.16889998316764832,-0.09068290889263153,0.14003337919712067,0.02612137421965599,0.22196847200393677,0.4973404109477997,0.044732749462127686,1.5983915328979492,-0.2473796159029007,-0.18602560460567474,0.8082981109619141,-0.23041555285453796,-0.07588118314743042,-0.12704607844352722,0.6231528520584106,-0.21170009672641754,0.15593189001083374,-0.13604500889778137,-0.10629191994667053,0.38313156366348267,-0.12286364287137985,0.44663405418395996,0.3420361280441284,0.8560043573379517,-0.14015810191631317,0.9742318391799927,-0.15698397159576416,-0.21669882535934448
60,643,414,684,460,0.6285133957862854,-0.18383996188640594,0.6262698173522949,1.0158233642578125,-0.2542109787464142,-0.19921965897083282,0.35079503059387207,-0.1421867161989212,-0.23893272876739502,-0.2630065381526947,0.2032000571489334,-0.10312763601541519,0.1488460749387741,0.12403889745473862,0.19516466557979584,-0.17160987854003906,-0.19395649433135986,-0.19643335044384003,0.5703725218772888,0.09432539343833923,0.026800373569130898,0.14770914614200592,0.48424819111824036,0.3228144943714142,0.18834955990314484,0.3049492835998535,-0.11986418813467026,-0.19232960045337677,0.33936282992362976,0.36642488837242126,-0.1615164875984192,-0.1630900502204895,0.11319810152053833,0.3134467899799347,-0.1527477353811264,-0.19223280251026154,-0.24196724593639374,0.3278815448284149,-0.23746047914028168,0.16725236177444458,-0.23548442125320435,-0.1987713724374771,0.13378028571605682,0.25154849886894226,-0.02798759937286377,-0.19656725227832794,-0.2092311531305313,0.46943041682243347,0.4560522139072418,0.23782961070537567,0.3998132646083832,-0.0453566275537014,0.43389323353767395,-0.19076746702194214,0.9315335154533386,-0.27357444167137146,0.12514428794384003,0.4113343060016632,0.756860077381134,-0.16265781223773956,0.4404744803905487,0.580950915813446,-0.0639599859714508,-0.06570611149072647,0.16442149877548218,0.006821861024945974,-0.02287364937365055,0.22911877930164337,-0.07119651883840561,0.6781540513038635,0.5675345659255981,-0.2367895394563675,-0.08152741938829422,0.14664499461650848,-0.17136812210083008,-0.14727766811847687,0.1327286660671234,-0.16556791961193085,-0.13006164133548737,-0.25767818093299866,0.2746068239212036,-0.2238316535949707,-0.2726520299911499,0.6168473362922668,-0.0815563052892685,0.34862181544303894,-0.089906245470047,-0.19143171608448029,0.09508943557739258,-0.22672666609287262,-0.12484586238861084,0.25020506978034973,0.21052277088165283,-0.24535274505615234,0.6130746006965637,-0.21894197165966034,-0.2361295074224472,-0.014476162381470203,-0.23888011276721954,0.1909346580505371,0.10768445581197739,0.11289060115814209,0.29500773549079895,0.33514246344566345,-0.06482423841953278,0.44477832317352295,0.028255566954612732,0.5452218651771545,-0.14784567058086395,-0.12643302977085114,-0.03491492196917534,-0.22043919563293457,0.4386046826839447,-0.1454741507768631,0.7608745694160461,-0.206167533993721,0.3739570379257202,-0.05644206330180168,-0.20466692745685577,0.017035415396094322,-0.17651529610157013,0.32622942328453064,0.2538469731807709,0.5943589210510254,-0.07774776220321655,0.6447445154190063,-0.16802053153514862,-0.2133350968360901
61,616,797,681,853,1.1895536184310913,-0.2193921059370041,0.7778626680374146,1.0880284309387207,-0.21387264132499695,0.0052652060985565186,-0.005428272299468517,-0.19872832298278809,0.07019861787557602,-0.18306830525398254,-0.00978369452059269,0.35760578513145447,0.04370352625846863,0.08586447685956955,0.5907629728317261,-0.1400502473115921,0.017052635550498962,-0.22466471791267395,1.0018947124481201,-0.009969055652618408,0.1650690734386444,0.20559324324131012,0.8284432888031006,0.22979497909545898,0.0824889987707138,0.3919109106063843,-0.18120673298835754,-0.20562347769737244,0.5967426300048828,0.6143035888671875,-0.06763579696416855,-0.17394579946994781,0.16393083333969116,0.3364529311656952,-0.16206812858581543,0.1875402331352234,-0.21469274163246155,0.34961971640586853,0.05030566453933716,0.327322393655777,-0.20838746428489685,-0.16023388504981995,0.20892630517482758,0.3895854353904724,0.25504857301712036,-0.15113791823387146,-0.19462135434150696,0.575987696647644,0.45670273900032043,0.5045648813247681,0.18089371919631958,0.34736570715904236,0.4664972424507141,-0.17822913825511932,0.9592791795730591,-0.0892387330532074,0.15909597277641296,0.6472022533416748,0.5022266507148743,-0.2460109144449234,0.8775115609169006,0.27546772360801697,-0.02612937241792679,-0.149482861161232,0.17921072244644165,0.5815709233283997,0.14952708780765533,0.2440377175807953,0.17464357614517212,0.6504437923431396,0.5022723078727722,-0.2077009081840515,0.1268557906150818,0.3973236680030823,-0.2096739113330841,-0.15623611211776733,0.7758743762969971,0.015623588114976883,-0.035563863813877106,-0.007760405540466309,0.24059389531612396,-0.23554293811321259,-0.24917511641979218,0.1880890280008316,0.172770157456398,0.4154956340789795,0.009890973567962646,-0.14943014085292816,0.05485109984874725,-0.2373214066028595,0.1435520201921463,0.49667295813560486,0.5089781284332275,-0.25649577379226685,0.03846902772784233,-0.21742509305477142,-0.21135908365249634,0.1985895037651062,-0.19171927869319916,0.18377402424812317,0.10644115507602692,0.07756319642066956,0.15465590357780457,0.6107622981071472,0.26742178201675415,0.5276516079902649,0.2728899121284485,0.5400453209877014,-0.12004595249891281,-0.23760256171226501,0.6993895769119263,-0.21777397394180298,0.0937630832195282,-0.12170031666755676,0.6798221468925476,-0.1259559988975525,0.6187043190002441,0.016039416193962097,-0.19346553087234497,0.022482095286250114,-0.135614812374115,0.5120828747749329,0.18802884221076965,0.32995831966400146,-0.011557240039110184,0.9649934768676758,0.18012292683124542,-0.19291457533836365
62,811,741,864,793,1.082116723060608,-0.2209094762802124,0.6851592659950256,1.0549763441085815,-0.25457534193992615,-0.18796294927597046,0.3526118993759155,-0.17494340240955353,-0.17884774506092072,-0.24951325356960297,0.1018853560090065,0.03675372898578644,0.031205730512738228,0.5100166201591492,0.5628107786178589,-0.15794414281845093,-0.10820048302412033,0.5534524321556091,0.6358269453048706,0.136677086353302,0.3380481004714966,-0.011663983575999737,0.849757969379425,0.31317004561424255,0.04207355156540871,0.8233422636985779,-0.17613448202610016,-0.23517638444900513,0.8319447636604309,0.911462128162384,-0.15641404688358307,-0.06906427443027496,0.10399315506219864,0.2602175772190094,-0.17441006004810333,0.05604952573776245,-0.22467851638793945,0.8423202037811279,-0.19446609914302826,0.29572793841362,-0.10454116016626358,-0.18679068982601166,0.2317083477973938,0.9639206528663635,0.05913378670811653,-0.1414204090833664,-0.23345978558063507,0.604733407497406,0.23584948480129242,0.5877764821052551,0.335508793592453,0.4467490613460541,0.8162261843681335,-0.24580822885036469,0.5958216786384583,-0.23281948268413544,0.34149572253227234,0.5515845417976379,0.6658868789672852,-0.23017750680446625,0.6632748246192932,0.34082481265068054,-0.05895029008388519,0.40932783484458923,0.6022354960441589,0.699944019317627,0.008501012809574604,0.6164739727973938,0.12127058953046799,0.48077139258384705,0.54868483543396,-0.14937317371368408,0.19977550208568573,0.33034977316856384,-0.20579572021961212,0.028793655335903168,0.5151751637458801,0.05957938730716705,-0.1763441115617752,-0.15857446193695068,0.25354158878326416,-0.22863715887069702,-0.2560456693172455,0.29288944602012634,0.023826604709029198,-0.07641115039587021,-0.18705987930297852,-0.16273729503154755,0.27980124950408936,-0.21366573870182037,0.21276529133319855,0.19351105391979218,0.2677348554134369,-0.2530301809310913,0.04816200211644173,-0.19272752106189728,-0.2298945039510727,0.022817125543951988,-0.2215948849916458,0.13500523567199707,0.2229115217924118,0.06122659519314766,0.21042847633361816,0.48278555274009705,0.8309426307678223,0.32428866624832153,0.08082903176546097,0.22453908622264862,-0.07437261193990707,-0.1708618402481079,0.889787495136261,-0.186335489153862,0.2131943553686142,0.18711797893047333,0.5102419257164001,-0.07018333673477173,0.6598435044288635,0.10812220722436905,-0.11646423488855362,0.016527706757187843,-0.1633114218711853,0.41871288418769836,0.23234117031097412,0.510648787021637,-0.019287409260869026,0.6379477381706238,0.07733073085546494,-0.19735467433929443
63,412,111,467,157,0.8221057057380676,-0.1819881647825241,0.6766536235809326,1.0857197046279907,-0.2286597043275833,-0.1604602336883545,0.062003329396247864,-0.024596625939011574,-0.20219482481479645,-0.25281038880348206,0.1724519580602646,0.3292848467826843,0.10547127574682236,0.1964011937379837,0.39566949009895325,-0.12067628651857376,-0.19974394142627716,-0.07815071195363998,0.3204175531864166,0.19683504104614258,0.075839102268219,0.16054010391235352,0.6762697100639343,0.12343662977218628,0.10551448911428452,0.2709682285785675,-0.12617085874080658,-0.1385890245437622,0.5406071543693542,0.5171594023704529,-0.00806534755975008,-0.13236641883850098,-0.026484975591301918,0.26629194617271423,-0.1792498081922531,0.011389185674488544,-0.2140674591064453,0.332476407289505,-0.19809703528881073,0.04516352340579033,-0.23398995399475098,-0.14807383716106415,0.15177100896835327,0.5536016821861267,0.0009664197568781674,-0.161344975233078,-0.16918037831783295,0.4579409658908844,0.24731774628162384,0.2965855598449707,0.21461491286754608,0.24798160791397095,0.4553498327732086,-0.20803524553775787,0.5634238719940186,-0.20977401733398438,0.20545272529125214,0.593131959438324,0.6725357174873352,-0.21931827068328857,0.5343847274780273,0.5090398192405701,-0.13825716078281403,0.02137705124914646,0.25017809867858887,0.3188646137714386,-0.08687958866357803,0.4494819939136505,-0.014031949453055859,0.51876300573349,0.8021419644355774,-0.16683153808116913,0.005302786827087402,0.295895516872406,-0.15716055035591125,-0.0703301802277565,0.22992587089538574,0.005770201329141855,-0.14097969233989716,-0.15583071112632751,0.16935954988002777,-0.16922710835933685,-0.2605304718017578,0.4738417863845825,-0.1006905660033226,0.15907984972000122,-0.008956894278526306,-0.21146805584430695,0.06070363521575928,-0.2041333168745041,0.1277974247932434,0.3172501027584076,0.24077676236629486,-0.2513175904750824,0.2240900993347168,-0.18843382596969604,-0.21027463674545288,0.048040296882390976,-0.22274301946163177,0.1105186939239502,0.17378568649291992,0.2765728831291199,0.2395257204771042,0.23170022666454315,0.34138980507850647,0.5228062868118286,-0.04984869435429573,0.13321150839328766,-0.09495630115270615,-0.07498341053724289,0.2712452709674835,-0.16701996326446533,0.12668438255786896,-0.14342200756072998,0.7003486156463623,-0.1604076772928238,0.4925599992275238,0.03340224549174309,-0.17506559193134308,-0.0025580476503819227,-0.1857609748840332,0.5123869180679321,-0.00618829345330596,0.38427457213401794,-0.009804226458072662,0.3122011423110962,-0.05138464644551277,-0.18429262936115265
64,439,135,487,179,1.078563928604126,-0.18445324897766113,0.7596009373664856,0.990868330001831,-0.24641554057598114,-0.0011338359909132123,0.37377431988716125,-0.2590366303920746,0.028961092233657837,-0.21095573902130127,0.025603776797652245,0.3760785162448883,-0.152680441737175,0.23394091427326202,0.5266432762145996,-0.1844540238380432,0.02895551174879074,-0.05995678901672363,1.1600496768951416,-0.16102886199951172,-0.025599641725420952,0.04795385152101517,0.7979925870895386,0.17234650254249573,-0.13152958452701569,0.7404094338417053,-0.16187649965286255,-0.23133128881454468,0.6032002568244934,0.6077085137367249,-0.11742683500051498,-0.13273879885673523,0.19582736492156982,0.3679569959640503,-0.17063206434249878,0.12621699273586273,-0.2524363398551941,0.5366895198822021,-0.11941569298505783,0.1722341924905777,-0.16444052755832672,-0.20989519357681274,0.14469368755817413,0.25281035900115967,0.0980600118637085,-0.1054408922791481,-0.19467595219612122,0.8860147595405579,0.3643108010292053,0.5097033977508545,0.09694048762321472,0.8484194874763489,0.6001532077789307,-0.22497208416461945,0.9076032638549805,-0.08846772462129593,0.4231662452220917,0.4095224142074585,0.5519858002662659,-0.20200055837631226,0.9361876249313354,0.0668061301112175,-0.039181940257549286,-0.018931541591882706,0.328091561794281,0.17904585599899292,0.3857838213443756,0.08074342459440231,0.17520003020763397,0.39474040269851685,0.7106516361236572,-0.21831673383712769,-0.038549602031707764,0.36710813641548157,-0.23107600212097168,-0.19634374976158142,0.6793612241744995,-0.08731204271316528,-0.0939105823636055,-0.169117271900177,0.32599300146102905,-0.2559361457824707,-0.25947439670562744,0.6505526304244995,0.33532795310020447,0.1404215693473816,-0.19784265756607056,-0.11380108445882797,0.10631287097930908,-0.20467786490917206,-0.16768915951251984,0.4140632450580597,0.25875723361968994,-0.2545831799507141,0.4959055483341217,-0.1935798078775406,-0.23684430122375488,0.12014457583427429,-0.24340693652629852,0.24528487026691437,0.1512947827577591,-0.016085147857666016,0.1751115918159485,0.2604856789112091,0.6812434196472168,0.2975721061229706,-0.045814115554094315,0.8561527132987976,-0.11576953530311584,-0.22110892832279205,0.9016391038894653,-0.23638804256916046,0.007257769349962473,0.09954088181257248,0.6503121852874756,-0.12189972400665283,0.53118497133255,-0.043789103627204895,-0.11985831707715988,0.02851603366434574,-0.15082746744155884,0.5214310884475708,0.469362735748291,0.7278105616569519,-0.13049501180648804,1.393863558769226,0.17605352401733398,-0.22593413293361664
65,223,354,277,403,1.1010727882385254,-0.1919470578432083,0.44448840618133545,1.0812219381332397,-0.24474172294139862,-0.060797035694122314,0.2217911034822464,-0.16007791459560394,-0.15116040408611298,-0.2354915738105774,0.041531000286340714,0.3270399272441864,-0.00959500391036272,0.12685741484165192,0.5969400405883789,-0.13025440275669098,-0.00032625594758428633,-0.01388674508780241,1.1002401113510132,0.020282641053199768,0.20243649184703827,0.19156354665756226,0.5561798214912415,0.22013968229293823,0.026462608948349953,0.5485739707946777,-0.15925835072994232,-0.18216872215270996,0.5775637030601501,0.6095926761627197,-0.14177462458610535,-0.12424806505441666,0.08312732726335526,0.2447885423898697,-0.11853668093681335,0.05514014884829521,-0.21163518726825714,0.21622055768966675,0.005664666648954153,0.12825481593608856,-0.0037184457760304213,-0.13212567567825317,-0.0027666010428220034,0.19798554480075836,0.1847408562898636,-0.15360021591186523,-0.19162654876708984,0.48965558409690857,0.3244832158088684,0.40903934836387634,0.29917195439338684,0.22671101987361908,0.4659976661205292,-0.22978563606739044,0.9818320274353027,-0.12330158799886703,0.40031182765960693,0.47642651200294495,0.5412735342979431,-0.19154024124145508,0.8086850643157959,0.32805708050727844,-0.00449574738740921,-0.11706381291151047,0.1678890585899353,-0.030383074656128883,0.12487560510635376,0.22154510021209717,0.20720987021923065,0.5499239563941956,0.5871912837028503,-0.11211182922124863,0.06737988442182541,0.42742064595222473,-0.18193034827709198,-0.08141995221376419,0.48971375823020935,-0.09981312602758408,-0.08930204063653946,-0.1352054625749588,0.12331972271203995,-0.23976822197437286,-0.25741153955459595,0.5118953585624695,0.2363179475069046,0.12812654674053192,-0.12464471906423569,-0.1971747875213623,0.13042901456356049,-0.24392814934253693,-0.07178402692079544,0.294748991727829,0.4358700215816498,-0.2609492242336273,0.17680643498897552,-0.175855353474617,-0.22281299531459808,0.018568342551589012,-0.2016487568616867,0.08555954694747925,0.16176243126392365,0.12637819349765778,0.015302327461540699,0.3414081633090973,0.33959946036338806,0.40983855724334717,0.07129143923521042,0.6827312111854553,-0.11389988660812378,-0.13407643139362335,0.7246111035346985,-0.13221068680286407,0.2531619966030121,-0.07778570055961609,0.5987550616264343,-0.007166179362684488,0.6095420718193054,-0.09211456775665283,-0.0726214274764061,0.033454131335020065,-0.1579844355583191,0.4033519923686981,0.24429087340831757,0.49817362427711487,-0.027646595612168312,0.9648477435112,0.03760751709342003,-0.17817634344100952
66,613,676,651,714,0.8585829734802246,-0.21246349811553955,0.14174878597259521,0.9962317943572998,-0.21190571784973145,-0.24426871538162231,0.570635974407196,-0.20161837339401245,-0.10742802917957306,-0.20209990441799164,0.06534379720687866,-0.20506992936134338,-0.07870002090930939,0.39284420013427734,0.4426780045032501,-0.15799713134765625,-0.2035948932170868,0.38325202465057373,-0.16073565185070038,0.3112790286540985,-0.12275106459856033,0.20185613632202148,0.45827969908714294,0.7028833031654358,0.10089904069900513,0.4867747724056244,0.04767961800098419,-0.23104237020015717,-0.028046995401382446,0.12534543871879578,-0.012795768678188324,-0.17146947979927063,0.26731520891189575,0.40303289890289307,-0.16748546063899994,-0.14964938163757324,-0.24169698357582092,0.3283841907978058,-0.18065428733825684,0.14284464716911316,-0.08133021742105484,-0.20528961718082428,-0.02975333482027054,-0.02172764390707016,-0.05136055499315262,0.025810953229665756,-0.18497474491596222,0.8053103685379028,0.09925223141908646,0.07418565452098846,0.5971856713294983,0.35070937871932983,0.7104925513267517,-0.20446276664733887,0.690261960029602,-0.2326875925064087,0.6085097193717957,0.052605435252189636,0.9655031561851501,-0.2422790825366974,0.4464656412601471,0.15077129006385803,0.11532139033079147,-0.19720762968063354,0.2764991521835327,-0.0722644180059433,0.12204129993915558,0.0819089487195015,0.06064422056078911,0.15108627080917358,0.6896382570266724,-0.2499765157699585,-0.08485129475593567,-0.09375758469104767,-0.02796885371208191,-0.19827279448509216,-0.015318069607019424,-0.2069467306137085,-0.1618918776512146,-0.20398226380348206,0.44537219405174255,-0.2224980890750885,-0.2611125707626343,0.48847854137420654,0.20847606658935547,-0.03057781606912613,-0.21892622113227844,-0.15695957839488983,0.18969939649105072,-0.19750916957855225,-0.05548730120062828,0.031805623322725296,0.11374727636575699,-0.22985588014125824,1.315925121307373,-0.2361993044614792,-0.19840160012245178,-0.06310451030731201,-0.26629117131233215,0.15545761585235596,0.8997654914855957,0.22662058472633362,0.23802803456783295,0.20362241566181183,0.12011374533176422,0.19082000851631165,-0.011308228597044945,0.8224952220916748,-0.20664945244789124,-0.20006316900253296,0.9608368277549744,-0.17952796816825867,0.1935991644859314,0.28623008728027344,0.5942337512969971,-0.18785613775253296,0.032546162605285645,-0.1353851556777954,-0.17189016938209534,0.1377027928829193,-0.13601425290107727,0.4652248024940491,0.31794533133506775,0.7640080451965332,-0.16125193238258362,0.5897093415260315,-0.18113750219345093,-0.179060161113739
67,583,738,643,783,0.8379879593849182,-0.18578462302684784,1.395013689994812,1.0448672771453857,-0.24559783935546875,-0.04311013221740723,0.1481388658285141,-0.19788968563079834,-0.15032021701335907,-0.24203693866729736,0.45028015971183777,1.3274215459823608,-0.0924624353647232,0.626188337802887,0.3436019718647003,-0.1423235833644867,-0.11366130411624908,-0.09681495279073715,0.7783094644546509,-0.019098492339253426,-0.09405717998743057,0.2634595036506653,0.583472728729248,0.05054234713315964,0.11176493018865585,0.5781031847000122,-0.05246264114975929,-0.22644251585006714,1.025547981262207,0.5006082653999329,-0.06231644004583359,-0.14094766974449158,0.15255889296531677,0.34086519479751587,-0.1786138415336609,0.09051863849163055,-0.23281392455101013,0.30711618065834045,-0.06687410920858383,0.39982208609580994,-0.2515801191329956,-0.19327235221862793,0.38518428802490234,0.8482649326324463,0.24406342208385468,-0.20639297366142273,-0.21802382171154022,0.8068842887878418,0.42184171080589294,0.4148600697517395,0.23899635672569275,0.4684513509273529,0.3787706792354584,-0.1589064598083496,0.5985866785049438,-0.09835299104452133,0.1704237163066864,0.5263807773590088,0.35067495703697205,-0.18521462380886078,0.5700618028640747,0.422931432723999,-0.07229018211364746,-0.04999709874391556,0.5415505170822144,0.36455675959587097,0.14383238554000854,0.22380167245864868,0.12784609198570251,0.9719411134719849,0.7790474891662598,-0.1896623969078064,-0.022751901298761368,0.22374087572097778,-0.22554776072502136,-0.14207251369953156,0.656291127204895,-0.03691413998603821,0.23946690559387207,-0.14667969942092896,0.24415108561515808,-0.2263399213552475,-0.2605421543121338,1.000819444656372,-0.20334339141845703,0.0522005558013916,-0.23415814340114594,-0.16944754123687744,0.019973495975136757,-0.2381041944026947,0.08163922280073166,0.30727559328079224,0.09515726566314697,-0.24925082921981812,0.4747465252876282,-0.21777117252349854,-0.231990247964859,-0.04821750149130821,-0.19199617207050323,0.20371827483177185,0.2353849560022354,-0.043981947004795074,0.719630241394043,0.35454630851745605,0.42568469047546387,0.3066883385181427,0.21211010217666626,0.48426005244255066,-0.05881989747285843,-0.18554873764514923,0.5302962064743042,-0.23865211009979248,0.5018640160560608,0.06953179836273193,0.6202887296676636,-0.17549914121627808,0.40679219365119934,-0.07133645564317703,-0.16734305024147034,0.12195546925067902,-0.16778065264225006,0.48025816679000854,0.17044009268283844,0.5670900344848633,-0.08394629508256912,0.7831281423568726,0.31821125745773315,-0.2159721553325653
68,180,536,228,578,0.9236463904380798,-0.16647687554359436,0.504385232925415,1.108208179473877,-0.22600939869880676,-0.13363143801689148,0.5926910638809204,-0.1967770755290985,-0.19500325620174408,-0.2533407211303711,0.11459534615278244,0.35881465673446655,-0.06364966928958893,0.44773566722869873,0.7799174785614014,-0.19427819550037384,-0.17687971889972687,0.5098854899406433,0.8146410584449768,0.4429340958595276,0.14498277008533478,0.2729245722293854,0.4486364722251892,0.4628167152404785,0.39559119939804077,1.085099697113037,-0.19610732793807983,-0.21468046307563782,0.829153299331665,0.8854101896286011,-0.18673226237297058,-0.07221101969480515,0.09329671412706375,0.19571244716644287,-0.1496916115283966,0.10389820486307144,-0.2071656584739685,0.5302985310554504,-0.10159362852573395,0.22634577751159668,-0.08512847870588303,-0.12141251564025879,0.1730496883392334,0.9853375554084778,0.14867287874221802,-0.13788411021232605,-0.2594982385635376,0.7272670865058899,0.4508906900882721,0.41718441247940063,0.5066252946853638,0.5857925415039062,0.5189608335494995,-0.1998932659626007,0.5479060411453247,-0.12463131546974182,0.462985634803772,0.5803428888320923,0.8609605431556702,-0.17707984149456024,0.7273615002632141,0.20322434604167938,-0.019100608304142952,0.2016848474740982,0.40627676248550415,0.2151378095149994,-0.021003952249884605,0.2938932180404663,0.10397123545408249,0.35398632287979126,0.6131840944290161,-0.10781624913215637,0.06684448570013046,0.45014116168022156,-0.15870851278305054,0.06823613494634628,0.5438739061355591,-0.03987014293670654,-0.026455428451299667,-0.18309253454208374,0.3235655426979065,-0.21941642463207245,-0.25880205631256104,0.5338847041130066,0.2962442934513092,-0.16128681600093842,-0.17367787659168243,-0.1631157100200653,0.1637057214975357,-0.20904207229614258,0.13307920098304749,0.1614707112312317,0.25401198863983154,-0.25289851427078247,0.10212599486112595,-0.1533752828836441,-0.25000834465026855,-0.0993087962269783,-0.24742406606674194,0.04443523660302162,0.31942808628082275,0.1420593559741974,0.07866872847080231,0.3401784896850586,0.8585590124130249,0.44971126317977905,-0.00866094883531332,0.38427793979644775,-0.08775656670331955,-0.15114270150661469,0.7531983852386475,-0.16060024499893188,0.2273952215909958,0.25203728675842285,0.3298666179180145,0.007186432834714651,0.48650604486465454,0.15999072790145874,-0.14401227235794067,0.17266304790973663,-0.14893881976604462,0.4632449746131897,0.20471954345703125,0.7154319286346436,0.04454074427485466,0.8443235754966736,0.25860467553138733,-0.1646718978881836
69,237,336,288,377,0.7732248306274414,-0.21498960256576538,0.5313811302185059,1.0551679134368896,-0.24998465180397034,-0.024928748607635498,0.17648103833198547,-0.18234562873840332,-0.08753397315740585,-0.2514205574989319,0.17095476388931274,0.2949647903442383,-0.02334815450012684,0.5240187644958496,0.5458676815032959,-0.1576324701309204,-0.247788667678833,0.05794104188680649,0.6232940554618835,0.051397934556007385,-0.03624589741230011,0.10719509422779083,0.5649008750915527,0.04268975183367729,0.21742257475852966,0.5662146806716919,-0.1362461894750595,-0.2552280128002167,0.5876807570457458,0.6310734152793884,-0.14726102352142334,-0.24478159844875336,0.024798400700092316,0.19686177372932434,-0.17228099703788757,-0.03742733597755432,-0.2304994761943817,0.20247675478458405,-0.11565759778022766,0.04642321169376373,-0.15942266583442688,-0.16782158613204956,0.030926374718546867,0.26565104722976685,-0.04532792419195175,-0.14670175313949585,-0.22970879077911377,0.6180557012557983,0.36251285672187805,0.29854246973991394,0.17363810539245605,0.44859710335731506,0.4719703197479248,-0.22462958097457886,0.7361342310905457,-0.2290920913219452,0.297801673412323,0.47763341665267944,0.7526464462280273,-0.23782911896705627,0.66567063331604,0.24811077117919922,0.03904605656862259,0.06913555413484573,0.3557984530925751,0.14974969625473022,0.15518711507320404,0.3121486008167267,0.010136090219020844,0.3601066470146179,0.5929776430130005,-0.19172273576259613,0.016269981861114502,0.3942607641220093,-0.0896444022655487,-0.13621050119400024,0.47401687502861023,-0.2241286337375641,-0.13030323386192322,-0.22258636355400085,0.2990005612373352,-0.2444574236869812,-0.2601448893547058,0.5780259370803833,0.10789819061756134,-0.06917256861925125,-0.10690723359584808,-0.1899450719356537,0.05311848595738411,-0.23766247928142548,-0.16363289952278137,0.1931643784046173,0.13696447014808655,-0.2694345712661743,0.2129688858985901,-0.1948452591896057,-0.22199785709381104,-0.12975138425827026,-0.19544380903244019,0.16878920793533325,0.18972140550613403,0.03216676414012909,0.05278231203556061,0.2696094810962677,0.3238830268383026,0.4528551697731018,0.0044381022453308105,0.5831680297851562,-0.14008766412734985,-0.15947124361991882,0.3756158947944641,-0.20536193251609802,0.206356480717659,0.1288154423236847,0.4807354807853699,-0.11586563289165497,0.43402016162872314,0.04955502972006798,-0.1052057147026062,0.11254730820655823,-0.1484152376651764,0.47407275438308716,0.11443843692541122,0.6835324764251709,-0.05764969065785408,0.6964637041091919,-0.12433935701847076,-0.19950059056282043
70,675,407,717,456,1.2190097570419312,-0.2028847187757492,0.7993927001953125,1.051993489265442,-0.19475215673446655,-0.24360626935958862,0.5936506986618042,-0.18845690786838531,0.05125804618000984,-0.20616315305233002,0.06244673207402229,0.33500781655311584,-0.023655511438846588,0.6230437755584717,0.5505854487419128,-0.19788284599781036,-0.04190932586789131,-0.19715486466884613,1.2819432020187378,0.033352334052324295,-0.03011537529528141,0.10218272358179092,0.4570120871067047,0.2867702543735504,-0.08298080414533615,0.7181746363639832,-0.17363877594470978,-0.22284364700317383,0.8561992645263672,0.3707559108734131,-0.17647093534469604,0.1250978708267212,0.381708025932312,0.34031128883361816,-0.12001790851354599,0.13711898028850555,-0.23359549045562744,0.34516778588294983,0.026324192062020302,0.31645628809928894,-0.129041388630867,-0.1926078051328659,0.5953825116157532,0.5884044766426086,0.06554737687110901,-0.1120733991265297,-0.20721308887004852,1.0125139951705933,0.3612283766269684,0.4859929084777832,0.25807008147239685,0.09349050372838974,0.8206555843353271,-0.2187281996011734,1.1208010911941528,-0.13036467134952545,0.39714136719703674,0.7540230751037598,0.7271403670310974,-0.18354225158691406,1.4240031242370605,0.44756364822387695,-0.0001937796623678878,0.9964249730110168,1.0549603700637817,0.3386564254760742,0.059712763875722885,0.43210962414741516,0.01492716372013092,0.5769153237342834,0.7159643173217773,-0.13142897188663483,-0.046254824846982956,0.34420856833457947,-0.23998312652111053,-0.015763821080327034,0.7631239891052246,-0.04531928896903992,-0.04070419445633888,-0.2046702653169632,0.10769764333963394,-0.21121501922607422,-0.2503165006637573,0.4984780251979828,0.11498776823282242,-0.14224182069301605,-0.19790299236774445,-0.14773626625537872,0.1280568391084671,-0.19222861528396606,0.14795418083667755,0.17080841958522797,0.1438494473695755,-0.2612324357032776,0.6249048113822937,-0.13364677131175995,-0.24809952080249786,0.13831686973571777,-0.23467473685741425,0.09257052093744278,0.27232861518859863,0.003646453144028783,0.24885369837284088,0.5729184746742249,0.0475437231361866,0.6106799244880676,-0.0175196323543787,0.31818997859954834,-0.16425025463104248,-0.11877905577421188,0.9346488118171692,-0.205680251121521,0.9342949390411377,0.06413724273443222,0.5455656051635742,-0.07325474917888641,0.5895865559577942,-0.023899555206298828,-0.2093154788017273,0.12306825071573257,-0.16571521759033203,0.3268558979034424,0.6924920082092285,0.8369336128234863,-0.04871806874871254,0.9128766655921936,0.3408162593841553,-0.21467237174510956
71,209,530,250,569,1.0457552671432495,-0.19498571753501892,0.8380880355834961,1.0681298971176147,-0.2461138665676117,-0.06450162827968597,0.6663131713867188,-0.23844274878501892,-0.09251149743795395,-0.2656075954437256,0.029094085097312927,-0.1948341578245163,-0.18731379508972168,0.41090524196624756,0.6994704008102417,-0.20581623911857605,-0.18734338879585266,0.5689330697059631,0.5006119012832642,0.495395302772522,0.02589217573404312,0.41682466864585876,0.43487802147865295,0.3012343943119049,0.40343478322029114,1.0024522542953491,-0.18145400285720825,-0.20351970195770264,0.2589954733848572,0.6256117224693298,-0.2289201021194458,-0.16406875848770142,0.3530484437942505,0.3447273373603821,-0.18233627080917358,0.1414620578289032,-0.1932431161403656,0.3755893111228943,-0.16732157766819,0.21546734869480133,0.18110524117946625,-0.16277319192886353,0.5013924837112427,1.4956319332122803,0.36407265067100525,-0.13222235441207886,-0.26894092559814453,1.0639432668685913,0.18344339728355408,0.18077987432479858,0.5952364206314087,0.5151426792144775,0.6943166255950928,-0.24306125938892365,1.150382399559021,-0.2557130753993988,0.9112734198570251,0.4437098503112793,1.1490492820739746,-0.1776193082332611,0.9433269500732422,-0.06256211549043655,-0.018554000183939934,0.7514320611953735,0.2759685516357422,0.5450114011764526,0.1973472684621811,0.15290097892284393,-0.011336088180541992,0.18112818896770477,0.7056490778923035,-0.2525441646575928,-0.02239261195063591,0.11819665879011154,-0.15985052287578583,-0.029226427897810936,0.3294374346733093,-0.09708184748888016,-0.17709939181804657,-0.1431000977754593,0.31973880529403687,-0.2563818097114563,-0.27076005935668945,0.3102855384349823,-0.06732595711946487,-0.2273816019296646,-0.2049090564250946,-0.10678648948669434,0.043780628591775894,-0.1704896241426468,-0.1657702922821045,0.13248389959335327,-0.04305029660463333,-0.26007676124572754,1.0925182104110718,-0.08032986521720886,-0.2587663233280182,-0.018653705716133118,-0.2695622444152832,0.007436059415340424,0.27953940629959106,-0.03059886395931244,0.28906887769699097,0.218377947807312,0.621509850025177,0.15732917189598083,-0.12696480751037598,0.27569013833999634,0.011688731610774994,-0.25326260924339294,1.2651618719100952,-0.10857498645782471,0.6042911410331726,0.255230188369751,0.25541889667510986,0.023976311087608337,0.07545572519302368,0.08001700043678284,-0.11250840127468109,0.003170028328895569,-0.17254498600959778,0.4493122100830078,0.7330541610717773,0.764966607093811,-0.09007033705711365,0.9195429086685181,0.014487296342849731,-0.19547264277935028
72,602,777,663,829,1.089202880859375,-0.22853143513202667,0.6154853105545044,1.0913628339767456,-0.2289762943983078,-0.043806690722703934,0.04339867830276489,-0.16783452033996582,-0.05973607301712036,-0.20043028891086578,0.12611502408981323,0.17656588554382324,0.10253574699163437,0.12552668154239655,0.5926209092140198,-0.08169502764940262,-0.1929854154586792,-0.2382882833480835,0.7749921679496765,0.018205733969807625,0.1871480941772461,0.1293523907661438,0.7498638033866882,0.26686370372772217,0.07848715782165527,0.28579920530319214,-0.1532628983259201,-0.2205793410539627,0.7552193999290466,0.4837576150894165,-0.06833253055810928,-0.17811624705791473,0.052978694438934326,0.3813537657260895,-0.1596878618001938,0.08881723880767822,-0.2181878536939621,0.30465587973594666,0.014046579599380493,0.3127075731754303,-0.24441225826740265,-0.16469444334506989,0.19031153619289398,0.4169226586818695,0.27967360615730286,-0.17308276891708374,-0.22214484214782715,0.5057739615440369,0.4896554946899414,0.5536852478981018,0.2106141597032547,0.21690857410430908,0.5346675515174866,-0.1985696405172348,0.7237380146980286,-0.15240348875522614,0.16293658316135406,0.6735338568687439,0.40716949105262756,-0.24372287094593048,0.936704695224762,0.5062084794044495,-0.04077586159110069,-0.1459692418575287,0.29118239879608154,0.4879496395587921,0.011357967741787434,0.3592800796031952,0.18386590480804443,0.6863797307014465,0.5822779536247253,-0.24436868727207184,0.12521924078464508,0.2040526270866394,-0.18099690973758698,-0.1425737887620926,0.5993544459342957,-0.009824748151004314,-0.040885720402002335,-0.1362876147031784,0.22493939101696014,-0.23132891952991486,-0.25458094477653503,0.1420442909002304,0.08296818286180496,0.25991564989089966,-0.0894719585776329,-0.18168653547763824,0.03584873303771019,-0.2550741136074066,0.14772208034992218,0.42266154289245605,0.3983359634876251,-0.2480822652578354,0.009374390356242657,-0.21844880282878876,-0.21632711589336395,-0.009237956255674362,-0.17398174107074738,0.1691155582666397,0.14035025238990784,0.15742187201976776,0.20256459712982178,0.524921715259552,0.04755280539393425,0.6166571974754333,0.3133247196674347,0.39436671137809753,-0.18040086328983307,-0.16383033990859985,0.45251384377479553,-0.22584044933319092,0.11398770660161972,-0.10147491842508316,0.6753498911857605,-0.1438901573419571,0.7235205769538879,0.025205165147781372,-0.17976965010166168,0.0863281711935997,-0.14164568483829498,0.5083487033843994,0.052057940512895584,0.32443156838417053,0.0007468474213965237,0.7525615096092224,0.10912684351205826,-0.1948060244321823
73,802,789,846,821,1.2610268592834473,-0.260674387216568,0.301715612411499,1.0944572687149048,-0.2492426186800003,0.21538034081459045,0.8077470660209656,-0.21774065494537354,0.41567671298980713,-0.20591191947460175,0.01869571954011917,1.153246283531189,-0.18240991234779358,0.10830266028642654,0.4361691474914551,-0.24649637937545776,0.5937707424163818,0.4183325171470642,1.4043335914611816,-0.20494644343852997,0.14636805653572083,0.09031100571155548,0.7118250131607056,0.2928505539894104,-0.13579922914505005,1.263878583908081,-0.19153742492198944,-0.1899329423904419,0.8956267237663269,1.4868223667144775,-0.2587740421295166,-0.22857043147087097,-0.02741651050746441,0.10698333382606506,-0.19705262780189514,0.6829327940940857,-0.12669068574905396,0.39885181188583374,-0.0086597241461277,-0.23478880524635315,0.3472500443458557,-0.03822643309831619,-0.14698438346385956,0.2610793113708496,0.2208964228630066,0.13851608335971832,-0.21262872219085693,1.5937764644622803,0.35266220569610596,0.15100017189979553,0.41305744647979736,0.6087144613265991,0.6988095045089722,-0.22270098328590393,1.3077524900436401,-0.16930776834487915,1.1203781366348267,1.362198829650879,1.1649287939071655,-0.2072254717350006,0.6410419344902039,-0.13902711868286133,0.02541784755885601,-0.026903554797172546,0.08946340531110764,0.8997076749801636,0.8303959965705872,-0.0961427167057991,0.040852755308151245,-0.03668062388896942,0.3552994430065155,-0.16025537252426147,-0.19248105585575104,1.0801198482513428,-0.1992853581905365,-0.05305471643805504,0.09804888069629669,-0.12637928128242493,0.011616703122854233,-0.01591470092535019,0.15701477229595184,-0.26012247800827026,-0.25185200572013855,0.8231197595596313,0.6693101525306702,-0.23907005786895752,-0.061862897127866745,-0.13478852808475494,0.08937956392765045,-0.2572680711746216,-0.2025463879108429,0.12461452186107635,0.30184221267700195,-0.08113584667444229,0.23492877185344696,0.028052255511283875,-0.2292538583278656,0.051800936460494995,-0.26790162920951843,0.025611083954572678,-0.012341048568487167,-0.21170346438884735,0.012174926698207855,0.1154160127043724,1.957267165184021,0.3149524927139282,-0.10057217627763748,0.4981558620929718,0.03068554401397705,-0.21443703770637512,1.3075975179672241,0.19580905139446259,-0.09175048768520355,0.2619501054286957,0.5562966465950012,0.076162189245224,0.26812970638275146,0.1909143477678299,0.08788405358791351,0.08607978373765945,-0.1806129515171051,0.6299077272415161,0.15856057405471802,0.5191805958747864,-0.08977516740560532,0.6793186068534851,-0.1660621017217636,-0.2249148041009903
74,587,711,639,743,0.8938660621643066,-0.24254965782165527,0.6944099068641663,1.0507062673568726,-0.1389230191707611,0.1549268513917923,0.29634442925453186,-0.15423567593097687,-0.03038940764963627,-0.25299763679504395,0.346983939409256,0.8502458930015564,0.11361125856637955,0.18999719619750977,0.10590612143278122,-0.09520018100738525,-0.19039280712604523,-0.16730116307735443,0.4207715094089508,-0.023587524890899658,-0.10314249247312546,0.08684825897216797,0.4014779031276703,0.3903101980686188,-0.0861513614654541,0.2555449903011322,-0.06304989010095596,-0.25107648968696594,0.32131168246269226,0.46314385533332825,-0.1329941749572754,-0.1280299574136734,-0.04240574315190315,0.3017094135284424,-0.17135071754455566,-0.028667667880654335,-0.23002493381500244,0.07343914359807968,-0.2515184283256531,0.17490823566913605,-0.2185538411140442,-0.1694139689207077,-0.017036765813827515,0.16134363412857056,0.11620058864355087,-0.20125983655452728,-0.20124323666095734,0.5259542465209961,0.46209001541137695,0.49074840545654297,0.1706916093826294,-0.06753712147474289,0.28863367438316345,-0.21405887603759766,0.6393422484397888,-0.2134265899658203,0.16381147503852844,0.34703996777534485,0.42320528626441956,-0.2322031706571579,0.4680328071117401,0.378774493932724,-0.10796448588371277,-0.19626472890377045,0.46582910418510437,0.21238042414188385,0.43572402000427246,0.29922929406166077,0.12032228708267212,0.7176373600959778,1.0092887878417969,-0.230230450630188,-0.11812463402748108,0.1547507494688034,-0.23075737059116364,-0.1522645801305771,0.2955171763896942,-0.23396749794483185,-0.1574297696352005,-0.23403887450695038,0.3694956302642822,-0.23046372830867767,-0.27454063296318054,0.7105466723442078,-0.16915804147720337,0.017456525936722755,-0.15054912865161896,-0.17956411838531494,-0.04730061814188957,-0.23836427927017212,-0.0590352825820446,0.4356587827205658,0.04874300956726074,-0.24045723676681519,0.4078921377658844,-0.22755487263202667,-0.2294342964887619,-0.006234387401491404,-0.170204758644104,0.18809141218662262,0.2800038158893585,0.11200127750635147,0.41123589873313904,0.0699031725525856,0.423265665769577,0.1559724658727646,-0.02387937158346176,0.36170777678489685,-0.19546674191951752,-0.1244930624961853,0.6661756038665771,-0.1752650886774063,0.07381690293550491,-0.12064436823129654,0.4194735586643219,-0.19296754896640778,0.4046858251094818,-0.09524453431367874,-0.16252171993255615,0.12408915907144547,-0.18288452923297882,0.525503933429718,-0.04309597983956337,0.6024136543273926,-0.038290902972221375,0.4623282253742218,0.005730787757784128,-0.19169151782989502
75,279,638,347,697,0.9549233317375183,-0.2228918820619583,0.41383862495422363,1.1888245344161987,-0.2292570322751999,0.01804378069937229,0.13412387669086456,-0.14668790996074677,-0.13515090942382812,-0.21868951618671417,0.08786618709564209,0.820674479007721,0.008026194758713245,0.24792417883872986,0.7443623542785645,-0.1068708524107933,-0.07798638939857483,0.06792032718658447,0.8393304347991943,0.29714465141296387,0.35853445529937744,0.2711629867553711,0.41378113627433777,0.6433917284011841,0.411388635635376,0.9336562156677246,-0.1702558547258377,-0.20134347677230835,0.6184108853340149,0.8540036678314209,-0.1123913824558258,-0.06109170243144035,-0.03059941902756691,0.4354653060436249,-0.15358729660511017,0.3727060556411743,-0.1260981559753418,0.2362220287322998,0.09798934310674667,0.10666778683662415,0.17029552161693573,0.01835177280008793,0.2592731714248657,0.5969615578651428,0.26040077209472656,0.04960717260837555,-0.16255848109722137,0.7569769620895386,1.0452744960784912,0.45002514123916626,0.6302645802497864,0.4349643588066101,0.47422876954078674,-0.17442786693572998,0.5036166906356812,-0.17854875326156616,0.8467515110969543,1.306594967842102,0.6351912021636963,-0.20959575474262238,0.8936541080474854,0.29899871349334717,0.08957011997699738,0.3545385003089905,0.005293911322951317,0.28579699993133545,0.05676715075969696,0.3338417708873749,0.442369669675827,0.43598756194114685,0.5497239828109741,-0.0009884703904390335,0.031134191900491714,0.5373747944831848,-0.1761762797832489,0.01709085702896118,0.6556633114814758,0.10789190977811813,0.059002943336963654,-0.14672817289829254,0.2792360782623291,-0.16277043521404266,-0.25581204891204834,0.32292911410331726,0.4772135019302368,-0.08099386096000671,-0.14651182293891907,-0.17422306537628174,0.08491352945566177,-0.23256772756576538,0.4026697278022766,0.40524470806121826,0.6137176752090454,-0.1546037495136261,-0.0304173044860363,-0.1233673095703125,-0.2399693727493286,0.042546410113573074,-0.17026329040527344,-0.07304227352142334,0.2262180894613266,0.1380888968706131,0.29585379362106323,0.36102965474128723,0.8456388115882874,0.9522610902786255,0.10798881202936172,0.5760349631309509,-0.1146123930811882,-0.14259037375450134,1.0183396339416504,0.04332423210144043,0.4142839014530182,0.12834081053733826,0.31022050976753235,0.20478248596191406,0.3578522503376007,0.4948902726173401,0.15251554548740387,0.18006834387779236,-0.15285921096801758,0.46912458539009094,-0.06046656146645546,0.6817008256912231,0.13913194835186005,0.4179879426956177,0.14027200639247894,-0.15807953476905823
76,294,613,337,641,0.5953270196914673,-0.1982293725013733,0.052892882376909256,1.163744330406189,-0.19210176169872284,0.12164723873138428,0.7195115089416504,-0.18243378400802612,0.14277388155460358,-0.23727965354919434,0.14525537192821503,1.4145474433898926,-0.17169451713562012,0.26969394087791443,1.0011004209518433,-0.20876698195934296,0.13702987134456635,0.32741180062294006,0.4649558365345001,0.10434302687644958,-0.07053887099027634,0.20953352749347687,0.11415819078683853,0.9919424653053284,0.08483529090881348,0.8558142781257629,-0.1155000701546669,-0.18640927970409393,0.3900158703327179,0.6714787483215332,-0.21414756774902344,-0.15589077770709991,-0.1310410499572754,0.22897207736968994,-0.14417241513729095,0.18485112488269806,-0.1291649341583252,-0.02120290696620941,-0.005558093544095755,-0.09031923860311508,0.2775537967681885,-0.004559288267046213,0.03654243052005768,0.04509177803993225,0.35406872630119324,0.2606198489665985,-0.2067480832338333,1.4003204107284546,1.089168667793274,0.13718898594379425,0.3845818042755127,0.5866396427154541,0.08797508478164673,-0.21089708805084229,0.6559633612632751,-0.1338738352060318,0.6414857506752014,1.0052095651626587,0.560628354549408,-0.2537376582622528,1.1986846923828125,-0.05550794675946236,-0.06819610297679901,0.6553575992584229,-0.05954618752002716,0.33143290877342224,0.3295445740222931,0.03680067136883736,0.4517556130886078,-0.035586196929216385,0.4037846028804779,-0.12452569603919983,0.027396777644753456,0.5966629385948181,-0.21516044437885284,-0.04651014879345894,0.5792466998100281,-0.15868140757083893,-0.03774911165237427,-0.18234317004680634,0.36753806471824646,-0.13663721084594727,-0.26193663477897644,0.8122188448905945,1.8622570037841797,-0.12818486988544464,-0.14459221065044403,-0.15418879687786102,-0.01981329917907715,-0.2096022218465805,-0.019771113991737366,0.17219071090221405,0.019674936309456825,-0.12773670256137848,-0.10425946861505508,-0.03140169754624367,-0.2089519500732422,-0.1410791128873825,-0.24757106602191925,-0.06884368509054184,0.49361059069633484,0.15405994653701782,-0.106969453394413,0.14152979850769043,0.8344285488128662,1.0000529289245605,-0.08736846596002579,0.6421058773994446,-0.05768771097064018,-0.16929666697978973,1.4737467765808105,-0.033108875155448914,0.3429848253726959,0.8220424652099609,0.1736736297607422,0.09788338094949722,0.6057817935943604,0.7455193400382996,0.067643903195858,0.3964041769504547,-0.10040561109781265,0.643507182598114,-0.018043072894215584,1.0320175886154175,0.04562901332974434,0.9554231762886047,-0.010087360627949238,-0.13798964023590088
77,785,758,827,804,1.3727542161941528,-0.2553999722003937,0.41323935985565186,1.1065884828567505,-0.22776895761489868,-0.19432099163532257,0.3014010488986969,-0.19906562566757202,-0.23826885223388672,-0.2710830569267273,0.1041824147105217,-0.17931707203388214,0.03500199317932129,0.47601690888404846,0.5812520384788513,-0.13081993162631989,-0.015961742028594017,0.3609377145767212,0.9381516575813293,0.1952337622642517,0.3937804698944092,0.18403100967407227,0.6243978142738342,0.18914110958576202,-0.010314181447029114,1.06242036819458,-0.17040365934371948,-0.2372664213180542,1.0467991828918457,0.9260091781616211,-0.19214661419391632,-0.03030773438513279,-0.01508580893278122,0.3409346044063568,-0.14568914473056793,0.23237276077270508,-0.19081032276153564,0.4446527063846588,-0.10832316428422928,0.23021960258483887,0.029878824949264526,-0.1137986108660698,0.018899966031312943,0.8436476588249207,0.16369901597499847,-0.12458934634923935,-0.22775299847126007,0.3585914075374603,0.42246270179748535,0.360280305147171,0.5474344491958618,0.7007673382759094,0.8015673756599426,-0.2431267350912094,0.9919767379760742,-0.21303869783878326,0.8235654830932617,0.7447524070739746,0.801173210144043,-0.18394316732883453,0.4504365921020508,0.3530794382095337,-0.03666490688920021,0.19846022129058838,0.5040815472602844,0.39876243472099304,0.03723951801657677,0.8024744987487793,0.02845480479300022,0.5427515506744385,0.430115669965744,-0.1384768933057785,0.07328364253044128,0.1964067816734314,-0.17690670490264893,-0.01740865968167782,0.6225801110267639,0.0267899539321661,-0.16647030413150787,-0.08097051829099655,0.19860076904296875,-0.24464921653270721,-0.25845956802368164,-0.00511671369895339,0.16829921305179596,-0.006519595626741648,0.07116160541772842,-0.19698067009449005,0.030430102720856667,-0.24468761682510376,0.25822266936302185,0.15480779111385345,0.486041784286499,-0.2376365214586258,0.0813634917140007,-0.1884879618883133,-0.23542773723602295,0.19890505075454712,-0.2249208241701126,0.019140640273690224,0.1646895855665207,-0.006754651665687561,0.15638911724090576,0.5477651357650757,0.9775753021240234,0.5061109066009521,0.10321808606386185,0.1593274623155594,-0.19571135938167572,-0.12177228927612305,0.9063980579376221,-0.09641778469085693,0.3159136474132538,-0.04699910804629326,0.5684035420417786,-0.023420406505465508,0.6336782574653625,-0.0011782795190811157,0.06567889451980591,0.05561978742480278,-0.1647709310054779,0.39157089591026306,0.004706581588834524,0.28650686144828796,0.022762715816497803,0.49022817611694336,-0.0245372224599123,-0.19942350685596466
78,322,628,349,651,1.0803966522216797,-0.2494528889656067,-0.09514442831277847,1.0284996032714844,-0.17577315866947174,1.1226664781570435,0.676903486251831,-0.2760845720767975,0.10725261270999908,-0.06854928284883499,-0.18413029611110687,1.6224037408828735,-0.12966139614582062,-0.10445810854434967,1.3274141550064087,-0.17927606403827667,-0.2197849452495575,2.9962806701660156,0.743573784828186,-0.23821964859962463,-0.26462945342063904,0.37073567509651184,0.40605419874191284,1.3573381900787354,-0.26197245717048645,2.0290567874908447,-0.18926681578159332,-0.26438355445861816,0.03262623772025108,0.90849769115448,-0.23663200438022614,-0.27658119797706604,-0.10041845589876175,0.24123907089233398,-0.2637236714363098,-0.26619842648506165,-0.1468835175037384,0.39057838916778564,-0.012980866245925426,-0.14297173917293549,1.6488292217254639,-0.03799253702163696,-0.1997727006673813,-0.25331300497055054,-0.26907721161842346,1.5120341777801514,-0.2578342854976654,1.6761765480041504,0.8345348834991455,0.3270914852619171,0.14372573792934418,1.8457037210464478,0.09202893078327179,-0.20561005175113678,0.2111058384180069,0.3312978148460388,2.5845654010772705,-0.014746489934623241,-0.008824481628835201,-0.27808094024658203,1.5161430835723877,-0.2771504521369934,-0.22944892942905426,-0.2544707655906677,-0.18292462825775146,-0.21748363971710205,0.19130505621433258,-0.2747940123081207,1.3855129480361938,-0.26899367570877075,0.30182507634162903,0.2367630898952484,-0.06553634256124496,-0.26615622639656067,-0.2784572243690491,-0.19565685093402863,2.2081499099731445,-0.2762943208217621,-0.257467657327652,-0.1293264925479889,1.3109910488128662,-0.2459391951560974,-0.23889146745204926,0.5358781218528748,3.62575101852417,-0.16790984570980072,-0.16345547139644623,-0.02537737786769867,-0.012545419856905937,-0.09797941148281097,-0.27754566073417664,-0.0505414642393589,0.7074276208877563,-0.22985447943210602,0.3799384534358978,-0.24769450724124908,-0.2764727771282196,-0.18870139122009277,-0.2762822210788727,-0.06772667914628983,0.2931468188762665,-0.2719757556915283,-0.22746698558330536,0.40328651666641235,2.218534469604492,1.372534155845642,-0.24436280131340027,3.344787836074829,-0.20789392292499542,-0.27578991651535034,3.7298436164855957,-0.03326508402824402,1.2060630321502686,3.6667518615722656,-0.010769939981400967,0.3900824189186096,0.39573246240615845,0.5851317644119263,0.6559929251670837,0.8140644431114197,0.02491633966565132,0.4483891427516937,0.2681170701980591,2.3625102043151855,-0.21136295795440674,1.1116915941238403,0.15819934010505676,-0.11127513647079468
79,324,633,352,662,0.8179779648780823,-0.2538711130619049,1.4115732908248901,1.1587039232254028,-0.18955931067466736,0.4346673786640167,0.660935640335083,-0.24858444929122925,-0.15061494708061218,-0.21015122532844543,-0.08066576719284058,1.473850131034851,-0.22758720815181732,1.5061719417572021,0.6346503496170044,-0.23504631221294403,-0.22945070266723633,2.4037771224975586,0.939742922782898,0.03672080487012863,-0.25669994950294495,0.07381625473499298,0.5351740121841431,0.3395938277244568,0.33376118540763855,1.7756441831588745,-0.19819104671478271,-0.22999516129493713,0.9065268635749817,1.4791007041931152,-0.021336160600185394,-0.26289474964141846,-0.03610004112124443,0.2491360306739807,-0.26812851428985596,-0.17934280633926392,-0.03079533949494362,1.2723143100738525,-0.05532097816467285,-0.1257018893957138,0.6056087017059326,0.03823953866958618,0.19284817576408386,1.6432338953018188,-0.15932224690914154,0.916537880897522,-0.17717894911766052,2.0778648853302,0.6537542343139648,0.48675405979156494,0.12601757049560547,1.1144146919250488,0.8589730858802795,-0.21569448709487915,0.21685126423835754,-0.027557380497455597,1.898073434829712,0.1874111294746399,1.0529712438583374,-0.26646488904953003,0.9861983060836792,-0.14741511642932892,-0.04186544194817543,1.383023738861084,1.022752285003662,0.22727251052856445,-0.00041807442903518677,0.20708641409873962,0.25686120986938477,-0.142428457736969,0.5958349704742432,0.24678166210651398,-0.10137685388326645,-0.1278873234987259,-0.23710307478904724,0.15542826056480408,0.6883254051208496,0.0898367241024971,-0.05599137395620346,-0.1349448263645172,0.6723851561546326,-0.23163649439811707,-0.2598743438720703,0.04994314908981323,0.7219967842102051,-0.09879782795906067,-0.14358997344970703,-0.11319366097450256,0.4579845666885376,-0.15839599072933197,0.00021416321396827698,0.00020008161664009094,0.03969228267669678,-0.009069867432117462,0.1984938681125641,-0.18214331567287445,-0.23578287661075592,-0.16623684763908386,-0.17270317673683167,-0.12174242734909058,0.18699713051319122,0.3507559299468994,0.5315572619438171,0.4816285967826843,2.8627166748046875,0.7152543067932129,-0.10936494171619415,1.106586217880249,-0.0593269057571888,-0.2403239607810974,1.0636346340179443,0.12076227366924286,1.2656878232955933,1.9164378643035889,-0.001468420960009098,0.30652669072151184,0.4571934938430786,0.9262723922729492,0.4724748134613037,0.21581602096557617,-0.11671022325754166,0.38360798358917236,-0.055034518241882324,1.3671035766601562,-0.006930148229002953,0.14352402091026306,-0.034464031457901,-0.11240395158529282
